[2025-06-25T17:57:36.078-0400] {processor.py:161} INFO - Started process (PID=34281) to work on /opt/anaconda3/envs/airflow_env/lib/python3.10/site-packages/airflow/example_dags/example_branch_operator.py
[2025-06-25T17:57:36.079-0400] {processor.py:830} INFO - Processing file /opt/anaconda3/envs/airflow_env/lib/python3.10/site-packages/airflow/example_dags/example_branch_operator.py for tasks to queue
[2025-06-25T17:57:36.079-0400] {logging_mixin.py:188} INFO - [2025-06-25T17:57:36.079-0400] {dagbag.py:545} INFO - Filling up the DagBag from /opt/anaconda3/envs/airflow_env/lib/python3.10/site-packages/airflow/example_dags/example_branch_operator.py
[2025-06-25T17:57:36.092-0400] {processor.py:840} INFO - DAG(s) 'example_branch_operator' retrieved from /opt/anaconda3/envs/airflow_env/lib/python3.10/site-packages/airflow/example_dags/example_branch_operator.py
[2025-06-25T17:57:36.176-0400] {logging_mixin.py:188} INFO - [2025-06-25T17:57:36.176-0400] {override.py:1829} INFO - Created Permission View: can read on DAG:example_branch_operator
[2025-06-25T17:57:36.179-0400] {logging_mixin.py:188} INFO - [2025-06-25T17:57:36.179-0400] {override.py:1829} INFO - Created Permission View: can edit on DAG:example_branch_operator
[2025-06-25T17:57:36.181-0400] {logging_mixin.py:188} INFO - [2025-06-25T17:57:36.181-0400] {override.py:1829} INFO - Created Permission View: can delete on DAG:example_branch_operator
[2025-06-25T17:57:36.181-0400] {logging_mixin.py:188} INFO - [2025-06-25T17:57:36.181-0400] {dag.py:3096} INFO - Sync 1 DAGs
[2025-06-25T17:57:36.184-0400] {logging_mixin.py:188} INFO - [2025-06-25T17:57:36.184-0400] {dag.py:3118} INFO - Creating ORM DAG for example_branch_operator
[2025-06-25T17:57:36.187-0400] {logging_mixin.py:188} INFO - [2025-06-25T17:57:36.187-0400] {dag.py:3954} INFO - Setting next_dagrun for example_branch_operator to 2025-06-24 00:00:00+00:00, run_after=2025-06-25 00:00:00+00:00
[2025-06-25T17:57:36.193-0400] {processor.py:183} INFO - Processing /opt/anaconda3/envs/airflow_env/lib/python3.10/site-packages/airflow/example_dags/example_branch_operator.py took 0.117 seconds
[2025-06-25T17:59:17.469-0400] {processor.py:161} INFO - Started process (PID=35378) to work on /opt/anaconda3/envs/airflow_env/lib/python3.10/site-packages/airflow/example_dags/example_branch_operator.py
[2025-06-25T17:59:17.470-0400] {processor.py:830} INFO - Processing file /opt/anaconda3/envs/airflow_env/lib/python3.10/site-packages/airflow/example_dags/example_branch_operator.py for tasks to queue
[2025-06-25T17:59:17.470-0400] {logging_mixin.py:188} INFO - [2025-06-25T17:59:17.470-0400] {dagbag.py:545} INFO - Filling up the DagBag from /opt/anaconda3/envs/airflow_env/lib/python3.10/site-packages/airflow/example_dags/example_branch_operator.py
[2025-06-25T17:59:17.483-0400] {processor.py:840} INFO - DAG(s) 'example_branch_operator' retrieved from /opt/anaconda3/envs/airflow_env/lib/python3.10/site-packages/airflow/example_dags/example_branch_operator.py
[2025-06-25T17:59:17.565-0400] {logging_mixin.py:188} INFO - [2025-06-25T17:59:17.565-0400] {dag.py:3096} INFO - Sync 1 DAGs
[2025-06-25T17:59:17.570-0400] {logging_mixin.py:188} INFO - [2025-06-25T17:59:17.570-0400] {dag.py:3954} INFO - Setting next_dagrun for example_branch_operator to 2025-06-24 00:00:00+00:00, run_after=2025-06-25 00:00:00+00:00
[2025-06-25T17:59:17.577-0400] {processor.py:183} INFO - Processing /opt/anaconda3/envs/airflow_env/lib/python3.10/site-packages/airflow/example_dags/example_branch_operator.py took 0.110 seconds
[2025-06-25T18:02:20.527-0400] {processor.py:161} INFO - Started process (PID=37029) to work on /opt/anaconda3/envs/airflow_env/lib/python3.10/site-packages/airflow/example_dags/example_branch_operator.py
[2025-06-25T18:02:20.527-0400] {processor.py:830} INFO - Processing file /opt/anaconda3/envs/airflow_env/lib/python3.10/site-packages/airflow/example_dags/example_branch_operator.py for tasks to queue
[2025-06-25T18:02:20.527-0400] {logging_mixin.py:188} INFO - [2025-06-25T18:02:20.527-0400] {dagbag.py:545} INFO - Filling up the DagBag from /opt/anaconda3/envs/airflow_env/lib/python3.10/site-packages/airflow/example_dags/example_branch_operator.py
[2025-06-25T18:02:20.540-0400] {processor.py:840} INFO - DAG(s) 'example_branch_operator' retrieved from /opt/anaconda3/envs/airflow_env/lib/python3.10/site-packages/airflow/example_dags/example_branch_operator.py
[2025-06-25T18:02:20.620-0400] {logging_mixin.py:188} INFO - [2025-06-25T18:02:20.620-0400] {dag.py:3096} INFO - Sync 1 DAGs
[2025-06-25T18:02:20.626-0400] {logging_mixin.py:188} INFO - [2025-06-25T18:02:20.625-0400] {dag.py:3954} INFO - Setting next_dagrun for example_branch_operator to 2025-06-24 00:00:00+00:00, run_after=2025-06-25 00:00:00+00:00
[2025-06-25T18:02:20.633-0400] {processor.py:183} INFO - Processing /opt/anaconda3/envs/airflow_env/lib/python3.10/site-packages/airflow/example_dags/example_branch_operator.py took 0.107 seconds
[2025-06-25T18:04:00.521-0400] {processor.py:161} INFO - Started process (PID=37301) to work on /opt/anaconda3/envs/airflow_env/lib/python3.10/site-packages/airflow/example_dags/example_branch_operator.py
[2025-06-25T18:04:00.523-0400] {processor.py:830} INFO - Processing file /opt/anaconda3/envs/airflow_env/lib/python3.10/site-packages/airflow/example_dags/example_branch_operator.py for tasks to queue
[2025-06-25T18:04:00.523-0400] {logging_mixin.py:188} INFO - [2025-06-25T18:04:00.523-0400] {dagbag.py:545} INFO - Filling up the DagBag from /opt/anaconda3/envs/airflow_env/lib/python3.10/site-packages/airflow/example_dags/example_branch_operator.py
[2025-06-25T18:04:00.535-0400] {processor.py:840} INFO - DAG(s) 'example_branch_operator' retrieved from /opt/anaconda3/envs/airflow_env/lib/python3.10/site-packages/airflow/example_dags/example_branch_operator.py
[2025-06-25T18:04:00.615-0400] {logging_mixin.py:188} INFO - [2025-06-25T18:04:00.615-0400] {dag.py:3096} INFO - Sync 1 DAGs
[2025-06-25T18:04:00.620-0400] {logging_mixin.py:188} INFO - [2025-06-25T18:04:00.620-0400] {dag.py:3954} INFO - Setting next_dagrun for example_branch_operator to 2025-06-24 00:00:00+00:00, run_after=2025-06-25 00:00:00+00:00
[2025-06-25T18:04:00.628-0400] {processor.py:183} INFO - Processing /opt/anaconda3/envs/airflow_env/lib/python3.10/site-packages/airflow/example_dags/example_branch_operator.py took 0.108 seconds
[2025-06-25T18:05:30.213-0400] {processor.py:161} INFO - Started process (PID=38004) to work on /opt/anaconda3/envs/airflow_env/lib/python3.10/site-packages/airflow/example_dags/example_branch_operator.py
[2025-06-25T18:05:30.214-0400] {processor.py:830} INFO - Processing file /opt/anaconda3/envs/airflow_env/lib/python3.10/site-packages/airflow/example_dags/example_branch_operator.py for tasks to queue
[2025-06-25T18:05:30.214-0400] {logging_mixin.py:188} INFO - [2025-06-25T18:05:30.214-0400] {dagbag.py:545} INFO - Filling up the DagBag from /opt/anaconda3/envs/airflow_env/lib/python3.10/site-packages/airflow/example_dags/example_branch_operator.py
[2025-06-25T18:05:30.228-0400] {processor.py:840} INFO - DAG(s) 'example_branch_operator' retrieved from /opt/anaconda3/envs/airflow_env/lib/python3.10/site-packages/airflow/example_dags/example_branch_operator.py
[2025-06-25T18:05:30.315-0400] {logging_mixin.py:188} INFO - [2025-06-25T18:05:30.315-0400] {dag.py:3096} INFO - Sync 1 DAGs
[2025-06-25T18:05:30.321-0400] {logging_mixin.py:188} INFO - [2025-06-25T18:05:30.320-0400] {dag.py:3954} INFO - Setting next_dagrun for example_branch_operator to 2025-06-24 00:00:00+00:00, run_after=2025-06-25 00:00:00+00:00
[2025-06-25T18:05:30.328-0400] {processor.py:183} INFO - Processing /opt/anaconda3/envs/airflow_env/lib/python3.10/site-packages/airflow/example_dags/example_branch_operator.py took 0.117 seconds
[2025-06-25T18:14:09.261-0400] {processor.py:161} INFO - Started process (PID=38129) to work on /opt/anaconda3/envs/airflow_env/lib/python3.10/site-packages/airflow/example_dags/example_branch_operator.py
[2025-06-25T18:14:09.262-0400] {processor.py:830} INFO - Processing file /opt/anaconda3/envs/airflow_env/lib/python3.10/site-packages/airflow/example_dags/example_branch_operator.py for tasks to queue
[2025-06-25T18:14:09.262-0400] {logging_mixin.py:188} INFO - [2025-06-25T18:14:09.262-0400] {dagbag.py:545} INFO - Filling up the DagBag from /opt/anaconda3/envs/airflow_env/lib/python3.10/site-packages/airflow/example_dags/example_branch_operator.py
[2025-06-25T18:14:09.275-0400] {processor.py:840} INFO - DAG(s) 'example_branch_operator' retrieved from /opt/anaconda3/envs/airflow_env/lib/python3.10/site-packages/airflow/example_dags/example_branch_operator.py
[2025-06-25T18:14:09.359-0400] {logging_mixin.py:188} INFO - [2025-06-25T18:14:09.358-0400] {dag.py:3096} INFO - Sync 1 DAGs
[2025-06-25T18:14:09.364-0400] {logging_mixin.py:188} INFO - [2025-06-25T18:14:09.364-0400] {dag.py:3954} INFO - Setting next_dagrun for example_branch_operator to 2025-06-24 00:00:00+00:00, run_after=2025-06-25 00:00:00+00:00
[2025-06-25T18:14:09.371-0400] {processor.py:183} INFO - Processing /opt/anaconda3/envs/airflow_env/lib/python3.10/site-packages/airflow/example_dags/example_branch_operator.py took 0.112 seconds
[2025-06-25T18:15:46.176-0400] {processor.py:161} INFO - Started process (PID=38338) to work on /opt/anaconda3/envs/airflow_env/lib/python3.10/site-packages/airflow/example_dags/example_branch_operator.py
[2025-06-25T18:15:46.176-0400] {processor.py:830} INFO - Processing file /opt/anaconda3/envs/airflow_env/lib/python3.10/site-packages/airflow/example_dags/example_branch_operator.py for tasks to queue
[2025-06-25T18:15:46.177-0400] {logging_mixin.py:188} INFO - [2025-06-25T18:15:46.177-0400] {dagbag.py:545} INFO - Filling up the DagBag from /opt/anaconda3/envs/airflow_env/lib/python3.10/site-packages/airflow/example_dags/example_branch_operator.py
[2025-06-25T18:15:46.189-0400] {processor.py:840} INFO - DAG(s) 'example_branch_operator' retrieved from /opt/anaconda3/envs/airflow_env/lib/python3.10/site-packages/airflow/example_dags/example_branch_operator.py
[2025-06-25T18:15:46.269-0400] {logging_mixin.py:188} INFO - [2025-06-25T18:15:46.269-0400] {dag.py:3096} INFO - Sync 1 DAGs
[2025-06-25T18:15:46.274-0400] {logging_mixin.py:188} INFO - [2025-06-25T18:15:46.274-0400] {dag.py:3954} INFO - Setting next_dagrun for example_branch_operator to 2025-06-24 00:00:00+00:00, run_after=2025-06-25 00:00:00+00:00
[2025-06-25T18:15:46.281-0400] {processor.py:183} INFO - Processing /opt/anaconda3/envs/airflow_env/lib/python3.10/site-packages/airflow/example_dags/example_branch_operator.py took 0.107 seconds
[2025-06-25T18:15:48.656-0400] {processor.py:161} INFO - Started process (PID=38341) to work on /opt/anaconda3/envs/airflow_env/lib/python3.10/site-packages/airflow/example_dags/example_branch_operator.py
[2025-06-25T18:15:48.656-0400] {processor.py:830} INFO - Processing file /opt/anaconda3/envs/airflow_env/lib/python3.10/site-packages/airflow/example_dags/example_branch_operator.py for tasks to queue
[2025-06-25T18:15:48.657-0400] {logging_mixin.py:188} INFO - [2025-06-25T18:15:48.657-0400] {dagbag.py:545} INFO - Filling up the DagBag from /opt/anaconda3/envs/airflow_env/lib/python3.10/site-packages/airflow/example_dags/example_branch_operator.py
[2025-06-25T18:15:48.670-0400] {processor.py:840} INFO - DAG(s) 'example_branch_operator' retrieved from /opt/anaconda3/envs/airflow_env/lib/python3.10/site-packages/airflow/example_dags/example_branch_operator.py
[2025-06-25T18:15:48.676-0400] {logging_mixin.py:188} INFO - [2025-06-25T18:15:48.675-0400] {dag.py:3096} INFO - Sync 1 DAGs
[2025-06-25T18:15:48.706-0400] {logging_mixin.py:188} INFO - [2025-06-25T18:15:48.705-0400] {dag.py:3954} INFO - Setting next_dagrun for example_branch_operator to 2025-06-24 00:00:00+00:00, run_after=2025-06-25 00:00:00+00:00
[2025-06-25T18:15:48.732-0400] {processor.py:183} INFO - Processing /opt/anaconda3/envs/airflow_env/lib/python3.10/site-packages/airflow/example_dags/example_branch_operator.py took 0.078 seconds
[2025-06-25T18:17:29.115-0400] {processor.py:161} INFO - Started process (PID=38503) to work on /opt/anaconda3/envs/airflow_env/lib/python3.10/site-packages/airflow/example_dags/example_branch_operator.py
[2025-06-25T18:17:29.116-0400] {processor.py:830} INFO - Processing file /opt/anaconda3/envs/airflow_env/lib/python3.10/site-packages/airflow/example_dags/example_branch_operator.py for tasks to queue
[2025-06-25T18:17:29.116-0400] {logging_mixin.py:188} INFO - [2025-06-25T18:17:29.116-0400] {dagbag.py:545} INFO - Filling up the DagBag from /opt/anaconda3/envs/airflow_env/lib/python3.10/site-packages/airflow/example_dags/example_branch_operator.py
[2025-06-25T18:17:29.129-0400] {processor.py:840} INFO - DAG(s) 'example_branch_operator' retrieved from /opt/anaconda3/envs/airflow_env/lib/python3.10/site-packages/airflow/example_dags/example_branch_operator.py
[2025-06-25T18:17:29.216-0400] {logging_mixin.py:188} INFO - [2025-06-25T18:17:29.215-0400] {dag.py:3096} INFO - Sync 1 DAGs
[2025-06-25T18:17:29.221-0400] {logging_mixin.py:188} INFO - [2025-06-25T18:17:29.221-0400] {dag.py:3954} INFO - Setting next_dagrun for example_branch_operator to 2025-06-24 00:00:00+00:00, run_after=2025-06-25 00:00:00+00:00
[2025-06-25T18:17:29.229-0400] {processor.py:183} INFO - Processing /opt/anaconda3/envs/airflow_env/lib/python3.10/site-packages/airflow/example_dags/example_branch_operator.py took 0.115 seconds
[2025-06-25T18:17:30.963-0400] {processor.py:161} INFO - Started process (PID=38506) to work on /opt/anaconda3/envs/airflow_env/lib/python3.10/site-packages/airflow/example_dags/example_branch_operator.py
[2025-06-25T18:17:30.963-0400] {processor.py:830} INFO - Processing file /opt/anaconda3/envs/airflow_env/lib/python3.10/site-packages/airflow/example_dags/example_branch_operator.py for tasks to queue
[2025-06-25T18:17:30.963-0400] {logging_mixin.py:188} INFO - [2025-06-25T18:17:30.963-0400] {dagbag.py:545} INFO - Filling up the DagBag from /opt/anaconda3/envs/airflow_env/lib/python3.10/site-packages/airflow/example_dags/example_branch_operator.py
[2025-06-25T18:17:30.978-0400] {processor.py:840} INFO - DAG(s) 'example_branch_operator' retrieved from /opt/anaconda3/envs/airflow_env/lib/python3.10/site-packages/airflow/example_dags/example_branch_operator.py
[2025-06-25T18:17:30.982-0400] {logging_mixin.py:188} INFO - [2025-06-25T18:17:30.982-0400] {dag.py:3096} INFO - Sync 1 DAGs
[2025-06-25T18:17:31.016-0400] {logging_mixin.py:188} INFO - [2025-06-25T18:17:31.016-0400] {dag.py:3954} INFO - Setting next_dagrun for example_branch_operator to 2025-06-24 00:00:00+00:00, run_after=2025-06-25 00:00:00+00:00
[2025-06-25T18:17:31.042-0400] {processor.py:183} INFO - Processing /opt/anaconda3/envs/airflow_env/lib/python3.10/site-packages/airflow/example_dags/example_branch_operator.py took 0.081 seconds
[2025-06-25T18:19:07.824-0400] {processor.py:161} INFO - Started process (PID=38844) to work on /opt/anaconda3/envs/airflow_env/lib/python3.10/site-packages/airflow/example_dags/example_branch_operator.py
[2025-06-25T18:19:07.825-0400] {processor.py:830} INFO - Processing file /opt/anaconda3/envs/airflow_env/lib/python3.10/site-packages/airflow/example_dags/example_branch_operator.py for tasks to queue
[2025-06-25T18:19:07.825-0400] {logging_mixin.py:188} INFO - [2025-06-25T18:19:07.825-0400] {dagbag.py:545} INFO - Filling up the DagBag from /opt/anaconda3/envs/airflow_env/lib/python3.10/site-packages/airflow/example_dags/example_branch_operator.py
[2025-06-25T18:19:07.838-0400] {processor.py:840} INFO - DAG(s) 'example_branch_operator' retrieved from /opt/anaconda3/envs/airflow_env/lib/python3.10/site-packages/airflow/example_dags/example_branch_operator.py
[2025-06-25T18:19:07.923-0400] {logging_mixin.py:188} INFO - [2025-06-25T18:19:07.923-0400] {dag.py:3096} INFO - Sync 1 DAGs
[2025-06-25T18:19:07.929-0400] {logging_mixin.py:188} INFO - [2025-06-25T18:19:07.929-0400] {dag.py:3954} INFO - Setting next_dagrun for example_branch_operator to 2025-06-24 00:00:00+00:00, run_after=2025-06-25 00:00:00+00:00
[2025-06-25T18:19:07.936-0400] {processor.py:183} INFO - Processing /opt/anaconda3/envs/airflow_env/lib/python3.10/site-packages/airflow/example_dags/example_branch_operator.py took 0.114 seconds
[2025-06-25T18:19:08.068-0400] {processor.py:161} INFO - Started process (PID=38845) to work on /opt/anaconda3/envs/airflow_env/lib/python3.10/site-packages/airflow/example_dags/example_branch_operator.py
[2025-06-25T18:19:08.069-0400] {processor.py:830} INFO - Processing file /opt/anaconda3/envs/airflow_env/lib/python3.10/site-packages/airflow/example_dags/example_branch_operator.py for tasks to queue
[2025-06-25T18:19:08.069-0400] {logging_mixin.py:188} INFO - [2025-06-25T18:19:08.069-0400] {dagbag.py:545} INFO - Filling up the DagBag from /opt/anaconda3/envs/airflow_env/lib/python3.10/site-packages/airflow/example_dags/example_branch_operator.py
[2025-06-25T18:19:08.082-0400] {processor.py:840} INFO - DAG(s) 'example_branch_operator' retrieved from /opt/anaconda3/envs/airflow_env/lib/python3.10/site-packages/airflow/example_dags/example_branch_operator.py
[2025-06-25T18:19:08.086-0400] {logging_mixin.py:188} INFO - [2025-06-25T18:19:08.086-0400] {dag.py:3096} INFO - Sync 1 DAGs
[2025-06-25T18:19:08.115-0400] {logging_mixin.py:188} INFO - [2025-06-25T18:19:08.114-0400] {dag.py:3954} INFO - Setting next_dagrun for example_branch_operator to 2025-06-24 00:00:00+00:00, run_after=2025-06-25 00:00:00+00:00
[2025-06-25T18:19:08.140-0400] {processor.py:183} INFO - Processing /opt/anaconda3/envs/airflow_env/lib/python3.10/site-packages/airflow/example_dags/example_branch_operator.py took 0.073 seconds
[2025-06-25T18:20:43.393-0400] {processor.py:161} INFO - Started process (PID=39028) to work on /opt/anaconda3/envs/airflow_env/lib/python3.10/site-packages/airflow/example_dags/example_branch_operator.py
[2025-06-25T18:20:43.393-0400] {processor.py:830} INFO - Processing file /opt/anaconda3/envs/airflow_env/lib/python3.10/site-packages/airflow/example_dags/example_branch_operator.py for tasks to queue
[2025-06-25T18:20:43.394-0400] {logging_mixin.py:188} INFO - [2025-06-25T18:20:43.394-0400] {dagbag.py:545} INFO - Filling up the DagBag from /opt/anaconda3/envs/airflow_env/lib/python3.10/site-packages/airflow/example_dags/example_branch_operator.py
[2025-06-25T18:20:43.407-0400] {processor.py:840} INFO - DAG(s) 'example_branch_operator' retrieved from /opt/anaconda3/envs/airflow_env/lib/python3.10/site-packages/airflow/example_dags/example_branch_operator.py
[2025-06-25T18:20:43.493-0400] {logging_mixin.py:188} INFO - [2025-06-25T18:20:43.493-0400] {dag.py:3096} INFO - Sync 1 DAGs
[2025-06-25T18:20:43.498-0400] {logging_mixin.py:188} INFO - [2025-06-25T18:20:43.498-0400] {dag.py:3954} INFO - Setting next_dagrun for example_branch_operator to 2025-06-24 00:00:00+00:00, run_after=2025-06-25 00:00:00+00:00
[2025-06-25T18:20:43.506-0400] {processor.py:183} INFO - Processing /opt/anaconda3/envs/airflow_env/lib/python3.10/site-packages/airflow/example_dags/example_branch_operator.py took 0.114 seconds
[2025-06-25T18:20:43.834-0400] {processor.py:161} INFO - Started process (PID=39029) to work on /opt/anaconda3/envs/airflow_env/lib/python3.10/site-packages/airflow/example_dags/example_branch_operator.py
[2025-06-25T18:20:43.834-0400] {processor.py:830} INFO - Processing file /opt/anaconda3/envs/airflow_env/lib/python3.10/site-packages/airflow/example_dags/example_branch_operator.py for tasks to queue
[2025-06-25T18:20:43.835-0400] {logging_mixin.py:188} INFO - [2025-06-25T18:20:43.835-0400] {dagbag.py:545} INFO - Filling up the DagBag from /opt/anaconda3/envs/airflow_env/lib/python3.10/site-packages/airflow/example_dags/example_branch_operator.py
[2025-06-25T18:20:43.847-0400] {processor.py:840} INFO - DAG(s) 'example_branch_operator' retrieved from /opt/anaconda3/envs/airflow_env/lib/python3.10/site-packages/airflow/example_dags/example_branch_operator.py
[2025-06-25T18:20:43.851-0400] {logging_mixin.py:188} INFO - [2025-06-25T18:20:43.851-0400] {dag.py:3096} INFO - Sync 1 DAGs
[2025-06-25T18:20:43.882-0400] {logging_mixin.py:188} INFO - [2025-06-25T18:20:43.882-0400] {dag.py:3954} INFO - Setting next_dagrun for example_branch_operator to 2025-06-24 00:00:00+00:00, run_after=2025-06-25 00:00:00+00:00
[2025-06-25T18:20:43.908-0400] {processor.py:183} INFO - Processing /opt/anaconda3/envs/airflow_env/lib/python3.10/site-packages/airflow/example_dags/example_branch_operator.py took 0.076 seconds
[2025-06-25T18:22:20.135-0400] {processor.py:161} INFO - Started process (PID=39177) to work on /opt/anaconda3/envs/airflow_env/lib/python3.10/site-packages/airflow/example_dags/example_branch_operator.py
[2025-06-25T18:22:20.136-0400] {processor.py:830} INFO - Processing file /opt/anaconda3/envs/airflow_env/lib/python3.10/site-packages/airflow/example_dags/example_branch_operator.py for tasks to queue
[2025-06-25T18:22:20.136-0400] {logging_mixin.py:188} INFO - [2025-06-25T18:22:20.136-0400] {dagbag.py:545} INFO - Filling up the DagBag from /opt/anaconda3/envs/airflow_env/lib/python3.10/site-packages/airflow/example_dags/example_branch_operator.py
[2025-06-25T18:22:20.149-0400] {processor.py:840} INFO - DAG(s) 'example_branch_operator' retrieved from /opt/anaconda3/envs/airflow_env/lib/python3.10/site-packages/airflow/example_dags/example_branch_operator.py
[2025-06-25T18:22:20.233-0400] {logging_mixin.py:188} INFO - [2025-06-25T18:22:20.233-0400] {dag.py:3096} INFO - Sync 1 DAGs
[2025-06-25T18:22:20.239-0400] {logging_mixin.py:188} INFO - [2025-06-25T18:22:20.239-0400] {dag.py:3954} INFO - Setting next_dagrun for example_branch_operator to 2025-06-24 00:00:00+00:00, run_after=2025-06-25 00:00:00+00:00
[2025-06-25T18:22:20.247-0400] {processor.py:183} INFO - Processing /opt/anaconda3/envs/airflow_env/lib/python3.10/site-packages/airflow/example_dags/example_branch_operator.py took 0.113 seconds
[2025-06-25T18:22:22.040-0400] {processor.py:161} INFO - Started process (PID=39180) to work on /opt/anaconda3/envs/airflow_env/lib/python3.10/site-packages/airflow/example_dags/example_branch_operator.py
[2025-06-25T18:22:22.040-0400] {processor.py:830} INFO - Processing file /opt/anaconda3/envs/airflow_env/lib/python3.10/site-packages/airflow/example_dags/example_branch_operator.py for tasks to queue
[2025-06-25T18:22:22.040-0400] {logging_mixin.py:188} INFO - [2025-06-25T18:22:22.040-0400] {dagbag.py:545} INFO - Filling up the DagBag from /opt/anaconda3/envs/airflow_env/lib/python3.10/site-packages/airflow/example_dags/example_branch_operator.py
[2025-06-25T18:22:22.053-0400] {processor.py:840} INFO - DAG(s) 'example_branch_operator' retrieved from /opt/anaconda3/envs/airflow_env/lib/python3.10/site-packages/airflow/example_dags/example_branch_operator.py
[2025-06-25T18:22:22.057-0400] {logging_mixin.py:188} INFO - [2025-06-25T18:22:22.057-0400] {dag.py:3096} INFO - Sync 1 DAGs
[2025-06-25T18:22:22.087-0400] {logging_mixin.py:188} INFO - [2025-06-25T18:22:22.087-0400] {dag.py:3954} INFO - Setting next_dagrun for example_branch_operator to 2025-06-24 00:00:00+00:00, run_after=2025-06-25 00:00:00+00:00
[2025-06-25T18:22:22.115-0400] {processor.py:183} INFO - Processing /opt/anaconda3/envs/airflow_env/lib/python3.10/site-packages/airflow/example_dags/example_branch_operator.py took 0.077 seconds
[2025-06-25T18:23:51.659-0400] {processor.py:161} INFO - Started process (PID=39504) to work on /opt/anaconda3/envs/airflow_env/lib/python3.10/site-packages/airflow/example_dags/example_branch_operator.py
[2025-06-25T18:23:51.659-0400] {processor.py:830} INFO - Processing file /opt/anaconda3/envs/airflow_env/lib/python3.10/site-packages/airflow/example_dags/example_branch_operator.py for tasks to queue
[2025-06-25T18:23:51.659-0400] {logging_mixin.py:188} INFO - [2025-06-25T18:23:51.659-0400] {dagbag.py:545} INFO - Filling up the DagBag from /opt/anaconda3/envs/airflow_env/lib/python3.10/site-packages/airflow/example_dags/example_branch_operator.py
[2025-06-25T18:23:51.673-0400] {processor.py:840} INFO - DAG(s) 'example_branch_operator' retrieved from /opt/anaconda3/envs/airflow_env/lib/python3.10/site-packages/airflow/example_dags/example_branch_operator.py
[2025-06-25T18:23:51.768-0400] {logging_mixin.py:188} INFO - [2025-06-25T18:23:51.768-0400] {dag.py:3096} INFO - Sync 1 DAGs
[2025-06-25T18:23:51.774-0400] {logging_mixin.py:188} INFO - [2025-06-25T18:23:51.774-0400] {dag.py:3954} INFO - Setting next_dagrun for example_branch_operator to 2025-06-24 00:00:00+00:00, run_after=2025-06-25 00:00:00+00:00
[2025-06-25T18:23:51.782-0400] {processor.py:183} INFO - Processing /opt/anaconda3/envs/airflow_env/lib/python3.10/site-packages/airflow/example_dags/example_branch_operator.py took 0.125 seconds
[2025-06-25T18:23:55.010-0400] {processor.py:161} INFO - Started process (PID=39580) to work on /opt/anaconda3/envs/airflow_env/lib/python3.10/site-packages/airflow/example_dags/example_branch_operator.py
[2025-06-25T18:23:55.011-0400] {processor.py:830} INFO - Processing file /opt/anaconda3/envs/airflow_env/lib/python3.10/site-packages/airflow/example_dags/example_branch_operator.py for tasks to queue
[2025-06-25T18:23:55.011-0400] {logging_mixin.py:188} INFO - [2025-06-25T18:23:55.011-0400] {dagbag.py:545} INFO - Filling up the DagBag from /opt/anaconda3/envs/airflow_env/lib/python3.10/site-packages/airflow/example_dags/example_branch_operator.py
[2025-06-25T18:23:55.025-0400] {processor.py:840} INFO - DAG(s) 'example_branch_operator' retrieved from /opt/anaconda3/envs/airflow_env/lib/python3.10/site-packages/airflow/example_dags/example_branch_operator.py
[2025-06-25T18:23:55.030-0400] {logging_mixin.py:188} INFO - [2025-06-25T18:23:55.030-0400] {dag.py:3096} INFO - Sync 1 DAGs
[2025-06-25T18:23:55.065-0400] {logging_mixin.py:188} INFO - [2025-06-25T18:23:55.065-0400] {dag.py:3954} INFO - Setting next_dagrun for example_branch_operator to 2025-06-24 00:00:00+00:00, run_after=2025-06-25 00:00:00+00:00
[2025-06-25T18:23:55.107-0400] {processor.py:183} INFO - Processing /opt/anaconda3/envs/airflow_env/lib/python3.10/site-packages/airflow/example_dags/example_branch_operator.py took 0.099 seconds
[2025-06-25T18:25:40.230-0400] {processor.py:161} INFO - Started process (PID=40615) to work on /opt/anaconda3/envs/airflow_env/lib/python3.10/site-packages/airflow/example_dags/example_branch_operator.py
[2025-06-25T18:25:40.232-0400] {processor.py:830} INFO - Processing file /opt/anaconda3/envs/airflow_env/lib/python3.10/site-packages/airflow/example_dags/example_branch_operator.py for tasks to queue
[2025-06-25T18:25:40.232-0400] {logging_mixin.py:188} INFO - [2025-06-25T18:25:40.232-0400] {dagbag.py:545} INFO - Filling up the DagBag from /opt/anaconda3/envs/airflow_env/lib/python3.10/site-packages/airflow/example_dags/example_branch_operator.py
[2025-06-25T18:25:40.245-0400] {processor.py:840} INFO - DAG(s) 'example_branch_operator' retrieved from /opt/anaconda3/envs/airflow_env/lib/python3.10/site-packages/airflow/example_dags/example_branch_operator.py
[2025-06-25T18:25:40.329-0400] {logging_mixin.py:188} INFO - [2025-06-25T18:25:40.329-0400] {dag.py:3096} INFO - Sync 1 DAGs
[2025-06-25T18:25:40.335-0400] {logging_mixin.py:188} INFO - [2025-06-25T18:25:40.335-0400] {dag.py:3954} INFO - Setting next_dagrun for example_branch_operator to 2025-06-24 00:00:00+00:00, run_after=2025-06-25 00:00:00+00:00
[2025-06-25T18:25:40.343-0400] {processor.py:183} INFO - Processing /opt/anaconda3/envs/airflow_env/lib/python3.10/site-packages/airflow/example_dags/example_branch_operator.py took 0.114 seconds
[2025-06-25T18:25:42.023-0400] {processor.py:161} INFO - Started process (PID=40622) to work on /opt/anaconda3/envs/airflow_env/lib/python3.10/site-packages/airflow/example_dags/example_branch_operator.py
[2025-06-25T18:25:42.023-0400] {processor.py:830} INFO - Processing file /opt/anaconda3/envs/airflow_env/lib/python3.10/site-packages/airflow/example_dags/example_branch_operator.py for tasks to queue
[2025-06-25T18:25:42.024-0400] {logging_mixin.py:188} INFO - [2025-06-25T18:25:42.023-0400] {dagbag.py:545} INFO - Filling up the DagBag from /opt/anaconda3/envs/airflow_env/lib/python3.10/site-packages/airflow/example_dags/example_branch_operator.py
[2025-06-25T18:25:42.037-0400] {processor.py:840} INFO - DAG(s) 'example_branch_operator' retrieved from /opt/anaconda3/envs/airflow_env/lib/python3.10/site-packages/airflow/example_dags/example_branch_operator.py
[2025-06-25T18:25:42.041-0400] {logging_mixin.py:188} INFO - [2025-06-25T18:25:42.041-0400] {dag.py:3096} INFO - Sync 1 DAGs
[2025-06-25T18:25:42.072-0400] {logging_mixin.py:188} INFO - [2025-06-25T18:25:42.072-0400] {dag.py:3954} INFO - Setting next_dagrun for example_branch_operator to 2025-06-24 00:00:00+00:00, run_after=2025-06-25 00:00:00+00:00
[2025-06-25T18:25:42.099-0400] {processor.py:183} INFO - Processing /opt/anaconda3/envs/airflow_env/lib/python3.10/site-packages/airflow/example_dags/example_branch_operator.py took 0.078 seconds
[2025-06-25T18:27:26.059-0400] {processor.py:161} INFO - Started process (PID=41002) to work on /opt/anaconda3/envs/airflow_env/lib/python3.10/site-packages/airflow/example_dags/example_branch_operator.py
[2025-06-25T18:27:26.060-0400] {processor.py:830} INFO - Processing file /opt/anaconda3/envs/airflow_env/lib/python3.10/site-packages/airflow/example_dags/example_branch_operator.py for tasks to queue
[2025-06-25T18:27:26.061-0400] {logging_mixin.py:188} INFO - [2025-06-25T18:27:26.061-0400] {dagbag.py:545} INFO - Filling up the DagBag from /opt/anaconda3/envs/airflow_env/lib/python3.10/site-packages/airflow/example_dags/example_branch_operator.py
[2025-06-25T18:27:26.073-0400] {processor.py:840} INFO - DAG(s) 'example_branch_operator' retrieved from /opt/anaconda3/envs/airflow_env/lib/python3.10/site-packages/airflow/example_dags/example_branch_operator.py
[2025-06-25T18:27:26.153-0400] {logging_mixin.py:188} INFO - [2025-06-25T18:27:26.153-0400] {dag.py:3096} INFO - Sync 1 DAGs
[2025-06-25T18:27:26.159-0400] {logging_mixin.py:188} INFO - [2025-06-25T18:27:26.159-0400] {dag.py:3954} INFO - Setting next_dagrun for example_branch_operator to 2025-06-24 00:00:00+00:00, run_after=2025-06-25 00:00:00+00:00
[2025-06-25T18:27:26.166-0400] {processor.py:183} INFO - Processing /opt/anaconda3/envs/airflow_env/lib/python3.10/site-packages/airflow/example_dags/example_branch_operator.py took 0.108 seconds
[2025-06-25T18:27:26.672-0400] {processor.py:161} INFO - Started process (PID=41003) to work on /opt/anaconda3/envs/airflow_env/lib/python3.10/site-packages/airflow/example_dags/example_branch_operator.py
[2025-06-25T18:27:26.673-0400] {processor.py:830} INFO - Processing file /opt/anaconda3/envs/airflow_env/lib/python3.10/site-packages/airflow/example_dags/example_branch_operator.py for tasks to queue
[2025-06-25T18:27:26.673-0400] {logging_mixin.py:188} INFO - [2025-06-25T18:27:26.673-0400] {dagbag.py:545} INFO - Filling up the DagBag from /opt/anaconda3/envs/airflow_env/lib/python3.10/site-packages/airflow/example_dags/example_branch_operator.py
[2025-06-25T18:27:26.686-0400] {processor.py:840} INFO - DAG(s) 'example_branch_operator' retrieved from /opt/anaconda3/envs/airflow_env/lib/python3.10/site-packages/airflow/example_dags/example_branch_operator.py
[2025-06-25T18:27:26.690-0400] {logging_mixin.py:188} INFO - [2025-06-25T18:27:26.690-0400] {dag.py:3096} INFO - Sync 1 DAGs
[2025-06-25T18:27:26.720-0400] {logging_mixin.py:188} INFO - [2025-06-25T18:27:26.720-0400] {dag.py:3954} INFO - Setting next_dagrun for example_branch_operator to 2025-06-24 00:00:00+00:00, run_after=2025-06-25 00:00:00+00:00
[2025-06-25T18:27:26.747-0400] {processor.py:183} INFO - Processing /opt/anaconda3/envs/airflow_env/lib/python3.10/site-packages/airflow/example_dags/example_branch_operator.py took 0.077 seconds
[2025-06-25T18:28:56.266-0400] {processor.py:161} INFO - Started process (PID=41179) to work on /opt/anaconda3/envs/airflow_env/lib/python3.10/site-packages/airflow/example_dags/example_branch_operator.py
[2025-06-25T18:28:56.267-0400] {processor.py:830} INFO - Processing file /opt/anaconda3/envs/airflow_env/lib/python3.10/site-packages/airflow/example_dags/example_branch_operator.py for tasks to queue
[2025-06-25T18:28:56.267-0400] {logging_mixin.py:188} INFO - [2025-06-25T18:28:56.267-0400] {dagbag.py:545} INFO - Filling up the DagBag from /opt/anaconda3/envs/airflow_env/lib/python3.10/site-packages/airflow/example_dags/example_branch_operator.py
[2025-06-25T18:28:56.280-0400] {processor.py:840} INFO - DAG(s) 'example_branch_operator' retrieved from /opt/anaconda3/envs/airflow_env/lib/python3.10/site-packages/airflow/example_dags/example_branch_operator.py
[2025-06-25T18:28:56.364-0400] {logging_mixin.py:188} INFO - [2025-06-25T18:28:56.363-0400] {dag.py:3096} INFO - Sync 1 DAGs
[2025-06-25T18:28:56.369-0400] {logging_mixin.py:188} INFO - [2025-06-25T18:28:56.369-0400] {dag.py:3954} INFO - Setting next_dagrun for example_branch_operator to 2025-06-24 00:00:00+00:00, run_after=2025-06-25 00:00:00+00:00
[2025-06-25T18:28:56.376-0400] {processor.py:183} INFO - Processing /opt/anaconda3/envs/airflow_env/lib/python3.10/site-packages/airflow/example_dags/example_branch_operator.py took 0.111 seconds
[2025-06-25T18:28:59.292-0400] {processor.py:161} INFO - Started process (PID=41183) to work on /opt/anaconda3/envs/airflow_env/lib/python3.10/site-packages/airflow/example_dags/example_branch_operator.py
[2025-06-25T18:28:59.293-0400] {processor.py:830} INFO - Processing file /opt/anaconda3/envs/airflow_env/lib/python3.10/site-packages/airflow/example_dags/example_branch_operator.py for tasks to queue
[2025-06-25T18:28:59.293-0400] {logging_mixin.py:188} INFO - [2025-06-25T18:28:59.293-0400] {dagbag.py:545} INFO - Filling up the DagBag from /opt/anaconda3/envs/airflow_env/lib/python3.10/site-packages/airflow/example_dags/example_branch_operator.py
[2025-06-25T18:28:59.310-0400] {processor.py:840} INFO - DAG(s) 'example_branch_operator' retrieved from /opt/anaconda3/envs/airflow_env/lib/python3.10/site-packages/airflow/example_dags/example_branch_operator.py
[2025-06-25T18:28:59.315-0400] {logging_mixin.py:188} INFO - [2025-06-25T18:28:59.315-0400] {dag.py:3096} INFO - Sync 1 DAGs
[2025-06-25T18:28:59.351-0400] {logging_mixin.py:188} INFO - [2025-06-25T18:28:59.351-0400] {dag.py:3954} INFO - Setting next_dagrun for example_branch_operator to 2025-06-24 00:00:00+00:00, run_after=2025-06-25 00:00:00+00:00
[2025-06-25T18:28:59.387-0400] {processor.py:183} INFO - Processing /opt/anaconda3/envs/airflow_env/lib/python3.10/site-packages/airflow/example_dags/example_branch_operator.py took 0.097 seconds
[2025-06-25T18:30:34.316-0400] {processor.py:161} INFO - Started process (PID=41384) to work on /opt/anaconda3/envs/airflow_env/lib/python3.10/site-packages/airflow/example_dags/example_branch_operator.py
[2025-06-25T18:30:34.316-0400] {processor.py:830} INFO - Processing file /opt/anaconda3/envs/airflow_env/lib/python3.10/site-packages/airflow/example_dags/example_branch_operator.py for tasks to queue
[2025-06-25T18:30:34.316-0400] {logging_mixin.py:188} INFO - [2025-06-25T18:30:34.316-0400] {dagbag.py:545} INFO - Filling up the DagBag from /opt/anaconda3/envs/airflow_env/lib/python3.10/site-packages/airflow/example_dags/example_branch_operator.py
[2025-06-25T18:30:34.330-0400] {processor.py:840} INFO - DAG(s) 'example_branch_operator' retrieved from /opt/anaconda3/envs/airflow_env/lib/python3.10/site-packages/airflow/example_dags/example_branch_operator.py
[2025-06-25T18:30:34.420-0400] {logging_mixin.py:188} INFO - [2025-06-25T18:30:34.420-0400] {dag.py:3096} INFO - Sync 1 DAGs
[2025-06-25T18:30:34.426-0400] {logging_mixin.py:188} INFO - [2025-06-25T18:30:34.426-0400] {dag.py:3954} INFO - Setting next_dagrun for example_branch_operator to 2025-06-24 00:00:00+00:00, run_after=2025-06-25 00:00:00+00:00
[2025-06-25T18:30:34.434-0400] {processor.py:183} INFO - Processing /opt/anaconda3/envs/airflow_env/lib/python3.10/site-packages/airflow/example_dags/example_branch_operator.py took 0.119 seconds
[2025-06-25T18:30:46.510-0400] {processor.py:161} INFO - Started process (PID=41414) to work on /opt/anaconda3/envs/airflow_env/lib/python3.10/site-packages/airflow/example_dags/example_branch_operator.py
[2025-06-25T18:30:46.510-0400] {processor.py:830} INFO - Processing file /opt/anaconda3/envs/airflow_env/lib/python3.10/site-packages/airflow/example_dags/example_branch_operator.py for tasks to queue
[2025-06-25T18:30:46.510-0400] {logging_mixin.py:188} INFO - [2025-06-25T18:30:46.510-0400] {dagbag.py:545} INFO - Filling up the DagBag from /opt/anaconda3/envs/airflow_env/lib/python3.10/site-packages/airflow/example_dags/example_branch_operator.py
[2025-06-25T18:30:46.524-0400] {processor.py:840} INFO - DAG(s) 'example_branch_operator' retrieved from /opt/anaconda3/envs/airflow_env/lib/python3.10/site-packages/airflow/example_dags/example_branch_operator.py
[2025-06-25T18:30:46.528-0400] {logging_mixin.py:188} INFO - [2025-06-25T18:30:46.528-0400] {dag.py:3096} INFO - Sync 1 DAGs
[2025-06-25T18:30:46.559-0400] {logging_mixin.py:188} INFO - [2025-06-25T18:30:46.559-0400] {dag.py:3954} INFO - Setting next_dagrun for example_branch_operator to 2025-06-24 00:00:00+00:00, run_after=2025-06-25 00:00:00+00:00
[2025-06-25T18:30:46.590-0400] {processor.py:183} INFO - Processing /opt/anaconda3/envs/airflow_env/lib/python3.10/site-packages/airflow/example_dags/example_branch_operator.py took 0.082 seconds
[2025-06-25T18:32:13.027-0400] {processor.py:161} INFO - Started process (PID=41611) to work on /opt/anaconda3/envs/airflow_env/lib/python3.10/site-packages/airflow/example_dags/example_branch_operator.py
[2025-06-25T18:32:13.028-0400] {processor.py:830} INFO - Processing file /opt/anaconda3/envs/airflow_env/lib/python3.10/site-packages/airflow/example_dags/example_branch_operator.py for tasks to queue
[2025-06-25T18:32:13.028-0400] {logging_mixin.py:188} INFO - [2025-06-25T18:32:13.028-0400] {dagbag.py:545} INFO - Filling up the DagBag from /opt/anaconda3/envs/airflow_env/lib/python3.10/site-packages/airflow/example_dags/example_branch_operator.py
[2025-06-25T18:32:13.042-0400] {processor.py:840} INFO - DAG(s) 'example_branch_operator' retrieved from /opt/anaconda3/envs/airflow_env/lib/python3.10/site-packages/airflow/example_dags/example_branch_operator.py
[2025-06-25T18:32:13.131-0400] {logging_mixin.py:188} INFO - [2025-06-25T18:32:13.131-0400] {dag.py:3096} INFO - Sync 1 DAGs
[2025-06-25T18:32:13.137-0400] {logging_mixin.py:188} INFO - [2025-06-25T18:32:13.137-0400] {dag.py:3954} INFO - Setting next_dagrun for example_branch_operator to 2025-06-24 00:00:00+00:00, run_after=2025-06-25 00:00:00+00:00
[2025-06-25T18:32:13.145-0400] {processor.py:183} INFO - Processing /opt/anaconda3/envs/airflow_env/lib/python3.10/site-packages/airflow/example_dags/example_branch_operator.py took 0.119 seconds
[2025-06-25T18:32:24.752-0400] {processor.py:161} INFO - Started process (PID=41628) to work on /opt/anaconda3/envs/airflow_env/lib/python3.10/site-packages/airflow/example_dags/example_branch_operator.py
[2025-06-25T18:32:24.752-0400] {processor.py:830} INFO - Processing file /opt/anaconda3/envs/airflow_env/lib/python3.10/site-packages/airflow/example_dags/example_branch_operator.py for tasks to queue
[2025-06-25T18:32:24.753-0400] {logging_mixin.py:188} INFO - [2025-06-25T18:32:24.753-0400] {dagbag.py:545} INFO - Filling up the DagBag from /opt/anaconda3/envs/airflow_env/lib/python3.10/site-packages/airflow/example_dags/example_branch_operator.py
[2025-06-25T18:32:24.765-0400] {processor.py:840} INFO - DAG(s) 'example_branch_operator' retrieved from /opt/anaconda3/envs/airflow_env/lib/python3.10/site-packages/airflow/example_dags/example_branch_operator.py
[2025-06-25T18:32:24.769-0400] {logging_mixin.py:188} INFO - [2025-06-25T18:32:24.769-0400] {dag.py:3096} INFO - Sync 1 DAGs
[2025-06-25T18:32:24.798-0400] {logging_mixin.py:188} INFO - [2025-06-25T18:32:24.798-0400] {dag.py:3954} INFO - Setting next_dagrun for example_branch_operator to 2025-06-24 00:00:00+00:00, run_after=2025-06-25 00:00:00+00:00
[2025-06-25T18:32:24.824-0400] {processor.py:183} INFO - Processing /opt/anaconda3/envs/airflow_env/lib/python3.10/site-packages/airflow/example_dags/example_branch_operator.py took 0.074 seconds
[2025-06-25T18:33:50.228-0400] {processor.py:161} INFO - Started process (PID=41795) to work on /opt/anaconda3/envs/airflow_env/lib/python3.10/site-packages/airflow/example_dags/example_branch_operator.py
[2025-06-25T18:33:50.229-0400] {processor.py:830} INFO - Processing file /opt/anaconda3/envs/airflow_env/lib/python3.10/site-packages/airflow/example_dags/example_branch_operator.py for tasks to queue
[2025-06-25T18:33:50.230-0400] {logging_mixin.py:188} INFO - [2025-06-25T18:33:50.230-0400] {dagbag.py:545} INFO - Filling up the DagBag from /opt/anaconda3/envs/airflow_env/lib/python3.10/site-packages/airflow/example_dags/example_branch_operator.py
[2025-06-25T18:33:50.243-0400] {processor.py:840} INFO - DAG(s) 'example_branch_operator' retrieved from /opt/anaconda3/envs/airflow_env/lib/python3.10/site-packages/airflow/example_dags/example_branch_operator.py
[2025-06-25T18:33:50.331-0400] {logging_mixin.py:188} INFO - [2025-06-25T18:33:50.330-0400] {dag.py:3096} INFO - Sync 1 DAGs
[2025-06-25T18:33:50.336-0400] {logging_mixin.py:188} INFO - [2025-06-25T18:33:50.336-0400] {dag.py:3954} INFO - Setting next_dagrun for example_branch_operator to 2025-06-24 00:00:00+00:00, run_after=2025-06-25 00:00:00+00:00
[2025-06-25T18:33:50.344-0400] {processor.py:183} INFO - Processing /opt/anaconda3/envs/airflow_env/lib/python3.10/site-packages/airflow/example_dags/example_branch_operator.py took 0.117 seconds
[2025-06-25T18:33:57.192-0400] {processor.py:161} INFO - Started process (PID=41806) to work on /opt/anaconda3/envs/airflow_env/lib/python3.10/site-packages/airflow/example_dags/example_branch_operator.py
[2025-06-25T18:33:57.192-0400] {processor.py:830} INFO - Processing file /opt/anaconda3/envs/airflow_env/lib/python3.10/site-packages/airflow/example_dags/example_branch_operator.py for tasks to queue
[2025-06-25T18:33:57.193-0400] {logging_mixin.py:188} INFO - [2025-06-25T18:33:57.193-0400] {dagbag.py:545} INFO - Filling up the DagBag from /opt/anaconda3/envs/airflow_env/lib/python3.10/site-packages/airflow/example_dags/example_branch_operator.py
[2025-06-25T18:33:57.206-0400] {processor.py:840} INFO - DAG(s) 'example_branch_operator' retrieved from /opt/anaconda3/envs/airflow_env/lib/python3.10/site-packages/airflow/example_dags/example_branch_operator.py
[2025-06-25T18:33:57.210-0400] {logging_mixin.py:188} INFO - [2025-06-25T18:33:57.210-0400] {dag.py:3096} INFO - Sync 1 DAGs
[2025-06-25T18:33:57.240-0400] {logging_mixin.py:188} INFO - [2025-06-25T18:33:57.240-0400] {dag.py:3954} INFO - Setting next_dagrun for example_branch_operator to 2025-06-24 00:00:00+00:00, run_after=2025-06-25 00:00:00+00:00
[2025-06-25T18:33:57.268-0400] {processor.py:183} INFO - Processing /opt/anaconda3/envs/airflow_env/lib/python3.10/site-packages/airflow/example_dags/example_branch_operator.py took 0.078 seconds
[2025-06-25T18:35:35.999-0400] {processor.py:161} INFO - Started process (PID=42014) to work on /opt/anaconda3/envs/airflow_env/lib/python3.10/site-packages/airflow/example_dags/example_branch_operator.py
[2025-06-25T18:35:35.999-0400] {processor.py:830} INFO - Processing file /opt/anaconda3/envs/airflow_env/lib/python3.10/site-packages/airflow/example_dags/example_branch_operator.py for tasks to queue
[2025-06-25T18:35:35.999-0400] {logging_mixin.py:188} INFO - [2025-06-25T18:35:35.999-0400] {dagbag.py:545} INFO - Filling up the DagBag from /opt/anaconda3/envs/airflow_env/lib/python3.10/site-packages/airflow/example_dags/example_branch_operator.py
[2025-06-25T18:35:36.013-0400] {processor.py:840} INFO - DAG(s) 'example_branch_operator' retrieved from /opt/anaconda3/envs/airflow_env/lib/python3.10/site-packages/airflow/example_dags/example_branch_operator.py
[2025-06-25T18:35:36.099-0400] {logging_mixin.py:188} INFO - [2025-06-25T18:35:36.099-0400] {dag.py:3096} INFO - Sync 1 DAGs
[2025-06-25T18:35:36.105-0400] {logging_mixin.py:188} INFO - [2025-06-25T18:35:36.104-0400] {dag.py:3954} INFO - Setting next_dagrun for example_branch_operator to 2025-06-24 00:00:00+00:00, run_after=2025-06-25 00:00:00+00:00
[2025-06-25T18:35:36.112-0400] {processor.py:183} INFO - Processing /opt/anaconda3/envs/airflow_env/lib/python3.10/site-packages/airflow/example_dags/example_branch_operator.py took 0.116 seconds
[2025-06-25T18:35:41.378-0400] {processor.py:161} INFO - Started process (PID=42023) to work on /opt/anaconda3/envs/airflow_env/lib/python3.10/site-packages/airflow/example_dags/example_branch_operator.py
[2025-06-25T18:35:41.378-0400] {processor.py:830} INFO - Processing file /opt/anaconda3/envs/airflow_env/lib/python3.10/site-packages/airflow/example_dags/example_branch_operator.py for tasks to queue
[2025-06-25T18:35:41.378-0400] {logging_mixin.py:188} INFO - [2025-06-25T18:35:41.378-0400] {dagbag.py:545} INFO - Filling up the DagBag from /opt/anaconda3/envs/airflow_env/lib/python3.10/site-packages/airflow/example_dags/example_branch_operator.py
[2025-06-25T18:35:41.391-0400] {processor.py:840} INFO - DAG(s) 'example_branch_operator' retrieved from /opt/anaconda3/envs/airflow_env/lib/python3.10/site-packages/airflow/example_dags/example_branch_operator.py
[2025-06-25T18:35:41.395-0400] {logging_mixin.py:188} INFO - [2025-06-25T18:35:41.395-0400] {dag.py:3096} INFO - Sync 1 DAGs
[2025-06-25T18:35:41.424-0400] {logging_mixin.py:188} INFO - [2025-06-25T18:35:41.424-0400] {dag.py:3954} INFO - Setting next_dagrun for example_branch_operator to 2025-06-24 00:00:00+00:00, run_after=2025-06-25 00:00:00+00:00
[2025-06-25T18:35:41.449-0400] {processor.py:183} INFO - Processing /opt/anaconda3/envs/airflow_env/lib/python3.10/site-packages/airflow/example_dags/example_branch_operator.py took 0.073 seconds
[2025-06-25T18:37:18.834-0400] {processor.py:161} INFO - Started process (PID=42205) to work on /opt/anaconda3/envs/airflow_env/lib/python3.10/site-packages/airflow/example_dags/example_branch_operator.py
[2025-06-25T18:37:18.834-0400] {processor.py:830} INFO - Processing file /opt/anaconda3/envs/airflow_env/lib/python3.10/site-packages/airflow/example_dags/example_branch_operator.py for tasks to queue
[2025-06-25T18:37:18.834-0400] {logging_mixin.py:188} INFO - [2025-06-25T18:37:18.834-0400] {dagbag.py:545} INFO - Filling up the DagBag from /opt/anaconda3/envs/airflow_env/lib/python3.10/site-packages/airflow/example_dags/example_branch_operator.py
[2025-06-25T18:37:18.847-0400] {processor.py:840} INFO - DAG(s) 'example_branch_operator' retrieved from /opt/anaconda3/envs/airflow_env/lib/python3.10/site-packages/airflow/example_dags/example_branch_operator.py
[2025-06-25T18:37:18.928-0400] {logging_mixin.py:188} INFO - [2025-06-25T18:37:18.928-0400] {dag.py:3096} INFO - Sync 1 DAGs
[2025-06-25T18:37:18.933-0400] {logging_mixin.py:188} INFO - [2025-06-25T18:37:18.933-0400] {dag.py:3954} INFO - Setting next_dagrun for example_branch_operator to 2025-06-24 00:00:00+00:00, run_after=2025-06-25 00:00:00+00:00
[2025-06-25T18:37:18.940-0400] {processor.py:183} INFO - Processing /opt/anaconda3/envs/airflow_env/lib/python3.10/site-packages/airflow/example_dags/example_branch_operator.py took 0.108 seconds
[2025-06-25T18:37:23.151-0400] {processor.py:161} INFO - Started process (PID=42211) to work on /opt/anaconda3/envs/airflow_env/lib/python3.10/site-packages/airflow/example_dags/example_branch_operator.py
[2025-06-25T18:37:23.152-0400] {processor.py:830} INFO - Processing file /opt/anaconda3/envs/airflow_env/lib/python3.10/site-packages/airflow/example_dags/example_branch_operator.py for tasks to queue
[2025-06-25T18:37:23.152-0400] {logging_mixin.py:188} INFO - [2025-06-25T18:37:23.152-0400] {dagbag.py:545} INFO - Filling up the DagBag from /opt/anaconda3/envs/airflow_env/lib/python3.10/site-packages/airflow/example_dags/example_branch_operator.py
[2025-06-25T18:37:23.165-0400] {processor.py:840} INFO - DAG(s) 'example_branch_operator' retrieved from /opt/anaconda3/envs/airflow_env/lib/python3.10/site-packages/airflow/example_dags/example_branch_operator.py
[2025-06-25T18:37:23.169-0400] {logging_mixin.py:188} INFO - [2025-06-25T18:37:23.168-0400] {dag.py:3096} INFO - Sync 1 DAGs
[2025-06-25T18:37:23.197-0400] {logging_mixin.py:188} INFO - [2025-06-25T18:37:23.197-0400] {dag.py:3954} INFO - Setting next_dagrun for example_branch_operator to 2025-06-24 00:00:00+00:00, run_after=2025-06-25 00:00:00+00:00
[2025-06-25T18:37:23.223-0400] {processor.py:183} INFO - Processing /opt/anaconda3/envs/airflow_env/lib/python3.10/site-packages/airflow/example_dags/example_branch_operator.py took 0.073 seconds
[2025-06-25T18:38:54.787-0400] {processor.py:161} INFO - Started process (PID=42405) to work on /opt/anaconda3/envs/airflow_env/lib/python3.10/site-packages/airflow/example_dags/example_branch_operator.py
[2025-06-25T18:38:54.788-0400] {processor.py:830} INFO - Processing file /opt/anaconda3/envs/airflow_env/lib/python3.10/site-packages/airflow/example_dags/example_branch_operator.py for tasks to queue
[2025-06-25T18:38:54.788-0400] {logging_mixin.py:188} INFO - [2025-06-25T18:38:54.788-0400] {dagbag.py:545} INFO - Filling up the DagBag from /opt/anaconda3/envs/airflow_env/lib/python3.10/site-packages/airflow/example_dags/example_branch_operator.py
[2025-06-25T18:38:54.804-0400] {processor.py:840} INFO - DAG(s) 'example_branch_operator' retrieved from /opt/anaconda3/envs/airflow_env/lib/python3.10/site-packages/airflow/example_dags/example_branch_operator.py
[2025-06-25T18:38:54.903-0400] {logging_mixin.py:188} INFO - [2025-06-25T18:38:54.903-0400] {dag.py:3096} INFO - Sync 1 DAGs
[2025-06-25T18:38:54.909-0400] {logging_mixin.py:188} INFO - [2025-06-25T18:38:54.909-0400] {dag.py:3954} INFO - Setting next_dagrun for example_branch_operator to 2025-06-24 00:00:00+00:00, run_after=2025-06-25 00:00:00+00:00
[2025-06-25T18:38:54.916-0400] {processor.py:183} INFO - Processing /opt/anaconda3/envs/airflow_env/lib/python3.10/site-packages/airflow/example_dags/example_branch_operator.py took 0.131 seconds
[2025-06-25T18:38:56.674-0400] {processor.py:161} INFO - Started process (PID=42409) to work on /opt/anaconda3/envs/airflow_env/lib/python3.10/site-packages/airflow/example_dags/example_branch_operator.py
[2025-06-25T18:38:56.674-0400] {processor.py:830} INFO - Processing file /opt/anaconda3/envs/airflow_env/lib/python3.10/site-packages/airflow/example_dags/example_branch_operator.py for tasks to queue
[2025-06-25T18:38:56.674-0400] {logging_mixin.py:188} INFO - [2025-06-25T18:38:56.674-0400] {dagbag.py:545} INFO - Filling up the DagBag from /opt/anaconda3/envs/airflow_env/lib/python3.10/site-packages/airflow/example_dags/example_branch_operator.py
[2025-06-25T18:38:56.689-0400] {processor.py:840} INFO - DAG(s) 'example_branch_operator' retrieved from /opt/anaconda3/envs/airflow_env/lib/python3.10/site-packages/airflow/example_dags/example_branch_operator.py
[2025-06-25T18:38:56.694-0400] {logging_mixin.py:188} INFO - [2025-06-25T18:38:56.694-0400] {dag.py:3096} INFO - Sync 1 DAGs
[2025-06-25T18:38:56.728-0400] {logging_mixin.py:188} INFO - [2025-06-25T18:38:56.728-0400] {dag.py:3954} INFO - Setting next_dagrun for example_branch_operator to 2025-06-24 00:00:00+00:00, run_after=2025-06-25 00:00:00+00:00
[2025-06-25T18:38:56.763-0400] {processor.py:183} INFO - Processing /opt/anaconda3/envs/airflow_env/lib/python3.10/site-packages/airflow/example_dags/example_branch_operator.py took 0.091 seconds
[2025-06-25T18:40:32.653-0400] {processor.py:161} INFO - Started process (PID=42584) to work on /opt/anaconda3/envs/airflow_env/lib/python3.10/site-packages/airflow/example_dags/example_branch_operator.py
[2025-06-25T18:40:32.654-0400] {processor.py:830} INFO - Processing file /opt/anaconda3/envs/airflow_env/lib/python3.10/site-packages/airflow/example_dags/example_branch_operator.py for tasks to queue
[2025-06-25T18:40:32.654-0400] {logging_mixin.py:188} INFO - [2025-06-25T18:40:32.654-0400] {dagbag.py:545} INFO - Filling up the DagBag from /opt/anaconda3/envs/airflow_env/lib/python3.10/site-packages/airflow/example_dags/example_branch_operator.py
[2025-06-25T18:40:32.667-0400] {processor.py:840} INFO - DAG(s) 'example_branch_operator' retrieved from /opt/anaconda3/envs/airflow_env/lib/python3.10/site-packages/airflow/example_dags/example_branch_operator.py
[2025-06-25T18:40:32.747-0400] {logging_mixin.py:188} INFO - [2025-06-25T18:40:32.747-0400] {dag.py:3096} INFO - Sync 1 DAGs
[2025-06-25T18:40:32.753-0400] {logging_mixin.py:188} INFO - [2025-06-25T18:40:32.753-0400] {dag.py:3954} INFO - Setting next_dagrun for example_branch_operator to 2025-06-24 00:00:00+00:00, run_after=2025-06-25 00:00:00+00:00
[2025-06-25T18:40:32.760-0400] {processor.py:183} INFO - Processing /opt/anaconda3/envs/airflow_env/lib/python3.10/site-packages/airflow/example_dags/example_branch_operator.py took 0.108 seconds
[2025-06-25T18:40:33.674-0400] {processor.py:161} INFO - Started process (PID=42585) to work on /opt/anaconda3/envs/airflow_env/lib/python3.10/site-packages/airflow/example_dags/example_branch_operator.py
[2025-06-25T18:40:33.675-0400] {processor.py:830} INFO - Processing file /opt/anaconda3/envs/airflow_env/lib/python3.10/site-packages/airflow/example_dags/example_branch_operator.py for tasks to queue
[2025-06-25T18:40:33.675-0400] {logging_mixin.py:188} INFO - [2025-06-25T18:40:33.675-0400] {dagbag.py:545} INFO - Filling up the DagBag from /opt/anaconda3/envs/airflow_env/lib/python3.10/site-packages/airflow/example_dags/example_branch_operator.py
[2025-06-25T18:40:33.687-0400] {processor.py:840} INFO - DAG(s) 'example_branch_operator' retrieved from /opt/anaconda3/envs/airflow_env/lib/python3.10/site-packages/airflow/example_dags/example_branch_operator.py
[2025-06-25T18:40:33.691-0400] {logging_mixin.py:188} INFO - [2025-06-25T18:40:33.691-0400] {dag.py:3096} INFO - Sync 1 DAGs
[2025-06-25T18:40:33.720-0400] {logging_mixin.py:188} INFO - [2025-06-25T18:40:33.720-0400] {dag.py:3954} INFO - Setting next_dagrun for example_branch_operator to 2025-06-24 00:00:00+00:00, run_after=2025-06-25 00:00:00+00:00
[2025-06-25T18:40:33.745-0400] {processor.py:183} INFO - Processing /opt/anaconda3/envs/airflow_env/lib/python3.10/site-packages/airflow/example_dags/example_branch_operator.py took 0.073 seconds
[2025-06-25T18:42:02.572-0400] {processor.py:161} INFO - Started process (PID=42740) to work on /opt/anaconda3/envs/airflow_env/lib/python3.10/site-packages/airflow/example_dags/example_branch_operator.py
[2025-06-25T18:42:02.572-0400] {processor.py:830} INFO - Processing file /opt/anaconda3/envs/airflow_env/lib/python3.10/site-packages/airflow/example_dags/example_branch_operator.py for tasks to queue
[2025-06-25T18:42:02.572-0400] {logging_mixin.py:188} INFO - [2025-06-25T18:42:02.572-0400] {dagbag.py:545} INFO - Filling up the DagBag from /opt/anaconda3/envs/airflow_env/lib/python3.10/site-packages/airflow/example_dags/example_branch_operator.py
[2025-06-25T18:42:02.588-0400] {processor.py:840} INFO - DAG(s) 'example_branch_operator' retrieved from /opt/anaconda3/envs/airflow_env/lib/python3.10/site-packages/airflow/example_dags/example_branch_operator.py
[2025-06-25T18:42:02.723-0400] {logging_mixin.py:188} INFO - [2025-06-25T18:42:02.722-0400] {dag.py:3096} INFO - Sync 1 DAGs
[2025-06-25T18:42:02.729-0400] {logging_mixin.py:188} INFO - [2025-06-25T18:42:02.729-0400] {dag.py:3954} INFO - Setting next_dagrun for example_branch_operator to 2025-06-24 00:00:00+00:00, run_after=2025-06-25 00:00:00+00:00
[2025-06-25T18:42:02.737-0400] {processor.py:183} INFO - Processing /opt/anaconda3/envs/airflow_env/lib/python3.10/site-packages/airflow/example_dags/example_branch_operator.py took 0.168 seconds
[2025-06-25T18:42:05.304-0400] {processor.py:161} INFO - Started process (PID=42744) to work on /opt/anaconda3/envs/airflow_env/lib/python3.10/site-packages/airflow/example_dags/example_branch_operator.py
[2025-06-25T18:42:05.304-0400] {processor.py:830} INFO - Processing file /opt/anaconda3/envs/airflow_env/lib/python3.10/site-packages/airflow/example_dags/example_branch_operator.py for tasks to queue
[2025-06-25T18:42:05.304-0400] {logging_mixin.py:188} INFO - [2025-06-25T18:42:05.304-0400] {dagbag.py:545} INFO - Filling up the DagBag from /opt/anaconda3/envs/airflow_env/lib/python3.10/site-packages/airflow/example_dags/example_branch_operator.py
[2025-06-25T18:42:05.317-0400] {processor.py:840} INFO - DAG(s) 'example_branch_operator' retrieved from /opt/anaconda3/envs/airflow_env/lib/python3.10/site-packages/airflow/example_dags/example_branch_operator.py
[2025-06-25T18:42:05.321-0400] {logging_mixin.py:188} INFO - [2025-06-25T18:42:05.321-0400] {dag.py:3096} INFO - Sync 1 DAGs
[2025-06-25T18:42:05.351-0400] {logging_mixin.py:188} INFO - [2025-06-25T18:42:05.351-0400] {dag.py:3954} INFO - Setting next_dagrun for example_branch_operator to 2025-06-24 00:00:00+00:00, run_after=2025-06-25 00:00:00+00:00
[2025-06-25T18:42:05.378-0400] {processor.py:183} INFO - Processing /opt/anaconda3/envs/airflow_env/lib/python3.10/site-packages/airflow/example_dags/example_branch_operator.py took 0.077 seconds
[2025-06-25T18:43:51.753-0400] {processor.py:161} INFO - Started process (PID=42962) to work on /opt/anaconda3/envs/airflow_env/lib/python3.10/site-packages/airflow/example_dags/example_branch_operator.py
[2025-06-25T18:43:51.754-0400] {processor.py:830} INFO - Processing file /opt/anaconda3/envs/airflow_env/lib/python3.10/site-packages/airflow/example_dags/example_branch_operator.py for tasks to queue
[2025-06-25T18:43:51.754-0400] {logging_mixin.py:188} INFO - [2025-06-25T18:43:51.754-0400] {dagbag.py:545} INFO - Filling up the DagBag from /opt/anaconda3/envs/airflow_env/lib/python3.10/site-packages/airflow/example_dags/example_branch_operator.py
[2025-06-25T18:43:51.766-0400] {processor.py:840} INFO - DAG(s) 'example_branch_operator' retrieved from /opt/anaconda3/envs/airflow_env/lib/python3.10/site-packages/airflow/example_dags/example_branch_operator.py
[2025-06-25T18:43:51.846-0400] {logging_mixin.py:188} INFO - [2025-06-25T18:43:51.846-0400] {dag.py:3096} INFO - Sync 1 DAGs
[2025-06-25T18:43:51.851-0400] {logging_mixin.py:188} INFO - [2025-06-25T18:43:51.851-0400] {dag.py:3954} INFO - Setting next_dagrun for example_branch_operator to 2025-06-24 00:00:00+00:00, run_after=2025-06-25 00:00:00+00:00
[2025-06-25T18:43:51.858-0400] {processor.py:183} INFO - Processing /opt/anaconda3/envs/airflow_env/lib/python3.10/site-packages/airflow/example_dags/example_branch_operator.py took 0.107 seconds
[2025-06-25T18:44:10.927-0400] {processor.py:161} INFO - Started process (PID=42994) to work on /opt/anaconda3/envs/airflow_env/lib/python3.10/site-packages/airflow/example_dags/example_branch_operator.py
[2025-06-25T18:44:10.927-0400] {processor.py:830} INFO - Processing file /opt/anaconda3/envs/airflow_env/lib/python3.10/site-packages/airflow/example_dags/example_branch_operator.py for tasks to queue
[2025-06-25T18:44:10.927-0400] {logging_mixin.py:188} INFO - [2025-06-25T18:44:10.927-0400] {dagbag.py:545} INFO - Filling up the DagBag from /opt/anaconda3/envs/airflow_env/lib/python3.10/site-packages/airflow/example_dags/example_branch_operator.py
[2025-06-25T18:44:10.941-0400] {processor.py:840} INFO - DAG(s) 'example_branch_operator' retrieved from /opt/anaconda3/envs/airflow_env/lib/python3.10/site-packages/airflow/example_dags/example_branch_operator.py
[2025-06-25T18:44:10.945-0400] {logging_mixin.py:188} INFO - [2025-06-25T18:44:10.945-0400] {dag.py:3096} INFO - Sync 1 DAGs
[2025-06-25T18:44:10.973-0400] {logging_mixin.py:188} INFO - [2025-06-25T18:44:10.973-0400] {dag.py:3954} INFO - Setting next_dagrun for example_branch_operator to 2025-06-24 00:00:00+00:00, run_after=2025-06-25 00:00:00+00:00
[2025-06-25T18:44:10.999-0400] {processor.py:183} INFO - Processing /opt/anaconda3/envs/airflow_env/lib/python3.10/site-packages/airflow/example_dags/example_branch_operator.py took 0.074 seconds
[2025-06-25T18:45:26.877-0400] {processor.py:161} INFO - Started process (PID=43110) to work on /opt/anaconda3/envs/airflow_env/lib/python3.10/site-packages/airflow/example_dags/example_branch_operator.py
[2025-06-25T18:45:26.877-0400] {processor.py:830} INFO - Processing file /opt/anaconda3/envs/airflow_env/lib/python3.10/site-packages/airflow/example_dags/example_branch_operator.py for tasks to queue
[2025-06-25T18:45:26.877-0400] {logging_mixin.py:188} INFO - [2025-06-25T18:45:26.877-0400] {dagbag.py:545} INFO - Filling up the DagBag from /opt/anaconda3/envs/airflow_env/lib/python3.10/site-packages/airflow/example_dags/example_branch_operator.py
[2025-06-25T18:45:26.891-0400] {processor.py:840} INFO - DAG(s) 'example_branch_operator' retrieved from /opt/anaconda3/envs/airflow_env/lib/python3.10/site-packages/airflow/example_dags/example_branch_operator.py
[2025-06-25T18:45:26.977-0400] {logging_mixin.py:188} INFO - [2025-06-25T18:45:26.977-0400] {dag.py:3096} INFO - Sync 1 DAGs
[2025-06-25T18:45:26.983-0400] {logging_mixin.py:188} INFO - [2025-06-25T18:45:26.983-0400] {dag.py:3954} INFO - Setting next_dagrun for example_branch_operator to 2025-06-24 00:00:00+00:00, run_after=2025-06-25 00:00:00+00:00
[2025-06-25T18:45:26.990-0400] {processor.py:183} INFO - Processing /opt/anaconda3/envs/airflow_env/lib/python3.10/site-packages/airflow/example_dags/example_branch_operator.py took 0.115 seconds
[2025-06-25T18:45:38.693-0400] {processor.py:161} INFO - Started process (PID=43127) to work on /opt/anaconda3/envs/airflow_env/lib/python3.10/site-packages/airflow/example_dags/example_branch_operator.py
[2025-06-25T18:45:38.693-0400] {processor.py:830} INFO - Processing file /opt/anaconda3/envs/airflow_env/lib/python3.10/site-packages/airflow/example_dags/example_branch_operator.py for tasks to queue
[2025-06-25T18:45:38.693-0400] {logging_mixin.py:188} INFO - [2025-06-25T18:45:38.693-0400] {dagbag.py:545} INFO - Filling up the DagBag from /opt/anaconda3/envs/airflow_env/lib/python3.10/site-packages/airflow/example_dags/example_branch_operator.py
[2025-06-25T18:45:38.706-0400] {processor.py:840} INFO - DAG(s) 'example_branch_operator' retrieved from /opt/anaconda3/envs/airflow_env/lib/python3.10/site-packages/airflow/example_dags/example_branch_operator.py
[2025-06-25T18:45:38.710-0400] {logging_mixin.py:188} INFO - [2025-06-25T18:45:38.710-0400] {dag.py:3096} INFO - Sync 1 DAGs
[2025-06-25T18:45:38.741-0400] {logging_mixin.py:188} INFO - [2025-06-25T18:45:38.741-0400] {dag.py:3954} INFO - Setting next_dagrun for example_branch_operator to 2025-06-24 00:00:00+00:00, run_after=2025-06-25 00:00:00+00:00
[2025-06-25T18:45:38.768-0400] {processor.py:183} INFO - Processing /opt/anaconda3/envs/airflow_env/lib/python3.10/site-packages/airflow/example_dags/example_branch_operator.py took 0.077 seconds
[2025-06-25T18:46:59.070-0400] {processor.py:161} INFO - Started process (PID=43260) to work on /opt/anaconda3/envs/airflow_env/lib/python3.10/site-packages/airflow/example_dags/example_branch_operator.py
[2025-06-25T18:46:59.070-0400] {processor.py:830} INFO - Processing file /opt/anaconda3/envs/airflow_env/lib/python3.10/site-packages/airflow/example_dags/example_branch_operator.py for tasks to queue
[2025-06-25T18:46:59.070-0400] {logging_mixin.py:188} INFO - [2025-06-25T18:46:59.070-0400] {dagbag.py:545} INFO - Filling up the DagBag from /opt/anaconda3/envs/airflow_env/lib/python3.10/site-packages/airflow/example_dags/example_branch_operator.py
[2025-06-25T18:46:59.083-0400] {processor.py:840} INFO - DAG(s) 'example_branch_operator' retrieved from /opt/anaconda3/envs/airflow_env/lib/python3.10/site-packages/airflow/example_dags/example_branch_operator.py
[2025-06-25T18:46:59.167-0400] {logging_mixin.py:188} INFO - [2025-06-25T18:46:59.167-0400] {dag.py:3096} INFO - Sync 1 DAGs
[2025-06-25T18:46:59.173-0400] {logging_mixin.py:188} INFO - [2025-06-25T18:46:59.173-0400] {dag.py:3954} INFO - Setting next_dagrun for example_branch_operator to 2025-06-24 00:00:00+00:00, run_after=2025-06-25 00:00:00+00:00
[2025-06-25T18:46:59.180-0400] {processor.py:183} INFO - Processing /opt/anaconda3/envs/airflow_env/lib/python3.10/site-packages/airflow/example_dags/example_branch_operator.py took 0.112 seconds
[2025-06-25T18:47:05.232-0400] {processor.py:161} INFO - Started process (PID=43268) to work on /opt/anaconda3/envs/airflow_env/lib/python3.10/site-packages/airflow/example_dags/example_branch_operator.py
[2025-06-25T18:47:05.232-0400] {processor.py:830} INFO - Processing file /opt/anaconda3/envs/airflow_env/lib/python3.10/site-packages/airflow/example_dags/example_branch_operator.py for tasks to queue
[2025-06-25T18:47:05.232-0400] {logging_mixin.py:188} INFO - [2025-06-25T18:47:05.232-0400] {dagbag.py:545} INFO - Filling up the DagBag from /opt/anaconda3/envs/airflow_env/lib/python3.10/site-packages/airflow/example_dags/example_branch_operator.py
[2025-06-25T18:47:05.246-0400] {processor.py:840} INFO - DAG(s) 'example_branch_operator' retrieved from /opt/anaconda3/envs/airflow_env/lib/python3.10/site-packages/airflow/example_dags/example_branch_operator.py
[2025-06-25T18:47:05.250-0400] {logging_mixin.py:188} INFO - [2025-06-25T18:47:05.250-0400] {dag.py:3096} INFO - Sync 1 DAGs
[2025-06-25T18:47:05.279-0400] {logging_mixin.py:188} INFO - [2025-06-25T18:47:05.279-0400] {dag.py:3954} INFO - Setting next_dagrun for example_branch_operator to 2025-06-24 00:00:00+00:00, run_after=2025-06-25 00:00:00+00:00
[2025-06-25T18:47:05.307-0400] {processor.py:183} INFO - Processing /opt/anaconda3/envs/airflow_env/lib/python3.10/site-packages/airflow/example_dags/example_branch_operator.py took 0.077 seconds
[2025-06-25T18:48:30.200-0400] {processor.py:161} INFO - Started process (PID=43410) to work on /opt/anaconda3/envs/airflow_env/lib/python3.10/site-packages/airflow/example_dags/example_branch_operator.py
[2025-06-25T18:48:30.201-0400] {processor.py:830} INFO - Processing file /opt/anaconda3/envs/airflow_env/lib/python3.10/site-packages/airflow/example_dags/example_branch_operator.py for tasks to queue
[2025-06-25T18:48:30.201-0400] {logging_mixin.py:188} INFO - [2025-06-25T18:48:30.201-0400] {dagbag.py:545} INFO - Filling up the DagBag from /opt/anaconda3/envs/airflow_env/lib/python3.10/site-packages/airflow/example_dags/example_branch_operator.py
[2025-06-25T18:48:30.214-0400] {processor.py:840} INFO - DAG(s) 'example_branch_operator' retrieved from /opt/anaconda3/envs/airflow_env/lib/python3.10/site-packages/airflow/example_dags/example_branch_operator.py
[2025-06-25T18:48:30.294-0400] {logging_mixin.py:188} INFO - [2025-06-25T18:48:30.294-0400] {dag.py:3096} INFO - Sync 1 DAGs
[2025-06-25T18:48:30.299-0400] {logging_mixin.py:188} INFO - [2025-06-25T18:48:30.299-0400] {dag.py:3954} INFO - Setting next_dagrun for example_branch_operator to 2025-06-24 00:00:00+00:00, run_after=2025-06-25 00:00:00+00:00
[2025-06-25T18:48:30.307-0400] {processor.py:183} INFO - Processing /opt/anaconda3/envs/airflow_env/lib/python3.10/site-packages/airflow/example_dags/example_branch_operator.py took 0.108 seconds
[2025-06-25T18:48:34.776-0400] {processor.py:161} INFO - Started process (PID=43417) to work on /opt/anaconda3/envs/airflow_env/lib/python3.10/site-packages/airflow/example_dags/example_branch_operator.py
[2025-06-25T18:48:34.776-0400] {processor.py:830} INFO - Processing file /opt/anaconda3/envs/airflow_env/lib/python3.10/site-packages/airflow/example_dags/example_branch_operator.py for tasks to queue
[2025-06-25T18:48:34.776-0400] {logging_mixin.py:188} INFO - [2025-06-25T18:48:34.776-0400] {dagbag.py:545} INFO - Filling up the DagBag from /opt/anaconda3/envs/airflow_env/lib/python3.10/site-packages/airflow/example_dags/example_branch_operator.py
[2025-06-25T18:48:34.789-0400] {processor.py:840} INFO - DAG(s) 'example_branch_operator' retrieved from /opt/anaconda3/envs/airflow_env/lib/python3.10/site-packages/airflow/example_dags/example_branch_operator.py
[2025-06-25T18:48:34.793-0400] {logging_mixin.py:188} INFO - [2025-06-25T18:48:34.792-0400] {dag.py:3096} INFO - Sync 1 DAGs
[2025-06-25T18:48:34.821-0400] {logging_mixin.py:188} INFO - [2025-06-25T18:48:34.821-0400] {dag.py:3954} INFO - Setting next_dagrun for example_branch_operator to 2025-06-24 00:00:00+00:00, run_after=2025-06-25 00:00:00+00:00
[2025-06-25T18:48:34.847-0400] {processor.py:183} INFO - Processing /opt/anaconda3/envs/airflow_env/lib/python3.10/site-packages/airflow/example_dags/example_branch_operator.py took 0.073 seconds
[2025-06-25T18:49:59.467-0400] {processor.py:161} INFO - Started process (PID=43571) to work on /opt/anaconda3/envs/airflow_env/lib/python3.10/site-packages/airflow/example_dags/example_branch_operator.py
[2025-06-25T18:49:59.468-0400] {processor.py:830} INFO - Processing file /opt/anaconda3/envs/airflow_env/lib/python3.10/site-packages/airflow/example_dags/example_branch_operator.py for tasks to queue
[2025-06-25T18:49:59.468-0400] {logging_mixin.py:188} INFO - [2025-06-25T18:49:59.468-0400] {dagbag.py:545} INFO - Filling up the DagBag from /opt/anaconda3/envs/airflow_env/lib/python3.10/site-packages/airflow/example_dags/example_branch_operator.py
[2025-06-25T18:49:59.481-0400] {processor.py:840} INFO - DAG(s) 'example_branch_operator' retrieved from /opt/anaconda3/envs/airflow_env/lib/python3.10/site-packages/airflow/example_dags/example_branch_operator.py
[2025-06-25T18:49:59.562-0400] {logging_mixin.py:188} INFO - [2025-06-25T18:49:59.561-0400] {dag.py:3096} INFO - Sync 1 DAGs
[2025-06-25T18:49:59.567-0400] {logging_mixin.py:188} INFO - [2025-06-25T18:49:59.567-0400] {dag.py:3954} INFO - Setting next_dagrun for example_branch_operator to 2025-06-24 00:00:00+00:00, run_after=2025-06-25 00:00:00+00:00
[2025-06-25T18:49:59.575-0400] {processor.py:183} INFO - Processing /opt/anaconda3/envs/airflow_env/lib/python3.10/site-packages/airflow/example_dags/example_branch_operator.py took 0.109 seconds
[2025-06-25T18:50:04.612-0400] {processor.py:161} INFO - Started process (PID=43578) to work on /opt/anaconda3/envs/airflow_env/lib/python3.10/site-packages/airflow/example_dags/example_branch_operator.py
[2025-06-25T18:50:04.613-0400] {processor.py:830} INFO - Processing file /opt/anaconda3/envs/airflow_env/lib/python3.10/site-packages/airflow/example_dags/example_branch_operator.py for tasks to queue
[2025-06-25T18:50:04.613-0400] {logging_mixin.py:188} INFO - [2025-06-25T18:50:04.613-0400] {dagbag.py:545} INFO - Filling up the DagBag from /opt/anaconda3/envs/airflow_env/lib/python3.10/site-packages/airflow/example_dags/example_branch_operator.py
[2025-06-25T18:50:04.626-0400] {processor.py:840} INFO - DAG(s) 'example_branch_operator' retrieved from /opt/anaconda3/envs/airflow_env/lib/python3.10/site-packages/airflow/example_dags/example_branch_operator.py
[2025-06-25T18:50:04.630-0400] {logging_mixin.py:188} INFO - [2025-06-25T18:50:04.629-0400] {dag.py:3096} INFO - Sync 1 DAGs
[2025-06-25T18:50:04.659-0400] {logging_mixin.py:188} INFO - [2025-06-25T18:50:04.659-0400] {dag.py:3954} INFO - Setting next_dagrun for example_branch_operator to 2025-06-24 00:00:00+00:00, run_after=2025-06-25 00:00:00+00:00
[2025-06-25T18:50:04.684-0400] {processor.py:183} INFO - Processing /opt/anaconda3/envs/airflow_env/lib/python3.10/site-packages/airflow/example_dags/example_branch_operator.py took 0.073 seconds
[2025-06-25T18:51:27.728-0400] {processor.py:161} INFO - Started process (PID=43728) to work on /opt/anaconda3/envs/airflow_env/lib/python3.10/site-packages/airflow/example_dags/example_branch_operator.py
[2025-06-25T18:51:27.728-0400] {processor.py:830} INFO - Processing file /opt/anaconda3/envs/airflow_env/lib/python3.10/site-packages/airflow/example_dags/example_branch_operator.py for tasks to queue
[2025-06-25T18:51:27.729-0400] {logging_mixin.py:188} INFO - [2025-06-25T18:51:27.729-0400] {dagbag.py:545} INFO - Filling up the DagBag from /opt/anaconda3/envs/airflow_env/lib/python3.10/site-packages/airflow/example_dags/example_branch_operator.py
[2025-06-25T18:51:27.741-0400] {processor.py:840} INFO - DAG(s) 'example_branch_operator' retrieved from /opt/anaconda3/envs/airflow_env/lib/python3.10/site-packages/airflow/example_dags/example_branch_operator.py
[2025-06-25T18:51:27.821-0400] {logging_mixin.py:188} INFO - [2025-06-25T18:51:27.821-0400] {dag.py:3096} INFO - Sync 1 DAGs
[2025-06-25T18:51:27.826-0400] {logging_mixin.py:188} INFO - [2025-06-25T18:51:27.826-0400] {dag.py:3954} INFO - Setting next_dagrun for example_branch_operator to 2025-06-24 00:00:00+00:00, run_after=2025-06-25 00:00:00+00:00
[2025-06-25T18:51:27.833-0400] {processor.py:183} INFO - Processing /opt/anaconda3/envs/airflow_env/lib/python3.10/site-packages/airflow/example_dags/example_branch_operator.py took 0.107 seconds
[2025-06-25T18:51:36.063-0400] {processor.py:161} INFO - Started process (PID=43759) to work on /opt/anaconda3/envs/airflow_env/lib/python3.10/site-packages/airflow/example_dags/example_branch_operator.py
[2025-06-25T18:51:36.064-0400] {processor.py:830} INFO - Processing file /opt/anaconda3/envs/airflow_env/lib/python3.10/site-packages/airflow/example_dags/example_branch_operator.py for tasks to queue
[2025-06-25T18:51:36.064-0400] {logging_mixin.py:188} INFO - [2025-06-25T18:51:36.064-0400] {dagbag.py:545} INFO - Filling up the DagBag from /opt/anaconda3/envs/airflow_env/lib/python3.10/site-packages/airflow/example_dags/example_branch_operator.py
[2025-06-25T18:51:36.079-0400] {processor.py:840} INFO - DAG(s) 'example_branch_operator' retrieved from /opt/anaconda3/envs/airflow_env/lib/python3.10/site-packages/airflow/example_dags/example_branch_operator.py
[2025-06-25T18:51:36.083-0400] {logging_mixin.py:188} INFO - [2025-06-25T18:51:36.083-0400] {dag.py:3096} INFO - Sync 1 DAGs
[2025-06-25T18:51:36.115-0400] {logging_mixin.py:188} INFO - [2025-06-25T18:51:36.115-0400] {dag.py:3954} INFO - Setting next_dagrun for example_branch_operator to 2025-06-24 00:00:00+00:00, run_after=2025-06-25 00:00:00+00:00
[2025-06-25T18:51:36.144-0400] {processor.py:183} INFO - Processing /opt/anaconda3/envs/airflow_env/lib/python3.10/site-packages/airflow/example_dags/example_branch_operator.py took 0.082 seconds
[2025-06-25T18:53:02.292-0400] {processor.py:161} INFO - Started process (PID=43894) to work on /opt/anaconda3/envs/airflow_env/lib/python3.10/site-packages/airflow/example_dags/example_branch_operator.py
[2025-06-25T18:53:02.292-0400] {processor.py:830} INFO - Processing file /opt/anaconda3/envs/airflow_env/lib/python3.10/site-packages/airflow/example_dags/example_branch_operator.py for tasks to queue
[2025-06-25T18:53:02.293-0400] {logging_mixin.py:188} INFO - [2025-06-25T18:53:02.293-0400] {dagbag.py:545} INFO - Filling up the DagBag from /opt/anaconda3/envs/airflow_env/lib/python3.10/site-packages/airflow/example_dags/example_branch_operator.py
[2025-06-25T18:53:02.305-0400] {processor.py:840} INFO - DAG(s) 'example_branch_operator' retrieved from /opt/anaconda3/envs/airflow_env/lib/python3.10/site-packages/airflow/example_dags/example_branch_operator.py
[2025-06-25T18:53:02.385-0400] {logging_mixin.py:188} INFO - [2025-06-25T18:53:02.385-0400] {dag.py:3096} INFO - Sync 1 DAGs
[2025-06-25T18:53:02.391-0400] {logging_mixin.py:188} INFO - [2025-06-25T18:53:02.390-0400] {dag.py:3954} INFO - Setting next_dagrun for example_branch_operator to 2025-06-24 00:00:00+00:00, run_after=2025-06-25 00:00:00+00:00
[2025-06-25T18:53:02.398-0400] {processor.py:183} INFO - Processing /opt/anaconda3/envs/airflow_env/lib/python3.10/site-packages/airflow/example_dags/example_branch_operator.py took 0.107 seconds
[2025-06-25T18:53:08.448-0400] {processor.py:161} INFO - Started process (PID=43904) to work on /opt/anaconda3/envs/airflow_env/lib/python3.10/site-packages/airflow/example_dags/example_branch_operator.py
[2025-06-25T18:53:08.448-0400] {processor.py:830} INFO - Processing file /opt/anaconda3/envs/airflow_env/lib/python3.10/site-packages/airflow/example_dags/example_branch_operator.py for tasks to queue
[2025-06-25T18:53:08.448-0400] {logging_mixin.py:188} INFO - [2025-06-25T18:53:08.448-0400] {dagbag.py:545} INFO - Filling up the DagBag from /opt/anaconda3/envs/airflow_env/lib/python3.10/site-packages/airflow/example_dags/example_branch_operator.py
[2025-06-25T18:53:08.462-0400] {processor.py:840} INFO - DAG(s) 'example_branch_operator' retrieved from /opt/anaconda3/envs/airflow_env/lib/python3.10/site-packages/airflow/example_dags/example_branch_operator.py
[2025-06-25T18:53:08.466-0400] {logging_mixin.py:188} INFO - [2025-06-25T18:53:08.466-0400] {dag.py:3096} INFO - Sync 1 DAGs
[2025-06-25T18:53:08.496-0400] {logging_mixin.py:188} INFO - [2025-06-25T18:53:08.496-0400] {dag.py:3954} INFO - Setting next_dagrun for example_branch_operator to 2025-06-24 00:00:00+00:00, run_after=2025-06-25 00:00:00+00:00
[2025-06-25T18:53:08.527-0400] {processor.py:183} INFO - Processing /opt/anaconda3/envs/airflow_env/lib/python3.10/site-packages/airflow/example_dags/example_branch_operator.py took 0.081 seconds
[2025-06-25T18:54:29.877-0400] {processor.py:161} INFO - Started process (PID=44023) to work on /opt/anaconda3/envs/airflow_env/lib/python3.10/site-packages/airflow/example_dags/example_branch_operator.py
[2025-06-25T18:54:29.877-0400] {processor.py:830} INFO - Processing file /opt/anaconda3/envs/airflow_env/lib/python3.10/site-packages/airflow/example_dags/example_branch_operator.py for tasks to queue
[2025-06-25T18:54:29.877-0400] {logging_mixin.py:188} INFO - [2025-06-25T18:54:29.877-0400] {dagbag.py:545} INFO - Filling up the DagBag from /opt/anaconda3/envs/airflow_env/lib/python3.10/site-packages/airflow/example_dags/example_branch_operator.py
[2025-06-25T18:54:29.890-0400] {processor.py:840} INFO - DAG(s) 'example_branch_operator' retrieved from /opt/anaconda3/envs/airflow_env/lib/python3.10/site-packages/airflow/example_dags/example_branch_operator.py
[2025-06-25T18:54:29.978-0400] {logging_mixin.py:188} INFO - [2025-06-25T18:54:29.978-0400] {dag.py:3096} INFO - Sync 1 DAGs
[2025-06-25T18:54:29.984-0400] {logging_mixin.py:188} INFO - [2025-06-25T18:54:29.984-0400] {dag.py:3954} INFO - Setting next_dagrun for example_branch_operator to 2025-06-24 00:00:00+00:00, run_after=2025-06-25 00:00:00+00:00
[2025-06-25T18:54:29.991-0400] {processor.py:183} INFO - Processing /opt/anaconda3/envs/airflow_env/lib/python3.10/site-packages/airflow/example_dags/example_branch_operator.py took 0.116 seconds
[2025-06-25T18:54:42.340-0400] {processor.py:161} INFO - Started process (PID=44046) to work on /opt/anaconda3/envs/airflow_env/lib/python3.10/site-packages/airflow/example_dags/example_branch_operator.py
[2025-06-25T18:54:42.340-0400] {processor.py:830} INFO - Processing file /opt/anaconda3/envs/airflow_env/lib/python3.10/site-packages/airflow/example_dags/example_branch_operator.py for tasks to queue
[2025-06-25T18:54:42.340-0400] {logging_mixin.py:188} INFO - [2025-06-25T18:54:42.340-0400] {dagbag.py:545} INFO - Filling up the DagBag from /opt/anaconda3/envs/airflow_env/lib/python3.10/site-packages/airflow/example_dags/example_branch_operator.py
[2025-06-25T18:54:42.353-0400] {processor.py:840} INFO - DAG(s) 'example_branch_operator' retrieved from /opt/anaconda3/envs/airflow_env/lib/python3.10/site-packages/airflow/example_dags/example_branch_operator.py
[2025-06-25T18:54:42.357-0400] {logging_mixin.py:188} INFO - [2025-06-25T18:54:42.357-0400] {dag.py:3096} INFO - Sync 1 DAGs
[2025-06-25T18:54:42.388-0400] {logging_mixin.py:188} INFO - [2025-06-25T18:54:42.388-0400] {dag.py:3954} INFO - Setting next_dagrun for example_branch_operator to 2025-06-24 00:00:00+00:00, run_after=2025-06-25 00:00:00+00:00
[2025-06-25T18:54:42.424-0400] {processor.py:183} INFO - Processing /opt/anaconda3/envs/airflow_env/lib/python3.10/site-packages/airflow/example_dags/example_branch_operator.py took 0.086 seconds
[2025-06-25T18:55:56.059-0400] {processor.py:161} INFO - Started process (PID=44165) to work on /opt/anaconda3/envs/airflow_env/lib/python3.10/site-packages/airflow/example_dags/example_branch_operator.py
[2025-06-25T18:55:56.059-0400] {processor.py:830} INFO - Processing file /opt/anaconda3/envs/airflow_env/lib/python3.10/site-packages/airflow/example_dags/example_branch_operator.py for tasks to queue
[2025-06-25T18:55:56.060-0400] {logging_mixin.py:188} INFO - [2025-06-25T18:55:56.059-0400] {dagbag.py:545} INFO - Filling up the DagBag from /opt/anaconda3/envs/airflow_env/lib/python3.10/site-packages/airflow/example_dags/example_branch_operator.py
[2025-06-25T18:55:56.074-0400] {processor.py:840} INFO - DAG(s) 'example_branch_operator' retrieved from /opt/anaconda3/envs/airflow_env/lib/python3.10/site-packages/airflow/example_dags/example_branch_operator.py
[2025-06-25T18:55:56.155-0400] {logging_mixin.py:188} INFO - [2025-06-25T18:55:56.155-0400] {dag.py:3096} INFO - Sync 1 DAGs
[2025-06-25T18:55:56.160-0400] {logging_mixin.py:188} INFO - [2025-06-25T18:55:56.160-0400] {dag.py:3954} INFO - Setting next_dagrun for example_branch_operator to 2025-06-24 00:00:00+00:00, run_after=2025-06-25 00:00:00+00:00
[2025-06-25T18:55:56.167-0400] {processor.py:183} INFO - Processing /opt/anaconda3/envs/airflow_env/lib/python3.10/site-packages/airflow/example_dags/example_branch_operator.py took 0.110 seconds
[2025-06-25T18:56:11.472-0400] {processor.py:161} INFO - Started process (PID=44193) to work on /opt/anaconda3/envs/airflow_env/lib/python3.10/site-packages/airflow/example_dags/example_branch_operator.py
[2025-06-25T18:56:11.473-0400] {processor.py:830} INFO - Processing file /opt/anaconda3/envs/airflow_env/lib/python3.10/site-packages/airflow/example_dags/example_branch_operator.py for tasks to queue
[2025-06-25T18:56:11.473-0400] {logging_mixin.py:188} INFO - [2025-06-25T18:56:11.473-0400] {dagbag.py:545} INFO - Filling up the DagBag from /opt/anaconda3/envs/airflow_env/lib/python3.10/site-packages/airflow/example_dags/example_branch_operator.py
[2025-06-25T18:56:11.487-0400] {processor.py:840} INFO - DAG(s) 'example_branch_operator' retrieved from /opt/anaconda3/envs/airflow_env/lib/python3.10/site-packages/airflow/example_dags/example_branch_operator.py
[2025-06-25T18:56:11.491-0400] {logging_mixin.py:188} INFO - [2025-06-25T18:56:11.490-0400] {dag.py:3096} INFO - Sync 1 DAGs
[2025-06-25T18:56:11.520-0400] {logging_mixin.py:188} INFO - [2025-06-25T18:56:11.520-0400] {dag.py:3954} INFO - Setting next_dagrun for example_branch_operator to 2025-06-24 00:00:00+00:00, run_after=2025-06-25 00:00:00+00:00
[2025-06-25T18:56:11.548-0400] {processor.py:183} INFO - Processing /opt/anaconda3/envs/airflow_env/lib/python3.10/site-packages/airflow/example_dags/example_branch_operator.py took 0.077 seconds
[2025-06-25T18:57:28.726-0400] {processor.py:161} INFO - Started process (PID=44304) to work on /opt/anaconda3/envs/airflow_env/lib/python3.10/site-packages/airflow/example_dags/example_branch_operator.py
[2025-06-25T18:57:28.727-0400] {processor.py:830} INFO - Processing file /opt/anaconda3/envs/airflow_env/lib/python3.10/site-packages/airflow/example_dags/example_branch_operator.py for tasks to queue
[2025-06-25T18:57:28.727-0400] {logging_mixin.py:188} INFO - [2025-06-25T18:57:28.727-0400] {dagbag.py:545} INFO - Filling up the DagBag from /opt/anaconda3/envs/airflow_env/lib/python3.10/site-packages/airflow/example_dags/example_branch_operator.py
[2025-06-25T18:57:28.740-0400] {processor.py:840} INFO - DAG(s) 'example_branch_operator' retrieved from /opt/anaconda3/envs/airflow_env/lib/python3.10/site-packages/airflow/example_dags/example_branch_operator.py
[2025-06-25T18:57:28.819-0400] {logging_mixin.py:188} INFO - [2025-06-25T18:57:28.819-0400] {dag.py:3096} INFO - Sync 1 DAGs
[2025-06-25T18:57:28.825-0400] {logging_mixin.py:188} INFO - [2025-06-25T18:57:28.825-0400] {dag.py:3954} INFO - Setting next_dagrun for example_branch_operator to 2025-06-24 00:00:00+00:00, run_after=2025-06-25 00:00:00+00:00
[2025-06-25T18:57:28.832-0400] {processor.py:183} INFO - Processing /opt/anaconda3/envs/airflow_env/lib/python3.10/site-packages/airflow/example_dags/example_branch_operator.py took 0.107 seconds
[2025-06-25T18:57:39.078-0400] {processor.py:161} INFO - Started process (PID=44318) to work on /opt/anaconda3/envs/airflow_env/lib/python3.10/site-packages/airflow/example_dags/example_branch_operator.py
[2025-06-25T18:57:39.078-0400] {processor.py:830} INFO - Processing file /opt/anaconda3/envs/airflow_env/lib/python3.10/site-packages/airflow/example_dags/example_branch_operator.py for tasks to queue
[2025-06-25T18:57:39.078-0400] {logging_mixin.py:188} INFO - [2025-06-25T18:57:39.078-0400] {dagbag.py:545} INFO - Filling up the DagBag from /opt/anaconda3/envs/airflow_env/lib/python3.10/site-packages/airflow/example_dags/example_branch_operator.py
[2025-06-25T18:57:39.092-0400] {processor.py:840} INFO - DAG(s) 'example_branch_operator' retrieved from /opt/anaconda3/envs/airflow_env/lib/python3.10/site-packages/airflow/example_dags/example_branch_operator.py
[2025-06-25T18:57:39.096-0400] {logging_mixin.py:188} INFO - [2025-06-25T18:57:39.095-0400] {dag.py:3096} INFO - Sync 1 DAGs
[2025-06-25T18:57:39.125-0400] {logging_mixin.py:188} INFO - [2025-06-25T18:57:39.125-0400] {dag.py:3954} INFO - Setting next_dagrun for example_branch_operator to 2025-06-24 00:00:00+00:00, run_after=2025-06-25 00:00:00+00:00
[2025-06-25T18:57:39.153-0400] {processor.py:183} INFO - Processing /opt/anaconda3/envs/airflow_env/lib/python3.10/site-packages/airflow/example_dags/example_branch_operator.py took 0.077 seconds
[2025-06-25T18:58:58.700-0400] {processor.py:161} INFO - Started process (PID=44448) to work on /opt/anaconda3/envs/airflow_env/lib/python3.10/site-packages/airflow/example_dags/example_branch_operator.py
[2025-06-25T18:58:58.701-0400] {processor.py:830} INFO - Processing file /opt/anaconda3/envs/airflow_env/lib/python3.10/site-packages/airflow/example_dags/example_branch_operator.py for tasks to queue
[2025-06-25T18:58:58.701-0400] {logging_mixin.py:188} INFO - [2025-06-25T18:58:58.701-0400] {dagbag.py:545} INFO - Filling up the DagBag from /opt/anaconda3/envs/airflow_env/lib/python3.10/site-packages/airflow/example_dags/example_branch_operator.py
[2025-06-25T18:58:58.713-0400] {processor.py:840} INFO - DAG(s) 'example_branch_operator' retrieved from /opt/anaconda3/envs/airflow_env/lib/python3.10/site-packages/airflow/example_dags/example_branch_operator.py
[2025-06-25T18:58:58.793-0400] {logging_mixin.py:188} INFO - [2025-06-25T18:58:58.793-0400] {dag.py:3096} INFO - Sync 1 DAGs
[2025-06-25T18:58:58.799-0400] {logging_mixin.py:188} INFO - [2025-06-25T18:58:58.799-0400] {dag.py:3954} INFO - Setting next_dagrun for example_branch_operator to 2025-06-24 00:00:00+00:00, run_after=2025-06-25 00:00:00+00:00
[2025-06-25T18:58:58.806-0400] {processor.py:183} INFO - Processing /opt/anaconda3/envs/airflow_env/lib/python3.10/site-packages/airflow/example_dags/example_branch_operator.py took 0.107 seconds
[2025-06-25T18:59:08.206-0400] {processor.py:161} INFO - Started process (PID=44461) to work on /opt/anaconda3/envs/airflow_env/lib/python3.10/site-packages/airflow/example_dags/example_branch_operator.py
[2025-06-25T18:59:08.207-0400] {processor.py:830} INFO - Processing file /opt/anaconda3/envs/airflow_env/lib/python3.10/site-packages/airflow/example_dags/example_branch_operator.py for tasks to queue
[2025-06-25T18:59:08.207-0400] {logging_mixin.py:188} INFO - [2025-06-25T18:59:08.207-0400] {dagbag.py:545} INFO - Filling up the DagBag from /opt/anaconda3/envs/airflow_env/lib/python3.10/site-packages/airflow/example_dags/example_branch_operator.py
[2025-06-25T18:59:08.221-0400] {processor.py:840} INFO - DAG(s) 'example_branch_operator' retrieved from /opt/anaconda3/envs/airflow_env/lib/python3.10/site-packages/airflow/example_dags/example_branch_operator.py
[2025-06-25T18:59:08.225-0400] {logging_mixin.py:188} INFO - [2025-06-25T18:59:08.225-0400] {dag.py:3096} INFO - Sync 1 DAGs
[2025-06-25T18:59:08.255-0400] {logging_mixin.py:188} INFO - [2025-06-25T18:59:08.255-0400] {dag.py:3954} INFO - Setting next_dagrun for example_branch_operator to 2025-06-24 00:00:00+00:00, run_after=2025-06-25 00:00:00+00:00
[2025-06-25T18:59:08.283-0400] {processor.py:183} INFO - Processing /opt/anaconda3/envs/airflow_env/lib/python3.10/site-packages/airflow/example_dags/example_branch_operator.py took 0.078 seconds
[2025-06-25T19:00:27.378-0400] {processor.py:161} INFO - Started process (PID=44587) to work on /opt/anaconda3/envs/airflow_env/lib/python3.10/site-packages/airflow/example_dags/example_branch_operator.py
[2025-06-25T19:00:27.378-0400] {processor.py:830} INFO - Processing file /opt/anaconda3/envs/airflow_env/lib/python3.10/site-packages/airflow/example_dags/example_branch_operator.py for tasks to queue
[2025-06-25T19:00:27.379-0400] {logging_mixin.py:188} INFO - [2025-06-25T19:00:27.379-0400] {dagbag.py:545} INFO - Filling up the DagBag from /opt/anaconda3/envs/airflow_env/lib/python3.10/site-packages/airflow/example_dags/example_branch_operator.py
[2025-06-25T19:00:27.392-0400] {processor.py:840} INFO - DAG(s) 'example_branch_operator' retrieved from /opt/anaconda3/envs/airflow_env/lib/python3.10/site-packages/airflow/example_dags/example_branch_operator.py
[2025-06-25T19:00:27.477-0400] {logging_mixin.py:188} INFO - [2025-06-25T19:00:27.477-0400] {dag.py:3096} INFO - Sync 1 DAGs
[2025-06-25T19:00:27.482-0400] {logging_mixin.py:188} INFO - [2025-06-25T19:00:27.482-0400] {dag.py:3954} INFO - Setting next_dagrun for example_branch_operator to 2025-06-24 00:00:00+00:00, run_after=2025-06-25 00:00:00+00:00
[2025-06-25T19:00:27.490-0400] {processor.py:183} INFO - Processing /opt/anaconda3/envs/airflow_env/lib/python3.10/site-packages/airflow/example_dags/example_branch_operator.py took 0.113 seconds
[2025-06-25T19:00:32.710-0400] {processor.py:161} INFO - Started process (PID=44595) to work on /opt/anaconda3/envs/airflow_env/lib/python3.10/site-packages/airflow/example_dags/example_branch_operator.py
[2025-06-25T19:00:32.710-0400] {processor.py:830} INFO - Processing file /opt/anaconda3/envs/airflow_env/lib/python3.10/site-packages/airflow/example_dags/example_branch_operator.py for tasks to queue
[2025-06-25T19:00:32.711-0400] {logging_mixin.py:188} INFO - [2025-06-25T19:00:32.711-0400] {dagbag.py:545} INFO - Filling up the DagBag from /opt/anaconda3/envs/airflow_env/lib/python3.10/site-packages/airflow/example_dags/example_branch_operator.py
[2025-06-25T19:00:32.724-0400] {processor.py:840} INFO - DAG(s) 'example_branch_operator' retrieved from /opt/anaconda3/envs/airflow_env/lib/python3.10/site-packages/airflow/example_dags/example_branch_operator.py
[2025-06-25T19:00:32.728-0400] {logging_mixin.py:188} INFO - [2025-06-25T19:00:32.728-0400] {dag.py:3096} INFO - Sync 1 DAGs
[2025-06-25T19:00:32.757-0400] {logging_mixin.py:188} INFO - [2025-06-25T19:00:32.757-0400] {dag.py:3954} INFO - Setting next_dagrun for example_branch_operator to 2025-06-24 00:00:00+00:00, run_after=2025-06-25 00:00:00+00:00
[2025-06-25T19:00:32.786-0400] {processor.py:183} INFO - Processing /opt/anaconda3/envs/airflow_env/lib/python3.10/site-packages/airflow/example_dags/example_branch_operator.py took 0.077 seconds
[2025-06-25T19:01:58.077-0400] {processor.py:161} INFO - Started process (PID=44743) to work on /opt/anaconda3/envs/airflow_env/lib/python3.10/site-packages/airflow/example_dags/example_branch_operator.py
[2025-06-25T19:01:58.078-0400] {processor.py:830} INFO - Processing file /opt/anaconda3/envs/airflow_env/lib/python3.10/site-packages/airflow/example_dags/example_branch_operator.py for tasks to queue
[2025-06-25T19:01:58.078-0400] {logging_mixin.py:188} INFO - [2025-06-25T19:01:58.078-0400] {dagbag.py:545} INFO - Filling up the DagBag from /opt/anaconda3/envs/airflow_env/lib/python3.10/site-packages/airflow/example_dags/example_branch_operator.py
[2025-06-25T19:01:58.091-0400] {processor.py:840} INFO - DAG(s) 'example_branch_operator' retrieved from /opt/anaconda3/envs/airflow_env/lib/python3.10/site-packages/airflow/example_dags/example_branch_operator.py
[2025-06-25T19:01:58.172-0400] {logging_mixin.py:188} INFO - [2025-06-25T19:01:58.172-0400] {dag.py:3096} INFO - Sync 1 DAGs
[2025-06-25T19:01:58.177-0400] {logging_mixin.py:188} INFO - [2025-06-25T19:01:58.177-0400] {dag.py:3954} INFO - Setting next_dagrun for example_branch_operator to 2025-06-24 00:00:00+00:00, run_after=2025-06-25 00:00:00+00:00
[2025-06-25T19:01:58.184-0400] {processor.py:183} INFO - Processing /opt/anaconda3/envs/airflow_env/lib/python3.10/site-packages/airflow/example_dags/example_branch_operator.py took 0.109 seconds
[2025-06-25T19:01:58.996-0400] {processor.py:161} INFO - Started process (PID=44745) to work on /opt/anaconda3/envs/airflow_env/lib/python3.10/site-packages/airflow/example_dags/example_branch_operator.py
[2025-06-25T19:01:58.996-0400] {processor.py:830} INFO - Processing file /opt/anaconda3/envs/airflow_env/lib/python3.10/site-packages/airflow/example_dags/example_branch_operator.py for tasks to queue
[2025-06-25T19:01:58.997-0400] {logging_mixin.py:188} INFO - [2025-06-25T19:01:58.997-0400] {dagbag.py:545} INFO - Filling up the DagBag from /opt/anaconda3/envs/airflow_env/lib/python3.10/site-packages/airflow/example_dags/example_branch_operator.py
[2025-06-25T19:01:59.011-0400] {processor.py:840} INFO - DAG(s) 'example_branch_operator' retrieved from /opt/anaconda3/envs/airflow_env/lib/python3.10/site-packages/airflow/example_dags/example_branch_operator.py
[2025-06-25T19:01:59.016-0400] {logging_mixin.py:188} INFO - [2025-06-25T19:01:59.016-0400] {dag.py:3096} INFO - Sync 1 DAGs
[2025-06-25T19:01:59.046-0400] {logging_mixin.py:188} INFO - [2025-06-25T19:01:59.046-0400] {dag.py:3954} INFO - Setting next_dagrun for example_branch_operator to 2025-06-24 00:00:00+00:00, run_after=2025-06-25 00:00:00+00:00
[2025-06-25T19:01:59.073-0400] {processor.py:183} INFO - Processing /opt/anaconda3/envs/airflow_env/lib/python3.10/site-packages/airflow/example_dags/example_branch_operator.py took 0.079 seconds
[2025-06-25T19:03:27.520-0400] {processor.py:161} INFO - Started process (PID=44905) to work on /opt/anaconda3/envs/airflow_env/lib/python3.10/site-packages/airflow/example_dags/example_branch_operator.py
[2025-06-25T19:03:27.521-0400] {processor.py:830} INFO - Processing file /opt/anaconda3/envs/airflow_env/lib/python3.10/site-packages/airflow/example_dags/example_branch_operator.py for tasks to queue
[2025-06-25T19:03:27.521-0400] {logging_mixin.py:188} INFO - [2025-06-25T19:03:27.521-0400] {dagbag.py:545} INFO - Filling up the DagBag from /opt/anaconda3/envs/airflow_env/lib/python3.10/site-packages/airflow/example_dags/example_branch_operator.py
[2025-06-25T19:03:27.534-0400] {processor.py:840} INFO - DAG(s) 'example_branch_operator' retrieved from /opt/anaconda3/envs/airflow_env/lib/python3.10/site-packages/airflow/example_dags/example_branch_operator.py
[2025-06-25T19:03:27.613-0400] {logging_mixin.py:188} INFO - [2025-06-25T19:03:27.613-0400] {dag.py:3096} INFO - Sync 1 DAGs
[2025-06-25T19:03:27.619-0400] {logging_mixin.py:188} INFO - [2025-06-25T19:03:27.619-0400] {dag.py:3954} INFO - Setting next_dagrun for example_branch_operator to 2025-06-24 00:00:00+00:00, run_after=2025-06-25 00:00:00+00:00
[2025-06-25T19:03:27.626-0400] {processor.py:183} INFO - Processing /opt/anaconda3/envs/airflow_env/lib/python3.10/site-packages/airflow/example_dags/example_branch_operator.py took 0.107 seconds
[2025-06-25T19:03:29.444-0400] {processor.py:161} INFO - Started process (PID=44908) to work on /opt/anaconda3/envs/airflow_env/lib/python3.10/site-packages/airflow/example_dags/example_branch_operator.py
[2025-06-25T19:03:29.444-0400] {processor.py:830} INFO - Processing file /opt/anaconda3/envs/airflow_env/lib/python3.10/site-packages/airflow/example_dags/example_branch_operator.py for tasks to queue
[2025-06-25T19:03:29.445-0400] {logging_mixin.py:188} INFO - [2025-06-25T19:03:29.445-0400] {dagbag.py:545} INFO - Filling up the DagBag from /opt/anaconda3/envs/airflow_env/lib/python3.10/site-packages/airflow/example_dags/example_branch_operator.py
[2025-06-25T19:03:29.457-0400] {processor.py:840} INFO - DAG(s) 'example_branch_operator' retrieved from /opt/anaconda3/envs/airflow_env/lib/python3.10/site-packages/airflow/example_dags/example_branch_operator.py
[2025-06-25T19:03:29.461-0400] {logging_mixin.py:188} INFO - [2025-06-25T19:03:29.461-0400] {dag.py:3096} INFO - Sync 1 DAGs
[2025-06-25T19:03:29.489-0400] {logging_mixin.py:188} INFO - [2025-06-25T19:03:29.489-0400] {dag.py:3954} INFO - Setting next_dagrun for example_branch_operator to 2025-06-24 00:00:00+00:00, run_after=2025-06-25 00:00:00+00:00
[2025-06-25T19:03:29.515-0400] {processor.py:183} INFO - Processing /opt/anaconda3/envs/airflow_env/lib/python3.10/site-packages/airflow/example_dags/example_branch_operator.py took 0.072 seconds
[2025-06-25T19:05:00.611-0400] {processor.py:161} INFO - Started process (PID=45066) to work on /opt/anaconda3/envs/airflow_env/lib/python3.10/site-packages/airflow/example_dags/example_branch_operator.py
[2025-06-25T19:05:00.612-0400] {processor.py:830} INFO - Processing file /opt/anaconda3/envs/airflow_env/lib/python3.10/site-packages/airflow/example_dags/example_branch_operator.py for tasks to queue
[2025-06-25T19:05:00.612-0400] {logging_mixin.py:188} INFO - [2025-06-25T19:05:00.612-0400] {dagbag.py:545} INFO - Filling up the DagBag from /opt/anaconda3/envs/airflow_env/lib/python3.10/site-packages/airflow/example_dags/example_branch_operator.py
[2025-06-25T19:05:00.613-0400] {processor.py:161} INFO - Started process (PID=45067) to work on /opt/anaconda3/envs/airflow_env/lib/python3.10/site-packages/airflow/example_dags/example_branch_operator.py
[2025-06-25T19:05:00.613-0400] {processor.py:830} INFO - Processing file /opt/anaconda3/envs/airflow_env/lib/python3.10/site-packages/airflow/example_dags/example_branch_operator.py for tasks to queue
[2025-06-25T19:05:00.613-0400] {logging_mixin.py:188} INFO - [2025-06-25T19:05:00.613-0400] {dagbag.py:545} INFO - Filling up the DagBag from /opt/anaconda3/envs/airflow_env/lib/python3.10/site-packages/airflow/example_dags/example_branch_operator.py
[2025-06-25T19:05:00.626-0400] {processor.py:840} INFO - DAG(s) 'example_branch_operator' retrieved from /opt/anaconda3/envs/airflow_env/lib/python3.10/site-packages/airflow/example_dags/example_branch_operator.py
[2025-06-25T19:05:00.627-0400] {processor.py:840} INFO - DAG(s) 'example_branch_operator' retrieved from /opt/anaconda3/envs/airflow_env/lib/python3.10/site-packages/airflow/example_dags/example_branch_operator.py
[2025-06-25T19:05:00.715-0400] {logging_mixin.py:188} INFO - [2025-06-25T19:05:00.715-0400] {dag.py:3096} INFO - Sync 1 DAGs
[2025-06-25T19:05:00.716-0400] {logging_mixin.py:188} INFO - [2025-06-25T19:05:00.716-0400] {dag.py:3096} INFO - Sync 1 DAGs
[2025-06-25T19:05:00.720-0400] {logging_mixin.py:188} INFO - [2025-06-25T19:05:00.720-0400] {dag.py:3954} INFO - Setting next_dagrun for example_branch_operator to 2025-06-24 00:00:00+00:00, run_after=2025-06-25 00:00:00+00:00
[2025-06-25T19:05:00.721-0400] {logging_mixin.py:188} INFO - [2025-06-25T19:05:00.721-0400] {dag.py:3954} INFO - Setting next_dagrun for example_branch_operator to 2025-06-24 00:00:00+00:00, run_after=2025-06-25 00:00:00+00:00
[2025-06-25T19:05:00.732-0400] {processor.py:183} INFO - Processing /opt/anaconda3/envs/airflow_env/lib/python3.10/site-packages/airflow/example_dags/example_branch_operator.py took 0.122 seconds
[2025-06-25T19:05:00.733-0400] {processor.py:183} INFO - Processing /opt/anaconda3/envs/airflow_env/lib/python3.10/site-packages/airflow/example_dags/example_branch_operator.py took 0.125 seconds
[2025-06-25T19:06:36.187-0400] {processor.py:161} INFO - Started process (PID=45225) to work on /opt/anaconda3/envs/airflow_env/lib/python3.10/site-packages/airflow/example_dags/example_branch_operator.py
[2025-06-25T19:06:36.188-0400] {processor.py:830} INFO - Processing file /opt/anaconda3/envs/airflow_env/lib/python3.10/site-packages/airflow/example_dags/example_branch_operator.py for tasks to queue
[2025-06-25T19:06:36.188-0400] {logging_mixin.py:188} INFO - [2025-06-25T19:06:36.188-0400] {dagbag.py:545} INFO - Filling up the DagBag from /opt/anaconda3/envs/airflow_env/lib/python3.10/site-packages/airflow/example_dags/example_branch_operator.py
[2025-06-25T19:06:36.201-0400] {processor.py:840} INFO - DAG(s) 'example_branch_operator' retrieved from /opt/anaconda3/envs/airflow_env/lib/python3.10/site-packages/airflow/example_dags/example_branch_operator.py
[2025-06-25T19:06:36.287-0400] {logging_mixin.py:188} INFO - [2025-06-25T19:06:36.287-0400] {dag.py:3096} INFO - Sync 1 DAGs
[2025-06-25T19:06:36.293-0400] {logging_mixin.py:188} INFO - [2025-06-25T19:06:36.293-0400] {dag.py:3954} INFO - Setting next_dagrun for example_branch_operator to 2025-06-24 00:00:00+00:00, run_after=2025-06-25 00:00:00+00:00
[2025-06-25T19:06:36.300-0400] {processor.py:183} INFO - Processing /opt/anaconda3/envs/airflow_env/lib/python3.10/site-packages/airflow/example_dags/example_branch_operator.py took 0.115 seconds
[2025-06-25T19:06:36.635-0400] {processor.py:161} INFO - Started process (PID=45227) to work on /opt/anaconda3/envs/airflow_env/lib/python3.10/site-packages/airflow/example_dags/example_branch_operator.py
[2025-06-25T19:06:36.635-0400] {processor.py:830} INFO - Processing file /opt/anaconda3/envs/airflow_env/lib/python3.10/site-packages/airflow/example_dags/example_branch_operator.py for tasks to queue
[2025-06-25T19:06:36.635-0400] {logging_mixin.py:188} INFO - [2025-06-25T19:06:36.635-0400] {dagbag.py:545} INFO - Filling up the DagBag from /opt/anaconda3/envs/airflow_env/lib/python3.10/site-packages/airflow/example_dags/example_branch_operator.py
[2025-06-25T19:06:36.648-0400] {processor.py:840} INFO - DAG(s) 'example_branch_operator' retrieved from /opt/anaconda3/envs/airflow_env/lib/python3.10/site-packages/airflow/example_dags/example_branch_operator.py
[2025-06-25T19:06:36.651-0400] {logging_mixin.py:188} INFO - [2025-06-25T19:06:36.651-0400] {dag.py:3096} INFO - Sync 1 DAGs
[2025-06-25T19:06:36.681-0400] {logging_mixin.py:188} INFO - [2025-06-25T19:06:36.681-0400] {dag.py:3954} INFO - Setting next_dagrun for example_branch_operator to 2025-06-24 00:00:00+00:00, run_after=2025-06-25 00:00:00+00:00
[2025-06-25T19:06:36.706-0400] {processor.py:183} INFO - Processing /opt/anaconda3/envs/airflow_env/lib/python3.10/site-packages/airflow/example_dags/example_branch_operator.py took 0.073 seconds
[2025-06-25T19:08:05.398-0400] {processor.py:161} INFO - Started process (PID=45374) to work on /opt/anaconda3/envs/airflow_env/lib/python3.10/site-packages/airflow/example_dags/example_branch_operator.py
[2025-06-25T19:08:05.399-0400] {processor.py:830} INFO - Processing file /opt/anaconda3/envs/airflow_env/lib/python3.10/site-packages/airflow/example_dags/example_branch_operator.py for tasks to queue
[2025-06-25T19:08:05.400-0400] {logging_mixin.py:188} INFO - [2025-06-25T19:08:05.400-0400] {dagbag.py:545} INFO - Filling up the DagBag from /opt/anaconda3/envs/airflow_env/lib/python3.10/site-packages/airflow/example_dags/example_branch_operator.py
[2025-06-25T19:08:05.413-0400] {processor.py:840} INFO - DAG(s) 'example_branch_operator' retrieved from /opt/anaconda3/envs/airflow_env/lib/python3.10/site-packages/airflow/example_dags/example_branch_operator.py
[2025-06-25T19:08:05.502-0400] {logging_mixin.py:188} INFO - [2025-06-25T19:08:05.502-0400] {dag.py:3096} INFO - Sync 1 DAGs
[2025-06-25T19:08:05.508-0400] {logging_mixin.py:188} INFO - [2025-06-25T19:08:05.508-0400] {dag.py:3954} INFO - Setting next_dagrun for example_branch_operator to 2025-06-24 00:00:00+00:00, run_after=2025-06-25 00:00:00+00:00
[2025-06-25T19:08:05.515-0400] {processor.py:183} INFO - Processing /opt/anaconda3/envs/airflow_env/lib/python3.10/site-packages/airflow/example_dags/example_branch_operator.py took 0.118 seconds
[2025-06-25T19:08:08.822-0400] {processor.py:161} INFO - Started process (PID=45380) to work on /opt/anaconda3/envs/airflow_env/lib/python3.10/site-packages/airflow/example_dags/example_branch_operator.py
[2025-06-25T19:08:08.823-0400] {processor.py:830} INFO - Processing file /opt/anaconda3/envs/airflow_env/lib/python3.10/site-packages/airflow/example_dags/example_branch_operator.py for tasks to queue
[2025-06-25T19:08:08.823-0400] {logging_mixin.py:188} INFO - [2025-06-25T19:08:08.823-0400] {dagbag.py:545} INFO - Filling up the DagBag from /opt/anaconda3/envs/airflow_env/lib/python3.10/site-packages/airflow/example_dags/example_branch_operator.py
[2025-06-25T19:08:08.836-0400] {processor.py:840} INFO - DAG(s) 'example_branch_operator' retrieved from /opt/anaconda3/envs/airflow_env/lib/python3.10/site-packages/airflow/example_dags/example_branch_operator.py
[2025-06-25T19:08:08.839-0400] {logging_mixin.py:188} INFO - [2025-06-25T19:08:08.839-0400] {dag.py:3096} INFO - Sync 1 DAGs
[2025-06-25T19:08:08.868-0400] {logging_mixin.py:188} INFO - [2025-06-25T19:08:08.868-0400] {dag.py:3954} INFO - Setting next_dagrun for example_branch_operator to 2025-06-24 00:00:00+00:00, run_after=2025-06-25 00:00:00+00:00
[2025-06-25T19:08:08.895-0400] {processor.py:183} INFO - Processing /opt/anaconda3/envs/airflow_env/lib/python3.10/site-packages/airflow/example_dags/example_branch_operator.py took 0.074 seconds
[2025-06-25T19:09:35.123-0400] {processor.py:161} INFO - Started process (PID=45512) to work on /opt/anaconda3/envs/airflow_env/lib/python3.10/site-packages/airflow/example_dags/example_branch_operator.py
[2025-06-25T19:09:35.124-0400] {processor.py:830} INFO - Processing file /opt/anaconda3/envs/airflow_env/lib/python3.10/site-packages/airflow/example_dags/example_branch_operator.py for tasks to queue
[2025-06-25T19:09:35.125-0400] {logging_mixin.py:188} INFO - [2025-06-25T19:09:35.125-0400] {dagbag.py:545} INFO - Filling up the DagBag from /opt/anaconda3/envs/airflow_env/lib/python3.10/site-packages/airflow/example_dags/example_branch_operator.py
[2025-06-25T19:09:35.138-0400] {processor.py:840} INFO - DAG(s) 'example_branch_operator' retrieved from /opt/anaconda3/envs/airflow_env/lib/python3.10/site-packages/airflow/example_dags/example_branch_operator.py
[2025-06-25T19:09:35.222-0400] {logging_mixin.py:188} INFO - [2025-06-25T19:09:35.222-0400] {dag.py:3096} INFO - Sync 1 DAGs
[2025-06-25T19:09:35.227-0400] {logging_mixin.py:188} INFO - [2025-06-25T19:09:35.227-0400] {dag.py:3954} INFO - Setting next_dagrun for example_branch_operator to 2025-06-24 00:00:00+00:00, run_after=2025-06-25 00:00:00+00:00
[2025-06-25T19:09:35.235-0400] {processor.py:183} INFO - Processing /opt/anaconda3/envs/airflow_env/lib/python3.10/site-packages/airflow/example_dags/example_branch_operator.py took 0.113 seconds
[2025-06-25T19:09:38.141-0400] {processor.py:161} INFO - Started process (PID=45516) to work on /opt/anaconda3/envs/airflow_env/lib/python3.10/site-packages/airflow/example_dags/example_branch_operator.py
[2025-06-25T19:09:38.141-0400] {processor.py:830} INFO - Processing file /opt/anaconda3/envs/airflow_env/lib/python3.10/site-packages/airflow/example_dags/example_branch_operator.py for tasks to queue
[2025-06-25T19:09:38.142-0400] {logging_mixin.py:188} INFO - [2025-06-25T19:09:38.142-0400] {dagbag.py:545} INFO - Filling up the DagBag from /opt/anaconda3/envs/airflow_env/lib/python3.10/site-packages/airflow/example_dags/example_branch_operator.py
[2025-06-25T19:09:38.155-0400] {processor.py:840} INFO - DAG(s) 'example_branch_operator' retrieved from /opt/anaconda3/envs/airflow_env/lib/python3.10/site-packages/airflow/example_dags/example_branch_operator.py
[2025-06-25T19:09:38.159-0400] {logging_mixin.py:188} INFO - [2025-06-25T19:09:38.159-0400] {dag.py:3096} INFO - Sync 1 DAGs
[2025-06-25T19:09:38.189-0400] {logging_mixin.py:188} INFO - [2025-06-25T19:09:38.189-0400] {dag.py:3954} INFO - Setting next_dagrun for example_branch_operator to 2025-06-24 00:00:00+00:00, run_after=2025-06-25 00:00:00+00:00
[2025-06-25T19:09:38.216-0400] {processor.py:183} INFO - Processing /opt/anaconda3/envs/airflow_env/lib/python3.10/site-packages/airflow/example_dags/example_branch_operator.py took 0.077 seconds
[2025-06-25T19:11:07.351-0400] {processor.py:161} INFO - Started process (PID=45673) to work on /opt/anaconda3/envs/airflow_env/lib/python3.10/site-packages/airflow/example_dags/example_branch_operator.py
[2025-06-25T19:11:07.352-0400] {processor.py:830} INFO - Processing file /opt/anaconda3/envs/airflow_env/lib/python3.10/site-packages/airflow/example_dags/example_branch_operator.py for tasks to queue
[2025-06-25T19:11:07.352-0400] {logging_mixin.py:188} INFO - [2025-06-25T19:11:07.352-0400] {dagbag.py:545} INFO - Filling up the DagBag from /opt/anaconda3/envs/airflow_env/lib/python3.10/site-packages/airflow/example_dags/example_branch_operator.py
[2025-06-25T19:11:07.365-0400] {processor.py:840} INFO - DAG(s) 'example_branch_operator' retrieved from /opt/anaconda3/envs/airflow_env/lib/python3.10/site-packages/airflow/example_dags/example_branch_operator.py
[2025-06-25T19:11:07.455-0400] {logging_mixin.py:188} INFO - [2025-06-25T19:11:07.455-0400] {dag.py:3096} INFO - Sync 1 DAGs
[2025-06-25T19:11:07.460-0400] {logging_mixin.py:188} INFO - [2025-06-25T19:11:07.460-0400] {dag.py:3954} INFO - Setting next_dagrun for example_branch_operator to 2025-06-24 00:00:00+00:00, run_after=2025-06-25 00:00:00+00:00
[2025-06-25T19:11:07.467-0400] {processor.py:183} INFO - Processing /opt/anaconda3/envs/airflow_env/lib/python3.10/site-packages/airflow/example_dags/example_branch_operator.py took 0.118 seconds
[2025-06-25T19:11:11.512-0400] {processor.py:161} INFO - Started process (PID=45680) to work on /opt/anaconda3/envs/airflow_env/lib/python3.10/site-packages/airflow/example_dags/example_branch_operator.py
[2025-06-25T19:11:11.513-0400] {processor.py:830} INFO - Processing file /opt/anaconda3/envs/airflow_env/lib/python3.10/site-packages/airflow/example_dags/example_branch_operator.py for tasks to queue
[2025-06-25T19:11:11.513-0400] {logging_mixin.py:188} INFO - [2025-06-25T19:11:11.513-0400] {dagbag.py:545} INFO - Filling up the DagBag from /opt/anaconda3/envs/airflow_env/lib/python3.10/site-packages/airflow/example_dags/example_branch_operator.py
[2025-06-25T19:11:11.525-0400] {processor.py:840} INFO - DAG(s) 'example_branch_operator' retrieved from /opt/anaconda3/envs/airflow_env/lib/python3.10/site-packages/airflow/example_dags/example_branch_operator.py
[2025-06-25T19:11:11.529-0400] {logging_mixin.py:188} INFO - [2025-06-25T19:11:11.529-0400] {dag.py:3096} INFO - Sync 1 DAGs
[2025-06-25T19:11:11.557-0400] {logging_mixin.py:188} INFO - [2025-06-25T19:11:11.557-0400] {dag.py:3954} INFO - Setting next_dagrun for example_branch_operator to 2025-06-24 00:00:00+00:00, run_after=2025-06-25 00:00:00+00:00
[2025-06-25T19:11:11.582-0400] {processor.py:183} INFO - Processing /opt/anaconda3/envs/airflow_env/lib/python3.10/site-packages/airflow/example_dags/example_branch_operator.py took 0.072 seconds
[2025-06-25T19:12:41.747-0400] {processor.py:161} INFO - Started process (PID=45867) to work on /opt/anaconda3/envs/airflow_env/lib/python3.10/site-packages/airflow/example_dags/example_branch_operator.py
[2025-06-25T19:12:41.747-0400] {processor.py:830} INFO - Processing file /opt/anaconda3/envs/airflow_env/lib/python3.10/site-packages/airflow/example_dags/example_branch_operator.py for tasks to queue
[2025-06-25T19:12:41.748-0400] {logging_mixin.py:188} INFO - [2025-06-25T19:12:41.747-0400] {dagbag.py:545} INFO - Filling up the DagBag from /opt/anaconda3/envs/airflow_env/lib/python3.10/site-packages/airflow/example_dags/example_branch_operator.py
[2025-06-25T19:12:41.760-0400] {processor.py:840} INFO - DAG(s) 'example_branch_operator' retrieved from /opt/anaconda3/envs/airflow_env/lib/python3.10/site-packages/airflow/example_dags/example_branch_operator.py
[2025-06-25T19:12:41.843-0400] {logging_mixin.py:188} INFO - [2025-06-25T19:12:41.842-0400] {dag.py:3096} INFO - Sync 1 DAGs
[2025-06-25T19:12:41.848-0400] {logging_mixin.py:188} INFO - [2025-06-25T19:12:41.848-0400] {dag.py:3954} INFO - Setting next_dagrun for example_branch_operator to 2025-06-24 00:00:00+00:00, run_after=2025-06-25 00:00:00+00:00
[2025-06-25T19:12:41.855-0400] {processor.py:183} INFO - Processing /opt/anaconda3/envs/airflow_env/lib/python3.10/site-packages/airflow/example_dags/example_branch_operator.py took 0.110 seconds
[2025-06-25T19:12:45.208-0400] {processor.py:161} INFO - Started process (PID=45881) to work on /opt/anaconda3/envs/airflow_env/lib/python3.10/site-packages/airflow/example_dags/example_branch_operator.py
[2025-06-25T19:12:45.208-0400] {processor.py:830} INFO - Processing file /opt/anaconda3/envs/airflow_env/lib/python3.10/site-packages/airflow/example_dags/example_branch_operator.py for tasks to queue
[2025-06-25T19:12:45.209-0400] {logging_mixin.py:188} INFO - [2025-06-25T19:12:45.209-0400] {dagbag.py:545} INFO - Filling up the DagBag from /opt/anaconda3/envs/airflow_env/lib/python3.10/site-packages/airflow/example_dags/example_branch_operator.py
[2025-06-25T19:12:45.222-0400] {processor.py:840} INFO - DAG(s) 'example_branch_operator' retrieved from /opt/anaconda3/envs/airflow_env/lib/python3.10/site-packages/airflow/example_dags/example_branch_operator.py
[2025-06-25T19:12:45.226-0400] {logging_mixin.py:188} INFO - [2025-06-25T19:12:45.226-0400] {dag.py:3096} INFO - Sync 1 DAGs
[2025-06-25T19:12:45.259-0400] {logging_mixin.py:188} INFO - [2025-06-25T19:12:45.259-0400] {dag.py:3954} INFO - Setting next_dagrun for example_branch_operator to 2025-06-24 00:00:00+00:00, run_after=2025-06-25 00:00:00+00:00
[2025-06-25T19:12:45.294-0400] {processor.py:183} INFO - Processing /opt/anaconda3/envs/airflow_env/lib/python3.10/site-packages/airflow/example_dags/example_branch_operator.py took 0.087 seconds
[2025-06-25T19:14:17.066-0400] {processor.py:161} INFO - Started process (PID=46063) to work on /opt/anaconda3/envs/airflow_env/lib/python3.10/site-packages/airflow/example_dags/example_branch_operator.py
[2025-06-25T19:14:17.067-0400] {processor.py:830} INFO - Processing file /opt/anaconda3/envs/airflow_env/lib/python3.10/site-packages/airflow/example_dags/example_branch_operator.py for tasks to queue
[2025-06-25T19:14:17.067-0400] {logging_mixin.py:188} INFO - [2025-06-25T19:14:17.067-0400] {dagbag.py:545} INFO - Filling up the DagBag from /opt/anaconda3/envs/airflow_env/lib/python3.10/site-packages/airflow/example_dags/example_branch_operator.py
[2025-06-25T19:14:17.080-0400] {processor.py:840} INFO - DAG(s) 'example_branch_operator' retrieved from /opt/anaconda3/envs/airflow_env/lib/python3.10/site-packages/airflow/example_dags/example_branch_operator.py
[2025-06-25T19:14:17.161-0400] {logging_mixin.py:188} INFO - [2025-06-25T19:14:17.161-0400] {dag.py:3096} INFO - Sync 1 DAGs
[2025-06-25T19:14:17.167-0400] {logging_mixin.py:188} INFO - [2025-06-25T19:14:17.166-0400] {dag.py:3954} INFO - Setting next_dagrun for example_branch_operator to 2025-06-24 00:00:00+00:00, run_after=2025-06-25 00:00:00+00:00
[2025-06-25T19:14:17.173-0400] {processor.py:183} INFO - Processing /opt/anaconda3/envs/airflow_env/lib/python3.10/site-packages/airflow/example_dags/example_branch_operator.py took 0.108 seconds
[2025-06-25T19:14:26.387-0400] {processor.py:161} INFO - Started process (PID=46075) to work on /opt/anaconda3/envs/airflow_env/lib/python3.10/site-packages/airflow/example_dags/example_branch_operator.py
[2025-06-25T19:14:26.388-0400] {processor.py:830} INFO - Processing file /opt/anaconda3/envs/airflow_env/lib/python3.10/site-packages/airflow/example_dags/example_branch_operator.py for tasks to queue
[2025-06-25T19:14:26.388-0400] {logging_mixin.py:188} INFO - [2025-06-25T19:14:26.388-0400] {dagbag.py:545} INFO - Filling up the DagBag from /opt/anaconda3/envs/airflow_env/lib/python3.10/site-packages/airflow/example_dags/example_branch_operator.py
[2025-06-25T19:14:26.401-0400] {processor.py:840} INFO - DAG(s) 'example_branch_operator' retrieved from /opt/anaconda3/envs/airflow_env/lib/python3.10/site-packages/airflow/example_dags/example_branch_operator.py
[2025-06-25T19:14:26.405-0400] {logging_mixin.py:188} INFO - [2025-06-25T19:14:26.405-0400] {dag.py:3096} INFO - Sync 1 DAGs
[2025-06-25T19:14:26.435-0400] {logging_mixin.py:188} INFO - [2025-06-25T19:14:26.435-0400] {dag.py:3954} INFO - Setting next_dagrun for example_branch_operator to 2025-06-24 00:00:00+00:00, run_after=2025-06-25 00:00:00+00:00
[2025-06-25T19:14:26.461-0400] {processor.py:183} INFO - Processing /opt/anaconda3/envs/airflow_env/lib/python3.10/site-packages/airflow/example_dags/example_branch_operator.py took 0.075 seconds
[2025-06-25T19:15:45.337-0400] {processor.py:161} INFO - Started process (PID=46224) to work on /opt/anaconda3/envs/airflow_env/lib/python3.10/site-packages/airflow/example_dags/example_branch_operator.py
[2025-06-25T19:15:45.337-0400] {processor.py:830} INFO - Processing file /opt/anaconda3/envs/airflow_env/lib/python3.10/site-packages/airflow/example_dags/example_branch_operator.py for tasks to queue
[2025-06-25T19:15:45.337-0400] {logging_mixin.py:188} INFO - [2025-06-25T19:15:45.337-0400] {dagbag.py:545} INFO - Filling up the DagBag from /opt/anaconda3/envs/airflow_env/lib/python3.10/site-packages/airflow/example_dags/example_branch_operator.py
[2025-06-25T19:15:45.350-0400] {processor.py:840} INFO - DAG(s) 'example_branch_operator' retrieved from /opt/anaconda3/envs/airflow_env/lib/python3.10/site-packages/airflow/example_dags/example_branch_operator.py
[2025-06-25T19:15:45.431-0400] {logging_mixin.py:188} INFO - [2025-06-25T19:15:45.431-0400] {dag.py:3096} INFO - Sync 1 DAGs
[2025-06-25T19:15:45.437-0400] {logging_mixin.py:188} INFO - [2025-06-25T19:15:45.437-0400] {dag.py:3954} INFO - Setting next_dagrun for example_branch_operator to 2025-06-24 00:00:00+00:00, run_after=2025-06-25 00:00:00+00:00
[2025-06-25T19:15:45.444-0400] {processor.py:183} INFO - Processing /opt/anaconda3/envs/airflow_env/lib/python3.10/site-packages/airflow/example_dags/example_branch_operator.py took 0.109 seconds
[2025-06-25T19:15:57.230-0400] {processor.py:161} INFO - Started process (PID=46243) to work on /opt/anaconda3/envs/airflow_env/lib/python3.10/site-packages/airflow/example_dags/example_branch_operator.py
[2025-06-25T19:15:57.230-0400] {processor.py:830} INFO - Processing file /opt/anaconda3/envs/airflow_env/lib/python3.10/site-packages/airflow/example_dags/example_branch_operator.py for tasks to queue
[2025-06-25T19:15:57.231-0400] {logging_mixin.py:188} INFO - [2025-06-25T19:15:57.231-0400] {dagbag.py:545} INFO - Filling up the DagBag from /opt/anaconda3/envs/airflow_env/lib/python3.10/site-packages/airflow/example_dags/example_branch_operator.py
[2025-06-25T19:15:57.244-0400] {processor.py:840} INFO - DAG(s) 'example_branch_operator' retrieved from /opt/anaconda3/envs/airflow_env/lib/python3.10/site-packages/airflow/example_dags/example_branch_operator.py
[2025-06-25T19:15:57.250-0400] {logging_mixin.py:188} INFO - [2025-06-25T19:15:57.249-0400] {dag.py:3096} INFO - Sync 1 DAGs
[2025-06-25T19:15:57.281-0400] {logging_mixin.py:188} INFO - [2025-06-25T19:15:57.281-0400] {dag.py:3954} INFO - Setting next_dagrun for example_branch_operator to 2025-06-24 00:00:00+00:00, run_after=2025-06-25 00:00:00+00:00
[2025-06-25T19:15:57.312-0400] {processor.py:183} INFO - Processing /opt/anaconda3/envs/airflow_env/lib/python3.10/site-packages/airflow/example_dags/example_branch_operator.py took 0.084 seconds
[2025-06-25T19:17:18.973-0400] {processor.py:161} INFO - Started process (PID=46415) to work on /opt/anaconda3/envs/airflow_env/lib/python3.10/site-packages/airflow/example_dags/example_branch_operator.py
[2025-06-25T19:17:18.973-0400] {processor.py:830} INFO - Processing file /opt/anaconda3/envs/airflow_env/lib/python3.10/site-packages/airflow/example_dags/example_branch_operator.py for tasks to queue
[2025-06-25T19:17:18.973-0400] {logging_mixin.py:188} INFO - [2025-06-25T19:17:18.973-0400] {dagbag.py:545} INFO - Filling up the DagBag from /opt/anaconda3/envs/airflow_env/lib/python3.10/site-packages/airflow/example_dags/example_branch_operator.py
[2025-06-25T19:17:18.986-0400] {processor.py:840} INFO - DAG(s) 'example_branch_operator' retrieved from /opt/anaconda3/envs/airflow_env/lib/python3.10/site-packages/airflow/example_dags/example_branch_operator.py
[2025-06-25T19:17:19.071-0400] {logging_mixin.py:188} INFO - [2025-06-25T19:17:19.070-0400] {dag.py:3096} INFO - Sync 1 DAGs
[2025-06-25T19:17:19.076-0400] {logging_mixin.py:188} INFO - [2025-06-25T19:17:19.076-0400] {dag.py:3954} INFO - Setting next_dagrun for example_branch_operator to 2025-06-24 00:00:00+00:00, run_after=2025-06-25 00:00:00+00:00
[2025-06-25T19:17:19.083-0400] {processor.py:183} INFO - Processing /opt/anaconda3/envs/airflow_env/lib/python3.10/site-packages/airflow/example_dags/example_branch_operator.py took 0.111 seconds
[2025-06-25T19:17:34.834-0400] {processor.py:161} INFO - Started process (PID=46446) to work on /opt/anaconda3/envs/airflow_env/lib/python3.10/site-packages/airflow/example_dags/example_branch_operator.py
[2025-06-25T19:17:34.834-0400] {processor.py:830} INFO - Processing file /opt/anaconda3/envs/airflow_env/lib/python3.10/site-packages/airflow/example_dags/example_branch_operator.py for tasks to queue
[2025-06-25T19:17:34.835-0400] {logging_mixin.py:188} INFO - [2025-06-25T19:17:34.834-0400] {dagbag.py:545} INFO - Filling up the DagBag from /opt/anaconda3/envs/airflow_env/lib/python3.10/site-packages/airflow/example_dags/example_branch_operator.py
[2025-06-25T19:17:34.848-0400] {processor.py:840} INFO - DAG(s) 'example_branch_operator' retrieved from /opt/anaconda3/envs/airflow_env/lib/python3.10/site-packages/airflow/example_dags/example_branch_operator.py
[2025-06-25T19:17:34.853-0400] {logging_mixin.py:188} INFO - [2025-06-25T19:17:34.852-0400] {dag.py:3096} INFO - Sync 1 DAGs
[2025-06-25T19:17:34.883-0400] {logging_mixin.py:188} INFO - [2025-06-25T19:17:34.883-0400] {dag.py:3954} INFO - Setting next_dagrun for example_branch_operator to 2025-06-24 00:00:00+00:00, run_after=2025-06-25 00:00:00+00:00
[2025-06-25T19:17:34.919-0400] {processor.py:183} INFO - Processing /opt/anaconda3/envs/airflow_env/lib/python3.10/site-packages/airflow/example_dags/example_branch_operator.py took 0.087 seconds
[2025-06-25T19:18:53.105-0400] {processor.py:161} INFO - Started process (PID=46618) to work on /opt/anaconda3/envs/airflow_env/lib/python3.10/site-packages/airflow/example_dags/example_branch_operator.py
[2025-06-25T19:18:53.105-0400] {processor.py:830} INFO - Processing file /opt/anaconda3/envs/airflow_env/lib/python3.10/site-packages/airflow/example_dags/example_branch_operator.py for tasks to queue
[2025-06-25T19:18:53.105-0400] {logging_mixin.py:188} INFO - [2025-06-25T19:18:53.105-0400] {dagbag.py:545} INFO - Filling up the DagBag from /opt/anaconda3/envs/airflow_env/lib/python3.10/site-packages/airflow/example_dags/example_branch_operator.py
[2025-06-25T19:18:53.119-0400] {processor.py:840} INFO - DAG(s) 'example_branch_operator' retrieved from /opt/anaconda3/envs/airflow_env/lib/python3.10/site-packages/airflow/example_dags/example_branch_operator.py
[2025-06-25T19:18:53.207-0400] {logging_mixin.py:188} INFO - [2025-06-25T19:18:53.207-0400] {dag.py:3096} INFO - Sync 1 DAGs
[2025-06-25T19:18:53.212-0400] {logging_mixin.py:188} INFO - [2025-06-25T19:18:53.212-0400] {dag.py:3954} INFO - Setting next_dagrun for example_branch_operator to 2025-06-24 00:00:00+00:00, run_after=2025-06-25 00:00:00+00:00
[2025-06-25T19:18:53.220-0400] {processor.py:183} INFO - Processing /opt/anaconda3/envs/airflow_env/lib/python3.10/site-packages/airflow/example_dags/example_branch_operator.py took 0.117 seconds
[2025-06-25T19:19:12.172-0400] {processor.py:161} INFO - Started process (PID=46698) to work on /opt/anaconda3/envs/airflow_env/lib/python3.10/site-packages/airflow/example_dags/example_branch_operator.py
[2025-06-25T19:19:12.173-0400] {processor.py:830} INFO - Processing file /opt/anaconda3/envs/airflow_env/lib/python3.10/site-packages/airflow/example_dags/example_branch_operator.py for tasks to queue
[2025-06-25T19:19:12.173-0400] {logging_mixin.py:188} INFO - [2025-06-25T19:19:12.173-0400] {dagbag.py:545} INFO - Filling up the DagBag from /opt/anaconda3/envs/airflow_env/lib/python3.10/site-packages/airflow/example_dags/example_branch_operator.py
[2025-06-25T19:19:12.187-0400] {processor.py:840} INFO - DAG(s) 'example_branch_operator' retrieved from /opt/anaconda3/envs/airflow_env/lib/python3.10/site-packages/airflow/example_dags/example_branch_operator.py
[2025-06-25T19:19:12.191-0400] {logging_mixin.py:188} INFO - [2025-06-25T19:19:12.190-0400] {dag.py:3096} INFO - Sync 1 DAGs
[2025-06-25T19:19:12.221-0400] {logging_mixin.py:188} INFO - [2025-06-25T19:19:12.221-0400] {dag.py:3954} INFO - Setting next_dagrun for example_branch_operator to 2025-06-24 00:00:00+00:00, run_after=2025-06-25 00:00:00+00:00
[2025-06-25T19:19:12.252-0400] {processor.py:183} INFO - Processing /opt/anaconda3/envs/airflow_env/lib/python3.10/site-packages/airflow/example_dags/example_branch_operator.py took 0.082 seconds
[2025-06-25T19:20:37.264-0400] {processor.py:161} INFO - Started process (PID=46838) to work on /opt/anaconda3/envs/airflow_env/lib/python3.10/site-packages/airflow/example_dags/example_branch_operator.py
[2025-06-25T19:20:37.265-0400] {processor.py:830} INFO - Processing file /opt/anaconda3/envs/airflow_env/lib/python3.10/site-packages/airflow/example_dags/example_branch_operator.py for tasks to queue
[2025-06-25T19:20:37.266-0400] {logging_mixin.py:188} INFO - [2025-06-25T19:20:37.266-0400] {dagbag.py:545} INFO - Filling up the DagBag from /opt/anaconda3/envs/airflow_env/lib/python3.10/site-packages/airflow/example_dags/example_branch_operator.py
[2025-06-25T19:20:37.279-0400] {processor.py:840} INFO - DAG(s) 'example_branch_operator' retrieved from /opt/anaconda3/envs/airflow_env/lib/python3.10/site-packages/airflow/example_dags/example_branch_operator.py
[2025-06-25T19:20:37.362-0400] {logging_mixin.py:188} INFO - [2025-06-25T19:20:37.361-0400] {dag.py:3096} INFO - Sync 1 DAGs
[2025-06-25T19:20:37.367-0400] {logging_mixin.py:188} INFO - [2025-06-25T19:20:37.367-0400] {dag.py:3954} INFO - Setting next_dagrun for example_branch_operator to 2025-06-24 00:00:00+00:00, run_after=2025-06-25 00:00:00+00:00
[2025-06-25T19:20:37.374-0400] {processor.py:183} INFO - Processing /opt/anaconda3/envs/airflow_env/lib/python3.10/site-packages/airflow/example_dags/example_branch_operator.py took 0.112 seconds
[2025-06-25T19:20:56.629-0400] {processor.py:161} INFO - Started process (PID=46899) to work on /opt/anaconda3/envs/airflow_env/lib/python3.10/site-packages/airflow/example_dags/example_branch_operator.py
[2025-06-25T19:20:56.629-0400] {processor.py:830} INFO - Processing file /opt/anaconda3/envs/airflow_env/lib/python3.10/site-packages/airflow/example_dags/example_branch_operator.py for tasks to queue
[2025-06-25T19:20:56.629-0400] {logging_mixin.py:188} INFO - [2025-06-25T19:20:56.629-0400] {dagbag.py:545} INFO - Filling up the DagBag from /opt/anaconda3/envs/airflow_env/lib/python3.10/site-packages/airflow/example_dags/example_branch_operator.py
[2025-06-25T19:20:56.642-0400] {processor.py:840} INFO - DAG(s) 'example_branch_operator' retrieved from /opt/anaconda3/envs/airflow_env/lib/python3.10/site-packages/airflow/example_dags/example_branch_operator.py
[2025-06-25T19:20:56.646-0400] {logging_mixin.py:188} INFO - [2025-06-25T19:20:56.646-0400] {dag.py:3096} INFO - Sync 1 DAGs
[2025-06-25T19:20:56.675-0400] {logging_mixin.py:188} INFO - [2025-06-25T19:20:56.675-0400] {dag.py:3954} INFO - Setting next_dagrun for example_branch_operator to 2025-06-24 00:00:00+00:00, run_after=2025-06-25 00:00:00+00:00
[2025-06-25T19:20:56.701-0400] {processor.py:183} INFO - Processing /opt/anaconda3/envs/airflow_env/lib/python3.10/site-packages/airflow/example_dags/example_branch_operator.py took 0.074 seconds
[2025-06-25T19:22:12.092-0400] {processor.py:161} INFO - Started process (PID=47067) to work on /opt/anaconda3/envs/airflow_env/lib/python3.10/site-packages/airflow/example_dags/example_branch_operator.py
[2025-06-25T19:22:12.092-0400] {processor.py:830} INFO - Processing file /opt/anaconda3/envs/airflow_env/lib/python3.10/site-packages/airflow/example_dags/example_branch_operator.py for tasks to queue
[2025-06-25T19:22:12.093-0400] {logging_mixin.py:188} INFO - [2025-06-25T19:22:12.093-0400] {dagbag.py:545} INFO - Filling up the DagBag from /opt/anaconda3/envs/airflow_env/lib/python3.10/site-packages/airflow/example_dags/example_branch_operator.py
[2025-06-25T19:22:12.106-0400] {processor.py:840} INFO - DAG(s) 'example_branch_operator' retrieved from /opt/anaconda3/envs/airflow_env/lib/python3.10/site-packages/airflow/example_dags/example_branch_operator.py
[2025-06-25T19:22:12.193-0400] {logging_mixin.py:188} INFO - [2025-06-25T19:22:12.193-0400] {dag.py:3096} INFO - Sync 1 DAGs
[2025-06-25T19:22:12.198-0400] {logging_mixin.py:188} INFO - [2025-06-25T19:22:12.198-0400] {dag.py:3954} INFO - Setting next_dagrun for example_branch_operator to 2025-06-24 00:00:00+00:00, run_after=2025-06-25 00:00:00+00:00
[2025-06-25T19:22:12.206-0400] {processor.py:183} INFO - Processing /opt/anaconda3/envs/airflow_env/lib/python3.10/site-packages/airflow/example_dags/example_branch_operator.py took 0.117 seconds
[2025-06-25T19:22:28.966-0400] {processor.py:161} INFO - Started process (PID=47099) to work on /opt/anaconda3/envs/airflow_env/lib/python3.10/site-packages/airflow/example_dags/example_branch_operator.py
[2025-06-25T19:22:28.967-0400] {processor.py:830} INFO - Processing file /opt/anaconda3/envs/airflow_env/lib/python3.10/site-packages/airflow/example_dags/example_branch_operator.py for tasks to queue
[2025-06-25T19:22:28.967-0400] {logging_mixin.py:188} INFO - [2025-06-25T19:22:28.967-0400] {dagbag.py:545} INFO - Filling up the DagBag from /opt/anaconda3/envs/airflow_env/lib/python3.10/site-packages/airflow/example_dags/example_branch_operator.py
[2025-06-25T19:22:28.981-0400] {processor.py:840} INFO - DAG(s) 'example_branch_operator' retrieved from /opt/anaconda3/envs/airflow_env/lib/python3.10/site-packages/airflow/example_dags/example_branch_operator.py
[2025-06-25T19:22:28.986-0400] {logging_mixin.py:188} INFO - [2025-06-25T19:22:28.985-0400] {dag.py:3096} INFO - Sync 1 DAGs
[2025-06-25T19:22:29.017-0400] {logging_mixin.py:188} INFO - [2025-06-25T19:22:29.017-0400] {dag.py:3954} INFO - Setting next_dagrun for example_branch_operator to 2025-06-24 00:00:00+00:00, run_after=2025-06-25 00:00:00+00:00
[2025-06-25T19:22:29.053-0400] {processor.py:183} INFO - Processing /opt/anaconda3/envs/airflow_env/lib/python3.10/site-packages/airflow/example_dags/example_branch_operator.py took 0.089 seconds
[2025-06-25T19:23:44.112-0400] {processor.py:161} INFO - Started process (PID=47256) to work on /opt/anaconda3/envs/airflow_env/lib/python3.10/site-packages/airflow/example_dags/example_branch_operator.py
[2025-06-25T19:23:44.114-0400] {processor.py:830} INFO - Processing file /opt/anaconda3/envs/airflow_env/lib/python3.10/site-packages/airflow/example_dags/example_branch_operator.py for tasks to queue
[2025-06-25T19:23:44.114-0400] {logging_mixin.py:188} INFO - [2025-06-25T19:23:44.114-0400] {dagbag.py:545} INFO - Filling up the DagBag from /opt/anaconda3/envs/airflow_env/lib/python3.10/site-packages/airflow/example_dags/example_branch_operator.py
[2025-06-25T19:23:44.127-0400] {processor.py:840} INFO - DAG(s) 'example_branch_operator' retrieved from /opt/anaconda3/envs/airflow_env/lib/python3.10/site-packages/airflow/example_dags/example_branch_operator.py
[2025-06-25T19:23:44.217-0400] {logging_mixin.py:188} INFO - [2025-06-25T19:23:44.217-0400] {dag.py:3096} INFO - Sync 1 DAGs
[2025-06-25T19:23:44.223-0400] {logging_mixin.py:188} INFO - [2025-06-25T19:23:44.223-0400] {dag.py:3954} INFO - Setting next_dagrun for example_branch_operator to 2025-06-24 00:00:00+00:00, run_after=2025-06-25 00:00:00+00:00
[2025-06-25T19:23:44.231-0400] {processor.py:183} INFO - Processing /opt/anaconda3/envs/airflow_env/lib/python3.10/site-packages/airflow/example_dags/example_branch_operator.py took 0.120 seconds
[2025-06-25T19:24:05.204-0400] {processor.py:161} INFO - Started process (PID=47287) to work on /opt/anaconda3/envs/airflow_env/lib/python3.10/site-packages/airflow/example_dags/example_branch_operator.py
[2025-06-25T19:24:05.205-0400] {processor.py:830} INFO - Processing file /opt/anaconda3/envs/airflow_env/lib/python3.10/site-packages/airflow/example_dags/example_branch_operator.py for tasks to queue
[2025-06-25T19:24:05.205-0400] {logging_mixin.py:188} INFO - [2025-06-25T19:24:05.205-0400] {dagbag.py:545} INFO - Filling up the DagBag from /opt/anaconda3/envs/airflow_env/lib/python3.10/site-packages/airflow/example_dags/example_branch_operator.py
[2025-06-25T19:24:05.219-0400] {processor.py:840} INFO - DAG(s) 'example_branch_operator' retrieved from /opt/anaconda3/envs/airflow_env/lib/python3.10/site-packages/airflow/example_dags/example_branch_operator.py
[2025-06-25T19:24:05.223-0400] {logging_mixin.py:188} INFO - [2025-06-25T19:24:05.223-0400] {dag.py:3096} INFO - Sync 1 DAGs
[2025-06-25T19:24:05.255-0400] {logging_mixin.py:188} INFO - [2025-06-25T19:24:05.255-0400] {dag.py:3954} INFO - Setting next_dagrun for example_branch_operator to 2025-06-24 00:00:00+00:00, run_after=2025-06-25 00:00:00+00:00
[2025-06-25T19:24:05.290-0400] {processor.py:183} INFO - Processing /opt/anaconda3/envs/airflow_env/lib/python3.10/site-packages/airflow/example_dags/example_branch_operator.py took 0.088 seconds
[2025-06-25T19:25:26.519-0400] {processor.py:161} INFO - Started process (PID=47455) to work on /opt/anaconda3/envs/airflow_env/lib/python3.10/site-packages/airflow/example_dags/example_branch_operator.py
[2025-06-25T19:25:26.521-0400] {processor.py:830} INFO - Processing file /opt/anaconda3/envs/airflow_env/lib/python3.10/site-packages/airflow/example_dags/example_branch_operator.py for tasks to queue
[2025-06-25T19:25:26.521-0400] {logging_mixin.py:188} INFO - [2025-06-25T19:25:26.521-0400] {dagbag.py:545} INFO - Filling up the DagBag from /opt/anaconda3/envs/airflow_env/lib/python3.10/site-packages/airflow/example_dags/example_branch_operator.py
[2025-06-25T19:25:26.534-0400] {processor.py:840} INFO - DAG(s) 'example_branch_operator' retrieved from /opt/anaconda3/envs/airflow_env/lib/python3.10/site-packages/airflow/example_dags/example_branch_operator.py
[2025-06-25T19:25:26.619-0400] {logging_mixin.py:188} INFO - [2025-06-25T19:25:26.619-0400] {dag.py:3096} INFO - Sync 1 DAGs
[2025-06-25T19:25:26.625-0400] {logging_mixin.py:188} INFO - [2025-06-25T19:25:26.625-0400] {dag.py:3954} INFO - Setting next_dagrun for example_branch_operator to 2025-06-24 00:00:00+00:00, run_after=2025-06-25 00:00:00+00:00
[2025-06-25T19:25:26.632-0400] {processor.py:183} INFO - Processing /opt/anaconda3/envs/airflow_env/lib/python3.10/site-packages/airflow/example_dags/example_branch_operator.py took 0.114 seconds
[2025-06-25T19:25:44.422-0400] {processor.py:161} INFO - Started process (PID=47481) to work on /opt/anaconda3/envs/airflow_env/lib/python3.10/site-packages/airflow/example_dags/example_branch_operator.py
[2025-06-25T19:25:44.423-0400] {processor.py:830} INFO - Processing file /opt/anaconda3/envs/airflow_env/lib/python3.10/site-packages/airflow/example_dags/example_branch_operator.py for tasks to queue
[2025-06-25T19:25:44.423-0400] {logging_mixin.py:188} INFO - [2025-06-25T19:25:44.423-0400] {dagbag.py:545} INFO - Filling up the DagBag from /opt/anaconda3/envs/airflow_env/lib/python3.10/site-packages/airflow/example_dags/example_branch_operator.py
[2025-06-25T19:25:44.437-0400] {processor.py:840} INFO - DAG(s) 'example_branch_operator' retrieved from /opt/anaconda3/envs/airflow_env/lib/python3.10/site-packages/airflow/example_dags/example_branch_operator.py
[2025-06-25T19:25:44.441-0400] {logging_mixin.py:188} INFO - [2025-06-25T19:25:44.441-0400] {dag.py:3096} INFO - Sync 1 DAGs
[2025-06-25T19:25:44.472-0400] {logging_mixin.py:188} INFO - [2025-06-25T19:25:44.472-0400] {dag.py:3954} INFO - Setting next_dagrun for example_branch_operator to 2025-06-24 00:00:00+00:00, run_after=2025-06-25 00:00:00+00:00
[2025-06-25T19:25:44.502-0400] {processor.py:183} INFO - Processing /opt/anaconda3/envs/airflow_env/lib/python3.10/site-packages/airflow/example_dags/example_branch_operator.py took 0.082 seconds
[2025-06-25T19:27:09.086-0400] {processor.py:161} INFO - Started process (PID=47631) to work on /opt/anaconda3/envs/airflow_env/lib/python3.10/site-packages/airflow/example_dags/example_branch_operator.py
[2025-06-25T19:27:09.087-0400] {processor.py:830} INFO - Processing file /opt/anaconda3/envs/airflow_env/lib/python3.10/site-packages/airflow/example_dags/example_branch_operator.py for tasks to queue
[2025-06-25T19:27:09.087-0400] {logging_mixin.py:188} INFO - [2025-06-25T19:27:09.087-0400] {dagbag.py:545} INFO - Filling up the DagBag from /opt/anaconda3/envs/airflow_env/lib/python3.10/site-packages/airflow/example_dags/example_branch_operator.py
[2025-06-25T19:27:09.102-0400] {processor.py:840} INFO - DAG(s) 'example_branch_operator' retrieved from /opt/anaconda3/envs/airflow_env/lib/python3.10/site-packages/airflow/example_dags/example_branch_operator.py
[2025-06-25T19:27:09.193-0400] {logging_mixin.py:188} INFO - [2025-06-25T19:27:09.193-0400] {dag.py:3096} INFO - Sync 1 DAGs
[2025-06-25T19:27:09.199-0400] {logging_mixin.py:188} INFO - [2025-06-25T19:27:09.199-0400] {dag.py:3954} INFO - Setting next_dagrun for example_branch_operator to 2025-06-24 00:00:00+00:00, run_after=2025-06-25 00:00:00+00:00
[2025-06-25T19:27:09.207-0400] {processor.py:183} INFO - Processing /opt/anaconda3/envs/airflow_env/lib/python3.10/site-packages/airflow/example_dags/example_branch_operator.py took 0.123 seconds
[2025-06-25T19:27:24.141-0400] {processor.py:161} INFO - Started process (PID=47678) to work on /opt/anaconda3/envs/airflow_env/lib/python3.10/site-packages/airflow/example_dags/example_branch_operator.py
[2025-06-25T19:27:24.141-0400] {processor.py:830} INFO - Processing file /opt/anaconda3/envs/airflow_env/lib/python3.10/site-packages/airflow/example_dags/example_branch_operator.py for tasks to queue
[2025-06-25T19:27:24.141-0400] {logging_mixin.py:188} INFO - [2025-06-25T19:27:24.141-0400] {dagbag.py:545} INFO - Filling up the DagBag from /opt/anaconda3/envs/airflow_env/lib/python3.10/site-packages/airflow/example_dags/example_branch_operator.py
[2025-06-25T19:27:24.157-0400] {processor.py:840} INFO - DAG(s) 'example_branch_operator' retrieved from /opt/anaconda3/envs/airflow_env/lib/python3.10/site-packages/airflow/example_dags/example_branch_operator.py
[2025-06-25T19:27:24.161-0400] {logging_mixin.py:188} INFO - [2025-06-25T19:27:24.161-0400] {dag.py:3096} INFO - Sync 1 DAGs
[2025-06-25T19:27:24.200-0400] {logging_mixin.py:188} INFO - [2025-06-25T19:27:24.200-0400] {dag.py:3954} INFO - Setting next_dagrun for example_branch_operator to 2025-06-24 00:00:00+00:00, run_after=2025-06-25 00:00:00+00:00
[2025-06-25T19:27:24.237-0400] {processor.py:183} INFO - Processing /opt/anaconda3/envs/airflow_env/lib/python3.10/site-packages/airflow/example_dags/example_branch_operator.py took 0.098 seconds
[2025-06-25T19:29:19.460-0400] {processor.py:161} INFO - Started process (PID=47920) to work on /opt/anaconda3/envs/airflow_env/lib/python3.10/site-packages/airflow/example_dags/example_branch_operator.py
[2025-06-25T19:29:19.461-0400] {processor.py:830} INFO - Processing file /opt/anaconda3/envs/airflow_env/lib/python3.10/site-packages/airflow/example_dags/example_branch_operator.py for tasks to queue
[2025-06-25T19:29:19.461-0400] {logging_mixin.py:188} INFO - [2025-06-25T19:29:19.461-0400] {dagbag.py:545} INFO - Filling up the DagBag from /opt/anaconda3/envs/airflow_env/lib/python3.10/site-packages/airflow/example_dags/example_branch_operator.py
[2025-06-25T19:29:19.475-0400] {processor.py:840} INFO - DAG(s) 'example_branch_operator' retrieved from /opt/anaconda3/envs/airflow_env/lib/python3.10/site-packages/airflow/example_dags/example_branch_operator.py
[2025-06-25T19:29:19.560-0400] {logging_mixin.py:188} INFO - [2025-06-25T19:29:19.560-0400] {dag.py:3096} INFO - Sync 1 DAGs
[2025-06-25T19:29:19.566-0400] {logging_mixin.py:188} INFO - [2025-06-25T19:29:19.566-0400] {dag.py:3954} INFO - Setting next_dagrun for example_branch_operator to 2025-06-24 00:00:00+00:00, run_after=2025-06-25 00:00:00+00:00
[2025-06-25T19:29:19.574-0400] {processor.py:183} INFO - Processing /opt/anaconda3/envs/airflow_env/lib/python3.10/site-packages/airflow/example_dags/example_branch_operator.py took 0.115 seconds
[2025-06-25T19:29:31.171-0400] {processor.py:161} INFO - Started process (PID=47936) to work on /opt/anaconda3/envs/airflow_env/lib/python3.10/site-packages/airflow/example_dags/example_branch_operator.py
[2025-06-25T19:29:31.172-0400] {processor.py:830} INFO - Processing file /opt/anaconda3/envs/airflow_env/lib/python3.10/site-packages/airflow/example_dags/example_branch_operator.py for tasks to queue
[2025-06-25T19:29:31.172-0400] {logging_mixin.py:188} INFO - [2025-06-25T19:29:31.172-0400] {dagbag.py:545} INFO - Filling up the DagBag from /opt/anaconda3/envs/airflow_env/lib/python3.10/site-packages/airflow/example_dags/example_branch_operator.py
[2025-06-25T19:29:31.185-0400] {processor.py:840} INFO - DAG(s) 'example_branch_operator' retrieved from /opt/anaconda3/envs/airflow_env/lib/python3.10/site-packages/airflow/example_dags/example_branch_operator.py
[2025-06-25T19:29:31.189-0400] {logging_mixin.py:188} INFO - [2025-06-25T19:29:31.189-0400] {dag.py:3096} INFO - Sync 1 DAGs
[2025-06-25T19:29:31.219-0400] {logging_mixin.py:188} INFO - [2025-06-25T19:29:31.219-0400] {dag.py:3954} INFO - Setting next_dagrun for example_branch_operator to 2025-06-24 00:00:00+00:00, run_after=2025-06-25 00:00:00+00:00
[2025-06-25T19:29:31.246-0400] {processor.py:183} INFO - Processing /opt/anaconda3/envs/airflow_env/lib/python3.10/site-packages/airflow/example_dags/example_branch_operator.py took 0.076 seconds
[2025-06-25T19:30:54.607-0400] {processor.py:161} INFO - Started process (PID=48064) to work on /opt/anaconda3/envs/airflow_env/lib/python3.10/site-packages/airflow/example_dags/example_branch_operator.py
[2025-06-25T19:30:54.608-0400] {processor.py:830} INFO - Processing file /opt/anaconda3/envs/airflow_env/lib/python3.10/site-packages/airflow/example_dags/example_branch_operator.py for tasks to queue
[2025-06-25T19:30:54.608-0400] {logging_mixin.py:188} INFO - [2025-06-25T19:30:54.608-0400] {dagbag.py:545} INFO - Filling up the DagBag from /opt/anaconda3/envs/airflow_env/lib/python3.10/site-packages/airflow/example_dags/example_branch_operator.py
[2025-06-25T19:30:54.621-0400] {processor.py:840} INFO - DAG(s) 'example_branch_operator' retrieved from /opt/anaconda3/envs/airflow_env/lib/python3.10/site-packages/airflow/example_dags/example_branch_operator.py
[2025-06-25T19:30:54.702-0400] {logging_mixin.py:188} INFO - [2025-06-25T19:30:54.702-0400] {dag.py:3096} INFO - Sync 1 DAGs
[2025-06-25T19:30:54.707-0400] {logging_mixin.py:188} INFO - [2025-06-25T19:30:54.707-0400] {dag.py:3954} INFO - Setting next_dagrun for example_branch_operator to 2025-06-24 00:00:00+00:00, run_after=2025-06-25 00:00:00+00:00
[2025-06-25T19:30:54.714-0400] {processor.py:183} INFO - Processing /opt/anaconda3/envs/airflow_env/lib/python3.10/site-packages/airflow/example_dags/example_branch_operator.py took 0.109 seconds
[2025-06-25T19:31:06.883-0400] {processor.py:161} INFO - Started process (PID=48082) to work on /opt/anaconda3/envs/airflow_env/lib/python3.10/site-packages/airflow/example_dags/example_branch_operator.py
[2025-06-25T19:31:06.884-0400] {processor.py:830} INFO - Processing file /opt/anaconda3/envs/airflow_env/lib/python3.10/site-packages/airflow/example_dags/example_branch_operator.py for tasks to queue
[2025-06-25T19:31:06.884-0400] {logging_mixin.py:188} INFO - [2025-06-25T19:31:06.884-0400] {dagbag.py:545} INFO - Filling up the DagBag from /opt/anaconda3/envs/airflow_env/lib/python3.10/site-packages/airflow/example_dags/example_branch_operator.py
[2025-06-25T19:31:06.898-0400] {processor.py:840} INFO - DAG(s) 'example_branch_operator' retrieved from /opt/anaconda3/envs/airflow_env/lib/python3.10/site-packages/airflow/example_dags/example_branch_operator.py
[2025-06-25T19:31:06.903-0400] {logging_mixin.py:188} INFO - [2025-06-25T19:31:06.902-0400] {dag.py:3096} INFO - Sync 1 DAGs
[2025-06-25T19:31:06.935-0400] {logging_mixin.py:188} INFO - [2025-06-25T19:31:06.934-0400] {dag.py:3954} INFO - Setting next_dagrun for example_branch_operator to 2025-06-24 00:00:00+00:00, run_after=2025-06-25 00:00:00+00:00
[2025-06-25T19:31:06.969-0400] {processor.py:183} INFO - Processing /opt/anaconda3/envs/airflow_env/lib/python3.10/site-packages/airflow/example_dags/example_branch_operator.py took 0.088 seconds
[2025-06-25T19:32:25.172-0400] {processor.py:161} INFO - Started process (PID=48191) to work on /opt/anaconda3/envs/airflow_env/lib/python3.10/site-packages/airflow/example_dags/example_branch_operator.py
[2025-06-25T19:32:25.173-0400] {processor.py:830} INFO - Processing file /opt/anaconda3/envs/airflow_env/lib/python3.10/site-packages/airflow/example_dags/example_branch_operator.py for tasks to queue
[2025-06-25T19:32:25.173-0400] {logging_mixin.py:188} INFO - [2025-06-25T19:32:25.173-0400] {dagbag.py:545} INFO - Filling up the DagBag from /opt/anaconda3/envs/airflow_env/lib/python3.10/site-packages/airflow/example_dags/example_branch_operator.py
[2025-06-25T19:32:25.186-0400] {processor.py:840} INFO - DAG(s) 'example_branch_operator' retrieved from /opt/anaconda3/envs/airflow_env/lib/python3.10/site-packages/airflow/example_dags/example_branch_operator.py
[2025-06-25T19:32:25.271-0400] {logging_mixin.py:188} INFO - [2025-06-25T19:32:25.271-0400] {dag.py:3096} INFO - Sync 1 DAGs
[2025-06-25T19:32:25.276-0400] {logging_mixin.py:188} INFO - [2025-06-25T19:32:25.276-0400] {dag.py:3954} INFO - Setting next_dagrun for example_branch_operator to 2025-06-24 00:00:00+00:00, run_after=2025-06-25 00:00:00+00:00
[2025-06-25T19:32:25.284-0400] {processor.py:183} INFO - Processing /opt/anaconda3/envs/airflow_env/lib/python3.10/site-packages/airflow/example_dags/example_branch_operator.py took 0.113 seconds
[2025-06-25T19:32:44.850-0400] {processor.py:161} INFO - Started process (PID=48225) to work on /opt/anaconda3/envs/airflow_env/lib/python3.10/site-packages/airflow/example_dags/example_branch_operator.py
[2025-06-25T19:32:44.851-0400] {processor.py:830} INFO - Processing file /opt/anaconda3/envs/airflow_env/lib/python3.10/site-packages/airflow/example_dags/example_branch_operator.py for tasks to queue
[2025-06-25T19:32:44.851-0400] {logging_mixin.py:188} INFO - [2025-06-25T19:32:44.851-0400] {dagbag.py:545} INFO - Filling up the DagBag from /opt/anaconda3/envs/airflow_env/lib/python3.10/site-packages/airflow/example_dags/example_branch_operator.py
[2025-06-25T19:32:44.868-0400] {processor.py:840} INFO - DAG(s) 'example_branch_operator' retrieved from /opt/anaconda3/envs/airflow_env/lib/python3.10/site-packages/airflow/example_dags/example_branch_operator.py
[2025-06-25T19:32:44.873-0400] {logging_mixin.py:188} INFO - [2025-06-25T19:32:44.873-0400] {dag.py:3096} INFO - Sync 1 DAGs
[2025-06-25T19:32:44.909-0400] {logging_mixin.py:188} INFO - [2025-06-25T19:32:44.909-0400] {dag.py:3954} INFO - Setting next_dagrun for example_branch_operator to 2025-06-24 00:00:00+00:00, run_after=2025-06-25 00:00:00+00:00
[2025-06-25T19:32:44.945-0400] {processor.py:183} INFO - Processing /opt/anaconda3/envs/airflow_env/lib/python3.10/site-packages/airflow/example_dags/example_branch_operator.py took 0.098 seconds
[2025-06-25T19:34:10.516-0400] {processor.py:161} INFO - Started process (PID=48404) to work on /opt/anaconda3/envs/airflow_env/lib/python3.10/site-packages/airflow/example_dags/example_branch_operator.py
[2025-06-25T19:34:10.517-0400] {processor.py:830} INFO - Processing file /opt/anaconda3/envs/airflow_env/lib/python3.10/site-packages/airflow/example_dags/example_branch_operator.py for tasks to queue
[2025-06-25T19:34:10.517-0400] {logging_mixin.py:188} INFO - [2025-06-25T19:34:10.517-0400] {dagbag.py:545} INFO - Filling up the DagBag from /opt/anaconda3/envs/airflow_env/lib/python3.10/site-packages/airflow/example_dags/example_branch_operator.py
[2025-06-25T19:34:10.534-0400] {processor.py:840} INFO - DAG(s) 'example_branch_operator' retrieved from /opt/anaconda3/envs/airflow_env/lib/python3.10/site-packages/airflow/example_dags/example_branch_operator.py
[2025-06-25T19:34:10.637-0400] {logging_mixin.py:188} INFO - [2025-06-25T19:34:10.637-0400] {dag.py:3096} INFO - Sync 1 DAGs
[2025-06-25T19:34:10.643-0400] {logging_mixin.py:188} INFO - [2025-06-25T19:34:10.643-0400] {dag.py:3954} INFO - Setting next_dagrun for example_branch_operator to 2025-06-24 00:00:00+00:00, run_after=2025-06-25 00:00:00+00:00
[2025-06-25T19:34:10.652-0400] {processor.py:183} INFO - Processing /opt/anaconda3/envs/airflow_env/lib/python3.10/site-packages/airflow/example_dags/example_branch_operator.py took 0.138 seconds
[2025-06-25T19:35:15.160-0400] {processor.py:161} INFO - Started process (PID=48517) to work on /opt/anaconda3/envs/airflow_env/lib/python3.10/site-packages/airflow/example_dags/example_branch_operator.py
[2025-06-25T19:35:15.161-0400] {processor.py:830} INFO - Processing file /opt/anaconda3/envs/airflow_env/lib/python3.10/site-packages/airflow/example_dags/example_branch_operator.py for tasks to queue
[2025-06-25T19:35:15.161-0400] {logging_mixin.py:188} INFO - [2025-06-25T19:35:15.161-0400] {dagbag.py:545} INFO - Filling up the DagBag from /opt/anaconda3/envs/airflow_env/lib/python3.10/site-packages/airflow/example_dags/example_branch_operator.py
[2025-06-25T19:35:15.175-0400] {processor.py:840} INFO - DAG(s) 'example_branch_operator' retrieved from /opt/anaconda3/envs/airflow_env/lib/python3.10/site-packages/airflow/example_dags/example_branch_operator.py
[2025-06-25T19:35:15.259-0400] {logging_mixin.py:188} INFO - [2025-06-25T19:35:15.258-0400] {dag.py:3096} INFO - Sync 1 DAGs
[2025-06-25T19:35:15.265-0400] {logging_mixin.py:188} INFO - [2025-06-25T19:35:15.265-0400] {dag.py:3954} INFO - Setting next_dagrun for example_branch_operator to 2025-06-24 00:00:00+00:00, run_after=2025-06-25 00:00:00+00:00
[2025-06-25T19:35:15.277-0400] {processor.py:183} INFO - Processing /opt/anaconda3/envs/airflow_env/lib/python3.10/site-packages/airflow/example_dags/example_branch_operator.py took 0.118 seconds
[2025-06-25T19:36:07.815-0400] {processor.py:161} INFO - Started process (PID=48629) to work on /opt/anaconda3/envs/airflow_env/lib/python3.10/site-packages/airflow/example_dags/example_branch_operator.py
[2025-06-25T19:36:07.816-0400] {processor.py:830} INFO - Processing file /opt/anaconda3/envs/airflow_env/lib/python3.10/site-packages/airflow/example_dags/example_branch_operator.py for tasks to queue
[2025-06-25T19:36:07.816-0400] {logging_mixin.py:188} INFO - [2025-06-25T19:36:07.816-0400] {dagbag.py:545} INFO - Filling up the DagBag from /opt/anaconda3/envs/airflow_env/lib/python3.10/site-packages/airflow/example_dags/example_branch_operator.py
[2025-06-25T19:36:07.829-0400] {processor.py:840} INFO - DAG(s) 'example_branch_operator' retrieved from /opt/anaconda3/envs/airflow_env/lib/python3.10/site-packages/airflow/example_dags/example_branch_operator.py
[2025-06-25T19:36:07.922-0400] {logging_mixin.py:188} INFO - [2025-06-25T19:36:07.921-0400] {dag.py:3096} INFO - Sync 1 DAGs
[2025-06-25T19:36:07.927-0400] {logging_mixin.py:188} INFO - [2025-06-25T19:36:07.927-0400] {dag.py:3954} INFO - Setting next_dagrun for example_branch_operator to 2025-06-24 00:00:00+00:00, run_after=2025-06-25 00:00:00+00:00
[2025-06-25T19:36:07.935-0400] {processor.py:183} INFO - Processing /opt/anaconda3/envs/airflow_env/lib/python3.10/site-packages/airflow/example_dags/example_branch_operator.py took 0.122 seconds
[2025-06-25T19:36:56.529-0400] {processor.py:161} INFO - Started process (PID=48737) to work on /opt/anaconda3/envs/airflow_env/lib/python3.10/site-packages/airflow/example_dags/example_branch_operator.py
[2025-06-25T19:36:56.530-0400] {processor.py:830} INFO - Processing file /opt/anaconda3/envs/airflow_env/lib/python3.10/site-packages/airflow/example_dags/example_branch_operator.py for tasks to queue
[2025-06-25T19:36:56.530-0400] {logging_mixin.py:188} INFO - [2025-06-25T19:36:56.530-0400] {dagbag.py:545} INFO - Filling up the DagBag from /opt/anaconda3/envs/airflow_env/lib/python3.10/site-packages/airflow/example_dags/example_branch_operator.py
[2025-06-25T19:36:56.543-0400] {processor.py:840} INFO - DAG(s) 'example_branch_operator' retrieved from /opt/anaconda3/envs/airflow_env/lib/python3.10/site-packages/airflow/example_dags/example_branch_operator.py
[2025-06-25T19:36:56.630-0400] {logging_mixin.py:188} INFO - [2025-06-25T19:36:56.630-0400] {dag.py:3096} INFO - Sync 1 DAGs
[2025-06-25T19:36:56.636-0400] {logging_mixin.py:188} INFO - [2025-06-25T19:36:56.636-0400] {dag.py:3954} INFO - Setting next_dagrun for example_branch_operator to 2025-06-24 00:00:00+00:00, run_after=2025-06-25 00:00:00+00:00
[2025-06-25T19:36:56.643-0400] {processor.py:183} INFO - Processing /opt/anaconda3/envs/airflow_env/lib/python3.10/site-packages/airflow/example_dags/example_branch_operator.py took 0.115 seconds
[2025-06-25T19:38:32.160-0400] {processor.py:161} INFO - Started process (PID=49019) to work on /opt/anaconda3/envs/airflow_env/lib/python3.10/site-packages/airflow/example_dags/example_branch_operator.py
[2025-06-25T19:38:32.161-0400] {processor.py:830} INFO - Processing file /opt/anaconda3/envs/airflow_env/lib/python3.10/site-packages/airflow/example_dags/example_branch_operator.py for tasks to queue
[2025-06-25T19:38:32.161-0400] {logging_mixin.py:188} INFO - [2025-06-25T19:38:32.161-0400] {dagbag.py:545} INFO - Filling up the DagBag from /opt/anaconda3/envs/airflow_env/lib/python3.10/site-packages/airflow/example_dags/example_branch_operator.py
[2025-06-25T19:38:32.174-0400] {processor.py:840} INFO - DAG(s) 'example_branch_operator' retrieved from /opt/anaconda3/envs/airflow_env/lib/python3.10/site-packages/airflow/example_dags/example_branch_operator.py
[2025-06-25T19:38:32.255-0400] {logging_mixin.py:188} INFO - [2025-06-25T19:38:32.255-0400] {dag.py:3096} INFO - Sync 1 DAGs
[2025-06-25T19:38:32.260-0400] {logging_mixin.py:188} INFO - [2025-06-25T19:38:32.260-0400] {dag.py:3954} INFO - Setting next_dagrun for example_branch_operator to 2025-06-24 00:00:00+00:00, run_after=2025-06-25 00:00:00+00:00
[2025-06-25T19:38:32.268-0400] {processor.py:183} INFO - Processing /opt/anaconda3/envs/airflow_env/lib/python3.10/site-packages/airflow/example_dags/example_branch_operator.py took 0.110 seconds
[2025-06-25T19:38:44.213-0400] {processor.py:161} INFO - Started process (PID=49056) to work on /opt/anaconda3/envs/airflow_env/lib/python3.10/site-packages/airflow/example_dags/example_branch_operator.py
[2025-06-25T19:38:44.214-0400] {processor.py:830} INFO - Processing file /opt/anaconda3/envs/airflow_env/lib/python3.10/site-packages/airflow/example_dags/example_branch_operator.py for tasks to queue
[2025-06-25T19:38:44.214-0400] {logging_mixin.py:188} INFO - [2025-06-25T19:38:44.214-0400] {dagbag.py:545} INFO - Filling up the DagBag from /opt/anaconda3/envs/airflow_env/lib/python3.10/site-packages/airflow/example_dags/example_branch_operator.py
[2025-06-25T19:38:44.228-0400] {processor.py:840} INFO - DAG(s) 'example_branch_operator' retrieved from /opt/anaconda3/envs/airflow_env/lib/python3.10/site-packages/airflow/example_dags/example_branch_operator.py
[2025-06-25T19:38:44.233-0400] {logging_mixin.py:188} INFO - [2025-06-25T19:38:44.233-0400] {dag.py:3096} INFO - Sync 1 DAGs
[2025-06-25T19:38:44.265-0400] {logging_mixin.py:188} INFO - [2025-06-25T19:38:44.265-0400] {dag.py:3954} INFO - Setting next_dagrun for example_branch_operator to 2025-06-24 00:00:00+00:00, run_after=2025-06-25 00:00:00+00:00
[2025-06-25T19:38:44.295-0400] {processor.py:183} INFO - Processing /opt/anaconda3/envs/airflow_env/lib/python3.10/site-packages/airflow/example_dags/example_branch_operator.py took 0.084 seconds
[2025-06-25T19:40:14.892-0400] {processor.py:161} INFO - Started process (PID=49274) to work on /opt/anaconda3/envs/airflow_env/lib/python3.10/site-packages/airflow/example_dags/example_branch_operator.py
[2025-06-25T19:40:14.893-0400] {processor.py:830} INFO - Processing file /opt/anaconda3/envs/airflow_env/lib/python3.10/site-packages/airflow/example_dags/example_branch_operator.py for tasks to queue
[2025-06-25T19:40:14.893-0400] {logging_mixin.py:188} INFO - [2025-06-25T19:40:14.893-0400] {dagbag.py:545} INFO - Filling up the DagBag from /opt/anaconda3/envs/airflow_env/lib/python3.10/site-packages/airflow/example_dags/example_branch_operator.py
[2025-06-25T19:40:14.909-0400] {processor.py:840} INFO - DAG(s) 'example_branch_operator' retrieved from /opt/anaconda3/envs/airflow_env/lib/python3.10/site-packages/airflow/example_dags/example_branch_operator.py
[2025-06-25T19:40:14.996-0400] {logging_mixin.py:188} INFO - [2025-06-25T19:40:14.996-0400] {dag.py:3096} INFO - Sync 1 DAGs
[2025-06-25T19:40:15.002-0400] {logging_mixin.py:188} INFO - [2025-06-25T19:40:15.002-0400] {dag.py:3954} INFO - Setting next_dagrun for example_branch_operator to 2025-06-24 00:00:00+00:00, run_after=2025-06-25 00:00:00+00:00
[2025-06-25T19:40:15.009-0400] {processor.py:183} INFO - Processing /opt/anaconda3/envs/airflow_env/lib/python3.10/site-packages/airflow/example_dags/example_branch_operator.py took 0.119 seconds
[2025-06-25T19:40:25.010-0400] {processor.py:161} INFO - Started process (PID=49301) to work on /opt/anaconda3/envs/airflow_env/lib/python3.10/site-packages/airflow/example_dags/example_branch_operator.py
[2025-06-25T19:40:25.011-0400] {processor.py:830} INFO - Processing file /opt/anaconda3/envs/airflow_env/lib/python3.10/site-packages/airflow/example_dags/example_branch_operator.py for tasks to queue
[2025-06-25T19:40:25.011-0400] {logging_mixin.py:188} INFO - [2025-06-25T19:40:25.011-0400] {dagbag.py:545} INFO - Filling up the DagBag from /opt/anaconda3/envs/airflow_env/lib/python3.10/site-packages/airflow/example_dags/example_branch_operator.py
[2025-06-25T19:40:25.025-0400] {processor.py:840} INFO - DAG(s) 'example_branch_operator' retrieved from /opt/anaconda3/envs/airflow_env/lib/python3.10/site-packages/airflow/example_dags/example_branch_operator.py
[2025-06-25T19:40:25.029-0400] {logging_mixin.py:188} INFO - [2025-06-25T19:40:25.029-0400] {dag.py:3096} INFO - Sync 1 DAGs
[2025-06-25T19:40:25.060-0400] {logging_mixin.py:188} INFO - [2025-06-25T19:40:25.060-0400] {dag.py:3954} INFO - Setting next_dagrun for example_branch_operator to 2025-06-24 00:00:00+00:00, run_after=2025-06-25 00:00:00+00:00
[2025-06-25T19:40:25.086-0400] {processor.py:183} INFO - Processing /opt/anaconda3/envs/airflow_env/lib/python3.10/site-packages/airflow/example_dags/example_branch_operator.py took 0.077 seconds
[2025-06-25T19:41:52.199-0400] {processor.py:161} INFO - Started process (PID=49455) to work on /opt/anaconda3/envs/airflow_env/lib/python3.10/site-packages/airflow/example_dags/example_branch_operator.py
[2025-06-25T19:41:52.199-0400] {processor.py:830} INFO - Processing file /opt/anaconda3/envs/airflow_env/lib/python3.10/site-packages/airflow/example_dags/example_branch_operator.py for tasks to queue
[2025-06-25T19:41:52.200-0400] {logging_mixin.py:188} INFO - [2025-06-25T19:41:52.199-0400] {dagbag.py:545} INFO - Filling up the DagBag from /opt/anaconda3/envs/airflow_env/lib/python3.10/site-packages/airflow/example_dags/example_branch_operator.py
[2025-06-25T19:41:52.214-0400] {processor.py:840} INFO - DAG(s) 'example_branch_operator' retrieved from /opt/anaconda3/envs/airflow_env/lib/python3.10/site-packages/airflow/example_dags/example_branch_operator.py
[2025-06-25T19:41:52.301-0400] {logging_mixin.py:188} INFO - [2025-06-25T19:41:52.301-0400] {dag.py:3096} INFO - Sync 1 DAGs
[2025-06-25T19:41:52.307-0400] {logging_mixin.py:188} INFO - [2025-06-25T19:41:52.307-0400] {dag.py:3954} INFO - Setting next_dagrun for example_branch_operator to 2025-06-24 00:00:00+00:00, run_after=2025-06-25 00:00:00+00:00
[2025-06-25T19:41:52.315-0400] {processor.py:183} INFO - Processing /opt/anaconda3/envs/airflow_env/lib/python3.10/site-packages/airflow/example_dags/example_branch_operator.py took 0.117 seconds
[2025-06-25T19:42:01.383-0400] {processor.py:161} INFO - Started process (PID=49468) to work on /opt/anaconda3/envs/airflow_env/lib/python3.10/site-packages/airflow/example_dags/example_branch_operator.py
[2025-06-25T19:42:01.384-0400] {processor.py:830} INFO - Processing file /opt/anaconda3/envs/airflow_env/lib/python3.10/site-packages/airflow/example_dags/example_branch_operator.py for tasks to queue
[2025-06-25T19:42:01.384-0400] {logging_mixin.py:188} INFO - [2025-06-25T19:42:01.384-0400] {dagbag.py:545} INFO - Filling up the DagBag from /opt/anaconda3/envs/airflow_env/lib/python3.10/site-packages/airflow/example_dags/example_branch_operator.py
[2025-06-25T19:42:01.398-0400] {processor.py:840} INFO - DAG(s) 'example_branch_operator' retrieved from /opt/anaconda3/envs/airflow_env/lib/python3.10/site-packages/airflow/example_dags/example_branch_operator.py
[2025-06-25T19:42:01.402-0400] {logging_mixin.py:188} INFO - [2025-06-25T19:42:01.402-0400] {dag.py:3096} INFO - Sync 1 DAGs
[2025-06-25T19:42:01.432-0400] {logging_mixin.py:188} INFO - [2025-06-25T19:42:01.432-0400] {dag.py:3954} INFO - Setting next_dagrun for example_branch_operator to 2025-06-24 00:00:00+00:00, run_after=2025-06-25 00:00:00+00:00
[2025-06-25T19:42:01.461-0400] {processor.py:183} INFO - Processing /opt/anaconda3/envs/airflow_env/lib/python3.10/site-packages/airflow/example_dags/example_branch_operator.py took 0.079 seconds
[2025-06-25T19:43:37.082-0400] {processor.py:161} INFO - Started process (PID=49658) to work on /opt/anaconda3/envs/airflow_env/lib/python3.10/site-packages/airflow/example_dags/example_branch_operator.py
[2025-06-25T19:43:37.082-0400] {processor.py:830} INFO - Processing file /opt/anaconda3/envs/airflow_env/lib/python3.10/site-packages/airflow/example_dags/example_branch_operator.py for tasks to queue
[2025-06-25T19:43:37.082-0400] {logging_mixin.py:188} INFO - [2025-06-25T19:43:37.082-0400] {dagbag.py:545} INFO - Filling up the DagBag from /opt/anaconda3/envs/airflow_env/lib/python3.10/site-packages/airflow/example_dags/example_branch_operator.py
[2025-06-25T19:43:37.096-0400] {processor.py:840} INFO - DAG(s) 'example_branch_operator' retrieved from /opt/anaconda3/envs/airflow_env/lib/python3.10/site-packages/airflow/example_dags/example_branch_operator.py
[2025-06-25T19:43:37.177-0400] {logging_mixin.py:188} INFO - [2025-06-25T19:43:37.177-0400] {dag.py:3096} INFO - Sync 1 DAGs
[2025-06-25T19:43:37.182-0400] {logging_mixin.py:188} INFO - [2025-06-25T19:43:37.182-0400] {dag.py:3954} INFO - Setting next_dagrun for example_branch_operator to 2025-06-24 00:00:00+00:00, run_after=2025-06-25 00:00:00+00:00
[2025-06-25T19:43:37.189-0400] {processor.py:183} INFO - Processing /opt/anaconda3/envs/airflow_env/lib/python3.10/site-packages/airflow/example_dags/example_branch_operator.py took 0.109 seconds
[2025-06-25T19:43:38.214-0400] {processor.py:161} INFO - Started process (PID=49659) to work on /opt/anaconda3/envs/airflow_env/lib/python3.10/site-packages/airflow/example_dags/example_branch_operator.py
[2025-06-25T19:43:38.215-0400] {processor.py:830} INFO - Processing file /opt/anaconda3/envs/airflow_env/lib/python3.10/site-packages/airflow/example_dags/example_branch_operator.py for tasks to queue
[2025-06-25T19:43:38.215-0400] {logging_mixin.py:188} INFO - [2025-06-25T19:43:38.215-0400] {dagbag.py:545} INFO - Filling up the DagBag from /opt/anaconda3/envs/airflow_env/lib/python3.10/site-packages/airflow/example_dags/example_branch_operator.py
[2025-06-25T19:43:38.228-0400] {processor.py:840} INFO - DAG(s) 'example_branch_operator' retrieved from /opt/anaconda3/envs/airflow_env/lib/python3.10/site-packages/airflow/example_dags/example_branch_operator.py
[2025-06-25T19:43:38.232-0400] {logging_mixin.py:188} INFO - [2025-06-25T19:43:38.232-0400] {dag.py:3096} INFO - Sync 1 DAGs
[2025-06-25T19:43:38.262-0400] {logging_mixin.py:188} INFO - [2025-06-25T19:43:38.262-0400] {dag.py:3954} INFO - Setting next_dagrun for example_branch_operator to 2025-06-24 00:00:00+00:00, run_after=2025-06-25 00:00:00+00:00
[2025-06-25T19:43:38.288-0400] {processor.py:183} INFO - Processing /opt/anaconda3/envs/airflow_env/lib/python3.10/site-packages/airflow/example_dags/example_branch_operator.py took 0.076 seconds
[2025-06-25T19:45:13.577-0400] {processor.py:161} INFO - Started process (PID=49828) to work on /opt/anaconda3/envs/airflow_env/lib/python3.10/site-packages/airflow/example_dags/example_branch_operator.py
[2025-06-25T19:45:13.578-0400] {processor.py:830} INFO - Processing file /opt/anaconda3/envs/airflow_env/lib/python3.10/site-packages/airflow/example_dags/example_branch_operator.py for tasks to queue
[2025-06-25T19:45:13.578-0400] {logging_mixin.py:188} INFO - [2025-06-25T19:45:13.578-0400] {dagbag.py:545} INFO - Filling up the DagBag from /opt/anaconda3/envs/airflow_env/lib/python3.10/site-packages/airflow/example_dags/example_branch_operator.py
[2025-06-25T19:45:13.591-0400] {processor.py:840} INFO - DAG(s) 'example_branch_operator' retrieved from /opt/anaconda3/envs/airflow_env/lib/python3.10/site-packages/airflow/example_dags/example_branch_operator.py
[2025-06-25T19:45:13.671-0400] {logging_mixin.py:188} INFO - [2025-06-25T19:45:13.671-0400] {dag.py:3096} INFO - Sync 1 DAGs
[2025-06-25T19:45:13.677-0400] {logging_mixin.py:188} INFO - [2025-06-25T19:45:13.677-0400] {dag.py:3954} INFO - Setting next_dagrun for example_branch_operator to 2025-06-24 00:00:00+00:00, run_after=2025-06-25 00:00:00+00:00
[2025-06-25T19:45:13.684-0400] {processor.py:183} INFO - Processing /opt/anaconda3/envs/airflow_env/lib/python3.10/site-packages/airflow/example_dags/example_branch_operator.py took 0.108 seconds
[2025-06-25T19:45:17.893-0400] {processor.py:161} INFO - Started process (PID=49839) to work on /opt/anaconda3/envs/airflow_env/lib/python3.10/site-packages/airflow/example_dags/example_branch_operator.py
[2025-06-25T19:45:17.894-0400] {processor.py:830} INFO - Processing file /opt/anaconda3/envs/airflow_env/lib/python3.10/site-packages/airflow/example_dags/example_branch_operator.py for tasks to queue
[2025-06-25T19:45:17.894-0400] {logging_mixin.py:188} INFO - [2025-06-25T19:45:17.894-0400] {dagbag.py:545} INFO - Filling up the DagBag from /opt/anaconda3/envs/airflow_env/lib/python3.10/site-packages/airflow/example_dags/example_branch_operator.py
[2025-06-25T19:45:17.908-0400] {processor.py:840} INFO - DAG(s) 'example_branch_operator' retrieved from /opt/anaconda3/envs/airflow_env/lib/python3.10/site-packages/airflow/example_dags/example_branch_operator.py
[2025-06-25T19:45:17.913-0400] {logging_mixin.py:188} INFO - [2025-06-25T19:45:17.912-0400] {dag.py:3096} INFO - Sync 1 DAGs
[2025-06-25T19:45:17.943-0400] {logging_mixin.py:188} INFO - [2025-06-25T19:45:17.943-0400] {dag.py:3954} INFO - Setting next_dagrun for example_branch_operator to 2025-06-24 00:00:00+00:00, run_after=2025-06-25 00:00:00+00:00
[2025-06-25T19:45:17.972-0400] {processor.py:183} INFO - Processing /opt/anaconda3/envs/airflow_env/lib/python3.10/site-packages/airflow/example_dags/example_branch_operator.py took 0.081 seconds
[2025-06-25T19:46:57.240-0400] {processor.py:161} INFO - Started process (PID=50078) to work on /opt/anaconda3/envs/airflow_env/lib/python3.10/site-packages/airflow/example_dags/example_branch_operator.py
[2025-06-25T19:46:57.241-0400] {processor.py:830} INFO - Processing file /opt/anaconda3/envs/airflow_env/lib/python3.10/site-packages/airflow/example_dags/example_branch_operator.py for tasks to queue
[2025-06-25T19:46:57.241-0400] {logging_mixin.py:188} INFO - [2025-06-25T19:46:57.241-0400] {dagbag.py:545} INFO - Filling up the DagBag from /opt/anaconda3/envs/airflow_env/lib/python3.10/site-packages/airflow/example_dags/example_branch_operator.py
[2025-06-25T19:46:57.254-0400] {processor.py:840} INFO - DAG(s) 'example_branch_operator' retrieved from /opt/anaconda3/envs/airflow_env/lib/python3.10/site-packages/airflow/example_dags/example_branch_operator.py
[2025-06-25T19:46:57.338-0400] {logging_mixin.py:188} INFO - [2025-06-25T19:46:57.338-0400] {dag.py:3096} INFO - Sync 1 DAGs
[2025-06-25T19:46:57.344-0400] {logging_mixin.py:188} INFO - [2025-06-25T19:46:57.344-0400] {dag.py:3954} INFO - Setting next_dagrun for example_branch_operator to 2025-06-24 00:00:00+00:00, run_after=2025-06-25 00:00:00+00:00
[2025-06-25T19:46:57.352-0400] {processor.py:183} INFO - Processing /opt/anaconda3/envs/airflow_env/lib/python3.10/site-packages/airflow/example_dags/example_branch_operator.py took 0.114 seconds
[2025-06-25T19:46:57.898-0400] {processor.py:161} INFO - Started process (PID=50079) to work on /opt/anaconda3/envs/airflow_env/lib/python3.10/site-packages/airflow/example_dags/example_branch_operator.py
[2025-06-25T19:46:57.898-0400] {processor.py:830} INFO - Processing file /opt/anaconda3/envs/airflow_env/lib/python3.10/site-packages/airflow/example_dags/example_branch_operator.py for tasks to queue
[2025-06-25T19:46:57.899-0400] {logging_mixin.py:188} INFO - [2025-06-25T19:46:57.899-0400] {dagbag.py:545} INFO - Filling up the DagBag from /opt/anaconda3/envs/airflow_env/lib/python3.10/site-packages/airflow/example_dags/example_branch_operator.py
[2025-06-25T19:46:57.913-0400] {processor.py:840} INFO - DAG(s) 'example_branch_operator' retrieved from /opt/anaconda3/envs/airflow_env/lib/python3.10/site-packages/airflow/example_dags/example_branch_operator.py
[2025-06-25T19:46:57.917-0400] {logging_mixin.py:188} INFO - [2025-06-25T19:46:57.917-0400] {dag.py:3096} INFO - Sync 1 DAGs
[2025-06-25T19:46:57.947-0400] {logging_mixin.py:188} INFO - [2025-06-25T19:46:57.947-0400] {dag.py:3954} INFO - Setting next_dagrun for example_branch_operator to 2025-06-24 00:00:00+00:00, run_after=2025-06-25 00:00:00+00:00
[2025-06-25T19:46:57.973-0400] {processor.py:183} INFO - Processing /opt/anaconda3/envs/airflow_env/lib/python3.10/site-packages/airflow/example_dags/example_branch_operator.py took 0.076 seconds
[2025-06-25T19:48:33.477-0400] {processor.py:161} INFO - Started process (PID=50304) to work on /opt/anaconda3/envs/airflow_env/lib/python3.10/site-packages/airflow/example_dags/example_branch_operator.py
[2025-06-25T19:48:33.479-0400] {processor.py:830} INFO - Processing file /opt/anaconda3/envs/airflow_env/lib/python3.10/site-packages/airflow/example_dags/example_branch_operator.py for tasks to queue
[2025-06-25T19:48:33.479-0400] {logging_mixin.py:188} INFO - [2025-06-25T19:48:33.479-0400] {dagbag.py:545} INFO - Filling up the DagBag from /opt/anaconda3/envs/airflow_env/lib/python3.10/site-packages/airflow/example_dags/example_branch_operator.py
[2025-06-25T19:48:33.493-0400] {processor.py:840} INFO - DAG(s) 'example_branch_operator' retrieved from /opt/anaconda3/envs/airflow_env/lib/python3.10/site-packages/airflow/example_dags/example_branch_operator.py
[2025-06-25T19:48:33.584-0400] {logging_mixin.py:188} INFO - [2025-06-25T19:48:33.584-0400] {dag.py:3096} INFO - Sync 1 DAGs
[2025-06-25T19:48:33.590-0400] {logging_mixin.py:188} INFO - [2025-06-25T19:48:33.590-0400] {dag.py:3954} INFO - Setting next_dagrun for example_branch_operator to 2025-06-24 00:00:00+00:00, run_after=2025-06-25 00:00:00+00:00
[2025-06-25T19:48:33.599-0400] {processor.py:183} INFO - Processing /opt/anaconda3/envs/airflow_env/lib/python3.10/site-packages/airflow/example_dags/example_branch_operator.py took 0.123 seconds
[2025-06-25T19:48:44.842-0400] {processor.py:161} INFO - Started process (PID=50322) to work on /opt/anaconda3/envs/airflow_env/lib/python3.10/site-packages/airflow/example_dags/example_branch_operator.py
[2025-06-25T19:48:44.842-0400] {processor.py:830} INFO - Processing file /opt/anaconda3/envs/airflow_env/lib/python3.10/site-packages/airflow/example_dags/example_branch_operator.py for tasks to queue
[2025-06-25T19:48:44.843-0400] {logging_mixin.py:188} INFO - [2025-06-25T19:48:44.842-0400] {dagbag.py:545} INFO - Filling up the DagBag from /opt/anaconda3/envs/airflow_env/lib/python3.10/site-packages/airflow/example_dags/example_branch_operator.py
[2025-06-25T19:48:44.855-0400] {processor.py:840} INFO - DAG(s) 'example_branch_operator' retrieved from /opt/anaconda3/envs/airflow_env/lib/python3.10/site-packages/airflow/example_dags/example_branch_operator.py
[2025-06-25T19:48:44.859-0400] {logging_mixin.py:188} INFO - [2025-06-25T19:48:44.859-0400] {dag.py:3096} INFO - Sync 1 DAGs
[2025-06-25T19:48:44.888-0400] {logging_mixin.py:188} INFO - [2025-06-25T19:48:44.888-0400] {dag.py:3954} INFO - Setting next_dagrun for example_branch_operator to 2025-06-24 00:00:00+00:00, run_after=2025-06-25 00:00:00+00:00
[2025-06-25T19:48:44.915-0400] {processor.py:183} INFO - Processing /opt/anaconda3/envs/airflow_env/lib/python3.10/site-packages/airflow/example_dags/example_branch_operator.py took 0.075 seconds
[2025-06-25T19:50:05.749-0400] {processor.py:161} INFO - Started process (PID=50468) to work on /opt/anaconda3/envs/airflow_env/lib/python3.10/site-packages/airflow/example_dags/example_branch_operator.py
[2025-06-25T19:50:05.750-0400] {processor.py:830} INFO - Processing file /opt/anaconda3/envs/airflow_env/lib/python3.10/site-packages/airflow/example_dags/example_branch_operator.py for tasks to queue
[2025-06-25T19:50:05.750-0400] {logging_mixin.py:188} INFO - [2025-06-25T19:50:05.750-0400] {dagbag.py:545} INFO - Filling up the DagBag from /opt/anaconda3/envs/airflow_env/lib/python3.10/site-packages/airflow/example_dags/example_branch_operator.py
[2025-06-25T19:50:05.762-0400] {processor.py:840} INFO - DAG(s) 'example_branch_operator' retrieved from /opt/anaconda3/envs/airflow_env/lib/python3.10/site-packages/airflow/example_dags/example_branch_operator.py
[2025-06-25T19:50:05.847-0400] {logging_mixin.py:188} INFO - [2025-06-25T19:50:05.847-0400] {dag.py:3096} INFO - Sync 1 DAGs
[2025-06-25T19:50:05.853-0400] {logging_mixin.py:188} INFO - [2025-06-25T19:50:05.853-0400] {dag.py:3954} INFO - Setting next_dagrun for example_branch_operator to 2025-06-24 00:00:00+00:00, run_after=2025-06-25 00:00:00+00:00
[2025-06-25T19:50:05.860-0400] {processor.py:183} INFO - Processing /opt/anaconda3/envs/airflow_env/lib/python3.10/site-packages/airflow/example_dags/example_branch_operator.py took 0.113 seconds
[2025-06-25T19:50:17.766-0400] {processor.py:161} INFO - Started process (PID=50484) to work on /opt/anaconda3/envs/airflow_env/lib/python3.10/site-packages/airflow/example_dags/example_branch_operator.py
[2025-06-25T19:50:17.766-0400] {processor.py:830} INFO - Processing file /opt/anaconda3/envs/airflow_env/lib/python3.10/site-packages/airflow/example_dags/example_branch_operator.py for tasks to queue
[2025-06-25T19:50:17.767-0400] {logging_mixin.py:188} INFO - [2025-06-25T19:50:17.767-0400] {dagbag.py:545} INFO - Filling up the DagBag from /opt/anaconda3/envs/airflow_env/lib/python3.10/site-packages/airflow/example_dags/example_branch_operator.py
[2025-06-25T19:50:17.780-0400] {processor.py:840} INFO - DAG(s) 'example_branch_operator' retrieved from /opt/anaconda3/envs/airflow_env/lib/python3.10/site-packages/airflow/example_dags/example_branch_operator.py
[2025-06-25T19:50:17.784-0400] {logging_mixin.py:188} INFO - [2025-06-25T19:50:17.784-0400] {dag.py:3096} INFO - Sync 1 DAGs
[2025-06-25T19:50:17.814-0400] {logging_mixin.py:188} INFO - [2025-06-25T19:50:17.814-0400] {dag.py:3954} INFO - Setting next_dagrun for example_branch_operator to 2025-06-24 00:00:00+00:00, run_after=2025-06-25 00:00:00+00:00
[2025-06-25T19:50:17.843-0400] {processor.py:183} INFO - Processing /opt/anaconda3/envs/airflow_env/lib/python3.10/site-packages/airflow/example_dags/example_branch_operator.py took 0.078 seconds
[2025-06-25T19:52:03.667-0400] {processor.py:161} INFO - Started process (PID=50714) to work on /opt/anaconda3/envs/airflow_env/lib/python3.10/site-packages/airflow/example_dags/example_branch_operator.py
[2025-06-25T19:52:03.668-0400] {processor.py:830} INFO - Processing file /opt/anaconda3/envs/airflow_env/lib/python3.10/site-packages/airflow/example_dags/example_branch_operator.py for tasks to queue
[2025-06-25T19:52:03.668-0400] {logging_mixin.py:188} INFO - [2025-06-25T19:52:03.668-0400] {dagbag.py:545} INFO - Filling up the DagBag from /opt/anaconda3/envs/airflow_env/lib/python3.10/site-packages/airflow/example_dags/example_branch_operator.py
[2025-06-25T19:52:03.682-0400] {processor.py:840} INFO - DAG(s) 'example_branch_operator' retrieved from /opt/anaconda3/envs/airflow_env/lib/python3.10/site-packages/airflow/example_dags/example_branch_operator.py
[2025-06-25T19:52:03.779-0400] {logging_mixin.py:188} INFO - [2025-06-25T19:52:03.778-0400] {dag.py:3096} INFO - Sync 1 DAGs
[2025-06-25T19:52:03.785-0400] {logging_mixin.py:188} INFO - [2025-06-25T19:52:03.785-0400] {dag.py:3954} INFO - Setting next_dagrun for example_branch_operator to 2025-06-24 00:00:00+00:00, run_after=2025-06-25 00:00:00+00:00
[2025-06-25T19:52:03.792-0400] {processor.py:183} INFO - Processing /opt/anaconda3/envs/airflow_env/lib/python3.10/site-packages/airflow/example_dags/example_branch_operator.py took 0.127 seconds
[2025-06-25T19:52:45.771-0400] {processor.py:161} INFO - Started process (PID=50787) to work on /opt/anaconda3/envs/airflow_env/lib/python3.10/site-packages/airflow/example_dags/example_branch_operator.py
[2025-06-25T19:52:45.772-0400] {processor.py:830} INFO - Processing file /opt/anaconda3/envs/airflow_env/lib/python3.10/site-packages/airflow/example_dags/example_branch_operator.py for tasks to queue
[2025-06-25T19:52:45.772-0400] {logging_mixin.py:188} INFO - [2025-06-25T19:52:45.772-0400] {dagbag.py:545} INFO - Filling up the DagBag from /opt/anaconda3/envs/airflow_env/lib/python3.10/site-packages/airflow/example_dags/example_branch_operator.py
[2025-06-25T19:52:45.787-0400] {processor.py:840} INFO - DAG(s) 'example_branch_operator' retrieved from /opt/anaconda3/envs/airflow_env/lib/python3.10/site-packages/airflow/example_dags/example_branch_operator.py
[2025-06-25T19:52:45.878-0400] {logging_mixin.py:188} INFO - [2025-06-25T19:52:45.878-0400] {dag.py:3096} INFO - Sync 1 DAGs
[2025-06-25T19:52:45.884-0400] {logging_mixin.py:188} INFO - [2025-06-25T19:52:45.884-0400] {dag.py:3954} INFO - Setting next_dagrun for example_branch_operator to 2025-06-24 00:00:00+00:00, run_after=2025-06-25 00:00:00+00:00
[2025-06-25T19:52:45.892-0400] {processor.py:183} INFO - Processing /opt/anaconda3/envs/airflow_env/lib/python3.10/site-packages/airflow/example_dags/example_branch_operator.py took 0.123 seconds
[2025-06-25T19:53:42.407-0400] {processor.py:161} INFO - Started process (PID=50958) to work on /opt/anaconda3/envs/airflow_env/lib/python3.10/site-packages/airflow/example_dags/example_branch_operator.py
[2025-06-25T19:53:42.408-0400] {processor.py:830} INFO - Processing file /opt/anaconda3/envs/airflow_env/lib/python3.10/site-packages/airflow/example_dags/example_branch_operator.py for tasks to queue
[2025-06-25T19:53:42.408-0400] {logging_mixin.py:188} INFO - [2025-06-25T19:53:42.408-0400] {dagbag.py:545} INFO - Filling up the DagBag from /opt/anaconda3/envs/airflow_env/lib/python3.10/site-packages/airflow/example_dags/example_branch_operator.py
[2025-06-25T19:53:42.421-0400] {processor.py:840} INFO - DAG(s) 'example_branch_operator' retrieved from /opt/anaconda3/envs/airflow_env/lib/python3.10/site-packages/airflow/example_dags/example_branch_operator.py
[2025-06-25T19:53:42.508-0400] {logging_mixin.py:188} INFO - [2025-06-25T19:53:42.508-0400] {dag.py:3096} INFO - Sync 1 DAGs
[2025-06-25T19:53:42.514-0400] {logging_mixin.py:188} INFO - [2025-06-25T19:53:42.514-0400] {dag.py:3954} INFO - Setting next_dagrun for example_branch_operator to 2025-06-24 00:00:00+00:00, run_after=2025-06-25 00:00:00+00:00
[2025-06-25T19:53:42.521-0400] {processor.py:183} INFO - Processing /opt/anaconda3/envs/airflow_env/lib/python3.10/site-packages/airflow/example_dags/example_branch_operator.py took 0.116 seconds
[2025-06-25T19:54:22.247-0400] {processor.py:161} INFO - Started process (PID=51047) to work on /opt/anaconda3/envs/airflow_env/lib/python3.10/site-packages/airflow/example_dags/example_branch_operator.py
[2025-06-25T19:54:22.248-0400] {processor.py:830} INFO - Processing file /opt/anaconda3/envs/airflow_env/lib/python3.10/site-packages/airflow/example_dags/example_branch_operator.py for tasks to queue
[2025-06-25T19:54:22.248-0400] {logging_mixin.py:188} INFO - [2025-06-25T19:54:22.248-0400] {dagbag.py:545} INFO - Filling up the DagBag from /opt/anaconda3/envs/airflow_env/lib/python3.10/site-packages/airflow/example_dags/example_branch_operator.py
[2025-06-25T19:54:22.262-0400] {processor.py:840} INFO - DAG(s) 'example_branch_operator' retrieved from /opt/anaconda3/envs/airflow_env/lib/python3.10/site-packages/airflow/example_dags/example_branch_operator.py
[2025-06-25T19:54:22.345-0400] {logging_mixin.py:188} INFO - [2025-06-25T19:54:22.345-0400] {dag.py:3096} INFO - Sync 1 DAGs
[2025-06-25T19:54:22.351-0400] {logging_mixin.py:188} INFO - [2025-06-25T19:54:22.350-0400] {dag.py:3954} INFO - Setting next_dagrun for example_branch_operator to 2025-06-24 00:00:00+00:00, run_after=2025-06-25 00:00:00+00:00
[2025-06-25T19:54:22.358-0400] {processor.py:183} INFO - Processing /opt/anaconda3/envs/airflow_env/lib/python3.10/site-packages/airflow/example_dags/example_branch_operator.py took 0.113 seconds
[2025-06-25T19:55:20.304-0400] {processor.py:161} INFO - Started process (PID=51188) to work on /opt/anaconda3/envs/airflow_env/lib/python3.10/site-packages/airflow/example_dags/example_branch_operator.py
[2025-06-25T19:55:20.305-0400] {processor.py:830} INFO - Processing file /opt/anaconda3/envs/airflow_env/lib/python3.10/site-packages/airflow/example_dags/example_branch_operator.py for tasks to queue
[2025-06-25T19:55:20.305-0400] {logging_mixin.py:188} INFO - [2025-06-25T19:55:20.305-0400] {dagbag.py:545} INFO - Filling up the DagBag from /opt/anaconda3/envs/airflow_env/lib/python3.10/site-packages/airflow/example_dags/example_branch_operator.py
[2025-06-25T19:55:20.318-0400] {processor.py:840} INFO - DAG(s) 'example_branch_operator' retrieved from /opt/anaconda3/envs/airflow_env/lib/python3.10/site-packages/airflow/example_dags/example_branch_operator.py
[2025-06-25T19:55:20.398-0400] {logging_mixin.py:188} INFO - [2025-06-25T19:55:20.398-0400] {dag.py:3096} INFO - Sync 1 DAGs
[2025-06-25T19:55:20.403-0400] {logging_mixin.py:188} INFO - [2025-06-25T19:55:20.403-0400] {dag.py:3954} INFO - Setting next_dagrun for example_branch_operator to 2025-06-24 00:00:00+00:00, run_after=2025-06-25 00:00:00+00:00
[2025-06-25T19:55:20.410-0400] {processor.py:183} INFO - Processing /opt/anaconda3/envs/airflow_env/lib/python3.10/site-packages/airflow/example_dags/example_branch_operator.py took 0.108 seconds
[2025-06-25T19:55:52.559-0400] {processor.py:161} INFO - Started process (PID=51262) to work on /opt/anaconda3/envs/airflow_env/lib/python3.10/site-packages/airflow/example_dags/example_branch_operator.py
[2025-06-25T19:55:52.559-0400] {processor.py:830} INFO - Processing file /opt/anaconda3/envs/airflow_env/lib/python3.10/site-packages/airflow/example_dags/example_branch_operator.py for tasks to queue
[2025-06-25T19:55:52.559-0400] {logging_mixin.py:188} INFO - [2025-06-25T19:55:52.559-0400] {dagbag.py:545} INFO - Filling up the DagBag from /opt/anaconda3/envs/airflow_env/lib/python3.10/site-packages/airflow/example_dags/example_branch_operator.py
[2025-06-25T19:55:52.573-0400] {processor.py:840} INFO - DAG(s) 'example_branch_operator' retrieved from /opt/anaconda3/envs/airflow_env/lib/python3.10/site-packages/airflow/example_dags/example_branch_operator.py
[2025-06-25T19:55:52.654-0400] {logging_mixin.py:188} INFO - [2025-06-25T19:55:52.654-0400] {dag.py:3096} INFO - Sync 1 DAGs
[2025-06-25T19:55:52.660-0400] {logging_mixin.py:188} INFO - [2025-06-25T19:55:52.660-0400] {dag.py:3954} INFO - Setting next_dagrun for example_branch_operator to 2025-06-24 00:00:00+00:00, run_after=2025-06-25 00:00:00+00:00
[2025-06-25T19:55:52.667-0400] {processor.py:183} INFO - Processing /opt/anaconda3/envs/airflow_env/lib/python3.10/site-packages/airflow/example_dags/example_branch_operator.py took 0.110 seconds
[2025-06-25T19:56:53.909-0400] {processor.py:161} INFO - Started process (PID=51417) to work on /opt/anaconda3/envs/airflow_env/lib/python3.10/site-packages/airflow/example_dags/example_branch_operator.py
[2025-06-25T19:56:53.910-0400] {processor.py:830} INFO - Processing file /opt/anaconda3/envs/airflow_env/lib/python3.10/site-packages/airflow/example_dags/example_branch_operator.py for tasks to queue
[2025-06-25T19:56:53.910-0400] {logging_mixin.py:188} INFO - [2025-06-25T19:56:53.910-0400] {dagbag.py:545} INFO - Filling up the DagBag from /opt/anaconda3/envs/airflow_env/lib/python3.10/site-packages/airflow/example_dags/example_branch_operator.py
[2025-06-25T19:56:53.923-0400] {processor.py:840} INFO - DAG(s) 'example_branch_operator' retrieved from /opt/anaconda3/envs/airflow_env/lib/python3.10/site-packages/airflow/example_dags/example_branch_operator.py
[2025-06-25T19:56:54.006-0400] {logging_mixin.py:188} INFO - [2025-06-25T19:56:54.006-0400] {dag.py:3096} INFO - Sync 1 DAGs
[2025-06-25T19:56:54.011-0400] {logging_mixin.py:188} INFO - [2025-06-25T19:56:54.011-0400] {dag.py:3954} INFO - Setting next_dagrun for example_branch_operator to 2025-06-24 00:00:00+00:00, run_after=2025-06-25 00:00:00+00:00
[2025-06-25T19:56:54.018-0400] {processor.py:183} INFO - Processing /opt/anaconda3/envs/airflow_env/lib/python3.10/site-packages/airflow/example_dags/example_branch_operator.py took 0.111 seconds
[2025-06-25T19:57:32.776-0400] {processor.py:161} INFO - Started process (PID=51503) to work on /opt/anaconda3/envs/airflow_env/lib/python3.10/site-packages/airflow/example_dags/example_branch_operator.py
[2025-06-25T19:57:32.777-0400] {processor.py:830} INFO - Processing file /opt/anaconda3/envs/airflow_env/lib/python3.10/site-packages/airflow/example_dags/example_branch_operator.py for tasks to queue
[2025-06-25T19:57:32.777-0400] {logging_mixin.py:188} INFO - [2025-06-25T19:57:32.777-0400] {dagbag.py:545} INFO - Filling up the DagBag from /opt/anaconda3/envs/airflow_env/lib/python3.10/site-packages/airflow/example_dags/example_branch_operator.py
[2025-06-25T19:57:32.793-0400] {processor.py:840} INFO - DAG(s) 'example_branch_operator' retrieved from /opt/anaconda3/envs/airflow_env/lib/python3.10/site-packages/airflow/example_dags/example_branch_operator.py
[2025-06-25T19:57:32.888-0400] {logging_mixin.py:188} INFO - [2025-06-25T19:57:32.888-0400] {dag.py:3096} INFO - Sync 1 DAGs
[2025-06-25T19:57:32.894-0400] {logging_mixin.py:188} INFO - [2025-06-25T19:57:32.893-0400] {dag.py:3954} INFO - Setting next_dagrun for example_branch_operator to 2025-06-24 00:00:00+00:00, run_after=2025-06-25 00:00:00+00:00
[2025-06-25T19:57:32.900-0400] {processor.py:183} INFO - Processing /opt/anaconda3/envs/airflow_env/lib/python3.10/site-packages/airflow/example_dags/example_branch_operator.py took 0.126 seconds
[2025-06-25T19:58:30.669-0400] {processor.py:161} INFO - Started process (PID=51647) to work on /opt/anaconda3/envs/airflow_env/lib/python3.10/site-packages/airflow/example_dags/example_branch_operator.py
[2025-06-25T19:58:30.669-0400] {processor.py:830} INFO - Processing file /opt/anaconda3/envs/airflow_env/lib/python3.10/site-packages/airflow/example_dags/example_branch_operator.py for tasks to queue
[2025-06-25T19:58:30.670-0400] {logging_mixin.py:188} INFO - [2025-06-25T19:58:30.670-0400] {dagbag.py:545} INFO - Filling up the DagBag from /opt/anaconda3/envs/airflow_env/lib/python3.10/site-packages/airflow/example_dags/example_branch_operator.py
[2025-06-25T19:58:30.685-0400] {processor.py:840} INFO - DAG(s) 'example_branch_operator' retrieved from /opt/anaconda3/envs/airflow_env/lib/python3.10/site-packages/airflow/example_dags/example_branch_operator.py
[2025-06-25T19:58:30.787-0400] {logging_mixin.py:188} INFO - [2025-06-25T19:58:30.787-0400] {dag.py:3096} INFO - Sync 1 DAGs
[2025-06-25T19:58:30.794-0400] {logging_mixin.py:188} INFO - [2025-06-25T19:58:30.794-0400] {dag.py:3954} INFO - Setting next_dagrun for example_branch_operator to 2025-06-24 00:00:00+00:00, run_after=2025-06-25 00:00:00+00:00
[2025-06-25T19:58:30.803-0400] {processor.py:183} INFO - Processing /opt/anaconda3/envs/airflow_env/lib/python3.10/site-packages/airflow/example_dags/example_branch_operator.py took 0.136 seconds
[2025-06-25T19:59:08.590-0400] {processor.py:161} INFO - Started process (PID=51807) to work on /opt/anaconda3/envs/airflow_env/lib/python3.10/site-packages/airflow/example_dags/example_branch_operator.py
[2025-06-25T19:59:08.591-0400] {processor.py:830} INFO - Processing file /opt/anaconda3/envs/airflow_env/lib/python3.10/site-packages/airflow/example_dags/example_branch_operator.py for tasks to queue
[2025-06-25T19:59:08.591-0400] {logging_mixin.py:188} INFO - [2025-06-25T19:59:08.591-0400] {dagbag.py:545} INFO - Filling up the DagBag from /opt/anaconda3/envs/airflow_env/lib/python3.10/site-packages/airflow/example_dags/example_branch_operator.py
[2025-06-25T19:59:08.605-0400] {processor.py:840} INFO - DAG(s) 'example_branch_operator' retrieved from /opt/anaconda3/envs/airflow_env/lib/python3.10/site-packages/airflow/example_dags/example_branch_operator.py
[2025-06-25T19:59:08.696-0400] {logging_mixin.py:188} INFO - [2025-06-25T19:59:08.696-0400] {dag.py:3096} INFO - Sync 1 DAGs
[2025-06-25T19:59:08.701-0400] {logging_mixin.py:188} INFO - [2025-06-25T19:59:08.701-0400] {dag.py:3954} INFO - Setting next_dagrun for example_branch_operator to 2025-06-24 00:00:00+00:00, run_after=2025-06-25 00:00:00+00:00
[2025-06-25T19:59:08.709-0400] {processor.py:183} INFO - Processing /opt/anaconda3/envs/airflow_env/lib/python3.10/site-packages/airflow/example_dags/example_branch_operator.py took 0.121 seconds
