[2025-06-25T17:57:08.355-0400] {processor.py:161} INFO - Started process (PID=34242) to work on /opt/anaconda3/envs/airflow_env/lib/python3.10/site-packages/airflow/example_dags/example_params_ui_tutorial.py
[2025-06-25T17:57:08.356-0400] {processor.py:830} INFO - Processing file /opt/anaconda3/envs/airflow_env/lib/python3.10/site-packages/airflow/example_dags/example_params_ui_tutorial.py for tasks to queue
[2025-06-25T17:57:08.356-0400] {logging_mixin.py:188} INFO - [2025-06-25T17:57:08.356-0400] {dagbag.py:545} INFO - Filling up the DagBag from /opt/anaconda3/envs/airflow_env/lib/python3.10/site-packages/airflow/example_dags/example_params_ui_tutorial.py
[2025-06-25T17:57:08.370-0400] {processor.py:840} INFO - DAG(s) 'example_params_ui_tutorial' retrieved from /opt/anaconda3/envs/airflow_env/lib/python3.10/site-packages/airflow/example_dags/example_params_ui_tutorial.py
[2025-06-25T17:57:08.459-0400] {logging_mixin.py:188} INFO - [2025-06-25T17:57:08.458-0400] {override.py:1829} INFO - Created Permission View: can edit on DAG:example_params_ui_tutorial
[2025-06-25T17:57:08.462-0400] {logging_mixin.py:188} INFO - [2025-06-25T17:57:08.461-0400] {override.py:1829} INFO - Created Permission View: can delete on DAG:example_params_ui_tutorial
[2025-06-25T17:57:08.464-0400] {logging_mixin.py:188} INFO - [2025-06-25T17:57:08.463-0400] {override.py:1829} INFO - Created Permission View: can read on DAG:example_params_ui_tutorial
[2025-06-25T17:57:08.464-0400] {logging_mixin.py:188} INFO - [2025-06-25T17:57:08.464-0400] {dag.py:3096} INFO - Sync 1 DAGs
[2025-06-25T17:57:08.467-0400] {logging_mixin.py:188} INFO - [2025-06-25T17:57:08.467-0400] {dag.py:3118} INFO - Creating ORM DAG for example_params_ui_tutorial
[2025-06-25T17:57:08.467-0400] {logging_mixin.py:188} INFO - [2025-06-25T17:57:08.467-0400] {dag.py:3954} INFO - Setting next_dagrun for example_params_ui_tutorial to None, run_after=None
[2025-06-25T17:57:08.473-0400] {processor.py:183} INFO - Processing /opt/anaconda3/envs/airflow_env/lib/python3.10/site-packages/airflow/example_dags/example_params_ui_tutorial.py took 0.119 seconds
[2025-06-25T17:58:31.823-0400] {processor.py:161} INFO - Started process (PID=34862) to work on /opt/anaconda3/envs/airflow_env/lib/python3.10/site-packages/airflow/example_dags/example_params_ui_tutorial.py
[2025-06-25T17:58:31.824-0400] {processor.py:830} INFO - Processing file /opt/anaconda3/envs/airflow_env/lib/python3.10/site-packages/airflow/example_dags/example_params_ui_tutorial.py for tasks to queue
[2025-06-25T17:58:31.825-0400] {logging_mixin.py:188} INFO - [2025-06-25T17:58:31.824-0400] {dagbag.py:545} INFO - Filling up the DagBag from /opt/anaconda3/envs/airflow_env/lib/python3.10/site-packages/airflow/example_dags/example_params_ui_tutorial.py
[2025-06-25T17:58:31.840-0400] {processor.py:840} INFO - DAG(s) 'example_params_ui_tutorial' retrieved from /opt/anaconda3/envs/airflow_env/lib/python3.10/site-packages/airflow/example_dags/example_params_ui_tutorial.py
[2025-06-25T17:58:31.885-0400] {logging_mixin.py:188} INFO - [2025-06-25T17:58:31.885-0400] {dag.py:3096} INFO - Sync 1 DAGs
[2025-06-25T17:58:31.911-0400] {logging_mixin.py:188} INFO - [2025-06-25T17:58:31.910-0400] {dag.py:3954} INFO - Setting next_dagrun for example_params_ui_tutorial to None, run_after=None
[2025-06-25T17:58:31.918-0400] {processor.py:183} INFO - Processing /opt/anaconda3/envs/airflow_env/lib/python3.10/site-packages/airflow/example_dags/example_params_ui_tutorial.py took 0.096 seconds
[2025-06-25T18:00:04.811-0400] {processor.py:161} INFO - Started process (PID=35880) to work on /opt/anaconda3/envs/airflow_env/lib/python3.10/site-packages/airflow/example_dags/example_params_ui_tutorial.py
[2025-06-25T18:00:04.812-0400] {processor.py:830} INFO - Processing file /opt/anaconda3/envs/airflow_env/lib/python3.10/site-packages/airflow/example_dags/example_params_ui_tutorial.py for tasks to queue
[2025-06-25T18:00:04.812-0400] {logging_mixin.py:188} INFO - [2025-06-25T18:00:04.812-0400] {dagbag.py:545} INFO - Filling up the DagBag from /opt/anaconda3/envs/airflow_env/lib/python3.10/site-packages/airflow/example_dags/example_params_ui_tutorial.py
[2025-06-25T18:00:04.829-0400] {processor.py:840} INFO - DAG(s) 'example_params_ui_tutorial' retrieved from /opt/anaconda3/envs/airflow_env/lib/python3.10/site-packages/airflow/example_dags/example_params_ui_tutorial.py
[2025-06-25T18:00:04.874-0400] {logging_mixin.py:188} INFO - [2025-06-25T18:00:04.874-0400] {dag.py:3096} INFO - Sync 1 DAGs
[2025-06-25T18:00:04.900-0400] {logging_mixin.py:188} INFO - [2025-06-25T18:00:04.899-0400] {dag.py:3954} INFO - Setting next_dagrun for example_params_ui_tutorial to None, run_after=None
[2025-06-25T18:00:04.906-0400] {processor.py:183} INFO - Processing /opt/anaconda3/envs/airflow_env/lib/python3.10/site-packages/airflow/example_dags/example_params_ui_tutorial.py took 0.097 seconds
[2025-06-25T18:01:54.528-0400] {processor.py:161} INFO - Started process (PID=36553) to work on /opt/anaconda3/envs/airflow_env/lib/python3.10/site-packages/airflow/example_dags/example_params_ui_tutorial.py
[2025-06-25T18:01:54.528-0400] {processor.py:830} INFO - Processing file /opt/anaconda3/envs/airflow_env/lib/python3.10/site-packages/airflow/example_dags/example_params_ui_tutorial.py for tasks to queue
[2025-06-25T18:01:54.529-0400] {logging_mixin.py:188} INFO - [2025-06-25T18:01:54.529-0400] {dagbag.py:545} INFO - Filling up the DagBag from /opt/anaconda3/envs/airflow_env/lib/python3.10/site-packages/airflow/example_dags/example_params_ui_tutorial.py
[2025-06-25T18:01:54.543-0400] {processor.py:840} INFO - DAG(s) 'example_params_ui_tutorial' retrieved from /opt/anaconda3/envs/airflow_env/lib/python3.10/site-packages/airflow/example_dags/example_params_ui_tutorial.py
[2025-06-25T18:01:54.584-0400] {logging_mixin.py:188} INFO - [2025-06-25T18:01:54.584-0400] {dag.py:3096} INFO - Sync 1 DAGs
[2025-06-25T18:01:54.606-0400] {logging_mixin.py:188} INFO - [2025-06-25T18:01:54.606-0400] {dag.py:3954} INFO - Setting next_dagrun for example_params_ui_tutorial to None, run_after=None
[2025-06-25T18:01:54.612-0400] {processor.py:183} INFO - Processing /opt/anaconda3/envs/airflow_env/lib/python3.10/site-packages/airflow/example_dags/example_params_ui_tutorial.py took 0.086 seconds
[2025-06-25T18:03:15.830-0400] {processor.py:161} INFO - Started process (PID=37260) to work on /opt/anaconda3/envs/airflow_env/lib/python3.10/site-packages/airflow/example_dags/example_params_ui_tutorial.py
[2025-06-25T18:03:15.831-0400] {processor.py:830} INFO - Processing file /opt/anaconda3/envs/airflow_env/lib/python3.10/site-packages/airflow/example_dags/example_params_ui_tutorial.py for tasks to queue
[2025-06-25T18:03:15.832-0400] {logging_mixin.py:188} INFO - [2025-06-25T18:03:15.832-0400] {dagbag.py:545} INFO - Filling up the DagBag from /opt/anaconda3/envs/airflow_env/lib/python3.10/site-packages/airflow/example_dags/example_params_ui_tutorial.py
[2025-06-25T18:03:15.846-0400] {processor.py:840} INFO - DAG(s) 'example_params_ui_tutorial' retrieved from /opt/anaconda3/envs/airflow_env/lib/python3.10/site-packages/airflow/example_dags/example_params_ui_tutorial.py
[2025-06-25T18:03:15.889-0400] {logging_mixin.py:188} INFO - [2025-06-25T18:03:15.889-0400] {dag.py:3096} INFO - Sync 1 DAGs
[2025-06-25T18:03:15.913-0400] {logging_mixin.py:188} INFO - [2025-06-25T18:03:15.913-0400] {dag.py:3954} INFO - Setting next_dagrun for example_params_ui_tutorial to None, run_after=None
[2025-06-25T18:03:15.920-0400] {processor.py:183} INFO - Processing /opt/anaconda3/envs/airflow_env/lib/python3.10/site-packages/airflow/example_dags/example_params_ui_tutorial.py took 0.091 seconds
[2025-06-25T18:04:49.404-0400] {processor.py:161} INFO - Started process (PID=37443) to work on /opt/anaconda3/envs/airflow_env/lib/python3.10/site-packages/airflow/example_dags/example_params_ui_tutorial.py
[2025-06-25T18:04:49.405-0400] {processor.py:830} INFO - Processing file /opt/anaconda3/envs/airflow_env/lib/python3.10/site-packages/airflow/example_dags/example_params_ui_tutorial.py for tasks to queue
[2025-06-25T18:04:49.405-0400] {logging_mixin.py:188} INFO - [2025-06-25T18:04:49.405-0400] {dagbag.py:545} INFO - Filling up the DagBag from /opt/anaconda3/envs/airflow_env/lib/python3.10/site-packages/airflow/example_dags/example_params_ui_tutorial.py
[2025-06-25T18:04:49.420-0400] {processor.py:840} INFO - DAG(s) 'example_params_ui_tutorial' retrieved from /opt/anaconda3/envs/airflow_env/lib/python3.10/site-packages/airflow/example_dags/example_params_ui_tutorial.py
[2025-06-25T18:04:49.462-0400] {logging_mixin.py:188} INFO - [2025-06-25T18:04:49.462-0400] {dag.py:3096} INFO - Sync 1 DAGs
[2025-06-25T18:04:49.485-0400] {logging_mixin.py:188} INFO - [2025-06-25T18:04:49.485-0400] {dag.py:3954} INFO - Setting next_dagrun for example_params_ui_tutorial to None, run_after=None
[2025-06-25T18:04:49.493-0400] {processor.py:183} INFO - Processing /opt/anaconda3/envs/airflow_env/lib/python3.10/site-packages/airflow/example_dags/example_params_ui_tutorial.py took 0.091 seconds
[2025-06-25T18:13:42.900-0400] {processor.py:161} INFO - Started process (PID=38091) to work on /opt/anaconda3/envs/airflow_env/lib/python3.10/site-packages/airflow/example_dags/example_params_ui_tutorial.py
[2025-06-25T18:13:42.901-0400] {processor.py:830} INFO - Processing file /opt/anaconda3/envs/airflow_env/lib/python3.10/site-packages/airflow/example_dags/example_params_ui_tutorial.py for tasks to queue
[2025-06-25T18:13:42.901-0400] {logging_mixin.py:188} INFO - [2025-06-25T18:13:42.901-0400] {dagbag.py:545} INFO - Filling up the DagBag from /opt/anaconda3/envs/airflow_env/lib/python3.10/site-packages/airflow/example_dags/example_params_ui_tutorial.py
[2025-06-25T18:13:42.964-0400] {processor.py:840} INFO - DAG(s) 'example_params_ui_tutorial' retrieved from /opt/anaconda3/envs/airflow_env/lib/python3.10/site-packages/airflow/example_dags/example_params_ui_tutorial.py
[2025-06-25T18:13:43.016-0400] {logging_mixin.py:188} INFO - [2025-06-25T18:13:43.016-0400] {dag.py:3096} INFO - Sync 1 DAGs
[2025-06-25T18:13:43.042-0400] {logging_mixin.py:188} INFO - [2025-06-25T18:13:43.042-0400] {dag.py:3954} INFO - Setting next_dagrun for example_params_ui_tutorial to None, run_after=None
[2025-06-25T18:13:43.050-0400] {processor.py:183} INFO - Processing /opt/anaconda3/envs/airflow_env/lib/python3.10/site-packages/airflow/example_dags/example_params_ui_tutorial.py took 0.152 seconds
[2025-06-25T18:14:57.483-0400] {processor.py:161} INFO - Started process (PID=38240) to work on /opt/anaconda3/envs/airflow_env/lib/python3.10/site-packages/airflow/example_dags/example_params_ui_tutorial.py
[2025-06-25T18:14:57.483-0400] {processor.py:830} INFO - Processing file /opt/anaconda3/envs/airflow_env/lib/python3.10/site-packages/airflow/example_dags/example_params_ui_tutorial.py for tasks to queue
[2025-06-25T18:14:57.484-0400] {logging_mixin.py:188} INFO - [2025-06-25T18:14:57.484-0400] {dagbag.py:545} INFO - Filling up the DagBag from /opt/anaconda3/envs/airflow_env/lib/python3.10/site-packages/airflow/example_dags/example_params_ui_tutorial.py
[2025-06-25T18:14:57.498-0400] {processor.py:840} INFO - DAG(s) 'example_params_ui_tutorial' retrieved from /opt/anaconda3/envs/airflow_env/lib/python3.10/site-packages/airflow/example_dags/example_params_ui_tutorial.py
[2025-06-25T18:14:57.540-0400] {logging_mixin.py:188} INFO - [2025-06-25T18:14:57.540-0400] {dag.py:3096} INFO - Sync 1 DAGs
[2025-06-25T18:14:57.567-0400] {logging_mixin.py:188} INFO - [2025-06-25T18:14:57.567-0400] {dag.py:3954} INFO - Setting next_dagrun for example_params_ui_tutorial to None, run_after=None
[2025-06-25T18:14:57.574-0400] {processor.py:183} INFO - Processing /opt/anaconda3/envs/airflow_env/lib/python3.10/site-packages/airflow/example_dags/example_params_ui_tutorial.py took 0.093 seconds
[2025-06-25T18:15:24.672-0400] {processor.py:161} INFO - Started process (PID=38301) to work on /opt/anaconda3/envs/airflow_env/lib/python3.10/site-packages/airflow/example_dags/example_params_ui_tutorial.py
[2025-06-25T18:15:24.673-0400] {processor.py:830} INFO - Processing file /opt/anaconda3/envs/airflow_env/lib/python3.10/site-packages/airflow/example_dags/example_params_ui_tutorial.py for tasks to queue
[2025-06-25T18:15:24.673-0400] {logging_mixin.py:188} INFO - [2025-06-25T18:15:24.673-0400] {dagbag.py:545} INFO - Filling up the DagBag from /opt/anaconda3/envs/airflow_env/lib/python3.10/site-packages/airflow/example_dags/example_params_ui_tutorial.py
[2025-06-25T18:15:24.688-0400] {processor.py:840} INFO - DAG(s) 'example_params_ui_tutorial' retrieved from /opt/anaconda3/envs/airflow_env/lib/python3.10/site-packages/airflow/example_dags/example_params_ui_tutorial.py
[2025-06-25T18:15:24.730-0400] {logging_mixin.py:188} INFO - [2025-06-25T18:15:24.730-0400] {dag.py:3096} INFO - Sync 1 DAGs
[2025-06-25T18:15:24.752-0400] {logging_mixin.py:188} INFO - [2025-06-25T18:15:24.752-0400] {dag.py:3954} INFO - Setting next_dagrun for example_params_ui_tutorial to None, run_after=None
[2025-06-25T18:15:24.758-0400] {processor.py:183} INFO - Processing /opt/anaconda3/envs/airflow_env/lib/python3.10/site-packages/airflow/example_dags/example_params_ui_tutorial.py took 0.088 seconds
[2025-06-25T18:16:35.699-0400] {processor.py:161} INFO - Started process (PID=38423) to work on /opt/anaconda3/envs/airflow_env/lib/python3.10/site-packages/airflow/example_dags/example_params_ui_tutorial.py
[2025-06-25T18:16:35.699-0400] {processor.py:830} INFO - Processing file /opt/anaconda3/envs/airflow_env/lib/python3.10/site-packages/airflow/example_dags/example_params_ui_tutorial.py for tasks to queue
[2025-06-25T18:16:35.699-0400] {logging_mixin.py:188} INFO - [2025-06-25T18:16:35.699-0400] {dagbag.py:545} INFO - Filling up the DagBag from /opt/anaconda3/envs/airflow_env/lib/python3.10/site-packages/airflow/example_dags/example_params_ui_tutorial.py
[2025-06-25T18:16:35.716-0400] {processor.py:840} INFO - DAG(s) 'example_params_ui_tutorial' retrieved from /opt/anaconda3/envs/airflow_env/lib/python3.10/site-packages/airflow/example_dags/example_params_ui_tutorial.py
[2025-06-25T18:16:35.762-0400] {logging_mixin.py:188} INFO - [2025-06-25T18:16:35.762-0400] {dag.py:3096} INFO - Sync 1 DAGs
[2025-06-25T18:16:35.786-0400] {logging_mixin.py:188} INFO - [2025-06-25T18:16:35.785-0400] {dag.py:3954} INFO - Setting next_dagrun for example_params_ui_tutorial to None, run_after=None
[2025-06-25T18:16:35.792-0400] {processor.py:183} INFO - Processing /opt/anaconda3/envs/airflow_env/lib/python3.10/site-packages/airflow/example_dags/example_params_ui_tutorial.py took 0.095 seconds
[2025-06-25T18:16:44.054-0400] {processor.py:161} INFO - Started process (PID=38432) to work on /opt/anaconda3/envs/airflow_env/lib/python3.10/site-packages/airflow/example_dags/example_params_ui_tutorial.py
[2025-06-25T18:16:44.055-0400] {processor.py:830} INFO - Processing file /opt/anaconda3/envs/airflow_env/lib/python3.10/site-packages/airflow/example_dags/example_params_ui_tutorial.py for tasks to queue
[2025-06-25T18:16:44.055-0400] {logging_mixin.py:188} INFO - [2025-06-25T18:16:44.055-0400] {dagbag.py:545} INFO - Filling up the DagBag from /opt/anaconda3/envs/airflow_env/lib/python3.10/site-packages/airflow/example_dags/example_params_ui_tutorial.py
[2025-06-25T18:16:44.072-0400] {processor.py:840} INFO - DAG(s) 'example_params_ui_tutorial' retrieved from /opt/anaconda3/envs/airflow_env/lib/python3.10/site-packages/airflow/example_dags/example_params_ui_tutorial.py
[2025-06-25T18:16:44.122-0400] {logging_mixin.py:188} INFO - [2025-06-25T18:16:44.122-0400] {dag.py:3096} INFO - Sync 1 DAGs
[2025-06-25T18:16:44.154-0400] {logging_mixin.py:188} INFO - [2025-06-25T18:16:44.154-0400] {dag.py:3954} INFO - Setting next_dagrun for example_params_ui_tutorial to None, run_after=None
[2025-06-25T18:16:44.161-0400] {processor.py:183} INFO - Processing /opt/anaconda3/envs/airflow_env/lib/python3.10/site-packages/airflow/example_dags/example_params_ui_tutorial.py took 0.109 seconds
[2025-06-25T18:18:17.382-0400] {processor.py:161} INFO - Started process (PID=38725) to work on /opt/anaconda3/envs/airflow_env/lib/python3.10/site-packages/airflow/example_dags/example_params_ui_tutorial.py
[2025-06-25T18:18:17.383-0400] {processor.py:830} INFO - Processing file /opt/anaconda3/envs/airflow_env/lib/python3.10/site-packages/airflow/example_dags/example_params_ui_tutorial.py for tasks to queue
[2025-06-25T18:18:17.383-0400] {logging_mixin.py:188} INFO - [2025-06-25T18:18:17.383-0400] {dagbag.py:545} INFO - Filling up the DagBag from /opt/anaconda3/envs/airflow_env/lib/python3.10/site-packages/airflow/example_dags/example_params_ui_tutorial.py
[2025-06-25T18:18:17.398-0400] {processor.py:840} INFO - DAG(s) 'example_params_ui_tutorial' retrieved from /opt/anaconda3/envs/airflow_env/lib/python3.10/site-packages/airflow/example_dags/example_params_ui_tutorial.py
[2025-06-25T18:18:17.444-0400] {logging_mixin.py:188} INFO - [2025-06-25T18:18:17.444-0400] {dag.py:3096} INFO - Sync 1 DAGs
[2025-06-25T18:18:17.472-0400] {logging_mixin.py:188} INFO - [2025-06-25T18:18:17.471-0400] {dag.py:3954} INFO - Setting next_dagrun for example_params_ui_tutorial to None, run_after=None
[2025-06-25T18:18:17.479-0400] {processor.py:183} INFO - Processing /opt/anaconda3/envs/airflow_env/lib/python3.10/site-packages/airflow/example_dags/example_params_ui_tutorial.py took 0.099 seconds
[2025-06-25T18:18:24.883-0400] {processor.py:161} INFO - Started process (PID=38749) to work on /opt/anaconda3/envs/airflow_env/lib/python3.10/site-packages/airflow/example_dags/example_params_ui_tutorial.py
[2025-06-25T18:18:24.883-0400] {processor.py:830} INFO - Processing file /opt/anaconda3/envs/airflow_env/lib/python3.10/site-packages/airflow/example_dags/example_params_ui_tutorial.py for tasks to queue
[2025-06-25T18:18:24.883-0400] {logging_mixin.py:188} INFO - [2025-06-25T18:18:24.883-0400] {dagbag.py:545} INFO - Filling up the DagBag from /opt/anaconda3/envs/airflow_env/lib/python3.10/site-packages/airflow/example_dags/example_params_ui_tutorial.py
[2025-06-25T18:18:24.898-0400] {processor.py:840} INFO - DAG(s) 'example_params_ui_tutorial' retrieved from /opt/anaconda3/envs/airflow_env/lib/python3.10/site-packages/airflow/example_dags/example_params_ui_tutorial.py
[2025-06-25T18:18:24.940-0400] {logging_mixin.py:188} INFO - [2025-06-25T18:18:24.940-0400] {dag.py:3096} INFO - Sync 1 DAGs
[2025-06-25T18:18:24.962-0400] {logging_mixin.py:188} INFO - [2025-06-25T18:18:24.962-0400] {dag.py:3954} INFO - Setting next_dagrun for example_params_ui_tutorial to None, run_after=None
[2025-06-25T18:18:24.969-0400] {processor.py:183} INFO - Processing /opt/anaconda3/envs/airflow_env/lib/python3.10/site-packages/airflow/example_dags/example_params_ui_tutorial.py took 0.088 seconds
[2025-06-25T18:19:55.155-0400] {processor.py:161} INFO - Started process (PID=38931) to work on /opt/anaconda3/envs/airflow_env/lib/python3.10/site-packages/airflow/example_dags/example_params_ui_tutorial.py
[2025-06-25T18:19:55.155-0400] {processor.py:830} INFO - Processing file /opt/anaconda3/envs/airflow_env/lib/python3.10/site-packages/airflow/example_dags/example_params_ui_tutorial.py for tasks to queue
[2025-06-25T18:19:55.155-0400] {logging_mixin.py:188} INFO - [2025-06-25T18:19:55.155-0400] {dagbag.py:545} INFO - Filling up the DagBag from /opt/anaconda3/envs/airflow_env/lib/python3.10/site-packages/airflow/example_dags/example_params_ui_tutorial.py
[2025-06-25T18:19:55.169-0400] {processor.py:840} INFO - DAG(s) 'example_params_ui_tutorial' retrieved from /opt/anaconda3/envs/airflow_env/lib/python3.10/site-packages/airflow/example_dags/example_params_ui_tutorial.py
[2025-06-25T18:19:55.211-0400] {logging_mixin.py:188} INFO - [2025-06-25T18:19:55.211-0400] {dag.py:3096} INFO - Sync 1 DAGs
[2025-06-25T18:19:55.233-0400] {logging_mixin.py:188} INFO - [2025-06-25T18:19:55.233-0400] {dag.py:3954} INFO - Setting next_dagrun for example_params_ui_tutorial to None, run_after=None
[2025-06-25T18:19:55.239-0400] {processor.py:183} INFO - Processing /opt/anaconda3/envs/airflow_env/lib/python3.10/site-packages/airflow/example_dags/example_params_ui_tutorial.py took 0.086 seconds
[2025-06-25T18:19:58.196-0400] {processor.py:161} INFO - Started process (PID=38935) to work on /opt/anaconda3/envs/airflow_env/lib/python3.10/site-packages/airflow/example_dags/example_params_ui_tutorial.py
[2025-06-25T18:19:58.196-0400] {processor.py:830} INFO - Processing file /opt/anaconda3/envs/airflow_env/lib/python3.10/site-packages/airflow/example_dags/example_params_ui_tutorial.py for tasks to queue
[2025-06-25T18:19:58.196-0400] {logging_mixin.py:188} INFO - [2025-06-25T18:19:58.196-0400] {dagbag.py:545} INFO - Filling up the DagBag from /opt/anaconda3/envs/airflow_env/lib/python3.10/site-packages/airflow/example_dags/example_params_ui_tutorial.py
[2025-06-25T18:19:58.210-0400] {processor.py:840} INFO - DAG(s) 'example_params_ui_tutorial' retrieved from /opt/anaconda3/envs/airflow_env/lib/python3.10/site-packages/airflow/example_dags/example_params_ui_tutorial.py
[2025-06-25T18:19:58.251-0400] {logging_mixin.py:188} INFO - [2025-06-25T18:19:58.251-0400] {dag.py:3096} INFO - Sync 1 DAGs
[2025-06-25T18:19:58.274-0400] {logging_mixin.py:188} INFO - [2025-06-25T18:19:58.274-0400] {dag.py:3954} INFO - Setting next_dagrun for example_params_ui_tutorial to None, run_after=None
[2025-06-25T18:19:58.280-0400] {processor.py:183} INFO - Processing /opt/anaconda3/envs/airflow_env/lib/python3.10/site-packages/airflow/example_dags/example_params_ui_tutorial.py took 0.086 seconds
[2025-06-25T18:21:28.933-0400] {processor.py:161} INFO - Started process (PID=39106) to work on /opt/anaconda3/envs/airflow_env/lib/python3.10/site-packages/airflow/example_dags/example_params_ui_tutorial.py
[2025-06-25T18:21:28.933-0400] {processor.py:830} INFO - Processing file /opt/anaconda3/envs/airflow_env/lib/python3.10/site-packages/airflow/example_dags/example_params_ui_tutorial.py for tasks to queue
[2025-06-25T18:21:28.933-0400] {logging_mixin.py:188} INFO - [2025-06-25T18:21:28.933-0400] {dagbag.py:545} INFO - Filling up the DagBag from /opt/anaconda3/envs/airflow_env/lib/python3.10/site-packages/airflow/example_dags/example_params_ui_tutorial.py
[2025-06-25T18:21:28.948-0400] {processor.py:840} INFO - DAG(s) 'example_params_ui_tutorial' retrieved from /opt/anaconda3/envs/airflow_env/lib/python3.10/site-packages/airflow/example_dags/example_params_ui_tutorial.py
[2025-06-25T18:21:29.035-0400] {logging_mixin.py:188} INFO - [2025-06-25T18:21:29.035-0400] {dag.py:3096} INFO - Sync 1 DAGs
[2025-06-25T18:21:29.064-0400] {logging_mixin.py:188} INFO - [2025-06-25T18:21:29.064-0400] {dag.py:3954} INFO - Setting next_dagrun for example_params_ui_tutorial to None, run_after=None
[2025-06-25T18:21:29.072-0400] {processor.py:183} INFO - Processing /opt/anaconda3/envs/airflow_env/lib/python3.10/site-packages/airflow/example_dags/example_params_ui_tutorial.py took 0.141 seconds
[2025-06-25T18:21:36.840-0400] {processor.py:161} INFO - Started process (PID=39118) to work on /opt/anaconda3/envs/airflow_env/lib/python3.10/site-packages/airflow/example_dags/example_params_ui_tutorial.py
[2025-06-25T18:21:36.840-0400] {processor.py:830} INFO - Processing file /opt/anaconda3/envs/airflow_env/lib/python3.10/site-packages/airflow/example_dags/example_params_ui_tutorial.py for tasks to queue
[2025-06-25T18:21:36.841-0400] {logging_mixin.py:188} INFO - [2025-06-25T18:21:36.841-0400] {dagbag.py:545} INFO - Filling up the DagBag from /opt/anaconda3/envs/airflow_env/lib/python3.10/site-packages/airflow/example_dags/example_params_ui_tutorial.py
[2025-06-25T18:21:36.856-0400] {processor.py:840} INFO - DAG(s) 'example_params_ui_tutorial' retrieved from /opt/anaconda3/envs/airflow_env/lib/python3.10/site-packages/airflow/example_dags/example_params_ui_tutorial.py
[2025-06-25T18:21:36.901-0400] {logging_mixin.py:188} INFO - [2025-06-25T18:21:36.901-0400] {dag.py:3096} INFO - Sync 1 DAGs
[2025-06-25T18:21:36.925-0400] {logging_mixin.py:188} INFO - [2025-06-25T18:21:36.925-0400] {dag.py:3954} INFO - Setting next_dagrun for example_params_ui_tutorial to None, run_after=None
[2025-06-25T18:21:36.933-0400] {processor.py:183} INFO - Processing /opt/anaconda3/envs/airflow_env/lib/python3.10/site-packages/airflow/example_dags/example_params_ui_tutorial.py took 0.094 seconds
[2025-06-25T18:23:04.443-0400] {processor.py:161} INFO - Started process (PID=39295) to work on /opt/anaconda3/envs/airflow_env/lib/python3.10/site-packages/airflow/example_dags/example_params_ui_tutorial.py
[2025-06-25T18:23:04.444-0400] {processor.py:830} INFO - Processing file /opt/anaconda3/envs/airflow_env/lib/python3.10/site-packages/airflow/example_dags/example_params_ui_tutorial.py for tasks to queue
[2025-06-25T18:23:04.444-0400] {logging_mixin.py:188} INFO - [2025-06-25T18:23:04.444-0400] {dagbag.py:545} INFO - Filling up the DagBag from /opt/anaconda3/envs/airflow_env/lib/python3.10/site-packages/airflow/example_dags/example_params_ui_tutorial.py
[2025-06-25T18:23:04.460-0400] {processor.py:840} INFO - DAG(s) 'example_params_ui_tutorial' retrieved from /opt/anaconda3/envs/airflow_env/lib/python3.10/site-packages/airflow/example_dags/example_params_ui_tutorial.py
[2025-06-25T18:23:04.502-0400] {logging_mixin.py:188} INFO - [2025-06-25T18:23:04.502-0400] {dag.py:3096} INFO - Sync 1 DAGs
[2025-06-25T18:23:04.525-0400] {logging_mixin.py:188} INFO - [2025-06-25T18:23:04.524-0400] {dag.py:3954} INFO - Setting next_dagrun for example_params_ui_tutorial to None, run_after=None
[2025-06-25T18:23:04.531-0400] {processor.py:183} INFO - Processing /opt/anaconda3/envs/airflow_env/lib/python3.10/site-packages/airflow/example_dags/example_params_ui_tutorial.py took 0.090 seconds
[2025-06-25T18:23:10.846-0400] {processor.py:161} INFO - Started process (PID=39307) to work on /opt/anaconda3/envs/airflow_env/lib/python3.10/site-packages/airflow/example_dags/example_params_ui_tutorial.py
[2025-06-25T18:23:10.846-0400] {processor.py:830} INFO - Processing file /opt/anaconda3/envs/airflow_env/lib/python3.10/site-packages/airflow/example_dags/example_params_ui_tutorial.py for tasks to queue
[2025-06-25T18:23:10.846-0400] {logging_mixin.py:188} INFO - [2025-06-25T18:23:10.846-0400] {dagbag.py:545} INFO - Filling up the DagBag from /opt/anaconda3/envs/airflow_env/lib/python3.10/site-packages/airflow/example_dags/example_params_ui_tutorial.py
[2025-06-25T18:23:10.860-0400] {processor.py:840} INFO - DAG(s) 'example_params_ui_tutorial' retrieved from /opt/anaconda3/envs/airflow_env/lib/python3.10/site-packages/airflow/example_dags/example_params_ui_tutorial.py
[2025-06-25T18:23:10.903-0400] {logging_mixin.py:188} INFO - [2025-06-25T18:23:10.903-0400] {dag.py:3096} INFO - Sync 1 DAGs
[2025-06-25T18:23:10.926-0400] {logging_mixin.py:188} INFO - [2025-06-25T18:23:10.926-0400] {dag.py:3954} INFO - Setting next_dagrun for example_params_ui_tutorial to None, run_after=None
[2025-06-25T18:23:10.933-0400] {processor.py:183} INFO - Processing /opt/anaconda3/envs/airflow_env/lib/python3.10/site-packages/airflow/example_dags/example_params_ui_tutorial.py took 0.089 seconds
[2025-06-25T18:24:45.534-0400] {processor.py:161} INFO - Started process (PID=40203) to work on /opt/anaconda3/envs/airflow_env/lib/python3.10/site-packages/airflow/example_dags/example_params_ui_tutorial.py
[2025-06-25T18:24:45.535-0400] {processor.py:830} INFO - Processing file /opt/anaconda3/envs/airflow_env/lib/python3.10/site-packages/airflow/example_dags/example_params_ui_tutorial.py for tasks to queue
[2025-06-25T18:24:45.535-0400] {logging_mixin.py:188} INFO - [2025-06-25T18:24:45.535-0400] {dagbag.py:545} INFO - Filling up the DagBag from /opt/anaconda3/envs/airflow_env/lib/python3.10/site-packages/airflow/example_dags/example_params_ui_tutorial.py
[2025-06-25T18:24:45.549-0400] {processor.py:840} INFO - DAG(s) 'example_params_ui_tutorial' retrieved from /opt/anaconda3/envs/airflow_env/lib/python3.10/site-packages/airflow/example_dags/example_params_ui_tutorial.py
[2025-06-25T18:24:45.591-0400] {logging_mixin.py:188} INFO - [2025-06-25T18:24:45.590-0400] {dag.py:3096} INFO - Sync 1 DAGs
[2025-06-25T18:24:45.613-0400] {logging_mixin.py:188} INFO - [2025-06-25T18:24:45.613-0400] {dag.py:3954} INFO - Setting next_dagrun for example_params_ui_tutorial to None, run_after=None
[2025-06-25T18:24:45.619-0400] {processor.py:183} INFO - Processing /opt/anaconda3/envs/airflow_env/lib/python3.10/site-packages/airflow/example_dags/example_params_ui_tutorial.py took 0.087 seconds
[2025-06-25T18:24:53.022-0400] {processor.py:161} INFO - Started process (PID=40216) to work on /opt/anaconda3/envs/airflow_env/lib/python3.10/site-packages/airflow/example_dags/example_params_ui_tutorial.py
[2025-06-25T18:24:53.022-0400] {processor.py:830} INFO - Processing file /opt/anaconda3/envs/airflow_env/lib/python3.10/site-packages/airflow/example_dags/example_params_ui_tutorial.py for tasks to queue
[2025-06-25T18:24:53.022-0400] {logging_mixin.py:188} INFO - [2025-06-25T18:24:53.022-0400] {dagbag.py:545} INFO - Filling up the DagBag from /opt/anaconda3/envs/airflow_env/lib/python3.10/site-packages/airflow/example_dags/example_params_ui_tutorial.py
[2025-06-25T18:24:53.037-0400] {processor.py:840} INFO - DAG(s) 'example_params_ui_tutorial' retrieved from /opt/anaconda3/envs/airflow_env/lib/python3.10/site-packages/airflow/example_dags/example_params_ui_tutorial.py
[2025-06-25T18:24:53.079-0400] {logging_mixin.py:188} INFO - [2025-06-25T18:24:53.079-0400] {dag.py:3096} INFO - Sync 1 DAGs
[2025-06-25T18:24:53.101-0400] {logging_mixin.py:188} INFO - [2025-06-25T18:24:53.101-0400] {dag.py:3954} INFO - Setting next_dagrun for example_params_ui_tutorial to None, run_after=None
[2025-06-25T18:24:53.108-0400] {processor.py:183} INFO - Processing /opt/anaconda3/envs/airflow_env/lib/python3.10/site-packages/airflow/example_dags/example_params_ui_tutorial.py took 0.088 seconds
[2025-06-25T18:26:37.151-0400] {processor.py:161} INFO - Started process (PID=40903) to work on /opt/anaconda3/envs/airflow_env/lib/python3.10/site-packages/airflow/example_dags/example_params_ui_tutorial.py
[2025-06-25T18:26:37.153-0400] {processor.py:830} INFO - Processing file /opt/anaconda3/envs/airflow_env/lib/python3.10/site-packages/airflow/example_dags/example_params_ui_tutorial.py for tasks to queue
[2025-06-25T18:26:37.153-0400] {logging_mixin.py:188} INFO - [2025-06-25T18:26:37.153-0400] {dagbag.py:545} INFO - Filling up the DagBag from /opt/anaconda3/envs/airflow_env/lib/python3.10/site-packages/airflow/example_dags/example_params_ui_tutorial.py
[2025-06-25T18:26:37.167-0400] {processor.py:840} INFO - DAG(s) 'example_params_ui_tutorial' retrieved from /opt/anaconda3/envs/airflow_env/lib/python3.10/site-packages/airflow/example_dags/example_params_ui_tutorial.py
[2025-06-25T18:26:37.208-0400] {logging_mixin.py:188} INFO - [2025-06-25T18:26:37.208-0400] {dag.py:3096} INFO - Sync 1 DAGs
[2025-06-25T18:26:37.230-0400] {logging_mixin.py:188} INFO - [2025-06-25T18:26:37.230-0400] {dag.py:3954} INFO - Setting next_dagrun for example_params_ui_tutorial to None, run_after=None
[2025-06-25T18:26:37.236-0400] {processor.py:183} INFO - Processing /opt/anaconda3/envs/airflow_env/lib/python3.10/site-packages/airflow/example_dags/example_params_ui_tutorial.py took 0.087 seconds
[2025-06-25T18:26:41.462-0400] {processor.py:161} INFO - Started process (PID=40912) to work on /opt/anaconda3/envs/airflow_env/lib/python3.10/site-packages/airflow/example_dags/example_params_ui_tutorial.py
[2025-06-25T18:26:41.462-0400] {processor.py:830} INFO - Processing file /opt/anaconda3/envs/airflow_env/lib/python3.10/site-packages/airflow/example_dags/example_params_ui_tutorial.py for tasks to queue
[2025-06-25T18:26:41.462-0400] {logging_mixin.py:188} INFO - [2025-06-25T18:26:41.462-0400] {dagbag.py:545} INFO - Filling up the DagBag from /opt/anaconda3/envs/airflow_env/lib/python3.10/site-packages/airflow/example_dags/example_params_ui_tutorial.py
[2025-06-25T18:26:41.476-0400] {processor.py:840} INFO - DAG(s) 'example_params_ui_tutorial' retrieved from /opt/anaconda3/envs/airflow_env/lib/python3.10/site-packages/airflow/example_dags/example_params_ui_tutorial.py
[2025-06-25T18:26:41.518-0400] {logging_mixin.py:188} INFO - [2025-06-25T18:26:41.517-0400] {dag.py:3096} INFO - Sync 1 DAGs
[2025-06-25T18:26:41.539-0400] {logging_mixin.py:188} INFO - [2025-06-25T18:26:41.539-0400] {dag.py:3954} INFO - Setting next_dagrun for example_params_ui_tutorial to None, run_after=None
[2025-06-25T18:26:41.546-0400] {processor.py:183} INFO - Processing /opt/anaconda3/envs/airflow_env/lib/python3.10/site-packages/airflow/example_dags/example_params_ui_tutorial.py took 0.086 seconds
[2025-06-25T18:28:12.748-0400] {processor.py:161} INFO - Started process (PID=41086) to work on /opt/anaconda3/envs/airflow_env/lib/python3.10/site-packages/airflow/example_dags/example_params_ui_tutorial.py
[2025-06-25T18:28:12.748-0400] {processor.py:830} INFO - Processing file /opt/anaconda3/envs/airflow_env/lib/python3.10/site-packages/airflow/example_dags/example_params_ui_tutorial.py for tasks to queue
[2025-06-25T18:28:12.748-0400] {logging_mixin.py:188} INFO - [2025-06-25T18:28:12.748-0400] {dagbag.py:545} INFO - Filling up the DagBag from /opt/anaconda3/envs/airflow_env/lib/python3.10/site-packages/airflow/example_dags/example_params_ui_tutorial.py
[2025-06-25T18:28:12.762-0400] {processor.py:840} INFO - DAG(s) 'example_params_ui_tutorial' retrieved from /opt/anaconda3/envs/airflow_env/lib/python3.10/site-packages/airflow/example_dags/example_params_ui_tutorial.py
[2025-06-25T18:28:12.810-0400] {logging_mixin.py:188} INFO - [2025-06-25T18:28:12.810-0400] {dag.py:3096} INFO - Sync 1 DAGs
[2025-06-25T18:28:12.845-0400] {logging_mixin.py:188} INFO - [2025-06-25T18:28:12.845-0400] {dag.py:3954} INFO - Setting next_dagrun for example_params_ui_tutorial to None, run_after=None
[2025-06-25T18:28:12.851-0400] {processor.py:183} INFO - Processing /opt/anaconda3/envs/airflow_env/lib/python3.10/site-packages/airflow/example_dags/example_params_ui_tutorial.py took 0.105 seconds
[2025-06-25T18:28:14.983-0400] {processor.py:161} INFO - Started process (PID=41089) to work on /opt/anaconda3/envs/airflow_env/lib/python3.10/site-packages/airflow/example_dags/example_params_ui_tutorial.py
[2025-06-25T18:28:14.984-0400] {processor.py:830} INFO - Processing file /opt/anaconda3/envs/airflow_env/lib/python3.10/site-packages/airflow/example_dags/example_params_ui_tutorial.py for tasks to queue
[2025-06-25T18:28:14.984-0400] {logging_mixin.py:188} INFO - [2025-06-25T18:28:14.984-0400] {dagbag.py:545} INFO - Filling up the DagBag from /opt/anaconda3/envs/airflow_env/lib/python3.10/site-packages/airflow/example_dags/example_params_ui_tutorial.py
[2025-06-25T18:28:15.001-0400] {processor.py:840} INFO - DAG(s) 'example_params_ui_tutorial' retrieved from /opt/anaconda3/envs/airflow_env/lib/python3.10/site-packages/airflow/example_dags/example_params_ui_tutorial.py
[2025-06-25T18:28:15.046-0400] {logging_mixin.py:188} INFO - [2025-06-25T18:28:15.046-0400] {dag.py:3096} INFO - Sync 1 DAGs
[2025-06-25T18:28:15.072-0400] {logging_mixin.py:188} INFO - [2025-06-25T18:28:15.072-0400] {dag.py:3954} INFO - Setting next_dagrun for example_params_ui_tutorial to None, run_after=None
[2025-06-25T18:28:15.079-0400] {processor.py:183} INFO - Processing /opt/anaconda3/envs/airflow_env/lib/python3.10/site-packages/airflow/example_dags/example_params_ui_tutorial.py took 0.097 seconds
[2025-06-25T18:29:45.173-0400] {processor.py:161} INFO - Started process (PID=41283) to work on /opt/anaconda3/envs/airflow_env/lib/python3.10/site-packages/airflow/example_dags/example_params_ui_tutorial.py
[2025-06-25T18:29:45.174-0400] {processor.py:830} INFO - Processing file /opt/anaconda3/envs/airflow_env/lib/python3.10/site-packages/airflow/example_dags/example_params_ui_tutorial.py for tasks to queue
[2025-06-25T18:29:45.174-0400] {logging_mixin.py:188} INFO - [2025-06-25T18:29:45.174-0400] {dagbag.py:545} INFO - Filling up the DagBag from /opt/anaconda3/envs/airflow_env/lib/python3.10/site-packages/airflow/example_dags/example_params_ui_tutorial.py
[2025-06-25T18:29:45.189-0400] {processor.py:840} INFO - DAG(s) 'example_params_ui_tutorial' retrieved from /opt/anaconda3/envs/airflow_env/lib/python3.10/site-packages/airflow/example_dags/example_params_ui_tutorial.py
[2025-06-25T18:29:45.233-0400] {logging_mixin.py:188} INFO - [2025-06-25T18:29:45.233-0400] {dag.py:3096} INFO - Sync 1 DAGs
[2025-06-25T18:29:45.256-0400] {logging_mixin.py:188} INFO - [2025-06-25T18:29:45.256-0400] {dag.py:3954} INFO - Setting next_dagrun for example_params_ui_tutorial to None, run_after=None
[2025-06-25T18:29:45.263-0400] {processor.py:183} INFO - Processing /opt/anaconda3/envs/airflow_env/lib/python3.10/site-packages/airflow/example_dags/example_params_ui_tutorial.py took 0.092 seconds
[2025-06-25T18:29:48.358-0400] {processor.py:161} INFO - Started process (PID=41287) to work on /opt/anaconda3/envs/airflow_env/lib/python3.10/site-packages/airflow/example_dags/example_params_ui_tutorial.py
[2025-06-25T18:29:48.359-0400] {processor.py:830} INFO - Processing file /opt/anaconda3/envs/airflow_env/lib/python3.10/site-packages/airflow/example_dags/example_params_ui_tutorial.py for tasks to queue
[2025-06-25T18:29:48.359-0400] {logging_mixin.py:188} INFO - [2025-06-25T18:29:48.359-0400] {dagbag.py:545} INFO - Filling up the DagBag from /opt/anaconda3/envs/airflow_env/lib/python3.10/site-packages/airflow/example_dags/example_params_ui_tutorial.py
[2025-06-25T18:29:48.374-0400] {processor.py:840} INFO - DAG(s) 'example_params_ui_tutorial' retrieved from /opt/anaconda3/envs/airflow_env/lib/python3.10/site-packages/airflow/example_dags/example_params_ui_tutorial.py
[2025-06-25T18:29:48.421-0400] {logging_mixin.py:188} INFO - [2025-06-25T18:29:48.420-0400] {dag.py:3096} INFO - Sync 1 DAGs
[2025-06-25T18:29:48.449-0400] {logging_mixin.py:188} INFO - [2025-06-25T18:29:48.448-0400] {dag.py:3954} INFO - Setting next_dagrun for example_params_ui_tutorial to None, run_after=None
[2025-06-25T18:29:48.456-0400] {processor.py:183} INFO - Processing /opt/anaconda3/envs/airflow_env/lib/python3.10/site-packages/airflow/example_dags/example_params_ui_tutorial.py took 0.099 seconds
[2025-06-25T18:31:28.561-0400] {processor.py:161} INFO - Started process (PID=41502) to work on /opt/anaconda3/envs/airflow_env/lib/python3.10/site-packages/airflow/example_dags/example_params_ui_tutorial.py
[2025-06-25T18:31:28.562-0400] {processor.py:830} INFO - Processing file /opt/anaconda3/envs/airflow_env/lib/python3.10/site-packages/airflow/example_dags/example_params_ui_tutorial.py for tasks to queue
[2025-06-25T18:31:28.562-0400] {logging_mixin.py:188} INFO - [2025-06-25T18:31:28.562-0400] {dagbag.py:545} INFO - Filling up the DagBag from /opt/anaconda3/envs/airflow_env/lib/python3.10/site-packages/airflow/example_dags/example_params_ui_tutorial.py
[2025-06-25T18:31:28.577-0400] {processor.py:840} INFO - DAG(s) 'example_params_ui_tutorial' retrieved from /opt/anaconda3/envs/airflow_env/lib/python3.10/site-packages/airflow/example_dags/example_params_ui_tutorial.py
[2025-06-25T18:31:28.622-0400] {logging_mixin.py:188} INFO - [2025-06-25T18:31:28.621-0400] {dag.py:3096} INFO - Sync 1 DAGs
[2025-06-25T18:31:28.645-0400] {logging_mixin.py:188} INFO - [2025-06-25T18:31:28.645-0400] {dag.py:3954} INFO - Setting next_dagrun for example_params_ui_tutorial to None, run_after=None
[2025-06-25T18:31:28.652-0400] {processor.py:183} INFO - Processing /opt/anaconda3/envs/airflow_env/lib/python3.10/site-packages/airflow/example_dags/example_params_ui_tutorial.py took 0.093 seconds
[2025-06-25T18:31:36.430-0400] {processor.py:161} INFO - Started process (PID=41527) to work on /opt/anaconda3/envs/airflow_env/lib/python3.10/site-packages/airflow/example_dags/example_params_ui_tutorial.py
[2025-06-25T18:31:36.431-0400] {processor.py:830} INFO - Processing file /opt/anaconda3/envs/airflow_env/lib/python3.10/site-packages/airflow/example_dags/example_params_ui_tutorial.py for tasks to queue
[2025-06-25T18:31:36.431-0400] {logging_mixin.py:188} INFO - [2025-06-25T18:31:36.431-0400] {dagbag.py:545} INFO - Filling up the DagBag from /opt/anaconda3/envs/airflow_env/lib/python3.10/site-packages/airflow/example_dags/example_params_ui_tutorial.py
[2025-06-25T18:31:36.446-0400] {processor.py:840} INFO - DAG(s) 'example_params_ui_tutorial' retrieved from /opt/anaconda3/envs/airflow_env/lib/python3.10/site-packages/airflow/example_dags/example_params_ui_tutorial.py
[2025-06-25T18:31:36.491-0400] {logging_mixin.py:188} INFO - [2025-06-25T18:31:36.491-0400] {dag.py:3096} INFO - Sync 1 DAGs
[2025-06-25T18:31:36.518-0400] {logging_mixin.py:188} INFO - [2025-06-25T18:31:36.518-0400] {dag.py:3954} INFO - Setting next_dagrun for example_params_ui_tutorial to None, run_after=None
[2025-06-25T18:31:36.525-0400] {processor.py:183} INFO - Processing /opt/anaconda3/envs/airflow_env/lib/python3.10/site-packages/airflow/example_dags/example_params_ui_tutorial.py took 0.097 seconds
[2025-06-25T18:33:02.801-0400] {processor.py:161} INFO - Started process (PID=41694) to work on /opt/anaconda3/envs/airflow_env/lib/python3.10/site-packages/airflow/example_dags/example_params_ui_tutorial.py
[2025-06-25T18:33:02.802-0400] {processor.py:830} INFO - Processing file /opt/anaconda3/envs/airflow_env/lib/python3.10/site-packages/airflow/example_dags/example_params_ui_tutorial.py for tasks to queue
[2025-06-25T18:33:02.803-0400] {logging_mixin.py:188} INFO - [2025-06-25T18:33:02.802-0400] {dagbag.py:545} INFO - Filling up the DagBag from /opt/anaconda3/envs/airflow_env/lib/python3.10/site-packages/airflow/example_dags/example_params_ui_tutorial.py
[2025-06-25T18:33:02.818-0400] {processor.py:840} INFO - DAG(s) 'example_params_ui_tutorial' retrieved from /opt/anaconda3/envs/airflow_env/lib/python3.10/site-packages/airflow/example_dags/example_params_ui_tutorial.py
[2025-06-25T18:33:02.868-0400] {logging_mixin.py:188} INFO - [2025-06-25T18:33:02.868-0400] {dag.py:3096} INFO - Sync 1 DAGs
[2025-06-25T18:33:02.904-0400] {logging_mixin.py:188} INFO - [2025-06-25T18:33:02.904-0400] {dag.py:3954} INFO - Setting next_dagrun for example_params_ui_tutorial to None, run_after=None
[2025-06-25T18:33:02.912-0400] {processor.py:183} INFO - Processing /opt/anaconda3/envs/airflow_env/lib/python3.10/site-packages/airflow/example_dags/example_params_ui_tutorial.py took 0.112 seconds
[2025-06-25T18:33:09.538-0400] {processor.py:161} INFO - Started process (PID=41714) to work on /opt/anaconda3/envs/airflow_env/lib/python3.10/site-packages/airflow/example_dags/example_params_ui_tutorial.py
[2025-06-25T18:33:09.538-0400] {processor.py:830} INFO - Processing file /opt/anaconda3/envs/airflow_env/lib/python3.10/site-packages/airflow/example_dags/example_params_ui_tutorial.py for tasks to queue
[2025-06-25T18:33:09.539-0400] {logging_mixin.py:188} INFO - [2025-06-25T18:33:09.539-0400] {dagbag.py:545} INFO - Filling up the DagBag from /opt/anaconda3/envs/airflow_env/lib/python3.10/site-packages/airflow/example_dags/example_params_ui_tutorial.py
[2025-06-25T18:33:09.554-0400] {processor.py:840} INFO - DAG(s) 'example_params_ui_tutorial' retrieved from /opt/anaconda3/envs/airflow_env/lib/python3.10/site-packages/airflow/example_dags/example_params_ui_tutorial.py
[2025-06-25T18:33:09.597-0400] {logging_mixin.py:188} INFO - [2025-06-25T18:33:09.597-0400] {dag.py:3096} INFO - Sync 1 DAGs
[2025-06-25T18:33:09.620-0400] {logging_mixin.py:188} INFO - [2025-06-25T18:33:09.620-0400] {dag.py:3954} INFO - Setting next_dagrun for example_params_ui_tutorial to None, run_after=None
[2025-06-25T18:33:09.627-0400] {processor.py:183} INFO - Processing /opt/anaconda3/envs/airflow_env/lib/python3.10/site-packages/airflow/example_dags/example_params_ui_tutorial.py took 0.091 seconds
[2025-06-25T18:34:43.329-0400] {processor.py:161} INFO - Started process (PID=41886) to work on /opt/anaconda3/envs/airflow_env/lib/python3.10/site-packages/airflow/example_dags/example_params_ui_tutorial.py
[2025-06-25T18:34:43.329-0400] {processor.py:830} INFO - Processing file /opt/anaconda3/envs/airflow_env/lib/python3.10/site-packages/airflow/example_dags/example_params_ui_tutorial.py for tasks to queue
[2025-06-25T18:34:43.329-0400] {logging_mixin.py:188} INFO - [2025-06-25T18:34:43.329-0400] {dagbag.py:545} INFO - Filling up the DagBag from /opt/anaconda3/envs/airflow_env/lib/python3.10/site-packages/airflow/example_dags/example_params_ui_tutorial.py
[2025-06-25T18:34:43.344-0400] {processor.py:840} INFO - DAG(s) 'example_params_ui_tutorial' retrieved from /opt/anaconda3/envs/airflow_env/lib/python3.10/site-packages/airflow/example_dags/example_params_ui_tutorial.py
[2025-06-25T18:34:43.387-0400] {logging_mixin.py:188} INFO - [2025-06-25T18:34:43.387-0400] {dag.py:3096} INFO - Sync 1 DAGs
[2025-06-25T18:34:43.414-0400] {logging_mixin.py:188} INFO - [2025-06-25T18:34:43.414-0400] {dag.py:3954} INFO - Setting next_dagrun for example_params_ui_tutorial to None, run_after=None
[2025-06-25T18:34:43.416-0400] {processor.py:161} INFO - Started process (PID=41887) to work on /opt/anaconda3/envs/airflow_env/lib/python3.10/site-packages/airflow/example_dags/example_params_ui_tutorial.py
[2025-06-25T18:34:43.416-0400] {processor.py:830} INFO - Processing file /opt/anaconda3/envs/airflow_env/lib/python3.10/site-packages/airflow/example_dags/example_params_ui_tutorial.py for tasks to queue
[2025-06-25T18:34:43.416-0400] {logging_mixin.py:188} INFO - [2025-06-25T18:34:43.416-0400] {dagbag.py:545} INFO - Filling up the DagBag from /opt/anaconda3/envs/airflow_env/lib/python3.10/site-packages/airflow/example_dags/example_params_ui_tutorial.py
[2025-06-25T18:34:43.421-0400] {processor.py:183} INFO - Processing /opt/anaconda3/envs/airflow_env/lib/python3.10/site-packages/airflow/example_dags/example_params_ui_tutorial.py took 0.094 seconds
[2025-06-25T18:34:43.432-0400] {processor.py:840} INFO - DAG(s) 'example_params_ui_tutorial' retrieved from /opt/anaconda3/envs/airflow_env/lib/python3.10/site-packages/airflow/example_dags/example_params_ui_tutorial.py
[2025-06-25T18:34:43.478-0400] {logging_mixin.py:188} INFO - [2025-06-25T18:34:43.478-0400] {dag.py:3096} INFO - Sync 1 DAGs
[2025-06-25T18:34:43.509-0400] {logging_mixin.py:188} INFO - [2025-06-25T18:34:43.509-0400] {dag.py:3954} INFO - Setting next_dagrun for example_params_ui_tutorial to None, run_after=None
[2025-06-25T18:34:43.517-0400] {processor.py:183} INFO - Processing /opt/anaconda3/envs/airflow_env/lib/python3.10/site-packages/airflow/example_dags/example_params_ui_tutorial.py took 0.103 seconds
[2025-06-25T18:36:29.195-0400] {processor.py:161} INFO - Started process (PID=42126) to work on /opt/anaconda3/envs/airflow_env/lib/python3.10/site-packages/airflow/example_dags/example_params_ui_tutorial.py
[2025-06-25T18:36:29.195-0400] {processor.py:830} INFO - Processing file /opt/anaconda3/envs/airflow_env/lib/python3.10/site-packages/airflow/example_dags/example_params_ui_tutorial.py for tasks to queue
[2025-06-25T18:36:29.196-0400] {logging_mixin.py:188} INFO - [2025-06-25T18:36:29.196-0400] {dagbag.py:545} INFO - Filling up the DagBag from /opt/anaconda3/envs/airflow_env/lib/python3.10/site-packages/airflow/example_dags/example_params_ui_tutorial.py
[2025-06-25T18:36:29.211-0400] {processor.py:840} INFO - DAG(s) 'example_params_ui_tutorial' retrieved from /opt/anaconda3/envs/airflow_env/lib/python3.10/site-packages/airflow/example_dags/example_params_ui_tutorial.py
[2025-06-25T18:36:29.254-0400] {logging_mixin.py:188} INFO - [2025-06-25T18:36:29.254-0400] {dag.py:3096} INFO - Sync 1 DAGs
[2025-06-25T18:36:29.278-0400] {logging_mixin.py:188} INFO - [2025-06-25T18:36:29.278-0400] {dag.py:3954} INFO - Setting next_dagrun for example_params_ui_tutorial to None, run_after=None
[2025-06-25T18:36:29.285-0400] {processor.py:183} INFO - Processing /opt/anaconda3/envs/airflow_env/lib/python3.10/site-packages/airflow/example_dags/example_params_ui_tutorial.py took 0.092 seconds
[2025-06-25T18:36:33.149-0400] {processor.py:161} INFO - Started process (PID=42131) to work on /opt/anaconda3/envs/airflow_env/lib/python3.10/site-packages/airflow/example_dags/example_params_ui_tutorial.py
[2025-06-25T18:36:33.150-0400] {processor.py:830} INFO - Processing file /opt/anaconda3/envs/airflow_env/lib/python3.10/site-packages/airflow/example_dags/example_params_ui_tutorial.py for tasks to queue
[2025-06-25T18:36:33.150-0400] {logging_mixin.py:188} INFO - [2025-06-25T18:36:33.150-0400] {dagbag.py:545} INFO - Filling up the DagBag from /opt/anaconda3/envs/airflow_env/lib/python3.10/site-packages/airflow/example_dags/example_params_ui_tutorial.py
[2025-06-25T18:36:33.164-0400] {processor.py:840} INFO - DAG(s) 'example_params_ui_tutorial' retrieved from /opt/anaconda3/envs/airflow_env/lib/python3.10/site-packages/airflow/example_dags/example_params_ui_tutorial.py
[2025-06-25T18:36:33.205-0400] {logging_mixin.py:188} INFO - [2025-06-25T18:36:33.205-0400] {dag.py:3096} INFO - Sync 1 DAGs
[2025-06-25T18:36:33.227-0400] {logging_mixin.py:188} INFO - [2025-06-25T18:36:33.227-0400] {dag.py:3954} INFO - Setting next_dagrun for example_params_ui_tutorial to None, run_after=None
[2025-06-25T18:36:33.233-0400] {processor.py:183} INFO - Processing /opt/anaconda3/envs/airflow_env/lib/python3.10/site-packages/airflow/example_dags/example_params_ui_tutorial.py took 0.086 seconds
[2025-06-25T18:38:06.858-0400] {processor.py:161} INFO - Started process (PID=42282) to work on /opt/anaconda3/envs/airflow_env/lib/python3.10/site-packages/airflow/example_dags/example_params_ui_tutorial.py
[2025-06-25T18:38:06.858-0400] {processor.py:830} INFO - Processing file /opt/anaconda3/envs/airflow_env/lib/python3.10/site-packages/airflow/example_dags/example_params_ui_tutorial.py for tasks to queue
[2025-06-25T18:38:06.859-0400] {logging_mixin.py:188} INFO - [2025-06-25T18:38:06.859-0400] {dagbag.py:545} INFO - Filling up the DagBag from /opt/anaconda3/envs/airflow_env/lib/python3.10/site-packages/airflow/example_dags/example_params_ui_tutorial.py
[2025-06-25T18:38:06.913-0400] {processor.py:840} INFO - DAG(s) 'example_params_ui_tutorial' retrieved from /opt/anaconda3/envs/airflow_env/lib/python3.10/site-packages/airflow/example_dags/example_params_ui_tutorial.py
[2025-06-25T18:38:06.983-0400] {logging_mixin.py:188} INFO - [2025-06-25T18:38:06.983-0400] {dag.py:3096} INFO - Sync 1 DAGs
[2025-06-25T18:38:07.013-0400] {logging_mixin.py:188} INFO - [2025-06-25T18:38:07.013-0400] {dag.py:3954} INFO - Setting next_dagrun for example_params_ui_tutorial to None, run_after=None
[2025-06-25T18:38:07.045-0400] {processor.py:183} INFO - Processing /opt/anaconda3/envs/airflow_env/lib/python3.10/site-packages/airflow/example_dags/example_params_ui_tutorial.py took 0.205 seconds
[2025-06-25T18:38:10.491-0400] {processor.py:161} INFO - Started process (PID=42305) to work on /opt/anaconda3/envs/airflow_env/lib/python3.10/site-packages/airflow/example_dags/example_params_ui_tutorial.py
[2025-06-25T18:38:10.492-0400] {processor.py:830} INFO - Processing file /opt/anaconda3/envs/airflow_env/lib/python3.10/site-packages/airflow/example_dags/example_params_ui_tutorial.py for tasks to queue
[2025-06-25T18:38:10.492-0400] {logging_mixin.py:188} INFO - [2025-06-25T18:38:10.492-0400] {dagbag.py:545} INFO - Filling up the DagBag from /opt/anaconda3/envs/airflow_env/lib/python3.10/site-packages/airflow/example_dags/example_params_ui_tutorial.py
[2025-06-25T18:38:10.508-0400] {processor.py:840} INFO - DAG(s) 'example_params_ui_tutorial' retrieved from /opt/anaconda3/envs/airflow_env/lib/python3.10/site-packages/airflow/example_dags/example_params_ui_tutorial.py
[2025-06-25T18:38:10.557-0400] {logging_mixin.py:188} INFO - [2025-06-25T18:38:10.557-0400] {dag.py:3096} INFO - Sync 1 DAGs
[2025-06-25T18:38:10.581-0400] {logging_mixin.py:188} INFO - [2025-06-25T18:38:10.581-0400] {dag.py:3954} INFO - Setting next_dagrun for example_params_ui_tutorial to None, run_after=None
[2025-06-25T18:38:10.588-0400] {processor.py:183} INFO - Processing /opt/anaconda3/envs/airflow_env/lib/python3.10/site-packages/airflow/example_dags/example_params_ui_tutorial.py took 0.099 seconds
[2025-06-25T18:39:42.799-0400] {processor.py:161} INFO - Started process (PID=42514) to work on /opt/anaconda3/envs/airflow_env/lib/python3.10/site-packages/airflow/example_dags/example_params_ui_tutorial.py
[2025-06-25T18:39:42.800-0400] {processor.py:830} INFO - Processing file /opt/anaconda3/envs/airflow_env/lib/python3.10/site-packages/airflow/example_dags/example_params_ui_tutorial.py for tasks to queue
[2025-06-25T18:39:42.800-0400] {logging_mixin.py:188} INFO - [2025-06-25T18:39:42.800-0400] {dagbag.py:545} INFO - Filling up the DagBag from /opt/anaconda3/envs/airflow_env/lib/python3.10/site-packages/airflow/example_dags/example_params_ui_tutorial.py
[2025-06-25T18:39:42.815-0400] {processor.py:840} INFO - DAG(s) 'example_params_ui_tutorial' retrieved from /opt/anaconda3/envs/airflow_env/lib/python3.10/site-packages/airflow/example_dags/example_params_ui_tutorial.py
[2025-06-25T18:39:42.858-0400] {logging_mixin.py:188} INFO - [2025-06-25T18:39:42.858-0400] {dag.py:3096} INFO - Sync 1 DAGs
[2025-06-25T18:39:42.882-0400] {logging_mixin.py:188} INFO - [2025-06-25T18:39:42.881-0400] {dag.py:3954} INFO - Setting next_dagrun for example_params_ui_tutorial to None, run_after=None
[2025-06-25T18:39:42.888-0400] {processor.py:183} INFO - Processing /opt/anaconda3/envs/airflow_env/lib/python3.10/site-packages/airflow/example_dags/example_params_ui_tutorial.py took 0.091 seconds
[2025-06-25T18:39:47.227-0400] {processor.py:161} INFO - Started process (PID=42520) to work on /opt/anaconda3/envs/airflow_env/lib/python3.10/site-packages/airflow/example_dags/example_params_ui_tutorial.py
[2025-06-25T18:39:47.228-0400] {processor.py:830} INFO - Processing file /opt/anaconda3/envs/airflow_env/lib/python3.10/site-packages/airflow/example_dags/example_params_ui_tutorial.py for tasks to queue
[2025-06-25T18:39:47.228-0400] {logging_mixin.py:188} INFO - [2025-06-25T18:39:47.228-0400] {dagbag.py:545} INFO - Filling up the DagBag from /opt/anaconda3/envs/airflow_env/lib/python3.10/site-packages/airflow/example_dags/example_params_ui_tutorial.py
[2025-06-25T18:39:47.242-0400] {processor.py:840} INFO - DAG(s) 'example_params_ui_tutorial' retrieved from /opt/anaconda3/envs/airflow_env/lib/python3.10/site-packages/airflow/example_dags/example_params_ui_tutorial.py
[2025-06-25T18:39:47.283-0400] {logging_mixin.py:188} INFO - [2025-06-25T18:39:47.283-0400] {dag.py:3096} INFO - Sync 1 DAGs
[2025-06-25T18:39:47.305-0400] {logging_mixin.py:188} INFO - [2025-06-25T18:39:47.305-0400] {dag.py:3954} INFO - Setting next_dagrun for example_params_ui_tutorial to None, run_after=None
[2025-06-25T18:39:47.323-0400] {processor.py:183} INFO - Processing /opt/anaconda3/envs/airflow_env/lib/python3.10/site-packages/airflow/example_dags/example_params_ui_tutorial.py took 0.097 seconds
[2025-06-25T18:41:19.173-0400] {processor.py:161} INFO - Started process (PID=42658) to work on /opt/anaconda3/envs/airflow_env/lib/python3.10/site-packages/airflow/example_dags/example_params_ui_tutorial.py
[2025-06-25T18:41:19.173-0400] {processor.py:830} INFO - Processing file /opt/anaconda3/envs/airflow_env/lib/python3.10/site-packages/airflow/example_dags/example_params_ui_tutorial.py for tasks to queue
[2025-06-25T18:41:19.174-0400] {logging_mixin.py:188} INFO - [2025-06-25T18:41:19.174-0400] {dagbag.py:545} INFO - Filling up the DagBag from /opt/anaconda3/envs/airflow_env/lib/python3.10/site-packages/airflow/example_dags/example_params_ui_tutorial.py
[2025-06-25T18:41:19.188-0400] {processor.py:840} INFO - DAG(s) 'example_params_ui_tutorial' retrieved from /opt/anaconda3/envs/airflow_env/lib/python3.10/site-packages/airflow/example_dags/example_params_ui_tutorial.py
[2025-06-25T18:41:19.231-0400] {logging_mixin.py:188} INFO - [2025-06-25T18:41:19.231-0400] {dag.py:3096} INFO - Sync 1 DAGs
[2025-06-25T18:41:19.255-0400] {logging_mixin.py:188} INFO - [2025-06-25T18:41:19.254-0400] {dag.py:3954} INFO - Setting next_dagrun for example_params_ui_tutorial to None, run_after=None
[2025-06-25T18:41:19.261-0400] {processor.py:183} INFO - Processing /opt/anaconda3/envs/airflow_env/lib/python3.10/site-packages/airflow/example_dags/example_params_ui_tutorial.py took 0.090 seconds
[2025-06-25T18:41:19.447-0400] {processor.py:161} INFO - Started process (PID=42659) to work on /opt/anaconda3/envs/airflow_env/lib/python3.10/site-packages/airflow/example_dags/example_params_ui_tutorial.py
[2025-06-25T18:41:19.448-0400] {processor.py:830} INFO - Processing file /opt/anaconda3/envs/airflow_env/lib/python3.10/site-packages/airflow/example_dags/example_params_ui_tutorial.py for tasks to queue
[2025-06-25T18:41:19.448-0400] {logging_mixin.py:188} INFO - [2025-06-25T18:41:19.448-0400] {dagbag.py:545} INFO - Filling up the DagBag from /opt/anaconda3/envs/airflow_env/lib/python3.10/site-packages/airflow/example_dags/example_params_ui_tutorial.py
[2025-06-25T18:41:19.462-0400] {processor.py:840} INFO - DAG(s) 'example_params_ui_tutorial' retrieved from /opt/anaconda3/envs/airflow_env/lib/python3.10/site-packages/airflow/example_dags/example_params_ui_tutorial.py
[2025-06-25T18:41:19.503-0400] {logging_mixin.py:188} INFO - [2025-06-25T18:41:19.503-0400] {dag.py:3096} INFO - Sync 1 DAGs
[2025-06-25T18:41:19.525-0400] {logging_mixin.py:188} INFO - [2025-06-25T18:41:19.525-0400] {dag.py:3954} INFO - Setting next_dagrun for example_params_ui_tutorial to None, run_after=None
[2025-06-25T18:41:19.531-0400] {processor.py:183} INFO - Processing /opt/anaconda3/envs/airflow_env/lib/python3.10/site-packages/airflow/example_dags/example_params_ui_tutorial.py took 0.086 seconds
[2025-06-25T18:42:53.743-0400] {processor.py:161} INFO - Started process (PID=42856) to work on /opt/anaconda3/envs/airflow_env/lib/python3.10/site-packages/airflow/example_dags/example_params_ui_tutorial.py
[2025-06-25T18:42:53.743-0400] {processor.py:830} INFO - Processing file /opt/anaconda3/envs/airflow_env/lib/python3.10/site-packages/airflow/example_dags/example_params_ui_tutorial.py for tasks to queue
[2025-06-25T18:42:53.743-0400] {logging_mixin.py:188} INFO - [2025-06-25T18:42:53.743-0400] {dagbag.py:545} INFO - Filling up the DagBag from /opt/anaconda3/envs/airflow_env/lib/python3.10/site-packages/airflow/example_dags/example_params_ui_tutorial.py
[2025-06-25T18:42:53.761-0400] {processor.py:840} INFO - DAG(s) 'example_params_ui_tutorial' retrieved from /opt/anaconda3/envs/airflow_env/lib/python3.10/site-packages/airflow/example_dags/example_params_ui_tutorial.py
[2025-06-25T18:42:53.810-0400] {logging_mixin.py:188} INFO - [2025-06-25T18:42:53.810-0400] {dag.py:3096} INFO - Sync 1 DAGs
[2025-06-25T18:42:53.838-0400] {logging_mixin.py:188} INFO - [2025-06-25T18:42:53.838-0400] {dag.py:3954} INFO - Setting next_dagrun for example_params_ui_tutorial to None, run_after=None
[2025-06-25T18:42:53.845-0400] {processor.py:183} INFO - Processing /opt/anaconda3/envs/airflow_env/lib/python3.10/site-packages/airflow/example_dags/example_params_ui_tutorial.py took 0.105 seconds
[2025-06-25T18:43:11.988-0400] {processor.py:161} INFO - Started process (PID=42889) to work on /opt/anaconda3/envs/airflow_env/lib/python3.10/site-packages/airflow/example_dags/example_params_ui_tutorial.py
[2025-06-25T18:43:11.989-0400] {processor.py:830} INFO - Processing file /opt/anaconda3/envs/airflow_env/lib/python3.10/site-packages/airflow/example_dags/example_params_ui_tutorial.py for tasks to queue
[2025-06-25T18:43:11.990-0400] {logging_mixin.py:188} INFO - [2025-06-25T18:43:11.990-0400] {dagbag.py:545} INFO - Filling up the DagBag from /opt/anaconda3/envs/airflow_env/lib/python3.10/site-packages/airflow/example_dags/example_params_ui_tutorial.py
[2025-06-25T18:43:12.007-0400] {processor.py:840} INFO - DAG(s) 'example_params_ui_tutorial' retrieved from /opt/anaconda3/envs/airflow_env/lib/python3.10/site-packages/airflow/example_dags/example_params_ui_tutorial.py
[2025-06-25T18:43:12.054-0400] {logging_mixin.py:188} INFO - [2025-06-25T18:43:12.054-0400] {dag.py:3096} INFO - Sync 1 DAGs
[2025-06-25T18:43:12.080-0400] {logging_mixin.py:188} INFO - [2025-06-25T18:43:12.080-0400] {dag.py:3954} INFO - Setting next_dagrun for example_params_ui_tutorial to None, run_after=None
[2025-06-25T18:43:12.087-0400] {processor.py:183} INFO - Processing /opt/anaconda3/envs/airflow_env/lib/python3.10/site-packages/airflow/example_dags/example_params_ui_tutorial.py took 0.101 seconds
[2025-06-25T18:44:37.095-0400] {processor.py:161} INFO - Started process (PID=43033) to work on /opt/anaconda3/envs/airflow_env/lib/python3.10/site-packages/airflow/example_dags/example_params_ui_tutorial.py
[2025-06-25T18:44:37.095-0400] {processor.py:830} INFO - Processing file /opt/anaconda3/envs/airflow_env/lib/python3.10/site-packages/airflow/example_dags/example_params_ui_tutorial.py for tasks to queue
[2025-06-25T18:44:37.096-0400] {logging_mixin.py:188} INFO - [2025-06-25T18:44:37.095-0400] {dagbag.py:545} INFO - Filling up the DagBag from /opt/anaconda3/envs/airflow_env/lib/python3.10/site-packages/airflow/example_dags/example_params_ui_tutorial.py
[2025-06-25T18:44:37.110-0400] {processor.py:840} INFO - DAG(s) 'example_params_ui_tutorial' retrieved from /opt/anaconda3/envs/airflow_env/lib/python3.10/site-packages/airflow/example_dags/example_params_ui_tutorial.py
[2025-06-25T18:44:37.150-0400] {logging_mixin.py:188} INFO - [2025-06-25T18:44:37.150-0400] {dag.py:3096} INFO - Sync 1 DAGs
[2025-06-25T18:44:37.172-0400] {logging_mixin.py:188} INFO - [2025-06-25T18:44:37.172-0400] {dag.py:3954} INFO - Setting next_dagrun for example_params_ui_tutorial to None, run_after=None
[2025-06-25T18:44:37.179-0400] {processor.py:183} INFO - Processing /opt/anaconda3/envs/airflow_env/lib/python3.10/site-packages/airflow/example_dags/example_params_ui_tutorial.py took 0.085 seconds
[2025-06-25T18:44:57.329-0400] {processor.py:161} INFO - Started process (PID=43070) to work on /opt/anaconda3/envs/airflow_env/lib/python3.10/site-packages/airflow/example_dags/example_params_ui_tutorial.py
[2025-06-25T18:44:57.329-0400] {processor.py:830} INFO - Processing file /opt/anaconda3/envs/airflow_env/lib/python3.10/site-packages/airflow/example_dags/example_params_ui_tutorial.py for tasks to queue
[2025-06-25T18:44:57.329-0400] {logging_mixin.py:188} INFO - [2025-06-25T18:44:57.329-0400] {dagbag.py:545} INFO - Filling up the DagBag from /opt/anaconda3/envs/airflow_env/lib/python3.10/site-packages/airflow/example_dags/example_params_ui_tutorial.py
[2025-06-25T18:44:57.343-0400] {processor.py:840} INFO - DAG(s) 'example_params_ui_tutorial' retrieved from /opt/anaconda3/envs/airflow_env/lib/python3.10/site-packages/airflow/example_dags/example_params_ui_tutorial.py
[2025-06-25T18:44:57.385-0400] {logging_mixin.py:188} INFO - [2025-06-25T18:44:57.385-0400] {dag.py:3096} INFO - Sync 1 DAGs
[2025-06-25T18:44:57.406-0400] {logging_mixin.py:188} INFO - [2025-06-25T18:44:57.406-0400] {dag.py:3954} INFO - Setting next_dagrun for example_params_ui_tutorial to None, run_after=None
[2025-06-25T18:44:57.413-0400] {processor.py:183} INFO - Processing /opt/anaconda3/envs/airflow_env/lib/python3.10/site-packages/airflow/example_dags/example_params_ui_tutorial.py took 0.086 seconds
[2025-06-25T18:46:13.459-0400] {processor.py:161} INFO - Started process (PID=43189) to work on /opt/anaconda3/envs/airflow_env/lib/python3.10/site-packages/airflow/example_dags/example_params_ui_tutorial.py
[2025-06-25T18:46:13.460-0400] {processor.py:830} INFO - Processing file /opt/anaconda3/envs/airflow_env/lib/python3.10/site-packages/airflow/example_dags/example_params_ui_tutorial.py for tasks to queue
[2025-06-25T18:46:13.460-0400] {logging_mixin.py:188} INFO - [2025-06-25T18:46:13.460-0400] {dagbag.py:545} INFO - Filling up the DagBag from /opt/anaconda3/envs/airflow_env/lib/python3.10/site-packages/airflow/example_dags/example_params_ui_tutorial.py
[2025-06-25T18:46:13.474-0400] {processor.py:840} INFO - DAG(s) 'example_params_ui_tutorial' retrieved from /opt/anaconda3/envs/airflow_env/lib/python3.10/site-packages/airflow/example_dags/example_params_ui_tutorial.py
[2025-06-25T18:46:13.515-0400] {logging_mixin.py:188} INFO - [2025-06-25T18:46:13.515-0400] {dag.py:3096} INFO - Sync 1 DAGs
[2025-06-25T18:46:13.537-0400] {logging_mixin.py:188} INFO - [2025-06-25T18:46:13.537-0400] {dag.py:3954} INFO - Setting next_dagrun for example_params_ui_tutorial to None, run_after=None
[2025-06-25T18:46:13.543-0400] {processor.py:183} INFO - Processing /opt/anaconda3/envs/airflow_env/lib/python3.10/site-packages/airflow/example_dags/example_params_ui_tutorial.py took 0.086 seconds
[2025-06-25T18:46:25.080-0400] {processor.py:161} INFO - Started process (PID=43205) to work on /opt/anaconda3/envs/airflow_env/lib/python3.10/site-packages/airflow/example_dags/example_params_ui_tutorial.py
[2025-06-25T18:46:25.081-0400] {processor.py:830} INFO - Processing file /opt/anaconda3/envs/airflow_env/lib/python3.10/site-packages/airflow/example_dags/example_params_ui_tutorial.py for tasks to queue
[2025-06-25T18:46:25.081-0400] {logging_mixin.py:188} INFO - [2025-06-25T18:46:25.081-0400] {dagbag.py:545} INFO - Filling up the DagBag from /opt/anaconda3/envs/airflow_env/lib/python3.10/site-packages/airflow/example_dags/example_params_ui_tutorial.py
[2025-06-25T18:46:25.095-0400] {processor.py:840} INFO - DAG(s) 'example_params_ui_tutorial' retrieved from /opt/anaconda3/envs/airflow_env/lib/python3.10/site-packages/airflow/example_dags/example_params_ui_tutorial.py
[2025-06-25T18:46:25.136-0400] {logging_mixin.py:188} INFO - [2025-06-25T18:46:25.136-0400] {dag.py:3096} INFO - Sync 1 DAGs
[2025-06-25T18:46:25.157-0400] {logging_mixin.py:188} INFO - [2025-06-25T18:46:25.157-0400] {dag.py:3954} INFO - Setting next_dagrun for example_params_ui_tutorial to None, run_after=None
[2025-06-25T18:46:25.164-0400] {processor.py:183} INFO - Processing /opt/anaconda3/envs/airflow_env/lib/python3.10/site-packages/airflow/example_dags/example_params_ui_tutorial.py took 0.085 seconds
[2025-06-25T18:47:43.240-0400] {processor.py:161} INFO - Started process (PID=43333) to work on /opt/anaconda3/envs/airflow_env/lib/python3.10/site-packages/airflow/example_dags/example_params_ui_tutorial.py
[2025-06-25T18:47:43.241-0400] {processor.py:830} INFO - Processing file /opt/anaconda3/envs/airflow_env/lib/python3.10/site-packages/airflow/example_dags/example_params_ui_tutorial.py for tasks to queue
[2025-06-25T18:47:43.241-0400] {logging_mixin.py:188} INFO - [2025-06-25T18:47:43.241-0400] {dagbag.py:545} INFO - Filling up the DagBag from /opt/anaconda3/envs/airflow_env/lib/python3.10/site-packages/airflow/example_dags/example_params_ui_tutorial.py
[2025-06-25T18:47:43.255-0400] {processor.py:840} INFO - DAG(s) 'example_params_ui_tutorial' retrieved from /opt/anaconda3/envs/airflow_env/lib/python3.10/site-packages/airflow/example_dags/example_params_ui_tutorial.py
[2025-06-25T18:47:43.297-0400] {logging_mixin.py:188} INFO - [2025-06-25T18:47:43.297-0400] {dag.py:3096} INFO - Sync 1 DAGs
[2025-06-25T18:47:43.321-0400] {logging_mixin.py:188} INFO - [2025-06-25T18:47:43.321-0400] {dag.py:3954} INFO - Setting next_dagrun for example_params_ui_tutorial to None, run_after=None
[2025-06-25T18:47:43.328-0400] {processor.py:183} INFO - Processing /opt/anaconda3/envs/airflow_env/lib/python3.10/site-packages/airflow/example_dags/example_params_ui_tutorial.py took 0.090 seconds
[2025-06-25T18:47:52.228-0400] {processor.py:161} INFO - Started process (PID=43348) to work on /opt/anaconda3/envs/airflow_env/lib/python3.10/site-packages/airflow/example_dags/example_params_ui_tutorial.py
[2025-06-25T18:47:52.229-0400] {processor.py:830} INFO - Processing file /opt/anaconda3/envs/airflow_env/lib/python3.10/site-packages/airflow/example_dags/example_params_ui_tutorial.py for tasks to queue
[2025-06-25T18:47:52.229-0400] {logging_mixin.py:188} INFO - [2025-06-25T18:47:52.229-0400] {dagbag.py:545} INFO - Filling up the DagBag from /opt/anaconda3/envs/airflow_env/lib/python3.10/site-packages/airflow/example_dags/example_params_ui_tutorial.py
[2025-06-25T18:47:52.244-0400] {processor.py:840} INFO - DAG(s) 'example_params_ui_tutorial' retrieved from /opt/anaconda3/envs/airflow_env/lib/python3.10/site-packages/airflow/example_dags/example_params_ui_tutorial.py
[2025-06-25T18:47:52.289-0400] {logging_mixin.py:188} INFO - [2025-06-25T18:47:52.288-0400] {dag.py:3096} INFO - Sync 1 DAGs
[2025-06-25T18:47:52.314-0400] {logging_mixin.py:188} INFO - [2025-06-25T18:47:52.314-0400] {dag.py:3954} INFO - Setting next_dagrun for example_params_ui_tutorial to None, run_after=None
[2025-06-25T18:47:52.320-0400] {processor.py:183} INFO - Processing /opt/anaconda3/envs/airflow_env/lib/python3.10/site-packages/airflow/example_dags/example_params_ui_tutorial.py took 0.094 seconds
[2025-06-25T18:49:12.947-0400] {processor.py:161} INFO - Started process (PID=43484) to work on /opt/anaconda3/envs/airflow_env/lib/python3.10/site-packages/airflow/example_dags/example_params_ui_tutorial.py
[2025-06-25T18:49:12.948-0400] {processor.py:830} INFO - Processing file /opt/anaconda3/envs/airflow_env/lib/python3.10/site-packages/airflow/example_dags/example_params_ui_tutorial.py for tasks to queue
[2025-06-25T18:49:12.948-0400] {logging_mixin.py:188} INFO - [2025-06-25T18:49:12.948-0400] {dagbag.py:545} INFO - Filling up the DagBag from /opt/anaconda3/envs/airflow_env/lib/python3.10/site-packages/airflow/example_dags/example_params_ui_tutorial.py
[2025-06-25T18:49:12.963-0400] {processor.py:840} INFO - DAG(s) 'example_params_ui_tutorial' retrieved from /opt/anaconda3/envs/airflow_env/lib/python3.10/site-packages/airflow/example_dags/example_params_ui_tutorial.py
[2025-06-25T18:49:13.007-0400] {logging_mixin.py:188} INFO - [2025-06-25T18:49:13.006-0400] {dag.py:3096} INFO - Sync 1 DAGs
[2025-06-25T18:49:13.031-0400] {logging_mixin.py:188} INFO - [2025-06-25T18:49:13.031-0400] {dag.py:3954} INFO - Setting next_dagrun for example_params_ui_tutorial to None, run_after=None
[2025-06-25T18:49:13.039-0400] {processor.py:183} INFO - Processing /opt/anaconda3/envs/airflow_env/lib/python3.10/site-packages/airflow/example_dags/example_params_ui_tutorial.py took 0.093 seconds
[2025-06-25T18:49:22.585-0400] {processor.py:161} INFO - Started process (PID=43498) to work on /opt/anaconda3/envs/airflow_env/lib/python3.10/site-packages/airflow/example_dags/example_params_ui_tutorial.py
[2025-06-25T18:49:22.585-0400] {processor.py:830} INFO - Processing file /opt/anaconda3/envs/airflow_env/lib/python3.10/site-packages/airflow/example_dags/example_params_ui_tutorial.py for tasks to queue
[2025-06-25T18:49:22.586-0400] {logging_mixin.py:188} INFO - [2025-06-25T18:49:22.586-0400] {dagbag.py:545} INFO - Filling up the DagBag from /opt/anaconda3/envs/airflow_env/lib/python3.10/site-packages/airflow/example_dags/example_params_ui_tutorial.py
[2025-06-25T18:49:22.599-0400] {processor.py:840} INFO - DAG(s) 'example_params_ui_tutorial' retrieved from /opt/anaconda3/envs/airflow_env/lib/python3.10/site-packages/airflow/example_dags/example_params_ui_tutorial.py
[2025-06-25T18:49:22.640-0400] {logging_mixin.py:188} INFO - [2025-06-25T18:49:22.640-0400] {dag.py:3096} INFO - Sync 1 DAGs
[2025-06-25T18:49:22.662-0400] {logging_mixin.py:188} INFO - [2025-06-25T18:49:22.662-0400] {dag.py:3954} INFO - Setting next_dagrun for example_params_ui_tutorial to None, run_after=None
[2025-06-25T18:49:22.668-0400] {processor.py:183} INFO - Processing /opt/anaconda3/envs/airflow_env/lib/python3.10/site-packages/airflow/example_dags/example_params_ui_tutorial.py took 0.085 seconds
[2025-06-25T18:50:41.419-0400] {processor.py:161} INFO - Started process (PID=43652) to work on /opt/anaconda3/envs/airflow_env/lib/python3.10/site-packages/airflow/example_dags/example_params_ui_tutorial.py
[2025-06-25T18:50:41.419-0400] {processor.py:830} INFO - Processing file /opt/anaconda3/envs/airflow_env/lib/python3.10/site-packages/airflow/example_dags/example_params_ui_tutorial.py for tasks to queue
[2025-06-25T18:50:41.419-0400] {logging_mixin.py:188} INFO - [2025-06-25T18:50:41.419-0400] {dagbag.py:545} INFO - Filling up the DagBag from /opt/anaconda3/envs/airflow_env/lib/python3.10/site-packages/airflow/example_dags/example_params_ui_tutorial.py
[2025-06-25T18:50:41.436-0400] {processor.py:840} INFO - DAG(s) 'example_params_ui_tutorial' retrieved from /opt/anaconda3/envs/airflow_env/lib/python3.10/site-packages/airflow/example_dags/example_params_ui_tutorial.py
[2025-06-25T18:50:41.482-0400] {logging_mixin.py:188} INFO - [2025-06-25T18:50:41.482-0400] {dag.py:3096} INFO - Sync 1 DAGs
[2025-06-25T18:50:41.513-0400] {logging_mixin.py:188} INFO - [2025-06-25T18:50:41.512-0400] {dag.py:3954} INFO - Setting next_dagrun for example_params_ui_tutorial to None, run_after=None
[2025-06-25T18:50:41.520-0400] {processor.py:183} INFO - Processing /opt/anaconda3/envs/airflow_env/lib/python3.10/site-packages/airflow/example_dags/example_params_ui_tutorial.py took 0.103 seconds
[2025-06-25T18:50:53.521-0400] {processor.py:161} INFO - Started process (PID=43677) to work on /opt/anaconda3/envs/airflow_env/lib/python3.10/site-packages/airflow/example_dags/example_params_ui_tutorial.py
[2025-06-25T18:50:53.521-0400] {processor.py:830} INFO - Processing file /opt/anaconda3/envs/airflow_env/lib/python3.10/site-packages/airflow/example_dags/example_params_ui_tutorial.py for tasks to queue
[2025-06-25T18:50:53.521-0400] {logging_mixin.py:188} INFO - [2025-06-25T18:50:53.521-0400] {dagbag.py:545} INFO - Filling up the DagBag from /opt/anaconda3/envs/airflow_env/lib/python3.10/site-packages/airflow/example_dags/example_params_ui_tutorial.py
[2025-06-25T18:50:53.535-0400] {processor.py:840} INFO - DAG(s) 'example_params_ui_tutorial' retrieved from /opt/anaconda3/envs/airflow_env/lib/python3.10/site-packages/airflow/example_dags/example_params_ui_tutorial.py
[2025-06-25T18:50:53.576-0400] {logging_mixin.py:188} INFO - [2025-06-25T18:50:53.576-0400] {dag.py:3096} INFO - Sync 1 DAGs
[2025-06-25T18:50:53.598-0400] {logging_mixin.py:188} INFO - [2025-06-25T18:50:53.598-0400] {dag.py:3954} INFO - Setting next_dagrun for example_params_ui_tutorial to None, run_after=None
[2025-06-25T18:50:53.604-0400] {processor.py:183} INFO - Processing /opt/anaconda3/envs/airflow_env/lib/python3.10/site-packages/airflow/example_dags/example_params_ui_tutorial.py took 0.085 seconds
[2025-06-25T18:52:14.328-0400] {processor.py:161} INFO - Started process (PID=43817) to work on /opt/anaconda3/envs/airflow_env/lib/python3.10/site-packages/airflow/example_dags/example_params_ui_tutorial.py
[2025-06-25T18:52:14.329-0400] {processor.py:830} INFO - Processing file /opt/anaconda3/envs/airflow_env/lib/python3.10/site-packages/airflow/example_dags/example_params_ui_tutorial.py for tasks to queue
[2025-06-25T18:52:14.329-0400] {logging_mixin.py:188} INFO - [2025-06-25T18:52:14.329-0400] {dagbag.py:545} INFO - Filling up the DagBag from /opt/anaconda3/envs/airflow_env/lib/python3.10/site-packages/airflow/example_dags/example_params_ui_tutorial.py
[2025-06-25T18:52:14.343-0400] {processor.py:840} INFO - DAG(s) 'example_params_ui_tutorial' retrieved from /opt/anaconda3/envs/airflow_env/lib/python3.10/site-packages/airflow/example_dags/example_params_ui_tutorial.py
[2025-06-25T18:52:14.385-0400] {logging_mixin.py:188} INFO - [2025-06-25T18:52:14.385-0400] {dag.py:3096} INFO - Sync 1 DAGs
[2025-06-25T18:52:14.407-0400] {logging_mixin.py:188} INFO - [2025-06-25T18:52:14.407-0400] {dag.py:3954} INFO - Setting next_dagrun for example_params_ui_tutorial to None, run_after=None
[2025-06-25T18:52:14.413-0400] {processor.py:183} INFO - Processing /opt/anaconda3/envs/airflow_env/lib/python3.10/site-packages/airflow/example_dags/example_params_ui_tutorial.py took 0.087 seconds
[2025-06-25T18:52:24.898-0400] {processor.py:161} INFO - Started process (PID=43831) to work on /opt/anaconda3/envs/airflow_env/lib/python3.10/site-packages/airflow/example_dags/example_params_ui_tutorial.py
[2025-06-25T18:52:24.898-0400] {processor.py:830} INFO - Processing file /opt/anaconda3/envs/airflow_env/lib/python3.10/site-packages/airflow/example_dags/example_params_ui_tutorial.py for tasks to queue
[2025-06-25T18:52:24.899-0400] {logging_mixin.py:188} INFO - [2025-06-25T18:52:24.898-0400] {dagbag.py:545} INFO - Filling up the DagBag from /opt/anaconda3/envs/airflow_env/lib/python3.10/site-packages/airflow/example_dags/example_params_ui_tutorial.py
[2025-06-25T18:52:24.914-0400] {processor.py:840} INFO - DAG(s) 'example_params_ui_tutorial' retrieved from /opt/anaconda3/envs/airflow_env/lib/python3.10/site-packages/airflow/example_dags/example_params_ui_tutorial.py
[2025-06-25T18:52:24.958-0400] {logging_mixin.py:188} INFO - [2025-06-25T18:52:24.958-0400] {dag.py:3096} INFO - Sync 1 DAGs
[2025-06-25T18:52:24.984-0400] {logging_mixin.py:188} INFO - [2025-06-25T18:52:24.984-0400] {dag.py:3954} INFO - Setting next_dagrun for example_params_ui_tutorial to None, run_after=None
[2025-06-25T18:52:24.991-0400] {processor.py:183} INFO - Processing /opt/anaconda3/envs/airflow_env/lib/python3.10/site-packages/airflow/example_dags/example_params_ui_tutorial.py took 0.094 seconds
[2025-06-25T18:53:44.513-0400] {processor.py:161} INFO - Started process (PID=43955) to work on /opt/anaconda3/envs/airflow_env/lib/python3.10/site-packages/airflow/example_dags/example_params_ui_tutorial.py
[2025-06-25T18:53:44.514-0400] {processor.py:830} INFO - Processing file /opt/anaconda3/envs/airflow_env/lib/python3.10/site-packages/airflow/example_dags/example_params_ui_tutorial.py for tasks to queue
[2025-06-25T18:53:44.514-0400] {logging_mixin.py:188} INFO - [2025-06-25T18:53:44.514-0400] {dagbag.py:545} INFO - Filling up the DagBag from /opt/anaconda3/envs/airflow_env/lib/python3.10/site-packages/airflow/example_dags/example_params_ui_tutorial.py
[2025-06-25T18:53:44.530-0400] {processor.py:840} INFO - DAG(s) 'example_params_ui_tutorial' retrieved from /opt/anaconda3/envs/airflow_env/lib/python3.10/site-packages/airflow/example_dags/example_params_ui_tutorial.py
[2025-06-25T18:53:44.575-0400] {logging_mixin.py:188} INFO - [2025-06-25T18:53:44.575-0400] {dag.py:3096} INFO - Sync 1 DAGs
[2025-06-25T18:53:44.598-0400] {logging_mixin.py:188} INFO - [2025-06-25T18:53:44.598-0400] {dag.py:3954} INFO - Setting next_dagrun for example_params_ui_tutorial to None, run_after=None
[2025-06-25T18:53:44.604-0400] {processor.py:183} INFO - Processing /opt/anaconda3/envs/airflow_env/lib/python3.10/site-packages/airflow/example_dags/example_params_ui_tutorial.py took 0.093 seconds
[2025-06-25T18:53:59.910-0400] {processor.py:161} INFO - Started process (PID=43978) to work on /opt/anaconda3/envs/airflow_env/lib/python3.10/site-packages/airflow/example_dags/example_params_ui_tutorial.py
[2025-06-25T18:53:59.910-0400] {processor.py:830} INFO - Processing file /opt/anaconda3/envs/airflow_env/lib/python3.10/site-packages/airflow/example_dags/example_params_ui_tutorial.py for tasks to queue
[2025-06-25T18:53:59.911-0400] {logging_mixin.py:188} INFO - [2025-06-25T18:53:59.910-0400] {dagbag.py:545} INFO - Filling up the DagBag from /opt/anaconda3/envs/airflow_env/lib/python3.10/site-packages/airflow/example_dags/example_params_ui_tutorial.py
[2025-06-25T18:53:59.926-0400] {processor.py:840} INFO - DAG(s) 'example_params_ui_tutorial' retrieved from /opt/anaconda3/envs/airflow_env/lib/python3.10/site-packages/airflow/example_dags/example_params_ui_tutorial.py
[2025-06-25T18:53:59.974-0400] {logging_mixin.py:188} INFO - [2025-06-25T18:53:59.974-0400] {dag.py:3096} INFO - Sync 1 DAGs
[2025-06-25T18:54:00.001-0400] {logging_mixin.py:188} INFO - [2025-06-25T18:54:00.001-0400] {dag.py:3954} INFO - Setting next_dagrun for example_params_ui_tutorial to None, run_after=None
[2025-06-25T18:54:00.008-0400] {processor.py:183} INFO - Processing /opt/anaconda3/envs/airflow_env/lib/python3.10/site-packages/airflow/example_dags/example_params_ui_tutorial.py took 0.100 seconds
[2025-06-25T18:55:10.183-0400] {processor.py:161} INFO - Started process (PID=44090) to work on /opt/anaconda3/envs/airflow_env/lib/python3.10/site-packages/airflow/example_dags/example_params_ui_tutorial.py
[2025-06-25T18:55:10.184-0400] {processor.py:830} INFO - Processing file /opt/anaconda3/envs/airflow_env/lib/python3.10/site-packages/airflow/example_dags/example_params_ui_tutorial.py for tasks to queue
[2025-06-25T18:55:10.184-0400] {logging_mixin.py:188} INFO - [2025-06-25T18:55:10.184-0400] {dagbag.py:545} INFO - Filling up the DagBag from /opt/anaconda3/envs/airflow_env/lib/python3.10/site-packages/airflow/example_dags/example_params_ui_tutorial.py
[2025-06-25T18:55:10.198-0400] {processor.py:840} INFO - DAG(s) 'example_params_ui_tutorial' retrieved from /opt/anaconda3/envs/airflow_env/lib/python3.10/site-packages/airflow/example_dags/example_params_ui_tutorial.py
[2025-06-25T18:55:10.239-0400] {logging_mixin.py:188} INFO - [2025-06-25T18:55:10.239-0400] {dag.py:3096} INFO - Sync 1 DAGs
[2025-06-25T18:55:10.261-0400] {logging_mixin.py:188} INFO - [2025-06-25T18:55:10.261-0400] {dag.py:3954} INFO - Setting next_dagrun for example_params_ui_tutorial to None, run_after=None
[2025-06-25T18:55:10.267-0400] {processor.py:183} INFO - Processing /opt/anaconda3/envs/airflow_env/lib/python3.10/site-packages/airflow/example_dags/example_params_ui_tutorial.py took 0.086 seconds
[2025-06-25T18:55:28.716-0400] {processor.py:161} INFO - Started process (PID=44116) to work on /opt/anaconda3/envs/airflow_env/lib/python3.10/site-packages/airflow/example_dags/example_params_ui_tutorial.py
[2025-06-25T18:55:28.717-0400] {processor.py:830} INFO - Processing file /opt/anaconda3/envs/airflow_env/lib/python3.10/site-packages/airflow/example_dags/example_params_ui_tutorial.py for tasks to queue
[2025-06-25T18:55:28.717-0400] {logging_mixin.py:188} INFO - [2025-06-25T18:55:28.717-0400] {dagbag.py:545} INFO - Filling up the DagBag from /opt/anaconda3/envs/airflow_env/lib/python3.10/site-packages/airflow/example_dags/example_params_ui_tutorial.py
[2025-06-25T18:55:28.731-0400] {processor.py:840} INFO - DAG(s) 'example_params_ui_tutorial' retrieved from /opt/anaconda3/envs/airflow_env/lib/python3.10/site-packages/airflow/example_dags/example_params_ui_tutorial.py
[2025-06-25T18:55:28.774-0400] {logging_mixin.py:188} INFO - [2025-06-25T18:55:28.774-0400] {dag.py:3096} INFO - Sync 1 DAGs
[2025-06-25T18:55:28.798-0400] {logging_mixin.py:188} INFO - [2025-06-25T18:55:28.798-0400] {dag.py:3954} INFO - Setting next_dagrun for example_params_ui_tutorial to None, run_after=None
[2025-06-25T18:55:28.805-0400] {processor.py:183} INFO - Processing /opt/anaconda3/envs/airflow_env/lib/python3.10/site-packages/airflow/example_dags/example_params_ui_tutorial.py took 0.090 seconds
[2025-06-25T18:56:41.967-0400] {processor.py:161} INFO - Started process (PID=44237) to work on /opt/anaconda3/envs/airflow_env/lib/python3.10/site-packages/airflow/example_dags/example_params_ui_tutorial.py
[2025-06-25T18:56:41.967-0400] {processor.py:830} INFO - Processing file /opt/anaconda3/envs/airflow_env/lib/python3.10/site-packages/airflow/example_dags/example_params_ui_tutorial.py for tasks to queue
[2025-06-25T18:56:41.967-0400] {logging_mixin.py:188} INFO - [2025-06-25T18:56:41.967-0400] {dagbag.py:545} INFO - Filling up the DagBag from /opt/anaconda3/envs/airflow_env/lib/python3.10/site-packages/airflow/example_dags/example_params_ui_tutorial.py
[2025-06-25T18:56:41.982-0400] {processor.py:840} INFO - DAG(s) 'example_params_ui_tutorial' retrieved from /opt/anaconda3/envs/airflow_env/lib/python3.10/site-packages/airflow/example_dags/example_params_ui_tutorial.py
[2025-06-25T18:56:42.023-0400] {logging_mixin.py:188} INFO - [2025-06-25T18:56:42.023-0400] {dag.py:3096} INFO - Sync 1 DAGs
[2025-06-25T18:56:42.047-0400] {logging_mixin.py:188} INFO - [2025-06-25T18:56:42.047-0400] {dag.py:3954} INFO - Setting next_dagrun for example_params_ui_tutorial to None, run_after=None
[2025-06-25T18:56:42.054-0400] {processor.py:183} INFO - Processing /opt/anaconda3/envs/airflow_env/lib/python3.10/site-packages/airflow/example_dags/example_params_ui_tutorial.py took 0.089 seconds
[2025-06-25T18:56:56.969-0400] {processor.py:161} INFO - Started process (PID=44259) to work on /opt/anaconda3/envs/airflow_env/lib/python3.10/site-packages/airflow/example_dags/example_params_ui_tutorial.py
[2025-06-25T18:56:56.970-0400] {processor.py:830} INFO - Processing file /opt/anaconda3/envs/airflow_env/lib/python3.10/site-packages/airflow/example_dags/example_params_ui_tutorial.py for tasks to queue
[2025-06-25T18:56:56.970-0400] {logging_mixin.py:188} INFO - [2025-06-25T18:56:56.970-0400] {dagbag.py:545} INFO - Filling up the DagBag from /opt/anaconda3/envs/airflow_env/lib/python3.10/site-packages/airflow/example_dags/example_params_ui_tutorial.py
[2025-06-25T18:56:56.984-0400] {processor.py:840} INFO - DAG(s) 'example_params_ui_tutorial' retrieved from /opt/anaconda3/envs/airflow_env/lib/python3.10/site-packages/airflow/example_dags/example_params_ui_tutorial.py
[2025-06-25T18:56:57.025-0400] {logging_mixin.py:188} INFO - [2025-06-25T18:56:57.025-0400] {dag.py:3096} INFO - Sync 1 DAGs
[2025-06-25T18:56:57.047-0400] {logging_mixin.py:188} INFO - [2025-06-25T18:56:57.047-0400] {dag.py:3954} INFO - Setting next_dagrun for example_params_ui_tutorial to None, run_after=None
[2025-06-25T18:56:57.053-0400] {processor.py:183} INFO - Processing /opt/anaconda3/envs/airflow_env/lib/python3.10/site-packages/airflow/example_dags/example_params_ui_tutorial.py took 0.086 seconds
[2025-06-25T18:58:13.932-0400] {processor.py:161} INFO - Started process (PID=44374) to work on /opt/anaconda3/envs/airflow_env/lib/python3.10/site-packages/airflow/example_dags/example_params_ui_tutorial.py
[2025-06-25T18:58:13.932-0400] {processor.py:830} INFO - Processing file /opt/anaconda3/envs/airflow_env/lib/python3.10/site-packages/airflow/example_dags/example_params_ui_tutorial.py for tasks to queue
[2025-06-25T18:58:13.932-0400] {logging_mixin.py:188} INFO - [2025-06-25T18:58:13.932-0400] {dagbag.py:545} INFO - Filling up the DagBag from /opt/anaconda3/envs/airflow_env/lib/python3.10/site-packages/airflow/example_dags/example_params_ui_tutorial.py
[2025-06-25T18:58:13.947-0400] {processor.py:840} INFO - DAG(s) 'example_params_ui_tutorial' retrieved from /opt/anaconda3/envs/airflow_env/lib/python3.10/site-packages/airflow/example_dags/example_params_ui_tutorial.py
[2025-06-25T18:58:13.991-0400] {logging_mixin.py:188} INFO - [2025-06-25T18:58:13.991-0400] {dag.py:3096} INFO - Sync 1 DAGs
[2025-06-25T18:58:14.018-0400] {logging_mixin.py:188} INFO - [2025-06-25T18:58:14.018-0400] {dag.py:3954} INFO - Setting next_dagrun for example_params_ui_tutorial to None, run_after=None
[2025-06-25T18:58:14.025-0400] {processor.py:183} INFO - Processing /opt/anaconda3/envs/airflow_env/lib/python3.10/site-packages/airflow/example_dags/example_params_ui_tutorial.py took 0.094 seconds
[2025-06-25T18:58:28.080-0400] {processor.py:161} INFO - Started process (PID=44396) to work on /opt/anaconda3/envs/airflow_env/lib/python3.10/site-packages/airflow/example_dags/example_params_ui_tutorial.py
[2025-06-25T18:58:28.080-0400] {processor.py:830} INFO - Processing file /opt/anaconda3/envs/airflow_env/lib/python3.10/site-packages/airflow/example_dags/example_params_ui_tutorial.py for tasks to queue
[2025-06-25T18:58:28.080-0400] {logging_mixin.py:188} INFO - [2025-06-25T18:58:28.080-0400] {dagbag.py:545} INFO - Filling up the DagBag from /opt/anaconda3/envs/airflow_env/lib/python3.10/site-packages/airflow/example_dags/example_params_ui_tutorial.py
[2025-06-25T18:58:28.094-0400] {processor.py:840} INFO - DAG(s) 'example_params_ui_tutorial' retrieved from /opt/anaconda3/envs/airflow_env/lib/python3.10/site-packages/airflow/example_dags/example_params_ui_tutorial.py
[2025-06-25T18:58:28.136-0400] {logging_mixin.py:188} INFO - [2025-06-25T18:58:28.136-0400] {dag.py:3096} INFO - Sync 1 DAGs
[2025-06-25T18:58:28.158-0400] {logging_mixin.py:188} INFO - [2025-06-25T18:58:28.157-0400] {dag.py:3954} INFO - Setting next_dagrun for example_params_ui_tutorial to None, run_after=None
[2025-06-25T18:58:28.164-0400] {processor.py:183} INFO - Processing /opt/anaconda3/envs/airflow_env/lib/python3.10/site-packages/airflow/example_dags/example_params_ui_tutorial.py took 0.086 seconds
[2025-06-25T18:59:40.756-0400] {processor.py:161} INFO - Started process (PID=44510) to work on /opt/anaconda3/envs/airflow_env/lib/python3.10/site-packages/airflow/example_dags/example_params_ui_tutorial.py
[2025-06-25T18:59:40.756-0400] {processor.py:830} INFO - Processing file /opt/anaconda3/envs/airflow_env/lib/python3.10/site-packages/airflow/example_dags/example_params_ui_tutorial.py for tasks to queue
[2025-06-25T18:59:40.757-0400] {logging_mixin.py:188} INFO - [2025-06-25T18:59:40.757-0400] {dagbag.py:545} INFO - Filling up the DagBag from /opt/anaconda3/envs/airflow_env/lib/python3.10/site-packages/airflow/example_dags/example_params_ui_tutorial.py
[2025-06-25T18:59:40.771-0400] {processor.py:840} INFO - DAG(s) 'example_params_ui_tutorial' retrieved from /opt/anaconda3/envs/airflow_env/lib/python3.10/site-packages/airflow/example_dags/example_params_ui_tutorial.py
[2025-06-25T18:59:40.813-0400] {logging_mixin.py:188} INFO - [2025-06-25T18:59:40.813-0400] {dag.py:3096} INFO - Sync 1 DAGs
[2025-06-25T18:59:40.837-0400] {logging_mixin.py:188} INFO - [2025-06-25T18:59:40.837-0400] {dag.py:3954} INFO - Setting next_dagrun for example_params_ui_tutorial to None, run_after=None
[2025-06-25T18:59:40.844-0400] {processor.py:183} INFO - Processing /opt/anaconda3/envs/airflow_env/lib/python3.10/site-packages/airflow/example_dags/example_params_ui_tutorial.py took 0.089 seconds
[2025-06-25T18:59:50.830-0400] {processor.py:161} INFO - Started process (PID=44526) to work on /opt/anaconda3/envs/airflow_env/lib/python3.10/site-packages/airflow/example_dags/example_params_ui_tutorial.py
[2025-06-25T18:59:50.830-0400] {processor.py:830} INFO - Processing file /opt/anaconda3/envs/airflow_env/lib/python3.10/site-packages/airflow/example_dags/example_params_ui_tutorial.py for tasks to queue
[2025-06-25T18:59:50.830-0400] {logging_mixin.py:188} INFO - [2025-06-25T18:59:50.830-0400] {dagbag.py:545} INFO - Filling up the DagBag from /opt/anaconda3/envs/airflow_env/lib/python3.10/site-packages/airflow/example_dags/example_params_ui_tutorial.py
[2025-06-25T18:59:50.845-0400] {processor.py:840} INFO - DAG(s) 'example_params_ui_tutorial' retrieved from /opt/anaconda3/envs/airflow_env/lib/python3.10/site-packages/airflow/example_dags/example_params_ui_tutorial.py
[2025-06-25T18:59:50.889-0400] {logging_mixin.py:188} INFO - [2025-06-25T18:59:50.889-0400] {dag.py:3096} INFO - Sync 1 DAGs
[2025-06-25T18:59:50.912-0400] {logging_mixin.py:188} INFO - [2025-06-25T18:59:50.912-0400] {dag.py:3954} INFO - Setting next_dagrun for example_params_ui_tutorial to None, run_after=None
[2025-06-25T18:59:50.919-0400] {processor.py:183} INFO - Processing /opt/anaconda3/envs/airflow_env/lib/python3.10/site-packages/airflow/example_dags/example_params_ui_tutorial.py took 0.091 seconds
[2025-06-25T19:01:11.286-0400] {processor.py:161} INFO - Started process (PID=44668) to work on /opt/anaconda3/envs/airflow_env/lib/python3.10/site-packages/airflow/example_dags/example_params_ui_tutorial.py
[2025-06-25T19:01:11.287-0400] {processor.py:830} INFO - Processing file /opt/anaconda3/envs/airflow_env/lib/python3.10/site-packages/airflow/example_dags/example_params_ui_tutorial.py for tasks to queue
[2025-06-25T19:01:11.287-0400] {logging_mixin.py:188} INFO - [2025-06-25T19:01:11.287-0400] {dagbag.py:545} INFO - Filling up the DagBag from /opt/anaconda3/envs/airflow_env/lib/python3.10/site-packages/airflow/example_dags/example_params_ui_tutorial.py
[2025-06-25T19:01:11.303-0400] {processor.py:840} INFO - DAG(s) 'example_params_ui_tutorial' retrieved from /opt/anaconda3/envs/airflow_env/lib/python3.10/site-packages/airflow/example_dags/example_params_ui_tutorial.py
[2025-06-25T19:01:11.349-0400] {logging_mixin.py:188} INFO - [2025-06-25T19:01:11.349-0400] {dag.py:3096} INFO - Sync 1 DAGs
[2025-06-25T19:01:11.373-0400] {logging_mixin.py:188} INFO - [2025-06-25T19:01:11.373-0400] {dag.py:3954} INFO - Setting next_dagrun for example_params_ui_tutorial to None, run_after=None
[2025-06-25T19:01:11.379-0400] {processor.py:183} INFO - Processing /opt/anaconda3/envs/airflow_env/lib/python3.10/site-packages/airflow/example_dags/example_params_ui_tutorial.py took 0.095 seconds
[2025-06-25T19:01:18.476-0400] {processor.py:161} INFO - Started process (PID=44677) to work on /opt/anaconda3/envs/airflow_env/lib/python3.10/site-packages/airflow/example_dags/example_params_ui_tutorial.py
[2025-06-25T19:01:18.476-0400] {processor.py:830} INFO - Processing file /opt/anaconda3/envs/airflow_env/lib/python3.10/site-packages/airflow/example_dags/example_params_ui_tutorial.py for tasks to queue
[2025-06-25T19:01:18.477-0400] {logging_mixin.py:188} INFO - [2025-06-25T19:01:18.476-0400] {dagbag.py:545} INFO - Filling up the DagBag from /opt/anaconda3/envs/airflow_env/lib/python3.10/site-packages/airflow/example_dags/example_params_ui_tutorial.py
[2025-06-25T19:01:18.491-0400] {processor.py:840} INFO - DAG(s) 'example_params_ui_tutorial' retrieved from /opt/anaconda3/envs/airflow_env/lib/python3.10/site-packages/airflow/example_dags/example_params_ui_tutorial.py
[2025-06-25T19:01:18.535-0400] {logging_mixin.py:188} INFO - [2025-06-25T19:01:18.535-0400] {dag.py:3096} INFO - Sync 1 DAGs
[2025-06-25T19:01:18.559-0400] {logging_mixin.py:188} INFO - [2025-06-25T19:01:18.559-0400] {dag.py:3954} INFO - Setting next_dagrun for example_params_ui_tutorial to None, run_after=None
[2025-06-25T19:01:18.566-0400] {processor.py:183} INFO - Processing /opt/anaconda3/envs/airflow_env/lib/python3.10/site-packages/airflow/example_dags/example_params_ui_tutorial.py took 0.092 seconds
[2025-06-25T19:02:40.258-0400] {processor.py:161} INFO - Started process (PID=44811) to work on /opt/anaconda3/envs/airflow_env/lib/python3.10/site-packages/airflow/example_dags/example_params_ui_tutorial.py
[2025-06-25T19:02:40.259-0400] {processor.py:830} INFO - Processing file /opt/anaconda3/envs/airflow_env/lib/python3.10/site-packages/airflow/example_dags/example_params_ui_tutorial.py for tasks to queue
[2025-06-25T19:02:40.259-0400] {logging_mixin.py:188} INFO - [2025-06-25T19:02:40.259-0400] {dagbag.py:545} INFO - Filling up the DagBag from /opt/anaconda3/envs/airflow_env/lib/python3.10/site-packages/airflow/example_dags/example_params_ui_tutorial.py
[2025-06-25T19:02:40.273-0400] {processor.py:840} INFO - DAG(s) 'example_params_ui_tutorial' retrieved from /opt/anaconda3/envs/airflow_env/lib/python3.10/site-packages/airflow/example_dags/example_params_ui_tutorial.py
[2025-06-25T19:02:40.314-0400] {logging_mixin.py:188} INFO - [2025-06-25T19:02:40.314-0400] {dag.py:3096} INFO - Sync 1 DAGs
[2025-06-25T19:02:40.336-0400] {logging_mixin.py:188} INFO - [2025-06-25T19:02:40.335-0400] {dag.py:3954} INFO - Setting next_dagrun for example_params_ui_tutorial to None, run_after=None
[2025-06-25T19:02:40.342-0400] {processor.py:183} INFO - Processing /opt/anaconda3/envs/airflow_env/lib/python3.10/site-packages/airflow/example_dags/example_params_ui_tutorial.py took 0.085 seconds
[2025-06-25T19:02:48.102-0400] {processor.py:161} INFO - Started process (PID=44826) to work on /opt/anaconda3/envs/airflow_env/lib/python3.10/site-packages/airflow/example_dags/example_params_ui_tutorial.py
[2025-06-25T19:02:48.102-0400] {processor.py:830} INFO - Processing file /opt/anaconda3/envs/airflow_env/lib/python3.10/site-packages/airflow/example_dags/example_params_ui_tutorial.py for tasks to queue
[2025-06-25T19:02:48.102-0400] {logging_mixin.py:188} INFO - [2025-06-25T19:02:48.102-0400] {dagbag.py:545} INFO - Filling up the DagBag from /opt/anaconda3/envs/airflow_env/lib/python3.10/site-packages/airflow/example_dags/example_params_ui_tutorial.py
[2025-06-25T19:02:48.116-0400] {processor.py:840} INFO - DAG(s) 'example_params_ui_tutorial' retrieved from /opt/anaconda3/envs/airflow_env/lib/python3.10/site-packages/airflow/example_dags/example_params_ui_tutorial.py
[2025-06-25T19:02:48.157-0400] {logging_mixin.py:188} INFO - [2025-06-25T19:02:48.157-0400] {dag.py:3096} INFO - Sync 1 DAGs
[2025-06-25T19:02:48.178-0400] {logging_mixin.py:188} INFO - [2025-06-25T19:02:48.178-0400] {dag.py:3954} INFO - Setting next_dagrun for example_params_ui_tutorial to None, run_after=None
[2025-06-25T19:02:48.185-0400] {processor.py:183} INFO - Processing /opt/anaconda3/envs/airflow_env/lib/python3.10/site-packages/airflow/example_dags/example_params_ui_tutorial.py took 0.084 seconds
[2025-06-25T19:04:13.645-0400] {processor.py:161} INFO - Started process (PID=44978) to work on /opt/anaconda3/envs/airflow_env/lib/python3.10/site-packages/airflow/example_dags/example_params_ui_tutorial.py
[2025-06-25T19:04:13.645-0400] {processor.py:830} INFO - Processing file /opt/anaconda3/envs/airflow_env/lib/python3.10/site-packages/airflow/example_dags/example_params_ui_tutorial.py for tasks to queue
[2025-06-25T19:04:13.646-0400] {logging_mixin.py:188} INFO - [2025-06-25T19:04:13.646-0400] {dagbag.py:545} INFO - Filling up the DagBag from /opt/anaconda3/envs/airflow_env/lib/python3.10/site-packages/airflow/example_dags/example_params_ui_tutorial.py
[2025-06-25T19:04:13.662-0400] {processor.py:840} INFO - DAG(s) 'example_params_ui_tutorial' retrieved from /opt/anaconda3/envs/airflow_env/lib/python3.10/site-packages/airflow/example_dags/example_params_ui_tutorial.py
[2025-06-25T19:04:13.708-0400] {logging_mixin.py:188} INFO - [2025-06-25T19:04:13.708-0400] {dag.py:3096} INFO - Sync 1 DAGs
[2025-06-25T19:04:13.731-0400] {logging_mixin.py:188} INFO - [2025-06-25T19:04:13.731-0400] {dag.py:3954} INFO - Setting next_dagrun for example_params_ui_tutorial to None, run_after=None
[2025-06-25T19:04:13.737-0400] {processor.py:183} INFO - Processing /opt/anaconda3/envs/airflow_env/lib/python3.10/site-packages/airflow/example_dags/example_params_ui_tutorial.py took 0.095 seconds
[2025-06-25T19:04:18.153-0400] {processor.py:161} INFO - Started process (PID=44984) to work on /opt/anaconda3/envs/airflow_env/lib/python3.10/site-packages/airflow/example_dags/example_params_ui_tutorial.py
[2025-06-25T19:04:18.153-0400] {processor.py:830} INFO - Processing file /opt/anaconda3/envs/airflow_env/lib/python3.10/site-packages/airflow/example_dags/example_params_ui_tutorial.py for tasks to queue
[2025-06-25T19:04:18.153-0400] {logging_mixin.py:188} INFO - [2025-06-25T19:04:18.153-0400] {dagbag.py:545} INFO - Filling up the DagBag from /opt/anaconda3/envs/airflow_env/lib/python3.10/site-packages/airflow/example_dags/example_params_ui_tutorial.py
[2025-06-25T19:04:18.167-0400] {processor.py:840} INFO - DAG(s) 'example_params_ui_tutorial' retrieved from /opt/anaconda3/envs/airflow_env/lib/python3.10/site-packages/airflow/example_dags/example_params_ui_tutorial.py
[2025-06-25T19:04:18.208-0400] {logging_mixin.py:188} INFO - [2025-06-25T19:04:18.208-0400] {dag.py:3096} INFO - Sync 1 DAGs
[2025-06-25T19:04:18.230-0400] {logging_mixin.py:188} INFO - [2025-06-25T19:04:18.230-0400] {dag.py:3954} INFO - Setting next_dagrun for example_params_ui_tutorial to None, run_after=None
[2025-06-25T19:04:18.236-0400] {processor.py:183} INFO - Processing /opt/anaconda3/envs/airflow_env/lib/python3.10/site-packages/airflow/example_dags/example_params_ui_tutorial.py took 0.085 seconds
[2025-06-25T19:05:49.314-0400] {processor.py:161} INFO - Started process (PID=45149) to work on /opt/anaconda3/envs/airflow_env/lib/python3.10/site-packages/airflow/example_dags/example_params_ui_tutorial.py
[2025-06-25T19:05:49.315-0400] {processor.py:830} INFO - Processing file /opt/anaconda3/envs/airflow_env/lib/python3.10/site-packages/airflow/example_dags/example_params_ui_tutorial.py for tasks to queue
[2025-06-25T19:05:49.315-0400] {logging_mixin.py:188} INFO - [2025-06-25T19:05:49.315-0400] {dagbag.py:545} INFO - Filling up the DagBag from /opt/anaconda3/envs/airflow_env/lib/python3.10/site-packages/airflow/example_dags/example_params_ui_tutorial.py
[2025-06-25T19:05:49.329-0400] {processor.py:840} INFO - DAG(s) 'example_params_ui_tutorial' retrieved from /opt/anaconda3/envs/airflow_env/lib/python3.10/site-packages/airflow/example_dags/example_params_ui_tutorial.py
[2025-06-25T19:05:49.370-0400] {logging_mixin.py:188} INFO - [2025-06-25T19:05:49.370-0400] {dag.py:3096} INFO - Sync 1 DAGs
[2025-06-25T19:05:49.391-0400] {logging_mixin.py:188} INFO - [2025-06-25T19:05:49.391-0400] {dag.py:3954} INFO - Setting next_dagrun for example_params_ui_tutorial to None, run_after=None
[2025-06-25T19:05:49.398-0400] {processor.py:183} INFO - Processing /opt/anaconda3/envs/airflow_env/lib/python3.10/site-packages/airflow/example_dags/example_params_ui_tutorial.py took 0.085 seconds
[2025-06-25T19:05:51.504-0400] {processor.py:161} INFO - Started process (PID=45152) to work on /opt/anaconda3/envs/airflow_env/lib/python3.10/site-packages/airflow/example_dags/example_params_ui_tutorial.py
[2025-06-25T19:05:51.504-0400] {processor.py:830} INFO - Processing file /opt/anaconda3/envs/airflow_env/lib/python3.10/site-packages/airflow/example_dags/example_params_ui_tutorial.py for tasks to queue
[2025-06-25T19:05:51.504-0400] {logging_mixin.py:188} INFO - [2025-06-25T19:05:51.504-0400] {dagbag.py:545} INFO - Filling up the DagBag from /opt/anaconda3/envs/airflow_env/lib/python3.10/site-packages/airflow/example_dags/example_params_ui_tutorial.py
[2025-06-25T19:05:51.518-0400] {processor.py:840} INFO - DAG(s) 'example_params_ui_tutorial' retrieved from /opt/anaconda3/envs/airflow_env/lib/python3.10/site-packages/airflow/example_dags/example_params_ui_tutorial.py
[2025-06-25T19:05:51.559-0400] {logging_mixin.py:188} INFO - [2025-06-25T19:05:51.559-0400] {dag.py:3096} INFO - Sync 1 DAGs
[2025-06-25T19:05:51.581-0400] {logging_mixin.py:188} INFO - [2025-06-25T19:05:51.581-0400] {dag.py:3954} INFO - Setting next_dagrun for example_params_ui_tutorial to None, run_after=None
[2025-06-25T19:05:51.587-0400] {processor.py:183} INFO - Processing /opt/anaconda3/envs/airflow_env/lib/python3.10/site-packages/airflow/example_dags/example_params_ui_tutorial.py took 0.085 seconds
[2025-06-25T19:07:20.900-0400] {processor.py:161} INFO - Started process (PID=45309) to work on /opt/anaconda3/envs/airflow_env/lib/python3.10/site-packages/airflow/example_dags/example_params_ui_tutorial.py
[2025-06-25T19:07:20.901-0400] {processor.py:830} INFO - Processing file /opt/anaconda3/envs/airflow_env/lib/python3.10/site-packages/airflow/example_dags/example_params_ui_tutorial.py for tasks to queue
[2025-06-25T19:07:20.901-0400] {logging_mixin.py:188} INFO - [2025-06-25T19:07:20.901-0400] {dagbag.py:545} INFO - Filling up the DagBag from /opt/anaconda3/envs/airflow_env/lib/python3.10/site-packages/airflow/example_dags/example_params_ui_tutorial.py
[2025-06-25T19:07:20.916-0400] {processor.py:840} INFO - DAG(s) 'example_params_ui_tutorial' retrieved from /opt/anaconda3/envs/airflow_env/lib/python3.10/site-packages/airflow/example_dags/example_params_ui_tutorial.py
[2025-06-25T19:07:20.959-0400] {logging_mixin.py:188} INFO - [2025-06-25T19:07:20.959-0400] {dag.py:3096} INFO - Sync 1 DAGs
[2025-06-25T19:07:20.984-0400] {logging_mixin.py:188} INFO - [2025-06-25T19:07:20.984-0400] {dag.py:3954} INFO - Setting next_dagrun for example_params_ui_tutorial to None, run_after=None
[2025-06-25T19:07:20.991-0400] {processor.py:183} INFO - Processing /opt/anaconda3/envs/airflow_env/lib/python3.10/site-packages/airflow/example_dags/example_params_ui_tutorial.py took 0.093 seconds
[2025-06-25T19:07:23.183-0400] {processor.py:161} INFO - Started process (PID=45313) to work on /opt/anaconda3/envs/airflow_env/lib/python3.10/site-packages/airflow/example_dags/example_params_ui_tutorial.py
[2025-06-25T19:07:23.184-0400] {processor.py:830} INFO - Processing file /opt/anaconda3/envs/airflow_env/lib/python3.10/site-packages/airflow/example_dags/example_params_ui_tutorial.py for tasks to queue
[2025-06-25T19:07:23.184-0400] {logging_mixin.py:188} INFO - [2025-06-25T19:07:23.184-0400] {dagbag.py:545} INFO - Filling up the DagBag from /opt/anaconda3/envs/airflow_env/lib/python3.10/site-packages/airflow/example_dags/example_params_ui_tutorial.py
[2025-06-25T19:07:23.198-0400] {processor.py:840} INFO - DAG(s) 'example_params_ui_tutorial' retrieved from /opt/anaconda3/envs/airflow_env/lib/python3.10/site-packages/airflow/example_dags/example_params_ui_tutorial.py
[2025-06-25T19:07:23.242-0400] {logging_mixin.py:188} INFO - [2025-06-25T19:07:23.242-0400] {dag.py:3096} INFO - Sync 1 DAGs
[2025-06-25T19:07:23.266-0400] {logging_mixin.py:188} INFO - [2025-06-25T19:07:23.266-0400] {dag.py:3954} INFO - Setting next_dagrun for example_params_ui_tutorial to None, run_after=None
[2025-06-25T19:07:23.273-0400] {processor.py:183} INFO - Processing /opt/anaconda3/envs/airflow_env/lib/python3.10/site-packages/airflow/example_dags/example_params_ui_tutorial.py took 0.092 seconds
[2025-06-25T19:08:52.925-0400] {processor.py:161} INFO - Started process (PID=45451) to work on /opt/anaconda3/envs/airflow_env/lib/python3.10/site-packages/airflow/example_dags/example_params_ui_tutorial.py
[2025-06-25T19:08:52.926-0400] {processor.py:830} INFO - Processing file /opt/anaconda3/envs/airflow_env/lib/python3.10/site-packages/airflow/example_dags/example_params_ui_tutorial.py for tasks to queue
[2025-06-25T19:08:52.927-0400] {logging_mixin.py:188} INFO - [2025-06-25T19:08:52.926-0400] {dagbag.py:545} INFO - Filling up the DagBag from /opt/anaconda3/envs/airflow_env/lib/python3.10/site-packages/airflow/example_dags/example_params_ui_tutorial.py
[2025-06-25T19:08:52.941-0400] {processor.py:840} INFO - DAG(s) 'example_params_ui_tutorial' retrieved from /opt/anaconda3/envs/airflow_env/lib/python3.10/site-packages/airflow/example_dags/example_params_ui_tutorial.py
[2025-06-25T19:08:52.981-0400] {logging_mixin.py:188} INFO - [2025-06-25T19:08:52.981-0400] {dag.py:3096} INFO - Sync 1 DAGs
[2025-06-25T19:08:53.006-0400] {logging_mixin.py:188} INFO - [2025-06-25T19:08:53.006-0400] {dag.py:3954} INFO - Setting next_dagrun for example_params_ui_tutorial to None, run_after=None
[2025-06-25T19:08:53.013-0400] {processor.py:183} INFO - Processing /opt/anaconda3/envs/airflow_env/lib/python3.10/site-packages/airflow/example_dags/example_params_ui_tutorial.py took 0.089 seconds
[2025-06-25T19:08:53.729-0400] {processor.py:161} INFO - Started process (PID=45452) to work on /opt/anaconda3/envs/airflow_env/lib/python3.10/site-packages/airflow/example_dags/example_params_ui_tutorial.py
[2025-06-25T19:08:53.730-0400] {processor.py:830} INFO - Processing file /opt/anaconda3/envs/airflow_env/lib/python3.10/site-packages/airflow/example_dags/example_params_ui_tutorial.py for tasks to queue
[2025-06-25T19:08:53.730-0400] {logging_mixin.py:188} INFO - [2025-06-25T19:08:53.730-0400] {dagbag.py:545} INFO - Filling up the DagBag from /opt/anaconda3/envs/airflow_env/lib/python3.10/site-packages/airflow/example_dags/example_params_ui_tutorial.py
[2025-06-25T19:08:53.744-0400] {processor.py:840} INFO - DAG(s) 'example_params_ui_tutorial' retrieved from /opt/anaconda3/envs/airflow_env/lib/python3.10/site-packages/airflow/example_dags/example_params_ui_tutorial.py
[2025-06-25T19:08:53.785-0400] {logging_mixin.py:188} INFO - [2025-06-25T19:08:53.785-0400] {dag.py:3096} INFO - Sync 1 DAGs
[2025-06-25T19:08:53.807-0400] {logging_mixin.py:188} INFO - [2025-06-25T19:08:53.807-0400] {dag.py:3954} INFO - Setting next_dagrun for example_params_ui_tutorial to None, run_after=None
[2025-06-25T19:08:53.813-0400] {processor.py:183} INFO - Processing /opt/anaconda3/envs/airflow_env/lib/python3.10/site-packages/airflow/example_dags/example_params_ui_tutorial.py took 0.085 seconds
[2025-06-25T19:10:23.583-0400] {processor.py:161} INFO - Started process (PID=45600) to work on /opt/anaconda3/envs/airflow_env/lib/python3.10/site-packages/airflow/example_dags/example_params_ui_tutorial.py
[2025-06-25T19:10:23.584-0400] {processor.py:830} INFO - Processing file /opt/anaconda3/envs/airflow_env/lib/python3.10/site-packages/airflow/example_dags/example_params_ui_tutorial.py for tasks to queue
[2025-06-25T19:10:23.584-0400] {logging_mixin.py:188} INFO - [2025-06-25T19:10:23.584-0400] {dagbag.py:545} INFO - Filling up the DagBag from /opt/anaconda3/envs/airflow_env/lib/python3.10/site-packages/airflow/example_dags/example_params_ui_tutorial.py
[2025-06-25T19:10:23.598-0400] {processor.py:840} INFO - DAG(s) 'example_params_ui_tutorial' retrieved from /opt/anaconda3/envs/airflow_env/lib/python3.10/site-packages/airflow/example_dags/example_params_ui_tutorial.py
[2025-06-25T19:10:23.642-0400] {logging_mixin.py:188} INFO - [2025-06-25T19:10:23.642-0400] {dag.py:3096} INFO - Sync 1 DAGs
[2025-06-25T19:10:23.665-0400] {logging_mixin.py:188} INFO - [2025-06-25T19:10:23.665-0400] {dag.py:3954} INFO - Setting next_dagrun for example_params_ui_tutorial to None, run_after=None
[2025-06-25T19:10:23.672-0400] {processor.py:183} INFO - Processing /opt/anaconda3/envs/airflow_env/lib/python3.10/site-packages/airflow/example_dags/example_params_ui_tutorial.py took 0.091 seconds
[2025-06-25T19:10:23.776-0400] {processor.py:161} INFO - Started process (PID=45601) to work on /opt/anaconda3/envs/airflow_env/lib/python3.10/site-packages/airflow/example_dags/example_params_ui_tutorial.py
[2025-06-25T19:10:23.776-0400] {processor.py:830} INFO - Processing file /opt/anaconda3/envs/airflow_env/lib/python3.10/site-packages/airflow/example_dags/example_params_ui_tutorial.py for tasks to queue
[2025-06-25T19:10:23.777-0400] {logging_mixin.py:188} INFO - [2025-06-25T19:10:23.776-0400] {dagbag.py:545} INFO - Filling up the DagBag from /opt/anaconda3/envs/airflow_env/lib/python3.10/site-packages/airflow/example_dags/example_params_ui_tutorial.py
[2025-06-25T19:10:23.793-0400] {processor.py:840} INFO - DAG(s) 'example_params_ui_tutorial' retrieved from /opt/anaconda3/envs/airflow_env/lib/python3.10/site-packages/airflow/example_dags/example_params_ui_tutorial.py
[2025-06-25T19:10:23.836-0400] {logging_mixin.py:188} INFO - [2025-06-25T19:10:23.836-0400] {dag.py:3096} INFO - Sync 1 DAGs
[2025-06-25T19:10:23.862-0400] {logging_mixin.py:188} INFO - [2025-06-25T19:10:23.862-0400] {dag.py:3954} INFO - Setting next_dagrun for example_params_ui_tutorial to None, run_after=None
[2025-06-25T19:10:23.869-0400] {processor.py:183} INFO - Processing /opt/anaconda3/envs/airflow_env/lib/python3.10/site-packages/airflow/example_dags/example_params_ui_tutorial.py took 0.095 seconds
[2025-06-25T19:11:53.305-0400] {processor.py:161} INFO - Started process (PID=45767) to work on /opt/anaconda3/envs/airflow_env/lib/python3.10/site-packages/airflow/example_dags/example_params_ui_tutorial.py
[2025-06-25T19:11:53.306-0400] {processor.py:830} INFO - Processing file /opt/anaconda3/envs/airflow_env/lib/python3.10/site-packages/airflow/example_dags/example_params_ui_tutorial.py for tasks to queue
[2025-06-25T19:11:53.306-0400] {logging_mixin.py:188} INFO - [2025-06-25T19:11:53.306-0400] {dagbag.py:545} INFO - Filling up the DagBag from /opt/anaconda3/envs/airflow_env/lib/python3.10/site-packages/airflow/example_dags/example_params_ui_tutorial.py
[2025-06-25T19:11:53.320-0400] {processor.py:840} INFO - DAG(s) 'example_params_ui_tutorial' retrieved from /opt/anaconda3/envs/airflow_env/lib/python3.10/site-packages/airflow/example_dags/example_params_ui_tutorial.py
[2025-06-25T19:11:53.363-0400] {logging_mixin.py:188} INFO - [2025-06-25T19:11:53.363-0400] {dag.py:3096} INFO - Sync 1 DAGs
[2025-06-25T19:11:53.386-0400] {logging_mixin.py:188} INFO - [2025-06-25T19:11:53.386-0400] {dag.py:3954} INFO - Setting next_dagrun for example_params_ui_tutorial to None, run_after=None
[2025-06-25T19:11:53.393-0400] {processor.py:183} INFO - Processing /opt/anaconda3/envs/airflow_env/lib/python3.10/site-packages/airflow/example_dags/example_params_ui_tutorial.py took 0.089 seconds
[2025-06-25T19:11:59.589-0400] {processor.py:161} INFO - Started process (PID=45779) to work on /opt/anaconda3/envs/airflow_env/lib/python3.10/site-packages/airflow/example_dags/example_params_ui_tutorial.py
[2025-06-25T19:11:59.589-0400] {processor.py:830} INFO - Processing file /opt/anaconda3/envs/airflow_env/lib/python3.10/site-packages/airflow/example_dags/example_params_ui_tutorial.py for tasks to queue
[2025-06-25T19:11:59.589-0400] {logging_mixin.py:188} INFO - [2025-06-25T19:11:59.589-0400] {dagbag.py:545} INFO - Filling up the DagBag from /opt/anaconda3/envs/airflow_env/lib/python3.10/site-packages/airflow/example_dags/example_params_ui_tutorial.py
[2025-06-25T19:11:59.604-0400] {processor.py:840} INFO - DAG(s) 'example_params_ui_tutorial' retrieved from /opt/anaconda3/envs/airflow_env/lib/python3.10/site-packages/airflow/example_dags/example_params_ui_tutorial.py
[2025-06-25T19:11:59.647-0400] {logging_mixin.py:188} INFO - [2025-06-25T19:11:59.647-0400] {dag.py:3096} INFO - Sync 1 DAGs
[2025-06-25T19:11:59.673-0400] {logging_mixin.py:188} INFO - [2025-06-25T19:11:59.673-0400] {dag.py:3954} INFO - Setting next_dagrun for example_params_ui_tutorial to None, run_after=None
[2025-06-25T19:11:59.680-0400] {processor.py:183} INFO - Processing /opt/anaconda3/envs/airflow_env/lib/python3.10/site-packages/airflow/example_dags/example_params_ui_tutorial.py took 0.093 seconds
[2025-06-25T19:13:28.493-0400] {processor.py:161} INFO - Started process (PID=45965) to work on /opt/anaconda3/envs/airflow_env/lib/python3.10/site-packages/airflow/example_dags/example_params_ui_tutorial.py
[2025-06-25T19:13:28.493-0400] {processor.py:830} INFO - Processing file /opt/anaconda3/envs/airflow_env/lib/python3.10/site-packages/airflow/example_dags/example_params_ui_tutorial.py for tasks to queue
[2025-06-25T19:13:28.494-0400] {logging_mixin.py:188} INFO - [2025-06-25T19:13:28.494-0400] {dagbag.py:545} INFO - Filling up the DagBag from /opt/anaconda3/envs/airflow_env/lib/python3.10/site-packages/airflow/example_dags/example_params_ui_tutorial.py
[2025-06-25T19:13:28.509-0400] {processor.py:840} INFO - DAG(s) 'example_params_ui_tutorial' retrieved from /opt/anaconda3/envs/airflow_env/lib/python3.10/site-packages/airflow/example_dags/example_params_ui_tutorial.py
[2025-06-25T19:13:28.555-0400] {logging_mixin.py:188} INFO - [2025-06-25T19:13:28.555-0400] {dag.py:3096} INFO - Sync 1 DAGs
[2025-06-25T19:13:28.587-0400] {logging_mixin.py:188} INFO - [2025-06-25T19:13:28.587-0400] {dag.py:3954} INFO - Setting next_dagrun for example_params_ui_tutorial to None, run_after=None
[2025-06-25T19:13:28.595-0400] {processor.py:183} INFO - Processing /opt/anaconda3/envs/airflow_env/lib/python3.10/site-packages/airflow/example_dags/example_params_ui_tutorial.py took 0.104 seconds
[2025-06-25T19:13:38.778-0400] {processor.py:161} INFO - Started process (PID=45987) to work on /opt/anaconda3/envs/airflow_env/lib/python3.10/site-packages/airflow/example_dags/example_params_ui_tutorial.py
[2025-06-25T19:13:38.779-0400] {processor.py:830} INFO - Processing file /opt/anaconda3/envs/airflow_env/lib/python3.10/site-packages/airflow/example_dags/example_params_ui_tutorial.py for tasks to queue
[2025-06-25T19:13:38.779-0400] {logging_mixin.py:188} INFO - [2025-06-25T19:13:38.779-0400] {dagbag.py:545} INFO - Filling up the DagBag from /opt/anaconda3/envs/airflow_env/lib/python3.10/site-packages/airflow/example_dags/example_params_ui_tutorial.py
[2025-06-25T19:13:38.793-0400] {processor.py:840} INFO - DAG(s) 'example_params_ui_tutorial' retrieved from /opt/anaconda3/envs/airflow_env/lib/python3.10/site-packages/airflow/example_dags/example_params_ui_tutorial.py
[2025-06-25T19:13:38.834-0400] {logging_mixin.py:188} INFO - [2025-06-25T19:13:38.834-0400] {dag.py:3096} INFO - Sync 1 DAGs
[2025-06-25T19:13:38.856-0400] {logging_mixin.py:188} INFO - [2025-06-25T19:13:38.856-0400] {dag.py:3954} INFO - Setting next_dagrun for example_params_ui_tutorial to None, run_after=None
[2025-06-25T19:13:38.862-0400] {processor.py:183} INFO - Processing /opt/anaconda3/envs/airflow_env/lib/python3.10/site-packages/airflow/example_dags/example_params_ui_tutorial.py took 0.085 seconds
[2025-06-25T19:14:59.639-0400] {processor.py:161} INFO - Started process (PID=46139) to work on /opt/anaconda3/envs/airflow_env/lib/python3.10/site-packages/airflow/example_dags/example_params_ui_tutorial.py
[2025-06-25T19:14:59.640-0400] {processor.py:830} INFO - Processing file /opt/anaconda3/envs/airflow_env/lib/python3.10/site-packages/airflow/example_dags/example_params_ui_tutorial.py for tasks to queue
[2025-06-25T19:14:59.640-0400] {logging_mixin.py:188} INFO - [2025-06-25T19:14:59.640-0400] {dagbag.py:545} INFO - Filling up the DagBag from /opt/anaconda3/envs/airflow_env/lib/python3.10/site-packages/airflow/example_dags/example_params_ui_tutorial.py
[2025-06-25T19:14:59.654-0400] {processor.py:840} INFO - DAG(s) 'example_params_ui_tutorial' retrieved from /opt/anaconda3/envs/airflow_env/lib/python3.10/site-packages/airflow/example_dags/example_params_ui_tutorial.py
[2025-06-25T19:14:59.696-0400] {logging_mixin.py:188} INFO - [2025-06-25T19:14:59.696-0400] {dag.py:3096} INFO - Sync 1 DAGs
[2025-06-25T19:14:59.721-0400] {logging_mixin.py:188} INFO - [2025-06-25T19:14:59.721-0400] {dag.py:3954} INFO - Setting next_dagrun for example_params_ui_tutorial to None, run_after=None
[2025-06-25T19:14:59.728-0400] {processor.py:183} INFO - Processing /opt/anaconda3/envs/airflow_env/lib/python3.10/site-packages/airflow/example_dags/example_params_ui_tutorial.py took 0.090 seconds
[2025-06-25T19:15:13.692-0400] {processor.py:161} INFO - Started process (PID=46160) to work on /opt/anaconda3/envs/airflow_env/lib/python3.10/site-packages/airflow/example_dags/example_params_ui_tutorial.py
[2025-06-25T19:15:13.693-0400] {processor.py:830} INFO - Processing file /opt/anaconda3/envs/airflow_env/lib/python3.10/site-packages/airflow/example_dags/example_params_ui_tutorial.py for tasks to queue
[2025-06-25T19:15:13.693-0400] {logging_mixin.py:188} INFO - [2025-06-25T19:15:13.693-0400] {dagbag.py:545} INFO - Filling up the DagBag from /opt/anaconda3/envs/airflow_env/lib/python3.10/site-packages/airflow/example_dags/example_params_ui_tutorial.py
[2025-06-25T19:15:13.707-0400] {processor.py:840} INFO - DAG(s) 'example_params_ui_tutorial' retrieved from /opt/anaconda3/envs/airflow_env/lib/python3.10/site-packages/airflow/example_dags/example_params_ui_tutorial.py
[2025-06-25T19:15:13.749-0400] {logging_mixin.py:188} INFO - [2025-06-25T19:15:13.748-0400] {dag.py:3096} INFO - Sync 1 DAGs
[2025-06-25T19:15:13.770-0400] {logging_mixin.py:188} INFO - [2025-06-25T19:15:13.770-0400] {dag.py:3954} INFO - Setting next_dagrun for example_params_ui_tutorial to None, run_after=None
[2025-06-25T19:15:13.777-0400] {processor.py:183} INFO - Processing /opt/anaconda3/envs/airflow_env/lib/python3.10/site-packages/airflow/example_dags/example_params_ui_tutorial.py took 0.086 seconds
[2025-06-25T19:16:30.260-0400] {processor.py:161} INFO - Started process (PID=46310) to work on /opt/anaconda3/envs/airflow_env/lib/python3.10/site-packages/airflow/example_dags/example_params_ui_tutorial.py
[2025-06-25T19:16:30.260-0400] {processor.py:830} INFO - Processing file /opt/anaconda3/envs/airflow_env/lib/python3.10/site-packages/airflow/example_dags/example_params_ui_tutorial.py for tasks to queue
[2025-06-25T19:16:30.260-0400] {logging_mixin.py:188} INFO - [2025-06-25T19:16:30.260-0400] {dagbag.py:545} INFO - Filling up the DagBag from /opt/anaconda3/envs/airflow_env/lib/python3.10/site-packages/airflow/example_dags/example_params_ui_tutorial.py
[2025-06-25T19:16:30.277-0400] {processor.py:840} INFO - DAG(s) 'example_params_ui_tutorial' retrieved from /opt/anaconda3/envs/airflow_env/lib/python3.10/site-packages/airflow/example_dags/example_params_ui_tutorial.py
[2025-06-25T19:16:30.326-0400] {logging_mixin.py:188} INFO - [2025-06-25T19:16:30.326-0400] {dag.py:3096} INFO - Sync 1 DAGs
[2025-06-25T19:16:30.356-0400] {logging_mixin.py:188} INFO - [2025-06-25T19:16:30.356-0400] {dag.py:3954} INFO - Setting next_dagrun for example_params_ui_tutorial to None, run_after=None
[2025-06-25T19:16:30.365-0400] {processor.py:183} INFO - Processing /opt/anaconda3/envs/airflow_env/lib/python3.10/site-packages/airflow/example_dags/example_params_ui_tutorial.py took 0.107 seconds
[2025-06-25T19:16:49.373-0400] {processor.py:161} INFO - Started process (PID=46355) to work on /opt/anaconda3/envs/airflow_env/lib/python3.10/site-packages/airflow/example_dags/example_params_ui_tutorial.py
[2025-06-25T19:16:49.373-0400] {processor.py:830} INFO - Processing file /opt/anaconda3/envs/airflow_env/lib/python3.10/site-packages/airflow/example_dags/example_params_ui_tutorial.py for tasks to queue
[2025-06-25T19:16:49.373-0400] {logging_mixin.py:188} INFO - [2025-06-25T19:16:49.373-0400] {dagbag.py:545} INFO - Filling up the DagBag from /opt/anaconda3/envs/airflow_env/lib/python3.10/site-packages/airflow/example_dags/example_params_ui_tutorial.py
[2025-06-25T19:16:49.388-0400] {processor.py:840} INFO - DAG(s) 'example_params_ui_tutorial' retrieved from /opt/anaconda3/envs/airflow_env/lib/python3.10/site-packages/airflow/example_dags/example_params_ui_tutorial.py
[2025-06-25T19:16:49.432-0400] {logging_mixin.py:188} INFO - [2025-06-25T19:16:49.432-0400] {dag.py:3096} INFO - Sync 1 DAGs
[2025-06-25T19:16:49.463-0400] {logging_mixin.py:188} INFO - [2025-06-25T19:16:49.463-0400] {dag.py:3954} INFO - Setting next_dagrun for example_params_ui_tutorial to None, run_after=None
[2025-06-25T19:16:49.471-0400] {processor.py:183} INFO - Processing /opt/anaconda3/envs/airflow_env/lib/python3.10/site-packages/airflow/example_dags/example_params_ui_tutorial.py took 0.100 seconds
[2025-06-25T19:18:05.471-0400] {processor.py:161} INFO - Started process (PID=46520) to work on /opt/anaconda3/envs/airflow_env/lib/python3.10/site-packages/airflow/example_dags/example_params_ui_tutorial.py
[2025-06-25T19:18:05.472-0400] {processor.py:830} INFO - Processing file /opt/anaconda3/envs/airflow_env/lib/python3.10/site-packages/airflow/example_dags/example_params_ui_tutorial.py for tasks to queue
[2025-06-25T19:18:05.472-0400] {logging_mixin.py:188} INFO - [2025-06-25T19:18:05.472-0400] {dagbag.py:545} INFO - Filling up the DagBag from /opt/anaconda3/envs/airflow_env/lib/python3.10/site-packages/airflow/example_dags/example_params_ui_tutorial.py
[2025-06-25T19:18:05.486-0400] {processor.py:840} INFO - DAG(s) 'example_params_ui_tutorial' retrieved from /opt/anaconda3/envs/airflow_env/lib/python3.10/site-packages/airflow/example_dags/example_params_ui_tutorial.py
[2025-06-25T19:18:05.529-0400] {logging_mixin.py:188} INFO - [2025-06-25T19:18:05.528-0400] {dag.py:3096} INFO - Sync 1 DAGs
[2025-06-25T19:18:05.550-0400] {logging_mixin.py:188} INFO - [2025-06-25T19:18:05.550-0400] {dag.py:3954} INFO - Setting next_dagrun for example_params_ui_tutorial to None, run_after=None
[2025-06-25T19:18:05.557-0400] {processor.py:183} INFO - Processing /opt/anaconda3/envs/airflow_env/lib/python3.10/site-packages/airflow/example_dags/example_params_ui_tutorial.py took 0.087 seconds
[2025-06-25T19:18:25.717-0400] {processor.py:161} INFO - Started process (PID=46561) to work on /opt/anaconda3/envs/airflow_env/lib/python3.10/site-packages/airflow/example_dags/example_params_ui_tutorial.py
[2025-06-25T19:18:25.717-0400] {processor.py:830} INFO - Processing file /opt/anaconda3/envs/airflow_env/lib/python3.10/site-packages/airflow/example_dags/example_params_ui_tutorial.py for tasks to queue
[2025-06-25T19:18:25.718-0400] {logging_mixin.py:188} INFO - [2025-06-25T19:18:25.717-0400] {dagbag.py:545} INFO - Filling up the DagBag from /opt/anaconda3/envs/airflow_env/lib/python3.10/site-packages/airflow/example_dags/example_params_ui_tutorial.py
[2025-06-25T19:18:25.732-0400] {processor.py:840} INFO - DAG(s) 'example_params_ui_tutorial' retrieved from /opt/anaconda3/envs/airflow_env/lib/python3.10/site-packages/airflow/example_dags/example_params_ui_tutorial.py
[2025-06-25T19:18:25.777-0400] {logging_mixin.py:188} INFO - [2025-06-25T19:18:25.777-0400] {dag.py:3096} INFO - Sync 1 DAGs
[2025-06-25T19:18:25.802-0400] {logging_mixin.py:188} INFO - [2025-06-25T19:18:25.802-0400] {dag.py:3954} INFO - Setting next_dagrun for example_params_ui_tutorial to None, run_after=None
[2025-06-25T19:18:25.809-0400] {processor.py:183} INFO - Processing /opt/anaconda3/envs/airflow_env/lib/python3.10/site-packages/airflow/example_dags/example_params_ui_tutorial.py took 0.094 seconds
[2025-06-25T19:19:45.190-0400] {processor.py:161} INFO - Started process (PID=46749) to work on /opt/anaconda3/envs/airflow_env/lib/python3.10/site-packages/airflow/example_dags/example_params_ui_tutorial.py
[2025-06-25T19:19:45.191-0400] {processor.py:830} INFO - Processing file /opt/anaconda3/envs/airflow_env/lib/python3.10/site-packages/airflow/example_dags/example_params_ui_tutorial.py for tasks to queue
[2025-06-25T19:19:45.191-0400] {logging_mixin.py:188} INFO - [2025-06-25T19:19:45.191-0400] {dagbag.py:545} INFO - Filling up the DagBag from /opt/anaconda3/envs/airflow_env/lib/python3.10/site-packages/airflow/example_dags/example_params_ui_tutorial.py
[2025-06-25T19:19:45.206-0400] {processor.py:840} INFO - DAG(s) 'example_params_ui_tutorial' retrieved from /opt/anaconda3/envs/airflow_env/lib/python3.10/site-packages/airflow/example_dags/example_params_ui_tutorial.py
[2025-06-25T19:19:45.249-0400] {logging_mixin.py:188} INFO - [2025-06-25T19:19:45.249-0400] {dag.py:3096} INFO - Sync 1 DAGs
[2025-06-25T19:19:45.272-0400] {logging_mixin.py:188} INFO - [2025-06-25T19:19:45.272-0400] {dag.py:3954} INFO - Setting next_dagrun for example_params_ui_tutorial to None, run_after=None
[2025-06-25T19:19:45.279-0400] {processor.py:183} INFO - Processing /opt/anaconda3/envs/airflow_env/lib/python3.10/site-packages/airflow/example_dags/example_params_ui_tutorial.py took 0.090 seconds
[2025-06-25T19:20:08.787-0400] {processor.py:161} INFO - Started process (PID=46798) to work on /opt/anaconda3/envs/airflow_env/lib/python3.10/site-packages/airflow/example_dags/example_params_ui_tutorial.py
[2025-06-25T19:20:08.787-0400] {processor.py:830} INFO - Processing file /opt/anaconda3/envs/airflow_env/lib/python3.10/site-packages/airflow/example_dags/example_params_ui_tutorial.py for tasks to queue
[2025-06-25T19:20:08.787-0400] {logging_mixin.py:188} INFO - [2025-06-25T19:20:08.787-0400] {dagbag.py:545} INFO - Filling up the DagBag from /opt/anaconda3/envs/airflow_env/lib/python3.10/site-packages/airflow/example_dags/example_params_ui_tutorial.py
[2025-06-25T19:20:08.803-0400] {processor.py:840} INFO - DAG(s) 'example_params_ui_tutorial' retrieved from /opt/anaconda3/envs/airflow_env/lib/python3.10/site-packages/airflow/example_dags/example_params_ui_tutorial.py
[2025-06-25T19:20:08.846-0400] {logging_mixin.py:188} INFO - [2025-06-25T19:20:08.846-0400] {dag.py:3096} INFO - Sync 1 DAGs
[2025-06-25T19:20:08.871-0400] {logging_mixin.py:188} INFO - [2025-06-25T19:20:08.870-0400] {dag.py:3954} INFO - Setting next_dagrun for example_params_ui_tutorial to None, run_after=None
[2025-06-25T19:20:08.878-0400] {processor.py:183} INFO - Processing /opt/anaconda3/envs/airflow_env/lib/python3.10/site-packages/airflow/example_dags/example_params_ui_tutorial.py took 0.094 seconds
[2025-06-25T19:21:25.402-0400] {processor.py:161} INFO - Started process (PID=46964) to work on /opt/anaconda3/envs/airflow_env/lib/python3.10/site-packages/airflow/example_dags/example_params_ui_tutorial.py
[2025-06-25T19:21:25.402-0400] {processor.py:830} INFO - Processing file /opt/anaconda3/envs/airflow_env/lib/python3.10/site-packages/airflow/example_dags/example_params_ui_tutorial.py for tasks to queue
[2025-06-25T19:21:25.402-0400] {logging_mixin.py:188} INFO - [2025-06-25T19:21:25.402-0400] {dagbag.py:545} INFO - Filling up the DagBag from /opt/anaconda3/envs/airflow_env/lib/python3.10/site-packages/airflow/example_dags/example_params_ui_tutorial.py
[2025-06-25T19:21:25.416-0400] {processor.py:840} INFO - DAG(s) 'example_params_ui_tutorial' retrieved from /opt/anaconda3/envs/airflow_env/lib/python3.10/site-packages/airflow/example_dags/example_params_ui_tutorial.py
[2025-06-25T19:21:25.458-0400] {logging_mixin.py:188} INFO - [2025-06-25T19:21:25.458-0400] {dag.py:3096} INFO - Sync 1 DAGs
[2025-06-25T19:21:25.480-0400] {logging_mixin.py:188} INFO - [2025-06-25T19:21:25.480-0400] {dag.py:3954} INFO - Setting next_dagrun for example_params_ui_tutorial to None, run_after=None
[2025-06-25T19:21:25.487-0400] {processor.py:183} INFO - Processing /opt/anaconda3/envs/airflow_env/lib/python3.10/site-packages/airflow/example_dags/example_params_ui_tutorial.py took 0.087 seconds
[2025-06-25T19:21:45.362-0400] {processor.py:161} INFO - Started process (PID=47005) to work on /opt/anaconda3/envs/airflow_env/lib/python3.10/site-packages/airflow/example_dags/example_params_ui_tutorial.py
[2025-06-25T19:21:45.362-0400] {processor.py:830} INFO - Processing file /opt/anaconda3/envs/airflow_env/lib/python3.10/site-packages/airflow/example_dags/example_params_ui_tutorial.py for tasks to queue
[2025-06-25T19:21:45.363-0400] {logging_mixin.py:188} INFO - [2025-06-25T19:21:45.363-0400] {dagbag.py:545} INFO - Filling up the DagBag from /opt/anaconda3/envs/airflow_env/lib/python3.10/site-packages/airflow/example_dags/example_params_ui_tutorial.py
[2025-06-25T19:21:45.376-0400] {processor.py:840} INFO - DAG(s) 'example_params_ui_tutorial' retrieved from /opt/anaconda3/envs/airflow_env/lib/python3.10/site-packages/airflow/example_dags/example_params_ui_tutorial.py
[2025-06-25T19:21:45.417-0400] {logging_mixin.py:188} INFO - [2025-06-25T19:21:45.417-0400] {dag.py:3096} INFO - Sync 1 DAGs
[2025-06-25T19:21:45.439-0400] {logging_mixin.py:188} INFO - [2025-06-25T19:21:45.439-0400] {dag.py:3954} INFO - Setting next_dagrun for example_params_ui_tutorial to None, run_after=None
[2025-06-25T19:21:45.446-0400] {processor.py:183} INFO - Processing /opt/anaconda3/envs/airflow_env/lib/python3.10/site-packages/airflow/example_dags/example_params_ui_tutorial.py took 0.086 seconds
[2025-06-25T19:22:58.074-0400] {processor.py:161} INFO - Started process (PID=47175) to work on /opt/anaconda3/envs/airflow_env/lib/python3.10/site-packages/airflow/example_dags/example_params_ui_tutorial.py
[2025-06-25T19:22:58.075-0400] {processor.py:830} INFO - Processing file /opt/anaconda3/envs/airflow_env/lib/python3.10/site-packages/airflow/example_dags/example_params_ui_tutorial.py for tasks to queue
[2025-06-25T19:22:58.075-0400] {logging_mixin.py:188} INFO - [2025-06-25T19:22:58.075-0400] {dagbag.py:545} INFO - Filling up the DagBag from /opt/anaconda3/envs/airflow_env/lib/python3.10/site-packages/airflow/example_dags/example_params_ui_tutorial.py
[2025-06-25T19:22:58.091-0400] {processor.py:840} INFO - DAG(s) 'example_params_ui_tutorial' retrieved from /opt/anaconda3/envs/airflow_env/lib/python3.10/site-packages/airflow/example_dags/example_params_ui_tutorial.py
[2025-06-25T19:22:58.134-0400] {logging_mixin.py:188} INFO - [2025-06-25T19:22:58.133-0400] {dag.py:3096} INFO - Sync 1 DAGs
[2025-06-25T19:22:58.158-0400] {logging_mixin.py:188} INFO - [2025-06-25T19:22:58.158-0400] {dag.py:3954} INFO - Setting next_dagrun for example_params_ui_tutorial to None, run_after=None
[2025-06-25T19:22:58.165-0400] {processor.py:183} INFO - Processing /opt/anaconda3/envs/airflow_env/lib/python3.10/site-packages/airflow/example_dags/example_params_ui_tutorial.py took 0.093 seconds
[2025-06-25T19:23:19.784-0400] {processor.py:161} INFO - Started process (PID=47217) to work on /opt/anaconda3/envs/airflow_env/lib/python3.10/site-packages/airflow/example_dags/example_params_ui_tutorial.py
[2025-06-25T19:23:19.784-0400] {processor.py:830} INFO - Processing file /opt/anaconda3/envs/airflow_env/lib/python3.10/site-packages/airflow/example_dags/example_params_ui_tutorial.py for tasks to queue
[2025-06-25T19:23:19.784-0400] {logging_mixin.py:188} INFO - [2025-06-25T19:23:19.784-0400] {dagbag.py:545} INFO - Filling up the DagBag from /opt/anaconda3/envs/airflow_env/lib/python3.10/site-packages/airflow/example_dags/example_params_ui_tutorial.py
[2025-06-25T19:23:19.799-0400] {processor.py:840} INFO - DAG(s) 'example_params_ui_tutorial' retrieved from /opt/anaconda3/envs/airflow_env/lib/python3.10/site-packages/airflow/example_dags/example_params_ui_tutorial.py
[2025-06-25T19:23:19.844-0400] {logging_mixin.py:188} INFO - [2025-06-25T19:23:19.844-0400] {dag.py:3096} INFO - Sync 1 DAGs
[2025-06-25T19:23:19.869-0400] {logging_mixin.py:188} INFO - [2025-06-25T19:23:19.869-0400] {dag.py:3954} INFO - Setting next_dagrun for example_params_ui_tutorial to None, run_after=None
[2025-06-25T19:23:19.876-0400] {processor.py:183} INFO - Processing /opt/anaconda3/envs/airflow_env/lib/python3.10/site-packages/airflow/example_dags/example_params_ui_tutorial.py took 0.094 seconds
[2025-06-25T19:24:31.179-0400] {processor.py:161} INFO - Started process (PID=47366) to work on /opt/anaconda3/envs/airflow_env/lib/python3.10/site-packages/airflow/example_dags/example_params_ui_tutorial.py
[2025-06-25T19:24:31.180-0400] {processor.py:830} INFO - Processing file /opt/anaconda3/envs/airflow_env/lib/python3.10/site-packages/airflow/example_dags/example_params_ui_tutorial.py for tasks to queue
[2025-06-25T19:24:31.180-0400] {logging_mixin.py:188} INFO - [2025-06-25T19:24:31.180-0400] {dagbag.py:545} INFO - Filling up the DagBag from /opt/anaconda3/envs/airflow_env/lib/python3.10/site-packages/airflow/example_dags/example_params_ui_tutorial.py
[2025-06-25T19:24:31.197-0400] {processor.py:840} INFO - DAG(s) 'example_params_ui_tutorial' retrieved from /opt/anaconda3/envs/airflow_env/lib/python3.10/site-packages/airflow/example_dags/example_params_ui_tutorial.py
[2025-06-25T19:24:31.246-0400] {logging_mixin.py:188} INFO - [2025-06-25T19:24:31.246-0400] {dag.py:3096} INFO - Sync 1 DAGs
[2025-06-25T19:24:31.278-0400] {logging_mixin.py:188} INFO - [2025-06-25T19:24:31.278-0400] {dag.py:3954} INFO - Setting next_dagrun for example_params_ui_tutorial to None, run_after=None
[2025-06-25T19:24:31.286-0400] {processor.py:183} INFO - Processing /opt/anaconda3/envs/airflow_env/lib/python3.10/site-packages/airflow/example_dags/example_params_ui_tutorial.py took 0.109 seconds
[2025-06-25T19:24:58.103-0400] {processor.py:161} INFO - Started process (PID=47407) to work on /opt/anaconda3/envs/airflow_env/lib/python3.10/site-packages/airflow/example_dags/example_params_ui_tutorial.py
[2025-06-25T19:24:58.104-0400] {processor.py:830} INFO - Processing file /opt/anaconda3/envs/airflow_env/lib/python3.10/site-packages/airflow/example_dags/example_params_ui_tutorial.py for tasks to queue
[2025-06-25T19:24:58.105-0400] {logging_mixin.py:188} INFO - [2025-06-25T19:24:58.104-0400] {dagbag.py:545} INFO - Filling up the DagBag from /opt/anaconda3/envs/airflow_env/lib/python3.10/site-packages/airflow/example_dags/example_params_ui_tutorial.py
[2025-06-25T19:24:58.119-0400] {processor.py:840} INFO - DAG(s) 'example_params_ui_tutorial' retrieved from /opt/anaconda3/envs/airflow_env/lib/python3.10/site-packages/airflow/example_dags/example_params_ui_tutorial.py
[2025-06-25T19:24:58.161-0400] {logging_mixin.py:188} INFO - [2025-06-25T19:24:58.161-0400] {dag.py:3096} INFO - Sync 1 DAGs
[2025-06-25T19:24:58.184-0400] {logging_mixin.py:188} INFO - [2025-06-25T19:24:58.183-0400] {dag.py:3954} INFO - Setting next_dagrun for example_params_ui_tutorial to None, run_after=None
[2025-06-25T19:24:58.190-0400] {processor.py:183} INFO - Processing /opt/anaconda3/envs/airflow_env/lib/python3.10/site-packages/airflow/example_dags/example_params_ui_tutorial.py took 0.089 seconds
[2025-06-25T19:26:12.685-0400] {processor.py:161} INFO - Started process (PID=47528) to work on /opt/anaconda3/envs/airflow_env/lib/python3.10/site-packages/airflow/example_dags/example_params_ui_tutorial.py
[2025-06-25T19:26:12.686-0400] {processor.py:830} INFO - Processing file /opt/anaconda3/envs/airflow_env/lib/python3.10/site-packages/airflow/example_dags/example_params_ui_tutorial.py for tasks to queue
[2025-06-25T19:26:12.686-0400] {logging_mixin.py:188} INFO - [2025-06-25T19:26:12.686-0400] {dagbag.py:545} INFO - Filling up the DagBag from /opt/anaconda3/envs/airflow_env/lib/python3.10/site-packages/airflow/example_dags/example_params_ui_tutorial.py
[2025-06-25T19:26:12.701-0400] {processor.py:840} INFO - DAG(s) 'example_params_ui_tutorial' retrieved from /opt/anaconda3/envs/airflow_env/lib/python3.10/site-packages/airflow/example_dags/example_params_ui_tutorial.py
[2025-06-25T19:26:12.746-0400] {logging_mixin.py:188} INFO - [2025-06-25T19:26:12.746-0400] {dag.py:3096} INFO - Sync 1 DAGs
[2025-06-25T19:26:12.770-0400] {logging_mixin.py:188} INFO - [2025-06-25T19:26:12.770-0400] {dag.py:3954} INFO - Setting next_dagrun for example_params_ui_tutorial to None, run_after=None
[2025-06-25T19:26:12.777-0400] {processor.py:183} INFO - Processing /opt/anaconda3/envs/airflow_env/lib/python3.10/site-packages/airflow/example_dags/example_params_ui_tutorial.py took 0.093 seconds
[2025-06-25T19:26:35.987-0400] {processor.py:161} INFO - Started process (PID=47564) to work on /opt/anaconda3/envs/airflow_env/lib/python3.10/site-packages/airflow/example_dags/example_params_ui_tutorial.py
[2025-06-25T19:26:35.988-0400] {processor.py:830} INFO - Processing file /opt/anaconda3/envs/airflow_env/lib/python3.10/site-packages/airflow/example_dags/example_params_ui_tutorial.py for tasks to queue
[2025-06-25T19:26:35.988-0400] {logging_mixin.py:188} INFO - [2025-06-25T19:26:35.988-0400] {dagbag.py:545} INFO - Filling up the DagBag from /opt/anaconda3/envs/airflow_env/lib/python3.10/site-packages/airflow/example_dags/example_params_ui_tutorial.py
[2025-06-25T19:26:36.002-0400] {processor.py:840} INFO - DAG(s) 'example_params_ui_tutorial' retrieved from /opt/anaconda3/envs/airflow_env/lib/python3.10/site-packages/airflow/example_dags/example_params_ui_tutorial.py
[2025-06-25T19:26:36.046-0400] {logging_mixin.py:188} INFO - [2025-06-25T19:26:36.046-0400] {dag.py:3096} INFO - Sync 1 DAGs
[2025-06-25T19:26:36.072-0400] {logging_mixin.py:188} INFO - [2025-06-25T19:26:36.072-0400] {dag.py:3954} INFO - Setting next_dagrun for example_params_ui_tutorial to None, run_after=None
[2025-06-25T19:26:36.079-0400] {processor.py:183} INFO - Processing /opt/anaconda3/envs/airflow_env/lib/python3.10/site-packages/airflow/example_dags/example_params_ui_tutorial.py took 0.094 seconds
[2025-06-25T19:28:22.742-0400] {processor.py:161} INFO - Started process (PID=47804) to work on /opt/anaconda3/envs/airflow_env/lib/python3.10/site-packages/airflow/example_dags/example_params_ui_tutorial.py
[2025-06-25T19:28:22.743-0400] {processor.py:830} INFO - Processing file /opt/anaconda3/envs/airflow_env/lib/python3.10/site-packages/airflow/example_dags/example_params_ui_tutorial.py for tasks to queue
[2025-06-25T19:28:22.743-0400] {logging_mixin.py:188} INFO - [2025-06-25T19:28:22.743-0400] {dagbag.py:545} INFO - Filling up the DagBag from /opt/anaconda3/envs/airflow_env/lib/python3.10/site-packages/airflow/example_dags/example_params_ui_tutorial.py
[2025-06-25T19:28:22.760-0400] {processor.py:840} INFO - DAG(s) 'example_params_ui_tutorial' retrieved from /opt/anaconda3/envs/airflow_env/lib/python3.10/site-packages/airflow/example_dags/example_params_ui_tutorial.py
[2025-06-25T19:28:22.810-0400] {logging_mixin.py:188} INFO - [2025-06-25T19:28:22.810-0400] {dag.py:3096} INFO - Sync 1 DAGs
[2025-06-25T19:28:22.838-0400] {logging_mixin.py:188} INFO - [2025-06-25T19:28:22.838-0400] {dag.py:3954} INFO - Setting next_dagrun for example_params_ui_tutorial to None, run_after=None
[2025-06-25T19:28:22.845-0400] {processor.py:183} INFO - Processing /opt/anaconda3/envs/airflow_env/lib/python3.10/site-packages/airflow/example_dags/example_params_ui_tutorial.py took 0.105 seconds
[2025-06-25T19:28:45.770-0400] {processor.py:161} INFO - Started process (PID=47847) to work on /opt/anaconda3/envs/airflow_env/lib/python3.10/site-packages/airflow/example_dags/example_params_ui_tutorial.py
[2025-06-25T19:28:45.770-0400] {processor.py:830} INFO - Processing file /opt/anaconda3/envs/airflow_env/lib/python3.10/site-packages/airflow/example_dags/example_params_ui_tutorial.py for tasks to queue
[2025-06-25T19:28:45.770-0400] {logging_mixin.py:188} INFO - [2025-06-25T19:28:45.770-0400] {dagbag.py:545} INFO - Filling up the DagBag from /opt/anaconda3/envs/airflow_env/lib/python3.10/site-packages/airflow/example_dags/example_params_ui_tutorial.py
[2025-06-25T19:28:45.785-0400] {processor.py:840} INFO - DAG(s) 'example_params_ui_tutorial' retrieved from /opt/anaconda3/envs/airflow_env/lib/python3.10/site-packages/airflow/example_dags/example_params_ui_tutorial.py
[2025-06-25T19:28:45.828-0400] {logging_mixin.py:188} INFO - [2025-06-25T19:28:45.828-0400] {dag.py:3096} INFO - Sync 1 DAGs
[2025-06-25T19:28:45.852-0400] {logging_mixin.py:188} INFO - [2025-06-25T19:28:45.852-0400] {dag.py:3954} INFO - Setting next_dagrun for example_params_ui_tutorial to None, run_after=None
[2025-06-25T19:28:45.859-0400] {processor.py:183} INFO - Processing /opt/anaconda3/envs/airflow_env/lib/python3.10/site-packages/airflow/example_dags/example_params_ui_tutorial.py took 0.091 seconds
[2025-06-25T19:30:04.773-0400] {processor.py:161} INFO - Started process (PID=47988) to work on /opt/anaconda3/envs/airflow_env/lib/python3.10/site-packages/airflow/example_dags/example_params_ui_tutorial.py
[2025-06-25T19:30:04.774-0400] {processor.py:830} INFO - Processing file /opt/anaconda3/envs/airflow_env/lib/python3.10/site-packages/airflow/example_dags/example_params_ui_tutorial.py for tasks to queue
[2025-06-25T19:30:04.774-0400] {logging_mixin.py:188} INFO - [2025-06-25T19:30:04.774-0400] {dagbag.py:545} INFO - Filling up the DagBag from /opt/anaconda3/envs/airflow_env/lib/python3.10/site-packages/airflow/example_dags/example_params_ui_tutorial.py
[2025-06-25T19:30:04.788-0400] {processor.py:840} INFO - DAG(s) 'example_params_ui_tutorial' retrieved from /opt/anaconda3/envs/airflow_env/lib/python3.10/site-packages/airflow/example_dags/example_params_ui_tutorial.py
[2025-06-25T19:30:04.830-0400] {logging_mixin.py:188} INFO - [2025-06-25T19:30:04.830-0400] {dag.py:3096} INFO - Sync 1 DAGs
[2025-06-25T19:30:04.852-0400] {logging_mixin.py:188} INFO - [2025-06-25T19:30:04.852-0400] {dag.py:3954} INFO - Setting next_dagrun for example_params_ui_tutorial to None, run_after=None
[2025-06-25T19:30:04.858-0400] {processor.py:183} INFO - Processing /opt/anaconda3/envs/airflow_env/lib/python3.10/site-packages/airflow/example_dags/example_params_ui_tutorial.py took 0.086 seconds
[2025-06-25T19:30:21.380-0400] {processor.py:161} INFO - Started process (PID=48012) to work on /opt/anaconda3/envs/airflow_env/lib/python3.10/site-packages/airflow/example_dags/example_params_ui_tutorial.py
[2025-06-25T19:30:21.380-0400] {processor.py:830} INFO - Processing file /opt/anaconda3/envs/airflow_env/lib/python3.10/site-packages/airflow/example_dags/example_params_ui_tutorial.py for tasks to queue
[2025-06-25T19:30:21.381-0400] {logging_mixin.py:188} INFO - [2025-06-25T19:30:21.381-0400] {dagbag.py:545} INFO - Filling up the DagBag from /opt/anaconda3/envs/airflow_env/lib/python3.10/site-packages/airflow/example_dags/example_params_ui_tutorial.py
[2025-06-25T19:30:21.396-0400] {processor.py:840} INFO - DAG(s) 'example_params_ui_tutorial' retrieved from /opt/anaconda3/envs/airflow_env/lib/python3.10/site-packages/airflow/example_dags/example_params_ui_tutorial.py
[2025-06-25T19:30:21.441-0400] {logging_mixin.py:188} INFO - [2025-06-25T19:30:21.441-0400] {dag.py:3096} INFO - Sync 1 DAGs
[2025-06-25T19:30:21.466-0400] {logging_mixin.py:188} INFO - [2025-06-25T19:30:21.466-0400] {dag.py:3954} INFO - Setting next_dagrun for example_params_ui_tutorial to None, run_after=None
[2025-06-25T19:30:21.473-0400] {processor.py:183} INFO - Processing /opt/anaconda3/envs/airflow_env/lib/python3.10/site-packages/airflow/example_dags/example_params_ui_tutorial.py took 0.095 seconds
[2025-06-25T19:31:35.810-0400] {processor.py:161} INFO - Started process (PID=48123) to work on /opt/anaconda3/envs/airflow_env/lib/python3.10/site-packages/airflow/example_dags/example_params_ui_tutorial.py
[2025-06-25T19:31:35.810-0400] {processor.py:830} INFO - Processing file /opt/anaconda3/envs/airflow_env/lib/python3.10/site-packages/airflow/example_dags/example_params_ui_tutorial.py for tasks to queue
[2025-06-25T19:31:35.811-0400] {logging_mixin.py:188} INFO - [2025-06-25T19:31:35.810-0400] {dagbag.py:545} INFO - Filling up the DagBag from /opt/anaconda3/envs/airflow_env/lib/python3.10/site-packages/airflow/example_dags/example_params_ui_tutorial.py
[2025-06-25T19:31:35.827-0400] {processor.py:840} INFO - DAG(s) 'example_params_ui_tutorial' retrieved from /opt/anaconda3/envs/airflow_env/lib/python3.10/site-packages/airflow/example_dags/example_params_ui_tutorial.py
[2025-06-25T19:31:35.871-0400] {logging_mixin.py:188} INFO - [2025-06-25T19:31:35.870-0400] {dag.py:3096} INFO - Sync 1 DAGs
[2025-06-25T19:31:35.895-0400] {logging_mixin.py:188} INFO - [2025-06-25T19:31:35.895-0400] {dag.py:3954} INFO - Setting next_dagrun for example_params_ui_tutorial to None, run_after=None
[2025-06-25T19:31:35.902-0400] {processor.py:183} INFO - Processing /opt/anaconda3/envs/airflow_env/lib/python3.10/site-packages/airflow/example_dags/example_params_ui_tutorial.py took 0.093 seconds
[2025-06-25T19:31:59.013-0400] {processor.py:161} INFO - Started process (PID=48153) to work on /opt/anaconda3/envs/airflow_env/lib/python3.10/site-packages/airflow/example_dags/example_params_ui_tutorial.py
[2025-06-25T19:31:59.013-0400] {processor.py:830} INFO - Processing file /opt/anaconda3/envs/airflow_env/lib/python3.10/site-packages/airflow/example_dags/example_params_ui_tutorial.py for tasks to queue
[2025-06-25T19:31:59.014-0400] {logging_mixin.py:188} INFO - [2025-06-25T19:31:59.013-0400] {dagbag.py:545} INFO - Filling up the DagBag from /opt/anaconda3/envs/airflow_env/lib/python3.10/site-packages/airflow/example_dags/example_params_ui_tutorial.py
[2025-06-25T19:31:59.030-0400] {processor.py:840} INFO - DAG(s) 'example_params_ui_tutorial' retrieved from /opt/anaconda3/envs/airflow_env/lib/python3.10/site-packages/airflow/example_dags/example_params_ui_tutorial.py
[2025-06-25T19:31:59.075-0400] {logging_mixin.py:188} INFO - [2025-06-25T19:31:59.075-0400] {dag.py:3096} INFO - Sync 1 DAGs
[2025-06-25T19:31:59.101-0400] {logging_mixin.py:188} INFO - [2025-06-25T19:31:59.100-0400] {dag.py:3954} INFO - Setting next_dagrun for example_params_ui_tutorial to None, run_after=None
[2025-06-25T19:31:59.107-0400] {processor.py:183} INFO - Processing /opt/anaconda3/envs/airflow_env/lib/python3.10/site-packages/airflow/example_dags/example_params_ui_tutorial.py took 0.096 seconds
[2025-06-25T19:33:13.493-0400] {processor.py:161} INFO - Started process (PID=48308) to work on /opt/anaconda3/envs/airflow_env/lib/python3.10/site-packages/airflow/example_dags/example_params_ui_tutorial.py
[2025-06-25T19:33:13.494-0400] {processor.py:830} INFO - Processing file /opt/anaconda3/envs/airflow_env/lib/python3.10/site-packages/airflow/example_dags/example_params_ui_tutorial.py for tasks to queue
[2025-06-25T19:33:13.494-0400] {logging_mixin.py:188} INFO - [2025-06-25T19:33:13.494-0400] {dagbag.py:545} INFO - Filling up the DagBag from /opt/anaconda3/envs/airflow_env/lib/python3.10/site-packages/airflow/example_dags/example_params_ui_tutorial.py
[2025-06-25T19:33:13.509-0400] {processor.py:840} INFO - DAG(s) 'example_params_ui_tutorial' retrieved from /opt/anaconda3/envs/airflow_env/lib/python3.10/site-packages/airflow/example_dags/example_params_ui_tutorial.py
[2025-06-25T19:33:13.551-0400] {logging_mixin.py:188} INFO - [2025-06-25T19:33:13.551-0400] {dag.py:3096} INFO - Sync 1 DAGs
[2025-06-25T19:33:13.573-0400] {logging_mixin.py:188} INFO - [2025-06-25T19:33:13.573-0400] {dag.py:3954} INFO - Setting next_dagrun for example_params_ui_tutorial to None, run_after=None
[2025-06-25T19:33:13.580-0400] {processor.py:183} INFO - Processing /opt/anaconda3/envs/airflow_env/lib/python3.10/site-packages/airflow/example_dags/example_params_ui_tutorial.py took 0.089 seconds
[2025-06-25T19:33:40.732-0400] {processor.py:161} INFO - Started process (PID=48344) to work on /opt/anaconda3/envs/airflow_env/lib/python3.10/site-packages/airflow/example_dags/example_params_ui_tutorial.py
[2025-06-25T19:33:40.733-0400] {processor.py:830} INFO - Processing file /opt/anaconda3/envs/airflow_env/lib/python3.10/site-packages/airflow/example_dags/example_params_ui_tutorial.py for tasks to queue
[2025-06-25T19:33:40.733-0400] {logging_mixin.py:188} INFO - [2025-06-25T19:33:40.733-0400] {dagbag.py:545} INFO - Filling up the DagBag from /opt/anaconda3/envs/airflow_env/lib/python3.10/site-packages/airflow/example_dags/example_params_ui_tutorial.py
[2025-06-25T19:33:40.749-0400] {processor.py:840} INFO - DAG(s) 'example_params_ui_tutorial' retrieved from /opt/anaconda3/envs/airflow_env/lib/python3.10/site-packages/airflow/example_dags/example_params_ui_tutorial.py
[2025-06-25T19:33:40.793-0400] {logging_mixin.py:188} INFO - [2025-06-25T19:33:40.793-0400] {dag.py:3096} INFO - Sync 1 DAGs
[2025-06-25T19:33:40.824-0400] {logging_mixin.py:188} INFO - [2025-06-25T19:33:40.824-0400] {dag.py:3954} INFO - Setting next_dagrun for example_params_ui_tutorial to None, run_after=None
[2025-06-25T19:33:40.831-0400] {processor.py:183} INFO - Processing /opt/anaconda3/envs/airflow_env/lib/python3.10/site-packages/airflow/example_dags/example_params_ui_tutorial.py took 0.101 seconds
[2025-06-25T19:35:05.641-0400] {processor.py:161} INFO - Started process (PID=48500) to work on /opt/anaconda3/envs/airflow_env/lib/python3.10/site-packages/airflow/example_dags/example_params_ui_tutorial.py
[2025-06-25T19:35:05.643-0400] {processor.py:830} INFO - Processing file /opt/anaconda3/envs/airflow_env/lib/python3.10/site-packages/airflow/example_dags/example_params_ui_tutorial.py for tasks to queue
[2025-06-25T19:35:05.643-0400] {logging_mixin.py:188} INFO - [2025-06-25T19:35:05.643-0400] {dagbag.py:545} INFO - Filling up the DagBag from /opt/anaconda3/envs/airflow_env/lib/python3.10/site-packages/airflow/example_dags/example_params_ui_tutorial.py
[2025-06-25T19:35:05.660-0400] {processor.py:840} INFO - DAG(s) 'example_params_ui_tutorial' retrieved from /opt/anaconda3/envs/airflow_env/lib/python3.10/site-packages/airflow/example_dags/example_params_ui_tutorial.py
[2025-06-25T19:35:05.712-0400] {logging_mixin.py:188} INFO - [2025-06-25T19:35:05.712-0400] {dag.py:3096} INFO - Sync 1 DAGs
[2025-06-25T19:35:05.743-0400] {logging_mixin.py:188} INFO - [2025-06-25T19:35:05.743-0400] {dag.py:3954} INFO - Setting next_dagrun for example_params_ui_tutorial to None, run_after=None
[2025-06-25T19:35:05.752-0400] {processor.py:183} INFO - Processing /opt/anaconda3/envs/airflow_env/lib/python3.10/site-packages/airflow/example_dags/example_params_ui_tutorial.py took 0.113 seconds
[2025-06-25T19:36:09.995-0400] {processor.py:161} INFO - Started process (PID=48632) to work on /opt/anaconda3/envs/airflow_env/lib/python3.10/site-packages/airflow/example_dags/example_params_ui_tutorial.py
[2025-06-25T19:36:09.996-0400] {processor.py:830} INFO - Processing file /opt/anaconda3/envs/airflow_env/lib/python3.10/site-packages/airflow/example_dags/example_params_ui_tutorial.py for tasks to queue
[2025-06-25T19:36:09.996-0400] {logging_mixin.py:188} INFO - [2025-06-25T19:36:09.996-0400] {dagbag.py:545} INFO - Filling up the DagBag from /opt/anaconda3/envs/airflow_env/lib/python3.10/site-packages/airflow/example_dags/example_params_ui_tutorial.py
[2025-06-25T19:36:10.012-0400] {processor.py:840} INFO - DAG(s) 'example_params_ui_tutorial' retrieved from /opt/anaconda3/envs/airflow_env/lib/python3.10/site-packages/airflow/example_dags/example_params_ui_tutorial.py
[2025-06-25T19:36:10.058-0400] {logging_mixin.py:188} INFO - [2025-06-25T19:36:10.058-0400] {dag.py:3096} INFO - Sync 1 DAGs
[2025-06-25T19:36:10.081-0400] {logging_mixin.py:188} INFO - [2025-06-25T19:36:10.081-0400] {dag.py:3954} INFO - Setting next_dagrun for example_params_ui_tutorial to None, run_after=None
[2025-06-25T19:36:10.088-0400] {processor.py:183} INFO - Processing /opt/anaconda3/envs/airflow_env/lib/python3.10/site-packages/airflow/example_dags/example_params_ui_tutorial.py took 0.095 seconds
[2025-06-25T19:36:56.769-0400] {processor.py:161} INFO - Started process (PID=48738) to work on /opt/anaconda3/envs/airflow_env/lib/python3.10/site-packages/airflow/example_dags/example_params_ui_tutorial.py
[2025-06-25T19:36:56.769-0400] {processor.py:830} INFO - Processing file /opt/anaconda3/envs/airflow_env/lib/python3.10/site-packages/airflow/example_dags/example_params_ui_tutorial.py for tasks to queue
[2025-06-25T19:36:56.770-0400] {logging_mixin.py:188} INFO - [2025-06-25T19:36:56.770-0400] {dagbag.py:545} INFO - Filling up the DagBag from /opt/anaconda3/envs/airflow_env/lib/python3.10/site-packages/airflow/example_dags/example_params_ui_tutorial.py
[2025-06-25T19:36:56.784-0400] {processor.py:840} INFO - DAG(s) 'example_params_ui_tutorial' retrieved from /opt/anaconda3/envs/airflow_env/lib/python3.10/site-packages/airflow/example_dags/example_params_ui_tutorial.py
[2025-06-25T19:36:56.826-0400] {logging_mixin.py:188} INFO - [2025-06-25T19:36:56.826-0400] {dag.py:3096} INFO - Sync 1 DAGs
[2025-06-25T19:36:56.848-0400] {logging_mixin.py:188} INFO - [2025-06-25T19:36:56.848-0400] {dag.py:3954} INFO - Setting next_dagrun for example_params_ui_tutorial to None, run_after=None
[2025-06-25T19:36:56.855-0400] {processor.py:183} INFO - Processing /opt/anaconda3/envs/airflow_env/lib/python3.10/site-packages/airflow/example_dags/example_params_ui_tutorial.py took 0.087 seconds
[2025-06-25T19:37:53.932-0400] {processor.py:161} INFO - Started process (PID=48905) to work on /opt/anaconda3/envs/airflow_env/lib/python3.10/site-packages/airflow/example_dags/example_params_ui_tutorial.py
[2025-06-25T19:37:53.933-0400] {processor.py:830} INFO - Processing file /opt/anaconda3/envs/airflow_env/lib/python3.10/site-packages/airflow/example_dags/example_params_ui_tutorial.py for tasks to queue
[2025-06-25T19:37:53.934-0400] {logging_mixin.py:188} INFO - [2025-06-25T19:37:53.934-0400] {dagbag.py:545} INFO - Filling up the DagBag from /opt/anaconda3/envs/airflow_env/lib/python3.10/site-packages/airflow/example_dags/example_params_ui_tutorial.py
[2025-06-25T19:37:53.950-0400] {processor.py:840} INFO - DAG(s) 'example_params_ui_tutorial' retrieved from /opt/anaconda3/envs/airflow_env/lib/python3.10/site-packages/airflow/example_dags/example_params_ui_tutorial.py
[2025-06-25T19:37:53.995-0400] {logging_mixin.py:188} INFO - [2025-06-25T19:37:53.995-0400] {dag.py:3096} INFO - Sync 1 DAGs
[2025-06-25T19:37:54.021-0400] {logging_mixin.py:188} INFO - [2025-06-25T19:37:54.020-0400] {dag.py:3954} INFO - Setting next_dagrun for example_params_ui_tutorial to None, run_after=None
[2025-06-25T19:37:54.028-0400] {processor.py:183} INFO - Processing /opt/anaconda3/envs/airflow_env/lib/python3.10/site-packages/airflow/example_dags/example_params_ui_tutorial.py took 0.098 seconds
[2025-06-25T19:39:21.676-0400] {processor.py:161} INFO - Started process (PID=49157) to work on /opt/anaconda3/envs/airflow_env/lib/python3.10/site-packages/airflow/example_dags/example_params_ui_tutorial.py
[2025-06-25T19:39:21.677-0400] {processor.py:830} INFO - Processing file /opt/anaconda3/envs/airflow_env/lib/python3.10/site-packages/airflow/example_dags/example_params_ui_tutorial.py for tasks to queue
[2025-06-25T19:39:21.677-0400] {logging_mixin.py:188} INFO - [2025-06-25T19:39:21.677-0400] {dagbag.py:545} INFO - Filling up the DagBag from /opt/anaconda3/envs/airflow_env/lib/python3.10/site-packages/airflow/example_dags/example_params_ui_tutorial.py
[2025-06-25T19:39:21.693-0400] {processor.py:840} INFO - DAG(s) 'example_params_ui_tutorial' retrieved from /opt/anaconda3/envs/airflow_env/lib/python3.10/site-packages/airflow/example_dags/example_params_ui_tutorial.py
[2025-06-25T19:39:21.740-0400] {logging_mixin.py:188} INFO - [2025-06-25T19:39:21.740-0400] {dag.py:3096} INFO - Sync 1 DAGs
[2025-06-25T19:39:21.771-0400] {logging_mixin.py:188} INFO - [2025-06-25T19:39:21.771-0400] {dag.py:3954} INFO - Setting next_dagrun for example_params_ui_tutorial to None, run_after=None
[2025-06-25T19:39:21.778-0400] {processor.py:183} INFO - Processing /opt/anaconda3/envs/airflow_env/lib/python3.10/site-packages/airflow/example_dags/example_params_ui_tutorial.py took 0.105 seconds
[2025-06-25T19:39:37.547-0400] {processor.py:161} INFO - Started process (PID=49178) to work on /opt/anaconda3/envs/airflow_env/lib/python3.10/site-packages/airflow/example_dags/example_params_ui_tutorial.py
[2025-06-25T19:39:37.548-0400] {processor.py:830} INFO - Processing file /opt/anaconda3/envs/airflow_env/lib/python3.10/site-packages/airflow/example_dags/example_params_ui_tutorial.py for tasks to queue
[2025-06-25T19:39:37.548-0400] {logging_mixin.py:188} INFO - [2025-06-25T19:39:37.548-0400] {dagbag.py:545} INFO - Filling up the DagBag from /opt/anaconda3/envs/airflow_env/lib/python3.10/site-packages/airflow/example_dags/example_params_ui_tutorial.py
[2025-06-25T19:39:37.564-0400] {processor.py:840} INFO - DAG(s) 'example_params_ui_tutorial' retrieved from /opt/anaconda3/envs/airflow_env/lib/python3.10/site-packages/airflow/example_dags/example_params_ui_tutorial.py
[2025-06-25T19:39:37.611-0400] {logging_mixin.py:188} INFO - [2025-06-25T19:39:37.611-0400] {dag.py:3096} INFO - Sync 1 DAGs
[2025-06-25T19:39:37.633-0400] {logging_mixin.py:188} INFO - [2025-06-25T19:39:37.633-0400] {dag.py:3954} INFO - Setting next_dagrun for example_params_ui_tutorial to None, run_after=None
[2025-06-25T19:39:37.639-0400] {processor.py:183} INFO - Processing /opt/anaconda3/envs/airflow_env/lib/python3.10/site-packages/airflow/example_dags/example_params_ui_tutorial.py took 0.094 seconds
[2025-06-25T19:40:58.485-0400] {processor.py:161} INFO - Started process (PID=49382) to work on /opt/anaconda3/envs/airflow_env/lib/python3.10/site-packages/airflow/example_dags/example_params_ui_tutorial.py
[2025-06-25T19:40:58.486-0400] {processor.py:830} INFO - Processing file /opt/anaconda3/envs/airflow_env/lib/python3.10/site-packages/airflow/example_dags/example_params_ui_tutorial.py for tasks to queue
[2025-06-25T19:40:58.486-0400] {logging_mixin.py:188} INFO - [2025-06-25T19:40:58.486-0400] {dagbag.py:545} INFO - Filling up the DagBag from /opt/anaconda3/envs/airflow_env/lib/python3.10/site-packages/airflow/example_dags/example_params_ui_tutorial.py
[2025-06-25T19:40:58.503-0400] {processor.py:840} INFO - DAG(s) 'example_params_ui_tutorial' retrieved from /opt/anaconda3/envs/airflow_env/lib/python3.10/site-packages/airflow/example_dags/example_params_ui_tutorial.py
[2025-06-25T19:40:58.545-0400] {logging_mixin.py:188} INFO - [2025-06-25T19:40:58.545-0400] {dag.py:3096} INFO - Sync 1 DAGs
[2025-06-25T19:40:58.572-0400] {logging_mixin.py:188} INFO - [2025-06-25T19:40:58.572-0400] {dag.py:3954} INFO - Setting next_dagrun for example_params_ui_tutorial to None, run_after=None
[2025-06-25T19:40:58.579-0400] {processor.py:183} INFO - Processing /opt/anaconda3/envs/airflow_env/lib/python3.10/site-packages/airflow/example_dags/example_params_ui_tutorial.py took 0.095 seconds
[2025-06-25T19:41:13.354-0400] {processor.py:161} INFO - Started process (PID=49406) to work on /opt/anaconda3/envs/airflow_env/lib/python3.10/site-packages/airflow/example_dags/example_params_ui_tutorial.py
[2025-06-25T19:41:13.355-0400] {processor.py:830} INFO - Processing file /opt/anaconda3/envs/airflow_env/lib/python3.10/site-packages/airflow/example_dags/example_params_ui_tutorial.py for tasks to queue
[2025-06-25T19:41:13.355-0400] {logging_mixin.py:188} INFO - [2025-06-25T19:41:13.355-0400] {dagbag.py:545} INFO - Filling up the DagBag from /opt/anaconda3/envs/airflow_env/lib/python3.10/site-packages/airflow/example_dags/example_params_ui_tutorial.py
[2025-06-25T19:41:13.369-0400] {processor.py:840} INFO - DAG(s) 'example_params_ui_tutorial' retrieved from /opt/anaconda3/envs/airflow_env/lib/python3.10/site-packages/airflow/example_dags/example_params_ui_tutorial.py
[2025-06-25T19:41:13.410-0400] {logging_mixin.py:188} INFO - [2025-06-25T19:41:13.410-0400] {dag.py:3096} INFO - Sync 1 DAGs
[2025-06-25T19:41:13.432-0400] {logging_mixin.py:188} INFO - [2025-06-25T19:41:13.432-0400] {dag.py:3954} INFO - Setting next_dagrun for example_params_ui_tutorial to None, run_after=None
[2025-06-25T19:41:13.439-0400] {processor.py:183} INFO - Processing /opt/anaconda3/envs/airflow_env/lib/python3.10/site-packages/airflow/example_dags/example_params_ui_tutorial.py took 0.086 seconds
[2025-06-25T19:42:40.310-0400] {processor.py:161} INFO - Started process (PID=49523) to work on /opt/anaconda3/envs/airflow_env/lib/python3.10/site-packages/airflow/example_dags/example_params_ui_tutorial.py
[2025-06-25T19:42:40.311-0400] {processor.py:830} INFO - Processing file /opt/anaconda3/envs/airflow_env/lib/python3.10/site-packages/airflow/example_dags/example_params_ui_tutorial.py for tasks to queue
[2025-06-25T19:42:40.311-0400] {logging_mixin.py:188} INFO - [2025-06-25T19:42:40.311-0400] {dagbag.py:545} INFO - Filling up the DagBag from /opt/anaconda3/envs/airflow_env/lib/python3.10/site-packages/airflow/example_dags/example_params_ui_tutorial.py
[2025-06-25T19:42:40.325-0400] {processor.py:840} INFO - DAG(s) 'example_params_ui_tutorial' retrieved from /opt/anaconda3/envs/airflow_env/lib/python3.10/site-packages/airflow/example_dags/example_params_ui_tutorial.py
[2025-06-25T19:42:40.366-0400] {logging_mixin.py:188} INFO - [2025-06-25T19:42:40.366-0400] {dag.py:3096} INFO - Sync 1 DAGs
[2025-06-25T19:42:40.389-0400] {logging_mixin.py:188} INFO - [2025-06-25T19:42:40.389-0400] {dag.py:3954} INFO - Setting next_dagrun for example_params_ui_tutorial to None, run_after=None
[2025-06-25T19:42:40.396-0400] {processor.py:183} INFO - Processing /opt/anaconda3/envs/airflow_env/lib/python3.10/site-packages/airflow/example_dags/example_params_ui_tutorial.py took 0.087 seconds
[2025-06-25T19:42:54.690-0400] {processor.py:161} INFO - Started process (PID=49574) to work on /opt/anaconda3/envs/airflow_env/lib/python3.10/site-packages/airflow/example_dags/example_params_ui_tutorial.py
[2025-06-25T19:42:54.690-0400] {processor.py:830} INFO - Processing file /opt/anaconda3/envs/airflow_env/lib/python3.10/site-packages/airflow/example_dags/example_params_ui_tutorial.py for tasks to queue
[2025-06-25T19:42:54.691-0400] {logging_mixin.py:188} INFO - [2025-06-25T19:42:54.691-0400] {dagbag.py:545} INFO - Filling up the DagBag from /opt/anaconda3/envs/airflow_env/lib/python3.10/site-packages/airflow/example_dags/example_params_ui_tutorial.py
[2025-06-25T19:42:54.706-0400] {processor.py:840} INFO - DAG(s) 'example_params_ui_tutorial' retrieved from /opt/anaconda3/envs/airflow_env/lib/python3.10/site-packages/airflow/example_dags/example_params_ui_tutorial.py
[2025-06-25T19:42:54.752-0400] {logging_mixin.py:188} INFO - [2025-06-25T19:42:54.751-0400] {dag.py:3096} INFO - Sync 1 DAGs
[2025-06-25T19:42:54.779-0400] {logging_mixin.py:188} INFO - [2025-06-25T19:42:54.779-0400] {dag.py:3954} INFO - Setting next_dagrun for example_params_ui_tutorial to None, run_after=None
[2025-06-25T19:42:54.786-0400] {processor.py:183} INFO - Processing /opt/anaconda3/envs/airflow_env/lib/python3.10/site-packages/airflow/example_dags/example_params_ui_tutorial.py took 0.098 seconds
[2025-06-25T19:44:24.515-0400] {processor.py:161} INFO - Started process (PID=49725) to work on /opt/anaconda3/envs/airflow_env/lib/python3.10/site-packages/airflow/example_dags/example_params_ui_tutorial.py
[2025-06-25T19:44:24.516-0400] {processor.py:830} INFO - Processing file /opt/anaconda3/envs/airflow_env/lib/python3.10/site-packages/airflow/example_dags/example_params_ui_tutorial.py for tasks to queue
[2025-06-25T19:44:24.516-0400] {logging_mixin.py:188} INFO - [2025-06-25T19:44:24.516-0400] {dagbag.py:545} INFO - Filling up the DagBag from /opt/anaconda3/envs/airflow_env/lib/python3.10/site-packages/airflow/example_dags/example_params_ui_tutorial.py
[2025-06-25T19:44:24.532-0400] {processor.py:840} INFO - DAG(s) 'example_params_ui_tutorial' retrieved from /opt/anaconda3/envs/airflow_env/lib/python3.10/site-packages/airflow/example_dags/example_params_ui_tutorial.py
[2025-06-25T19:44:24.580-0400] {logging_mixin.py:188} INFO - [2025-06-25T19:44:24.580-0400] {dag.py:3096} INFO - Sync 1 DAGs
[2025-06-25T19:44:24.606-0400] {logging_mixin.py:188} INFO - [2025-06-25T19:44:24.605-0400] {dag.py:3954} INFO - Setting next_dagrun for example_params_ui_tutorial to None, run_after=None
[2025-06-25T19:44:24.612-0400] {processor.py:183} INFO - Processing /opt/anaconda3/envs/airflow_env/lib/python3.10/site-packages/airflow/example_dags/example_params_ui_tutorial.py took 0.099 seconds
[2025-06-25T19:44:28.065-0400] {processor.py:161} INFO - Started process (PID=49731) to work on /opt/anaconda3/envs/airflow_env/lib/python3.10/site-packages/airflow/example_dags/example_params_ui_tutorial.py
[2025-06-25T19:44:28.065-0400] {processor.py:830} INFO - Processing file /opt/anaconda3/envs/airflow_env/lib/python3.10/site-packages/airflow/example_dags/example_params_ui_tutorial.py for tasks to queue
[2025-06-25T19:44:28.065-0400] {logging_mixin.py:188} INFO - [2025-06-25T19:44:28.065-0400] {dagbag.py:545} INFO - Filling up the DagBag from /opt/anaconda3/envs/airflow_env/lib/python3.10/site-packages/airflow/example_dags/example_params_ui_tutorial.py
[2025-06-25T19:44:28.081-0400] {processor.py:840} INFO - DAG(s) 'example_params_ui_tutorial' retrieved from /opt/anaconda3/envs/airflow_env/lib/python3.10/site-packages/airflow/example_dags/example_params_ui_tutorial.py
[2025-06-25T19:44:28.124-0400] {logging_mixin.py:188} INFO - [2025-06-25T19:44:28.123-0400] {dag.py:3096} INFO - Sync 1 DAGs
[2025-06-25T19:44:28.156-0400] {logging_mixin.py:188} INFO - [2025-06-25T19:44:28.155-0400] {dag.py:3954} INFO - Setting next_dagrun for example_params_ui_tutorial to None, run_after=None
[2025-06-25T19:44:28.163-0400] {processor.py:183} INFO - Processing /opt/anaconda3/envs/airflow_env/lib/python3.10/site-packages/airflow/example_dags/example_params_ui_tutorial.py took 0.101 seconds
[2025-06-25T19:46:06.474-0400] {processor.py:161} INFO - Started process (PID=49968) to work on /opt/anaconda3/envs/airflow_env/lib/python3.10/site-packages/airflow/example_dags/example_params_ui_tutorial.py
[2025-06-25T19:46:06.475-0400] {processor.py:830} INFO - Processing file /opt/anaconda3/envs/airflow_env/lib/python3.10/site-packages/airflow/example_dags/example_params_ui_tutorial.py for tasks to queue
[2025-06-25T19:46:06.475-0400] {logging_mixin.py:188} INFO - [2025-06-25T19:46:06.475-0400] {dagbag.py:545} INFO - Filling up the DagBag from /opt/anaconda3/envs/airflow_env/lib/python3.10/site-packages/airflow/example_dags/example_params_ui_tutorial.py
[2025-06-25T19:46:06.490-0400] {processor.py:840} INFO - DAG(s) 'example_params_ui_tutorial' retrieved from /opt/anaconda3/envs/airflow_env/lib/python3.10/site-packages/airflow/example_dags/example_params_ui_tutorial.py
[2025-06-25T19:46:06.534-0400] {logging_mixin.py:188} INFO - [2025-06-25T19:46:06.534-0400] {dag.py:3096} INFO - Sync 1 DAGs
[2025-06-25T19:46:06.558-0400] {logging_mixin.py:188} INFO - [2025-06-25T19:46:06.557-0400] {dag.py:3954} INFO - Setting next_dagrun for example_params_ui_tutorial to None, run_after=None
[2025-06-25T19:46:06.564-0400] {processor.py:183} INFO - Processing /opt/anaconda3/envs/airflow_env/lib/python3.10/site-packages/airflow/example_dags/example_params_ui_tutorial.py took 0.092 seconds
[2025-06-25T19:46:07.819-0400] {processor.py:161} INFO - Started process (PID=49969) to work on /opt/anaconda3/envs/airflow_env/lib/python3.10/site-packages/airflow/example_dags/example_params_ui_tutorial.py
[2025-06-25T19:46:07.819-0400] {processor.py:830} INFO - Processing file /opt/anaconda3/envs/airflow_env/lib/python3.10/site-packages/airflow/example_dags/example_params_ui_tutorial.py for tasks to queue
[2025-06-25T19:46:07.819-0400] {logging_mixin.py:188} INFO - [2025-06-25T19:46:07.819-0400] {dagbag.py:545} INFO - Filling up the DagBag from /opt/anaconda3/envs/airflow_env/lib/python3.10/site-packages/airflow/example_dags/example_params_ui_tutorial.py
[2025-06-25T19:46:07.839-0400] {processor.py:840} INFO - DAG(s) 'example_params_ui_tutorial' retrieved from /opt/anaconda3/envs/airflow_env/lib/python3.10/site-packages/airflow/example_dags/example_params_ui_tutorial.py
[2025-06-25T19:46:07.893-0400] {logging_mixin.py:188} INFO - [2025-06-25T19:46:07.893-0400] {dag.py:3096} INFO - Sync 1 DAGs
[2025-06-25T19:46:07.929-0400] {logging_mixin.py:188} INFO - [2025-06-25T19:46:07.929-0400] {dag.py:3954} INFO - Setting next_dagrun for example_params_ui_tutorial to None, run_after=None
[2025-06-25T19:46:07.938-0400] {processor.py:183} INFO - Processing /opt/anaconda3/envs/airflow_env/lib/python3.10/site-packages/airflow/example_dags/example_params_ui_tutorial.py took 0.122 seconds
[2025-06-25T19:47:43.210-0400] {processor.py:161} INFO - Started process (PID=50192) to work on /opt/anaconda3/envs/airflow_env/lib/python3.10/site-packages/airflow/example_dags/example_params_ui_tutorial.py
[2025-06-25T19:47:43.211-0400] {processor.py:830} INFO - Processing file /opt/anaconda3/envs/airflow_env/lib/python3.10/site-packages/airflow/example_dags/example_params_ui_tutorial.py for tasks to queue
[2025-06-25T19:47:43.211-0400] {logging_mixin.py:188} INFO - [2025-06-25T19:47:43.211-0400] {dagbag.py:545} INFO - Filling up the DagBag from /opt/anaconda3/envs/airflow_env/lib/python3.10/site-packages/airflow/example_dags/example_params_ui_tutorial.py
[2025-06-25T19:47:43.226-0400] {processor.py:840} INFO - DAG(s) 'example_params_ui_tutorial' retrieved from /opt/anaconda3/envs/airflow_env/lib/python3.10/site-packages/airflow/example_dags/example_params_ui_tutorial.py
[2025-06-25T19:47:43.267-0400] {logging_mixin.py:188} INFO - [2025-06-25T19:47:43.267-0400] {dag.py:3096} INFO - Sync 1 DAGs
[2025-06-25T19:47:43.289-0400] {logging_mixin.py:188} INFO - [2025-06-25T19:47:43.289-0400] {dag.py:3954} INFO - Setting next_dagrun for example_params_ui_tutorial to None, run_after=None
[2025-06-25T19:47:43.296-0400] {processor.py:183} INFO - Processing /opt/anaconda3/envs/airflow_env/lib/python3.10/site-packages/airflow/example_dags/example_params_ui_tutorial.py took 0.087 seconds
[2025-06-25T19:47:55.798-0400] {processor.py:161} INFO - Started process (PID=50221) to work on /opt/anaconda3/envs/airflow_env/lib/python3.10/site-packages/airflow/example_dags/example_params_ui_tutorial.py
[2025-06-25T19:47:55.799-0400] {processor.py:830} INFO - Processing file /opt/anaconda3/envs/airflow_env/lib/python3.10/site-packages/airflow/example_dags/example_params_ui_tutorial.py for tasks to queue
[2025-06-25T19:47:55.799-0400] {logging_mixin.py:188} INFO - [2025-06-25T19:47:55.799-0400] {dagbag.py:545} INFO - Filling up the DagBag from /opt/anaconda3/envs/airflow_env/lib/python3.10/site-packages/airflow/example_dags/example_params_ui_tutorial.py
[2025-06-25T19:47:55.817-0400] {processor.py:840} INFO - DAG(s) 'example_params_ui_tutorial' retrieved from /opt/anaconda3/envs/airflow_env/lib/python3.10/site-packages/airflow/example_dags/example_params_ui_tutorial.py
[2025-06-25T19:47:55.866-0400] {logging_mixin.py:188} INFO - [2025-06-25T19:47:55.866-0400] {dag.py:3096} INFO - Sync 1 DAGs
[2025-06-25T19:47:55.896-0400] {logging_mixin.py:188} INFO - [2025-06-25T19:47:55.896-0400] {dag.py:3954} INFO - Setting next_dagrun for example_params_ui_tutorial to None, run_after=None
[2025-06-25T19:47:55.904-0400] {processor.py:183} INFO - Processing /opt/anaconda3/envs/airflow_env/lib/python3.10/site-packages/airflow/example_dags/example_params_ui_tutorial.py took 0.107 seconds
[2025-06-25T19:49:17.737-0400] {processor.py:161} INFO - Started process (PID=50370) to work on /opt/anaconda3/envs/airflow_env/lib/python3.10/site-packages/airflow/example_dags/example_params_ui_tutorial.py
[2025-06-25T19:49:17.738-0400] {processor.py:830} INFO - Processing file /opt/anaconda3/envs/airflow_env/lib/python3.10/site-packages/airflow/example_dags/example_params_ui_tutorial.py for tasks to queue
[2025-06-25T19:49:17.739-0400] {logging_mixin.py:188} INFO - [2025-06-25T19:49:17.739-0400] {dagbag.py:545} INFO - Filling up the DagBag from /opt/anaconda3/envs/airflow_env/lib/python3.10/site-packages/airflow/example_dags/example_params_ui_tutorial.py
[2025-06-25T19:49:17.753-0400] {processor.py:840} INFO - DAG(s) 'example_params_ui_tutorial' retrieved from /opt/anaconda3/envs/airflow_env/lib/python3.10/site-packages/airflow/example_dags/example_params_ui_tutorial.py
[2025-06-25T19:49:17.795-0400] {logging_mixin.py:188} INFO - [2025-06-25T19:49:17.794-0400] {dag.py:3096} INFO - Sync 1 DAGs
[2025-06-25T19:49:17.820-0400] {logging_mixin.py:188} INFO - [2025-06-25T19:49:17.820-0400] {dag.py:3954} INFO - Setting next_dagrun for example_params_ui_tutorial to None, run_after=None
[2025-06-25T19:49:17.827-0400] {processor.py:183} INFO - Processing /opt/anaconda3/envs/airflow_env/lib/python3.10/site-packages/airflow/example_dags/example_params_ui_tutorial.py took 0.091 seconds
[2025-06-25T19:49:34.588-0400] {processor.py:161} INFO - Started process (PID=50412) to work on /opt/anaconda3/envs/airflow_env/lib/python3.10/site-packages/airflow/example_dags/example_params_ui_tutorial.py
[2025-06-25T19:49:34.589-0400] {processor.py:830} INFO - Processing file /opt/anaconda3/envs/airflow_env/lib/python3.10/site-packages/airflow/example_dags/example_params_ui_tutorial.py for tasks to queue
[2025-06-25T19:49:34.589-0400] {logging_mixin.py:188} INFO - [2025-06-25T19:49:34.589-0400] {dagbag.py:545} INFO - Filling up the DagBag from /opt/anaconda3/envs/airflow_env/lib/python3.10/site-packages/airflow/example_dags/example_params_ui_tutorial.py
[2025-06-25T19:49:34.603-0400] {processor.py:840} INFO - DAG(s) 'example_params_ui_tutorial' retrieved from /opt/anaconda3/envs/airflow_env/lib/python3.10/site-packages/airflow/example_dags/example_params_ui_tutorial.py
[2025-06-25T19:49:34.647-0400] {logging_mixin.py:188} INFO - [2025-06-25T19:49:34.647-0400] {dag.py:3096} INFO - Sync 1 DAGs
[2025-06-25T19:49:34.673-0400] {logging_mixin.py:188} INFO - [2025-06-25T19:49:34.672-0400] {dag.py:3954} INFO - Setting next_dagrun for example_params_ui_tutorial to None, run_after=None
[2025-06-25T19:49:34.679-0400] {processor.py:183} INFO - Processing /opt/anaconda3/envs/airflow_env/lib/python3.10/site-packages/airflow/example_dags/example_params_ui_tutorial.py took 0.093 seconds
[2025-06-25T19:51:13.175-0400] {processor.py:161} INFO - Started process (PID=50630) to work on /opt/anaconda3/envs/airflow_env/lib/python3.10/site-packages/airflow/example_dags/example_params_ui_tutorial.py
[2025-06-25T19:51:13.175-0400] {processor.py:830} INFO - Processing file /opt/anaconda3/envs/airflow_env/lib/python3.10/site-packages/airflow/example_dags/example_params_ui_tutorial.py for tasks to queue
[2025-06-25T19:51:13.176-0400] {logging_mixin.py:188} INFO - [2025-06-25T19:51:13.176-0400] {dagbag.py:545} INFO - Filling up the DagBag from /opt/anaconda3/envs/airflow_env/lib/python3.10/site-packages/airflow/example_dags/example_params_ui_tutorial.py
[2025-06-25T19:51:13.193-0400] {processor.py:840} INFO - DAG(s) 'example_params_ui_tutorial' retrieved from /opt/anaconda3/envs/airflow_env/lib/python3.10/site-packages/airflow/example_dags/example_params_ui_tutorial.py
[2025-06-25T19:51:13.247-0400] {logging_mixin.py:188} INFO - [2025-06-25T19:51:13.247-0400] {dag.py:3096} INFO - Sync 1 DAGs
[2025-06-25T19:51:13.278-0400] {logging_mixin.py:188} INFO - [2025-06-25T19:51:13.278-0400] {dag.py:3954} INFO - Setting next_dagrun for example_params_ui_tutorial to None, run_after=None
[2025-06-25T19:51:13.287-0400] {processor.py:183} INFO - Processing /opt/anaconda3/envs/airflow_env/lib/python3.10/site-packages/airflow/example_dags/example_params_ui_tutorial.py took 0.114 seconds
[2025-06-25T19:51:30.469-0400] {processor.py:161} INFO - Started process (PID=50649) to work on /opt/anaconda3/envs/airflow_env/lib/python3.10/site-packages/airflow/example_dags/example_params_ui_tutorial.py
[2025-06-25T19:51:30.470-0400] {processor.py:830} INFO - Processing file /opt/anaconda3/envs/airflow_env/lib/python3.10/site-packages/airflow/example_dags/example_params_ui_tutorial.py for tasks to queue
[2025-06-25T19:51:30.470-0400] {logging_mixin.py:188} INFO - [2025-06-25T19:51:30.470-0400] {dagbag.py:545} INFO - Filling up the DagBag from /opt/anaconda3/envs/airflow_env/lib/python3.10/site-packages/airflow/example_dags/example_params_ui_tutorial.py
[2025-06-25T19:51:30.485-0400] {processor.py:840} INFO - DAG(s) 'example_params_ui_tutorial' retrieved from /opt/anaconda3/envs/airflow_env/lib/python3.10/site-packages/airflow/example_dags/example_params_ui_tutorial.py
[2025-06-25T19:51:30.526-0400] {logging_mixin.py:188} INFO - [2025-06-25T19:51:30.526-0400] {dag.py:3096} INFO - Sync 1 DAGs
[2025-06-25T19:51:30.548-0400] {logging_mixin.py:188} INFO - [2025-06-25T19:51:30.548-0400] {dag.py:3954} INFO - Setting next_dagrun for example_params_ui_tutorial to None, run_after=None
[2025-06-25T19:51:30.555-0400] {processor.py:183} INFO - Processing /opt/anaconda3/envs/airflow_env/lib/python3.10/site-packages/airflow/example_dags/example_params_ui_tutorial.py took 0.088 seconds
[2025-06-25T19:52:56.901-0400] {processor.py:161} INFO - Started process (PID=50818) to work on /opt/anaconda3/envs/airflow_env/lib/python3.10/site-packages/airflow/example_dags/example_params_ui_tutorial.py
[2025-06-25T19:52:56.904-0400] {processor.py:830} INFO - Processing file /opt/anaconda3/envs/airflow_env/lib/python3.10/site-packages/airflow/example_dags/example_params_ui_tutorial.py for tasks to queue
[2025-06-25T19:52:56.904-0400] {logging_mixin.py:188} INFO - [2025-06-25T19:52:56.904-0400] {dagbag.py:545} INFO - Filling up the DagBag from /opt/anaconda3/envs/airflow_env/lib/python3.10/site-packages/airflow/example_dags/example_params_ui_tutorial.py
[2025-06-25T19:52:56.919-0400] {processor.py:840} INFO - DAG(s) 'example_params_ui_tutorial' retrieved from /opt/anaconda3/envs/airflow_env/lib/python3.10/site-packages/airflow/example_dags/example_params_ui_tutorial.py
[2025-06-25T19:52:56.966-0400] {logging_mixin.py:188} INFO - [2025-06-25T19:52:56.966-0400] {dag.py:3096} INFO - Sync 1 DAGs
[2025-06-25T19:52:56.994-0400] {logging_mixin.py:188} INFO - [2025-06-25T19:52:56.994-0400] {dag.py:3954} INFO - Setting next_dagrun for example_params_ui_tutorial to None, run_after=None
[2025-06-25T19:52:57.001-0400] {processor.py:183} INFO - Processing /opt/anaconda3/envs/airflow_env/lib/python3.10/site-packages/airflow/example_dags/example_params_ui_tutorial.py took 0.102 seconds
[2025-06-25T19:53:30.942-0400] {processor.py:161} INFO - Started process (PID=50928) to work on /opt/anaconda3/envs/airflow_env/lib/python3.10/site-packages/airflow/example_dags/example_params_ui_tutorial.py
[2025-06-25T19:53:30.943-0400] {processor.py:830} INFO - Processing file /opt/anaconda3/envs/airflow_env/lib/python3.10/site-packages/airflow/example_dags/example_params_ui_tutorial.py for tasks to queue
[2025-06-25T19:53:30.943-0400] {logging_mixin.py:188} INFO - [2025-06-25T19:53:30.943-0400] {dagbag.py:545} INFO - Filling up the DagBag from /opt/anaconda3/envs/airflow_env/lib/python3.10/site-packages/airflow/example_dags/example_params_ui_tutorial.py
[2025-06-25T19:53:30.958-0400] {processor.py:840} INFO - DAG(s) 'example_params_ui_tutorial' retrieved from /opt/anaconda3/envs/airflow_env/lib/python3.10/site-packages/airflow/example_dags/example_params_ui_tutorial.py
[2025-06-25T19:53:31.000-0400] {logging_mixin.py:188} INFO - [2025-06-25T19:53:31.000-0400] {dag.py:3096} INFO - Sync 1 DAGs
[2025-06-25T19:53:31.022-0400] {logging_mixin.py:188} INFO - [2025-06-25T19:53:31.022-0400] {dag.py:3954} INFO - Setting next_dagrun for example_params_ui_tutorial to None, run_after=None
[2025-06-25T19:53:31.029-0400] {processor.py:183} INFO - Processing /opt/anaconda3/envs/airflow_env/lib/python3.10/site-packages/airflow/example_dags/example_params_ui_tutorial.py took 0.088 seconds
[2025-06-25T19:54:33.497-0400] {processor.py:161} INFO - Started process (PID=51071) to work on /opt/anaconda3/envs/airflow_env/lib/python3.10/site-packages/airflow/example_dags/example_params_ui_tutorial.py
[2025-06-25T19:54:33.498-0400] {processor.py:830} INFO - Processing file /opt/anaconda3/envs/airflow_env/lib/python3.10/site-packages/airflow/example_dags/example_params_ui_tutorial.py for tasks to queue
[2025-06-25T19:54:33.498-0400] {logging_mixin.py:188} INFO - [2025-06-25T19:54:33.498-0400] {dagbag.py:545} INFO - Filling up the DagBag from /opt/anaconda3/envs/airflow_env/lib/python3.10/site-packages/airflow/example_dags/example_params_ui_tutorial.py
[2025-06-25T19:54:33.513-0400] {processor.py:840} INFO - DAG(s) 'example_params_ui_tutorial' retrieved from /opt/anaconda3/envs/airflow_env/lib/python3.10/site-packages/airflow/example_dags/example_params_ui_tutorial.py
[2025-06-25T19:54:33.555-0400] {logging_mixin.py:188} INFO - [2025-06-25T19:54:33.555-0400] {dag.py:3096} INFO - Sync 1 DAGs
[2025-06-25T19:54:33.577-0400] {logging_mixin.py:188} INFO - [2025-06-25T19:54:33.577-0400] {dag.py:3954} INFO - Setting next_dagrun for example_params_ui_tutorial to None, run_after=None
[2025-06-25T19:54:33.584-0400] {processor.py:183} INFO - Processing /opt/anaconda3/envs/airflow_env/lib/python3.10/site-packages/airflow/example_dags/example_params_ui_tutorial.py took 0.090 seconds
[2025-06-25T19:55:04.335-0400] {processor.py:161} INFO - Started process (PID=51139) to work on /opt/anaconda3/envs/airflow_env/lib/python3.10/site-packages/airflow/example_dags/example_params_ui_tutorial.py
[2025-06-25T19:55:04.336-0400] {processor.py:830} INFO - Processing file /opt/anaconda3/envs/airflow_env/lib/python3.10/site-packages/airflow/example_dags/example_params_ui_tutorial.py for tasks to queue
[2025-06-25T19:55:04.336-0400] {logging_mixin.py:188} INFO - [2025-06-25T19:55:04.336-0400] {dagbag.py:545} INFO - Filling up the DagBag from /opt/anaconda3/envs/airflow_env/lib/python3.10/site-packages/airflow/example_dags/example_params_ui_tutorial.py
[2025-06-25T19:55:04.351-0400] {processor.py:840} INFO - DAG(s) 'example_params_ui_tutorial' retrieved from /opt/anaconda3/envs/airflow_env/lib/python3.10/site-packages/airflow/example_dags/example_params_ui_tutorial.py
[2025-06-25T19:55:04.394-0400] {logging_mixin.py:188} INFO - [2025-06-25T19:55:04.394-0400] {dag.py:3096} INFO - Sync 1 DAGs
[2025-06-25T19:55:04.419-0400] {logging_mixin.py:188} INFO - [2025-06-25T19:55:04.419-0400] {dag.py:3954} INFO - Setting next_dagrun for example_params_ui_tutorial to None, run_after=None
[2025-06-25T19:55:04.426-0400] {processor.py:183} INFO - Processing /opt/anaconda3/envs/airflow_env/lib/python3.10/site-packages/airflow/example_dags/example_params_ui_tutorial.py took 0.092 seconds
[2025-06-25T19:56:08.718-0400] {processor.py:161} INFO - Started process (PID=51298) to work on /opt/anaconda3/envs/airflow_env/lib/python3.10/site-packages/airflow/example_dags/example_params_ui_tutorial.py
[2025-06-25T19:56:08.718-0400] {processor.py:830} INFO - Processing file /opt/anaconda3/envs/airflow_env/lib/python3.10/site-packages/airflow/example_dags/example_params_ui_tutorial.py for tasks to queue
[2025-06-25T19:56:08.718-0400] {logging_mixin.py:188} INFO - [2025-06-25T19:56:08.718-0400] {dagbag.py:545} INFO - Filling up the DagBag from /opt/anaconda3/envs/airflow_env/lib/python3.10/site-packages/airflow/example_dags/example_params_ui_tutorial.py
[2025-06-25T19:56:08.734-0400] {processor.py:840} INFO - DAG(s) 'example_params_ui_tutorial' retrieved from /opt/anaconda3/envs/airflow_env/lib/python3.10/site-packages/airflow/example_dags/example_params_ui_tutorial.py
[2025-06-25T19:56:08.785-0400] {logging_mixin.py:188} INFO - [2025-06-25T19:56:08.784-0400] {dag.py:3096} INFO - Sync 1 DAGs
[2025-06-25T19:56:08.817-0400] {logging_mixin.py:188} INFO - [2025-06-25T19:56:08.817-0400] {dag.py:3954} INFO - Setting next_dagrun for example_params_ui_tutorial to None, run_after=None
[2025-06-25T19:56:08.825-0400] {processor.py:183} INFO - Processing /opt/anaconda3/envs/airflow_env/lib/python3.10/site-packages/airflow/example_dags/example_params_ui_tutorial.py took 0.109 seconds
[2025-06-25T19:56:40.637-0400] {processor.py:161} INFO - Started process (PID=51392) to work on /opt/anaconda3/envs/airflow_env/lib/python3.10/site-packages/airflow/example_dags/example_params_ui_tutorial.py
[2025-06-25T19:56:40.638-0400] {processor.py:830} INFO - Processing file /opt/anaconda3/envs/airflow_env/lib/python3.10/site-packages/airflow/example_dags/example_params_ui_tutorial.py for tasks to queue
[2025-06-25T19:56:40.638-0400] {logging_mixin.py:188} INFO - [2025-06-25T19:56:40.638-0400] {dagbag.py:545} INFO - Filling up the DagBag from /opt/anaconda3/envs/airflow_env/lib/python3.10/site-packages/airflow/example_dags/example_params_ui_tutorial.py
[2025-06-25T19:56:40.653-0400] {processor.py:840} INFO - DAG(s) 'example_params_ui_tutorial' retrieved from /opt/anaconda3/envs/airflow_env/lib/python3.10/site-packages/airflow/example_dags/example_params_ui_tutorial.py
[2025-06-25T19:56:40.696-0400] {logging_mixin.py:188} INFO - [2025-06-25T19:56:40.696-0400] {dag.py:3096} INFO - Sync 1 DAGs
[2025-06-25T19:56:40.721-0400] {logging_mixin.py:188} INFO - [2025-06-25T19:56:40.721-0400] {dag.py:3954} INFO - Setting next_dagrun for example_params_ui_tutorial to None, run_after=None
[2025-06-25T19:56:40.727-0400] {processor.py:183} INFO - Processing /opt/anaconda3/envs/airflow_env/lib/python3.10/site-packages/airflow/example_dags/example_params_ui_tutorial.py took 0.092 seconds
[2025-06-25T19:57:46.581-0400] {processor.py:161} INFO - Started process (PID=51534) to work on /opt/anaconda3/envs/airflow_env/lib/python3.10/site-packages/airflow/example_dags/example_params_ui_tutorial.py
[2025-06-25T19:57:46.582-0400] {processor.py:830} INFO - Processing file /opt/anaconda3/envs/airflow_env/lib/python3.10/site-packages/airflow/example_dags/example_params_ui_tutorial.py for tasks to queue
[2025-06-25T19:57:46.582-0400] {logging_mixin.py:188} INFO - [2025-06-25T19:57:46.582-0400] {dagbag.py:545} INFO - Filling up the DagBag from /opt/anaconda3/envs/airflow_env/lib/python3.10/site-packages/airflow/example_dags/example_params_ui_tutorial.py
[2025-06-25T19:57:46.597-0400] {processor.py:840} INFO - DAG(s) 'example_params_ui_tutorial' retrieved from /opt/anaconda3/envs/airflow_env/lib/python3.10/site-packages/airflow/example_dags/example_params_ui_tutorial.py
[2025-06-25T19:57:46.642-0400] {logging_mixin.py:188} INFO - [2025-06-25T19:57:46.642-0400] {dag.py:3096} INFO - Sync 1 DAGs
[2025-06-25T19:57:46.667-0400] {logging_mixin.py:188} INFO - [2025-06-25T19:57:46.667-0400] {dag.py:3954} INFO - Setting next_dagrun for example_params_ui_tutorial to None, run_after=None
[2025-06-25T19:57:46.675-0400] {processor.py:183} INFO - Processing /opt/anaconda3/envs/airflow_env/lib/python3.10/site-packages/airflow/example_dags/example_params_ui_tutorial.py took 0.096 seconds
[2025-06-25T19:58:17.431-0400] {processor.py:161} INFO - Started process (PID=51616) to work on /opt/anaconda3/envs/airflow_env/lib/python3.10/site-packages/airflow/example_dags/example_params_ui_tutorial.py
[2025-06-25T19:58:17.431-0400] {processor.py:830} INFO - Processing file /opt/anaconda3/envs/airflow_env/lib/python3.10/site-packages/airflow/example_dags/example_params_ui_tutorial.py for tasks to queue
[2025-06-25T19:58:17.431-0400] {logging_mixin.py:188} INFO - [2025-06-25T19:58:17.431-0400] {dagbag.py:545} INFO - Filling up the DagBag from /opt/anaconda3/envs/airflow_env/lib/python3.10/site-packages/airflow/example_dags/example_params_ui_tutorial.py
[2025-06-25T19:58:17.446-0400] {processor.py:840} INFO - DAG(s) 'example_params_ui_tutorial' retrieved from /opt/anaconda3/envs/airflow_env/lib/python3.10/site-packages/airflow/example_dags/example_params_ui_tutorial.py
[2025-06-25T19:58:17.488-0400] {logging_mixin.py:188} INFO - [2025-06-25T19:58:17.488-0400] {dag.py:3096} INFO - Sync 1 DAGs
[2025-06-25T19:58:17.511-0400] {logging_mixin.py:188} INFO - [2025-06-25T19:58:17.511-0400] {dag.py:3954} INFO - Setting next_dagrun for example_params_ui_tutorial to None, run_after=None
[2025-06-25T19:58:17.517-0400] {processor.py:183} INFO - Processing /opt/anaconda3/envs/airflow_env/lib/python3.10/site-packages/airflow/example_dags/example_params_ui_tutorial.py took 0.088 seconds
[2025-06-25T19:59:23.777-0400] {processor.py:161} INFO - Started process (PID=51828) to work on /opt/anaconda3/envs/airflow_env/lib/python3.10/site-packages/airflow/example_dags/example_params_ui_tutorial.py
[2025-06-25T19:59:23.778-0400] {processor.py:830} INFO - Processing file /opt/anaconda3/envs/airflow_env/lib/python3.10/site-packages/airflow/example_dags/example_params_ui_tutorial.py for tasks to queue
[2025-06-25T19:59:23.779-0400] {logging_mixin.py:188} INFO - [2025-06-25T19:59:23.779-0400] {dagbag.py:545} INFO - Filling up the DagBag from /opt/anaconda3/envs/airflow_env/lib/python3.10/site-packages/airflow/example_dags/example_params_ui_tutorial.py
[2025-06-25T19:59:23.796-0400] {processor.py:840} INFO - DAG(s) 'example_params_ui_tutorial' retrieved from /opt/anaconda3/envs/airflow_env/lib/python3.10/site-packages/airflow/example_dags/example_params_ui_tutorial.py
[2025-06-25T19:59:23.842-0400] {logging_mixin.py:188} INFO - [2025-06-25T19:59:23.842-0400] {dag.py:3096} INFO - Sync 1 DAGs
[2025-06-25T19:59:23.873-0400] {logging_mixin.py:188} INFO - [2025-06-25T19:59:23.873-0400] {dag.py:3954} INFO - Setting next_dagrun for example_params_ui_tutorial to None, run_after=None
[2025-06-25T19:59:23.880-0400] {processor.py:183} INFO - Processing /opt/anaconda3/envs/airflow_env/lib/python3.10/site-packages/airflow/example_dags/example_params_ui_tutorial.py took 0.105 seconds
[2025-06-25T19:59:54.514-0400] {processor.py:161} INFO - Started process (PID=53925) to work on /opt/anaconda3/envs/airflow_env/lib/python3.10/site-packages/airflow/example_dags/example_params_ui_tutorial.py
[2025-06-25T19:59:54.514-0400] {processor.py:830} INFO - Processing file /opt/anaconda3/envs/airflow_env/lib/python3.10/site-packages/airflow/example_dags/example_params_ui_tutorial.py for tasks to queue
[2025-06-25T19:59:54.515-0400] {logging_mixin.py:188} INFO - [2025-06-25T19:59:54.515-0400] {dagbag.py:545} INFO - Filling up the DagBag from /opt/anaconda3/envs/airflow_env/lib/python3.10/site-packages/airflow/example_dags/example_params_ui_tutorial.py
[2025-06-25T19:59:54.531-0400] {processor.py:840} INFO - DAG(s) 'example_params_ui_tutorial' retrieved from /opt/anaconda3/envs/airflow_env/lib/python3.10/site-packages/airflow/example_dags/example_params_ui_tutorial.py
[2025-06-25T19:59:54.577-0400] {logging_mixin.py:188} INFO - [2025-06-25T19:59:54.577-0400] {dag.py:3096} INFO - Sync 1 DAGs
[2025-06-25T19:59:54.604-0400] {logging_mixin.py:188} INFO - [2025-06-25T19:59:54.604-0400] {dag.py:3954} INFO - Setting next_dagrun for example_params_ui_tutorial to None, run_after=None
[2025-06-25T19:59:54.611-0400] {processor.py:183} INFO - Processing /opt/anaconda3/envs/airflow_env/lib/python3.10/site-packages/airflow/example_dags/example_params_ui_tutorial.py took 0.100 seconds
