[2025-06-25T17:56:54.889-0400] {processor.py:161} INFO - Started process (PID=34234) to work on /opt/anaconda3/envs/airflow_env/lib/python3.10/site-packages/airflow/example_dags/example_short_circuit_decorator.py
[2025-06-25T17:56:54.889-0400] {processor.py:830} INFO - Processing file /opt/anaconda3/envs/airflow_env/lib/python3.10/site-packages/airflow/example_dags/example_short_circuit_decorator.py for tasks to queue
[2025-06-25T17:56:54.889-0400] {logging_mixin.py:188} INFO - [2025-06-25T17:56:54.889-0400] {dagbag.py:545} INFO - Filling up the DagBag from /opt/anaconda3/envs/airflow_env/lib/python3.10/site-packages/airflow/example_dags/example_short_circuit_decorator.py
[2025-06-25T17:56:54.903-0400] {processor.py:840} INFO - DAG(s) 'example_short_circuit_decorator' retrieved from /opt/anaconda3/envs/airflow_env/lib/python3.10/site-packages/airflow/example_dags/example_short_circuit_decorator.py
[2025-06-25T17:56:54.983-0400] {logging_mixin.py:188} INFO - [2025-06-25T17:56:54.982-0400] {override.py:1829} INFO - Created Permission View: can read on DAG:example_short_circuit_decorator
[2025-06-25T17:56:54.985-0400] {logging_mixin.py:188} INFO - [2025-06-25T17:56:54.985-0400] {override.py:1829} INFO - Created Permission View: can edit on DAG:example_short_circuit_decorator
[2025-06-25T17:56:54.987-0400] {logging_mixin.py:188} INFO - [2025-06-25T17:56:54.987-0400] {override.py:1829} INFO - Created Permission View: can delete on DAG:example_short_circuit_decorator
[2025-06-25T17:56:54.988-0400] {logging_mixin.py:188} INFO - [2025-06-25T17:56:54.987-0400] {dag.py:3096} INFO - Sync 1 DAGs
[2025-06-25T17:56:54.991-0400] {logging_mixin.py:188} INFO - [2025-06-25T17:56:54.991-0400] {dag.py:3118} INFO - Creating ORM DAG for example_short_circuit_decorator
[2025-06-25T17:56:54.993-0400] {logging_mixin.py:188} INFO - [2025-06-25T17:56:54.993-0400] {dag.py:3954} INFO - Setting next_dagrun for example_short_circuit_decorator to 2025-06-24 00:00:00+00:00, run_after=2025-06-25 00:00:00+00:00
[2025-06-25T17:56:54.999-0400] {processor.py:183} INFO - Processing /opt/anaconda3/envs/airflow_env/lib/python3.10/site-packages/airflow/example_dags/example_short_circuit_decorator.py took 0.112 seconds
[2025-06-25T17:58:19.283-0400] {processor.py:161} INFO - Started process (PID=34844) to work on /opt/anaconda3/envs/airflow_env/lib/python3.10/site-packages/airflow/example_dags/example_short_circuit_decorator.py
[2025-06-25T17:58:19.284-0400] {processor.py:830} INFO - Processing file /opt/anaconda3/envs/airflow_env/lib/python3.10/site-packages/airflow/example_dags/example_short_circuit_decorator.py for tasks to queue
[2025-06-25T17:58:19.284-0400] {logging_mixin.py:188} INFO - [2025-06-25T17:58:19.284-0400] {dagbag.py:545} INFO - Filling up the DagBag from /opt/anaconda3/envs/airflow_env/lib/python3.10/site-packages/airflow/example_dags/example_short_circuit_decorator.py
[2025-06-25T17:58:19.298-0400] {processor.py:840} INFO - DAG(s) 'example_short_circuit_decorator' retrieved from /opt/anaconda3/envs/airflow_env/lib/python3.10/site-packages/airflow/example_dags/example_short_circuit_decorator.py
[2025-06-25T17:58:19.330-0400] {logging_mixin.py:188} INFO - [2025-06-25T17:58:19.329-0400] {dag.py:3096} INFO - Sync 1 DAGs
[2025-06-25T17:58:19.356-0400] {logging_mixin.py:188} INFO - [2025-06-25T17:58:19.355-0400] {dag.py:3954} INFO - Setting next_dagrun for example_short_circuit_decorator to 2025-06-24 00:00:00+00:00, run_after=2025-06-25 00:00:00+00:00
[2025-06-25T17:58:19.362-0400] {processor.py:183} INFO - Processing /opt/anaconda3/envs/airflow_env/lib/python3.10/site-packages/airflow/example_dags/example_short_circuit_decorator.py took 0.081 seconds
[2025-06-25T17:59:52.487-0400] {processor.py:161} INFO - Started process (PID=35820) to work on /opt/anaconda3/envs/airflow_env/lib/python3.10/site-packages/airflow/example_dags/example_short_circuit_decorator.py
[2025-06-25T17:59:52.487-0400] {processor.py:830} INFO - Processing file /opt/anaconda3/envs/airflow_env/lib/python3.10/site-packages/airflow/example_dags/example_short_circuit_decorator.py for tasks to queue
[2025-06-25T17:59:52.488-0400] {logging_mixin.py:188} INFO - [2025-06-25T17:59:52.488-0400] {dagbag.py:545} INFO - Filling up the DagBag from /opt/anaconda3/envs/airflow_env/lib/python3.10/site-packages/airflow/example_dags/example_short_circuit_decorator.py
[2025-06-25T17:59:52.501-0400] {processor.py:840} INFO - DAG(s) 'example_short_circuit_decorator' retrieved from /opt/anaconda3/envs/airflow_env/lib/python3.10/site-packages/airflow/example_dags/example_short_circuit_decorator.py
[2025-06-25T17:59:52.533-0400] {logging_mixin.py:188} INFO - [2025-06-25T17:59:52.533-0400] {dag.py:3096} INFO - Sync 1 DAGs
[2025-06-25T17:59:52.557-0400] {logging_mixin.py:188} INFO - [2025-06-25T17:59:52.557-0400] {dag.py:3954} INFO - Setting next_dagrun for example_short_circuit_decorator to 2025-06-24 00:00:00+00:00, run_after=2025-06-25 00:00:00+00:00
[2025-06-25T17:59:52.564-0400] {processor.py:183} INFO - Processing /opt/anaconda3/envs/airflow_env/lib/python3.10/site-packages/airflow/example_dags/example_short_circuit_decorator.py took 0.079 seconds
[2025-06-25T18:01:42.836-0400] {processor.py:161} INFO - Started process (PID=36545) to work on /opt/anaconda3/envs/airflow_env/lib/python3.10/site-packages/airflow/example_dags/example_short_circuit_decorator.py
[2025-06-25T18:01:42.837-0400] {processor.py:830} INFO - Processing file /opt/anaconda3/envs/airflow_env/lib/python3.10/site-packages/airflow/example_dags/example_short_circuit_decorator.py for tasks to queue
[2025-06-25T18:01:42.837-0400] {logging_mixin.py:188} INFO - [2025-06-25T18:01:42.837-0400] {dagbag.py:545} INFO - Filling up the DagBag from /opt/anaconda3/envs/airflow_env/lib/python3.10/site-packages/airflow/example_dags/example_short_circuit_decorator.py
[2025-06-25T18:01:42.850-0400] {processor.py:840} INFO - DAG(s) 'example_short_circuit_decorator' retrieved from /opt/anaconda3/envs/airflow_env/lib/python3.10/site-packages/airflow/example_dags/example_short_circuit_decorator.py
[2025-06-25T18:01:42.883-0400] {logging_mixin.py:188} INFO - [2025-06-25T18:01:42.883-0400] {dag.py:3096} INFO - Sync 1 DAGs
[2025-06-25T18:01:42.907-0400] {logging_mixin.py:188} INFO - [2025-06-25T18:01:42.907-0400] {dag.py:3954} INFO - Setting next_dagrun for example_short_circuit_decorator to 2025-06-24 00:00:00+00:00, run_after=2025-06-25 00:00:00+00:00
[2025-06-25T18:01:42.914-0400] {processor.py:183} INFO - Processing /opt/anaconda3/envs/airflow_env/lib/python3.10/site-packages/airflow/example_dags/example_short_circuit_decorator.py took 0.079 seconds
[2025-06-25T18:03:03.489-0400] {processor.py:161} INFO - Started process (PID=37233) to work on /opt/anaconda3/envs/airflow_env/lib/python3.10/site-packages/airflow/example_dags/example_short_circuit_decorator.py
[2025-06-25T18:03:03.489-0400] {processor.py:830} INFO - Processing file /opt/anaconda3/envs/airflow_env/lib/python3.10/site-packages/airflow/example_dags/example_short_circuit_decorator.py for tasks to queue
[2025-06-25T18:03:03.489-0400] {logging_mixin.py:188} INFO - [2025-06-25T18:03:03.489-0400] {dagbag.py:545} INFO - Filling up the DagBag from /opt/anaconda3/envs/airflow_env/lib/python3.10/site-packages/airflow/example_dags/example_short_circuit_decorator.py
[2025-06-25T18:03:03.504-0400] {processor.py:840} INFO - DAG(s) 'example_short_circuit_decorator' retrieved from /opt/anaconda3/envs/airflow_env/lib/python3.10/site-packages/airflow/example_dags/example_short_circuit_decorator.py
[2025-06-25T18:03:03.538-0400] {logging_mixin.py:188} INFO - [2025-06-25T18:03:03.538-0400] {dag.py:3096} INFO - Sync 1 DAGs
[2025-06-25T18:03:03.564-0400] {logging_mixin.py:188} INFO - [2025-06-25T18:03:03.564-0400] {dag.py:3954} INFO - Setting next_dagrun for example_short_circuit_decorator to 2025-06-24 00:00:00+00:00, run_after=2025-06-25 00:00:00+00:00
[2025-06-25T18:03:03.571-0400] {processor.py:183} INFO - Processing /opt/anaconda3/envs/airflow_env/lib/python3.10/site-packages/airflow/example_dags/example_short_circuit_decorator.py took 0.084 seconds
[2025-06-25T18:04:38.027-0400] {processor.py:161} INFO - Started process (PID=37338) to work on /opt/anaconda3/envs/airflow_env/lib/python3.10/site-packages/airflow/example_dags/example_short_circuit_decorator.py
[2025-06-25T18:04:38.028-0400] {processor.py:830} INFO - Processing file /opt/anaconda3/envs/airflow_env/lib/python3.10/site-packages/airflow/example_dags/example_short_circuit_decorator.py for tasks to queue
[2025-06-25T18:04:38.028-0400] {logging_mixin.py:188} INFO - [2025-06-25T18:04:38.028-0400] {dagbag.py:545} INFO - Filling up the DagBag from /opt/anaconda3/envs/airflow_env/lib/python3.10/site-packages/airflow/example_dags/example_short_circuit_decorator.py
[2025-06-25T18:04:38.042-0400] {processor.py:840} INFO - DAG(s) 'example_short_circuit_decorator' retrieved from /opt/anaconda3/envs/airflow_env/lib/python3.10/site-packages/airflow/example_dags/example_short_circuit_decorator.py
[2025-06-25T18:04:38.075-0400] {logging_mixin.py:188} INFO - [2025-06-25T18:04:38.074-0400] {dag.py:3096} INFO - Sync 1 DAGs
[2025-06-25T18:04:38.099-0400] {logging_mixin.py:188} INFO - [2025-06-25T18:04:38.099-0400] {dag.py:3954} INFO - Setting next_dagrun for example_short_circuit_decorator to 2025-06-24 00:00:00+00:00, run_after=2025-06-25 00:00:00+00:00
[2025-06-25T18:04:38.105-0400] {processor.py:183} INFO - Processing /opt/anaconda3/envs/airflow_env/lib/python3.10/site-packages/airflow/example_dags/example_short_circuit_decorator.py took 0.080 seconds
[2025-06-25T18:13:31.349-0400] {processor.py:161} INFO - Started process (PID=38079) to work on /opt/anaconda3/envs/airflow_env/lib/python3.10/site-packages/airflow/example_dags/example_short_circuit_decorator.py
[2025-06-25T18:13:31.350-0400] {processor.py:830} INFO - Processing file /opt/anaconda3/envs/airflow_env/lib/python3.10/site-packages/airflow/example_dags/example_short_circuit_decorator.py for tasks to queue
[2025-06-25T18:13:31.351-0400] {logging_mixin.py:188} INFO - [2025-06-25T18:13:31.351-0400] {dagbag.py:545} INFO - Filling up the DagBag from /opt/anaconda3/envs/airflow_env/lib/python3.10/site-packages/airflow/example_dags/example_short_circuit_decorator.py
[2025-06-25T18:13:31.364-0400] {processor.py:840} INFO - DAG(s) 'example_short_circuit_decorator' retrieved from /opt/anaconda3/envs/airflow_env/lib/python3.10/site-packages/airflow/example_dags/example_short_circuit_decorator.py
[2025-06-25T18:13:31.396-0400] {logging_mixin.py:188} INFO - [2025-06-25T18:13:31.396-0400] {dag.py:3096} INFO - Sync 1 DAGs
[2025-06-25T18:13:31.421-0400] {logging_mixin.py:188} INFO - [2025-06-25T18:13:31.421-0400] {dag.py:3954} INFO - Setting next_dagrun for example_short_circuit_decorator to 2025-06-24 00:00:00+00:00, run_after=2025-06-25 00:00:00+00:00
[2025-06-25T18:13:31.427-0400] {processor.py:183} INFO - Processing /opt/anaconda3/envs/airflow_env/lib/python3.10/site-packages/airflow/example_dags/example_short_circuit_decorator.py took 0.079 seconds
[2025-06-25T18:14:45.517-0400] {processor.py:161} INFO - Started process (PID=38213) to work on /opt/anaconda3/envs/airflow_env/lib/python3.10/site-packages/airflow/example_dags/example_short_circuit_decorator.py
[2025-06-25T18:14:45.517-0400] {processor.py:830} INFO - Processing file /opt/anaconda3/envs/airflow_env/lib/python3.10/site-packages/airflow/example_dags/example_short_circuit_decorator.py for tasks to queue
[2025-06-25T18:14:45.518-0400] {logging_mixin.py:188} INFO - [2025-06-25T18:14:45.517-0400] {dagbag.py:545} INFO - Filling up the DagBag from /opt/anaconda3/envs/airflow_env/lib/python3.10/site-packages/airflow/example_dags/example_short_circuit_decorator.py
[2025-06-25T18:14:45.532-0400] {processor.py:840} INFO - DAG(s) 'example_short_circuit_decorator' retrieved from /opt/anaconda3/envs/airflow_env/lib/python3.10/site-packages/airflow/example_dags/example_short_circuit_decorator.py
[2025-06-25T18:14:45.568-0400] {logging_mixin.py:188} INFO - [2025-06-25T18:14:45.568-0400] {dag.py:3096} INFO - Sync 1 DAGs
[2025-06-25T18:14:45.601-0400] {logging_mixin.py:188} INFO - [2025-06-25T18:14:45.601-0400] {dag.py:3954} INFO - Setting next_dagrun for example_short_circuit_decorator to 2025-06-24 00:00:00+00:00, run_after=2025-06-25 00:00:00+00:00
[2025-06-25T18:14:45.608-0400] {processor.py:183} INFO - Processing /opt/anaconda3/envs/airflow_env/lib/python3.10/site-packages/airflow/example_dags/example_short_circuit_decorator.py took 0.093 seconds
[2025-06-25T18:15:13.329-0400] {processor.py:161} INFO - Started process (PID=38280) to work on /opt/anaconda3/envs/airflow_env/lib/python3.10/site-packages/airflow/example_dags/example_short_circuit_decorator.py
[2025-06-25T18:15:13.329-0400] {processor.py:830} INFO - Processing file /opt/anaconda3/envs/airflow_env/lib/python3.10/site-packages/airflow/example_dags/example_short_circuit_decorator.py for tasks to queue
[2025-06-25T18:15:13.330-0400] {logging_mixin.py:188} INFO - [2025-06-25T18:15:13.330-0400] {dagbag.py:545} INFO - Filling up the DagBag from /opt/anaconda3/envs/airflow_env/lib/python3.10/site-packages/airflow/example_dags/example_short_circuit_decorator.py
[2025-06-25T18:15:13.344-0400] {processor.py:840} INFO - DAG(s) 'example_short_circuit_decorator' retrieved from /opt/anaconda3/envs/airflow_env/lib/python3.10/site-packages/airflow/example_dags/example_short_circuit_decorator.py
[2025-06-25T18:15:13.378-0400] {logging_mixin.py:188} INFO - [2025-06-25T18:15:13.378-0400] {dag.py:3096} INFO - Sync 1 DAGs
[2025-06-25T18:15:13.404-0400] {logging_mixin.py:188} INFO - [2025-06-25T18:15:13.404-0400] {dag.py:3954} INFO - Setting next_dagrun for example_short_circuit_decorator to 2025-06-24 00:00:00+00:00, run_after=2025-06-25 00:00:00+00:00
[2025-06-25T18:15:13.411-0400] {processor.py:183} INFO - Processing /opt/anaconda3/envs/airflow_env/lib/python3.10/site-packages/airflow/example_dags/example_short_circuit_decorator.py took 0.084 seconds
[2025-06-25T18:16:22.229-0400] {processor.py:161} INFO - Started process (PID=38405) to work on /opt/anaconda3/envs/airflow_env/lib/python3.10/site-packages/airflow/example_dags/example_short_circuit_decorator.py
[2025-06-25T18:16:22.230-0400] {processor.py:830} INFO - Processing file /opt/anaconda3/envs/airflow_env/lib/python3.10/site-packages/airflow/example_dags/example_short_circuit_decorator.py for tasks to queue
[2025-06-25T18:16:22.230-0400] {logging_mixin.py:188} INFO - [2025-06-25T18:16:22.230-0400] {dagbag.py:545} INFO - Filling up the DagBag from /opt/anaconda3/envs/airflow_env/lib/python3.10/site-packages/airflow/example_dags/example_short_circuit_decorator.py
[2025-06-25T18:16:22.245-0400] {processor.py:840} INFO - DAG(s) 'example_short_circuit_decorator' retrieved from /opt/anaconda3/envs/airflow_env/lib/python3.10/site-packages/airflow/example_dags/example_short_circuit_decorator.py
[2025-06-25T18:16:22.281-0400] {logging_mixin.py:188} INFO - [2025-06-25T18:16:22.281-0400] {dag.py:3096} INFO - Sync 1 DAGs
[2025-06-25T18:16:22.309-0400] {logging_mixin.py:188} INFO - [2025-06-25T18:16:22.309-0400] {dag.py:3954} INFO - Setting next_dagrun for example_short_circuit_decorator to 2025-06-24 00:00:00+00:00, run_after=2025-06-25 00:00:00+00:00
[2025-06-25T18:16:22.316-0400] {processor.py:183} INFO - Processing /opt/anaconda3/envs/airflow_env/lib/python3.10/site-packages/airflow/example_dags/example_short_circuit_decorator.py took 0.088 seconds
[2025-06-25T18:16:31.544-0400] {processor.py:161} INFO - Started process (PID=38417) to work on /opt/anaconda3/envs/airflow_env/lib/python3.10/site-packages/airflow/example_dags/example_short_circuit_decorator.py
[2025-06-25T18:16:31.544-0400] {processor.py:830} INFO - Processing file /opt/anaconda3/envs/airflow_env/lib/python3.10/site-packages/airflow/example_dags/example_short_circuit_decorator.py for tasks to queue
[2025-06-25T18:16:31.544-0400] {logging_mixin.py:188} INFO - [2025-06-25T18:16:31.544-0400] {dagbag.py:545} INFO - Filling up the DagBag from /opt/anaconda3/envs/airflow_env/lib/python3.10/site-packages/airflow/example_dags/example_short_circuit_decorator.py
[2025-06-25T18:16:31.558-0400] {processor.py:840} INFO - DAG(s) 'example_short_circuit_decorator' retrieved from /opt/anaconda3/envs/airflow_env/lib/python3.10/site-packages/airflow/example_dags/example_short_circuit_decorator.py
[2025-06-25T18:16:31.592-0400] {logging_mixin.py:188} INFO - [2025-06-25T18:16:31.592-0400] {dag.py:3096} INFO - Sync 1 DAGs
[2025-06-25T18:16:31.617-0400] {logging_mixin.py:188} INFO - [2025-06-25T18:16:31.617-0400] {dag.py:3954} INFO - Setting next_dagrun for example_short_circuit_decorator to 2025-06-24 00:00:00+00:00, run_after=2025-06-25 00:00:00+00:00
[2025-06-25T18:16:31.624-0400] {processor.py:183} INFO - Processing /opt/anaconda3/envs/airflow_env/lib/python3.10/site-packages/airflow/example_dags/example_short_circuit_decorator.py took 0.082 seconds
[2025-06-25T18:18:05.373-0400] {processor.py:161} INFO - Started process (PID=38700) to work on /opt/anaconda3/envs/airflow_env/lib/python3.10/site-packages/airflow/example_dags/example_short_circuit_decorator.py
[2025-06-25T18:18:05.373-0400] {processor.py:830} INFO - Processing file /opt/anaconda3/envs/airflow_env/lib/python3.10/site-packages/airflow/example_dags/example_short_circuit_decorator.py for tasks to queue
[2025-06-25T18:18:05.373-0400] {logging_mixin.py:188} INFO - [2025-06-25T18:18:05.373-0400] {dagbag.py:545} INFO - Filling up the DagBag from /opt/anaconda3/envs/airflow_env/lib/python3.10/site-packages/airflow/example_dags/example_short_circuit_decorator.py
[2025-06-25T18:18:05.388-0400] {processor.py:840} INFO - DAG(s) 'example_short_circuit_decorator' retrieved from /opt/anaconda3/envs/airflow_env/lib/python3.10/site-packages/airflow/example_dags/example_short_circuit_decorator.py
[2025-06-25T18:18:05.421-0400] {logging_mixin.py:188} INFO - [2025-06-25T18:18:05.421-0400] {dag.py:3096} INFO - Sync 1 DAGs
[2025-06-25T18:18:05.447-0400] {logging_mixin.py:188} INFO - [2025-06-25T18:18:05.447-0400] {dag.py:3954} INFO - Setting next_dagrun for example_short_circuit_decorator to 2025-06-24 00:00:00+00:00, run_after=2025-06-25 00:00:00+00:00
[2025-06-25T18:18:05.454-0400] {processor.py:183} INFO - Processing /opt/anaconda3/envs/airflow_env/lib/python3.10/site-packages/airflow/example_dags/example_short_circuit_decorator.py took 0.083 seconds
[2025-06-25T18:18:12.140-0400] {processor.py:161} INFO - Started process (PID=38718) to work on /opt/anaconda3/envs/airflow_env/lib/python3.10/site-packages/airflow/example_dags/example_short_circuit_decorator.py
[2025-06-25T18:18:12.140-0400] {processor.py:830} INFO - Processing file /opt/anaconda3/envs/airflow_env/lib/python3.10/site-packages/airflow/example_dags/example_short_circuit_decorator.py for tasks to queue
[2025-06-25T18:18:12.140-0400] {logging_mixin.py:188} INFO - [2025-06-25T18:18:12.140-0400] {dagbag.py:545} INFO - Filling up the DagBag from /opt/anaconda3/envs/airflow_env/lib/python3.10/site-packages/airflow/example_dags/example_short_circuit_decorator.py
[2025-06-25T18:18:12.155-0400] {processor.py:840} INFO - DAG(s) 'example_short_circuit_decorator' retrieved from /opt/anaconda3/envs/airflow_env/lib/python3.10/site-packages/airflow/example_dags/example_short_circuit_decorator.py
[2025-06-25T18:18:12.195-0400] {logging_mixin.py:188} INFO - [2025-06-25T18:18:12.194-0400] {dag.py:3096} INFO - Sync 1 DAGs
[2025-06-25T18:18:12.232-0400] {logging_mixin.py:188} INFO - [2025-06-25T18:18:12.232-0400] {dag.py:3954} INFO - Setting next_dagrun for example_short_circuit_decorator to 2025-06-24 00:00:00+00:00, run_after=2025-06-25 00:00:00+00:00
[2025-06-25T18:18:12.240-0400] {processor.py:183} INFO - Processing /opt/anaconda3/envs/airflow_env/lib/python3.10/site-packages/airflow/example_dags/example_short_circuit_decorator.py took 0.102 seconds
[2025-06-25T18:19:42.146-0400] {processor.py:161} INFO - Started process (PID=38906) to work on /opt/anaconda3/envs/airflow_env/lib/python3.10/site-packages/airflow/example_dags/example_short_circuit_decorator.py
[2025-06-25T18:19:42.146-0400] {processor.py:830} INFO - Processing file /opt/anaconda3/envs/airflow_env/lib/python3.10/site-packages/airflow/example_dags/example_short_circuit_decorator.py for tasks to queue
[2025-06-25T18:19:42.146-0400] {logging_mixin.py:188} INFO - [2025-06-25T18:19:42.146-0400] {dagbag.py:545} INFO - Filling up the DagBag from /opt/anaconda3/envs/airflow_env/lib/python3.10/site-packages/airflow/example_dags/example_short_circuit_decorator.py
[2025-06-25T18:19:42.162-0400] {processor.py:840} INFO - DAG(s) 'example_short_circuit_decorator' retrieved from /opt/anaconda3/envs/airflow_env/lib/python3.10/site-packages/airflow/example_dags/example_short_circuit_decorator.py
[2025-06-25T18:19:42.199-0400] {logging_mixin.py:188} INFO - [2025-06-25T18:19:42.199-0400] {dag.py:3096} INFO - Sync 1 DAGs
[2025-06-25T18:19:42.230-0400] {logging_mixin.py:188} INFO - [2025-06-25T18:19:42.230-0400] {dag.py:3954} INFO - Setting next_dagrun for example_short_circuit_decorator to 2025-06-24 00:00:00+00:00, run_after=2025-06-25 00:00:00+00:00
[2025-06-25T18:19:42.237-0400] {processor.py:183} INFO - Processing /opt/anaconda3/envs/airflow_env/lib/python3.10/site-packages/airflow/example_dags/example_short_circuit_decorator.py took 0.093 seconds
[2025-06-25T18:19:47.522-0400] {processor.py:161} INFO - Started process (PID=38915) to work on /opt/anaconda3/envs/airflow_env/lib/python3.10/site-packages/airflow/example_dags/example_short_circuit_decorator.py
[2025-06-25T18:19:47.522-0400] {processor.py:830} INFO - Processing file /opt/anaconda3/envs/airflow_env/lib/python3.10/site-packages/airflow/example_dags/example_short_circuit_decorator.py for tasks to queue
[2025-06-25T18:19:47.523-0400] {logging_mixin.py:188} INFO - [2025-06-25T18:19:47.523-0400] {dagbag.py:545} INFO - Filling up the DagBag from /opt/anaconda3/envs/airflow_env/lib/python3.10/site-packages/airflow/example_dags/example_short_circuit_decorator.py
[2025-06-25T18:19:47.536-0400] {processor.py:840} INFO - DAG(s) 'example_short_circuit_decorator' retrieved from /opt/anaconda3/envs/airflow_env/lib/python3.10/site-packages/airflow/example_dags/example_short_circuit_decorator.py
[2025-06-25T18:19:47.568-0400] {logging_mixin.py:188} INFO - [2025-06-25T18:19:47.568-0400] {dag.py:3096} INFO - Sync 1 DAGs
[2025-06-25T18:19:47.592-0400] {logging_mixin.py:188} INFO - [2025-06-25T18:19:47.592-0400] {dag.py:3954} INFO - Setting next_dagrun for example_short_circuit_decorator to 2025-06-24 00:00:00+00:00, run_after=2025-06-25 00:00:00+00:00
[2025-06-25T18:19:47.599-0400] {processor.py:183} INFO - Processing /opt/anaconda3/envs/airflow_env/lib/python3.10/site-packages/airflow/example_dags/example_short_circuit_decorator.py took 0.078 seconds
[2025-06-25T18:21:16.866-0400] {processor.py:161} INFO - Started process (PID=39086) to work on /opt/anaconda3/envs/airflow_env/lib/python3.10/site-packages/airflow/example_dags/example_short_circuit_decorator.py
[2025-06-25T18:21:16.866-0400] {processor.py:830} INFO - Processing file /opt/anaconda3/envs/airflow_env/lib/python3.10/site-packages/airflow/example_dags/example_short_circuit_decorator.py for tasks to queue
[2025-06-25T18:21:16.867-0400] {logging_mixin.py:188} INFO - [2025-06-25T18:21:16.867-0400] {dagbag.py:545} INFO - Filling up the DagBag from /opt/anaconda3/envs/airflow_env/lib/python3.10/site-packages/airflow/example_dags/example_short_circuit_decorator.py
[2025-06-25T18:21:16.882-0400] {processor.py:840} INFO - DAG(s) 'example_short_circuit_decorator' retrieved from /opt/anaconda3/envs/airflow_env/lib/python3.10/site-packages/airflow/example_dags/example_short_circuit_decorator.py
[2025-06-25T18:21:16.921-0400] {logging_mixin.py:188} INFO - [2025-06-25T18:21:16.921-0400] {dag.py:3096} INFO - Sync 1 DAGs
[2025-06-25T18:21:16.952-0400] {logging_mixin.py:188} INFO - [2025-06-25T18:21:16.952-0400] {dag.py:3954} INFO - Setting next_dagrun for example_short_circuit_decorator to 2025-06-24 00:00:00+00:00, run_after=2025-06-25 00:00:00+00:00
[2025-06-25T18:21:16.959-0400] {processor.py:183} INFO - Processing /opt/anaconda3/envs/airflow_env/lib/python3.10/site-packages/airflow/example_dags/example_short_circuit_decorator.py took 0.095 seconds
[2025-06-25T18:21:25.097-0400] {processor.py:161} INFO - Started process (PID=39099) to work on /opt/anaconda3/envs/airflow_env/lib/python3.10/site-packages/airflow/example_dags/example_short_circuit_decorator.py
[2025-06-25T18:21:25.097-0400] {processor.py:830} INFO - Processing file /opt/anaconda3/envs/airflow_env/lib/python3.10/site-packages/airflow/example_dags/example_short_circuit_decorator.py for tasks to queue
[2025-06-25T18:21:25.098-0400] {logging_mixin.py:188} INFO - [2025-06-25T18:21:25.098-0400] {dagbag.py:545} INFO - Filling up the DagBag from /opt/anaconda3/envs/airflow_env/lib/python3.10/site-packages/airflow/example_dags/example_short_circuit_decorator.py
[2025-06-25T18:21:25.114-0400] {processor.py:840} INFO - DAG(s) 'example_short_circuit_decorator' retrieved from /opt/anaconda3/envs/airflow_env/lib/python3.10/site-packages/airflow/example_dags/example_short_circuit_decorator.py
[2025-06-25T18:21:25.158-0400] {logging_mixin.py:188} INFO - [2025-06-25T18:21:25.158-0400] {dag.py:3096} INFO - Sync 1 DAGs
[2025-06-25T18:21:25.191-0400] {logging_mixin.py:188} INFO - [2025-06-25T18:21:25.191-0400] {dag.py:3954} INFO - Setting next_dagrun for example_short_circuit_decorator to 2025-06-24 00:00:00+00:00, run_after=2025-06-25 00:00:00+00:00
[2025-06-25T18:21:25.199-0400] {processor.py:183} INFO - Processing /opt/anaconda3/envs/airflow_env/lib/python3.10/site-packages/airflow/example_dags/example_short_circuit_decorator.py took 0.104 seconds
[2025-06-25T18:22:53.787-0400] {processor.py:161} INFO - Started process (PID=39272) to work on /opt/anaconda3/envs/airflow_env/lib/python3.10/site-packages/airflow/example_dags/example_short_circuit_decorator.py
[2025-06-25T18:22:53.788-0400] {processor.py:830} INFO - Processing file /opt/anaconda3/envs/airflow_env/lib/python3.10/site-packages/airflow/example_dags/example_short_circuit_decorator.py for tasks to queue
[2025-06-25T18:22:53.788-0400] {logging_mixin.py:188} INFO - [2025-06-25T18:22:53.788-0400] {dagbag.py:545} INFO - Filling up the DagBag from /opt/anaconda3/envs/airflow_env/lib/python3.10/site-packages/airflow/example_dags/example_short_circuit_decorator.py
[2025-06-25T18:22:53.802-0400] {processor.py:840} INFO - DAG(s) 'example_short_circuit_decorator' retrieved from /opt/anaconda3/envs/airflow_env/lib/python3.10/site-packages/airflow/example_dags/example_short_circuit_decorator.py
[2025-06-25T18:22:53.834-0400] {logging_mixin.py:188} INFO - [2025-06-25T18:22:53.834-0400] {dag.py:3096} INFO - Sync 1 DAGs
[2025-06-25T18:22:53.858-0400] {logging_mixin.py:188} INFO - [2025-06-25T18:22:53.858-0400] {dag.py:3954} INFO - Setting next_dagrun for example_short_circuit_decorator to 2025-06-24 00:00:00+00:00, run_after=2025-06-25 00:00:00+00:00
[2025-06-25T18:22:53.864-0400] {processor.py:183} INFO - Processing /opt/anaconda3/envs/airflow_env/lib/python3.10/site-packages/airflow/example_dags/example_short_circuit_decorator.py took 0.078 seconds
[2025-06-25T18:23:00.191-0400] {processor.py:161} INFO - Started process (PID=39285) to work on /opt/anaconda3/envs/airflow_env/lib/python3.10/site-packages/airflow/example_dags/example_short_circuit_decorator.py
[2025-06-25T18:23:00.191-0400] {processor.py:830} INFO - Processing file /opt/anaconda3/envs/airflow_env/lib/python3.10/site-packages/airflow/example_dags/example_short_circuit_decorator.py for tasks to queue
[2025-06-25T18:23:00.192-0400] {logging_mixin.py:188} INFO - [2025-06-25T18:23:00.192-0400] {dagbag.py:545} INFO - Filling up the DagBag from /opt/anaconda3/envs/airflow_env/lib/python3.10/site-packages/airflow/example_dags/example_short_circuit_decorator.py
[2025-06-25T18:23:00.207-0400] {processor.py:840} INFO - DAG(s) 'example_short_circuit_decorator' retrieved from /opt/anaconda3/envs/airflow_env/lib/python3.10/site-packages/airflow/example_dags/example_short_circuit_decorator.py
[2025-06-25T18:23:00.243-0400] {logging_mixin.py:188} INFO - [2025-06-25T18:23:00.243-0400] {dag.py:3096} INFO - Sync 1 DAGs
[2025-06-25T18:23:00.277-0400] {logging_mixin.py:188} INFO - [2025-06-25T18:23:00.276-0400] {dag.py:3954} INFO - Setting next_dagrun for example_short_circuit_decorator to 2025-06-24 00:00:00+00:00, run_after=2025-06-25 00:00:00+00:00
[2025-06-25T18:23:00.284-0400] {processor.py:183} INFO - Processing /opt/anaconda3/envs/airflow_env/lib/python3.10/site-packages/airflow/example_dags/example_short_circuit_decorator.py took 0.095 seconds
[2025-06-25T18:24:31.394-0400] {processor.py:161} INFO - Started process (PID=40162) to work on /opt/anaconda3/envs/airflow_env/lib/python3.10/site-packages/airflow/example_dags/example_short_circuit_decorator.py
[2025-06-25T18:24:31.395-0400] {processor.py:830} INFO - Processing file /opt/anaconda3/envs/airflow_env/lib/python3.10/site-packages/airflow/example_dags/example_short_circuit_decorator.py for tasks to queue
[2025-06-25T18:24:31.395-0400] {logging_mixin.py:188} INFO - [2025-06-25T18:24:31.395-0400] {dagbag.py:545} INFO - Filling up the DagBag from /opt/anaconda3/envs/airflow_env/lib/python3.10/site-packages/airflow/example_dags/example_short_circuit_decorator.py
[2025-06-25T18:24:31.411-0400] {processor.py:840} INFO - DAG(s) 'example_short_circuit_decorator' retrieved from /opt/anaconda3/envs/airflow_env/lib/python3.10/site-packages/airflow/example_dags/example_short_circuit_decorator.py
[2025-06-25T18:24:31.449-0400] {logging_mixin.py:188} INFO - [2025-06-25T18:24:31.449-0400] {dag.py:3096} INFO - Sync 1 DAGs
[2025-06-25T18:24:31.491-0400] {logging_mixin.py:188} INFO - [2025-06-25T18:24:31.491-0400] {dag.py:3954} INFO - Setting next_dagrun for example_short_circuit_decorator to 2025-06-24 00:00:00+00:00, run_after=2025-06-25 00:00:00+00:00
[2025-06-25T18:24:31.499-0400] {processor.py:183} INFO - Processing /opt/anaconda3/envs/airflow_env/lib/python3.10/site-packages/airflow/example_dags/example_short_circuit_decorator.py took 0.107 seconds
[2025-06-25T18:24:40.665-0400] {processor.py:161} INFO - Started process (PID=40187) to work on /opt/anaconda3/envs/airflow_env/lib/python3.10/site-packages/airflow/example_dags/example_short_circuit_decorator.py
[2025-06-25T18:24:40.665-0400] {processor.py:830} INFO - Processing file /opt/anaconda3/envs/airflow_env/lib/python3.10/site-packages/airflow/example_dags/example_short_circuit_decorator.py for tasks to queue
[2025-06-25T18:24:40.665-0400] {logging_mixin.py:188} INFO - [2025-06-25T18:24:40.665-0400] {dagbag.py:545} INFO - Filling up the DagBag from /opt/anaconda3/envs/airflow_env/lib/python3.10/site-packages/airflow/example_dags/example_short_circuit_decorator.py
[2025-06-25T18:24:40.679-0400] {processor.py:840} INFO - DAG(s) 'example_short_circuit_decorator' retrieved from /opt/anaconda3/envs/airflow_env/lib/python3.10/site-packages/airflow/example_dags/example_short_circuit_decorator.py
[2025-06-25T18:24:40.711-0400] {logging_mixin.py:188} INFO - [2025-06-25T18:24:40.711-0400] {dag.py:3096} INFO - Sync 1 DAGs
[2025-06-25T18:24:40.736-0400] {logging_mixin.py:188} INFO - [2025-06-25T18:24:40.736-0400] {dag.py:3954} INFO - Setting next_dagrun for example_short_circuit_decorator to 2025-06-24 00:00:00+00:00, run_after=2025-06-25 00:00:00+00:00
[2025-06-25T18:24:40.742-0400] {processor.py:183} INFO - Processing /opt/anaconda3/envs/airflow_env/lib/python3.10/site-packages/airflow/example_dags/example_short_circuit_decorator.py took 0.079 seconds
[2025-06-25T18:26:24.920-0400] {processor.py:161} INFO - Started process (PID=40875) to work on /opt/anaconda3/envs/airflow_env/lib/python3.10/site-packages/airflow/example_dags/example_short_circuit_decorator.py
[2025-06-25T18:26:24.921-0400] {processor.py:830} INFO - Processing file /opt/anaconda3/envs/airflow_env/lib/python3.10/site-packages/airflow/example_dags/example_short_circuit_decorator.py for tasks to queue
[2025-06-25T18:26:24.921-0400] {logging_mixin.py:188} INFO - [2025-06-25T18:26:24.921-0400] {dagbag.py:545} INFO - Filling up the DagBag from /opt/anaconda3/envs/airflow_env/lib/python3.10/site-packages/airflow/example_dags/example_short_circuit_decorator.py
[2025-06-25T18:26:24.937-0400] {processor.py:840} INFO - DAG(s) 'example_short_circuit_decorator' retrieved from /opt/anaconda3/envs/airflow_env/lib/python3.10/site-packages/airflow/example_dags/example_short_circuit_decorator.py
[2025-06-25T18:26:24.973-0400] {logging_mixin.py:188} INFO - [2025-06-25T18:26:24.973-0400] {dag.py:3096} INFO - Sync 1 DAGs
[2025-06-25T18:26:25.007-0400] {logging_mixin.py:188} INFO - [2025-06-25T18:26:25.007-0400] {dag.py:3954} INFO - Setting next_dagrun for example_short_circuit_decorator to 2025-06-24 00:00:00+00:00, run_after=2025-06-25 00:00:00+00:00
[2025-06-25T18:26:25.015-0400] {processor.py:183} INFO - Processing /opt/anaconda3/envs/airflow_env/lib/python3.10/site-packages/airflow/example_dags/example_short_circuit_decorator.py took 0.097 seconds
[2025-06-25T18:26:29.913-0400] {processor.py:161} INFO - Started process (PID=40888) to work on /opt/anaconda3/envs/airflow_env/lib/python3.10/site-packages/airflow/example_dags/example_short_circuit_decorator.py
[2025-06-25T18:26:29.913-0400] {processor.py:830} INFO - Processing file /opt/anaconda3/envs/airflow_env/lib/python3.10/site-packages/airflow/example_dags/example_short_circuit_decorator.py for tasks to queue
[2025-06-25T18:26:29.913-0400] {logging_mixin.py:188} INFO - [2025-06-25T18:26:29.913-0400] {dagbag.py:545} INFO - Filling up the DagBag from /opt/anaconda3/envs/airflow_env/lib/python3.10/site-packages/airflow/example_dags/example_short_circuit_decorator.py
[2025-06-25T18:26:29.928-0400] {processor.py:840} INFO - DAG(s) 'example_short_circuit_decorator' retrieved from /opt/anaconda3/envs/airflow_env/lib/python3.10/site-packages/airflow/example_dags/example_short_circuit_decorator.py
[2025-06-25T18:26:29.964-0400] {logging_mixin.py:188} INFO - [2025-06-25T18:26:29.964-0400] {dag.py:3096} INFO - Sync 1 DAGs
[2025-06-25T18:26:29.995-0400] {logging_mixin.py:188} INFO - [2025-06-25T18:26:29.995-0400] {dag.py:3954} INFO - Setting next_dagrun for example_short_circuit_decorator to 2025-06-24 00:00:00+00:00, run_after=2025-06-25 00:00:00+00:00
[2025-06-25T18:26:30.003-0400] {processor.py:183} INFO - Processing /opt/anaconda3/envs/airflow_env/lib/python3.10/site-packages/airflow/example_dags/example_short_circuit_decorator.py took 0.092 seconds
[2025-06-25T18:28:01.355-0400] {processor.py:161} INFO - Started process (PID=41068) to work on /opt/anaconda3/envs/airflow_env/lib/python3.10/site-packages/airflow/example_dags/example_short_circuit_decorator.py
[2025-06-25T18:28:01.355-0400] {processor.py:830} INFO - Processing file /opt/anaconda3/envs/airflow_env/lib/python3.10/site-packages/airflow/example_dags/example_short_circuit_decorator.py for tasks to queue
[2025-06-25T18:28:01.355-0400] {logging_mixin.py:188} INFO - [2025-06-25T18:28:01.355-0400] {dagbag.py:545} INFO - Filling up the DagBag from /opt/anaconda3/envs/airflow_env/lib/python3.10/site-packages/airflow/example_dags/example_short_circuit_decorator.py
[2025-06-25T18:28:01.369-0400] {processor.py:840} INFO - DAG(s) 'example_short_circuit_decorator' retrieved from /opt/anaconda3/envs/airflow_env/lib/python3.10/site-packages/airflow/example_dags/example_short_circuit_decorator.py
[2025-06-25T18:28:01.402-0400] {logging_mixin.py:188} INFO - [2025-06-25T18:28:01.402-0400] {dag.py:3096} INFO - Sync 1 DAGs
[2025-06-25T18:28:01.427-0400] {logging_mixin.py:188} INFO - [2025-06-25T18:28:01.427-0400] {dag.py:3954} INFO - Setting next_dagrun for example_short_circuit_decorator to 2025-06-24 00:00:00+00:00, run_after=2025-06-25 00:00:00+00:00
[2025-06-25T18:28:01.434-0400] {processor.py:183} INFO - Processing /opt/anaconda3/envs/airflow_env/lib/python3.10/site-packages/airflow/example_dags/example_short_circuit_decorator.py took 0.081 seconds
[2025-06-25T18:28:03.508-0400] {processor.py:161} INFO - Started process (PID=41071) to work on /opt/anaconda3/envs/airflow_env/lib/python3.10/site-packages/airflow/example_dags/example_short_circuit_decorator.py
[2025-06-25T18:28:03.508-0400] {processor.py:830} INFO - Processing file /opt/anaconda3/envs/airflow_env/lib/python3.10/site-packages/airflow/example_dags/example_short_circuit_decorator.py for tasks to queue
[2025-06-25T18:28:03.509-0400] {logging_mixin.py:188} INFO - [2025-06-25T18:28:03.509-0400] {dagbag.py:545} INFO - Filling up the DagBag from /opt/anaconda3/envs/airflow_env/lib/python3.10/site-packages/airflow/example_dags/example_short_circuit_decorator.py
[2025-06-25T18:28:03.522-0400] {processor.py:840} INFO - DAG(s) 'example_short_circuit_decorator' retrieved from /opt/anaconda3/envs/airflow_env/lib/python3.10/site-packages/airflow/example_dags/example_short_circuit_decorator.py
[2025-06-25T18:28:03.557-0400] {logging_mixin.py:188} INFO - [2025-06-25T18:28:03.557-0400] {dag.py:3096} INFO - Sync 1 DAGs
[2025-06-25T18:28:03.583-0400] {logging_mixin.py:188} INFO - [2025-06-25T18:28:03.583-0400] {dag.py:3954} INFO - Setting next_dagrun for example_short_circuit_decorator to 2025-06-24 00:00:00+00:00, run_after=2025-06-25 00:00:00+00:00
[2025-06-25T18:28:03.589-0400] {processor.py:183} INFO - Processing /opt/anaconda3/envs/airflow_env/lib/python3.10/site-packages/airflow/example_dags/example_short_circuit_decorator.py took 0.083 seconds
[2025-06-25T18:29:34.030-0400] {processor.py:161} INFO - Started process (PID=41254) to work on /opt/anaconda3/envs/airflow_env/lib/python3.10/site-packages/airflow/example_dags/example_short_circuit_decorator.py
[2025-06-25T18:29:34.031-0400] {processor.py:830} INFO - Processing file /opt/anaconda3/envs/airflow_env/lib/python3.10/site-packages/airflow/example_dags/example_short_circuit_decorator.py for tasks to queue
[2025-06-25T18:29:34.031-0400] {logging_mixin.py:188} INFO - [2025-06-25T18:29:34.031-0400] {dagbag.py:545} INFO - Filling up the DagBag from /opt/anaconda3/envs/airflow_env/lib/python3.10/site-packages/airflow/example_dags/example_short_circuit_decorator.py
[2025-06-25T18:29:34.044-0400] {processor.py:840} INFO - DAG(s) 'example_short_circuit_decorator' retrieved from /opt/anaconda3/envs/airflow_env/lib/python3.10/site-packages/airflow/example_dags/example_short_circuit_decorator.py
[2025-06-25T18:29:34.078-0400] {logging_mixin.py:188} INFO - [2025-06-25T18:29:34.078-0400] {dag.py:3096} INFO - Sync 1 DAGs
[2025-06-25T18:29:34.103-0400] {logging_mixin.py:188} INFO - [2025-06-25T18:29:34.103-0400] {dag.py:3954} INFO - Setting next_dagrun for example_short_circuit_decorator to 2025-06-24 00:00:00+00:00, run_after=2025-06-25 00:00:00+00:00
[2025-06-25T18:29:34.110-0400] {processor.py:183} INFO - Processing /opt/anaconda3/envs/airflow_env/lib/python3.10/site-packages/airflow/example_dags/example_short_circuit_decorator.py took 0.081 seconds
[2025-06-25T18:29:34.634-0400] {processor.py:161} INFO - Started process (PID=41255) to work on /opt/anaconda3/envs/airflow_env/lib/python3.10/site-packages/airflow/example_dags/example_short_circuit_decorator.py
[2025-06-25T18:29:34.634-0400] {processor.py:830} INFO - Processing file /opt/anaconda3/envs/airflow_env/lib/python3.10/site-packages/airflow/example_dags/example_short_circuit_decorator.py for tasks to queue
[2025-06-25T18:29:34.635-0400] {logging_mixin.py:188} INFO - [2025-06-25T18:29:34.635-0400] {dagbag.py:545} INFO - Filling up the DagBag from /opt/anaconda3/envs/airflow_env/lib/python3.10/site-packages/airflow/example_dags/example_short_circuit_decorator.py
[2025-06-25T18:29:34.649-0400] {processor.py:840} INFO - DAG(s) 'example_short_circuit_decorator' retrieved from /opt/anaconda3/envs/airflow_env/lib/python3.10/site-packages/airflow/example_dags/example_short_circuit_decorator.py
[2025-06-25T18:29:34.682-0400] {logging_mixin.py:188} INFO - [2025-06-25T18:29:34.682-0400] {dag.py:3096} INFO - Sync 1 DAGs
[2025-06-25T18:29:34.707-0400] {logging_mixin.py:188} INFO - [2025-06-25T18:29:34.707-0400] {dag.py:3954} INFO - Setting next_dagrun for example_short_circuit_decorator to 2025-06-24 00:00:00+00:00, run_after=2025-06-25 00:00:00+00:00
[2025-06-25T18:29:34.714-0400] {processor.py:183} INFO - Processing /opt/anaconda3/envs/airflow_env/lib/python3.10/site-packages/airflow/example_dags/example_short_circuit_decorator.py took 0.081 seconds
[2025-06-25T18:31:15.797-0400] {processor.py:161} INFO - Started process (PID=41471) to work on /opt/anaconda3/envs/airflow_env/lib/python3.10/site-packages/airflow/example_dags/example_short_circuit_decorator.py
[2025-06-25T18:31:15.797-0400] {processor.py:830} INFO - Processing file /opt/anaconda3/envs/airflow_env/lib/python3.10/site-packages/airflow/example_dags/example_short_circuit_decorator.py for tasks to queue
[2025-06-25T18:31:15.797-0400] {logging_mixin.py:188} INFO - [2025-06-25T18:31:15.797-0400] {dagbag.py:545} INFO - Filling up the DagBag from /opt/anaconda3/envs/airflow_env/lib/python3.10/site-packages/airflow/example_dags/example_short_circuit_decorator.py
[2025-06-25T18:31:15.811-0400] {processor.py:840} INFO - DAG(s) 'example_short_circuit_decorator' retrieved from /opt/anaconda3/envs/airflow_env/lib/python3.10/site-packages/airflow/example_dags/example_short_circuit_decorator.py
[2025-06-25T18:31:15.843-0400] {logging_mixin.py:188} INFO - [2025-06-25T18:31:15.843-0400] {dag.py:3096} INFO - Sync 1 DAGs
[2025-06-25T18:31:15.868-0400] {logging_mixin.py:188} INFO - [2025-06-25T18:31:15.868-0400] {dag.py:3954} INFO - Setting next_dagrun for example_short_circuit_decorator to 2025-06-24 00:00:00+00:00, run_after=2025-06-25 00:00:00+00:00
[2025-06-25T18:31:15.874-0400] {processor.py:183} INFO - Processing /opt/anaconda3/envs/airflow_env/lib/python3.10/site-packages/airflow/example_dags/example_short_circuit_decorator.py took 0.079 seconds
[2025-06-25T18:31:23.954-0400] {processor.py:161} INFO - Started process (PID=41488) to work on /opt/anaconda3/envs/airflow_env/lib/python3.10/site-packages/airflow/example_dags/example_short_circuit_decorator.py
[2025-06-25T18:31:23.954-0400] {processor.py:830} INFO - Processing file /opt/anaconda3/envs/airflow_env/lib/python3.10/site-packages/airflow/example_dags/example_short_circuit_decorator.py for tasks to queue
[2025-06-25T18:31:23.955-0400] {logging_mixin.py:188} INFO - [2025-06-25T18:31:23.955-0400] {dagbag.py:545} INFO - Filling up the DagBag from /opt/anaconda3/envs/airflow_env/lib/python3.10/site-packages/airflow/example_dags/example_short_circuit_decorator.py
[2025-06-25T18:31:23.968-0400] {processor.py:840} INFO - DAG(s) 'example_short_circuit_decorator' retrieved from /opt/anaconda3/envs/airflow_env/lib/python3.10/site-packages/airflow/example_dags/example_short_circuit_decorator.py
[2025-06-25T18:31:24.001-0400] {logging_mixin.py:188} INFO - [2025-06-25T18:31:24.000-0400] {dag.py:3096} INFO - Sync 1 DAGs
[2025-06-25T18:31:24.025-0400] {logging_mixin.py:188} INFO - [2025-06-25T18:31:24.025-0400] {dag.py:3954} INFO - Setting next_dagrun for example_short_circuit_decorator to 2025-06-24 00:00:00+00:00, run_after=2025-06-25 00:00:00+00:00
[2025-06-25T18:31:24.031-0400] {processor.py:183} INFO - Processing /opt/anaconda3/envs/airflow_env/lib/python3.10/site-packages/airflow/example_dags/example_short_circuit_decorator.py took 0.079 seconds
[2025-06-25T18:32:50.434-0400] {processor.py:161} INFO - Started process (PID=41671) to work on /opt/anaconda3/envs/airflow_env/lib/python3.10/site-packages/airflow/example_dags/example_short_circuit_decorator.py
[2025-06-25T18:32:50.435-0400] {processor.py:830} INFO - Processing file /opt/anaconda3/envs/airflow_env/lib/python3.10/site-packages/airflow/example_dags/example_short_circuit_decorator.py for tasks to queue
[2025-06-25T18:32:50.435-0400] {logging_mixin.py:188} INFO - [2025-06-25T18:32:50.435-0400] {dagbag.py:545} INFO - Filling up the DagBag from /opt/anaconda3/envs/airflow_env/lib/python3.10/site-packages/airflow/example_dags/example_short_circuit_decorator.py
[2025-06-25T18:32:50.450-0400] {processor.py:840} INFO - DAG(s) 'example_short_circuit_decorator' retrieved from /opt/anaconda3/envs/airflow_env/lib/python3.10/site-packages/airflow/example_dags/example_short_circuit_decorator.py
[2025-06-25T18:32:50.483-0400] {logging_mixin.py:188} INFO - [2025-06-25T18:32:50.483-0400] {dag.py:3096} INFO - Sync 1 DAGs
[2025-06-25T18:32:50.509-0400] {logging_mixin.py:188} INFO - [2025-06-25T18:32:50.509-0400] {dag.py:3954} INFO - Setting next_dagrun for example_short_circuit_decorator to 2025-06-24 00:00:00+00:00, run_after=2025-06-25 00:00:00+00:00
[2025-06-25T18:32:50.515-0400] {processor.py:183} INFO - Processing /opt/anaconda3/envs/airflow_env/lib/python3.10/site-packages/airflow/example_dags/example_short_circuit_decorator.py took 0.083 seconds
[2025-06-25T18:32:56.683-0400] {processor.py:161} INFO - Started process (PID=41681) to work on /opt/anaconda3/envs/airflow_env/lib/python3.10/site-packages/airflow/example_dags/example_short_circuit_decorator.py
[2025-06-25T18:32:56.684-0400] {processor.py:830} INFO - Processing file /opt/anaconda3/envs/airflow_env/lib/python3.10/site-packages/airflow/example_dags/example_short_circuit_decorator.py for tasks to queue
[2025-06-25T18:32:56.684-0400] {logging_mixin.py:188} INFO - [2025-06-25T18:32:56.684-0400] {dagbag.py:545} INFO - Filling up the DagBag from /opt/anaconda3/envs/airflow_env/lib/python3.10/site-packages/airflow/example_dags/example_short_circuit_decorator.py
[2025-06-25T18:32:56.698-0400] {processor.py:840} INFO - DAG(s) 'example_short_circuit_decorator' retrieved from /opt/anaconda3/envs/airflow_env/lib/python3.10/site-packages/airflow/example_dags/example_short_circuit_decorator.py
[2025-06-25T18:32:56.730-0400] {logging_mixin.py:188} INFO - [2025-06-25T18:32:56.730-0400] {dag.py:3096} INFO - Sync 1 DAGs
[2025-06-25T18:32:56.755-0400] {logging_mixin.py:188} INFO - [2025-06-25T18:32:56.755-0400] {dag.py:3954} INFO - Setting next_dagrun for example_short_circuit_decorator to 2025-06-24 00:00:00+00:00, run_after=2025-06-25 00:00:00+00:00
[2025-06-25T18:32:56.761-0400] {processor.py:183} INFO - Processing /opt/anaconda3/envs/airflow_env/lib/python3.10/site-packages/airflow/example_dags/example_short_circuit_decorator.py took 0.079 seconds
[2025-06-25T18:34:29.294-0400] {processor.py:161} INFO - Started process (PID=41861) to work on /opt/anaconda3/envs/airflow_env/lib/python3.10/site-packages/airflow/example_dags/example_short_circuit_decorator.py
[2025-06-25T18:34:29.294-0400] {processor.py:830} INFO - Processing file /opt/anaconda3/envs/airflow_env/lib/python3.10/site-packages/airflow/example_dags/example_short_circuit_decorator.py for tasks to queue
[2025-06-25T18:34:29.294-0400] {logging_mixin.py:188} INFO - [2025-06-25T18:34:29.294-0400] {dagbag.py:545} INFO - Filling up the DagBag from /opt/anaconda3/envs/airflow_env/lib/python3.10/site-packages/airflow/example_dags/example_short_circuit_decorator.py
[2025-06-25T18:34:29.298-0400] {processor.py:161} INFO - Started process (PID=41862) to work on /opt/anaconda3/envs/airflow_env/lib/python3.10/site-packages/airflow/example_dags/example_short_circuit_decorator.py
[2025-06-25T18:34:29.299-0400] {processor.py:830} INFO - Processing file /opt/anaconda3/envs/airflow_env/lib/python3.10/site-packages/airflow/example_dags/example_short_circuit_decorator.py for tasks to queue
[2025-06-25T18:34:29.299-0400] {logging_mixin.py:188} INFO - [2025-06-25T18:34:29.299-0400] {dagbag.py:545} INFO - Filling up the DagBag from /opt/anaconda3/envs/airflow_env/lib/python3.10/site-packages/airflow/example_dags/example_short_circuit_decorator.py
[2025-06-25T18:34:29.309-0400] {processor.py:840} INFO - DAG(s) 'example_short_circuit_decorator' retrieved from /opt/anaconda3/envs/airflow_env/lib/python3.10/site-packages/airflow/example_dags/example_short_circuit_decorator.py
[2025-06-25T18:34:29.313-0400] {processor.py:840} INFO - DAG(s) 'example_short_circuit_decorator' retrieved from /opt/anaconda3/envs/airflow_env/lib/python3.10/site-packages/airflow/example_dags/example_short_circuit_decorator.py
[2025-06-25T18:34:29.343-0400] {logging_mixin.py:188} INFO - [2025-06-25T18:34:29.343-0400] {dag.py:3096} INFO - Sync 1 DAGs
[2025-06-25T18:34:29.346-0400] {logging_mixin.py:188} INFO - [2025-06-25T18:34:29.346-0400] {dag.py:3096} INFO - Sync 1 DAGs
[2025-06-25T18:34:29.375-0400] {logging_mixin.py:188} INFO - [2025-06-25T18:34:29.375-0400] {dag.py:3954} INFO - Setting next_dagrun for example_short_circuit_decorator to 2025-06-24 00:00:00+00:00, run_after=2025-06-25 00:00:00+00:00
[2025-06-25T18:34:29.378-0400] {logging_mixin.py:188} INFO - [2025-06-25T18:34:29.378-0400] {dag.py:3954} INFO - Setting next_dagrun for example_short_circuit_decorator to 2025-06-24 00:00:00+00:00, run_after=2025-06-25 00:00:00+00:00
[2025-06-25T18:34:29.385-0400] {processor.py:183} INFO - Processing /opt/anaconda3/envs/airflow_env/lib/python3.10/site-packages/airflow/example_dags/example_short_circuit_decorator.py took 0.093 seconds
[2025-06-25T18:34:29.386-0400] {processor.py:183} INFO - Processing /opt/anaconda3/envs/airflow_env/lib/python3.10/site-packages/airflow/example_dags/example_short_circuit_decorator.py took 0.089 seconds
[2025-06-25T18:36:16.326-0400] {processor.py:161} INFO - Started process (PID=42089) to work on /opt/anaconda3/envs/airflow_env/lib/python3.10/site-packages/airflow/example_dags/example_short_circuit_decorator.py
[2025-06-25T18:36:16.326-0400] {processor.py:830} INFO - Processing file /opt/anaconda3/envs/airflow_env/lib/python3.10/site-packages/airflow/example_dags/example_short_circuit_decorator.py for tasks to queue
[2025-06-25T18:36:16.326-0400] {logging_mixin.py:188} INFO - [2025-06-25T18:36:16.326-0400] {dagbag.py:545} INFO - Filling up the DagBag from /opt/anaconda3/envs/airflow_env/lib/python3.10/site-packages/airflow/example_dags/example_short_circuit_decorator.py
[2025-06-25T18:36:16.341-0400] {processor.py:840} INFO - DAG(s) 'example_short_circuit_decorator' retrieved from /opt/anaconda3/envs/airflow_env/lib/python3.10/site-packages/airflow/example_dags/example_short_circuit_decorator.py
[2025-06-25T18:36:16.373-0400] {logging_mixin.py:188} INFO - [2025-06-25T18:36:16.373-0400] {dag.py:3096} INFO - Sync 1 DAGs
[2025-06-25T18:36:16.397-0400] {logging_mixin.py:188} INFO - [2025-06-25T18:36:16.397-0400] {dag.py:3954} INFO - Setting next_dagrun for example_short_circuit_decorator to 2025-06-24 00:00:00+00:00, run_after=2025-06-25 00:00:00+00:00
[2025-06-25T18:36:16.403-0400] {processor.py:183} INFO - Processing /opt/anaconda3/envs/airflow_env/lib/python3.10/site-packages/airflow/example_dags/example_short_circuit_decorator.py took 0.079 seconds
[2025-06-25T18:36:19.413-0400] {processor.py:161} INFO - Started process (PID=42096) to work on /opt/anaconda3/envs/airflow_env/lib/python3.10/site-packages/airflow/example_dags/example_short_circuit_decorator.py
[2025-06-25T18:36:19.414-0400] {processor.py:830} INFO - Processing file /opt/anaconda3/envs/airflow_env/lib/python3.10/site-packages/airflow/example_dags/example_short_circuit_decorator.py for tasks to queue
[2025-06-25T18:36:19.414-0400] {logging_mixin.py:188} INFO - [2025-06-25T18:36:19.414-0400] {dagbag.py:545} INFO - Filling up the DagBag from /opt/anaconda3/envs/airflow_env/lib/python3.10/site-packages/airflow/example_dags/example_short_circuit_decorator.py
[2025-06-25T18:36:19.441-0400] {processor.py:840} INFO - DAG(s) 'example_short_circuit_decorator' retrieved from /opt/anaconda3/envs/airflow_env/lib/python3.10/site-packages/airflow/example_dags/example_short_circuit_decorator.py
[2025-06-25T18:36:19.535-0400] {logging_mixin.py:188} INFO - [2025-06-25T18:36:19.535-0400] {dag.py:3096} INFO - Sync 1 DAGs
[2025-06-25T18:36:19.579-0400] {logging_mixin.py:188} INFO - [2025-06-25T18:36:19.579-0400] {dag.py:3954} INFO - Setting next_dagrun for example_short_circuit_decorator to 2025-06-24 00:00:00+00:00, run_after=2025-06-25 00:00:00+00:00
[2025-06-25T18:36:19.589-0400] {processor.py:183} INFO - Processing /opt/anaconda3/envs/airflow_env/lib/python3.10/site-packages/airflow/example_dags/example_short_circuit_decorator.py took 0.179 seconds
[2025-06-25T18:37:55.953-0400] {processor.py:161} INFO - Started process (PID=42266) to work on /opt/anaconda3/envs/airflow_env/lib/python3.10/site-packages/airflow/example_dags/example_short_circuit_decorator.py
[2025-06-25T18:37:55.953-0400] {processor.py:830} INFO - Processing file /opt/anaconda3/envs/airflow_env/lib/python3.10/site-packages/airflow/example_dags/example_short_circuit_decorator.py for tasks to queue
[2025-06-25T18:37:55.953-0400] {logging_mixin.py:188} INFO - [2025-06-25T18:37:55.953-0400] {dagbag.py:545} INFO - Filling up the DagBag from /opt/anaconda3/envs/airflow_env/lib/python3.10/site-packages/airflow/example_dags/example_short_circuit_decorator.py
[2025-06-25T18:37:55.967-0400] {processor.py:840} INFO - DAG(s) 'example_short_circuit_decorator' retrieved from /opt/anaconda3/envs/airflow_env/lib/python3.10/site-packages/airflow/example_dags/example_short_circuit_decorator.py
[2025-06-25T18:37:55.999-0400] {logging_mixin.py:188} INFO - [2025-06-25T18:37:55.999-0400] {dag.py:3096} INFO - Sync 1 DAGs
[2025-06-25T18:37:56.026-0400] {logging_mixin.py:188} INFO - [2025-06-25T18:37:56.026-0400] {dag.py:3954} INFO - Setting next_dagrun for example_short_circuit_decorator to 2025-06-24 00:00:00+00:00, run_after=2025-06-25 00:00:00+00:00
[2025-06-25T18:37:56.032-0400] {processor.py:183} INFO - Processing /opt/anaconda3/envs/airflow_env/lib/python3.10/site-packages/airflow/example_dags/example_short_circuit_decorator.py took 0.081 seconds
[2025-06-25T18:37:58.826-0400] {processor.py:161} INFO - Started process (PID=42270) to work on /opt/anaconda3/envs/airflow_env/lib/python3.10/site-packages/airflow/example_dags/example_short_circuit_decorator.py
[2025-06-25T18:37:58.827-0400] {processor.py:830} INFO - Processing file /opt/anaconda3/envs/airflow_env/lib/python3.10/site-packages/airflow/example_dags/example_short_circuit_decorator.py for tasks to queue
[2025-06-25T18:37:58.827-0400] {logging_mixin.py:188} INFO - [2025-06-25T18:37:58.827-0400] {dagbag.py:545} INFO - Filling up the DagBag from /opt/anaconda3/envs/airflow_env/lib/python3.10/site-packages/airflow/example_dags/example_short_circuit_decorator.py
[2025-06-25T18:37:58.840-0400] {processor.py:840} INFO - DAG(s) 'example_short_circuit_decorator' retrieved from /opt/anaconda3/envs/airflow_env/lib/python3.10/site-packages/airflow/example_dags/example_short_circuit_decorator.py
[2025-06-25T18:37:58.873-0400] {logging_mixin.py:188} INFO - [2025-06-25T18:37:58.873-0400] {dag.py:3096} INFO - Sync 1 DAGs
[2025-06-25T18:37:58.898-0400] {logging_mixin.py:188} INFO - [2025-06-25T18:37:58.898-0400] {dag.py:3954} INFO - Setting next_dagrun for example_short_circuit_decorator to 2025-06-24 00:00:00+00:00, run_after=2025-06-25 00:00:00+00:00
[2025-06-25T18:37:58.905-0400] {processor.py:183} INFO - Processing /opt/anaconda3/envs/airflow_env/lib/python3.10/site-packages/airflow/example_dags/example_short_circuit_decorator.py took 0.080 seconds
[2025-06-25T18:39:30.350-0400] {processor.py:161} INFO - Started process (PID=42491) to work on /opt/anaconda3/envs/airflow_env/lib/python3.10/site-packages/airflow/example_dags/example_short_circuit_decorator.py
[2025-06-25T18:39:30.352-0400] {processor.py:830} INFO - Processing file /opt/anaconda3/envs/airflow_env/lib/python3.10/site-packages/airflow/example_dags/example_short_circuit_decorator.py for tasks to queue
[2025-06-25T18:39:30.352-0400] {logging_mixin.py:188} INFO - [2025-06-25T18:39:30.352-0400] {dagbag.py:545} INFO - Filling up the DagBag from /opt/anaconda3/envs/airflow_env/lib/python3.10/site-packages/airflow/example_dags/example_short_circuit_decorator.py
[2025-06-25T18:39:30.365-0400] {processor.py:840} INFO - DAG(s) 'example_short_circuit_decorator' retrieved from /opt/anaconda3/envs/airflow_env/lib/python3.10/site-packages/airflow/example_dags/example_short_circuit_decorator.py
[2025-06-25T18:39:30.399-0400] {logging_mixin.py:188} INFO - [2025-06-25T18:39:30.398-0400] {dag.py:3096} INFO - Sync 1 DAGs
[2025-06-25T18:39:30.425-0400] {logging_mixin.py:188} INFO - [2025-06-25T18:39:30.425-0400] {dag.py:3954} INFO - Setting next_dagrun for example_short_circuit_decorator to 2025-06-24 00:00:00+00:00, run_after=2025-06-25 00:00:00+00:00
[2025-06-25T18:39:30.432-0400] {processor.py:183} INFO - Processing /opt/anaconda3/envs/airflow_env/lib/python3.10/site-packages/airflow/example_dags/example_short_circuit_decorator.py took 0.083 seconds
[2025-06-25T18:39:35.788-0400] {processor.py:161} INFO - Started process (PID=42502) to work on /opt/anaconda3/envs/airflow_env/lib/python3.10/site-packages/airflow/example_dags/example_short_circuit_decorator.py
[2025-06-25T18:39:35.789-0400] {processor.py:830} INFO - Processing file /opt/anaconda3/envs/airflow_env/lib/python3.10/site-packages/airflow/example_dags/example_short_circuit_decorator.py for tasks to queue
[2025-06-25T18:39:35.789-0400] {logging_mixin.py:188} INFO - [2025-06-25T18:39:35.789-0400] {dagbag.py:545} INFO - Filling up the DagBag from /opt/anaconda3/envs/airflow_env/lib/python3.10/site-packages/airflow/example_dags/example_short_circuit_decorator.py
[2025-06-25T18:39:35.804-0400] {processor.py:840} INFO - DAG(s) 'example_short_circuit_decorator' retrieved from /opt/anaconda3/envs/airflow_env/lib/python3.10/site-packages/airflow/example_dags/example_short_circuit_decorator.py
[2025-06-25T18:39:35.844-0400] {logging_mixin.py:188} INFO - [2025-06-25T18:39:35.843-0400] {dag.py:3096} INFO - Sync 1 DAGs
[2025-06-25T18:39:35.880-0400] {logging_mixin.py:188} INFO - [2025-06-25T18:39:35.880-0400] {dag.py:3954} INFO - Setting next_dagrun for example_short_circuit_decorator to 2025-06-24 00:00:00+00:00, run_after=2025-06-25 00:00:00+00:00
[2025-06-25T18:39:35.892-0400] {processor.py:183} INFO - Processing /opt/anaconda3/envs/airflow_env/lib/python3.10/site-packages/airflow/example_dags/example_short_circuit_decorator.py took 0.105 seconds
[2025-06-25T18:41:07.053-0400] {processor.py:161} INFO - Started process (PID=42642) to work on /opt/anaconda3/envs/airflow_env/lib/python3.10/site-packages/airflow/example_dags/example_short_circuit_decorator.py
[2025-06-25T18:41:07.055-0400] {processor.py:830} INFO - Processing file /opt/anaconda3/envs/airflow_env/lib/python3.10/site-packages/airflow/example_dags/example_short_circuit_decorator.py for tasks to queue
[2025-06-25T18:41:07.055-0400] {logging_mixin.py:188} INFO - [2025-06-25T18:41:07.055-0400] {dagbag.py:545} INFO - Filling up the DagBag from /opt/anaconda3/envs/airflow_env/lib/python3.10/site-packages/airflow/example_dags/example_short_circuit_decorator.py
[2025-06-25T18:41:07.070-0400] {processor.py:840} INFO - DAG(s) 'example_short_circuit_decorator' retrieved from /opt/anaconda3/envs/airflow_env/lib/python3.10/site-packages/airflow/example_dags/example_short_circuit_decorator.py
[2025-06-25T18:41:07.105-0400] {logging_mixin.py:188} INFO - [2025-06-25T18:41:07.105-0400] {dag.py:3096} INFO - Sync 1 DAGs
[2025-06-25T18:41:07.132-0400] {logging_mixin.py:188} INFO - [2025-06-25T18:41:07.132-0400] {dag.py:3954} INFO - Setting next_dagrun for example_short_circuit_decorator to 2025-06-24 00:00:00+00:00, run_after=2025-06-25 00:00:00+00:00
[2025-06-25T18:41:07.139-0400] {processor.py:183} INFO - Processing /opt/anaconda3/envs/airflow_env/lib/python3.10/site-packages/airflow/example_dags/example_short_circuit_decorator.py took 0.087 seconds
[2025-06-25T18:41:08.324-0400] {processor.py:161} INFO - Started process (PID=42643) to work on /opt/anaconda3/envs/airflow_env/lib/python3.10/site-packages/airflow/example_dags/example_short_circuit_decorator.py
[2025-06-25T18:41:08.324-0400] {processor.py:830} INFO - Processing file /opt/anaconda3/envs/airflow_env/lib/python3.10/site-packages/airflow/example_dags/example_short_circuit_decorator.py for tasks to queue
[2025-06-25T18:41:08.325-0400] {logging_mixin.py:188} INFO - [2025-06-25T18:41:08.325-0400] {dagbag.py:545} INFO - Filling up the DagBag from /opt/anaconda3/envs/airflow_env/lib/python3.10/site-packages/airflow/example_dags/example_short_circuit_decorator.py
[2025-06-25T18:41:08.340-0400] {processor.py:840} INFO - DAG(s) 'example_short_circuit_decorator' retrieved from /opt/anaconda3/envs/airflow_env/lib/python3.10/site-packages/airflow/example_dags/example_short_circuit_decorator.py
[2025-06-25T18:41:08.376-0400] {logging_mixin.py:188} INFO - [2025-06-25T18:41:08.376-0400] {dag.py:3096} INFO - Sync 1 DAGs
[2025-06-25T18:41:08.406-0400] {logging_mixin.py:188} INFO - [2025-06-25T18:41:08.406-0400] {dag.py:3954} INFO - Setting next_dagrun for example_short_circuit_decorator to 2025-06-24 00:00:00+00:00, run_after=2025-06-25 00:00:00+00:00
[2025-06-25T18:41:08.413-0400] {processor.py:183} INFO - Processing /opt/anaconda3/envs/airflow_env/lib/python3.10/site-packages/airflow/example_dags/example_short_circuit_decorator.py took 0.091 seconds
[2025-06-25T18:42:39.184-0400] {processor.py:161} INFO - Started process (PID=42816) to work on /opt/anaconda3/envs/airflow_env/lib/python3.10/site-packages/airflow/example_dags/example_short_circuit_decorator.py
[2025-06-25T18:42:39.185-0400] {processor.py:830} INFO - Processing file /opt/anaconda3/envs/airflow_env/lib/python3.10/site-packages/airflow/example_dags/example_short_circuit_decorator.py for tasks to queue
[2025-06-25T18:42:39.185-0400] {logging_mixin.py:188} INFO - [2025-06-25T18:42:39.185-0400] {dagbag.py:545} INFO - Filling up the DagBag from /opt/anaconda3/envs/airflow_env/lib/python3.10/site-packages/airflow/example_dags/example_short_circuit_decorator.py
[2025-06-25T18:42:39.201-0400] {processor.py:840} INFO - DAG(s) 'example_short_circuit_decorator' retrieved from /opt/anaconda3/envs/airflow_env/lib/python3.10/site-packages/airflow/example_dags/example_short_circuit_decorator.py
[2025-06-25T18:42:39.237-0400] {logging_mixin.py:188} INFO - [2025-06-25T18:42:39.236-0400] {dag.py:3096} INFO - Sync 1 DAGs
[2025-06-25T18:42:39.272-0400] {logging_mixin.py:188} INFO - [2025-06-25T18:42:39.271-0400] {dag.py:3954} INFO - Setting next_dagrun for example_short_circuit_decorator to 2025-06-24 00:00:00+00:00, run_after=2025-06-25 00:00:00+00:00
[2025-06-25T18:42:39.281-0400] {processor.py:183} INFO - Processing /opt/anaconda3/envs/airflow_env/lib/python3.10/site-packages/airflow/example_dags/example_short_circuit_decorator.py took 0.099 seconds
[2025-06-25T18:42:44.300-0400] {processor.py:161} INFO - Started process (PID=42831) to work on /opt/anaconda3/envs/airflow_env/lib/python3.10/site-packages/airflow/example_dags/example_short_circuit_decorator.py
[2025-06-25T18:42:44.301-0400] {processor.py:830} INFO - Processing file /opt/anaconda3/envs/airflow_env/lib/python3.10/site-packages/airflow/example_dags/example_short_circuit_decorator.py for tasks to queue
[2025-06-25T18:42:44.302-0400] {logging_mixin.py:188} INFO - [2025-06-25T18:42:44.302-0400] {dagbag.py:545} INFO - Filling up the DagBag from /opt/anaconda3/envs/airflow_env/lib/python3.10/site-packages/airflow/example_dags/example_short_circuit_decorator.py
[2025-06-25T18:42:44.332-0400] {processor.py:840} INFO - DAG(s) 'example_short_circuit_decorator' retrieved from /opt/anaconda3/envs/airflow_env/lib/python3.10/site-packages/airflow/example_dags/example_short_circuit_decorator.py
[2025-06-25T18:42:44.422-0400] {logging_mixin.py:188} INFO - [2025-06-25T18:42:44.421-0400] {dag.py:3096} INFO - Sync 1 DAGs
[2025-06-25T18:42:44.481-0400] {logging_mixin.py:188} INFO - [2025-06-25T18:42:44.481-0400] {dag.py:3954} INFO - Setting next_dagrun for example_short_circuit_decorator to 2025-06-24 00:00:00+00:00, run_after=2025-06-25 00:00:00+00:00
[2025-06-25T18:42:44.491-0400] {processor.py:183} INFO - Processing /opt/anaconda3/envs/airflow_env/lib/python3.10/site-packages/airflow/example_dags/example_short_circuit_decorator.py took 0.193 seconds
[2025-06-25T18:43:50.657-0400] {processor.py:161} INFO - Started process (PID=42961) to work on /opt/anaconda3/envs/airflow_env/lib/python3.10/site-packages/airflow/example_dags/example_short_circuit_decorator.py
[2025-06-25T18:43:50.657-0400] {processor.py:830} INFO - Processing file /opt/anaconda3/envs/airflow_env/lib/python3.10/site-packages/airflow/example_dags/example_short_circuit_decorator.py for tasks to queue
[2025-06-25T18:43:50.658-0400] {logging_mixin.py:188} INFO - [2025-06-25T18:43:50.658-0400] {dagbag.py:545} INFO - Filling up the DagBag from /opt/anaconda3/envs/airflow_env/lib/python3.10/site-packages/airflow/example_dags/example_short_circuit_decorator.py
[2025-06-25T18:43:50.671-0400] {processor.py:840} INFO - DAG(s) 'example_short_circuit_decorator' retrieved from /opt/anaconda3/envs/airflow_env/lib/python3.10/site-packages/airflow/example_dags/example_short_circuit_decorator.py
[2025-06-25T18:43:50.704-0400] {logging_mixin.py:188} INFO - [2025-06-25T18:43:50.704-0400] {dag.py:3096} INFO - Sync 1 DAGs
[2025-06-25T18:43:50.729-0400] {logging_mixin.py:188} INFO - [2025-06-25T18:43:50.729-0400] {dag.py:3954} INFO - Setting next_dagrun for example_short_circuit_decorator to 2025-06-24 00:00:00+00:00, run_after=2025-06-25 00:00:00+00:00
[2025-06-25T18:43:50.738-0400] {processor.py:183} INFO - Processing /opt/anaconda3/envs/airflow_env/lib/python3.10/site-packages/airflow/example_dags/example_short_circuit_decorator.py took 0.083 seconds
[2025-06-25T18:44:24.646-0400] {processor.py:161} INFO - Started process (PID=43017) to work on /opt/anaconda3/envs/airflow_env/lib/python3.10/site-packages/airflow/example_dags/example_short_circuit_decorator.py
[2025-06-25T18:44:24.646-0400] {processor.py:830} INFO - Processing file /opt/anaconda3/envs/airflow_env/lib/python3.10/site-packages/airflow/example_dags/example_short_circuit_decorator.py for tasks to queue
[2025-06-25T18:44:24.646-0400] {logging_mixin.py:188} INFO - [2025-06-25T18:44:24.646-0400] {dagbag.py:545} INFO - Filling up the DagBag from /opt/anaconda3/envs/airflow_env/lib/python3.10/site-packages/airflow/example_dags/example_short_circuit_decorator.py
[2025-06-25T18:44:24.660-0400] {processor.py:840} INFO - DAG(s) 'example_short_circuit_decorator' retrieved from /opt/anaconda3/envs/airflow_env/lib/python3.10/site-packages/airflow/example_dags/example_short_circuit_decorator.py
[2025-06-25T18:44:24.692-0400] {logging_mixin.py:188} INFO - [2025-06-25T18:44:24.692-0400] {dag.py:3096} INFO - Sync 1 DAGs
[2025-06-25T18:44:24.717-0400] {logging_mixin.py:188} INFO - [2025-06-25T18:44:24.717-0400] {dag.py:3954} INFO - Setting next_dagrun for example_short_circuit_decorator to 2025-06-24 00:00:00+00:00, run_after=2025-06-25 00:00:00+00:00
[2025-06-25T18:44:24.723-0400] {processor.py:183} INFO - Processing /opt/anaconda3/envs/airflow_env/lib/python3.10/site-packages/airflow/example_dags/example_short_circuit_decorator.py took 0.079 seconds
[2025-06-25T18:45:18.456-0400] {processor.py:161} INFO - Started process (PID=43099) to work on /opt/anaconda3/envs/airflow_env/lib/python3.10/site-packages/airflow/example_dags/example_short_circuit_decorator.py
[2025-06-25T18:45:18.457-0400] {processor.py:830} INFO - Processing file /opt/anaconda3/envs/airflow_env/lib/python3.10/site-packages/airflow/example_dags/example_short_circuit_decorator.py for tasks to queue
[2025-06-25T18:45:18.457-0400] {logging_mixin.py:188} INFO - [2025-06-25T18:45:18.457-0400] {dagbag.py:545} INFO - Filling up the DagBag from /opt/anaconda3/envs/airflow_env/lib/python3.10/site-packages/airflow/example_dags/example_short_circuit_decorator.py
[2025-06-25T18:45:18.471-0400] {processor.py:840} INFO - DAG(s) 'example_short_circuit_decorator' retrieved from /opt/anaconda3/envs/airflow_env/lib/python3.10/site-packages/airflow/example_dags/example_short_circuit_decorator.py
[2025-06-25T18:45:18.505-0400] {logging_mixin.py:188} INFO - [2025-06-25T18:45:18.505-0400] {dag.py:3096} INFO - Sync 1 DAGs
[2025-06-25T18:45:18.532-0400] {logging_mixin.py:188} INFO - [2025-06-25T18:45:18.532-0400] {dag.py:3954} INFO - Setting next_dagrun for example_short_circuit_decorator to 2025-06-24 00:00:00+00:00, run_after=2025-06-25 00:00:00+00:00
[2025-06-25T18:45:18.540-0400] {processor.py:183} INFO - Processing /opt/anaconda3/envs/airflow_env/lib/python3.10/site-packages/airflow/example_dags/example_short_circuit_decorator.py took 0.085 seconds
[2025-06-25T18:46:02.395-0400] {processor.py:161} INFO - Started process (PID=43166) to work on /opt/anaconda3/envs/airflow_env/lib/python3.10/site-packages/airflow/example_dags/example_short_circuit_decorator.py
[2025-06-25T18:46:02.395-0400] {processor.py:830} INFO - Processing file /opt/anaconda3/envs/airflow_env/lib/python3.10/site-packages/airflow/example_dags/example_short_circuit_decorator.py for tasks to queue
[2025-06-25T18:46:02.395-0400] {logging_mixin.py:188} INFO - [2025-06-25T18:46:02.395-0400] {dagbag.py:545} INFO - Filling up the DagBag from /opt/anaconda3/envs/airflow_env/lib/python3.10/site-packages/airflow/example_dags/example_short_circuit_decorator.py
[2025-06-25T18:46:02.410-0400] {processor.py:840} INFO - DAG(s) 'example_short_circuit_decorator' retrieved from /opt/anaconda3/envs/airflow_env/lib/python3.10/site-packages/airflow/example_dags/example_short_circuit_decorator.py
[2025-06-25T18:46:02.446-0400] {logging_mixin.py:188} INFO - [2025-06-25T18:46:02.446-0400] {dag.py:3096} INFO - Sync 1 DAGs
[2025-06-25T18:46:02.478-0400] {logging_mixin.py:188} INFO - [2025-06-25T18:46:02.478-0400] {dag.py:3954} INFO - Setting next_dagrun for example_short_circuit_decorator to 2025-06-24 00:00:00+00:00, run_after=2025-06-25 00:00:00+00:00
[2025-06-25T18:46:02.485-0400] {processor.py:183} INFO - Processing /opt/anaconda3/envs/airflow_env/lib/python3.10/site-packages/airflow/example_dags/example_short_circuit_decorator.py took 0.092 seconds
[2025-06-25T18:46:45.759-0400] {processor.py:161} INFO - Started process (PID=43240) to work on /opt/anaconda3/envs/airflow_env/lib/python3.10/site-packages/airflow/example_dags/example_short_circuit_decorator.py
[2025-06-25T18:46:45.759-0400] {processor.py:830} INFO - Processing file /opt/anaconda3/envs/airflow_env/lib/python3.10/site-packages/airflow/example_dags/example_short_circuit_decorator.py for tasks to queue
[2025-06-25T18:46:45.760-0400] {logging_mixin.py:188} INFO - [2025-06-25T18:46:45.760-0400] {dagbag.py:545} INFO - Filling up the DagBag from /opt/anaconda3/envs/airflow_env/lib/python3.10/site-packages/airflow/example_dags/example_short_circuit_decorator.py
[2025-06-25T18:46:45.774-0400] {processor.py:840} INFO - DAG(s) 'example_short_circuit_decorator' retrieved from /opt/anaconda3/envs/airflow_env/lib/python3.10/site-packages/airflow/example_dags/example_short_circuit_decorator.py
[2025-06-25T18:46:45.807-0400] {logging_mixin.py:188} INFO - [2025-06-25T18:46:45.807-0400] {dag.py:3096} INFO - Sync 1 DAGs
[2025-06-25T18:46:45.840-0400] {logging_mixin.py:188} INFO - [2025-06-25T18:46:45.840-0400] {dag.py:3954} INFO - Setting next_dagrun for example_short_circuit_decorator to 2025-06-24 00:00:00+00:00, run_after=2025-06-25 00:00:00+00:00
[2025-06-25T18:46:45.847-0400] {processor.py:183} INFO - Processing /opt/anaconda3/envs/airflow_env/lib/python3.10/site-packages/airflow/example_dags/example_short_circuit_decorator.py took 0.090 seconds
[2025-06-25T18:47:30.900-0400] {processor.py:161} INFO - Started process (PID=43308) to work on /opt/anaconda3/envs/airflow_env/lib/python3.10/site-packages/airflow/example_dags/example_short_circuit_decorator.py
[2025-06-25T18:47:30.900-0400] {processor.py:830} INFO - Processing file /opt/anaconda3/envs/airflow_env/lib/python3.10/site-packages/airflow/example_dags/example_short_circuit_decorator.py for tasks to queue
[2025-06-25T18:47:30.901-0400] {logging_mixin.py:188} INFO - [2025-06-25T18:47:30.901-0400] {dagbag.py:545} INFO - Filling up the DagBag from /opt/anaconda3/envs/airflow_env/lib/python3.10/site-packages/airflow/example_dags/example_short_circuit_decorator.py
[2025-06-25T18:47:30.915-0400] {processor.py:840} INFO - DAG(s) 'example_short_circuit_decorator' retrieved from /opt/anaconda3/envs/airflow_env/lib/python3.10/site-packages/airflow/example_dags/example_short_circuit_decorator.py
[2025-06-25T18:47:30.949-0400] {logging_mixin.py:188} INFO - [2025-06-25T18:47:30.949-0400] {dag.py:3096} INFO - Sync 1 DAGs
[2025-06-25T18:47:30.976-0400] {logging_mixin.py:188} INFO - [2025-06-25T18:47:30.976-0400] {dag.py:3954} INFO - Setting next_dagrun for example_short_circuit_decorator to 2025-06-24 00:00:00+00:00, run_after=2025-06-25 00:00:00+00:00
[2025-06-25T18:47:30.983-0400] {processor.py:183} INFO - Processing /opt/anaconda3/envs/airflow_env/lib/python3.10/site-packages/airflow/example_dags/example_short_circuit_decorator.py took 0.084 seconds
[2025-06-25T18:48:14.444-0400] {processor.py:161} INFO - Started process (PID=43388) to work on /opt/anaconda3/envs/airflow_env/lib/python3.10/site-packages/airflow/example_dags/example_short_circuit_decorator.py
[2025-06-25T18:48:14.445-0400] {processor.py:830} INFO - Processing file /opt/anaconda3/envs/airflow_env/lib/python3.10/site-packages/airflow/example_dags/example_short_circuit_decorator.py for tasks to queue
[2025-06-25T18:48:14.445-0400] {logging_mixin.py:188} INFO - [2025-06-25T18:48:14.445-0400] {dagbag.py:545} INFO - Filling up the DagBag from /opt/anaconda3/envs/airflow_env/lib/python3.10/site-packages/airflow/example_dags/example_short_circuit_decorator.py
[2025-06-25T18:48:14.459-0400] {processor.py:840} INFO - DAG(s) 'example_short_circuit_decorator' retrieved from /opt/anaconda3/envs/airflow_env/lib/python3.10/site-packages/airflow/example_dags/example_short_circuit_decorator.py
[2025-06-25T18:48:14.493-0400] {logging_mixin.py:188} INFO - [2025-06-25T18:48:14.493-0400] {dag.py:3096} INFO - Sync 1 DAGs
[2025-06-25T18:48:14.519-0400] {logging_mixin.py:188} INFO - [2025-06-25T18:48:14.519-0400] {dag.py:3954} INFO - Setting next_dagrun for example_short_circuit_decorator to 2025-06-24 00:00:00+00:00, run_after=2025-06-25 00:00:00+00:00
[2025-06-25T18:48:14.526-0400] {processor.py:183} INFO - Processing /opt/anaconda3/envs/airflow_env/lib/python3.10/site-packages/airflow/example_dags/example_short_circuit_decorator.py took 0.084 seconds
[2025-06-25T18:49:01.514-0400] {processor.py:161} INFO - Started process (PID=43467) to work on /opt/anaconda3/envs/airflow_env/lib/python3.10/site-packages/airflow/example_dags/example_short_circuit_decorator.py
[2025-06-25T18:49:01.514-0400] {processor.py:830} INFO - Processing file /opt/anaconda3/envs/airflow_env/lib/python3.10/site-packages/airflow/example_dags/example_short_circuit_decorator.py for tasks to queue
[2025-06-25T18:49:01.515-0400] {logging_mixin.py:188} INFO - [2025-06-25T18:49:01.515-0400] {dagbag.py:545} INFO - Filling up the DagBag from /opt/anaconda3/envs/airflow_env/lib/python3.10/site-packages/airflow/example_dags/example_short_circuit_decorator.py
[2025-06-25T18:49:01.529-0400] {processor.py:840} INFO - DAG(s) 'example_short_circuit_decorator' retrieved from /opt/anaconda3/envs/airflow_env/lib/python3.10/site-packages/airflow/example_dags/example_short_circuit_decorator.py
[2025-06-25T18:49:01.562-0400] {logging_mixin.py:188} INFO - [2025-06-25T18:49:01.562-0400] {dag.py:3096} INFO - Sync 1 DAGs
[2025-06-25T18:49:01.588-0400] {logging_mixin.py:188} INFO - [2025-06-25T18:49:01.588-0400] {dag.py:3954} INFO - Setting next_dagrun for example_short_circuit_decorator to 2025-06-24 00:00:00+00:00, run_after=2025-06-25 00:00:00+00:00
[2025-06-25T18:49:01.595-0400] {processor.py:183} INFO - Processing /opt/anaconda3/envs/airflow_env/lib/python3.10/site-packages/airflow/example_dags/example_short_circuit_decorator.py took 0.083 seconds
[2025-06-25T18:49:44.344-0400] {processor.py:161} INFO - Started process (PID=43547) to work on /opt/anaconda3/envs/airflow_env/lib/python3.10/site-packages/airflow/example_dags/example_short_circuit_decorator.py
[2025-06-25T18:49:44.345-0400] {processor.py:830} INFO - Processing file /opt/anaconda3/envs/airflow_env/lib/python3.10/site-packages/airflow/example_dags/example_short_circuit_decorator.py for tasks to queue
[2025-06-25T18:49:44.345-0400] {logging_mixin.py:188} INFO - [2025-06-25T18:49:44.345-0400] {dagbag.py:545} INFO - Filling up the DagBag from /opt/anaconda3/envs/airflow_env/lib/python3.10/site-packages/airflow/example_dags/example_short_circuit_decorator.py
[2025-06-25T18:49:44.358-0400] {processor.py:840} INFO - DAG(s) 'example_short_circuit_decorator' retrieved from /opt/anaconda3/envs/airflow_env/lib/python3.10/site-packages/airflow/example_dags/example_short_circuit_decorator.py
[2025-06-25T18:49:44.390-0400] {logging_mixin.py:188} INFO - [2025-06-25T18:49:44.390-0400] {dag.py:3096} INFO - Sync 1 DAGs
[2025-06-25T18:49:44.414-0400] {logging_mixin.py:188} INFO - [2025-06-25T18:49:44.414-0400] {dag.py:3954} INFO - Setting next_dagrun for example_short_circuit_decorator to 2025-06-24 00:00:00+00:00, run_after=2025-06-25 00:00:00+00:00
[2025-06-25T18:49:44.421-0400] {processor.py:183} INFO - Processing /opt/anaconda3/envs/airflow_env/lib/python3.10/site-packages/airflow/example_dags/example_short_circuit_decorator.py took 0.078 seconds
[2025-06-25T18:50:30.063-0400] {processor.py:161} INFO - Started process (PID=43613) to work on /opt/anaconda3/envs/airflow_env/lib/python3.10/site-packages/airflow/example_dags/example_short_circuit_decorator.py
[2025-06-25T18:50:30.063-0400] {processor.py:830} INFO - Processing file /opt/anaconda3/envs/airflow_env/lib/python3.10/site-packages/airflow/example_dags/example_short_circuit_decorator.py for tasks to queue
[2025-06-25T18:50:30.063-0400] {logging_mixin.py:188} INFO - [2025-06-25T18:50:30.063-0400] {dagbag.py:545} INFO - Filling up the DagBag from /opt/anaconda3/envs/airflow_env/lib/python3.10/site-packages/airflow/example_dags/example_short_circuit_decorator.py
[2025-06-25T18:50:30.077-0400] {processor.py:840} INFO - DAG(s) 'example_short_circuit_decorator' retrieved from /opt/anaconda3/envs/airflow_env/lib/python3.10/site-packages/airflow/example_dags/example_short_circuit_decorator.py
[2025-06-25T18:50:30.110-0400] {logging_mixin.py:188} INFO - [2025-06-25T18:50:30.110-0400] {dag.py:3096} INFO - Sync 1 DAGs
[2025-06-25T18:50:30.137-0400] {logging_mixin.py:188} INFO - [2025-06-25T18:50:30.137-0400] {dag.py:3954} INFO - Setting next_dagrun for example_short_circuit_decorator to 2025-06-24 00:00:00+00:00, run_after=2025-06-25 00:00:00+00:00
[2025-06-25T18:50:30.144-0400] {processor.py:183} INFO - Processing /opt/anaconda3/envs/airflow_env/lib/python3.10/site-packages/airflow/example_dags/example_short_circuit_decorator.py took 0.083 seconds
[2025-06-25T18:51:15.381-0400] {processor.py:161} INFO - Started process (PID=43711) to work on /opt/anaconda3/envs/airflow_env/lib/python3.10/site-packages/airflow/example_dags/example_short_circuit_decorator.py
[2025-06-25T18:51:15.381-0400] {processor.py:830} INFO - Processing file /opt/anaconda3/envs/airflow_env/lib/python3.10/site-packages/airflow/example_dags/example_short_circuit_decorator.py for tasks to queue
[2025-06-25T18:51:15.381-0400] {logging_mixin.py:188} INFO - [2025-06-25T18:51:15.381-0400] {dagbag.py:545} INFO - Filling up the DagBag from /opt/anaconda3/envs/airflow_env/lib/python3.10/site-packages/airflow/example_dags/example_short_circuit_decorator.py
[2025-06-25T18:51:15.397-0400] {processor.py:840} INFO - DAG(s) 'example_short_circuit_decorator' retrieved from /opt/anaconda3/envs/airflow_env/lib/python3.10/site-packages/airflow/example_dags/example_short_circuit_decorator.py
[2025-06-25T18:51:15.432-0400] {logging_mixin.py:188} INFO - [2025-06-25T18:51:15.432-0400] {dag.py:3096} INFO - Sync 1 DAGs
[2025-06-25T18:51:15.464-0400] {logging_mixin.py:188} INFO - [2025-06-25T18:51:15.464-0400] {dag.py:3954} INFO - Setting next_dagrun for example_short_circuit_decorator to 2025-06-24 00:00:00+00:00, run_after=2025-06-25 00:00:00+00:00
[2025-06-25T18:51:15.471-0400] {processor.py:183} INFO - Processing /opt/anaconda3/envs/airflow_env/lib/python3.10/site-packages/airflow/example_dags/example_short_circuit_decorator.py took 0.093 seconds
[2025-06-25T18:52:02.881-0400] {processor.py:161} INFO - Started process (PID=43800) to work on /opt/anaconda3/envs/airflow_env/lib/python3.10/site-packages/airflow/example_dags/example_short_circuit_decorator.py
[2025-06-25T18:52:02.882-0400] {processor.py:830} INFO - Processing file /opt/anaconda3/envs/airflow_env/lib/python3.10/site-packages/airflow/example_dags/example_short_circuit_decorator.py for tasks to queue
[2025-06-25T18:52:02.882-0400] {logging_mixin.py:188} INFO - [2025-06-25T18:52:02.882-0400] {dagbag.py:545} INFO - Filling up the DagBag from /opt/anaconda3/envs/airflow_env/lib/python3.10/site-packages/airflow/example_dags/example_short_circuit_decorator.py
[2025-06-25T18:52:02.897-0400] {processor.py:840} INFO - DAG(s) 'example_short_circuit_decorator' retrieved from /opt/anaconda3/envs/airflow_env/lib/python3.10/site-packages/airflow/example_dags/example_short_circuit_decorator.py
[2025-06-25T18:52:02.932-0400] {logging_mixin.py:188} INFO - [2025-06-25T18:52:02.932-0400] {dag.py:3096} INFO - Sync 1 DAGs
[2025-06-25T18:52:02.957-0400] {logging_mixin.py:188} INFO - [2025-06-25T18:52:02.957-0400] {dag.py:3954} INFO - Setting next_dagrun for example_short_circuit_decorator to 2025-06-24 00:00:00+00:00, run_after=2025-06-25 00:00:00+00:00
[2025-06-25T18:52:02.965-0400] {processor.py:183} INFO - Processing /opt/anaconda3/envs/airflow_env/lib/python3.10/site-packages/airflow/example_dags/example_short_circuit_decorator.py took 0.085 seconds
[2025-06-25T18:52:48.704-0400] {processor.py:161} INFO - Started process (PID=43874) to work on /opt/anaconda3/envs/airflow_env/lib/python3.10/site-packages/airflow/example_dags/example_short_circuit_decorator.py
[2025-06-25T18:52:48.705-0400] {processor.py:830} INFO - Processing file /opt/anaconda3/envs/airflow_env/lib/python3.10/site-packages/airflow/example_dags/example_short_circuit_decorator.py for tasks to queue
[2025-06-25T18:52:48.705-0400] {logging_mixin.py:188} INFO - [2025-06-25T18:52:48.705-0400] {dagbag.py:545} INFO - Filling up the DagBag from /opt/anaconda3/envs/airflow_env/lib/python3.10/site-packages/airflow/example_dags/example_short_circuit_decorator.py
[2025-06-25T18:52:48.718-0400] {processor.py:840} INFO - DAG(s) 'example_short_circuit_decorator' retrieved from /opt/anaconda3/envs/airflow_env/lib/python3.10/site-packages/airflow/example_dags/example_short_circuit_decorator.py
[2025-06-25T18:52:48.751-0400] {logging_mixin.py:188} INFO - [2025-06-25T18:52:48.750-0400] {dag.py:3096} INFO - Sync 1 DAGs
[2025-06-25T18:52:48.775-0400] {logging_mixin.py:188} INFO - [2025-06-25T18:52:48.774-0400] {dag.py:3954} INFO - Setting next_dagrun for example_short_circuit_decorator to 2025-06-24 00:00:00+00:00, run_after=2025-06-25 00:00:00+00:00
[2025-06-25T18:52:48.781-0400] {processor.py:183} INFO - Processing /opt/anaconda3/envs/airflow_env/lib/python3.10/site-packages/airflow/example_dags/example_short_circuit_decorator.py took 0.078 seconds
[2025-06-25T18:53:33.225-0400] {processor.py:161} INFO - Started process (PID=43939) to work on /opt/anaconda3/envs/airflow_env/lib/python3.10/site-packages/airflow/example_dags/example_short_circuit_decorator.py
[2025-06-25T18:53:33.225-0400] {processor.py:830} INFO - Processing file /opt/anaconda3/envs/airflow_env/lib/python3.10/site-packages/airflow/example_dags/example_short_circuit_decorator.py for tasks to queue
[2025-06-25T18:53:33.225-0400] {logging_mixin.py:188} INFO - [2025-06-25T18:53:33.225-0400] {dagbag.py:545} INFO - Filling up the DagBag from /opt/anaconda3/envs/airflow_env/lib/python3.10/site-packages/airflow/example_dags/example_short_circuit_decorator.py
[2025-06-25T18:53:33.239-0400] {processor.py:840} INFO - DAG(s) 'example_short_circuit_decorator' retrieved from /opt/anaconda3/envs/airflow_env/lib/python3.10/site-packages/airflow/example_dags/example_short_circuit_decorator.py
[2025-06-25T18:53:33.270-0400] {logging_mixin.py:188} INFO - [2025-06-25T18:53:33.270-0400] {dag.py:3096} INFO - Sync 1 DAGs
[2025-06-25T18:53:33.294-0400] {logging_mixin.py:188} INFO - [2025-06-25T18:53:33.294-0400] {dag.py:3954} INFO - Setting next_dagrun for example_short_circuit_decorator to 2025-06-24 00:00:00+00:00, run_after=2025-06-25 00:00:00+00:00
[2025-06-25T18:53:33.301-0400] {processor.py:183} INFO - Processing /opt/anaconda3/envs/airflow_env/lib/python3.10/site-packages/airflow/example_dags/example_short_circuit_decorator.py took 0.078 seconds
[2025-06-25T18:54:22.150-0400] {processor.py:161} INFO - Started process (PID=44012) to work on /opt/anaconda3/envs/airflow_env/lib/python3.10/site-packages/airflow/example_dags/example_short_circuit_decorator.py
[2025-06-25T18:54:22.150-0400] {processor.py:830} INFO - Processing file /opt/anaconda3/envs/airflow_env/lib/python3.10/site-packages/airflow/example_dags/example_short_circuit_decorator.py for tasks to queue
[2025-06-25T18:54:22.150-0400] {logging_mixin.py:188} INFO - [2025-06-25T18:54:22.150-0400] {dagbag.py:545} INFO - Filling up the DagBag from /opt/anaconda3/envs/airflow_env/lib/python3.10/site-packages/airflow/example_dags/example_short_circuit_decorator.py
[2025-06-25T18:54:22.164-0400] {processor.py:840} INFO - DAG(s) 'example_short_circuit_decorator' retrieved from /opt/anaconda3/envs/airflow_env/lib/python3.10/site-packages/airflow/example_dags/example_short_circuit_decorator.py
[2025-06-25T18:54:22.197-0400] {logging_mixin.py:188} INFO - [2025-06-25T18:54:22.197-0400] {dag.py:3096} INFO - Sync 1 DAGs
[2025-06-25T18:54:22.224-0400] {logging_mixin.py:188} INFO - [2025-06-25T18:54:22.224-0400] {dag.py:3954} INFO - Setting next_dagrun for example_short_circuit_decorator to 2025-06-24 00:00:00+00:00, run_after=2025-06-25 00:00:00+00:00
[2025-06-25T18:54:22.230-0400] {processor.py:183} INFO - Processing /opt/anaconda3/envs/airflow_env/lib/python3.10/site-packages/airflow/example_dags/example_short_circuit_decorator.py took 0.082 seconds
[2025-06-25T18:54:57.642-0400] {processor.py:161} INFO - Started process (PID=44072) to work on /opt/anaconda3/envs/airflow_env/lib/python3.10/site-packages/airflow/example_dags/example_short_circuit_decorator.py
[2025-06-25T18:54:57.642-0400] {processor.py:830} INFO - Processing file /opt/anaconda3/envs/airflow_env/lib/python3.10/site-packages/airflow/example_dags/example_short_circuit_decorator.py for tasks to queue
[2025-06-25T18:54:57.642-0400] {logging_mixin.py:188} INFO - [2025-06-25T18:54:57.642-0400] {dagbag.py:545} INFO - Filling up the DagBag from /opt/anaconda3/envs/airflow_env/lib/python3.10/site-packages/airflow/example_dags/example_short_circuit_decorator.py
[2025-06-25T18:54:57.656-0400] {processor.py:840} INFO - DAG(s) 'example_short_circuit_decorator' retrieved from /opt/anaconda3/envs/airflow_env/lib/python3.10/site-packages/airflow/example_dags/example_short_circuit_decorator.py
[2025-06-25T18:54:57.687-0400] {logging_mixin.py:188} INFO - [2025-06-25T18:54:57.687-0400] {dag.py:3096} INFO - Sync 1 DAGs
[2025-06-25T18:54:57.711-0400] {logging_mixin.py:188} INFO - [2025-06-25T18:54:57.711-0400] {dag.py:3954} INFO - Setting next_dagrun for example_short_circuit_decorator to 2025-06-24 00:00:00+00:00, run_after=2025-06-25 00:00:00+00:00
[2025-06-25T18:54:57.718-0400] {processor.py:183} INFO - Processing /opt/anaconda3/envs/airflow_env/lib/python3.10/site-packages/airflow/example_dags/example_short_circuit_decorator.py took 0.078 seconds
[2025-06-25T18:55:51.854-0400] {processor.py:161} INFO - Started process (PID=44159) to work on /opt/anaconda3/envs/airflow_env/lib/python3.10/site-packages/airflow/example_dags/example_short_circuit_decorator.py
[2025-06-25T18:55:51.854-0400] {processor.py:830} INFO - Processing file /opt/anaconda3/envs/airflow_env/lib/python3.10/site-packages/airflow/example_dags/example_short_circuit_decorator.py for tasks to queue
[2025-06-25T18:55:51.854-0400] {logging_mixin.py:188} INFO - [2025-06-25T18:55:51.854-0400] {dagbag.py:545} INFO - Filling up the DagBag from /opt/anaconda3/envs/airflow_env/lib/python3.10/site-packages/airflow/example_dags/example_short_circuit_decorator.py
[2025-06-25T18:55:51.868-0400] {processor.py:840} INFO - DAG(s) 'example_short_circuit_decorator' retrieved from /opt/anaconda3/envs/airflow_env/lib/python3.10/site-packages/airflow/example_dags/example_short_circuit_decorator.py
[2025-06-25T18:55:51.900-0400] {logging_mixin.py:188} INFO - [2025-06-25T18:55:51.900-0400] {dag.py:3096} INFO - Sync 1 DAGs
[2025-06-25T18:55:51.924-0400] {logging_mixin.py:188} INFO - [2025-06-25T18:55:51.924-0400] {dag.py:3954} INFO - Setting next_dagrun for example_short_circuit_decorator to 2025-06-24 00:00:00+00:00, run_after=2025-06-25 00:00:00+00:00
[2025-06-25T18:55:51.930-0400] {processor.py:183} INFO - Processing /opt/anaconda3/envs/airflow_env/lib/python3.10/site-packages/airflow/example_dags/example_short_circuit_decorator.py took 0.078 seconds
[2025-06-25T18:56:29.626-0400] {processor.py:161} INFO - Started process (PID=44219) to work on /opt/anaconda3/envs/airflow_env/lib/python3.10/site-packages/airflow/example_dags/example_short_circuit_decorator.py
[2025-06-25T18:56:29.626-0400] {processor.py:830} INFO - Processing file /opt/anaconda3/envs/airflow_env/lib/python3.10/site-packages/airflow/example_dags/example_short_circuit_decorator.py for tasks to queue
[2025-06-25T18:56:29.627-0400] {logging_mixin.py:188} INFO - [2025-06-25T18:56:29.627-0400] {dagbag.py:545} INFO - Filling up the DagBag from /opt/anaconda3/envs/airflow_env/lib/python3.10/site-packages/airflow/example_dags/example_short_circuit_decorator.py
[2025-06-25T18:56:29.640-0400] {processor.py:840} INFO - DAG(s) 'example_short_circuit_decorator' retrieved from /opt/anaconda3/envs/airflow_env/lib/python3.10/site-packages/airflow/example_dags/example_short_circuit_decorator.py
[2025-06-25T18:56:29.673-0400] {logging_mixin.py:188} INFO - [2025-06-25T18:56:29.672-0400] {dag.py:3096} INFO - Sync 1 DAGs
[2025-06-25T18:56:29.697-0400] {logging_mixin.py:188} INFO - [2025-06-25T18:56:29.696-0400] {dag.py:3954} INFO - Setting next_dagrun for example_short_circuit_decorator to 2025-06-24 00:00:00+00:00, run_after=2025-06-25 00:00:00+00:00
[2025-06-25T18:56:29.703-0400] {processor.py:183} INFO - Processing /opt/anaconda3/envs/airflow_env/lib/python3.10/site-packages/airflow/example_dags/example_short_circuit_decorator.py took 0.078 seconds
[2025-06-25T18:57:18.848-0400] {processor.py:161} INFO - Started process (PID=44291) to work on /opt/anaconda3/envs/airflow_env/lib/python3.10/site-packages/airflow/example_dags/example_short_circuit_decorator.py
[2025-06-25T18:57:18.848-0400] {processor.py:830} INFO - Processing file /opt/anaconda3/envs/airflow_env/lib/python3.10/site-packages/airflow/example_dags/example_short_circuit_decorator.py for tasks to queue
[2025-06-25T18:57:18.849-0400] {logging_mixin.py:188} INFO - [2025-06-25T18:57:18.849-0400] {dagbag.py:545} INFO - Filling up the DagBag from /opt/anaconda3/envs/airflow_env/lib/python3.10/site-packages/airflow/example_dags/example_short_circuit_decorator.py
[2025-06-25T18:57:18.863-0400] {processor.py:840} INFO - DAG(s) 'example_short_circuit_decorator' retrieved from /opt/anaconda3/envs/airflow_env/lib/python3.10/site-packages/airflow/example_dags/example_short_circuit_decorator.py
[2025-06-25T18:57:18.896-0400] {logging_mixin.py:188} INFO - [2025-06-25T18:57:18.896-0400] {dag.py:3096} INFO - Sync 1 DAGs
[2025-06-25T18:57:18.923-0400] {logging_mixin.py:188} INFO - [2025-06-25T18:57:18.923-0400] {dag.py:3954} INFO - Setting next_dagrun for example_short_circuit_decorator to 2025-06-24 00:00:00+00:00, run_after=2025-06-25 00:00:00+00:00
[2025-06-25T18:57:18.930-0400] {processor.py:183} INFO - Processing /opt/anaconda3/envs/airflow_env/lib/python3.10/site-packages/airflow/example_dags/example_short_circuit_decorator.py took 0.083 seconds
[2025-06-25T18:58:01.925-0400] {processor.py:161} INFO - Started process (PID=44353) to work on /opt/anaconda3/envs/airflow_env/lib/python3.10/site-packages/airflow/example_dags/example_short_circuit_decorator.py
[2025-06-25T18:58:01.925-0400] {processor.py:830} INFO - Processing file /opt/anaconda3/envs/airflow_env/lib/python3.10/site-packages/airflow/example_dags/example_short_circuit_decorator.py for tasks to queue
[2025-06-25T18:58:01.925-0400] {logging_mixin.py:188} INFO - [2025-06-25T18:58:01.925-0400] {dagbag.py:545} INFO - Filling up the DagBag from /opt/anaconda3/envs/airflow_env/lib/python3.10/site-packages/airflow/example_dags/example_short_circuit_decorator.py
[2025-06-25T18:58:01.940-0400] {processor.py:840} INFO - DAG(s) 'example_short_circuit_decorator' retrieved from /opt/anaconda3/envs/airflow_env/lib/python3.10/site-packages/airflow/example_dags/example_short_circuit_decorator.py
[2025-06-25T18:58:01.973-0400] {logging_mixin.py:188} INFO - [2025-06-25T18:58:01.973-0400] {dag.py:3096} INFO - Sync 1 DAGs
[2025-06-25T18:58:02.006-0400] {logging_mixin.py:188} INFO - [2025-06-25T18:58:02.006-0400] {dag.py:3954} INFO - Setting next_dagrun for example_short_circuit_decorator to 2025-06-24 00:00:00+00:00, run_after=2025-06-25 00:00:00+00:00
[2025-06-25T18:58:02.013-0400] {processor.py:183} INFO - Processing /opt/anaconda3/envs/airflow_env/lib/python3.10/site-packages/airflow/example_dags/example_short_circuit_decorator.py took 0.090 seconds
[2025-06-25T18:58:48.129-0400] {processor.py:161} INFO - Started process (PID=44428) to work on /opt/anaconda3/envs/airflow_env/lib/python3.10/site-packages/airflow/example_dags/example_short_circuit_decorator.py
[2025-06-25T18:58:48.129-0400] {processor.py:830} INFO - Processing file /opt/anaconda3/envs/airflow_env/lib/python3.10/site-packages/airflow/example_dags/example_short_circuit_decorator.py for tasks to queue
[2025-06-25T18:58:48.130-0400] {logging_mixin.py:188} INFO - [2025-06-25T18:58:48.130-0400] {dagbag.py:545} INFO - Filling up the DagBag from /opt/anaconda3/envs/airflow_env/lib/python3.10/site-packages/airflow/example_dags/example_short_circuit_decorator.py
[2025-06-25T18:58:48.144-0400] {processor.py:840} INFO - DAG(s) 'example_short_circuit_decorator' retrieved from /opt/anaconda3/envs/airflow_env/lib/python3.10/site-packages/airflow/example_dags/example_short_circuit_decorator.py
[2025-06-25T18:58:48.177-0400] {logging_mixin.py:188} INFO - [2025-06-25T18:58:48.177-0400] {dag.py:3096} INFO - Sync 1 DAGs
[2025-06-25T18:58:48.203-0400] {logging_mixin.py:188} INFO - [2025-06-25T18:58:48.203-0400] {dag.py:3954} INFO - Setting next_dagrun for example_short_circuit_decorator to 2025-06-24 00:00:00+00:00, run_after=2025-06-25 00:00:00+00:00
[2025-06-25T18:58:48.210-0400] {processor.py:183} INFO - Processing /opt/anaconda3/envs/airflow_env/lib/python3.10/site-packages/airflow/example_dags/example_short_circuit_decorator.py took 0.083 seconds
[2025-06-25T18:59:30.144-0400] {processor.py:161} INFO - Started process (PID=44494) to work on /opt/anaconda3/envs/airflow_env/lib/python3.10/site-packages/airflow/example_dags/example_short_circuit_decorator.py
[2025-06-25T18:59:30.145-0400] {processor.py:830} INFO - Processing file /opt/anaconda3/envs/airflow_env/lib/python3.10/site-packages/airflow/example_dags/example_short_circuit_decorator.py for tasks to queue
[2025-06-25T18:59:30.145-0400] {logging_mixin.py:188} INFO - [2025-06-25T18:59:30.145-0400] {dagbag.py:545} INFO - Filling up the DagBag from /opt/anaconda3/envs/airflow_env/lib/python3.10/site-packages/airflow/example_dags/example_short_circuit_decorator.py
[2025-06-25T18:59:30.158-0400] {processor.py:840} INFO - DAG(s) 'example_short_circuit_decorator' retrieved from /opt/anaconda3/envs/airflow_env/lib/python3.10/site-packages/airflow/example_dags/example_short_circuit_decorator.py
[2025-06-25T18:59:30.190-0400] {logging_mixin.py:188} INFO - [2025-06-25T18:59:30.190-0400] {dag.py:3096} INFO - Sync 1 DAGs
[2025-06-25T18:59:30.214-0400] {logging_mixin.py:188} INFO - [2025-06-25T18:59:30.214-0400] {dag.py:3954} INFO - Setting next_dagrun for example_short_circuit_decorator to 2025-06-24 00:00:00+00:00, run_after=2025-06-25 00:00:00+00:00
[2025-06-25T18:59:30.220-0400] {processor.py:183} INFO - Processing /opt/anaconda3/envs/airflow_env/lib/python3.10/site-packages/airflow/example_dags/example_short_circuit_decorator.py took 0.077 seconds
[2025-06-25T19:00:11.489-0400] {processor.py:161} INFO - Started process (PID=44566) to work on /opt/anaconda3/envs/airflow_env/lib/python3.10/site-packages/airflow/example_dags/example_short_circuit_decorator.py
[2025-06-25T19:00:11.489-0400] {processor.py:830} INFO - Processing file /opt/anaconda3/envs/airflow_env/lib/python3.10/site-packages/airflow/example_dags/example_short_circuit_decorator.py for tasks to queue
[2025-06-25T19:00:11.490-0400] {logging_mixin.py:188} INFO - [2025-06-25T19:00:11.490-0400] {dagbag.py:545} INFO - Filling up the DagBag from /opt/anaconda3/envs/airflow_env/lib/python3.10/site-packages/airflow/example_dags/example_short_circuit_decorator.py
[2025-06-25T19:00:11.503-0400] {processor.py:840} INFO - DAG(s) 'example_short_circuit_decorator' retrieved from /opt/anaconda3/envs/airflow_env/lib/python3.10/site-packages/airflow/example_dags/example_short_circuit_decorator.py
[2025-06-25T19:00:11.535-0400] {logging_mixin.py:188} INFO - [2025-06-25T19:00:11.535-0400] {dag.py:3096} INFO - Sync 1 DAGs
[2025-06-25T19:00:11.560-0400] {logging_mixin.py:188} INFO - [2025-06-25T19:00:11.560-0400] {dag.py:3954} INFO - Setting next_dagrun for example_short_circuit_decorator to 2025-06-24 00:00:00+00:00, run_after=2025-06-25 00:00:00+00:00
[2025-06-25T19:00:11.566-0400] {processor.py:183} INFO - Processing /opt/anaconda3/envs/airflow_env/lib/python3.10/site-packages/airflow/example_dags/example_short_circuit_decorator.py took 0.079 seconds
[2025-06-25T19:00:58.952-0400] {processor.py:161} INFO - Started process (PID=44639) to work on /opt/anaconda3/envs/airflow_env/lib/python3.10/site-packages/airflow/example_dags/example_short_circuit_decorator.py
[2025-06-25T19:00:58.952-0400] {processor.py:830} INFO - Processing file /opt/anaconda3/envs/airflow_env/lib/python3.10/site-packages/airflow/example_dags/example_short_circuit_decorator.py for tasks to queue
[2025-06-25T19:00:58.953-0400] {logging_mixin.py:188} INFO - [2025-06-25T19:00:58.953-0400] {dagbag.py:545} INFO - Filling up the DagBag from /opt/anaconda3/envs/airflow_env/lib/python3.10/site-packages/airflow/example_dags/example_short_circuit_decorator.py
[2025-06-25T19:00:58.967-0400] {processor.py:840} INFO - DAG(s) 'example_short_circuit_decorator' retrieved from /opt/anaconda3/envs/airflow_env/lib/python3.10/site-packages/airflow/example_dags/example_short_circuit_decorator.py
[2025-06-25T19:00:59.001-0400] {logging_mixin.py:188} INFO - [2025-06-25T19:00:59.001-0400] {dag.py:3096} INFO - Sync 1 DAGs
[2025-06-25T19:00:59.028-0400] {logging_mixin.py:188} INFO - [2025-06-25T19:00:59.028-0400] {dag.py:3954} INFO - Setting next_dagrun for example_short_circuit_decorator to 2025-06-24 00:00:00+00:00, run_after=2025-06-25 00:00:00+00:00
[2025-06-25T19:00:59.034-0400] {processor.py:183} INFO - Processing /opt/anaconda3/envs/airflow_env/lib/python3.10/site-packages/airflow/example_dags/example_short_circuit_decorator.py took 0.084 seconds
[2025-06-25T19:01:38.702-0400] {processor.py:161} INFO - Started process (PID=44713) to work on /opt/anaconda3/envs/airflow_env/lib/python3.10/site-packages/airflow/example_dags/example_short_circuit_decorator.py
[2025-06-25T19:01:38.703-0400] {processor.py:830} INFO - Processing file /opt/anaconda3/envs/airflow_env/lib/python3.10/site-packages/airflow/example_dags/example_short_circuit_decorator.py for tasks to queue
[2025-06-25T19:01:38.703-0400] {logging_mixin.py:188} INFO - [2025-06-25T19:01:38.703-0400] {dagbag.py:545} INFO - Filling up the DagBag from /opt/anaconda3/envs/airflow_env/lib/python3.10/site-packages/airflow/example_dags/example_short_circuit_decorator.py
[2025-06-25T19:01:38.717-0400] {processor.py:840} INFO - DAG(s) 'example_short_circuit_decorator' retrieved from /opt/anaconda3/envs/airflow_env/lib/python3.10/site-packages/airflow/example_dags/example_short_circuit_decorator.py
[2025-06-25T19:01:38.749-0400] {logging_mixin.py:188} INFO - [2025-06-25T19:01:38.749-0400] {dag.py:3096} INFO - Sync 1 DAGs
[2025-06-25T19:01:38.773-0400] {logging_mixin.py:188} INFO - [2025-06-25T19:01:38.773-0400] {dag.py:3954} INFO - Setting next_dagrun for example_short_circuit_decorator to 2025-06-24 00:00:00+00:00, run_after=2025-06-25 00:00:00+00:00
[2025-06-25T19:01:38.779-0400] {processor.py:183} INFO - Processing /opt/anaconda3/envs/airflow_env/lib/python3.10/site-packages/airflow/example_dags/example_short_circuit_decorator.py took 0.079 seconds
[2025-06-25T19:02:28.176-0400] {processor.py:161} INFO - Started process (PID=44788) to work on /opt/anaconda3/envs/airflow_env/lib/python3.10/site-packages/airflow/example_dags/example_short_circuit_decorator.py
[2025-06-25T19:02:28.176-0400] {processor.py:830} INFO - Processing file /opt/anaconda3/envs/airflow_env/lib/python3.10/site-packages/airflow/example_dags/example_short_circuit_decorator.py for tasks to queue
[2025-06-25T19:02:28.177-0400] {logging_mixin.py:188} INFO - [2025-06-25T19:02:28.177-0400] {dagbag.py:545} INFO - Filling up the DagBag from /opt/anaconda3/envs/airflow_env/lib/python3.10/site-packages/airflow/example_dags/example_short_circuit_decorator.py
[2025-06-25T19:02:28.190-0400] {processor.py:840} INFO - DAG(s) 'example_short_circuit_decorator' retrieved from /opt/anaconda3/envs/airflow_env/lib/python3.10/site-packages/airflow/example_dags/example_short_circuit_decorator.py
[2025-06-25T19:02:28.222-0400] {logging_mixin.py:188} INFO - [2025-06-25T19:02:28.222-0400] {dag.py:3096} INFO - Sync 1 DAGs
[2025-06-25T19:02:28.246-0400] {logging_mixin.py:188} INFO - [2025-06-25T19:02:28.246-0400] {dag.py:3954} INFO - Setting next_dagrun for example_short_circuit_decorator to 2025-06-24 00:00:00+00:00, run_after=2025-06-25 00:00:00+00:00
[2025-06-25T19:02:28.252-0400] {processor.py:183} INFO - Processing /opt/anaconda3/envs/airflow_env/lib/python3.10/site-packages/airflow/example_dags/example_short_circuit_decorator.py took 0.078 seconds
[2025-06-25T19:03:09.101-0400] {processor.py:161} INFO - Started process (PID=44870) to work on /opt/anaconda3/envs/airflow_env/lib/python3.10/site-packages/airflow/example_dags/example_short_circuit_decorator.py
[2025-06-25T19:03:09.102-0400] {processor.py:830} INFO - Processing file /opt/anaconda3/envs/airflow_env/lib/python3.10/site-packages/airflow/example_dags/example_short_circuit_decorator.py for tasks to queue
[2025-06-25T19:03:09.102-0400] {logging_mixin.py:188} INFO - [2025-06-25T19:03:09.102-0400] {dagbag.py:545} INFO - Filling up the DagBag from /opt/anaconda3/envs/airflow_env/lib/python3.10/site-packages/airflow/example_dags/example_short_circuit_decorator.py
[2025-06-25T19:03:09.116-0400] {processor.py:840} INFO - DAG(s) 'example_short_circuit_decorator' retrieved from /opt/anaconda3/envs/airflow_env/lib/python3.10/site-packages/airflow/example_dags/example_short_circuit_decorator.py
[2025-06-25T19:03:09.151-0400] {logging_mixin.py:188} INFO - [2025-06-25T19:03:09.151-0400] {dag.py:3096} INFO - Sync 1 DAGs
[2025-06-25T19:03:09.186-0400] {logging_mixin.py:188} INFO - [2025-06-25T19:03:09.185-0400] {dag.py:3954} INFO - Setting next_dagrun for example_short_circuit_decorator to 2025-06-24 00:00:00+00:00, run_after=2025-06-25 00:00:00+00:00
[2025-06-25T19:03:09.192-0400] {processor.py:183} INFO - Processing /opt/anaconda3/envs/airflow_env/lib/python3.10/site-packages/airflow/example_dags/example_short_circuit_decorator.py took 0.093 seconds
[2025-06-25T19:04:01.918-0400] {processor.py:161} INFO - Started process (PID=44960) to work on /opt/anaconda3/envs/airflow_env/lib/python3.10/site-packages/airflow/example_dags/example_short_circuit_decorator.py
[2025-06-25T19:04:01.918-0400] {processor.py:830} INFO - Processing file /opt/anaconda3/envs/airflow_env/lib/python3.10/site-packages/airflow/example_dags/example_short_circuit_decorator.py for tasks to queue
[2025-06-25T19:04:01.919-0400] {logging_mixin.py:188} INFO - [2025-06-25T19:04:01.919-0400] {dagbag.py:545} INFO - Filling up the DagBag from /opt/anaconda3/envs/airflow_env/lib/python3.10/site-packages/airflow/example_dags/example_short_circuit_decorator.py
[2025-06-25T19:04:01.932-0400] {processor.py:840} INFO - DAG(s) 'example_short_circuit_decorator' retrieved from /opt/anaconda3/envs/airflow_env/lib/python3.10/site-packages/airflow/example_dags/example_short_circuit_decorator.py
[2025-06-25T19:04:01.964-0400] {logging_mixin.py:188} INFO - [2025-06-25T19:04:01.964-0400] {dag.py:3096} INFO - Sync 1 DAGs
[2025-06-25T19:04:01.989-0400] {logging_mixin.py:188} INFO - [2025-06-25T19:04:01.989-0400] {dag.py:3954} INFO - Setting next_dagrun for example_short_circuit_decorator to 2025-06-24 00:00:00+00:00, run_after=2025-06-25 00:00:00+00:00
[2025-06-25T19:04:01.996-0400] {processor.py:183} INFO - Processing /opt/anaconda3/envs/airflow_env/lib/python3.10/site-packages/airflow/example_dags/example_short_circuit_decorator.py took 0.079 seconds
[2025-06-25T19:04:39.177-0400] {processor.py:161} INFO - Started process (PID=45024) to work on /opt/anaconda3/envs/airflow_env/lib/python3.10/site-packages/airflow/example_dags/example_short_circuit_decorator.py
[2025-06-25T19:04:39.177-0400] {processor.py:830} INFO - Processing file /opt/anaconda3/envs/airflow_env/lib/python3.10/site-packages/airflow/example_dags/example_short_circuit_decorator.py for tasks to queue
[2025-06-25T19:04:39.178-0400] {logging_mixin.py:188} INFO - [2025-06-25T19:04:39.178-0400] {dagbag.py:545} INFO - Filling up the DagBag from /opt/anaconda3/envs/airflow_env/lib/python3.10/site-packages/airflow/example_dags/example_short_circuit_decorator.py
[2025-06-25T19:04:39.192-0400] {processor.py:840} INFO - DAG(s) 'example_short_circuit_decorator' retrieved from /opt/anaconda3/envs/airflow_env/lib/python3.10/site-packages/airflow/example_dags/example_short_circuit_decorator.py
[2025-06-25T19:04:39.226-0400] {logging_mixin.py:188} INFO - [2025-06-25T19:04:39.226-0400] {dag.py:3096} INFO - Sync 1 DAGs
[2025-06-25T19:04:39.258-0400] {logging_mixin.py:188} INFO - [2025-06-25T19:04:39.258-0400] {dag.py:3954} INFO - Setting next_dagrun for example_short_circuit_decorator to 2025-06-24 00:00:00+00:00, run_after=2025-06-25 00:00:00+00:00
[2025-06-25T19:04:39.265-0400] {processor.py:183} INFO - Processing /opt/anaconda3/envs/airflow_env/lib/python3.10/site-packages/airflow/example_dags/example_short_circuit_decorator.py took 0.090 seconds
[2025-06-25T19:05:36.416-0400] {processor.py:161} INFO - Started process (PID=45128) to work on /opt/anaconda3/envs/airflow_env/lib/python3.10/site-packages/airflow/example_dags/example_short_circuit_decorator.py
[2025-06-25T19:05:36.417-0400] {processor.py:830} INFO - Processing file /opt/anaconda3/envs/airflow_env/lib/python3.10/site-packages/airflow/example_dags/example_short_circuit_decorator.py for tasks to queue
[2025-06-25T19:05:36.417-0400] {logging_mixin.py:188} INFO - [2025-06-25T19:05:36.417-0400] {dagbag.py:545} INFO - Filling up the DagBag from /opt/anaconda3/envs/airflow_env/lib/python3.10/site-packages/airflow/example_dags/example_short_circuit_decorator.py
[2025-06-25T19:05:36.431-0400] {processor.py:840} INFO - DAG(s) 'example_short_circuit_decorator' retrieved from /opt/anaconda3/envs/airflow_env/lib/python3.10/site-packages/airflow/example_dags/example_short_circuit_decorator.py
[2025-06-25T19:05:36.465-0400] {logging_mixin.py:188} INFO - [2025-06-25T19:05:36.465-0400] {dag.py:3096} INFO - Sync 1 DAGs
[2025-06-25T19:05:36.491-0400] {logging_mixin.py:188} INFO - [2025-06-25T19:05:36.491-0400] {dag.py:3954} INFO - Setting next_dagrun for example_short_circuit_decorator to 2025-06-24 00:00:00+00:00, run_after=2025-06-25 00:00:00+00:00
[2025-06-25T19:05:36.498-0400] {processor.py:183} INFO - Processing /opt/anaconda3/envs/airflow_env/lib/python3.10/site-packages/airflow/example_dags/example_short_circuit_decorator.py took 0.083 seconds
[2025-06-25T19:06:15.568-0400] {processor.py:161} INFO - Started process (PID=45188) to work on /opt/anaconda3/envs/airflow_env/lib/python3.10/site-packages/airflow/example_dags/example_short_circuit_decorator.py
[2025-06-25T19:06:15.569-0400] {processor.py:830} INFO - Processing file /opt/anaconda3/envs/airflow_env/lib/python3.10/site-packages/airflow/example_dags/example_short_circuit_decorator.py for tasks to queue
[2025-06-25T19:06:15.569-0400] {logging_mixin.py:188} INFO - [2025-06-25T19:06:15.569-0400] {dagbag.py:545} INFO - Filling up the DagBag from /opt/anaconda3/envs/airflow_env/lib/python3.10/site-packages/airflow/example_dags/example_short_circuit_decorator.py
[2025-06-25T19:06:15.582-0400] {processor.py:840} INFO - DAG(s) 'example_short_circuit_decorator' retrieved from /opt/anaconda3/envs/airflow_env/lib/python3.10/site-packages/airflow/example_dags/example_short_circuit_decorator.py
[2025-06-25T19:06:15.615-0400] {logging_mixin.py:188} INFO - [2025-06-25T19:06:15.615-0400] {dag.py:3096} INFO - Sync 1 DAGs
[2025-06-25T19:06:15.639-0400] {logging_mixin.py:188} INFO - [2025-06-25T19:06:15.639-0400] {dag.py:3954} INFO - Setting next_dagrun for example_short_circuit_decorator to 2025-06-24 00:00:00+00:00, run_after=2025-06-25 00:00:00+00:00
[2025-06-25T19:06:15.645-0400] {processor.py:183} INFO - Processing /opt/anaconda3/envs/airflow_env/lib/python3.10/site-packages/airflow/example_dags/example_short_circuit_decorator.py took 0.078 seconds
[2025-06-25T19:07:08.779-0400] {processor.py:161} INFO - Started process (PID=45292) to work on /opt/anaconda3/envs/airflow_env/lib/python3.10/site-packages/airflow/example_dags/example_short_circuit_decorator.py
[2025-06-25T19:07:08.780-0400] {processor.py:830} INFO - Processing file /opt/anaconda3/envs/airflow_env/lib/python3.10/site-packages/airflow/example_dags/example_short_circuit_decorator.py for tasks to queue
[2025-06-25T19:07:08.780-0400] {logging_mixin.py:188} INFO - [2025-06-25T19:07:08.780-0400] {dagbag.py:545} INFO - Filling up the DagBag from /opt/anaconda3/envs/airflow_env/lib/python3.10/site-packages/airflow/example_dags/example_short_circuit_decorator.py
[2025-06-25T19:07:08.794-0400] {processor.py:840} INFO - DAG(s) 'example_short_circuit_decorator' retrieved from /opt/anaconda3/envs/airflow_env/lib/python3.10/site-packages/airflow/example_dags/example_short_circuit_decorator.py
[2025-06-25T19:07:08.826-0400] {logging_mixin.py:188} INFO - [2025-06-25T19:07:08.826-0400] {dag.py:3096} INFO - Sync 1 DAGs
[2025-06-25T19:07:08.850-0400] {logging_mixin.py:188} INFO - [2025-06-25T19:07:08.850-0400] {dag.py:3954} INFO - Setting next_dagrun for example_short_circuit_decorator to 2025-06-24 00:00:00+00:00, run_after=2025-06-25 00:00:00+00:00
[2025-06-25T19:07:08.856-0400] {processor.py:183} INFO - Processing /opt/anaconda3/envs/airflow_env/lib/python3.10/site-packages/airflow/example_dags/example_short_circuit_decorator.py took 0.079 seconds
[2025-06-25T19:07:44.494-0400] {processor.py:161} INFO - Started process (PID=45346) to work on /opt/anaconda3/envs/airflow_env/lib/python3.10/site-packages/airflow/example_dags/example_short_circuit_decorator.py
[2025-06-25T19:07:44.494-0400] {processor.py:830} INFO - Processing file /opt/anaconda3/envs/airflow_env/lib/python3.10/site-packages/airflow/example_dags/example_short_circuit_decorator.py for tasks to queue
[2025-06-25T19:07:44.495-0400] {logging_mixin.py:188} INFO - [2025-06-25T19:07:44.494-0400] {dagbag.py:545} INFO - Filling up the DagBag from /opt/anaconda3/envs/airflow_env/lib/python3.10/site-packages/airflow/example_dags/example_short_circuit_decorator.py
[2025-06-25T19:07:44.508-0400] {processor.py:840} INFO - DAG(s) 'example_short_circuit_decorator' retrieved from /opt/anaconda3/envs/airflow_env/lib/python3.10/site-packages/airflow/example_dags/example_short_circuit_decorator.py
[2025-06-25T19:07:44.541-0400] {logging_mixin.py:188} INFO - [2025-06-25T19:07:44.541-0400] {dag.py:3096} INFO - Sync 1 DAGs
[2025-06-25T19:07:44.567-0400] {logging_mixin.py:188} INFO - [2025-06-25T19:07:44.567-0400] {dag.py:3954} INFO - Setting next_dagrun for example_short_circuit_decorator to 2025-06-24 00:00:00+00:00, run_after=2025-06-25 00:00:00+00:00
[2025-06-25T19:07:44.573-0400] {processor.py:183} INFO - Processing /opt/anaconda3/envs/airflow_env/lib/python3.10/site-packages/airflow/example_dags/example_short_circuit_decorator.py took 0.081 seconds
[2025-06-25T19:08:40.525-0400] {processor.py:161} INFO - Started process (PID=45429) to work on /opt/anaconda3/envs/airflow_env/lib/python3.10/site-packages/airflow/example_dags/example_short_circuit_decorator.py
[2025-06-25T19:08:40.526-0400] {processor.py:830} INFO - Processing file /opt/anaconda3/envs/airflow_env/lib/python3.10/site-packages/airflow/example_dags/example_short_circuit_decorator.py for tasks to queue
[2025-06-25T19:08:40.526-0400] {logging_mixin.py:188} INFO - [2025-06-25T19:08:40.526-0400] {dagbag.py:545} INFO - Filling up the DagBag from /opt/anaconda3/envs/airflow_env/lib/python3.10/site-packages/airflow/example_dags/example_short_circuit_decorator.py
[2025-06-25T19:08:40.540-0400] {processor.py:840} INFO - DAG(s) 'example_short_circuit_decorator' retrieved from /opt/anaconda3/envs/airflow_env/lib/python3.10/site-packages/airflow/example_dags/example_short_circuit_decorator.py
[2025-06-25T19:08:40.572-0400] {logging_mixin.py:188} INFO - [2025-06-25T19:08:40.572-0400] {dag.py:3096} INFO - Sync 1 DAGs
[2025-06-25T19:08:40.596-0400] {logging_mixin.py:188} INFO - [2025-06-25T19:08:40.596-0400] {dag.py:3954} INFO - Setting next_dagrun for example_short_circuit_decorator to 2025-06-24 00:00:00+00:00, run_after=2025-06-25 00:00:00+00:00
[2025-06-25T19:08:40.602-0400] {processor.py:183} INFO - Processing /opt/anaconda3/envs/airflow_env/lib/python3.10/site-packages/airflow/example_dags/example_short_circuit_decorator.py took 0.079 seconds
[2025-06-25T19:09:15.140-0400] {processor.py:161} INFO - Started process (PID=45484) to work on /opt/anaconda3/envs/airflow_env/lib/python3.10/site-packages/airflow/example_dags/example_short_circuit_decorator.py
[2025-06-25T19:09:15.141-0400] {processor.py:830} INFO - Processing file /opt/anaconda3/envs/airflow_env/lib/python3.10/site-packages/airflow/example_dags/example_short_circuit_decorator.py for tasks to queue
[2025-06-25T19:09:15.141-0400] {logging_mixin.py:188} INFO - [2025-06-25T19:09:15.141-0400] {dagbag.py:545} INFO - Filling up the DagBag from /opt/anaconda3/envs/airflow_env/lib/python3.10/site-packages/airflow/example_dags/example_short_circuit_decorator.py
[2025-06-25T19:09:15.156-0400] {processor.py:840} INFO - DAG(s) 'example_short_circuit_decorator' retrieved from /opt/anaconda3/envs/airflow_env/lib/python3.10/site-packages/airflow/example_dags/example_short_circuit_decorator.py
[2025-06-25T19:09:15.190-0400] {logging_mixin.py:188} INFO - [2025-06-25T19:09:15.189-0400] {dag.py:3096} INFO - Sync 1 DAGs
[2025-06-25T19:09:15.222-0400] {logging_mixin.py:188} INFO - [2025-06-25T19:09:15.222-0400] {dag.py:3954} INFO - Setting next_dagrun for example_short_circuit_decorator to 2025-06-24 00:00:00+00:00, run_after=2025-06-25 00:00:00+00:00
[2025-06-25T19:09:15.229-0400] {processor.py:183} INFO - Processing /opt/anaconda3/envs/airflow_env/lib/python3.10/site-packages/airflow/example_dags/example_short_circuit_decorator.py took 0.091 seconds
[2025-06-25T19:10:11.251-0400] {processor.py:161} INFO - Started process (PID=45581) to work on /opt/anaconda3/envs/airflow_env/lib/python3.10/site-packages/airflow/example_dags/example_short_circuit_decorator.py
[2025-06-25T19:10:11.252-0400] {processor.py:830} INFO - Processing file /opt/anaconda3/envs/airflow_env/lib/python3.10/site-packages/airflow/example_dags/example_short_circuit_decorator.py for tasks to queue
[2025-06-25T19:10:11.252-0400] {logging_mixin.py:188} INFO - [2025-06-25T19:10:11.252-0400] {dagbag.py:545} INFO - Filling up the DagBag from /opt/anaconda3/envs/airflow_env/lib/python3.10/site-packages/airflow/example_dags/example_short_circuit_decorator.py
[2025-06-25T19:10:11.266-0400] {processor.py:840} INFO - DAG(s) 'example_short_circuit_decorator' retrieved from /opt/anaconda3/envs/airflow_env/lib/python3.10/site-packages/airflow/example_dags/example_short_circuit_decorator.py
[2025-06-25T19:10:11.297-0400] {logging_mixin.py:188} INFO - [2025-06-25T19:10:11.297-0400] {dag.py:3096} INFO - Sync 1 DAGs
[2025-06-25T19:10:11.321-0400] {logging_mixin.py:188} INFO - [2025-06-25T19:10:11.321-0400] {dag.py:3954} INFO - Setting next_dagrun for example_short_circuit_decorator to 2025-06-24 00:00:00+00:00, run_after=2025-06-25 00:00:00+00:00
[2025-06-25T19:10:11.327-0400] {processor.py:183} INFO - Processing /opt/anaconda3/envs/airflow_env/lib/python3.10/site-packages/airflow/example_dags/example_short_circuit_decorator.py took 0.078 seconds
[2025-06-25T19:10:44.949-0400] {processor.py:161} INFO - Started process (PID=45640) to work on /opt/anaconda3/envs/airflow_env/lib/python3.10/site-packages/airflow/example_dags/example_short_circuit_decorator.py
[2025-06-25T19:10:44.949-0400] {processor.py:830} INFO - Processing file /opt/anaconda3/envs/airflow_env/lib/python3.10/site-packages/airflow/example_dags/example_short_circuit_decorator.py for tasks to queue
[2025-06-25T19:10:44.949-0400] {logging_mixin.py:188} INFO - [2025-06-25T19:10:44.949-0400] {dagbag.py:545} INFO - Filling up the DagBag from /opt/anaconda3/envs/airflow_env/lib/python3.10/site-packages/airflow/example_dags/example_short_circuit_decorator.py
[2025-06-25T19:10:44.964-0400] {processor.py:840} INFO - DAG(s) 'example_short_circuit_decorator' retrieved from /opt/anaconda3/envs/airflow_env/lib/python3.10/site-packages/airflow/example_dags/example_short_circuit_decorator.py
[2025-06-25T19:10:45.000-0400] {logging_mixin.py:188} INFO - [2025-06-25T19:10:45.000-0400] {dag.py:3096} INFO - Sync 1 DAGs
[2025-06-25T19:10:45.030-0400] {logging_mixin.py:188} INFO - [2025-06-25T19:10:45.030-0400] {dag.py:3954} INFO - Setting next_dagrun for example_short_circuit_decorator to 2025-06-24 00:00:00+00:00, run_after=2025-06-25 00:00:00+00:00
[2025-06-25T19:10:45.037-0400] {processor.py:183} INFO - Processing /opt/anaconda3/envs/airflow_env/lib/python3.10/site-packages/airflow/example_dags/example_short_circuit_decorator.py took 0.090 seconds
[2025-06-25T19:11:41.958-0400] {processor.py:161} INFO - Started process (PID=45743) to work on /opt/anaconda3/envs/airflow_env/lib/python3.10/site-packages/airflow/example_dags/example_short_circuit_decorator.py
[2025-06-25T19:11:41.958-0400] {processor.py:830} INFO - Processing file /opt/anaconda3/envs/airflow_env/lib/python3.10/site-packages/airflow/example_dags/example_short_circuit_decorator.py for tasks to queue
[2025-06-25T19:11:41.959-0400] {logging_mixin.py:188} INFO - [2025-06-25T19:11:41.958-0400] {dagbag.py:545} INFO - Filling up the DagBag from /opt/anaconda3/envs/airflow_env/lib/python3.10/site-packages/airflow/example_dags/example_short_circuit_decorator.py
[2025-06-25T19:11:41.973-0400] {processor.py:840} INFO - DAG(s) 'example_short_circuit_decorator' retrieved from /opt/anaconda3/envs/airflow_env/lib/python3.10/site-packages/airflow/example_dags/example_short_circuit_decorator.py
[2025-06-25T19:11:42.007-0400] {logging_mixin.py:188} INFO - [2025-06-25T19:11:42.007-0400] {dag.py:3096} INFO - Sync 1 DAGs
[2025-06-25T19:11:42.032-0400] {logging_mixin.py:188} INFO - [2025-06-25T19:11:42.032-0400] {dag.py:3954} INFO - Setting next_dagrun for example_short_circuit_decorator to 2025-06-24 00:00:00+00:00, run_after=2025-06-25 00:00:00+00:00
[2025-06-25T19:11:42.038-0400] {processor.py:183} INFO - Processing /opt/anaconda3/envs/airflow_env/lib/python3.10/site-packages/airflow/example_dags/example_short_circuit_decorator.py took 0.082 seconds
[2025-06-25T19:11:49.851-0400] {processor.py:161} INFO - Started process (PID=45754) to work on /opt/anaconda3/envs/airflow_env/lib/python3.10/site-packages/airflow/example_dags/example_short_circuit_decorator.py
[2025-06-25T19:11:49.852-0400] {processor.py:830} INFO - Processing file /opt/anaconda3/envs/airflow_env/lib/python3.10/site-packages/airflow/example_dags/example_short_circuit_decorator.py for tasks to queue
[2025-06-25T19:11:49.852-0400] {logging_mixin.py:188} INFO - [2025-06-25T19:11:49.852-0400] {dagbag.py:545} INFO - Filling up the DagBag from /opt/anaconda3/envs/airflow_env/lib/python3.10/site-packages/airflow/example_dags/example_short_circuit_decorator.py
[2025-06-25T19:11:49.865-0400] {processor.py:840} INFO - DAG(s) 'example_short_circuit_decorator' retrieved from /opt/anaconda3/envs/airflow_env/lib/python3.10/site-packages/airflow/example_dags/example_short_circuit_decorator.py
[2025-06-25T19:11:49.898-0400] {logging_mixin.py:188} INFO - [2025-06-25T19:11:49.898-0400] {dag.py:3096} INFO - Sync 1 DAGs
[2025-06-25T19:11:49.922-0400] {logging_mixin.py:188} INFO - [2025-06-25T19:11:49.922-0400] {dag.py:3954} INFO - Setting next_dagrun for example_short_circuit_decorator to 2025-06-24 00:00:00+00:00, run_after=2025-06-25 00:00:00+00:00
[2025-06-25T19:11:49.928-0400] {processor.py:183} INFO - Processing /opt/anaconda3/envs/airflow_env/lib/python3.10/site-packages/airflow/example_dags/example_short_circuit_decorator.py took 0.079 seconds
[2025-06-25T19:13:15.841-0400] {processor.py:161} INFO - Started process (PID=45942) to work on /opt/anaconda3/envs/airflow_env/lib/python3.10/site-packages/airflow/example_dags/example_short_circuit_decorator.py
[2025-06-25T19:13:15.841-0400] {processor.py:830} INFO - Processing file /opt/anaconda3/envs/airflow_env/lib/python3.10/site-packages/airflow/example_dags/example_short_circuit_decorator.py for tasks to queue
[2025-06-25T19:13:15.841-0400] {logging_mixin.py:188} INFO - [2025-06-25T19:13:15.841-0400] {dagbag.py:545} INFO - Filling up the DagBag from /opt/anaconda3/envs/airflow_env/lib/python3.10/site-packages/airflow/example_dags/example_short_circuit_decorator.py
[2025-06-25T19:13:15.855-0400] {processor.py:840} INFO - DAG(s) 'example_short_circuit_decorator' retrieved from /opt/anaconda3/envs/airflow_env/lib/python3.10/site-packages/airflow/example_dags/example_short_circuit_decorator.py
[2025-06-25T19:13:15.889-0400] {logging_mixin.py:188} INFO - [2025-06-25T19:13:15.889-0400] {dag.py:3096} INFO - Sync 1 DAGs
[2025-06-25T19:13:15.914-0400] {logging_mixin.py:188} INFO - [2025-06-25T19:13:15.914-0400] {dag.py:3954} INFO - Setting next_dagrun for example_short_circuit_decorator to 2025-06-24 00:00:00+00:00, run_after=2025-06-25 00:00:00+00:00
[2025-06-25T19:13:15.920-0400] {processor.py:183} INFO - Processing /opt/anaconda3/envs/airflow_env/lib/python3.10/site-packages/airflow/example_dags/example_short_circuit_decorator.py took 0.081 seconds
[2025-06-25T19:13:26.714-0400] {processor.py:161} INFO - Started process (PID=45960) to work on /opt/anaconda3/envs/airflow_env/lib/python3.10/site-packages/airflow/example_dags/example_short_circuit_decorator.py
[2025-06-25T19:13:26.715-0400] {processor.py:830} INFO - Processing file /opt/anaconda3/envs/airflow_env/lib/python3.10/site-packages/airflow/example_dags/example_short_circuit_decorator.py for tasks to queue
[2025-06-25T19:13:26.715-0400] {logging_mixin.py:188} INFO - [2025-06-25T19:13:26.715-0400] {dagbag.py:545} INFO - Filling up the DagBag from /opt/anaconda3/envs/airflow_env/lib/python3.10/site-packages/airflow/example_dags/example_short_circuit_decorator.py
[2025-06-25T19:13:26.730-0400] {processor.py:840} INFO - DAG(s) 'example_short_circuit_decorator' retrieved from /opt/anaconda3/envs/airflow_env/lib/python3.10/site-packages/airflow/example_dags/example_short_circuit_decorator.py
[2025-06-25T19:13:26.764-0400] {logging_mixin.py:188} INFO - [2025-06-25T19:13:26.764-0400] {dag.py:3096} INFO - Sync 1 DAGs
[2025-06-25T19:13:26.797-0400] {logging_mixin.py:188} INFO - [2025-06-25T19:13:26.797-0400] {dag.py:3954} INFO - Setting next_dagrun for example_short_circuit_decorator to 2025-06-24 00:00:00+00:00, run_after=2025-06-25 00:00:00+00:00
[2025-06-25T19:13:26.809-0400] {processor.py:183} INFO - Processing /opt/anaconda3/envs/airflow_env/lib/python3.10/site-packages/airflow/example_dags/example_short_circuit_decorator.py took 0.096 seconds
[2025-06-25T19:14:48.219-0400] {processor.py:161} INFO - Started process (PID=46121) to work on /opt/anaconda3/envs/airflow_env/lib/python3.10/site-packages/airflow/example_dags/example_short_circuit_decorator.py
[2025-06-25T19:14:48.219-0400] {processor.py:830} INFO - Processing file /opt/anaconda3/envs/airflow_env/lib/python3.10/site-packages/airflow/example_dags/example_short_circuit_decorator.py for tasks to queue
[2025-06-25T19:14:48.220-0400] {logging_mixin.py:188} INFO - [2025-06-25T19:14:48.219-0400] {dagbag.py:545} INFO - Filling up the DagBag from /opt/anaconda3/envs/airflow_env/lib/python3.10/site-packages/airflow/example_dags/example_short_circuit_decorator.py
[2025-06-25T19:14:48.235-0400] {processor.py:840} INFO - DAG(s) 'example_short_circuit_decorator' retrieved from /opt/anaconda3/envs/airflow_env/lib/python3.10/site-packages/airflow/example_dags/example_short_circuit_decorator.py
[2025-06-25T19:14:48.268-0400] {logging_mixin.py:188} INFO - [2025-06-25T19:14:48.268-0400] {dag.py:3096} INFO - Sync 1 DAGs
[2025-06-25T19:14:48.293-0400] {logging_mixin.py:188} INFO - [2025-06-25T19:14:48.293-0400] {dag.py:3954} INFO - Setting next_dagrun for example_short_circuit_decorator to 2025-06-24 00:00:00+00:00, run_after=2025-06-25 00:00:00+00:00
[2025-06-25T19:14:48.299-0400] {processor.py:183} INFO - Processing /opt/anaconda3/envs/airflow_env/lib/python3.10/site-packages/airflow/example_dags/example_short_circuit_decorator.py took 0.082 seconds
[2025-06-25T19:15:03.745-0400] {processor.py:161} INFO - Started process (PID=46145) to work on /opt/anaconda3/envs/airflow_env/lib/python3.10/site-packages/airflow/example_dags/example_short_circuit_decorator.py
[2025-06-25T19:15:03.745-0400] {processor.py:830} INFO - Processing file /opt/anaconda3/envs/airflow_env/lib/python3.10/site-packages/airflow/example_dags/example_short_circuit_decorator.py for tasks to queue
[2025-06-25T19:15:03.745-0400] {logging_mixin.py:188} INFO - [2025-06-25T19:15:03.745-0400] {dagbag.py:545} INFO - Filling up the DagBag from /opt/anaconda3/envs/airflow_env/lib/python3.10/site-packages/airflow/example_dags/example_short_circuit_decorator.py
[2025-06-25T19:15:03.759-0400] {processor.py:840} INFO - DAG(s) 'example_short_circuit_decorator' retrieved from /opt/anaconda3/envs/airflow_env/lib/python3.10/site-packages/airflow/example_dags/example_short_circuit_decorator.py
[2025-06-25T19:15:03.791-0400] {logging_mixin.py:188} INFO - [2025-06-25T19:15:03.791-0400] {dag.py:3096} INFO - Sync 1 DAGs
[2025-06-25T19:15:03.816-0400] {logging_mixin.py:188} INFO - [2025-06-25T19:15:03.816-0400] {dag.py:3954} INFO - Setting next_dagrun for example_short_circuit_decorator to 2025-06-24 00:00:00+00:00, run_after=2025-06-25 00:00:00+00:00
[2025-06-25T19:15:03.823-0400] {processor.py:183} INFO - Processing /opt/anaconda3/envs/airflow_env/lib/python3.10/site-packages/airflow/example_dags/example_short_circuit_decorator.py took 0.079 seconds
[2025-06-25T19:16:17.929-0400] {processor.py:161} INFO - Started process (PID=46289) to work on /opt/anaconda3/envs/airflow_env/lib/python3.10/site-packages/airflow/example_dags/example_short_circuit_decorator.py
[2025-06-25T19:16:17.929-0400] {processor.py:830} INFO - Processing file /opt/anaconda3/envs/airflow_env/lib/python3.10/site-packages/airflow/example_dags/example_short_circuit_decorator.py for tasks to queue
[2025-06-25T19:16:17.930-0400] {logging_mixin.py:188} INFO - [2025-06-25T19:16:17.930-0400] {dagbag.py:545} INFO - Filling up the DagBag from /opt/anaconda3/envs/airflow_env/lib/python3.10/site-packages/airflow/example_dags/example_short_circuit_decorator.py
[2025-06-25T19:16:17.946-0400] {processor.py:840} INFO - DAG(s) 'example_short_circuit_decorator' retrieved from /opt/anaconda3/envs/airflow_env/lib/python3.10/site-packages/airflow/example_dags/example_short_circuit_decorator.py
[2025-06-25T19:16:17.981-0400] {logging_mixin.py:188} INFO - [2025-06-25T19:16:17.980-0400] {dag.py:3096} INFO - Sync 1 DAGs
[2025-06-25T19:16:18.015-0400] {logging_mixin.py:188} INFO - [2025-06-25T19:16:18.014-0400] {dag.py:3954} INFO - Setting next_dagrun for example_short_circuit_decorator to 2025-06-24 00:00:00+00:00, run_after=2025-06-25 00:00:00+00:00
[2025-06-25T19:16:18.023-0400] {processor.py:183} INFO - Processing /opt/anaconda3/envs/airflow_env/lib/python3.10/site-packages/airflow/example_dags/example_short_circuit_decorator.py took 0.096 seconds
[2025-06-25T19:16:38.538-0400] {processor.py:161} INFO - Started process (PID=46326) to work on /opt/anaconda3/envs/airflow_env/lib/python3.10/site-packages/airflow/example_dags/example_short_circuit_decorator.py
[2025-06-25T19:16:38.539-0400] {processor.py:830} INFO - Processing file /opt/anaconda3/envs/airflow_env/lib/python3.10/site-packages/airflow/example_dags/example_short_circuit_decorator.py for tasks to queue
[2025-06-25T19:16:38.539-0400] {logging_mixin.py:188} INFO - [2025-06-25T19:16:38.539-0400] {dagbag.py:545} INFO - Filling up the DagBag from /opt/anaconda3/envs/airflow_env/lib/python3.10/site-packages/airflow/example_dags/example_short_circuit_decorator.py
[2025-06-25T19:16:38.554-0400] {processor.py:840} INFO - DAG(s) 'example_short_circuit_decorator' retrieved from /opt/anaconda3/envs/airflow_env/lib/python3.10/site-packages/airflow/example_dags/example_short_circuit_decorator.py
[2025-06-25T19:16:38.590-0400] {logging_mixin.py:188} INFO - [2025-06-25T19:16:38.590-0400] {dag.py:3096} INFO - Sync 1 DAGs
[2025-06-25T19:16:38.624-0400] {logging_mixin.py:188} INFO - [2025-06-25T19:16:38.624-0400] {dag.py:3954} INFO - Setting next_dagrun for example_short_circuit_decorator to 2025-06-24 00:00:00+00:00, run_after=2025-06-25 00:00:00+00:00
[2025-06-25T19:16:38.631-0400] {processor.py:183} INFO - Processing /opt/anaconda3/envs/airflow_env/lib/python3.10/site-packages/airflow/example_dags/example_short_circuit_decorator.py took 0.095 seconds
[2025-06-25T19:17:54.427-0400] {processor.py:161} INFO - Started process (PID=46489) to work on /opt/anaconda3/envs/airflow_env/lib/python3.10/site-packages/airflow/example_dags/example_short_circuit_decorator.py
[2025-06-25T19:17:54.428-0400] {processor.py:830} INFO - Processing file /opt/anaconda3/envs/airflow_env/lib/python3.10/site-packages/airflow/example_dags/example_short_circuit_decorator.py for tasks to queue
[2025-06-25T19:17:54.428-0400] {logging_mixin.py:188} INFO - [2025-06-25T19:17:54.428-0400] {dagbag.py:545} INFO - Filling up the DagBag from /opt/anaconda3/envs/airflow_env/lib/python3.10/site-packages/airflow/example_dags/example_short_circuit_decorator.py
[2025-06-25T19:17:54.442-0400] {processor.py:840} INFO - DAG(s) 'example_short_circuit_decorator' retrieved from /opt/anaconda3/envs/airflow_env/lib/python3.10/site-packages/airflow/example_dags/example_short_circuit_decorator.py
[2025-06-25T19:17:54.474-0400] {logging_mixin.py:188} INFO - [2025-06-25T19:17:54.474-0400] {dag.py:3096} INFO - Sync 1 DAGs
[2025-06-25T19:17:54.499-0400] {logging_mixin.py:188} INFO - [2025-06-25T19:17:54.499-0400] {dag.py:3954} INFO - Setting next_dagrun for example_short_circuit_decorator to 2025-06-24 00:00:00+00:00, run_after=2025-06-25 00:00:00+00:00
[2025-06-25T19:17:54.505-0400] {processor.py:183} INFO - Processing /opt/anaconda3/envs/airflow_env/lib/python3.10/site-packages/airflow/example_dags/example_short_circuit_decorator.py took 0.079 seconds
[2025-06-25T19:18:15.033-0400] {processor.py:161} INFO - Started process (PID=46540) to work on /opt/anaconda3/envs/airflow_env/lib/python3.10/site-packages/airflow/example_dags/example_short_circuit_decorator.py
[2025-06-25T19:18:15.033-0400] {processor.py:830} INFO - Processing file /opt/anaconda3/envs/airflow_env/lib/python3.10/site-packages/airflow/example_dags/example_short_circuit_decorator.py for tasks to queue
[2025-06-25T19:18:15.033-0400] {logging_mixin.py:188} INFO - [2025-06-25T19:18:15.033-0400] {dagbag.py:545} INFO - Filling up the DagBag from /opt/anaconda3/envs/airflow_env/lib/python3.10/site-packages/airflow/example_dags/example_short_circuit_decorator.py
[2025-06-25T19:18:15.047-0400] {processor.py:840} INFO - DAG(s) 'example_short_circuit_decorator' retrieved from /opt/anaconda3/envs/airflow_env/lib/python3.10/site-packages/airflow/example_dags/example_short_circuit_decorator.py
[2025-06-25T19:18:15.082-0400] {logging_mixin.py:188} INFO - [2025-06-25T19:18:15.082-0400] {dag.py:3096} INFO - Sync 1 DAGs
[2025-06-25T19:18:15.106-0400] {logging_mixin.py:188} INFO - [2025-06-25T19:18:15.106-0400] {dag.py:3954} INFO - Setting next_dagrun for example_short_circuit_decorator to 2025-06-24 00:00:00+00:00, run_after=2025-06-25 00:00:00+00:00
[2025-06-25T19:18:15.113-0400] {processor.py:183} INFO - Processing /opt/anaconda3/envs/airflow_env/lib/python3.10/site-packages/airflow/example_dags/example_short_circuit_decorator.py took 0.082 seconds
[2025-06-25T19:19:33.644-0400] {processor.py:161} INFO - Started process (PID=46732) to work on /opt/anaconda3/envs/airflow_env/lib/python3.10/site-packages/airflow/example_dags/example_short_circuit_decorator.py
[2025-06-25T19:19:33.644-0400] {processor.py:830} INFO - Processing file /opt/anaconda3/envs/airflow_env/lib/python3.10/site-packages/airflow/example_dags/example_short_circuit_decorator.py for tasks to queue
[2025-06-25T19:19:33.645-0400] {logging_mixin.py:188} INFO - [2025-06-25T19:19:33.645-0400] {dagbag.py:545} INFO - Filling up the DagBag from /opt/anaconda3/envs/airflow_env/lib/python3.10/site-packages/airflow/example_dags/example_short_circuit_decorator.py
[2025-06-25T19:19:33.660-0400] {processor.py:840} INFO - DAG(s) 'example_short_circuit_decorator' retrieved from /opt/anaconda3/envs/airflow_env/lib/python3.10/site-packages/airflow/example_dags/example_short_circuit_decorator.py
[2025-06-25T19:19:33.696-0400] {logging_mixin.py:188} INFO - [2025-06-25T19:19:33.696-0400] {dag.py:3096} INFO - Sync 1 DAGs
[2025-06-25T19:19:33.730-0400] {logging_mixin.py:188} INFO - [2025-06-25T19:19:33.730-0400] {dag.py:3954} INFO - Setting next_dagrun for example_short_circuit_decorator to 2025-06-24 00:00:00+00:00, run_after=2025-06-25 00:00:00+00:00
[2025-06-25T19:19:33.738-0400] {processor.py:183} INFO - Processing /opt/anaconda3/envs/airflow_env/lib/python3.10/site-packages/airflow/example_dags/example_short_circuit_decorator.py took 0.096 seconds
[2025-06-25T19:19:56.055-0400] {processor.py:161} INFO - Started process (PID=46780) to work on /opt/anaconda3/envs/airflow_env/lib/python3.10/site-packages/airflow/example_dags/example_short_circuit_decorator.py
[2025-06-25T19:19:56.056-0400] {processor.py:830} INFO - Processing file /opt/anaconda3/envs/airflow_env/lib/python3.10/site-packages/airflow/example_dags/example_short_circuit_decorator.py for tasks to queue
[2025-06-25T19:19:56.057-0400] {logging_mixin.py:188} INFO - [2025-06-25T19:19:56.057-0400] {dagbag.py:545} INFO - Filling up the DagBag from /opt/anaconda3/envs/airflow_env/lib/python3.10/site-packages/airflow/example_dags/example_short_circuit_decorator.py
[2025-06-25T19:19:56.071-0400] {processor.py:840} INFO - DAG(s) 'example_short_circuit_decorator' retrieved from /opt/anaconda3/envs/airflow_env/lib/python3.10/site-packages/airflow/example_dags/example_short_circuit_decorator.py
[2025-06-25T19:19:56.104-0400] {logging_mixin.py:188} INFO - [2025-06-25T19:19:56.104-0400] {dag.py:3096} INFO - Sync 1 DAGs
[2025-06-25T19:19:56.129-0400] {logging_mixin.py:188} INFO - [2025-06-25T19:19:56.129-0400] {dag.py:3954} INFO - Setting next_dagrun for example_short_circuit_decorator to 2025-06-24 00:00:00+00:00, run_after=2025-06-25 00:00:00+00:00
[2025-06-25T19:19:56.136-0400] {processor.py:183} INFO - Processing /opt/anaconda3/envs/airflow_env/lib/python3.10/site-packages/airflow/example_dags/example_short_circuit_decorator.py took 0.082 seconds
[2025-06-25T19:21:13.307-0400] {processor.py:161} INFO - Started process (PID=46939) to work on /opt/anaconda3/envs/airflow_env/lib/python3.10/site-packages/airflow/example_dags/example_short_circuit_decorator.py
[2025-06-25T19:21:13.307-0400] {processor.py:830} INFO - Processing file /opt/anaconda3/envs/airflow_env/lib/python3.10/site-packages/airflow/example_dags/example_short_circuit_decorator.py for tasks to queue
[2025-06-25T19:21:13.308-0400] {logging_mixin.py:188} INFO - [2025-06-25T19:21:13.308-0400] {dagbag.py:545} INFO - Filling up the DagBag from /opt/anaconda3/envs/airflow_env/lib/python3.10/site-packages/airflow/example_dags/example_short_circuit_decorator.py
[2025-06-25T19:21:13.322-0400] {processor.py:840} INFO - DAG(s) 'example_short_circuit_decorator' retrieved from /opt/anaconda3/envs/airflow_env/lib/python3.10/site-packages/airflow/example_dags/example_short_circuit_decorator.py
[2025-06-25T19:21:13.354-0400] {logging_mixin.py:188} INFO - [2025-06-25T19:21:13.354-0400] {dag.py:3096} INFO - Sync 1 DAGs
[2025-06-25T19:21:13.382-0400] {logging_mixin.py:188} INFO - [2025-06-25T19:21:13.382-0400] {dag.py:3954} INFO - Setting next_dagrun for example_short_circuit_decorator to 2025-06-24 00:00:00+00:00, run_after=2025-06-25 00:00:00+00:00
[2025-06-25T19:21:13.388-0400] {processor.py:183} INFO - Processing /opt/anaconda3/envs/airflow_env/lib/python3.10/site-packages/airflow/example_dags/example_short_circuit_decorator.py took 0.083 seconds
[2025-06-25T19:21:33.614-0400] {processor.py:161} INFO - Started process (PID=46981) to work on /opt/anaconda3/envs/airflow_env/lib/python3.10/site-packages/airflow/example_dags/example_short_circuit_decorator.py
[2025-06-25T19:21:33.615-0400] {processor.py:830} INFO - Processing file /opt/anaconda3/envs/airflow_env/lib/python3.10/site-packages/airflow/example_dags/example_short_circuit_decorator.py for tasks to queue
[2025-06-25T19:21:33.615-0400] {logging_mixin.py:188} INFO - [2025-06-25T19:21:33.615-0400] {dagbag.py:545} INFO - Filling up the DagBag from /opt/anaconda3/envs/airflow_env/lib/python3.10/site-packages/airflow/example_dags/example_short_circuit_decorator.py
[2025-06-25T19:21:33.629-0400] {processor.py:840} INFO - DAG(s) 'example_short_circuit_decorator' retrieved from /opt/anaconda3/envs/airflow_env/lib/python3.10/site-packages/airflow/example_dags/example_short_circuit_decorator.py
[2025-06-25T19:21:33.661-0400] {logging_mixin.py:188} INFO - [2025-06-25T19:21:33.661-0400] {dag.py:3096} INFO - Sync 1 DAGs
[2025-06-25T19:21:33.686-0400] {logging_mixin.py:188} INFO - [2025-06-25T19:21:33.685-0400] {dag.py:3954} INFO - Setting next_dagrun for example_short_circuit_decorator to 2025-06-24 00:00:00+00:00, run_after=2025-06-25 00:00:00+00:00
[2025-06-25T19:21:33.692-0400] {processor.py:183} INFO - Processing /opt/anaconda3/envs/airflow_env/lib/python3.10/site-packages/airflow/example_dags/example_short_circuit_decorator.py took 0.079 seconds
[2025-06-25T19:22:46.628-0400] {processor.py:161} INFO - Started process (PID=47151) to work on /opt/anaconda3/envs/airflow_env/lib/python3.10/site-packages/airflow/example_dags/example_short_circuit_decorator.py
[2025-06-25T19:22:46.629-0400] {processor.py:830} INFO - Processing file /opt/anaconda3/envs/airflow_env/lib/python3.10/site-packages/airflow/example_dags/example_short_circuit_decorator.py for tasks to queue
[2025-06-25T19:22:46.629-0400] {logging_mixin.py:188} INFO - [2025-06-25T19:22:46.629-0400] {dagbag.py:545} INFO - Filling up the DagBag from /opt/anaconda3/envs/airflow_env/lib/python3.10/site-packages/airflow/example_dags/example_short_circuit_decorator.py
[2025-06-25T19:22:46.643-0400] {processor.py:840} INFO - DAG(s) 'example_short_circuit_decorator' retrieved from /opt/anaconda3/envs/airflow_env/lib/python3.10/site-packages/airflow/example_dags/example_short_circuit_decorator.py
[2025-06-25T19:22:46.677-0400] {logging_mixin.py:188} INFO - [2025-06-25T19:22:46.677-0400] {dag.py:3096} INFO - Sync 1 DAGs
[2025-06-25T19:22:46.704-0400] {logging_mixin.py:188} INFO - [2025-06-25T19:22:46.704-0400] {dag.py:3954} INFO - Setting next_dagrun for example_short_circuit_decorator to 2025-06-24 00:00:00+00:00, run_after=2025-06-25 00:00:00+00:00
[2025-06-25T19:22:46.711-0400] {processor.py:183} INFO - Processing /opt/anaconda3/envs/airflow_env/lib/python3.10/site-packages/airflow/example_dags/example_short_circuit_decorator.py took 0.085 seconds
[2025-06-25T19:23:07.458-0400] {processor.py:161} INFO - Started process (PID=47199) to work on /opt/anaconda3/envs/airflow_env/lib/python3.10/site-packages/airflow/example_dags/example_short_circuit_decorator.py
[2025-06-25T19:23:07.459-0400] {processor.py:830} INFO - Processing file /opt/anaconda3/envs/airflow_env/lib/python3.10/site-packages/airflow/example_dags/example_short_circuit_decorator.py for tasks to queue
[2025-06-25T19:23:07.459-0400] {logging_mixin.py:188} INFO - [2025-06-25T19:23:07.459-0400] {dagbag.py:545} INFO - Filling up the DagBag from /opt/anaconda3/envs/airflow_env/lib/python3.10/site-packages/airflow/example_dags/example_short_circuit_decorator.py
[2025-06-25T19:23:07.475-0400] {processor.py:840} INFO - DAG(s) 'example_short_circuit_decorator' retrieved from /opt/anaconda3/envs/airflow_env/lib/python3.10/site-packages/airflow/example_dags/example_short_circuit_decorator.py
[2025-06-25T19:23:07.511-0400] {logging_mixin.py:188} INFO - [2025-06-25T19:23:07.510-0400] {dag.py:3096} INFO - Sync 1 DAGs
[2025-06-25T19:23:07.545-0400] {logging_mixin.py:188} INFO - [2025-06-25T19:23:07.545-0400] {dag.py:3954} INFO - Setting next_dagrun for example_short_circuit_decorator to 2025-06-24 00:00:00+00:00, run_after=2025-06-25 00:00:00+00:00
[2025-06-25T19:23:07.554-0400] {processor.py:183} INFO - Processing /opt/anaconda3/envs/airflow_env/lib/python3.10/site-packages/airflow/example_dags/example_short_circuit_decorator.py took 0.098 seconds
[2025-06-25T19:24:17.431-0400] {processor.py:161} INFO - Started process (PID=47350) to work on /opt/anaconda3/envs/airflow_env/lib/python3.10/site-packages/airflow/example_dags/example_short_circuit_decorator.py
[2025-06-25T19:24:17.432-0400] {processor.py:830} INFO - Processing file /opt/anaconda3/envs/airflow_env/lib/python3.10/site-packages/airflow/example_dags/example_short_circuit_decorator.py for tasks to queue
[2025-06-25T19:24:17.432-0400] {logging_mixin.py:188} INFO - [2025-06-25T19:24:17.432-0400] {dagbag.py:545} INFO - Filling up the DagBag from /opt/anaconda3/envs/airflow_env/lib/python3.10/site-packages/airflow/example_dags/example_short_circuit_decorator.py
[2025-06-25T19:24:17.452-0400] {processor.py:840} INFO - DAG(s) 'example_short_circuit_decorator' retrieved from /opt/anaconda3/envs/airflow_env/lib/python3.10/site-packages/airflow/example_dags/example_short_circuit_decorator.py
[2025-06-25T19:24:17.495-0400] {logging_mixin.py:188} INFO - [2025-06-25T19:24:17.495-0400] {dag.py:3096} INFO - Sync 1 DAGs
[2025-06-25T19:24:17.542-0400] {logging_mixin.py:188} INFO - [2025-06-25T19:24:17.542-0400] {dag.py:3954} INFO - Setting next_dagrun for example_short_circuit_decorator to 2025-06-24 00:00:00+00:00, run_after=2025-06-25 00:00:00+00:00
[2025-06-25T19:24:17.553-0400] {processor.py:183} INFO - Processing /opt/anaconda3/envs/airflow_env/lib/python3.10/site-packages/airflow/example_dags/example_short_circuit_decorator.py took 0.125 seconds
[2025-06-25T19:24:45.675-0400] {processor.py:161} INFO - Started process (PID=47390) to work on /opt/anaconda3/envs/airflow_env/lib/python3.10/site-packages/airflow/example_dags/example_short_circuit_decorator.py
[2025-06-25T19:24:45.676-0400] {processor.py:830} INFO - Processing file /opt/anaconda3/envs/airflow_env/lib/python3.10/site-packages/airflow/example_dags/example_short_circuit_decorator.py for tasks to queue
[2025-06-25T19:24:45.676-0400] {logging_mixin.py:188} INFO - [2025-06-25T19:24:45.676-0400] {dagbag.py:545} INFO - Filling up the DagBag from /opt/anaconda3/envs/airflow_env/lib/python3.10/site-packages/airflow/example_dags/example_short_circuit_decorator.py
[2025-06-25T19:24:45.690-0400] {processor.py:840} INFO - DAG(s) 'example_short_circuit_decorator' retrieved from /opt/anaconda3/envs/airflow_env/lib/python3.10/site-packages/airflow/example_dags/example_short_circuit_decorator.py
[2025-06-25T19:24:45.722-0400] {logging_mixin.py:188} INFO - [2025-06-25T19:24:45.722-0400] {dag.py:3096} INFO - Sync 1 DAGs
[2025-06-25T19:24:45.746-0400] {logging_mixin.py:188} INFO - [2025-06-25T19:24:45.746-0400] {dag.py:3954} INFO - Setting next_dagrun for example_short_circuit_decorator to 2025-06-24 00:00:00+00:00, run_after=2025-06-25 00:00:00+00:00
[2025-06-25T19:24:45.753-0400] {processor.py:183} INFO - Processing /opt/anaconda3/envs/airflow_env/lib/python3.10/site-packages/airflow/example_dags/example_short_circuit_decorator.py took 0.079 seconds
[2025-06-25T19:26:02.018-0400] {processor.py:161} INFO - Started process (PID=47506) to work on /opt/anaconda3/envs/airflow_env/lib/python3.10/site-packages/airflow/example_dags/example_short_circuit_decorator.py
[2025-06-25T19:26:02.019-0400] {processor.py:830} INFO - Processing file /opt/anaconda3/envs/airflow_env/lib/python3.10/site-packages/airflow/example_dags/example_short_circuit_decorator.py for tasks to queue
[2025-06-25T19:26:02.019-0400] {logging_mixin.py:188} INFO - [2025-06-25T19:26:02.019-0400] {dagbag.py:545} INFO - Filling up the DagBag from /opt/anaconda3/envs/airflow_env/lib/python3.10/site-packages/airflow/example_dags/example_short_circuit_decorator.py
[2025-06-25T19:26:02.033-0400] {processor.py:840} INFO - DAG(s) 'example_short_circuit_decorator' retrieved from /opt/anaconda3/envs/airflow_env/lib/python3.10/site-packages/airflow/example_dags/example_short_circuit_decorator.py
[2025-06-25T19:26:02.065-0400] {logging_mixin.py:188} INFO - [2025-06-25T19:26:02.065-0400] {dag.py:3096} INFO - Sync 1 DAGs
[2025-06-25T19:26:02.090-0400] {logging_mixin.py:188} INFO - [2025-06-25T19:26:02.090-0400] {dag.py:3954} INFO - Setting next_dagrun for example_short_circuit_decorator to 2025-06-24 00:00:00+00:00, run_after=2025-06-25 00:00:00+00:00
[2025-06-25T19:26:02.096-0400] {processor.py:183} INFO - Processing /opt/anaconda3/envs/airflow_env/lib/python3.10/site-packages/airflow/example_dags/example_short_circuit_decorator.py took 0.080 seconds
[2025-06-25T19:26:24.567-0400] {processor.py:161} INFO - Started process (PID=47549) to work on /opt/anaconda3/envs/airflow_env/lib/python3.10/site-packages/airflow/example_dags/example_short_circuit_decorator.py
[2025-06-25T19:26:24.567-0400] {processor.py:830} INFO - Processing file /opt/anaconda3/envs/airflow_env/lib/python3.10/site-packages/airflow/example_dags/example_short_circuit_decorator.py for tasks to queue
[2025-06-25T19:26:24.568-0400] {logging_mixin.py:188} INFO - [2025-06-25T19:26:24.567-0400] {dagbag.py:545} INFO - Filling up the DagBag from /opt/anaconda3/envs/airflow_env/lib/python3.10/site-packages/airflow/example_dags/example_short_circuit_decorator.py
[2025-06-25T19:26:24.585-0400] {processor.py:840} INFO - DAG(s) 'example_short_circuit_decorator' retrieved from /opt/anaconda3/envs/airflow_env/lib/python3.10/site-packages/airflow/example_dags/example_short_circuit_decorator.py
[2025-06-25T19:26:24.621-0400] {logging_mixin.py:188} INFO - [2025-06-25T19:26:24.620-0400] {dag.py:3096} INFO - Sync 1 DAGs
[2025-06-25T19:26:24.648-0400] {logging_mixin.py:188} INFO - [2025-06-25T19:26:24.648-0400] {dag.py:3954} INFO - Setting next_dagrun for example_short_circuit_decorator to 2025-06-24 00:00:00+00:00, run_after=2025-06-25 00:00:00+00:00
[2025-06-25T19:26:24.655-0400] {processor.py:183} INFO - Processing /opt/anaconda3/envs/airflow_env/lib/python3.10/site-packages/airflow/example_dags/example_short_circuit_decorator.py took 0.090 seconds
[2025-06-25T19:28:09.115-0400] {processor.py:161} INFO - Started process (PID=47773) to work on /opt/anaconda3/envs/airflow_env/lib/python3.10/site-packages/airflow/example_dags/example_short_circuit_decorator.py
[2025-06-25T19:28:09.117-0400] {processor.py:830} INFO - Processing file /opt/anaconda3/envs/airflow_env/lib/python3.10/site-packages/airflow/example_dags/example_short_circuit_decorator.py for tasks to queue
[2025-06-25T19:28:09.117-0400] {logging_mixin.py:188} INFO - [2025-06-25T19:28:09.117-0400] {dagbag.py:545} INFO - Filling up the DagBag from /opt/anaconda3/envs/airflow_env/lib/python3.10/site-packages/airflow/example_dags/example_short_circuit_decorator.py
[2025-06-25T19:28:09.132-0400] {processor.py:840} INFO - DAG(s) 'example_short_circuit_decorator' retrieved from /opt/anaconda3/envs/airflow_env/lib/python3.10/site-packages/airflow/example_dags/example_short_circuit_decorator.py
[2025-06-25T19:28:09.167-0400] {logging_mixin.py:188} INFO - [2025-06-25T19:28:09.167-0400] {dag.py:3096} INFO - Sync 1 DAGs
[2025-06-25T19:28:09.196-0400] {logging_mixin.py:188} INFO - [2025-06-25T19:28:09.196-0400] {dag.py:3954} INFO - Setting next_dagrun for example_short_circuit_decorator to 2025-06-24 00:00:00+00:00, run_after=2025-06-25 00:00:00+00:00
[2025-06-25T19:28:09.202-0400] {processor.py:183} INFO - Processing /opt/anaconda3/envs/airflow_env/lib/python3.10/site-packages/airflow/example_dags/example_short_circuit_decorator.py took 0.088 seconds
[2025-06-25T19:28:34.507-0400] {processor.py:161} INFO - Started process (PID=47826) to work on /opt/anaconda3/envs/airflow_env/lib/python3.10/site-packages/airflow/example_dags/example_short_circuit_decorator.py
[2025-06-25T19:28:34.507-0400] {processor.py:830} INFO - Processing file /opt/anaconda3/envs/airflow_env/lib/python3.10/site-packages/airflow/example_dags/example_short_circuit_decorator.py for tasks to queue
[2025-06-25T19:28:34.508-0400] {logging_mixin.py:188} INFO - [2025-06-25T19:28:34.508-0400] {dagbag.py:545} INFO - Filling up the DagBag from /opt/anaconda3/envs/airflow_env/lib/python3.10/site-packages/airflow/example_dags/example_short_circuit_decorator.py
[2025-06-25T19:28:34.523-0400] {processor.py:840} INFO - DAG(s) 'example_short_circuit_decorator' retrieved from /opt/anaconda3/envs/airflow_env/lib/python3.10/site-packages/airflow/example_dags/example_short_circuit_decorator.py
[2025-06-25T19:28:34.559-0400] {logging_mixin.py:188} INFO - [2025-06-25T19:28:34.559-0400] {dag.py:3096} INFO - Sync 1 DAGs
[2025-06-25T19:28:34.586-0400] {logging_mixin.py:188} INFO - [2025-06-25T19:28:34.586-0400] {dag.py:3954} INFO - Setting next_dagrun for example_short_circuit_decorator to 2025-06-24 00:00:00+00:00, run_after=2025-06-25 00:00:00+00:00
[2025-06-25T19:28:34.593-0400] {processor.py:183} INFO - Processing /opt/anaconda3/envs/airflow_env/lib/python3.10/site-packages/airflow/example_dags/example_short_circuit_decorator.py took 0.088 seconds
[2025-06-25T19:29:54.117-0400] {processor.py:161} INFO - Started process (PID=47970) to work on /opt/anaconda3/envs/airflow_env/lib/python3.10/site-packages/airflow/example_dags/example_short_circuit_decorator.py
[2025-06-25T19:29:54.117-0400] {processor.py:830} INFO - Processing file /opt/anaconda3/envs/airflow_env/lib/python3.10/site-packages/airflow/example_dags/example_short_circuit_decorator.py for tasks to queue
[2025-06-25T19:29:54.118-0400] {logging_mixin.py:188} INFO - [2025-06-25T19:29:54.118-0400] {dagbag.py:545} INFO - Filling up the DagBag from /opt/anaconda3/envs/airflow_env/lib/python3.10/site-packages/airflow/example_dags/example_short_circuit_decorator.py
[2025-06-25T19:29:54.131-0400] {processor.py:840} INFO - DAG(s) 'example_short_circuit_decorator' retrieved from /opt/anaconda3/envs/airflow_env/lib/python3.10/site-packages/airflow/example_dags/example_short_circuit_decorator.py
[2025-06-25T19:29:54.163-0400] {logging_mixin.py:188} INFO - [2025-06-25T19:29:54.163-0400] {dag.py:3096} INFO - Sync 1 DAGs
[2025-06-25T19:29:54.188-0400] {logging_mixin.py:188} INFO - [2025-06-25T19:29:54.187-0400] {dag.py:3954} INFO - Setting next_dagrun for example_short_circuit_decorator to 2025-06-24 00:00:00+00:00, run_after=2025-06-25 00:00:00+00:00
[2025-06-25T19:29:54.194-0400] {processor.py:183} INFO - Processing /opt/anaconda3/envs/airflow_env/lib/python3.10/site-packages/airflow/example_dags/example_short_circuit_decorator.py took 0.079 seconds
[2025-06-25T19:30:10.007-0400] {processor.py:161} INFO - Started process (PID=47996) to work on /opt/anaconda3/envs/airflow_env/lib/python3.10/site-packages/airflow/example_dags/example_short_circuit_decorator.py
[2025-06-25T19:30:10.007-0400] {processor.py:830} INFO - Processing file /opt/anaconda3/envs/airflow_env/lib/python3.10/site-packages/airflow/example_dags/example_short_circuit_decorator.py for tasks to queue
[2025-06-25T19:30:10.007-0400] {logging_mixin.py:188} INFO - [2025-06-25T19:30:10.007-0400] {dagbag.py:545} INFO - Filling up the DagBag from /opt/anaconda3/envs/airflow_env/lib/python3.10/site-packages/airflow/example_dags/example_short_circuit_decorator.py
[2025-06-25T19:30:10.021-0400] {processor.py:840} INFO - DAG(s) 'example_short_circuit_decorator' retrieved from /opt/anaconda3/envs/airflow_env/lib/python3.10/site-packages/airflow/example_dags/example_short_circuit_decorator.py
[2025-06-25T19:30:10.054-0400] {logging_mixin.py:188} INFO - [2025-06-25T19:30:10.054-0400] {dag.py:3096} INFO - Sync 1 DAGs
[2025-06-25T19:30:10.079-0400] {logging_mixin.py:188} INFO - [2025-06-25T19:30:10.079-0400] {dag.py:3954} INFO - Setting next_dagrun for example_short_circuit_decorator to 2025-06-24 00:00:00+00:00, run_after=2025-06-25 00:00:00+00:00
[2025-06-25T19:30:10.085-0400] {processor.py:183} INFO - Processing /opt/anaconda3/envs/airflow_env/lib/python3.10/site-packages/airflow/example_dags/example_short_circuit_decorator.py took 0.080 seconds
[2025-06-25T19:31:24.454-0400] {processor.py:161} INFO - Started process (PID=48108) to work on /opt/anaconda3/envs/airflow_env/lib/python3.10/site-packages/airflow/example_dags/example_short_circuit_decorator.py
[2025-06-25T19:31:24.456-0400] {processor.py:830} INFO - Processing file /opt/anaconda3/envs/airflow_env/lib/python3.10/site-packages/airflow/example_dags/example_short_circuit_decorator.py for tasks to queue
[2025-06-25T19:31:24.456-0400] {logging_mixin.py:188} INFO - [2025-06-25T19:31:24.456-0400] {dagbag.py:545} INFO - Filling up the DagBag from /opt/anaconda3/envs/airflow_env/lib/python3.10/site-packages/airflow/example_dags/example_short_circuit_decorator.py
[2025-06-25T19:31:24.470-0400] {processor.py:840} INFO - DAG(s) 'example_short_circuit_decorator' retrieved from /opt/anaconda3/envs/airflow_env/lib/python3.10/site-packages/airflow/example_dags/example_short_circuit_decorator.py
[2025-06-25T19:31:24.502-0400] {logging_mixin.py:188} INFO - [2025-06-25T19:31:24.502-0400] {dag.py:3096} INFO - Sync 1 DAGs
[2025-06-25T19:31:24.526-0400] {logging_mixin.py:188} INFO - [2025-06-25T19:31:24.526-0400] {dag.py:3954} INFO - Setting next_dagrun for example_short_circuit_decorator to 2025-06-24 00:00:00+00:00, run_after=2025-06-25 00:00:00+00:00
[2025-06-25T19:31:24.532-0400] {processor.py:183} INFO - Processing /opt/anaconda3/envs/airflow_env/lib/python3.10/site-packages/airflow/example_dags/example_short_circuit_decorator.py took 0.080 seconds
[2025-06-25T19:31:46.624-0400] {processor.py:161} INFO - Started process (PID=48137) to work on /opt/anaconda3/envs/airflow_env/lib/python3.10/site-packages/airflow/example_dags/example_short_circuit_decorator.py
[2025-06-25T19:31:46.624-0400] {processor.py:830} INFO - Processing file /opt/anaconda3/envs/airflow_env/lib/python3.10/site-packages/airflow/example_dags/example_short_circuit_decorator.py for tasks to queue
[2025-06-25T19:31:46.625-0400] {logging_mixin.py:188} INFO - [2025-06-25T19:31:46.624-0400] {dagbag.py:545} INFO - Filling up the DagBag from /opt/anaconda3/envs/airflow_env/lib/python3.10/site-packages/airflow/example_dags/example_short_circuit_decorator.py
[2025-06-25T19:31:46.639-0400] {processor.py:840} INFO - DAG(s) 'example_short_circuit_decorator' retrieved from /opt/anaconda3/envs/airflow_env/lib/python3.10/site-packages/airflow/example_dags/example_short_circuit_decorator.py
[2025-06-25T19:31:46.673-0400] {logging_mixin.py:188} INFO - [2025-06-25T19:31:46.673-0400] {dag.py:3096} INFO - Sync 1 DAGs
[2025-06-25T19:31:46.701-0400] {logging_mixin.py:188} INFO - [2025-06-25T19:31:46.700-0400] {dag.py:3954} INFO - Setting next_dagrun for example_short_circuit_decorator to 2025-06-24 00:00:00+00:00, run_after=2025-06-25 00:00:00+00:00
[2025-06-25T19:31:46.708-0400] {processor.py:183} INFO - Processing /opt/anaconda3/envs/airflow_env/lib/python3.10/site-packages/airflow/example_dags/example_short_circuit_decorator.py took 0.086 seconds
[2025-06-25T19:33:00.877-0400] {processor.py:161} INFO - Started process (PID=48271) to work on /opt/anaconda3/envs/airflow_env/lib/python3.10/site-packages/airflow/example_dags/example_short_circuit_decorator.py
[2025-06-25T19:33:00.878-0400] {processor.py:830} INFO - Processing file /opt/anaconda3/envs/airflow_env/lib/python3.10/site-packages/airflow/example_dags/example_short_circuit_decorator.py for tasks to queue
[2025-06-25T19:33:00.878-0400] {logging_mixin.py:188} INFO - [2025-06-25T19:33:00.878-0400] {dagbag.py:545} INFO - Filling up the DagBag from /opt/anaconda3/envs/airflow_env/lib/python3.10/site-packages/airflow/example_dags/example_short_circuit_decorator.py
[2025-06-25T19:33:00.893-0400] {processor.py:840} INFO - DAG(s) 'example_short_circuit_decorator' retrieved from /opt/anaconda3/envs/airflow_env/lib/python3.10/site-packages/airflow/example_dags/example_short_circuit_decorator.py
[2025-06-25T19:33:00.932-0400] {logging_mixin.py:188} INFO - [2025-06-25T19:33:00.932-0400] {dag.py:3096} INFO - Sync 1 DAGs
[2025-06-25T19:33:00.962-0400] {logging_mixin.py:188} INFO - [2025-06-25T19:33:00.962-0400] {dag.py:3954} INFO - Setting next_dagrun for example_short_circuit_decorator to 2025-06-24 00:00:00+00:00, run_after=2025-06-25 00:00:00+00:00
[2025-06-25T19:33:00.970-0400] {processor.py:183} INFO - Processing /opt/anaconda3/envs/airflow_env/lib/python3.10/site-packages/airflow/example_dags/example_short_circuit_decorator.py took 0.095 seconds
[2025-06-25T19:33:26.728-0400] {processor.py:161} INFO - Started process (PID=48327) to work on /opt/anaconda3/envs/airflow_env/lib/python3.10/site-packages/airflow/example_dags/example_short_circuit_decorator.py
[2025-06-25T19:33:26.728-0400] {processor.py:830} INFO - Processing file /opt/anaconda3/envs/airflow_env/lib/python3.10/site-packages/airflow/example_dags/example_short_circuit_decorator.py for tasks to queue
[2025-06-25T19:33:26.729-0400] {logging_mixin.py:188} INFO - [2025-06-25T19:33:26.729-0400] {dagbag.py:545} INFO - Filling up the DagBag from /opt/anaconda3/envs/airflow_env/lib/python3.10/site-packages/airflow/example_dags/example_short_circuit_decorator.py
[2025-06-25T19:33:26.743-0400] {processor.py:840} INFO - DAG(s) 'example_short_circuit_decorator' retrieved from /opt/anaconda3/envs/airflow_env/lib/python3.10/site-packages/airflow/example_dags/example_short_circuit_decorator.py
[2025-06-25T19:33:26.777-0400] {logging_mixin.py:188} INFO - [2025-06-25T19:33:26.777-0400] {dag.py:3096} INFO - Sync 1 DAGs
[2025-06-25T19:33:26.805-0400] {logging_mixin.py:188} INFO - [2025-06-25T19:33:26.805-0400] {dag.py:3954} INFO - Setting next_dagrun for example_short_circuit_decorator to 2025-06-24 00:00:00+00:00, run_after=2025-06-25 00:00:00+00:00
[2025-06-25T19:33:26.812-0400] {processor.py:183} INFO - Processing /opt/anaconda3/envs/airflow_env/lib/python3.10/site-packages/airflow/example_dags/example_short_circuit_decorator.py took 0.086 seconds
[2025-06-25T19:34:51.580-0400] {processor.py:161} INFO - Started process (PID=48471) to work on /opt/anaconda3/envs/airflow_env/lib/python3.10/site-packages/airflow/example_dags/example_short_circuit_decorator.py
[2025-06-25T19:34:51.581-0400] {processor.py:830} INFO - Processing file /opt/anaconda3/envs/airflow_env/lib/python3.10/site-packages/airflow/example_dags/example_short_circuit_decorator.py for tasks to queue
[2025-06-25T19:34:51.581-0400] {logging_mixin.py:188} INFO - [2025-06-25T19:34:51.581-0400] {dagbag.py:545} INFO - Filling up the DagBag from /opt/anaconda3/envs/airflow_env/lib/python3.10/site-packages/airflow/example_dags/example_short_circuit_decorator.py
[2025-06-25T19:34:51.596-0400] {processor.py:840} INFO - DAG(s) 'example_short_circuit_decorator' retrieved from /opt/anaconda3/envs/airflow_env/lib/python3.10/site-packages/airflow/example_dags/example_short_circuit_decorator.py
[2025-06-25T19:34:51.632-0400] {logging_mixin.py:188} INFO - [2025-06-25T19:34:51.632-0400] {dag.py:3096} INFO - Sync 1 DAGs
[2025-06-25T19:34:51.662-0400] {logging_mixin.py:188} INFO - [2025-06-25T19:34:51.662-0400] {dag.py:3954} INFO - Setting next_dagrun for example_short_circuit_decorator to 2025-06-24 00:00:00+00:00, run_after=2025-06-25 00:00:00+00:00
[2025-06-25T19:34:51.672-0400] {processor.py:183} INFO - Processing /opt/anaconda3/envs/airflow_env/lib/python3.10/site-packages/airflow/example_dags/example_short_circuit_decorator.py took 0.095 seconds
[2025-06-25T19:35:55.836-0400] {processor.py:161} INFO - Started process (PID=48600) to work on /opt/anaconda3/envs/airflow_env/lib/python3.10/site-packages/airflow/example_dags/example_short_circuit_decorator.py
[2025-06-25T19:35:55.836-0400] {processor.py:830} INFO - Processing file /opt/anaconda3/envs/airflow_env/lib/python3.10/site-packages/airflow/example_dags/example_short_circuit_decorator.py for tasks to queue
[2025-06-25T19:35:55.836-0400] {logging_mixin.py:188} INFO - [2025-06-25T19:35:55.836-0400] {dagbag.py:545} INFO - Filling up the DagBag from /opt/anaconda3/envs/airflow_env/lib/python3.10/site-packages/airflow/example_dags/example_short_circuit_decorator.py
[2025-06-25T19:35:55.852-0400] {processor.py:840} INFO - DAG(s) 'example_short_circuit_decorator' retrieved from /opt/anaconda3/envs/airflow_env/lib/python3.10/site-packages/airflow/example_dags/example_short_circuit_decorator.py
[2025-06-25T19:35:55.889-0400] {logging_mixin.py:188} INFO - [2025-06-25T19:35:55.889-0400] {dag.py:3096} INFO - Sync 1 DAGs
[2025-06-25T19:35:55.922-0400] {logging_mixin.py:188} INFO - [2025-06-25T19:35:55.922-0400] {dag.py:3954} INFO - Setting next_dagrun for example_short_circuit_decorator to 2025-06-24 00:00:00+00:00, run_after=2025-06-25 00:00:00+00:00
[2025-06-25T19:35:55.929-0400] {processor.py:183} INFO - Processing /opt/anaconda3/envs/airflow_env/lib/python3.10/site-packages/airflow/example_dags/example_short_circuit_decorator.py took 0.096 seconds
[2025-06-25T19:36:44.442-0400] {processor.py:161} INFO - Started process (PID=48712) to work on /opt/anaconda3/envs/airflow_env/lib/python3.10/site-packages/airflow/example_dags/example_short_circuit_decorator.py
[2025-06-25T19:36:44.443-0400] {processor.py:830} INFO - Processing file /opt/anaconda3/envs/airflow_env/lib/python3.10/site-packages/airflow/example_dags/example_short_circuit_decorator.py for tasks to queue
[2025-06-25T19:36:44.443-0400] {logging_mixin.py:188} INFO - [2025-06-25T19:36:44.443-0400] {dagbag.py:545} INFO - Filling up the DagBag from /opt/anaconda3/envs/airflow_env/lib/python3.10/site-packages/airflow/example_dags/example_short_circuit_decorator.py
[2025-06-25T19:36:44.456-0400] {processor.py:840} INFO - DAG(s) 'example_short_circuit_decorator' retrieved from /opt/anaconda3/envs/airflow_env/lib/python3.10/site-packages/airflow/example_dags/example_short_circuit_decorator.py
[2025-06-25T19:36:44.490-0400] {logging_mixin.py:188} INFO - [2025-06-25T19:36:44.490-0400] {dag.py:3096} INFO - Sync 1 DAGs
[2025-06-25T19:36:44.517-0400] {logging_mixin.py:188} INFO - [2025-06-25T19:36:44.517-0400] {dag.py:3954} INFO - Setting next_dagrun for example_short_circuit_decorator to 2025-06-24 00:00:00+00:00, run_after=2025-06-25 00:00:00+00:00
[2025-06-25T19:36:44.524-0400] {processor.py:183} INFO - Processing /opt/anaconda3/envs/airflow_env/lib/python3.10/site-packages/airflow/example_dags/example_short_circuit_decorator.py took 0.083 seconds
[2025-06-25T19:37:39.832-0400] {processor.py:161} INFO - Started process (PID=48868) to work on /opt/anaconda3/envs/airflow_env/lib/python3.10/site-packages/airflow/example_dags/example_short_circuit_decorator.py
[2025-06-25T19:37:39.833-0400] {processor.py:830} INFO - Processing file /opt/anaconda3/envs/airflow_env/lib/python3.10/site-packages/airflow/example_dags/example_short_circuit_decorator.py for tasks to queue
[2025-06-25T19:37:39.833-0400] {logging_mixin.py:188} INFO - [2025-06-25T19:37:39.833-0400] {dagbag.py:545} INFO - Filling up the DagBag from /opt/anaconda3/envs/airflow_env/lib/python3.10/site-packages/airflow/example_dags/example_short_circuit_decorator.py
[2025-06-25T19:37:39.849-0400] {processor.py:840} INFO - DAG(s) 'example_short_circuit_decorator' retrieved from /opt/anaconda3/envs/airflow_env/lib/python3.10/site-packages/airflow/example_dags/example_short_circuit_decorator.py
[2025-06-25T19:37:39.885-0400] {logging_mixin.py:188} INFO - [2025-06-25T19:37:39.885-0400] {dag.py:3096} INFO - Sync 1 DAGs
[2025-06-25T19:37:39.917-0400] {logging_mixin.py:188} INFO - [2025-06-25T19:37:39.917-0400] {dag.py:3954} INFO - Setting next_dagrun for example_short_circuit_decorator to 2025-06-24 00:00:00+00:00, run_after=2025-06-25 00:00:00+00:00
[2025-06-25T19:37:39.924-0400] {processor.py:183} INFO - Processing /opt/anaconda3/envs/airflow_env/lib/python3.10/site-packages/airflow/example_dags/example_short_circuit_decorator.py took 0.094 seconds
[2025-06-25T19:39:10.131-0400] {processor.py:161} INFO - Started process (PID=49141) to work on /opt/anaconda3/envs/airflow_env/lib/python3.10/site-packages/airflow/example_dags/example_short_circuit_decorator.py
[2025-06-25T19:39:10.133-0400] {processor.py:830} INFO - Processing file /opt/anaconda3/envs/airflow_env/lib/python3.10/site-packages/airflow/example_dags/example_short_circuit_decorator.py for tasks to queue
[2025-06-25T19:39:10.133-0400] {logging_mixin.py:188} INFO - [2025-06-25T19:39:10.133-0400] {dagbag.py:545} INFO - Filling up the DagBag from /opt/anaconda3/envs/airflow_env/lib/python3.10/site-packages/airflow/example_dags/example_short_circuit_decorator.py
[2025-06-25T19:39:10.149-0400] {processor.py:840} INFO - DAG(s) 'example_short_circuit_decorator' retrieved from /opt/anaconda3/envs/airflow_env/lib/python3.10/site-packages/airflow/example_dags/example_short_circuit_decorator.py
[2025-06-25T19:39:10.190-0400] {logging_mixin.py:188} INFO - [2025-06-25T19:39:10.189-0400] {dag.py:3096} INFO - Sync 1 DAGs
[2025-06-25T19:39:10.214-0400] {logging_mixin.py:188} INFO - [2025-06-25T19:39:10.214-0400] {dag.py:3954} INFO - Setting next_dagrun for example_short_circuit_decorator to 2025-06-24 00:00:00+00:00, run_after=2025-06-25 00:00:00+00:00
[2025-06-25T19:39:10.221-0400] {processor.py:183} INFO - Processing /opt/anaconda3/envs/airflow_env/lib/python3.10/site-packages/airflow/example_dags/example_short_circuit_decorator.py took 0.091 seconds
[2025-06-25T19:39:25.219-0400] {processor.py:161} INFO - Started process (PID=49162) to work on /opt/anaconda3/envs/airflow_env/lib/python3.10/site-packages/airflow/example_dags/example_short_circuit_decorator.py
[2025-06-25T19:39:25.220-0400] {processor.py:830} INFO - Processing file /opt/anaconda3/envs/airflow_env/lib/python3.10/site-packages/airflow/example_dags/example_short_circuit_decorator.py for tasks to queue
[2025-06-25T19:39:25.220-0400] {logging_mixin.py:188} INFO - [2025-06-25T19:39:25.220-0400] {dagbag.py:545} INFO - Filling up the DagBag from /opt/anaconda3/envs/airflow_env/lib/python3.10/site-packages/airflow/example_dags/example_short_circuit_decorator.py
[2025-06-25T19:39:25.236-0400] {processor.py:840} INFO - DAG(s) 'example_short_circuit_decorator' retrieved from /opt/anaconda3/envs/airflow_env/lib/python3.10/site-packages/airflow/example_dags/example_short_circuit_decorator.py
[2025-06-25T19:39:25.271-0400] {logging_mixin.py:188} INFO - [2025-06-25T19:39:25.271-0400] {dag.py:3096} INFO - Sync 1 DAGs
[2025-06-25T19:39:25.302-0400] {logging_mixin.py:188} INFO - [2025-06-25T19:39:25.302-0400] {dag.py:3954} INFO - Setting next_dagrun for example_short_circuit_decorator to 2025-06-24 00:00:00+00:00, run_after=2025-06-25 00:00:00+00:00
[2025-06-25T19:39:25.308-0400] {processor.py:183} INFO - Processing /opt/anaconda3/envs/airflow_env/lib/python3.10/site-packages/airflow/example_dags/example_short_circuit_decorator.py took 0.091 seconds
[2025-06-25T19:40:46.257-0400] {processor.py:161} INFO - Started process (PID=49362) to work on /opt/anaconda3/envs/airflow_env/lib/python3.10/site-packages/airflow/example_dags/example_short_circuit_decorator.py
[2025-06-25T19:40:46.258-0400] {processor.py:830} INFO - Processing file /opt/anaconda3/envs/airflow_env/lib/python3.10/site-packages/airflow/example_dags/example_short_circuit_decorator.py for tasks to queue
[2025-06-25T19:40:46.258-0400] {logging_mixin.py:188} INFO - [2025-06-25T19:40:46.258-0400] {dagbag.py:545} INFO - Filling up the DagBag from /opt/anaconda3/envs/airflow_env/lib/python3.10/site-packages/airflow/example_dags/example_short_circuit_decorator.py
[2025-06-25T19:40:46.272-0400] {processor.py:840} INFO - DAG(s) 'example_short_circuit_decorator' retrieved from /opt/anaconda3/envs/airflow_env/lib/python3.10/site-packages/airflow/example_dags/example_short_circuit_decorator.py
[2025-06-25T19:40:46.305-0400] {logging_mixin.py:188} INFO - [2025-06-25T19:40:46.305-0400] {dag.py:3096} INFO - Sync 1 DAGs
[2025-06-25T19:40:46.330-0400] {logging_mixin.py:188} INFO - [2025-06-25T19:40:46.329-0400] {dag.py:3954} INFO - Setting next_dagrun for example_short_circuit_decorator to 2025-06-24 00:00:00+00:00, run_after=2025-06-25 00:00:00+00:00
[2025-06-25T19:40:46.336-0400] {processor.py:183} INFO - Processing /opt/anaconda3/envs/airflow_env/lib/python3.10/site-packages/airflow/example_dags/example_short_circuit_decorator.py took 0.081 seconds
[2025-06-25T19:41:01.250-0400] {processor.py:161} INFO - Started process (PID=49386) to work on /opt/anaconda3/envs/airflow_env/lib/python3.10/site-packages/airflow/example_dags/example_short_circuit_decorator.py
[2025-06-25T19:41:01.251-0400] {processor.py:830} INFO - Processing file /opt/anaconda3/envs/airflow_env/lib/python3.10/site-packages/airflow/example_dags/example_short_circuit_decorator.py for tasks to queue
[2025-06-25T19:41:01.251-0400] {logging_mixin.py:188} INFO - [2025-06-25T19:41:01.251-0400] {dagbag.py:545} INFO - Filling up the DagBag from /opt/anaconda3/envs/airflow_env/lib/python3.10/site-packages/airflow/example_dags/example_short_circuit_decorator.py
[2025-06-25T19:41:01.264-0400] {processor.py:840} INFO - DAG(s) 'example_short_circuit_decorator' retrieved from /opt/anaconda3/envs/airflow_env/lib/python3.10/site-packages/airflow/example_dags/example_short_circuit_decorator.py
[2025-06-25T19:41:01.297-0400] {logging_mixin.py:188} INFO - [2025-06-25T19:41:01.296-0400] {dag.py:3096} INFO - Sync 1 DAGs
[2025-06-25T19:41:01.321-0400] {logging_mixin.py:188} INFO - [2025-06-25T19:41:01.321-0400] {dag.py:3954} INFO - Setting next_dagrun for example_short_circuit_decorator to 2025-06-24 00:00:00+00:00, run_after=2025-06-25 00:00:00+00:00
[2025-06-25T19:41:01.327-0400] {processor.py:183} INFO - Processing /opt/anaconda3/envs/airflow_env/lib/python3.10/site-packages/airflow/example_dags/example_short_circuit_decorator.py took 0.078 seconds
[2025-06-25T19:42:26.743-0400] {processor.py:161} INFO - Started process (PID=49505) to work on /opt/anaconda3/envs/airflow_env/lib/python3.10/site-packages/airflow/example_dags/example_short_circuit_decorator.py
[2025-06-25T19:42:26.743-0400] {processor.py:830} INFO - Processing file /opt/anaconda3/envs/airflow_env/lib/python3.10/site-packages/airflow/example_dags/example_short_circuit_decorator.py for tasks to queue
[2025-06-25T19:42:26.744-0400] {logging_mixin.py:188} INFO - [2025-06-25T19:42:26.743-0400] {dagbag.py:545} INFO - Filling up the DagBag from /opt/anaconda3/envs/airflow_env/lib/python3.10/site-packages/airflow/example_dags/example_short_circuit_decorator.py
[2025-06-25T19:42:26.759-0400] {processor.py:840} INFO - DAG(s) 'example_short_circuit_decorator' retrieved from /opt/anaconda3/envs/airflow_env/lib/python3.10/site-packages/airflow/example_dags/example_short_circuit_decorator.py
[2025-06-25T19:42:26.799-0400] {logging_mixin.py:188} INFO - [2025-06-25T19:42:26.799-0400] {dag.py:3096} INFO - Sync 1 DAGs
[2025-06-25T19:42:26.831-0400] {logging_mixin.py:188} INFO - [2025-06-25T19:42:26.831-0400] {dag.py:3954} INFO - Setting next_dagrun for example_short_circuit_decorator to 2025-06-24 00:00:00+00:00, run_after=2025-06-25 00:00:00+00:00
[2025-06-25T19:42:26.839-0400] {processor.py:183} INFO - Processing /opt/anaconda3/envs/airflow_env/lib/python3.10/site-packages/airflow/example_dags/example_short_circuit_decorator.py took 0.097 seconds
[2025-06-25T19:42:42.819-0400] {processor.py:161} INFO - Started process (PID=49530) to work on /opt/anaconda3/envs/airflow_env/lib/python3.10/site-packages/airflow/example_dags/example_short_circuit_decorator.py
[2025-06-25T19:42:42.819-0400] {processor.py:830} INFO - Processing file /opt/anaconda3/envs/airflow_env/lib/python3.10/site-packages/airflow/example_dags/example_short_circuit_decorator.py for tasks to queue
[2025-06-25T19:42:42.820-0400] {logging_mixin.py:188} INFO - [2025-06-25T19:42:42.820-0400] {dagbag.py:545} INFO - Filling up the DagBag from /opt/anaconda3/envs/airflow_env/lib/python3.10/site-packages/airflow/example_dags/example_short_circuit_decorator.py
[2025-06-25T19:42:42.833-0400] {processor.py:840} INFO - DAG(s) 'example_short_circuit_decorator' retrieved from /opt/anaconda3/envs/airflow_env/lib/python3.10/site-packages/airflow/example_dags/example_short_circuit_decorator.py
[2025-06-25T19:42:42.866-0400] {logging_mixin.py:188} INFO - [2025-06-25T19:42:42.866-0400] {dag.py:3096} INFO - Sync 1 DAGs
[2025-06-25T19:42:42.891-0400] {logging_mixin.py:188} INFO - [2025-06-25T19:42:42.891-0400] {dag.py:3954} INFO - Setting next_dagrun for example_short_circuit_decorator to 2025-06-24 00:00:00+00:00, run_after=2025-06-25 00:00:00+00:00
[2025-06-25T19:42:42.897-0400] {processor.py:183} INFO - Processing /opt/anaconda3/envs/airflow_env/lib/python3.10/site-packages/airflow/example_dags/example_short_circuit_decorator.py took 0.080 seconds
[2025-06-25T19:44:11.029-0400] {processor.py:161} INFO - Started process (PID=49709) to work on /opt/anaconda3/envs/airflow_env/lib/python3.10/site-packages/airflow/example_dags/example_short_circuit_decorator.py
[2025-06-25T19:44:11.030-0400] {processor.py:830} INFO - Processing file /opt/anaconda3/envs/airflow_env/lib/python3.10/site-packages/airflow/example_dags/example_short_circuit_decorator.py for tasks to queue
[2025-06-25T19:44:11.030-0400] {logging_mixin.py:188} INFO - [2025-06-25T19:44:11.030-0400] {dagbag.py:545} INFO - Filling up the DagBag from /opt/anaconda3/envs/airflow_env/lib/python3.10/site-packages/airflow/example_dags/example_short_circuit_decorator.py
[2025-06-25T19:44:11.045-0400] {processor.py:840} INFO - DAG(s) 'example_short_circuit_decorator' retrieved from /opt/anaconda3/envs/airflow_env/lib/python3.10/site-packages/airflow/example_dags/example_short_circuit_decorator.py
[2025-06-25T19:44:11.079-0400] {logging_mixin.py:188} INFO - [2025-06-25T19:44:11.079-0400] {dag.py:3096} INFO - Sync 1 DAGs
[2025-06-25T19:44:11.111-0400] {logging_mixin.py:188} INFO - [2025-06-25T19:44:11.110-0400] {dag.py:3954} INFO - Setting next_dagrun for example_short_circuit_decorator to 2025-06-24 00:00:00+00:00, run_after=2025-06-25 00:00:00+00:00
[2025-06-25T19:44:11.117-0400] {processor.py:183} INFO - Processing /opt/anaconda3/envs/airflow_env/lib/python3.10/site-packages/airflow/example_dags/example_short_circuit_decorator.py took 0.090 seconds
[2025-06-25T19:44:15.544-0400] {processor.py:161} INFO - Started process (PID=49714) to work on /opt/anaconda3/envs/airflow_env/lib/python3.10/site-packages/airflow/example_dags/example_short_circuit_decorator.py
[2025-06-25T19:44:15.545-0400] {processor.py:830} INFO - Processing file /opt/anaconda3/envs/airflow_env/lib/python3.10/site-packages/airflow/example_dags/example_short_circuit_decorator.py for tasks to queue
[2025-06-25T19:44:15.545-0400] {logging_mixin.py:188} INFO - [2025-06-25T19:44:15.545-0400] {dagbag.py:545} INFO - Filling up the DagBag from /opt/anaconda3/envs/airflow_env/lib/python3.10/site-packages/airflow/example_dags/example_short_circuit_decorator.py
[2025-06-25T19:44:15.558-0400] {processor.py:840} INFO - DAG(s) 'example_short_circuit_decorator' retrieved from /opt/anaconda3/envs/airflow_env/lib/python3.10/site-packages/airflow/example_dags/example_short_circuit_decorator.py
[2025-06-25T19:44:15.592-0400] {logging_mixin.py:188} INFO - [2025-06-25T19:44:15.592-0400] {dag.py:3096} INFO - Sync 1 DAGs
[2025-06-25T19:44:15.619-0400] {logging_mixin.py:188} INFO - [2025-06-25T19:44:15.619-0400] {dag.py:3954} INFO - Setting next_dagrun for example_short_circuit_decorator to 2025-06-24 00:00:00+00:00, run_after=2025-06-25 00:00:00+00:00
[2025-06-25T19:44:15.626-0400] {processor.py:183} INFO - Processing /opt/anaconda3/envs/airflow_env/lib/python3.10/site-packages/airflow/example_dags/example_short_circuit_decorator.py took 0.083 seconds
[2025-06-25T19:45:54.020-0400] {processor.py:161} INFO - Started process (PID=49936) to work on /opt/anaconda3/envs/airflow_env/lib/python3.10/site-packages/airflow/example_dags/example_short_circuit_decorator.py
[2025-06-25T19:45:54.021-0400] {processor.py:830} INFO - Processing file /opt/anaconda3/envs/airflow_env/lib/python3.10/site-packages/airflow/example_dags/example_short_circuit_decorator.py for tasks to queue
[2025-06-25T19:45:54.021-0400] {logging_mixin.py:188} INFO - [2025-06-25T19:45:54.021-0400] {dagbag.py:545} INFO - Filling up the DagBag from /opt/anaconda3/envs/airflow_env/lib/python3.10/site-packages/airflow/example_dags/example_short_circuit_decorator.py
[2025-06-25T19:45:54.038-0400] {processor.py:840} INFO - DAG(s) 'example_short_circuit_decorator' retrieved from /opt/anaconda3/envs/airflow_env/lib/python3.10/site-packages/airflow/example_dags/example_short_circuit_decorator.py
[2025-06-25T19:45:54.071-0400] {logging_mixin.py:188} INFO - [2025-06-25T19:45:54.071-0400] {dag.py:3096} INFO - Sync 1 DAGs
[2025-06-25T19:45:54.097-0400] {logging_mixin.py:188} INFO - [2025-06-25T19:45:54.096-0400] {dag.py:3954} INFO - Setting next_dagrun for example_short_circuit_decorator to 2025-06-24 00:00:00+00:00, run_after=2025-06-25 00:00:00+00:00
[2025-06-25T19:45:54.103-0400] {processor.py:183} INFO - Processing /opt/anaconda3/envs/airflow_env/lib/python3.10/site-packages/airflow/example_dags/example_short_circuit_decorator.py took 0.085 seconds
[2025-06-25T19:45:56.110-0400] {processor.py:161} INFO - Started process (PID=49943) to work on /opt/anaconda3/envs/airflow_env/lib/python3.10/site-packages/airflow/example_dags/example_short_circuit_decorator.py
[2025-06-25T19:45:56.110-0400] {processor.py:830} INFO - Processing file /opt/anaconda3/envs/airflow_env/lib/python3.10/site-packages/airflow/example_dags/example_short_circuit_decorator.py for tasks to queue
[2025-06-25T19:45:56.110-0400] {logging_mixin.py:188} INFO - [2025-06-25T19:45:56.110-0400] {dagbag.py:545} INFO - Filling up the DagBag from /opt/anaconda3/envs/airflow_env/lib/python3.10/site-packages/airflow/example_dags/example_short_circuit_decorator.py
[2025-06-25T19:45:56.124-0400] {processor.py:840} INFO - DAG(s) 'example_short_circuit_decorator' retrieved from /opt/anaconda3/envs/airflow_env/lib/python3.10/site-packages/airflow/example_dags/example_short_circuit_decorator.py
[2025-06-25T19:45:56.158-0400] {logging_mixin.py:188} INFO - [2025-06-25T19:45:56.157-0400] {dag.py:3096} INFO - Sync 1 DAGs
[2025-06-25T19:45:56.183-0400] {logging_mixin.py:188} INFO - [2025-06-25T19:45:56.183-0400] {dag.py:3954} INFO - Setting next_dagrun for example_short_circuit_decorator to 2025-06-24 00:00:00+00:00, run_after=2025-06-25 00:00:00+00:00
[2025-06-25T19:45:56.190-0400] {processor.py:183} INFO - Processing /opt/anaconda3/envs/airflow_env/lib/python3.10/site-packages/airflow/example_dags/example_short_circuit_decorator.py took 0.082 seconds
[2025-06-25T19:47:30.575-0400] {processor.py:161} INFO - Started process (PID=50157) to work on /opt/anaconda3/envs/airflow_env/lib/python3.10/site-packages/airflow/example_dags/example_short_circuit_decorator.py
[2025-06-25T19:47:30.576-0400] {processor.py:830} INFO - Processing file /opt/anaconda3/envs/airflow_env/lib/python3.10/site-packages/airflow/example_dags/example_short_circuit_decorator.py for tasks to queue
[2025-06-25T19:47:30.577-0400] {logging_mixin.py:188} INFO - [2025-06-25T19:47:30.577-0400] {dagbag.py:545} INFO - Filling up the DagBag from /opt/anaconda3/envs/airflow_env/lib/python3.10/site-packages/airflow/example_dags/example_short_circuit_decorator.py
[2025-06-25T19:47:30.592-0400] {processor.py:840} INFO - DAG(s) 'example_short_circuit_decorator' retrieved from /opt/anaconda3/envs/airflow_env/lib/python3.10/site-packages/airflow/example_dags/example_short_circuit_decorator.py
[2025-06-25T19:47:30.626-0400] {logging_mixin.py:188} INFO - [2025-06-25T19:47:30.626-0400] {dag.py:3096} INFO - Sync 1 DAGs
[2025-06-25T19:47:30.652-0400] {logging_mixin.py:188} INFO - [2025-06-25T19:47:30.652-0400] {dag.py:3954} INFO - Setting next_dagrun for example_short_circuit_decorator to 2025-06-24 00:00:00+00:00, run_after=2025-06-25 00:00:00+00:00
[2025-06-25T19:47:30.658-0400] {processor.py:183} INFO - Processing /opt/anaconda3/envs/airflow_env/lib/python3.10/site-packages/airflow/example_dags/example_short_circuit_decorator.py took 0.085 seconds
[2025-06-25T19:47:42.293-0400] {processor.py:161} INFO - Started process (PID=50190) to work on /opt/anaconda3/envs/airflow_env/lib/python3.10/site-packages/airflow/example_dags/example_short_circuit_decorator.py
[2025-06-25T19:47:42.293-0400] {processor.py:830} INFO - Processing file /opt/anaconda3/envs/airflow_env/lib/python3.10/site-packages/airflow/example_dags/example_short_circuit_decorator.py for tasks to queue
[2025-06-25T19:47:42.294-0400] {logging_mixin.py:188} INFO - [2025-06-25T19:47:42.294-0400] {dagbag.py:545} INFO - Filling up the DagBag from /opt/anaconda3/envs/airflow_env/lib/python3.10/site-packages/airflow/example_dags/example_short_circuit_decorator.py
[2025-06-25T19:47:42.308-0400] {processor.py:840} INFO - DAG(s) 'example_short_circuit_decorator' retrieved from /opt/anaconda3/envs/airflow_env/lib/python3.10/site-packages/airflow/example_dags/example_short_circuit_decorator.py
[2025-06-25T19:47:42.343-0400] {logging_mixin.py:188} INFO - [2025-06-25T19:47:42.343-0400] {dag.py:3096} INFO - Sync 1 DAGs
[2025-06-25T19:47:42.377-0400] {logging_mixin.py:188} INFO - [2025-06-25T19:47:42.377-0400] {dag.py:3954} INFO - Setting next_dagrun for example_short_circuit_decorator to 2025-06-24 00:00:00+00:00, run_after=2025-06-25 00:00:00+00:00
[2025-06-25T19:47:42.384-0400] {processor.py:183} INFO - Processing /opt/anaconda3/envs/airflow_env/lib/python3.10/site-packages/airflow/example_dags/example_short_circuit_decorator.py took 0.092 seconds
[2025-06-25T19:49:06.376-0400] {processor.py:161} INFO - Started process (PID=50354) to work on /opt/anaconda3/envs/airflow_env/lib/python3.10/site-packages/airflow/example_dags/example_short_circuit_decorator.py
[2025-06-25T19:49:06.377-0400] {processor.py:830} INFO - Processing file /opt/anaconda3/envs/airflow_env/lib/python3.10/site-packages/airflow/example_dags/example_short_circuit_decorator.py for tasks to queue
[2025-06-25T19:49:06.378-0400] {logging_mixin.py:188} INFO - [2025-06-25T19:49:06.378-0400] {dagbag.py:545} INFO - Filling up the DagBag from /opt/anaconda3/envs/airflow_env/lib/python3.10/site-packages/airflow/example_dags/example_short_circuit_decorator.py
[2025-06-25T19:49:06.391-0400] {processor.py:840} INFO - DAG(s) 'example_short_circuit_decorator' retrieved from /opt/anaconda3/envs/airflow_env/lib/python3.10/site-packages/airflow/example_dags/example_short_circuit_decorator.py
[2025-06-25T19:49:06.424-0400] {logging_mixin.py:188} INFO - [2025-06-25T19:49:06.424-0400] {dag.py:3096} INFO - Sync 1 DAGs
[2025-06-25T19:49:06.449-0400] {logging_mixin.py:188} INFO - [2025-06-25T19:49:06.449-0400] {dag.py:3954} INFO - Setting next_dagrun for example_short_circuit_decorator to 2025-06-24 00:00:00+00:00, run_after=2025-06-25 00:00:00+00:00
[2025-06-25T19:49:06.456-0400] {processor.py:183} INFO - Processing /opt/anaconda3/envs/airflow_env/lib/python3.10/site-packages/airflow/example_dags/example_short_circuit_decorator.py took 0.081 seconds
[2025-06-25T19:49:23.911-0400] {processor.py:161} INFO - Started process (PID=50379) to work on /opt/anaconda3/envs/airflow_env/lib/python3.10/site-packages/airflow/example_dags/example_short_circuit_decorator.py
[2025-06-25T19:49:23.911-0400] {processor.py:830} INFO - Processing file /opt/anaconda3/envs/airflow_env/lib/python3.10/site-packages/airflow/example_dags/example_short_circuit_decorator.py for tasks to queue
[2025-06-25T19:49:23.912-0400] {logging_mixin.py:188} INFO - [2025-06-25T19:49:23.912-0400] {dagbag.py:545} INFO - Filling up the DagBag from /opt/anaconda3/envs/airflow_env/lib/python3.10/site-packages/airflow/example_dags/example_short_circuit_decorator.py
[2025-06-25T19:49:23.926-0400] {processor.py:840} INFO - DAG(s) 'example_short_circuit_decorator' retrieved from /opt/anaconda3/envs/airflow_env/lib/python3.10/site-packages/airflow/example_dags/example_short_circuit_decorator.py
[2025-06-25T19:49:23.958-0400] {logging_mixin.py:188} INFO - [2025-06-25T19:49:23.958-0400] {dag.py:3096} INFO - Sync 1 DAGs
[2025-06-25T19:49:23.982-0400] {logging_mixin.py:188} INFO - [2025-06-25T19:49:23.982-0400] {dag.py:3954} INFO - Setting next_dagrun for example_short_circuit_decorator to 2025-06-24 00:00:00+00:00, run_after=2025-06-25 00:00:00+00:00
[2025-06-25T19:49:23.988-0400] {processor.py:183} INFO - Processing /opt/anaconda3/envs/airflow_env/lib/python3.10/site-packages/airflow/example_dags/example_short_circuit_decorator.py took 0.080 seconds
[2025-06-25T19:50:37.826-0400] {processor.py:161} INFO - Started process (PID=50534) to work on /opt/anaconda3/envs/airflow_env/lib/python3.10/site-packages/airflow/example_dags/example_short_circuit_decorator.py
[2025-06-25T19:50:37.827-0400] {processor.py:830} INFO - Processing file /opt/anaconda3/envs/airflow_env/lib/python3.10/site-packages/airflow/example_dags/example_short_circuit_decorator.py for tasks to queue
[2025-06-25T19:50:37.827-0400] {logging_mixin.py:188} INFO - [2025-06-25T19:50:37.827-0400] {dagbag.py:545} INFO - Filling up the DagBag from /opt/anaconda3/envs/airflow_env/lib/python3.10/site-packages/airflow/example_dags/example_short_circuit_decorator.py
[2025-06-25T19:50:37.843-0400] {processor.py:840} INFO - DAG(s) 'example_short_circuit_decorator' retrieved from /opt/anaconda3/envs/airflow_env/lib/python3.10/site-packages/airflow/example_dags/example_short_circuit_decorator.py
[2025-06-25T19:50:37.881-0400] {logging_mixin.py:188} INFO - [2025-06-25T19:50:37.880-0400] {dag.py:3096} INFO - Sync 1 DAGs
[2025-06-25T19:50:37.914-0400] {logging_mixin.py:188} INFO - [2025-06-25T19:50:37.914-0400] {dag.py:3954} INFO - Setting next_dagrun for example_short_circuit_decorator to 2025-06-24 00:00:00+00:00, run_after=2025-06-25 00:00:00+00:00
[2025-06-25T19:50:37.922-0400] {processor.py:183} INFO - Processing /opt/anaconda3/envs/airflow_env/lib/python3.10/site-packages/airflow/example_dags/example_short_circuit_decorator.py took 0.098 seconds
[2025-06-25T19:50:59.422-0400] {processor.py:161} INFO - Started process (PID=50583) to work on /opt/anaconda3/envs/airflow_env/lib/python3.10/site-packages/airflow/example_dags/example_short_circuit_decorator.py
[2025-06-25T19:50:59.423-0400] {processor.py:830} INFO - Processing file /opt/anaconda3/envs/airflow_env/lib/python3.10/site-packages/airflow/example_dags/example_short_circuit_decorator.py for tasks to queue
[2025-06-25T19:50:59.423-0400] {logging_mixin.py:188} INFO - [2025-06-25T19:50:59.423-0400] {dagbag.py:545} INFO - Filling up the DagBag from /opt/anaconda3/envs/airflow_env/lib/python3.10/site-packages/airflow/example_dags/example_short_circuit_decorator.py
[2025-06-25T19:50:59.440-0400] {processor.py:840} INFO - DAG(s) 'example_short_circuit_decorator' retrieved from /opt/anaconda3/envs/airflow_env/lib/python3.10/site-packages/airflow/example_dags/example_short_circuit_decorator.py
[2025-06-25T19:50:59.477-0400] {logging_mixin.py:188} INFO - [2025-06-25T19:50:59.476-0400] {dag.py:3096} INFO - Sync 1 DAGs
[2025-06-25T19:50:59.504-0400] {logging_mixin.py:188} INFO - [2025-06-25T19:50:59.504-0400] {dag.py:3954} INFO - Setting next_dagrun for example_short_circuit_decorator to 2025-06-24 00:00:00+00:00, run_after=2025-06-25 00:00:00+00:00
[2025-06-25T19:50:59.511-0400] {processor.py:183} INFO - Processing /opt/anaconda3/envs/airflow_env/lib/python3.10/site-packages/airflow/example_dags/example_short_circuit_decorator.py took 0.091 seconds
[2025-06-25T19:52:13.925-0400] {processor.py:161} INFO - Started process (PID=50728) to work on /opt/anaconda3/envs/airflow_env/lib/python3.10/site-packages/airflow/example_dags/example_short_circuit_decorator.py
[2025-06-25T19:52:13.926-0400] {processor.py:830} INFO - Processing file /opt/anaconda3/envs/airflow_env/lib/python3.10/site-packages/airflow/example_dags/example_short_circuit_decorator.py for tasks to queue
[2025-06-25T19:52:13.926-0400] {logging_mixin.py:188} INFO - [2025-06-25T19:52:13.926-0400] {dagbag.py:545} INFO - Filling up the DagBag from /opt/anaconda3/envs/airflow_env/lib/python3.10/site-packages/airflow/example_dags/example_short_circuit_decorator.py
[2025-06-25T19:52:13.940-0400] {processor.py:840} INFO - DAG(s) 'example_short_circuit_decorator' retrieved from /opt/anaconda3/envs/airflow_env/lib/python3.10/site-packages/airflow/example_dags/example_short_circuit_decorator.py
[2025-06-25T19:52:13.974-0400] {logging_mixin.py:188} INFO - [2025-06-25T19:52:13.974-0400] {dag.py:3096} INFO - Sync 1 DAGs
[2025-06-25T19:52:14.000-0400] {logging_mixin.py:188} INFO - [2025-06-25T19:52:14.000-0400] {dag.py:3954} INFO - Setting next_dagrun for example_short_circuit_decorator to 2025-06-24 00:00:00+00:00, run_after=2025-06-25 00:00:00+00:00
[2025-06-25T19:52:14.006-0400] {processor.py:183} INFO - Processing /opt/anaconda3/envs/airflow_env/lib/python3.10/site-packages/airflow/example_dags/example_short_circuit_decorator.py took 0.083 seconds
[2025-06-25T19:52:44.084-0400] {processor.py:161} INFO - Started process (PID=50783) to work on /opt/anaconda3/envs/airflow_env/lib/python3.10/site-packages/airflow/example_dags/example_short_circuit_decorator.py
[2025-06-25T19:52:44.084-0400] {processor.py:830} INFO - Processing file /opt/anaconda3/envs/airflow_env/lib/python3.10/site-packages/airflow/example_dags/example_short_circuit_decorator.py for tasks to queue
[2025-06-25T19:52:44.085-0400] {logging_mixin.py:188} INFO - [2025-06-25T19:52:44.085-0400] {dagbag.py:545} INFO - Filling up the DagBag from /opt/anaconda3/envs/airflow_env/lib/python3.10/site-packages/airflow/example_dags/example_short_circuit_decorator.py
[2025-06-25T19:52:44.100-0400] {processor.py:840} INFO - DAG(s) 'example_short_circuit_decorator' retrieved from /opt/anaconda3/envs/airflow_env/lib/python3.10/site-packages/airflow/example_dags/example_short_circuit_decorator.py
[2025-06-25T19:52:44.136-0400] {logging_mixin.py:188} INFO - [2025-06-25T19:52:44.136-0400] {dag.py:3096} INFO - Sync 1 DAGs
[2025-06-25T19:52:44.167-0400] {logging_mixin.py:188} INFO - [2025-06-25T19:52:44.167-0400] {dag.py:3954} INFO - Setting next_dagrun for example_short_circuit_decorator to 2025-06-24 00:00:00+00:00, run_after=2025-06-25 00:00:00+00:00
[2025-06-25T19:52:44.174-0400] {processor.py:183} INFO - Processing /opt/anaconda3/envs/airflow_env/lib/python3.10/site-packages/airflow/example_dags/example_short_circuit_decorator.py took 0.093 seconds
[2025-06-25T19:53:24.234-0400] {processor.py:161} INFO - Started process (PID=50906) to work on /opt/anaconda3/envs/airflow_env/lib/python3.10/site-packages/airflow/example_dags/example_short_circuit_decorator.py
[2025-06-25T19:53:24.235-0400] {processor.py:830} INFO - Processing file /opt/anaconda3/envs/airflow_env/lib/python3.10/site-packages/airflow/example_dags/example_short_circuit_decorator.py for tasks to queue
[2025-06-25T19:53:24.235-0400] {logging_mixin.py:188} INFO - [2025-06-25T19:53:24.235-0400] {dagbag.py:545} INFO - Filling up the DagBag from /opt/anaconda3/envs/airflow_env/lib/python3.10/site-packages/airflow/example_dags/example_short_circuit_decorator.py
[2025-06-25T19:53:24.249-0400] {processor.py:840} INFO - DAG(s) 'example_short_circuit_decorator' retrieved from /opt/anaconda3/envs/airflow_env/lib/python3.10/site-packages/airflow/example_dags/example_short_circuit_decorator.py
[2025-06-25T19:53:24.281-0400] {logging_mixin.py:188} INFO - [2025-06-25T19:53:24.281-0400] {dag.py:3096} INFO - Sync 1 DAGs
[2025-06-25T19:53:24.305-0400] {logging_mixin.py:188} INFO - [2025-06-25T19:53:24.305-0400] {dag.py:3954} INFO - Setting next_dagrun for example_short_circuit_decorator to 2025-06-24 00:00:00+00:00, run_after=2025-06-25 00:00:00+00:00
[2025-06-25T19:53:24.312-0400] {processor.py:183} INFO - Processing /opt/anaconda3/envs/airflow_env/lib/python3.10/site-packages/airflow/example_dags/example_short_circuit_decorator.py took 0.079 seconds
[2025-06-25T19:54:21.990-0400] {processor.py:161} INFO - Started process (PID=51046) to work on /opt/anaconda3/envs/airflow_env/lib/python3.10/site-packages/airflow/example_dags/example_short_circuit_decorator.py
[2025-06-25T19:54:21.991-0400] {processor.py:830} INFO - Processing file /opt/anaconda3/envs/airflow_env/lib/python3.10/site-packages/airflow/example_dags/example_short_circuit_decorator.py for tasks to queue
[2025-06-25T19:54:21.991-0400] {logging_mixin.py:188} INFO - [2025-06-25T19:54:21.991-0400] {dagbag.py:545} INFO - Filling up the DagBag from /opt/anaconda3/envs/airflow_env/lib/python3.10/site-packages/airflow/example_dags/example_short_circuit_decorator.py
[2025-06-25T19:54:22.007-0400] {processor.py:840} INFO - DAG(s) 'example_short_circuit_decorator' retrieved from /opt/anaconda3/envs/airflow_env/lib/python3.10/site-packages/airflow/example_dags/example_short_circuit_decorator.py
[2025-06-25T19:54:22.046-0400] {logging_mixin.py:188} INFO - [2025-06-25T19:54:22.046-0400] {dag.py:3096} INFO - Sync 1 DAGs
[2025-06-25T19:54:22.078-0400] {logging_mixin.py:188} INFO - [2025-06-25T19:54:22.077-0400] {dag.py:3954} INFO - Setting next_dagrun for example_short_circuit_decorator to 2025-06-24 00:00:00+00:00, run_after=2025-06-25 00:00:00+00:00
[2025-06-25T19:54:22.085-0400] {processor.py:183} INFO - Processing /opt/anaconda3/envs/airflow_env/lib/python3.10/site-packages/airflow/example_dags/example_short_circuit_decorator.py took 0.096 seconds
[2025-06-25T19:54:56.916-0400] {processor.py:161} INFO - Started process (PID=51119) to work on /opt/anaconda3/envs/airflow_env/lib/python3.10/site-packages/airflow/example_dags/example_short_circuit_decorator.py
[2025-06-25T19:54:56.917-0400] {processor.py:830} INFO - Processing file /opt/anaconda3/envs/airflow_env/lib/python3.10/site-packages/airflow/example_dags/example_short_circuit_decorator.py for tasks to queue
[2025-06-25T19:54:56.917-0400] {logging_mixin.py:188} INFO - [2025-06-25T19:54:56.917-0400] {dagbag.py:545} INFO - Filling up the DagBag from /opt/anaconda3/envs/airflow_env/lib/python3.10/site-packages/airflow/example_dags/example_short_circuit_decorator.py
[2025-06-25T19:54:56.931-0400] {processor.py:840} INFO - DAG(s) 'example_short_circuit_decorator' retrieved from /opt/anaconda3/envs/airflow_env/lib/python3.10/site-packages/airflow/example_dags/example_short_circuit_decorator.py
[2025-06-25T19:54:56.965-0400] {logging_mixin.py:188} INFO - [2025-06-25T19:54:56.965-0400] {dag.py:3096} INFO - Sync 1 DAGs
[2025-06-25T19:54:56.991-0400] {logging_mixin.py:188} INFO - [2025-06-25T19:54:56.991-0400] {dag.py:3954} INFO - Setting next_dagrun for example_short_circuit_decorator to 2025-06-24 00:00:00+00:00, run_after=2025-06-25 00:00:00+00:00
[2025-06-25T19:54:56.998-0400] {processor.py:183} INFO - Processing /opt/anaconda3/envs/airflow_env/lib/python3.10/site-packages/airflow/example_dags/example_short_circuit_decorator.py took 0.083 seconds
[2025-06-25T19:55:57.212-0400] {processor.py:161} INFO - Started process (PID=51272) to work on /opt/anaconda3/envs/airflow_env/lib/python3.10/site-packages/airflow/example_dags/example_short_circuit_decorator.py
[2025-06-25T19:55:57.212-0400] {processor.py:830} INFO - Processing file /opt/anaconda3/envs/airflow_env/lib/python3.10/site-packages/airflow/example_dags/example_short_circuit_decorator.py for tasks to queue
[2025-06-25T19:55:57.213-0400] {logging_mixin.py:188} INFO - [2025-06-25T19:55:57.212-0400] {dagbag.py:545} INFO - Filling up the DagBag from /opt/anaconda3/envs/airflow_env/lib/python3.10/site-packages/airflow/example_dags/example_short_circuit_decorator.py
[2025-06-25T19:55:57.228-0400] {processor.py:840} INFO - DAG(s) 'example_short_circuit_decorator' retrieved from /opt/anaconda3/envs/airflow_env/lib/python3.10/site-packages/airflow/example_dags/example_short_circuit_decorator.py
[2025-06-25T19:55:57.263-0400] {logging_mixin.py:188} INFO - [2025-06-25T19:55:57.263-0400] {dag.py:3096} INFO - Sync 1 DAGs
[2025-06-25T19:55:57.289-0400] {logging_mixin.py:188} INFO - [2025-06-25T19:55:57.289-0400] {dag.py:3954} INFO - Setting next_dagrun for example_short_circuit_decorator to 2025-06-24 00:00:00+00:00, run_after=2025-06-25 00:00:00+00:00
[2025-06-25T19:55:57.296-0400] {processor.py:183} INFO - Processing /opt/anaconda3/envs/airflow_env/lib/python3.10/site-packages/airflow/example_dags/example_short_circuit_decorator.py took 0.086 seconds
[2025-06-25T19:56:33.816-0400] {processor.py:161} INFO - Started process (PID=51372) to work on /opt/anaconda3/envs/airflow_env/lib/python3.10/site-packages/airflow/example_dags/example_short_circuit_decorator.py
[2025-06-25T19:56:33.817-0400] {processor.py:830} INFO - Processing file /opt/anaconda3/envs/airflow_env/lib/python3.10/site-packages/airflow/example_dags/example_short_circuit_decorator.py for tasks to queue
[2025-06-25T19:56:33.818-0400] {logging_mixin.py:188} INFO - [2025-06-25T19:56:33.817-0400] {dagbag.py:545} INFO - Filling up the DagBag from /opt/anaconda3/envs/airflow_env/lib/python3.10/site-packages/airflow/example_dags/example_short_circuit_decorator.py
[2025-06-25T19:56:33.834-0400] {processor.py:840} INFO - DAG(s) 'example_short_circuit_decorator' retrieved from /opt/anaconda3/envs/airflow_env/lib/python3.10/site-packages/airflow/example_dags/example_short_circuit_decorator.py
[2025-06-25T19:56:33.872-0400] {logging_mixin.py:188} INFO - [2025-06-25T19:56:33.872-0400] {dag.py:3096} INFO - Sync 1 DAGs
[2025-06-25T19:56:33.910-0400] {logging_mixin.py:188} INFO - [2025-06-25T19:56:33.909-0400] {dag.py:3954} INFO - Setting next_dagrun for example_short_circuit_decorator to 2025-06-24 00:00:00+00:00, run_after=2025-06-25 00:00:00+00:00
[2025-06-25T19:56:33.917-0400] {processor.py:183} INFO - Processing /opt/anaconda3/envs/airflow_env/lib/python3.10/site-packages/airflow/example_dags/example_short_circuit_decorator.py took 0.103 seconds
[2025-06-25T19:57:34.374-0400] {processor.py:161} INFO - Started process (PID=51504) to work on /opt/anaconda3/envs/airflow_env/lib/python3.10/site-packages/airflow/example_dags/example_short_circuit_decorator.py
[2025-06-25T19:57:34.375-0400] {processor.py:830} INFO - Processing file /opt/anaconda3/envs/airflow_env/lib/python3.10/site-packages/airflow/example_dags/example_short_circuit_decorator.py for tasks to queue
[2025-06-25T19:57:34.375-0400] {logging_mixin.py:188} INFO - [2025-06-25T19:57:34.375-0400] {dagbag.py:545} INFO - Filling up the DagBag from /opt/anaconda3/envs/airflow_env/lib/python3.10/site-packages/airflow/example_dags/example_short_circuit_decorator.py
[2025-06-25T19:57:34.390-0400] {processor.py:840} INFO - DAG(s) 'example_short_circuit_decorator' retrieved from /opt/anaconda3/envs/airflow_env/lib/python3.10/site-packages/airflow/example_dags/example_short_circuit_decorator.py
[2025-06-25T19:57:34.424-0400] {logging_mixin.py:188} INFO - [2025-06-25T19:57:34.424-0400] {dag.py:3096} INFO - Sync 1 DAGs
[2025-06-25T19:57:34.451-0400] {logging_mixin.py:188} INFO - [2025-06-25T19:57:34.451-0400] {dag.py:3954} INFO - Setting next_dagrun for example_short_circuit_decorator to 2025-06-24 00:00:00+00:00, run_after=2025-06-25 00:00:00+00:00
[2025-06-25T19:57:34.458-0400] {processor.py:183} INFO - Processing /opt/anaconda3/envs/airflow_env/lib/python3.10/site-packages/airflow/example_dags/example_short_circuit_decorator.py took 0.085 seconds
[2025-06-25T19:58:10.024-0400] {processor.py:161} INFO - Started process (PID=51602) to work on /opt/anaconda3/envs/airflow_env/lib/python3.10/site-packages/airflow/example_dags/example_short_circuit_decorator.py
[2025-06-25T19:58:10.025-0400] {processor.py:830} INFO - Processing file /opt/anaconda3/envs/airflow_env/lib/python3.10/site-packages/airflow/example_dags/example_short_circuit_decorator.py for tasks to queue
[2025-06-25T19:58:10.025-0400] {logging_mixin.py:188} INFO - [2025-06-25T19:58:10.025-0400] {dagbag.py:545} INFO - Filling up the DagBag from /opt/anaconda3/envs/airflow_env/lib/python3.10/site-packages/airflow/example_dags/example_short_circuit_decorator.py
[2025-06-25T19:58:10.039-0400] {processor.py:840} INFO - DAG(s) 'example_short_circuit_decorator' retrieved from /opt/anaconda3/envs/airflow_env/lib/python3.10/site-packages/airflow/example_dags/example_short_circuit_decorator.py
[2025-06-25T19:58:10.075-0400] {logging_mixin.py:188} INFO - [2025-06-25T19:58:10.075-0400] {dag.py:3096} INFO - Sync 1 DAGs
[2025-06-25T19:58:10.102-0400] {logging_mixin.py:188} INFO - [2025-06-25T19:58:10.102-0400] {dag.py:3954} INFO - Setting next_dagrun for example_short_circuit_decorator to 2025-06-24 00:00:00+00:00, run_after=2025-06-25 00:00:00+00:00
[2025-06-25T19:58:10.109-0400] {processor.py:183} INFO - Processing /opt/anaconda3/envs/airflow_env/lib/python3.10/site-packages/airflow/example_dags/example_short_circuit_decorator.py took 0.086 seconds
[2025-06-25T19:59:11.183-0400] {processor.py:161} INFO - Started process (PID=51811) to work on /opt/anaconda3/envs/airflow_env/lib/python3.10/site-packages/airflow/example_dags/example_short_circuit_decorator.py
[2025-06-25T19:59:11.184-0400] {processor.py:830} INFO - Processing file /opt/anaconda3/envs/airflow_env/lib/python3.10/site-packages/airflow/example_dags/example_short_circuit_decorator.py for tasks to queue
[2025-06-25T19:59:11.185-0400] {logging_mixin.py:188} INFO - [2025-06-25T19:59:11.185-0400] {dagbag.py:545} INFO - Filling up the DagBag from /opt/anaconda3/envs/airflow_env/lib/python3.10/site-packages/airflow/example_dags/example_short_circuit_decorator.py
[2025-06-25T19:59:11.199-0400] {processor.py:840} INFO - DAG(s) 'example_short_circuit_decorator' retrieved from /opt/anaconda3/envs/airflow_env/lib/python3.10/site-packages/airflow/example_dags/example_short_circuit_decorator.py
[2025-06-25T19:59:11.231-0400] {logging_mixin.py:188} INFO - [2025-06-25T19:59:11.230-0400] {dag.py:3096} INFO - Sync 1 DAGs
[2025-06-25T19:59:11.255-0400] {logging_mixin.py:188} INFO - [2025-06-25T19:59:11.255-0400] {dag.py:3954} INFO - Setting next_dagrun for example_short_circuit_decorator to 2025-06-24 00:00:00+00:00, run_after=2025-06-25 00:00:00+00:00
[2025-06-25T19:59:11.262-0400] {processor.py:183} INFO - Processing /opt/anaconda3/envs/airflow_env/lib/python3.10/site-packages/airflow/example_dags/example_short_circuit_decorator.py took 0.081 seconds
[2025-06-25T19:59:47.176-0400] {processor.py:161} INFO - Started process (PID=53865) to work on /opt/anaconda3/envs/airflow_env/lib/python3.10/site-packages/airflow/example_dags/example_short_circuit_decorator.py
[2025-06-25T19:59:47.177-0400] {processor.py:830} INFO - Processing file /opt/anaconda3/envs/airflow_env/lib/python3.10/site-packages/airflow/example_dags/example_short_circuit_decorator.py for tasks to queue
[2025-06-25T19:59:47.178-0400] {logging_mixin.py:188} INFO - [2025-06-25T19:59:47.178-0400] {dagbag.py:545} INFO - Filling up the DagBag from /opt/anaconda3/envs/airflow_env/lib/python3.10/site-packages/airflow/example_dags/example_short_circuit_decorator.py
[2025-06-25T19:59:47.195-0400] {processor.py:840} INFO - DAG(s) 'example_short_circuit_decorator' retrieved from /opt/anaconda3/envs/airflow_env/lib/python3.10/site-packages/airflow/example_dags/example_short_circuit_decorator.py
[2025-06-25T19:59:47.235-0400] {logging_mixin.py:188} INFO - [2025-06-25T19:59:47.235-0400] {dag.py:3096} INFO - Sync 1 DAGs
[2025-06-25T19:59:47.266-0400] {logging_mixin.py:188} INFO - [2025-06-25T19:59:47.266-0400] {dag.py:3954} INFO - Setting next_dagrun for example_short_circuit_decorator to 2025-06-24 00:00:00+00:00, run_after=2025-06-25 00:00:00+00:00
[2025-06-25T19:59:47.273-0400] {processor.py:183} INFO - Processing /opt/anaconda3/envs/airflow_env/lib/python3.10/site-packages/airflow/example_dags/example_short_circuit_decorator.py took 0.099 seconds
