[2025-06-25T20:01:03.325-0400] {processor.py:161} INFO - Started process (PID=56106) to work on /opt/anaconda3/envs/airflow_env/lib/python3.10/site-packages/airflow/example_dags/example_python_operator.py
[2025-06-25T20:01:03.325-0400] {processor.py:830} INFO - Processing file /opt/anaconda3/envs/airflow_env/lib/python3.10/site-packages/airflow/example_dags/example_python_operator.py for tasks to queue
[2025-06-25T20:01:03.326-0400] {logging_mixin.py:188} INFO - [2025-06-25T20:01:03.326-0400] {dagbag.py:545} INFO - Filling up the DagBag from /opt/anaconda3/envs/airflow_env/lib/python3.10/site-packages/airflow/example_dags/example_python_operator.py
[2025-06-25T20:01:03.336-0400] {processor.py:840} INFO - DAG(s) 'example_python_operator' retrieved from /opt/anaconda3/envs/airflow_env/lib/python3.10/site-packages/airflow/example_dags/example_python_operator.py
[2025-06-25T20:01:03.416-0400] {logging_mixin.py:188} INFO - [2025-06-25T20:01:03.416-0400] {dag.py:3096} INFO - Sync 1 DAGs
[2025-06-25T20:01:03.419-0400] {logging_mixin.py:188} INFO - [2025-06-25T20:01:03.419-0400] {dag.py:3954} INFO - Setting next_dagrun for example_python_operator to None, run_after=None
[2025-06-25T20:01:03.426-0400] {processor.py:183} INFO - Processing /opt/anaconda3/envs/airflow_env/lib/python3.10/site-packages/airflow/example_dags/example_python_operator.py took 0.102 seconds
[2025-06-25T20:02:43.895-0400] {processor.py:161} INFO - Started process (PID=59982) to work on /opt/anaconda3/envs/airflow_env/lib/python3.10/site-packages/airflow/example_dags/example_python_operator.py
[2025-06-25T20:02:43.896-0400] {processor.py:830} INFO - Processing file /opt/anaconda3/envs/airflow_env/lib/python3.10/site-packages/airflow/example_dags/example_python_operator.py for tasks to queue
[2025-06-25T20:02:43.896-0400] {logging_mixin.py:188} INFO - [2025-06-25T20:02:43.896-0400] {dagbag.py:545} INFO - Filling up the DagBag from /opt/anaconda3/envs/airflow_env/lib/python3.10/site-packages/airflow/example_dags/example_python_operator.py
[2025-06-25T20:02:43.907-0400] {processor.py:840} INFO - DAG(s) 'example_python_operator' retrieved from /opt/anaconda3/envs/airflow_env/lib/python3.10/site-packages/airflow/example_dags/example_python_operator.py
[2025-06-25T20:02:43.989-0400] {logging_mixin.py:188} INFO - [2025-06-25T20:02:43.989-0400] {dag.py:3096} INFO - Sync 1 DAGs
[2025-06-25T20:02:43.992-0400] {logging_mixin.py:188} INFO - [2025-06-25T20:02:43.992-0400] {dag.py:3954} INFO - Setting next_dagrun for example_python_operator to None, run_after=None
[2025-06-25T20:02:43.999-0400] {processor.py:183} INFO - Processing /opt/anaconda3/envs/airflow_env/lib/python3.10/site-packages/airflow/example_dags/example_python_operator.py took 0.106 seconds
[2025-06-25T20:04:13.909-0400] {processor.py:161} INFO - Started process (PID=60052) to work on /opt/anaconda3/envs/airflow_env/lib/python3.10/site-packages/airflow/example_dags/example_python_operator.py
[2025-06-25T20:04:13.909-0400] {processor.py:830} INFO - Processing file /opt/anaconda3/envs/airflow_env/lib/python3.10/site-packages/airflow/example_dags/example_python_operator.py for tasks to queue
[2025-06-25T20:04:13.909-0400] {logging_mixin.py:188} INFO - [2025-06-25T20:04:13.909-0400] {dagbag.py:545} INFO - Filling up the DagBag from /opt/anaconda3/envs/airflow_env/lib/python3.10/site-packages/airflow/example_dags/example_python_operator.py
[2025-06-25T20:04:13.922-0400] {processor.py:840} INFO - DAG(s) 'example_python_operator' retrieved from /opt/anaconda3/envs/airflow_env/lib/python3.10/site-packages/airflow/example_dags/example_python_operator.py
[2025-06-25T20:04:14.013-0400] {logging_mixin.py:188} INFO - [2025-06-25T20:04:14.013-0400] {dag.py:3096} INFO - Sync 1 DAGs
[2025-06-25T20:04:14.016-0400] {logging_mixin.py:188} INFO - [2025-06-25T20:04:14.016-0400] {dag.py:3954} INFO - Setting next_dagrun for example_python_operator to None, run_after=None
[2025-06-25T20:04:14.027-0400] {processor.py:183} INFO - Processing /opt/anaconda3/envs/airflow_env/lib/python3.10/site-packages/airflow/example_dags/example_python_operator.py took 0.121 seconds
[2025-06-25T20:06:08.132-0400] {processor.py:161} INFO - Started process (PID=60846) to work on /opt/anaconda3/envs/airflow_env/lib/python3.10/site-packages/airflow/example_dags/example_python_operator.py
[2025-06-25T20:06:08.133-0400] {processor.py:830} INFO - Processing file /opt/anaconda3/envs/airflow_env/lib/python3.10/site-packages/airflow/example_dags/example_python_operator.py for tasks to queue
[2025-06-25T20:06:08.133-0400] {logging_mixin.py:188} INFO - [2025-06-25T20:06:08.133-0400] {dagbag.py:545} INFO - Filling up the DagBag from /opt/anaconda3/envs/airflow_env/lib/python3.10/site-packages/airflow/example_dags/example_python_operator.py
[2025-06-25T20:06:08.144-0400] {processor.py:840} INFO - DAG(s) 'example_python_operator' retrieved from /opt/anaconda3/envs/airflow_env/lib/python3.10/site-packages/airflow/example_dags/example_python_operator.py
[2025-06-25T20:06:08.229-0400] {logging_mixin.py:188} INFO - [2025-06-25T20:06:08.229-0400] {dag.py:3096} INFO - Sync 1 DAGs
[2025-06-25T20:06:08.232-0400] {logging_mixin.py:188} INFO - [2025-06-25T20:06:08.232-0400] {dag.py:3954} INFO - Setting next_dagrun for example_python_operator to None, run_after=None
[2025-06-25T20:06:08.239-0400] {processor.py:183} INFO - Processing /opt/anaconda3/envs/airflow_env/lib/python3.10/site-packages/airflow/example_dags/example_python_operator.py took 0.109 seconds
[2025-06-25T20:06:53.475-0400] {processor.py:161} INFO - Started process (PID=60959) to work on /opt/anaconda3/envs/airflow_env/lib/python3.10/site-packages/airflow/example_dags/example_python_operator.py
[2025-06-25T20:06:53.475-0400] {processor.py:830} INFO - Processing file /opt/anaconda3/envs/airflow_env/lib/python3.10/site-packages/airflow/example_dags/example_python_operator.py for tasks to queue
[2025-06-25T20:06:53.475-0400] {logging_mixin.py:188} INFO - [2025-06-25T20:06:53.475-0400] {dagbag.py:545} INFO - Filling up the DagBag from /opt/anaconda3/envs/airflow_env/lib/python3.10/site-packages/airflow/example_dags/example_python_operator.py
[2025-06-25T20:06:53.486-0400] {processor.py:840} INFO - DAG(s) 'example_python_operator' retrieved from /opt/anaconda3/envs/airflow_env/lib/python3.10/site-packages/airflow/example_dags/example_python_operator.py
[2025-06-25T20:06:53.567-0400] {logging_mixin.py:188} INFO - [2025-06-25T20:06:53.567-0400] {dag.py:3096} INFO - Sync 1 DAGs
[2025-06-25T20:06:53.570-0400] {logging_mixin.py:188} INFO - [2025-06-25T20:06:53.570-0400] {dag.py:3954} INFO - Setting next_dagrun for example_python_operator to None, run_after=None
[2025-06-25T20:06:53.578-0400] {processor.py:183} INFO - Processing /opt/anaconda3/envs/airflow_env/lib/python3.10/site-packages/airflow/example_dags/example_python_operator.py took 0.105 seconds
[2025-06-25T20:07:32.641-0400] {processor.py:161} INFO - Started process (PID=61076) to work on /opt/anaconda3/envs/airflow_env/lib/python3.10/site-packages/airflow/example_dags/example_python_operator.py
[2025-06-25T20:07:32.641-0400] {processor.py:830} INFO - Processing file /opt/anaconda3/envs/airflow_env/lib/python3.10/site-packages/airflow/example_dags/example_python_operator.py for tasks to queue
[2025-06-25T20:07:32.642-0400] {logging_mixin.py:188} INFO - [2025-06-25T20:07:32.642-0400] {dagbag.py:545} INFO - Filling up the DagBag from /opt/anaconda3/envs/airflow_env/lib/python3.10/site-packages/airflow/example_dags/example_python_operator.py
[2025-06-25T20:07:32.658-0400] {processor.py:840} INFO - DAG(s) 'example_python_operator' retrieved from /opt/anaconda3/envs/airflow_env/lib/python3.10/site-packages/airflow/example_dags/example_python_operator.py
[2025-06-25T20:07:32.773-0400] {logging_mixin.py:188} INFO - [2025-06-25T20:07:32.773-0400] {dag.py:3096} INFO - Sync 1 DAGs
[2025-06-25T20:07:32.778-0400] {logging_mixin.py:188} INFO - [2025-06-25T20:07:32.778-0400] {dag.py:3954} INFO - Setting next_dagrun for example_python_operator to None, run_after=None
[2025-06-25T20:07:32.790-0400] {processor.py:183} INFO - Processing /opt/anaconda3/envs/airflow_env/lib/python3.10/site-packages/airflow/example_dags/example_python_operator.py took 0.152 seconds
[2025-06-25T20:08:26.840-0400] {processor.py:161} INFO - Started process (PID=61220) to work on /opt/anaconda3/envs/airflow_env/lib/python3.10/site-packages/airflow/example_dags/example_python_operator.py
[2025-06-25T20:08:26.840-0400] {processor.py:830} INFO - Processing file /opt/anaconda3/envs/airflow_env/lib/python3.10/site-packages/airflow/example_dags/example_python_operator.py for tasks to queue
[2025-06-25T20:08:26.840-0400] {logging_mixin.py:188} INFO - [2025-06-25T20:08:26.840-0400] {dagbag.py:545} INFO - Filling up the DagBag from /opt/anaconda3/envs/airflow_env/lib/python3.10/site-packages/airflow/example_dags/example_python_operator.py
[2025-06-25T20:08:26.852-0400] {processor.py:840} INFO - DAG(s) 'example_python_operator' retrieved from /opt/anaconda3/envs/airflow_env/lib/python3.10/site-packages/airflow/example_dags/example_python_operator.py
[2025-06-25T20:08:26.944-0400] {logging_mixin.py:188} INFO - [2025-06-25T20:08:26.944-0400] {dag.py:3096} INFO - Sync 1 DAGs
[2025-06-25T20:08:26.948-0400] {logging_mixin.py:188} INFO - [2025-06-25T20:08:26.947-0400] {dag.py:3954} INFO - Setting next_dagrun for example_python_operator to None, run_after=None
[2025-06-25T20:08:26.955-0400] {processor.py:183} INFO - Processing /opt/anaconda3/envs/airflow_env/lib/python3.10/site-packages/airflow/example_dags/example_python_operator.py took 0.117 seconds
[2025-06-25T20:09:55.363-0400] {processor.py:161} INFO - Started process (PID=61433) to work on /opt/anaconda3/envs/airflow_env/lib/python3.10/site-packages/airflow/example_dags/example_python_operator.py
[2025-06-25T20:09:55.363-0400] {processor.py:830} INFO - Processing file /opt/anaconda3/envs/airflow_env/lib/python3.10/site-packages/airflow/example_dags/example_python_operator.py for tasks to queue
[2025-06-25T20:09:55.363-0400] {logging_mixin.py:188} INFO - [2025-06-25T20:09:55.363-0400] {dagbag.py:545} INFO - Filling up the DagBag from /opt/anaconda3/envs/airflow_env/lib/python3.10/site-packages/airflow/example_dags/example_python_operator.py
[2025-06-25T20:09:55.375-0400] {processor.py:840} INFO - DAG(s) 'example_python_operator' retrieved from /opt/anaconda3/envs/airflow_env/lib/python3.10/site-packages/airflow/example_dags/example_python_operator.py
[2025-06-25T20:09:55.463-0400] {logging_mixin.py:188} INFO - [2025-06-25T20:09:55.463-0400] {dag.py:3096} INFO - Sync 1 DAGs
[2025-06-25T20:09:55.467-0400] {logging_mixin.py:188} INFO - [2025-06-25T20:09:55.467-0400] {dag.py:3954} INFO - Setting next_dagrun for example_python_operator to None, run_after=None
[2025-06-25T20:09:55.473-0400] {processor.py:183} INFO - Processing /opt/anaconda3/envs/airflow_env/lib/python3.10/site-packages/airflow/example_dags/example_python_operator.py took 0.112 seconds
[2025-06-25T20:10:55.624-0400] {processor.py:161} INFO - Started process (PID=61563) to work on /opt/anaconda3/envs/airflow_env/lib/python3.10/site-packages/airflow/example_dags/example_python_operator.py
[2025-06-25T20:10:55.624-0400] {processor.py:830} INFO - Processing file /opt/anaconda3/envs/airflow_env/lib/python3.10/site-packages/airflow/example_dags/example_python_operator.py for tasks to queue
[2025-06-25T20:10:55.624-0400] {logging_mixin.py:188} INFO - [2025-06-25T20:10:55.624-0400] {dagbag.py:545} INFO - Filling up the DagBag from /opt/anaconda3/envs/airflow_env/lib/python3.10/site-packages/airflow/example_dags/example_python_operator.py
[2025-06-25T20:10:55.637-0400] {processor.py:840} INFO - DAG(s) 'example_python_operator' retrieved from /opt/anaconda3/envs/airflow_env/lib/python3.10/site-packages/airflow/example_dags/example_python_operator.py
[2025-06-25T20:10:55.733-0400] {logging_mixin.py:188} INFO - [2025-06-25T20:10:55.733-0400] {dag.py:3096} INFO - Sync 1 DAGs
[2025-06-25T20:10:55.736-0400] {logging_mixin.py:188} INFO - [2025-06-25T20:10:55.736-0400] {dag.py:3954} INFO - Setting next_dagrun for example_python_operator to None, run_after=None
[2025-06-25T20:10:55.743-0400] {processor.py:183} INFO - Processing /opt/anaconda3/envs/airflow_env/lib/python3.10/site-packages/airflow/example_dags/example_python_operator.py took 0.122 seconds
[2025-06-25T20:12:17.849-0400] {processor.py:161} INFO - Started process (PID=61738) to work on /opt/anaconda3/envs/airflow_env/lib/python3.10/site-packages/airflow/example_dags/example_python_operator.py
[2025-06-25T20:12:17.850-0400] {processor.py:830} INFO - Processing file /opt/anaconda3/envs/airflow_env/lib/python3.10/site-packages/airflow/example_dags/example_python_operator.py for tasks to queue
[2025-06-25T20:12:17.850-0400] {logging_mixin.py:188} INFO - [2025-06-25T20:12:17.850-0400] {dagbag.py:545} INFO - Filling up the DagBag from /opt/anaconda3/envs/airflow_env/lib/python3.10/site-packages/airflow/example_dags/example_python_operator.py
[2025-06-25T20:12:17.871-0400] {processor.py:840} INFO - DAG(s) 'example_python_operator' retrieved from /opt/anaconda3/envs/airflow_env/lib/python3.10/site-packages/airflow/example_dags/example_python_operator.py
[2025-06-25T20:12:18.065-0400] {logging_mixin.py:188} INFO - [2025-06-25T20:12:18.064-0400] {dag.py:3096} INFO - Sync 1 DAGs
[2025-06-25T20:12:18.070-0400] {logging_mixin.py:188} INFO - [2025-06-25T20:12:18.070-0400] {dag.py:3954} INFO - Setting next_dagrun for example_python_operator to None, run_after=None
[2025-06-25T20:12:18.077-0400] {processor.py:183} INFO - Processing /opt/anaconda3/envs/airflow_env/lib/python3.10/site-packages/airflow/example_dags/example_python_operator.py took 0.231 seconds
[2025-06-25T20:12:18.837-0400] {processor.py:161} INFO - Started process (PID=61743) to work on /opt/anaconda3/envs/airflow_env/lib/python3.10/site-packages/airflow/example_dags/example_python_operator.py
[2025-06-25T20:12:18.837-0400] {processor.py:830} INFO - Processing file /opt/anaconda3/envs/airflow_env/lib/python3.10/site-packages/airflow/example_dags/example_python_operator.py for tasks to queue
[2025-06-25T20:12:18.838-0400] {logging_mixin.py:188} INFO - [2025-06-25T20:12:18.838-0400] {dagbag.py:545} INFO - Filling up the DagBag from /opt/anaconda3/envs/airflow_env/lib/python3.10/site-packages/airflow/example_dags/example_python_operator.py
[2025-06-25T20:12:18.851-0400] {processor.py:840} INFO - DAG(s) 'example_python_operator' retrieved from /opt/anaconda3/envs/airflow_env/lib/python3.10/site-packages/airflow/example_dags/example_python_operator.py
[2025-06-25T20:12:18.857-0400] {logging_mixin.py:188} INFO - [2025-06-25T20:12:18.857-0400] {dag.py:3096} INFO - Sync 1 DAGs
[2025-06-25T20:12:18.887-0400] {logging_mixin.py:188} INFO - [2025-06-25T20:12:18.887-0400] {dag.py:3954} INFO - Setting next_dagrun for example_python_operator to None, run_after=None
[2025-06-25T20:12:18.894-0400] {processor.py:183} INFO - Processing /opt/anaconda3/envs/airflow_env/lib/python3.10/site-packages/airflow/example_dags/example_python_operator.py took 0.059 seconds
[2025-06-25T20:13:54.041-0400] {processor.py:161} INFO - Started process (PID=61925) to work on /opt/anaconda3/envs/airflow_env/lib/python3.10/site-packages/airflow/example_dags/example_python_operator.py
[2025-06-25T20:13:54.042-0400] {processor.py:830} INFO - Processing file /opt/anaconda3/envs/airflow_env/lib/python3.10/site-packages/airflow/example_dags/example_python_operator.py for tasks to queue
[2025-06-25T20:13:54.042-0400] {logging_mixin.py:188} INFO - [2025-06-25T20:13:54.042-0400] {dagbag.py:545} INFO - Filling up the DagBag from /opt/anaconda3/envs/airflow_env/lib/python3.10/site-packages/airflow/example_dags/example_python_operator.py
[2025-06-25T20:13:54.052-0400] {processor.py:840} INFO - DAG(s) 'example_python_operator' retrieved from /opt/anaconda3/envs/airflow_env/lib/python3.10/site-packages/airflow/example_dags/example_python_operator.py
[2025-06-25T20:13:54.135-0400] {logging_mixin.py:188} INFO - [2025-06-25T20:13:54.135-0400] {dag.py:3096} INFO - Sync 1 DAGs
[2025-06-25T20:13:54.138-0400] {logging_mixin.py:188} INFO - [2025-06-25T20:13:54.138-0400] {dag.py:3954} INFO - Setting next_dagrun for example_python_operator to None, run_after=None
[2025-06-25T20:13:54.145-0400] {processor.py:183} INFO - Processing /opt/anaconda3/envs/airflow_env/lib/python3.10/site-packages/airflow/example_dags/example_python_operator.py took 0.106 seconds
[2025-06-25T20:14:00.706-0400] {processor.py:161} INFO - Started process (PID=61935) to work on /opt/anaconda3/envs/airflow_env/lib/python3.10/site-packages/airflow/example_dags/example_python_operator.py
[2025-06-25T20:14:00.706-0400] {processor.py:830} INFO - Processing file /opt/anaconda3/envs/airflow_env/lib/python3.10/site-packages/airflow/example_dags/example_python_operator.py for tasks to queue
[2025-06-25T20:14:00.707-0400] {logging_mixin.py:188} INFO - [2025-06-25T20:14:00.707-0400] {dagbag.py:545} INFO - Filling up the DagBag from /opt/anaconda3/envs/airflow_env/lib/python3.10/site-packages/airflow/example_dags/example_python_operator.py
[2025-06-25T20:14:00.718-0400] {processor.py:840} INFO - DAG(s) 'example_python_operator' retrieved from /opt/anaconda3/envs/airflow_env/lib/python3.10/site-packages/airflow/example_dags/example_python_operator.py
[2025-06-25T20:14:00.723-0400] {logging_mixin.py:188} INFO - [2025-06-25T20:14:00.723-0400] {dag.py:3096} INFO - Sync 1 DAGs
[2025-06-25T20:14:00.753-0400] {logging_mixin.py:188} INFO - [2025-06-25T20:14:00.753-0400] {dag.py:3954} INFO - Setting next_dagrun for example_python_operator to None, run_after=None
[2025-06-25T20:14:00.760-0400] {processor.py:183} INFO - Processing /opt/anaconda3/envs/airflow_env/lib/python3.10/site-packages/airflow/example_dags/example_python_operator.py took 0.056 seconds
[2025-06-25T20:15:29.299-0400] {processor.py:161} INFO - Started process (PID=62076) to work on /opt/anaconda3/envs/airflow_env/lib/python3.10/site-packages/airflow/example_dags/example_python_operator.py
[2025-06-25T20:15:29.300-0400] {processor.py:830} INFO - Processing file /opt/anaconda3/envs/airflow_env/lib/python3.10/site-packages/airflow/example_dags/example_python_operator.py for tasks to queue
[2025-06-25T20:15:29.300-0400] {logging_mixin.py:188} INFO - [2025-06-25T20:15:29.300-0400] {dagbag.py:545} INFO - Filling up the DagBag from /opt/anaconda3/envs/airflow_env/lib/python3.10/site-packages/airflow/example_dags/example_python_operator.py
[2025-06-25T20:15:29.311-0400] {processor.py:840} INFO - DAG(s) 'example_python_operator' retrieved from /opt/anaconda3/envs/airflow_env/lib/python3.10/site-packages/airflow/example_dags/example_python_operator.py
[2025-06-25T20:15:29.404-0400] {logging_mixin.py:188} INFO - [2025-06-25T20:15:29.403-0400] {dag.py:3096} INFO - Sync 1 DAGs
[2025-06-25T20:15:29.407-0400] {logging_mixin.py:188} INFO - [2025-06-25T20:15:29.407-0400] {dag.py:3954} INFO - Setting next_dagrun for example_python_operator to None, run_after=None
[2025-06-25T20:15:29.415-0400] {processor.py:183} INFO - Processing /opt/anaconda3/envs/airflow_env/lib/python3.10/site-packages/airflow/example_dags/example_python_operator.py took 0.117 seconds
[2025-06-25T20:15:40.297-0400] {processor.py:161} INFO - Started process (PID=62091) to work on /opt/anaconda3/envs/airflow_env/lib/python3.10/site-packages/airflow/example_dags/example_python_operator.py
[2025-06-25T20:15:40.297-0400] {processor.py:830} INFO - Processing file /opt/anaconda3/envs/airflow_env/lib/python3.10/site-packages/airflow/example_dags/example_python_operator.py for tasks to queue
[2025-06-25T20:15:40.298-0400] {logging_mixin.py:188} INFO - [2025-06-25T20:15:40.298-0400] {dagbag.py:545} INFO - Filling up the DagBag from /opt/anaconda3/envs/airflow_env/lib/python3.10/site-packages/airflow/example_dags/example_python_operator.py
[2025-06-25T20:15:40.308-0400] {processor.py:840} INFO - DAG(s) 'example_python_operator' retrieved from /opt/anaconda3/envs/airflow_env/lib/python3.10/site-packages/airflow/example_dags/example_python_operator.py
[2025-06-25T20:15:40.312-0400] {logging_mixin.py:188} INFO - [2025-06-25T20:15:40.312-0400] {dag.py:3096} INFO - Sync 1 DAGs
[2025-06-25T20:15:40.339-0400] {logging_mixin.py:188} INFO - [2025-06-25T20:15:40.339-0400] {dag.py:3954} INFO - Setting next_dagrun for example_python_operator to None, run_after=None
[2025-06-25T20:15:40.345-0400] {processor.py:183} INFO - Processing /opt/anaconda3/envs/airflow_env/lib/python3.10/site-packages/airflow/example_dags/example_python_operator.py took 0.050 seconds
[2025-06-25T20:17:08.848-0400] {processor.py:161} INFO - Started process (PID=62236) to work on /opt/anaconda3/envs/airflow_env/lib/python3.10/site-packages/airflow/example_dags/example_python_operator.py
[2025-06-25T20:17:08.848-0400] {processor.py:830} INFO - Processing file /opt/anaconda3/envs/airflow_env/lib/python3.10/site-packages/airflow/example_dags/example_python_operator.py for tasks to queue
[2025-06-25T20:17:08.849-0400] {logging_mixin.py:188} INFO - [2025-06-25T20:17:08.849-0400] {dagbag.py:545} INFO - Filling up the DagBag from /opt/anaconda3/envs/airflow_env/lib/python3.10/site-packages/airflow/example_dags/example_python_operator.py
[2025-06-25T20:17:08.859-0400] {processor.py:840} INFO - DAG(s) 'example_python_operator' retrieved from /opt/anaconda3/envs/airflow_env/lib/python3.10/site-packages/airflow/example_dags/example_python_operator.py
[2025-06-25T20:17:08.945-0400] {logging_mixin.py:188} INFO - [2025-06-25T20:17:08.945-0400] {dag.py:3096} INFO - Sync 1 DAGs
[2025-06-25T20:17:08.948-0400] {logging_mixin.py:188} INFO - [2025-06-25T20:17:08.948-0400] {dag.py:3954} INFO - Setting next_dagrun for example_python_operator to None, run_after=None
[2025-06-25T20:17:08.955-0400] {processor.py:183} INFO - Processing /opt/anaconda3/envs/airflow_env/lib/python3.10/site-packages/airflow/example_dags/example_python_operator.py took 0.108 seconds
[2025-06-25T20:17:15.765-0400] {processor.py:161} INFO - Started process (PID=62245) to work on /opt/anaconda3/envs/airflow_env/lib/python3.10/site-packages/airflow/example_dags/example_python_operator.py
[2025-06-25T20:17:15.766-0400] {processor.py:830} INFO - Processing file /opt/anaconda3/envs/airflow_env/lib/python3.10/site-packages/airflow/example_dags/example_python_operator.py for tasks to queue
[2025-06-25T20:17:15.766-0400] {logging_mixin.py:188} INFO - [2025-06-25T20:17:15.766-0400] {dagbag.py:545} INFO - Filling up the DagBag from /opt/anaconda3/envs/airflow_env/lib/python3.10/site-packages/airflow/example_dags/example_python_operator.py
[2025-06-25T20:17:15.776-0400] {processor.py:840} INFO - DAG(s) 'example_python_operator' retrieved from /opt/anaconda3/envs/airflow_env/lib/python3.10/site-packages/airflow/example_dags/example_python_operator.py
[2025-06-25T20:17:15.780-0400] {logging_mixin.py:188} INFO - [2025-06-25T20:17:15.780-0400] {dag.py:3096} INFO - Sync 1 DAGs
[2025-06-25T20:17:15.806-0400] {logging_mixin.py:188} INFO - [2025-06-25T20:17:15.806-0400] {dag.py:3954} INFO - Setting next_dagrun for example_python_operator to None, run_after=None
[2025-06-25T20:17:15.812-0400] {processor.py:183} INFO - Processing /opt/anaconda3/envs/airflow_env/lib/python3.10/site-packages/airflow/example_dags/example_python_operator.py took 0.049 seconds
[2025-06-25T20:19:13.423-0400] {processor.py:161} INFO - Started process (PID=62456) to work on /opt/anaconda3/envs/airflow_env/lib/python3.10/site-packages/airflow/example_dags/example_python_operator.py
[2025-06-25T20:19:13.424-0400] {processor.py:830} INFO - Processing file /opt/anaconda3/envs/airflow_env/lib/python3.10/site-packages/airflow/example_dags/example_python_operator.py for tasks to queue
[2025-06-25T20:19:13.424-0400] {logging_mixin.py:188} INFO - [2025-06-25T20:19:13.424-0400] {dagbag.py:545} INFO - Filling up the DagBag from /opt/anaconda3/envs/airflow_env/lib/python3.10/site-packages/airflow/example_dags/example_python_operator.py
[2025-06-25T20:19:13.437-0400] {processor.py:840} INFO - DAG(s) 'example_python_operator' retrieved from /opt/anaconda3/envs/airflow_env/lib/python3.10/site-packages/airflow/example_dags/example_python_operator.py
[2025-06-25T20:19:13.546-0400] {logging_mixin.py:188} INFO - [2025-06-25T20:19:13.546-0400] {dag.py:3096} INFO - Sync 1 DAGs
[2025-06-25T20:19:13.550-0400] {logging_mixin.py:188} INFO - [2025-06-25T20:19:13.550-0400] {dag.py:3954} INFO - Setting next_dagrun for example_python_operator to None, run_after=None
[2025-06-25T20:19:13.559-0400] {processor.py:183} INFO - Processing /opt/anaconda3/envs/airflow_env/lib/python3.10/site-packages/airflow/example_dags/example_python_operator.py took 0.138 seconds
[2025-06-25T20:19:27.963-0400] {processor.py:161} INFO - Started process (PID=62489) to work on /opt/anaconda3/envs/airflow_env/lib/python3.10/site-packages/airflow/example_dags/example_python_operator.py
[2025-06-25T20:19:27.964-0400] {processor.py:830} INFO - Processing file /opt/anaconda3/envs/airflow_env/lib/python3.10/site-packages/airflow/example_dags/example_python_operator.py for tasks to queue
[2025-06-25T20:19:27.964-0400] {logging_mixin.py:188} INFO - [2025-06-25T20:19:27.964-0400] {dagbag.py:545} INFO - Filling up the DagBag from /opt/anaconda3/envs/airflow_env/lib/python3.10/site-packages/airflow/example_dags/example_python_operator.py
[2025-06-25T20:19:27.974-0400] {processor.py:840} INFO - DAG(s) 'example_python_operator' retrieved from /opt/anaconda3/envs/airflow_env/lib/python3.10/site-packages/airflow/example_dags/example_python_operator.py
[2025-06-25T20:19:27.978-0400] {logging_mixin.py:188} INFO - [2025-06-25T20:19:27.978-0400] {dag.py:3096} INFO - Sync 1 DAGs
[2025-06-25T20:19:28.006-0400] {logging_mixin.py:188} INFO - [2025-06-25T20:19:28.005-0400] {dag.py:3954} INFO - Setting next_dagrun for example_python_operator to None, run_after=None
[2025-06-25T20:19:28.012-0400] {processor.py:183} INFO - Processing /opt/anaconda3/envs/airflow_env/lib/python3.10/site-packages/airflow/example_dags/example_python_operator.py took 0.051 seconds
[2025-06-25T20:21:03.408-0400] {processor.py:161} INFO - Started process (PID=62661) to work on /opt/anaconda3/envs/airflow_env/lib/python3.10/site-packages/airflow/example_dags/example_python_operator.py
[2025-06-25T20:21:03.408-0400] {processor.py:830} INFO - Processing file /opt/anaconda3/envs/airflow_env/lib/python3.10/site-packages/airflow/example_dags/example_python_operator.py for tasks to queue
[2025-06-25T20:21:03.409-0400] {logging_mixin.py:188} INFO - [2025-06-25T20:21:03.408-0400] {dagbag.py:545} INFO - Filling up the DagBag from /opt/anaconda3/envs/airflow_env/lib/python3.10/site-packages/airflow/example_dags/example_python_operator.py
[2025-06-25T20:21:03.420-0400] {processor.py:840} INFO - DAG(s) 'example_python_operator' retrieved from /opt/anaconda3/envs/airflow_env/lib/python3.10/site-packages/airflow/example_dags/example_python_operator.py
[2025-06-25T20:21:03.546-0400] {logging_mixin.py:188} INFO - [2025-06-25T20:21:03.546-0400] {dag.py:3096} INFO - Sync 1 DAGs
[2025-06-25T20:21:03.550-0400] {logging_mixin.py:188} INFO - [2025-06-25T20:21:03.550-0400] {dag.py:3954} INFO - Setting next_dagrun for example_python_operator to None, run_after=None
[2025-06-25T20:21:03.557-0400] {processor.py:183} INFO - Processing /opt/anaconda3/envs/airflow_env/lib/python3.10/site-packages/airflow/example_dags/example_python_operator.py took 0.151 seconds
[2025-06-25T20:21:03.778-0400] {processor.py:161} INFO - Started process (PID=62662) to work on /opt/anaconda3/envs/airflow_env/lib/python3.10/site-packages/airflow/example_dags/example_python_operator.py
[2025-06-25T20:21:03.778-0400] {processor.py:830} INFO - Processing file /opt/anaconda3/envs/airflow_env/lib/python3.10/site-packages/airflow/example_dags/example_python_operator.py for tasks to queue
[2025-06-25T20:21:03.778-0400] {logging_mixin.py:188} INFO - [2025-06-25T20:21:03.778-0400] {dagbag.py:545} INFO - Filling up the DagBag from /opt/anaconda3/envs/airflow_env/lib/python3.10/site-packages/airflow/example_dags/example_python_operator.py
[2025-06-25T20:21:03.789-0400] {processor.py:840} INFO - DAG(s) 'example_python_operator' retrieved from /opt/anaconda3/envs/airflow_env/lib/python3.10/site-packages/airflow/example_dags/example_python_operator.py
[2025-06-25T20:21:03.793-0400] {logging_mixin.py:188} INFO - [2025-06-25T20:21:03.793-0400] {dag.py:3096} INFO - Sync 1 DAGs
[2025-06-25T20:21:03.826-0400] {logging_mixin.py:188} INFO - [2025-06-25T20:21:03.825-0400] {dag.py:3954} INFO - Setting next_dagrun for example_python_operator to None, run_after=None
[2025-06-25T20:21:03.832-0400] {processor.py:183} INFO - Processing /opt/anaconda3/envs/airflow_env/lib/python3.10/site-packages/airflow/example_dags/example_python_operator.py took 0.057 seconds
[2025-06-25T20:22:39.000-0400] {processor.py:161} INFO - Started process (PID=62821) to work on /opt/anaconda3/envs/airflow_env/lib/python3.10/site-packages/airflow/example_dags/example_python_operator.py
[2025-06-25T20:22:39.001-0400] {processor.py:830} INFO - Processing file /opt/anaconda3/envs/airflow_env/lib/python3.10/site-packages/airflow/example_dags/example_python_operator.py for tasks to queue
[2025-06-25T20:22:39.001-0400] {logging_mixin.py:188} INFO - [2025-06-25T20:22:39.001-0400] {dagbag.py:545} INFO - Filling up the DagBag from /opt/anaconda3/envs/airflow_env/lib/python3.10/site-packages/airflow/example_dags/example_python_operator.py
[2025-06-25T20:22:39.013-0400] {processor.py:840} INFO - DAG(s) 'example_python_operator' retrieved from /opt/anaconda3/envs/airflow_env/lib/python3.10/site-packages/airflow/example_dags/example_python_operator.py
[2025-06-25T20:22:39.101-0400] {logging_mixin.py:188} INFO - [2025-06-25T20:22:39.101-0400] {dag.py:3096} INFO - Sync 1 DAGs
[2025-06-25T20:22:39.104-0400] {logging_mixin.py:188} INFO - [2025-06-25T20:22:39.104-0400] {dag.py:3954} INFO - Setting next_dagrun for example_python_operator to None, run_after=None
[2025-06-25T20:22:39.111-0400] {processor.py:183} INFO - Processing /opt/anaconda3/envs/airflow_env/lib/python3.10/site-packages/airflow/example_dags/example_python_operator.py took 0.114 seconds
[2025-06-25T20:22:40.162-0400] {processor.py:161} INFO - Started process (PID=62822) to work on /opt/anaconda3/envs/airflow_env/lib/python3.10/site-packages/airflow/example_dags/example_python_operator.py
[2025-06-25T20:22:40.162-0400] {processor.py:830} INFO - Processing file /opt/anaconda3/envs/airflow_env/lib/python3.10/site-packages/airflow/example_dags/example_python_operator.py for tasks to queue
[2025-06-25T20:22:40.162-0400] {logging_mixin.py:188} INFO - [2025-06-25T20:22:40.162-0400] {dagbag.py:545} INFO - Filling up the DagBag from /opt/anaconda3/envs/airflow_env/lib/python3.10/site-packages/airflow/example_dags/example_python_operator.py
[2025-06-25T20:22:40.173-0400] {processor.py:840} INFO - DAG(s) 'example_python_operator' retrieved from /opt/anaconda3/envs/airflow_env/lib/python3.10/site-packages/airflow/example_dags/example_python_operator.py
[2025-06-25T20:22:40.177-0400] {logging_mixin.py:188} INFO - [2025-06-25T20:22:40.176-0400] {dag.py:3096} INFO - Sync 1 DAGs
[2025-06-25T20:22:40.203-0400] {logging_mixin.py:188} INFO - [2025-06-25T20:22:40.203-0400] {dag.py:3954} INFO - Setting next_dagrun for example_python_operator to None, run_after=None
[2025-06-25T20:22:40.210-0400] {processor.py:183} INFO - Processing /opt/anaconda3/envs/airflow_env/lib/python3.10/site-packages/airflow/example_dags/example_python_operator.py took 0.050 seconds
[2025-06-25T20:23:52.432-0400] {processor.py:161} INFO - Started process (PID=62976) to work on /opt/anaconda3/envs/airflow_env/lib/python3.10/site-packages/airflow/example_dags/example_python_operator.py
[2025-06-25T20:23:52.432-0400] {processor.py:830} INFO - Processing file /opt/anaconda3/envs/airflow_env/lib/python3.10/site-packages/airflow/example_dags/example_python_operator.py for tasks to queue
[2025-06-25T20:23:52.433-0400] {logging_mixin.py:188} INFO - [2025-06-25T20:23:52.433-0400] {dagbag.py:545} INFO - Filling up the DagBag from /opt/anaconda3/envs/airflow_env/lib/python3.10/site-packages/airflow/example_dags/example_python_operator.py
[2025-06-25T20:23:52.444-0400] {processor.py:840} INFO - DAG(s) 'example_python_operator' retrieved from /opt/anaconda3/envs/airflow_env/lib/python3.10/site-packages/airflow/example_dags/example_python_operator.py
[2025-06-25T20:23:52.538-0400] {logging_mixin.py:188} INFO - [2025-06-25T20:23:52.537-0400] {dag.py:3096} INFO - Sync 1 DAGs
[2025-06-25T20:23:52.541-0400] {logging_mixin.py:188} INFO - [2025-06-25T20:23:52.541-0400] {dag.py:3954} INFO - Setting next_dagrun for example_python_operator to None, run_after=None
[2025-06-25T20:23:52.548-0400] {processor.py:183} INFO - Processing /opt/anaconda3/envs/airflow_env/lib/python3.10/site-packages/airflow/example_dags/example_python_operator.py took 0.119 seconds
[2025-06-25T20:25:02.243-0400] {processor.py:161} INFO - Started process (PID=63109) to work on /opt/anaconda3/envs/airflow_env/lib/python3.10/site-packages/airflow/example_dags/example_python_operator.py
[2025-06-25T20:25:02.244-0400] {processor.py:830} INFO - Processing file /opt/anaconda3/envs/airflow_env/lib/python3.10/site-packages/airflow/example_dags/example_python_operator.py for tasks to queue
[2025-06-25T20:25:02.244-0400] {logging_mixin.py:188} INFO - [2025-06-25T20:25:02.244-0400] {dagbag.py:545} INFO - Filling up the DagBag from /opt/anaconda3/envs/airflow_env/lib/python3.10/site-packages/airflow/example_dags/example_python_operator.py
[2025-06-25T20:25:02.255-0400] {processor.py:840} INFO - DAG(s) 'example_python_operator' retrieved from /opt/anaconda3/envs/airflow_env/lib/python3.10/site-packages/airflow/example_dags/example_python_operator.py
[2025-06-25T20:25:02.341-0400] {logging_mixin.py:188} INFO - [2025-06-25T20:25:02.340-0400] {dag.py:3096} INFO - Sync 1 DAGs
[2025-06-25T20:25:02.344-0400] {logging_mixin.py:188} INFO - [2025-06-25T20:25:02.344-0400] {dag.py:3954} INFO - Setting next_dagrun for example_python_operator to None, run_after=None
[2025-06-25T20:25:02.351-0400] {processor.py:183} INFO - Processing /opt/anaconda3/envs/airflow_env/lib/python3.10/site-packages/airflow/example_dags/example_python_operator.py took 0.109 seconds
[2025-06-25T20:25:34.701-0400] {processor.py:161} INFO - Started process (PID=63167) to work on /opt/anaconda3/envs/airflow_env/lib/python3.10/site-packages/airflow/example_dags/example_python_operator.py
[2025-06-25T20:25:34.701-0400] {processor.py:830} INFO - Processing file /opt/anaconda3/envs/airflow_env/lib/python3.10/site-packages/airflow/example_dags/example_python_operator.py for tasks to queue
[2025-06-25T20:25:34.701-0400] {logging_mixin.py:188} INFO - [2025-06-25T20:25:34.701-0400] {dagbag.py:545} INFO - Filling up the DagBag from /opt/anaconda3/envs/airflow_env/lib/python3.10/site-packages/airflow/example_dags/example_python_operator.py
[2025-06-25T20:25:34.712-0400] {processor.py:840} INFO - DAG(s) 'example_python_operator' retrieved from /opt/anaconda3/envs/airflow_env/lib/python3.10/site-packages/airflow/example_dags/example_python_operator.py
[2025-06-25T20:25:34.799-0400] {logging_mixin.py:188} INFO - [2025-06-25T20:25:34.799-0400] {dag.py:3096} INFO - Sync 1 DAGs
[2025-06-25T20:25:34.803-0400] {logging_mixin.py:188} INFO - [2025-06-25T20:25:34.802-0400] {dag.py:3954} INFO - Setting next_dagrun for example_python_operator to None, run_after=None
[2025-06-25T20:25:34.809-0400] {processor.py:183} INFO - Processing /opt/anaconda3/envs/airflow_env/lib/python3.10/site-packages/airflow/example_dags/example_python_operator.py took 0.111 seconds
[2025-06-25T20:26:42.277-0400] {processor.py:161} INFO - Started process (PID=63301) to work on /opt/anaconda3/envs/airflow_env/lib/python3.10/site-packages/airflow/example_dags/example_python_operator.py
[2025-06-25T20:26:42.277-0400] {processor.py:830} INFO - Processing file /opt/anaconda3/envs/airflow_env/lib/python3.10/site-packages/airflow/example_dags/example_python_operator.py for tasks to queue
[2025-06-25T20:26:42.277-0400] {logging_mixin.py:188} INFO - [2025-06-25T20:26:42.277-0400] {dagbag.py:545} INFO - Filling up the DagBag from /opt/anaconda3/envs/airflow_env/lib/python3.10/site-packages/airflow/example_dags/example_python_operator.py
[2025-06-25T20:26:42.288-0400] {processor.py:840} INFO - DAG(s) 'example_python_operator' retrieved from /opt/anaconda3/envs/airflow_env/lib/python3.10/site-packages/airflow/example_dags/example_python_operator.py
[2025-06-25T20:26:42.367-0400] {logging_mixin.py:188} INFO - [2025-06-25T20:26:42.367-0400] {dag.py:3096} INFO - Sync 1 DAGs
[2025-06-25T20:26:42.370-0400] {logging_mixin.py:188} INFO - [2025-06-25T20:26:42.370-0400] {dag.py:3954} INFO - Setting next_dagrun for example_python_operator to None, run_after=None
[2025-06-25T20:26:42.377-0400] {processor.py:183} INFO - Processing /opt/anaconda3/envs/airflow_env/lib/python3.10/site-packages/airflow/example_dags/example_python_operator.py took 0.102 seconds
[2025-06-25T20:27:14.122-0400] {processor.py:161} INFO - Started process (PID=63372) to work on /opt/anaconda3/envs/airflow_env/lib/python3.10/site-packages/airflow/example_dags/example_python_operator.py
[2025-06-25T20:27:14.123-0400] {processor.py:830} INFO - Processing file /opt/anaconda3/envs/airflow_env/lib/python3.10/site-packages/airflow/example_dags/example_python_operator.py for tasks to queue
[2025-06-25T20:27:14.123-0400] {logging_mixin.py:188} INFO - [2025-06-25T20:27:14.123-0400] {dagbag.py:545} INFO - Filling up the DagBag from /opt/anaconda3/envs/airflow_env/lib/python3.10/site-packages/airflow/example_dags/example_python_operator.py
[2025-06-25T20:27:14.133-0400] {processor.py:840} INFO - DAG(s) 'example_python_operator' retrieved from /opt/anaconda3/envs/airflow_env/lib/python3.10/site-packages/airflow/example_dags/example_python_operator.py
[2025-06-25T20:27:14.213-0400] {logging_mixin.py:188} INFO - [2025-06-25T20:27:14.213-0400] {dag.py:3096} INFO - Sync 1 DAGs
[2025-06-25T20:27:14.216-0400] {logging_mixin.py:188} INFO - [2025-06-25T20:27:14.216-0400] {dag.py:3954} INFO - Setting next_dagrun for example_python_operator to None, run_after=None
[2025-06-25T20:27:14.223-0400] {processor.py:183} INFO - Processing /opt/anaconda3/envs/airflow_env/lib/python3.10/site-packages/airflow/example_dags/example_python_operator.py took 0.102 seconds
[2025-06-25T20:28:19.022-0400] {processor.py:161} INFO - Started process (PID=63500) to work on /opt/anaconda3/envs/airflow_env/lib/python3.10/site-packages/airflow/example_dags/example_python_operator.py
[2025-06-25T20:28:19.022-0400] {processor.py:830} INFO - Processing file /opt/anaconda3/envs/airflow_env/lib/python3.10/site-packages/airflow/example_dags/example_python_operator.py for tasks to queue
[2025-06-25T20:28:19.022-0400] {logging_mixin.py:188} INFO - [2025-06-25T20:28:19.022-0400] {dagbag.py:545} INFO - Filling up the DagBag from /opt/anaconda3/envs/airflow_env/lib/python3.10/site-packages/airflow/example_dags/example_python_operator.py
[2025-06-25T20:28:19.033-0400] {processor.py:840} INFO - DAG(s) 'example_python_operator' retrieved from /opt/anaconda3/envs/airflow_env/lib/python3.10/site-packages/airflow/example_dags/example_python_operator.py
[2025-06-25T20:28:19.130-0400] {logging_mixin.py:188} INFO - [2025-06-25T20:28:19.130-0400] {dag.py:3096} INFO - Sync 1 DAGs
[2025-06-25T20:28:19.134-0400] {logging_mixin.py:188} INFO - [2025-06-25T20:28:19.134-0400] {dag.py:3954} INFO - Setting next_dagrun for example_python_operator to None, run_after=None
[2025-06-25T20:28:19.142-0400] {processor.py:183} INFO - Processing /opt/anaconda3/envs/airflow_env/lib/python3.10/site-packages/airflow/example_dags/example_python_operator.py took 0.122 seconds
[2025-06-25T20:28:51.755-0400] {processor.py:161} INFO - Started process (PID=63579) to work on /opt/anaconda3/envs/airflow_env/lib/python3.10/site-packages/airflow/example_dags/example_python_operator.py
[2025-06-25T20:28:51.755-0400] {processor.py:830} INFO - Processing file /opt/anaconda3/envs/airflow_env/lib/python3.10/site-packages/airflow/example_dags/example_python_operator.py for tasks to queue
[2025-06-25T20:28:51.756-0400] {logging_mixin.py:188} INFO - [2025-06-25T20:28:51.756-0400] {dagbag.py:545} INFO - Filling up the DagBag from /opt/anaconda3/envs/airflow_env/lib/python3.10/site-packages/airflow/example_dags/example_python_operator.py
[2025-06-25T20:28:51.767-0400] {processor.py:840} INFO - DAG(s) 'example_python_operator' retrieved from /opt/anaconda3/envs/airflow_env/lib/python3.10/site-packages/airflow/example_dags/example_python_operator.py
[2025-06-25T20:28:51.851-0400] {logging_mixin.py:188} INFO - [2025-06-25T20:28:51.851-0400] {dag.py:3096} INFO - Sync 1 DAGs
[2025-06-25T20:28:51.854-0400] {logging_mixin.py:188} INFO - [2025-06-25T20:28:51.854-0400] {dag.py:3954} INFO - Setting next_dagrun for example_python_operator to None, run_after=None
[2025-06-25T20:28:51.860-0400] {processor.py:183} INFO - Processing /opt/anaconda3/envs/airflow_env/lib/python3.10/site-packages/airflow/example_dags/example_python_operator.py took 0.107 seconds
[2025-06-25T20:30:17.752-0400] {processor.py:161} INFO - Started process (PID=63796) to work on /opt/anaconda3/envs/airflow_env/lib/python3.10/site-packages/airflow/example_dags/example_python_operator.py
[2025-06-25T20:30:17.752-0400] {processor.py:830} INFO - Processing file /opt/anaconda3/envs/airflow_env/lib/python3.10/site-packages/airflow/example_dags/example_python_operator.py for tasks to queue
[2025-06-25T20:30:17.753-0400] {logging_mixin.py:188} INFO - [2025-06-25T20:30:17.753-0400] {dagbag.py:545} INFO - Filling up the DagBag from /opt/anaconda3/envs/airflow_env/lib/python3.10/site-packages/airflow/example_dags/example_python_operator.py
[2025-06-25T20:30:17.764-0400] {processor.py:840} INFO - DAG(s) 'example_python_operator' retrieved from /opt/anaconda3/envs/airflow_env/lib/python3.10/site-packages/airflow/example_dags/example_python_operator.py
[2025-06-25T20:30:17.849-0400] {logging_mixin.py:188} INFO - [2025-06-25T20:30:17.849-0400] {dag.py:3096} INFO - Sync 1 DAGs
[2025-06-25T20:30:17.853-0400] {logging_mixin.py:188} INFO - [2025-06-25T20:30:17.852-0400] {dag.py:3954} INFO - Setting next_dagrun for example_python_operator to None, run_after=None
[2025-06-25T20:30:17.859-0400] {processor.py:183} INFO - Processing /opt/anaconda3/envs/airflow_env/lib/python3.10/site-packages/airflow/example_dags/example_python_operator.py took 0.109 seconds
[2025-06-25T20:30:34.871-0400] {processor.py:161} INFO - Started process (PID=63824) to work on /opt/anaconda3/envs/airflow_env/lib/python3.10/site-packages/airflow/example_dags/example_python_operator.py
[2025-06-25T20:30:34.871-0400] {processor.py:830} INFO - Processing file /opt/anaconda3/envs/airflow_env/lib/python3.10/site-packages/airflow/example_dags/example_python_operator.py for tasks to queue
[2025-06-25T20:30:34.871-0400] {logging_mixin.py:188} INFO - [2025-06-25T20:30:34.871-0400] {dagbag.py:545} INFO - Filling up the DagBag from /opt/anaconda3/envs/airflow_env/lib/python3.10/site-packages/airflow/example_dags/example_python_operator.py
[2025-06-25T20:30:34.886-0400] {processor.py:840} INFO - DAG(s) 'example_python_operator' retrieved from /opt/anaconda3/envs/airflow_env/lib/python3.10/site-packages/airflow/example_dags/example_python_operator.py
[2025-06-25T20:30:34.894-0400] {logging_mixin.py:188} INFO - [2025-06-25T20:30:34.894-0400] {dag.py:3096} INFO - Sync 1 DAGs
[2025-06-25T20:30:34.937-0400] {logging_mixin.py:188} INFO - [2025-06-25T20:30:34.937-0400] {dag.py:3954} INFO - Setting next_dagrun for example_python_operator to None, run_after=None
[2025-06-25T20:30:34.944-0400] {processor.py:183} INFO - Processing /opt/anaconda3/envs/airflow_env/lib/python3.10/site-packages/airflow/example_dags/example_python_operator.py took 0.075 seconds
[2025-06-25T20:31:37.081-0400] {processor.py:161} INFO - Started process (PID=63976) to work on /opt/anaconda3/envs/airflow_env/lib/python3.10/site-packages/airflow/example_dags/example_python_operator.py
[2025-06-25T20:31:37.082-0400] {processor.py:830} INFO - Processing file /opt/anaconda3/envs/airflow_env/lib/python3.10/site-packages/airflow/example_dags/example_python_operator.py for tasks to queue
[2025-06-25T20:31:37.082-0400] {logging_mixin.py:188} INFO - [2025-06-25T20:31:37.082-0400] {dagbag.py:545} INFO - Filling up the DagBag from /opt/anaconda3/envs/airflow_env/lib/python3.10/site-packages/airflow/example_dags/example_python_operator.py
[2025-06-25T20:31:37.093-0400] {processor.py:840} INFO - DAG(s) 'example_python_operator' retrieved from /opt/anaconda3/envs/airflow_env/lib/python3.10/site-packages/airflow/example_dags/example_python_operator.py
[2025-06-25T20:31:37.178-0400] {logging_mixin.py:188} INFO - [2025-06-25T20:31:37.178-0400] {dag.py:3096} INFO - Sync 1 DAGs
[2025-06-25T20:31:37.181-0400] {logging_mixin.py:188} INFO - [2025-06-25T20:31:37.181-0400] {dag.py:3954} INFO - Setting next_dagrun for example_python_operator to None, run_after=None
[2025-06-25T20:31:37.188-0400] {processor.py:183} INFO - Processing /opt/anaconda3/envs/airflow_env/lib/python3.10/site-packages/airflow/example_dags/example_python_operator.py took 0.109 seconds
[2025-06-25T20:32:45.849-0400] {processor.py:161} INFO - Started process (PID=64105) to work on /opt/anaconda3/envs/airflow_env/lib/python3.10/site-packages/airflow/example_dags/example_python_operator.py
[2025-06-25T20:32:45.849-0400] {processor.py:830} INFO - Processing file /opt/anaconda3/envs/airflow_env/lib/python3.10/site-packages/airflow/example_dags/example_python_operator.py for tasks to queue
[2025-06-25T20:32:45.850-0400] {logging_mixin.py:188} INFO - [2025-06-25T20:32:45.850-0400] {dagbag.py:545} INFO - Filling up the DagBag from /opt/anaconda3/envs/airflow_env/lib/python3.10/site-packages/airflow/example_dags/example_python_operator.py
[2025-06-25T20:32:45.861-0400] {processor.py:840} INFO - DAG(s) 'example_python_operator' retrieved from /opt/anaconda3/envs/airflow_env/lib/python3.10/site-packages/airflow/example_dags/example_python_operator.py
[2025-06-25T20:32:45.950-0400] {logging_mixin.py:188} INFO - [2025-06-25T20:32:45.950-0400] {dag.py:3096} INFO - Sync 1 DAGs
[2025-06-25T20:32:45.953-0400] {logging_mixin.py:188} INFO - [2025-06-25T20:32:45.953-0400] {dag.py:3954} INFO - Setting next_dagrun for example_python_operator to None, run_after=None
[2025-06-25T20:32:45.960-0400] {processor.py:183} INFO - Processing /opt/anaconda3/envs/airflow_env/lib/python3.10/site-packages/airflow/example_dags/example_python_operator.py took 0.113 seconds
[2025-06-25T20:33:52.042-0400] {processor.py:161} INFO - Started process (PID=64211) to work on /opt/anaconda3/envs/airflow_env/lib/python3.10/site-packages/airflow/example_dags/example_python_operator.py
[2025-06-25T20:33:52.042-0400] {processor.py:830} INFO - Processing file /opt/anaconda3/envs/airflow_env/lib/python3.10/site-packages/airflow/example_dags/example_python_operator.py for tasks to queue
[2025-06-25T20:33:52.043-0400] {logging_mixin.py:188} INFO - [2025-06-25T20:33:52.042-0400] {dagbag.py:545} INFO - Filling up the DagBag from /opt/anaconda3/envs/airflow_env/lib/python3.10/site-packages/airflow/example_dags/example_python_operator.py
[2025-06-25T20:33:52.053-0400] {processor.py:840} INFO - DAG(s) 'example_python_operator' retrieved from /opt/anaconda3/envs/airflow_env/lib/python3.10/site-packages/airflow/example_dags/example_python_operator.py
[2025-06-25T20:33:52.136-0400] {logging_mixin.py:188} INFO - [2025-06-25T20:33:52.135-0400] {dag.py:3096} INFO - Sync 1 DAGs
[2025-06-25T20:33:52.139-0400] {logging_mixin.py:188} INFO - [2025-06-25T20:33:52.139-0400] {dag.py:3954} INFO - Setting next_dagrun for example_python_operator to None, run_after=None
[2025-06-25T20:33:52.146-0400] {processor.py:183} INFO - Processing /opt/anaconda3/envs/airflow_env/lib/python3.10/site-packages/airflow/example_dags/example_python_operator.py took 0.106 seconds
[2025-06-25T20:34:32.800-0400] {processor.py:161} INFO - Started process (PID=64294) to work on /opt/anaconda3/envs/airflow_env/lib/python3.10/site-packages/airflow/example_dags/example_python_operator.py
[2025-06-25T20:34:32.801-0400] {processor.py:830} INFO - Processing file /opt/anaconda3/envs/airflow_env/lib/python3.10/site-packages/airflow/example_dags/example_python_operator.py for tasks to queue
[2025-06-25T20:34:32.801-0400] {logging_mixin.py:188} INFO - [2025-06-25T20:34:32.801-0400] {dagbag.py:545} INFO - Filling up the DagBag from /opt/anaconda3/envs/airflow_env/lib/python3.10/site-packages/airflow/example_dags/example_python_operator.py
[2025-06-25T20:34:32.811-0400] {processor.py:840} INFO - DAG(s) 'example_python_operator' retrieved from /opt/anaconda3/envs/airflow_env/lib/python3.10/site-packages/airflow/example_dags/example_python_operator.py
[2025-06-25T20:34:32.890-0400] {logging_mixin.py:188} INFO - [2025-06-25T20:34:32.890-0400] {dag.py:3096} INFO - Sync 1 DAGs
[2025-06-25T20:34:32.893-0400] {logging_mixin.py:188} INFO - [2025-06-25T20:34:32.893-0400] {dag.py:3954} INFO - Setting next_dagrun for example_python_operator to None, run_after=None
[2025-06-25T20:34:32.900-0400] {processor.py:183} INFO - Processing /opt/anaconda3/envs/airflow_env/lib/python3.10/site-packages/airflow/example_dags/example_python_operator.py took 0.101 seconds
[2025-06-25T20:35:28.807-0400] {processor.py:161} INFO - Started process (PID=64387) to work on /opt/anaconda3/envs/airflow_env/lib/python3.10/site-packages/airflow/example_dags/example_python_operator.py
[2025-06-25T20:35:28.808-0400] {processor.py:830} INFO - Processing file /opt/anaconda3/envs/airflow_env/lib/python3.10/site-packages/airflow/example_dags/example_python_operator.py for tasks to queue
[2025-06-25T20:35:28.808-0400] {logging_mixin.py:188} INFO - [2025-06-25T20:35:28.808-0400] {dagbag.py:545} INFO - Filling up the DagBag from /opt/anaconda3/envs/airflow_env/lib/python3.10/site-packages/airflow/example_dags/example_python_operator.py
[2025-06-25T20:35:28.822-0400] {processor.py:840} INFO - DAG(s) 'example_python_operator' retrieved from /opt/anaconda3/envs/airflow_env/lib/python3.10/site-packages/airflow/example_dags/example_python_operator.py
[2025-06-25T20:35:28.925-0400] {logging_mixin.py:188} INFO - [2025-06-25T20:35:28.925-0400] {dag.py:3096} INFO - Sync 1 DAGs
[2025-06-25T20:35:28.929-0400] {logging_mixin.py:188} INFO - [2025-06-25T20:35:28.929-0400] {dag.py:3954} INFO - Setting next_dagrun for example_python_operator to None, run_after=None
[2025-06-25T20:35:28.937-0400] {processor.py:183} INFO - Processing /opt/anaconda3/envs/airflow_env/lib/python3.10/site-packages/airflow/example_dags/example_python_operator.py took 0.131 seconds
[2025-06-25T20:36:07.653-0400] {processor.py:161} INFO - Started process (PID=64446) to work on /opt/anaconda3/envs/airflow_env/lib/python3.10/site-packages/airflow/example_dags/example_python_operator.py
[2025-06-25T20:36:07.654-0400] {processor.py:830} INFO - Processing file /opt/anaconda3/envs/airflow_env/lib/python3.10/site-packages/airflow/example_dags/example_python_operator.py for tasks to queue
[2025-06-25T20:36:07.654-0400] {logging_mixin.py:188} INFO - [2025-06-25T20:36:07.654-0400] {dagbag.py:545} INFO - Filling up the DagBag from /opt/anaconda3/envs/airflow_env/lib/python3.10/site-packages/airflow/example_dags/example_python_operator.py
[2025-06-25T20:36:07.664-0400] {processor.py:840} INFO - DAG(s) 'example_python_operator' retrieved from /opt/anaconda3/envs/airflow_env/lib/python3.10/site-packages/airflow/example_dags/example_python_operator.py
[2025-06-25T20:36:07.743-0400] {logging_mixin.py:188} INFO - [2025-06-25T20:36:07.743-0400] {dag.py:3096} INFO - Sync 1 DAGs
[2025-06-25T20:36:07.746-0400] {logging_mixin.py:188} INFO - [2025-06-25T20:36:07.746-0400] {dag.py:3954} INFO - Setting next_dagrun for example_python_operator to None, run_after=None
[2025-06-25T20:36:07.752-0400] {processor.py:183} INFO - Processing /opt/anaconda3/envs/airflow_env/lib/python3.10/site-packages/airflow/example_dags/example_python_operator.py took 0.101 seconds
[2025-06-25T20:37:07.828-0400] {processor.py:161} INFO - Started process (PID=64579) to work on /opt/anaconda3/envs/airflow_env/lib/python3.10/site-packages/airflow/example_dags/example_python_operator.py
[2025-06-25T20:37:07.828-0400] {processor.py:830} INFO - Processing file /opt/anaconda3/envs/airflow_env/lib/python3.10/site-packages/airflow/example_dags/example_python_operator.py for tasks to queue
[2025-06-25T20:37:07.829-0400] {logging_mixin.py:188} INFO - [2025-06-25T20:37:07.829-0400] {dagbag.py:545} INFO - Filling up the DagBag from /opt/anaconda3/envs/airflow_env/lib/python3.10/site-packages/airflow/example_dags/example_python_operator.py
[2025-06-25T20:37:07.839-0400] {processor.py:840} INFO - DAG(s) 'example_python_operator' retrieved from /opt/anaconda3/envs/airflow_env/lib/python3.10/site-packages/airflow/example_dags/example_python_operator.py
[2025-06-25T20:37:07.923-0400] {logging_mixin.py:188} INFO - [2025-06-25T20:37:07.923-0400] {dag.py:3096} INFO - Sync 1 DAGs
[2025-06-25T20:37:07.926-0400] {logging_mixin.py:188} INFO - [2025-06-25T20:37:07.926-0400] {dag.py:3954} INFO - Setting next_dagrun for example_python_operator to None, run_after=None
[2025-06-25T20:37:07.933-0400] {processor.py:183} INFO - Processing /opt/anaconda3/envs/airflow_env/lib/python3.10/site-packages/airflow/example_dags/example_python_operator.py took 0.107 seconds
[2025-06-25T20:38:01.392-0400] {processor.py:161} INFO - Started process (PID=64722) to work on /opt/anaconda3/envs/airflow_env/lib/python3.10/site-packages/airflow/example_dags/example_python_operator.py
[2025-06-25T20:38:01.392-0400] {processor.py:830} INFO - Processing file /opt/anaconda3/envs/airflow_env/lib/python3.10/site-packages/airflow/example_dags/example_python_operator.py for tasks to queue
[2025-06-25T20:38:01.393-0400] {logging_mixin.py:188} INFO - [2025-06-25T20:38:01.393-0400] {dagbag.py:545} INFO - Filling up the DagBag from /opt/anaconda3/envs/airflow_env/lib/python3.10/site-packages/airflow/example_dags/example_python_operator.py
[2025-06-25T20:38:01.405-0400] {processor.py:840} INFO - DAG(s) 'example_python_operator' retrieved from /opt/anaconda3/envs/airflow_env/lib/python3.10/site-packages/airflow/example_dags/example_python_operator.py
[2025-06-25T20:38:01.523-0400] {logging_mixin.py:188} INFO - [2025-06-25T20:38:01.523-0400] {dag.py:3096} INFO - Sync 1 DAGs
[2025-06-25T20:38:01.527-0400] {logging_mixin.py:188} INFO - [2025-06-25T20:38:01.527-0400] {dag.py:3954} INFO - Setting next_dagrun for example_python_operator to None, run_after=None
[2025-06-25T20:38:01.535-0400] {processor.py:183} INFO - Processing /opt/anaconda3/envs/airflow_env/lib/python3.10/site-packages/airflow/example_dags/example_python_operator.py took 0.145 seconds
[2025-06-25T20:39:26.198-0400] {processor.py:161} INFO - Started process (PID=64886) to work on /opt/anaconda3/envs/airflow_env/lib/python3.10/site-packages/airflow/example_dags/example_python_operator.py
[2025-06-25T20:39:26.198-0400] {processor.py:830} INFO - Processing file /opt/anaconda3/envs/airflow_env/lib/python3.10/site-packages/airflow/example_dags/example_python_operator.py for tasks to queue
[2025-06-25T20:39:26.199-0400] {logging_mixin.py:188} INFO - [2025-06-25T20:39:26.199-0400] {dagbag.py:545} INFO - Filling up the DagBag from /opt/anaconda3/envs/airflow_env/lib/python3.10/site-packages/airflow/example_dags/example_python_operator.py
[2025-06-25T20:39:26.209-0400] {processor.py:840} INFO - DAG(s) 'example_python_operator' retrieved from /opt/anaconda3/envs/airflow_env/lib/python3.10/site-packages/airflow/example_dags/example_python_operator.py
[2025-06-25T20:39:26.304-0400] {logging_mixin.py:188} INFO - [2025-06-25T20:39:26.303-0400] {dag.py:3096} INFO - Sync 1 DAGs
[2025-06-25T20:39:26.307-0400] {logging_mixin.py:188} INFO - [2025-06-25T20:39:26.307-0400] {dag.py:3954} INFO - Setting next_dagrun for example_python_operator to None, run_after=None
[2025-06-25T20:39:26.313-0400] {processor.py:183} INFO - Processing /opt/anaconda3/envs/airflow_env/lib/python3.10/site-packages/airflow/example_dags/example_python_operator.py took 0.117 seconds
[2025-06-25T20:39:51.294-0400] {processor.py:161} INFO - Started process (PID=64925) to work on /opt/anaconda3/envs/airflow_env/lib/python3.10/site-packages/airflow/example_dags/example_python_operator.py
[2025-06-25T20:39:51.295-0400] {processor.py:830} INFO - Processing file /opt/anaconda3/envs/airflow_env/lib/python3.10/site-packages/airflow/example_dags/example_python_operator.py for tasks to queue
[2025-06-25T20:39:51.295-0400] {logging_mixin.py:188} INFO - [2025-06-25T20:39:51.295-0400] {dagbag.py:545} INFO - Filling up the DagBag from /opt/anaconda3/envs/airflow_env/lib/python3.10/site-packages/airflow/example_dags/example_python_operator.py
[2025-06-25T20:39:51.305-0400] {processor.py:840} INFO - DAG(s) 'example_python_operator' retrieved from /opt/anaconda3/envs/airflow_env/lib/python3.10/site-packages/airflow/example_dags/example_python_operator.py
[2025-06-25T20:39:51.309-0400] {logging_mixin.py:188} INFO - [2025-06-25T20:39:51.309-0400] {dag.py:3096} INFO - Sync 1 DAGs
[2025-06-25T20:39:51.335-0400] {logging_mixin.py:188} INFO - [2025-06-25T20:39:51.335-0400] {dag.py:3954} INFO - Setting next_dagrun for example_python_operator to None, run_after=None
[2025-06-25T20:39:51.342-0400] {processor.py:183} INFO - Processing /opt/anaconda3/envs/airflow_env/lib/python3.10/site-packages/airflow/example_dags/example_python_operator.py took 0.049 seconds
[2025-06-25T20:41:08.184-0400] {processor.py:161} INFO - Started process (PID=65101) to work on /opt/anaconda3/envs/airflow_env/lib/python3.10/site-packages/airflow/example_dags/example_python_operator.py
[2025-06-25T20:41:08.184-0400] {processor.py:830} INFO - Processing file /opt/anaconda3/envs/airflow_env/lib/python3.10/site-packages/airflow/example_dags/example_python_operator.py for tasks to queue
[2025-06-25T20:41:08.185-0400] {logging_mixin.py:188} INFO - [2025-06-25T20:41:08.185-0400] {dagbag.py:545} INFO - Filling up the DagBag from /opt/anaconda3/envs/airflow_env/lib/python3.10/site-packages/airflow/example_dags/example_python_operator.py
[2025-06-25T20:41:08.195-0400] {processor.py:840} INFO - DAG(s) 'example_python_operator' retrieved from /opt/anaconda3/envs/airflow_env/lib/python3.10/site-packages/airflow/example_dags/example_python_operator.py
[2025-06-25T20:41:08.275-0400] {logging_mixin.py:188} INFO - [2025-06-25T20:41:08.275-0400] {dag.py:3096} INFO - Sync 1 DAGs
[2025-06-25T20:41:08.278-0400] {logging_mixin.py:188} INFO - [2025-06-25T20:41:08.278-0400] {dag.py:3954} INFO - Setting next_dagrun for example_python_operator to None, run_after=None
[2025-06-25T20:41:08.285-0400] {processor.py:183} INFO - Processing /opt/anaconda3/envs/airflow_env/lib/python3.10/site-packages/airflow/example_dags/example_python_operator.py took 0.102 seconds
[2025-06-25T20:41:25.469-0400] {processor.py:161} INFO - Started process (PID=65128) to work on /opt/anaconda3/envs/airflow_env/lib/python3.10/site-packages/airflow/example_dags/example_python_operator.py
[2025-06-25T20:41:25.469-0400] {processor.py:830} INFO - Processing file /opt/anaconda3/envs/airflow_env/lib/python3.10/site-packages/airflow/example_dags/example_python_operator.py for tasks to queue
[2025-06-25T20:41:25.470-0400] {logging_mixin.py:188} INFO - [2025-06-25T20:41:25.469-0400] {dagbag.py:545} INFO - Filling up the DagBag from /opt/anaconda3/envs/airflow_env/lib/python3.10/site-packages/airflow/example_dags/example_python_operator.py
[2025-06-25T20:41:25.481-0400] {processor.py:840} INFO - DAG(s) 'example_python_operator' retrieved from /opt/anaconda3/envs/airflow_env/lib/python3.10/site-packages/airflow/example_dags/example_python_operator.py
[2025-06-25T20:41:25.485-0400] {logging_mixin.py:188} INFO - [2025-06-25T20:41:25.485-0400] {dag.py:3096} INFO - Sync 1 DAGs
[2025-06-25T20:41:25.512-0400] {logging_mixin.py:188} INFO - [2025-06-25T20:41:25.512-0400] {dag.py:3954} INFO - Setting next_dagrun for example_python_operator to None, run_after=None
[2025-06-25T20:41:25.519-0400] {processor.py:183} INFO - Processing /opt/anaconda3/envs/airflow_env/lib/python3.10/site-packages/airflow/example_dags/example_python_operator.py took 0.051 seconds
[2025-06-25T20:42:46.528-0400] {processor.py:161} INFO - Started process (PID=65297) to work on /opt/anaconda3/envs/airflow_env/lib/python3.10/site-packages/airflow/example_dags/example_python_operator.py
[2025-06-25T20:42:46.529-0400] {processor.py:830} INFO - Processing file /opt/anaconda3/envs/airflow_env/lib/python3.10/site-packages/airflow/example_dags/example_python_operator.py for tasks to queue
[2025-06-25T20:42:46.529-0400] {logging_mixin.py:188} INFO - [2025-06-25T20:42:46.529-0400] {dagbag.py:545} INFO - Filling up the DagBag from /opt/anaconda3/envs/airflow_env/lib/python3.10/site-packages/airflow/example_dags/example_python_operator.py
[2025-06-25T20:42:46.540-0400] {processor.py:840} INFO - DAG(s) 'example_python_operator' retrieved from /opt/anaconda3/envs/airflow_env/lib/python3.10/site-packages/airflow/example_dags/example_python_operator.py
[2025-06-25T20:42:46.653-0400] {logging_mixin.py:188} INFO - [2025-06-25T20:42:46.652-0400] {dag.py:3096} INFO - Sync 1 DAGs
[2025-06-25T20:42:46.656-0400] {logging_mixin.py:188} INFO - [2025-06-25T20:42:46.655-0400] {dag.py:3954} INFO - Setting next_dagrun for example_python_operator to None, run_after=None
[2025-06-25T20:42:46.662-0400] {processor.py:183} INFO - Processing /opt/anaconda3/envs/airflow_env/lib/python3.10/site-packages/airflow/example_dags/example_python_operator.py took 0.136 seconds
[2025-06-25T20:43:05.619-0400] {processor.py:161} INFO - Started process (PID=65345) to work on /opt/anaconda3/envs/airflow_env/lib/python3.10/site-packages/airflow/example_dags/example_python_operator.py
[2025-06-25T20:43:05.620-0400] {processor.py:830} INFO - Processing file /opt/anaconda3/envs/airflow_env/lib/python3.10/site-packages/airflow/example_dags/example_python_operator.py for tasks to queue
[2025-06-25T20:43:05.620-0400] {logging_mixin.py:188} INFO - [2025-06-25T20:43:05.620-0400] {dagbag.py:545} INFO - Filling up the DagBag from /opt/anaconda3/envs/airflow_env/lib/python3.10/site-packages/airflow/example_dags/example_python_operator.py
[2025-06-25T20:43:05.630-0400] {processor.py:840} INFO - DAG(s) 'example_python_operator' retrieved from /opt/anaconda3/envs/airflow_env/lib/python3.10/site-packages/airflow/example_dags/example_python_operator.py
[2025-06-25T20:43:05.634-0400] {logging_mixin.py:188} INFO - [2025-06-25T20:43:05.634-0400] {dag.py:3096} INFO - Sync 1 DAGs
[2025-06-25T20:43:05.661-0400] {logging_mixin.py:188} INFO - [2025-06-25T20:43:05.661-0400] {dag.py:3954} INFO - Setting next_dagrun for example_python_operator to None, run_after=None
[2025-06-25T20:43:05.667-0400] {processor.py:183} INFO - Processing /opt/anaconda3/envs/airflow_env/lib/python3.10/site-packages/airflow/example_dags/example_python_operator.py took 0.050 seconds
[2025-06-25T20:44:24.136-0400] {processor.py:161} INFO - Started process (PID=65555) to work on /opt/anaconda3/envs/airflow_env/lib/python3.10/site-packages/airflow/example_dags/example_python_operator.py
[2025-06-25T20:44:24.137-0400] {processor.py:830} INFO - Processing file /opt/anaconda3/envs/airflow_env/lib/python3.10/site-packages/airflow/example_dags/example_python_operator.py for tasks to queue
[2025-06-25T20:44:24.137-0400] {logging_mixin.py:188} INFO - [2025-06-25T20:44:24.137-0400] {dagbag.py:545} INFO - Filling up the DagBag from /opt/anaconda3/envs/airflow_env/lib/python3.10/site-packages/airflow/example_dags/example_python_operator.py
[2025-06-25T20:44:24.147-0400] {processor.py:840} INFO - DAG(s) 'example_python_operator' retrieved from /opt/anaconda3/envs/airflow_env/lib/python3.10/site-packages/airflow/example_dags/example_python_operator.py
[2025-06-25T20:44:24.229-0400] {logging_mixin.py:188} INFO - [2025-06-25T20:44:24.229-0400] {dag.py:3096} INFO - Sync 1 DAGs
[2025-06-25T20:44:24.232-0400] {logging_mixin.py:188} INFO - [2025-06-25T20:44:24.232-0400] {dag.py:3954} INFO - Setting next_dagrun for example_python_operator to None, run_after=None
[2025-06-25T20:44:24.239-0400] {processor.py:183} INFO - Processing /opt/anaconda3/envs/airflow_env/lib/python3.10/site-packages/airflow/example_dags/example_python_operator.py took 0.105 seconds
[2025-06-25T20:44:43.896-0400] {processor.py:161} INFO - Started process (PID=65606) to work on /opt/anaconda3/envs/airflow_env/lib/python3.10/site-packages/airflow/example_dags/example_python_operator.py
[2025-06-25T20:44:43.896-0400] {processor.py:830} INFO - Processing file /opt/anaconda3/envs/airflow_env/lib/python3.10/site-packages/airflow/example_dags/example_python_operator.py for tasks to queue
[2025-06-25T20:44:43.897-0400] {logging_mixin.py:188} INFO - [2025-06-25T20:44:43.897-0400] {dagbag.py:545} INFO - Filling up the DagBag from /opt/anaconda3/envs/airflow_env/lib/python3.10/site-packages/airflow/example_dags/example_python_operator.py
[2025-06-25T20:44:43.907-0400] {processor.py:840} INFO - DAG(s) 'example_python_operator' retrieved from /opt/anaconda3/envs/airflow_env/lib/python3.10/site-packages/airflow/example_dags/example_python_operator.py
[2025-06-25T20:44:43.911-0400] {logging_mixin.py:188} INFO - [2025-06-25T20:44:43.911-0400] {dag.py:3096} INFO - Sync 1 DAGs
[2025-06-25T20:44:43.938-0400] {logging_mixin.py:188} INFO - [2025-06-25T20:44:43.938-0400] {dag.py:3954} INFO - Setting next_dagrun for example_python_operator to None, run_after=None
[2025-06-25T20:44:43.944-0400] {processor.py:183} INFO - Processing /opt/anaconda3/envs/airflow_env/lib/python3.10/site-packages/airflow/example_dags/example_python_operator.py took 0.051 seconds
[2025-06-25T20:46:31.961-0400] {processor.py:161} INFO - Started process (PID=65853) to work on /opt/anaconda3/envs/airflow_env/lib/python3.10/site-packages/airflow/example_dags/example_python_operator.py
[2025-06-25T20:46:31.962-0400] {processor.py:830} INFO - Processing file /opt/anaconda3/envs/airflow_env/lib/python3.10/site-packages/airflow/example_dags/example_python_operator.py for tasks to queue
[2025-06-25T20:46:31.962-0400] {logging_mixin.py:188} INFO - [2025-06-25T20:46:31.962-0400] {dagbag.py:545} INFO - Filling up the DagBag from /opt/anaconda3/envs/airflow_env/lib/python3.10/site-packages/airflow/example_dags/example_python_operator.py
[2025-06-25T20:46:31.975-0400] {processor.py:840} INFO - DAG(s) 'example_python_operator' retrieved from /opt/anaconda3/envs/airflow_env/lib/python3.10/site-packages/airflow/example_dags/example_python_operator.py
[2025-06-25T20:46:32.076-0400] {logging_mixin.py:188} INFO - [2025-06-25T20:46:32.076-0400] {dag.py:3096} INFO - Sync 1 DAGs
[2025-06-25T20:46:32.079-0400] {logging_mixin.py:188} INFO - [2025-06-25T20:46:32.079-0400] {dag.py:3954} INFO - Setting next_dagrun for example_python_operator to None, run_after=None
[2025-06-25T20:46:32.086-0400] {processor.py:183} INFO - Processing /opt/anaconda3/envs/airflow_env/lib/python3.10/site-packages/airflow/example_dags/example_python_operator.py took 0.127 seconds
[2025-06-25T20:46:40.951-0400] {processor.py:161} INFO - Started process (PID=65867) to work on /opt/anaconda3/envs/airflow_env/lib/python3.10/site-packages/airflow/example_dags/example_python_operator.py
[2025-06-25T20:46:40.952-0400] {processor.py:830} INFO - Processing file /opt/anaconda3/envs/airflow_env/lib/python3.10/site-packages/airflow/example_dags/example_python_operator.py for tasks to queue
[2025-06-25T20:46:40.952-0400] {logging_mixin.py:188} INFO - [2025-06-25T20:46:40.952-0400] {dagbag.py:545} INFO - Filling up the DagBag from /opt/anaconda3/envs/airflow_env/lib/python3.10/site-packages/airflow/example_dags/example_python_operator.py
[2025-06-25T20:46:40.965-0400] {processor.py:840} INFO - DAG(s) 'example_python_operator' retrieved from /opt/anaconda3/envs/airflow_env/lib/python3.10/site-packages/airflow/example_dags/example_python_operator.py
[2025-06-25T20:46:40.969-0400] {logging_mixin.py:188} INFO - [2025-06-25T20:46:40.969-0400] {dag.py:3096} INFO - Sync 1 DAGs
[2025-06-25T20:46:41.000-0400] {logging_mixin.py:188} INFO - [2025-06-25T20:46:41.000-0400] {dag.py:3954} INFO - Setting next_dagrun for example_python_operator to None, run_after=None
[2025-06-25T20:46:41.007-0400] {processor.py:183} INFO - Processing /opt/anaconda3/envs/airflow_env/lib/python3.10/site-packages/airflow/example_dags/example_python_operator.py took 0.058 seconds
[2025-06-25T20:48:21.034-0400] {processor.py:161} INFO - Started process (PID=66109) to work on /opt/anaconda3/envs/airflow_env/lib/python3.10/site-packages/airflow/example_dags/example_python_operator.py
[2025-06-25T20:48:21.034-0400] {processor.py:830} INFO - Processing file /opt/anaconda3/envs/airflow_env/lib/python3.10/site-packages/airflow/example_dags/example_python_operator.py for tasks to queue
[2025-06-25T20:48:21.035-0400] {logging_mixin.py:188} INFO - [2025-06-25T20:48:21.035-0400] {dagbag.py:545} INFO - Filling up the DagBag from /opt/anaconda3/envs/airflow_env/lib/python3.10/site-packages/airflow/example_dags/example_python_operator.py
[2025-06-25T20:48:21.046-0400] {processor.py:840} INFO - DAG(s) 'example_python_operator' retrieved from /opt/anaconda3/envs/airflow_env/lib/python3.10/site-packages/airflow/example_dags/example_python_operator.py
[2025-06-25T20:48:21.136-0400] {logging_mixin.py:188} INFO - [2025-06-25T20:48:21.136-0400] {dag.py:3096} INFO - Sync 1 DAGs
[2025-06-25T20:48:21.140-0400] {logging_mixin.py:188} INFO - [2025-06-25T20:48:21.140-0400] {dag.py:3954} INFO - Setting next_dagrun for example_python_operator to None, run_after=None
[2025-06-25T20:48:21.147-0400] {processor.py:183} INFO - Processing /opt/anaconda3/envs/airflow_env/lib/python3.10/site-packages/airflow/example_dags/example_python_operator.py took 0.115 seconds
[2025-06-25T20:48:29.185-0400] {processor.py:161} INFO - Started process (PID=66129) to work on /opt/anaconda3/envs/airflow_env/lib/python3.10/site-packages/airflow/example_dags/example_python_operator.py
[2025-06-25T20:48:29.186-0400] {processor.py:830} INFO - Processing file /opt/anaconda3/envs/airflow_env/lib/python3.10/site-packages/airflow/example_dags/example_python_operator.py for tasks to queue
[2025-06-25T20:48:29.186-0400] {logging_mixin.py:188} INFO - [2025-06-25T20:48:29.186-0400] {dagbag.py:545} INFO - Filling up the DagBag from /opt/anaconda3/envs/airflow_env/lib/python3.10/site-packages/airflow/example_dags/example_python_operator.py
[2025-06-25T20:48:29.197-0400] {processor.py:840} INFO - DAG(s) 'example_python_operator' retrieved from /opt/anaconda3/envs/airflow_env/lib/python3.10/site-packages/airflow/example_dags/example_python_operator.py
[2025-06-25T20:48:29.202-0400] {logging_mixin.py:188} INFO - [2025-06-25T20:48:29.202-0400] {dag.py:3096} INFO - Sync 1 DAGs
[2025-06-25T20:48:29.231-0400] {logging_mixin.py:188} INFO - [2025-06-25T20:48:29.231-0400] {dag.py:3954} INFO - Setting next_dagrun for example_python_operator to None, run_after=None
[2025-06-25T20:48:29.238-0400] {processor.py:183} INFO - Processing /opt/anaconda3/envs/airflow_env/lib/python3.10/site-packages/airflow/example_dags/example_python_operator.py took 0.055 seconds
[2025-06-25T20:50:35.883-0400] {processor.py:161} INFO - Started process (PID=66410) to work on /opt/anaconda3/envs/airflow_env/lib/python3.10/site-packages/airflow/example_dags/example_python_operator.py
[2025-06-25T20:50:35.883-0400] {processor.py:830} INFO - Processing file /opt/anaconda3/envs/airflow_env/lib/python3.10/site-packages/airflow/example_dags/example_python_operator.py for tasks to queue
[2025-06-25T20:50:35.884-0400] {logging_mixin.py:188} INFO - [2025-06-25T20:50:35.884-0400] {dagbag.py:545} INFO - Filling up the DagBag from /opt/anaconda3/envs/airflow_env/lib/python3.10/site-packages/airflow/example_dags/example_python_operator.py
[2025-06-25T20:50:35.894-0400] {processor.py:840} INFO - DAG(s) 'example_python_operator' retrieved from /opt/anaconda3/envs/airflow_env/lib/python3.10/site-packages/airflow/example_dags/example_python_operator.py
[2025-06-25T20:50:35.973-0400] {logging_mixin.py:188} INFO - [2025-06-25T20:50:35.973-0400] {dag.py:3096} INFO - Sync 1 DAGs
[2025-06-25T20:50:35.976-0400] {logging_mixin.py:188} INFO - [2025-06-25T20:50:35.976-0400] {dag.py:3954} INFO - Setting next_dagrun for example_python_operator to None, run_after=None
[2025-06-25T20:50:35.983-0400] {processor.py:183} INFO - Processing /opt/anaconda3/envs/airflow_env/lib/python3.10/site-packages/airflow/example_dags/example_python_operator.py took 0.102 seconds
[2025-06-25T20:50:40.594-0400] {processor.py:161} INFO - Started process (PID=66419) to work on /opt/anaconda3/envs/airflow_env/lib/python3.10/site-packages/airflow/example_dags/example_python_operator.py
[2025-06-25T20:50:40.594-0400] {processor.py:830} INFO - Processing file /opt/anaconda3/envs/airflow_env/lib/python3.10/site-packages/airflow/example_dags/example_python_operator.py for tasks to queue
[2025-06-25T20:50:40.594-0400] {logging_mixin.py:188} INFO - [2025-06-25T20:50:40.594-0400] {dagbag.py:545} INFO - Filling up the DagBag from /opt/anaconda3/envs/airflow_env/lib/python3.10/site-packages/airflow/example_dags/example_python_operator.py
[2025-06-25T20:50:40.604-0400] {processor.py:840} INFO - DAG(s) 'example_python_operator' retrieved from /opt/anaconda3/envs/airflow_env/lib/python3.10/site-packages/airflow/example_dags/example_python_operator.py
[2025-06-25T20:50:40.608-0400] {logging_mixin.py:188} INFO - [2025-06-25T20:50:40.608-0400] {dag.py:3096} INFO - Sync 1 DAGs
[2025-06-25T20:50:40.635-0400] {logging_mixin.py:188} INFO - [2025-06-25T20:50:40.634-0400] {dag.py:3954} INFO - Setting next_dagrun for example_python_operator to None, run_after=None
[2025-06-25T20:50:40.641-0400] {processor.py:183} INFO - Processing /opt/anaconda3/envs/airflow_env/lib/python3.10/site-packages/airflow/example_dags/example_python_operator.py took 0.049 seconds
[2025-06-25T20:52:43.295-0400] {processor.py:161} INFO - Started process (PID=66683) to work on /opt/anaconda3/envs/airflow_env/lib/python3.10/site-packages/airflow/example_dags/example_python_operator.py
[2025-06-25T20:52:43.295-0400] {processor.py:830} INFO - Processing file /opt/anaconda3/envs/airflow_env/lib/python3.10/site-packages/airflow/example_dags/example_python_operator.py for tasks to queue
[2025-06-25T20:52:43.295-0400] {logging_mixin.py:188} INFO - [2025-06-25T20:52:43.295-0400] {dagbag.py:545} INFO - Filling up the DagBag from /opt/anaconda3/envs/airflow_env/lib/python3.10/site-packages/airflow/example_dags/example_python_operator.py
[2025-06-25T20:52:43.306-0400] {processor.py:840} INFO - DAG(s) 'example_python_operator' retrieved from /opt/anaconda3/envs/airflow_env/lib/python3.10/site-packages/airflow/example_dags/example_python_operator.py
[2025-06-25T20:52:43.399-0400] {logging_mixin.py:188} INFO - [2025-06-25T20:52:43.399-0400] {dag.py:3096} INFO - Sync 1 DAGs
[2025-06-25T20:52:43.403-0400] {logging_mixin.py:188} INFO - [2025-06-25T20:52:43.403-0400] {dag.py:3954} INFO - Setting next_dagrun for example_python_operator to None, run_after=None
[2025-06-25T20:52:43.410-0400] {processor.py:183} INFO - Processing /opt/anaconda3/envs/airflow_env/lib/python3.10/site-packages/airflow/example_dags/example_python_operator.py took 0.117 seconds
[2025-06-25T20:52:50.726-0400] {processor.py:161} INFO - Started process (PID=66699) to work on /opt/anaconda3/envs/airflow_env/lib/python3.10/site-packages/airflow/example_dags/example_python_operator.py
[2025-06-25T20:52:50.726-0400] {processor.py:830} INFO - Processing file /opt/anaconda3/envs/airflow_env/lib/python3.10/site-packages/airflow/example_dags/example_python_operator.py for tasks to queue
[2025-06-25T20:52:50.726-0400] {logging_mixin.py:188} INFO - [2025-06-25T20:52:50.726-0400] {dagbag.py:545} INFO - Filling up the DagBag from /opt/anaconda3/envs/airflow_env/lib/python3.10/site-packages/airflow/example_dags/example_python_operator.py
[2025-06-25T20:52:50.737-0400] {processor.py:840} INFO - DAG(s) 'example_python_operator' retrieved from /opt/anaconda3/envs/airflow_env/lib/python3.10/site-packages/airflow/example_dags/example_python_operator.py
[2025-06-25T20:52:50.741-0400] {logging_mixin.py:188} INFO - [2025-06-25T20:52:50.741-0400] {dag.py:3096} INFO - Sync 1 DAGs
[2025-06-25T20:52:50.768-0400] {logging_mixin.py:188} INFO - [2025-06-25T20:52:50.768-0400] {dag.py:3954} INFO - Setting next_dagrun for example_python_operator to None, run_after=None
[2025-06-25T20:52:50.774-0400] {processor.py:183} INFO - Processing /opt/anaconda3/envs/airflow_env/lib/python3.10/site-packages/airflow/example_dags/example_python_operator.py took 0.050 seconds
[2025-06-25T20:54:48.610-0400] {processor.py:161} INFO - Started process (PID=66968) to work on /opt/anaconda3/envs/airflow_env/lib/python3.10/site-packages/airflow/example_dags/example_python_operator.py
[2025-06-25T20:54:48.611-0400] {processor.py:830} INFO - Processing file /opt/anaconda3/envs/airflow_env/lib/python3.10/site-packages/airflow/example_dags/example_python_operator.py for tasks to queue
[2025-06-25T20:54:48.612-0400] {logging_mixin.py:188} INFO - [2025-06-25T20:54:48.611-0400] {dagbag.py:545} INFO - Filling up the DagBag from /opt/anaconda3/envs/airflow_env/lib/python3.10/site-packages/airflow/example_dags/example_python_operator.py
[2025-06-25T20:54:48.622-0400] {processor.py:840} INFO - DAG(s) 'example_python_operator' retrieved from /opt/anaconda3/envs/airflow_env/lib/python3.10/site-packages/airflow/example_dags/example_python_operator.py
[2025-06-25T20:54:48.702-0400] {logging_mixin.py:188} INFO - [2025-06-25T20:54:48.701-0400] {dag.py:3096} INFO - Sync 1 DAGs
[2025-06-25T20:54:48.705-0400] {logging_mixin.py:188} INFO - [2025-06-25T20:54:48.704-0400] {dag.py:3954} INFO - Setting next_dagrun for example_python_operator to None, run_after=None
[2025-06-25T20:54:48.711-0400] {processor.py:183} INFO - Processing /opt/anaconda3/envs/airflow_env/lib/python3.10/site-packages/airflow/example_dags/example_python_operator.py took 0.102 seconds
[2025-06-25T20:55:12.506-0400] {processor.py:161} INFO - Started process (PID=67032) to work on /opt/anaconda3/envs/airflow_env/lib/python3.10/site-packages/airflow/example_dags/example_python_operator.py
[2025-06-25T20:55:12.507-0400] {processor.py:830} INFO - Processing file /opt/anaconda3/envs/airflow_env/lib/python3.10/site-packages/airflow/example_dags/example_python_operator.py for tasks to queue
[2025-06-25T20:55:12.507-0400] {logging_mixin.py:188} INFO - [2025-06-25T20:55:12.507-0400] {dagbag.py:545} INFO - Filling up the DagBag from /opt/anaconda3/envs/airflow_env/lib/python3.10/site-packages/airflow/example_dags/example_python_operator.py
[2025-06-25T20:55:12.519-0400] {processor.py:840} INFO - DAG(s) 'example_python_operator' retrieved from /opt/anaconda3/envs/airflow_env/lib/python3.10/site-packages/airflow/example_dags/example_python_operator.py
[2025-06-25T20:55:12.523-0400] {logging_mixin.py:188} INFO - [2025-06-25T20:55:12.523-0400] {dag.py:3096} INFO - Sync 1 DAGs
[2025-06-25T20:55:12.553-0400] {logging_mixin.py:188} INFO - [2025-06-25T20:55:12.553-0400] {dag.py:3954} INFO - Setting next_dagrun for example_python_operator to None, run_after=None
[2025-06-25T20:55:12.560-0400] {processor.py:183} INFO - Processing /opt/anaconda3/envs/airflow_env/lib/python3.10/site-packages/airflow/example_dags/example_python_operator.py took 0.055 seconds
[2025-06-25T20:56:27.129-0400] {processor.py:161} INFO - Started process (PID=67167) to work on /opt/anaconda3/envs/airflow_env/lib/python3.10/site-packages/airflow/example_dags/example_python_operator.py
[2025-06-25T20:56:27.129-0400] {processor.py:830} INFO - Processing file /opt/anaconda3/envs/airflow_env/lib/python3.10/site-packages/airflow/example_dags/example_python_operator.py for tasks to queue
[2025-06-25T20:56:27.129-0400] {logging_mixin.py:188} INFO - [2025-06-25T20:56:27.129-0400] {dagbag.py:545} INFO - Filling up the DagBag from /opt/anaconda3/envs/airflow_env/lib/python3.10/site-packages/airflow/example_dags/example_python_operator.py
[2025-06-25T20:56:27.140-0400] {processor.py:840} INFO - DAG(s) 'example_python_operator' retrieved from /opt/anaconda3/envs/airflow_env/lib/python3.10/site-packages/airflow/example_dags/example_python_operator.py
[2025-06-25T20:56:27.222-0400] {logging_mixin.py:188} INFO - [2025-06-25T20:56:27.221-0400] {dag.py:3096} INFO - Sync 1 DAGs
[2025-06-25T20:56:27.225-0400] {logging_mixin.py:188} INFO - [2025-06-25T20:56:27.224-0400] {dag.py:3954} INFO - Setting next_dagrun for example_python_operator to None, run_after=None
[2025-06-25T20:56:27.232-0400] {processor.py:183} INFO - Processing /opt/anaconda3/envs/airflow_env/lib/python3.10/site-packages/airflow/example_dags/example_python_operator.py took 0.105 seconds
[2025-06-25T20:56:51.682-0400] {processor.py:161} INFO - Started process (PID=67210) to work on /opt/anaconda3/envs/airflow_env/lib/python3.10/site-packages/airflow/example_dags/example_python_operator.py
[2025-06-25T20:56:51.683-0400] {processor.py:830} INFO - Processing file /opt/anaconda3/envs/airflow_env/lib/python3.10/site-packages/airflow/example_dags/example_python_operator.py for tasks to queue
[2025-06-25T20:56:51.683-0400] {logging_mixin.py:188} INFO - [2025-06-25T20:56:51.683-0400] {dagbag.py:545} INFO - Filling up the DagBag from /opt/anaconda3/envs/airflow_env/lib/python3.10/site-packages/airflow/example_dags/example_python_operator.py
[2025-06-25T20:56:51.694-0400] {processor.py:840} INFO - DAG(s) 'example_python_operator' retrieved from /opt/anaconda3/envs/airflow_env/lib/python3.10/site-packages/airflow/example_dags/example_python_operator.py
[2025-06-25T20:56:51.697-0400] {logging_mixin.py:188} INFO - [2025-06-25T20:56:51.697-0400] {dag.py:3096} INFO - Sync 1 DAGs
[2025-06-25T20:56:51.724-0400] {logging_mixin.py:188} INFO - [2025-06-25T20:56:51.724-0400] {dag.py:3954} INFO - Setting next_dagrun for example_python_operator to None, run_after=None
[2025-06-25T20:56:51.730-0400] {processor.py:183} INFO - Processing /opt/anaconda3/envs/airflow_env/lib/python3.10/site-packages/airflow/example_dags/example_python_operator.py took 0.050 seconds
[2025-06-25T20:58:01.694-0400] {processor.py:161} INFO - Started process (PID=67354) to work on /opt/anaconda3/envs/airflow_env/lib/python3.10/site-packages/airflow/example_dags/example_python_operator.py
[2025-06-25T20:58:01.695-0400] {processor.py:830} INFO - Processing file /opt/anaconda3/envs/airflow_env/lib/python3.10/site-packages/airflow/example_dags/example_python_operator.py for tasks to queue
[2025-06-25T20:58:01.695-0400] {logging_mixin.py:188} INFO - [2025-06-25T20:58:01.695-0400] {dagbag.py:545} INFO - Filling up the DagBag from /opt/anaconda3/envs/airflow_env/lib/python3.10/site-packages/airflow/example_dags/example_python_operator.py
[2025-06-25T20:58:01.705-0400] {processor.py:840} INFO - DAG(s) 'example_python_operator' retrieved from /opt/anaconda3/envs/airflow_env/lib/python3.10/site-packages/airflow/example_dags/example_python_operator.py
[2025-06-25T20:58:01.784-0400] {logging_mixin.py:188} INFO - [2025-06-25T20:58:01.784-0400] {dag.py:3096} INFO - Sync 1 DAGs
[2025-06-25T20:58:01.787-0400] {logging_mixin.py:188} INFO - [2025-06-25T20:58:01.787-0400] {dag.py:3954} INFO - Setting next_dagrun for example_python_operator to None, run_after=None
[2025-06-25T20:58:01.793-0400] {processor.py:183} INFO - Processing /opt/anaconda3/envs/airflow_env/lib/python3.10/site-packages/airflow/example_dags/example_python_operator.py took 0.101 seconds
[2025-06-25T20:58:28.371-0400] {processor.py:161} INFO - Started process (PID=67399) to work on /opt/anaconda3/envs/airflow_env/lib/python3.10/site-packages/airflow/example_dags/example_python_operator.py
[2025-06-25T20:58:28.372-0400] {processor.py:830} INFO - Processing file /opt/anaconda3/envs/airflow_env/lib/python3.10/site-packages/airflow/example_dags/example_python_operator.py for tasks to queue
[2025-06-25T20:58:28.372-0400] {logging_mixin.py:188} INFO - [2025-06-25T20:58:28.372-0400] {dagbag.py:545} INFO - Filling up the DagBag from /opt/anaconda3/envs/airflow_env/lib/python3.10/site-packages/airflow/example_dags/example_python_operator.py
[2025-06-25T20:58:28.383-0400] {processor.py:840} INFO - DAG(s) 'example_python_operator' retrieved from /opt/anaconda3/envs/airflow_env/lib/python3.10/site-packages/airflow/example_dags/example_python_operator.py
[2025-06-25T20:58:28.387-0400] {logging_mixin.py:188} INFO - [2025-06-25T20:58:28.387-0400] {dag.py:3096} INFO - Sync 1 DAGs
[2025-06-25T20:58:28.413-0400] {logging_mixin.py:188} INFO - [2025-06-25T20:58:28.413-0400] {dag.py:3954} INFO - Setting next_dagrun for example_python_operator to None, run_after=None
[2025-06-25T20:58:28.419-0400] {processor.py:183} INFO - Processing /opt/anaconda3/envs/airflow_env/lib/python3.10/site-packages/airflow/example_dags/example_python_operator.py took 0.049 seconds
[2025-06-25T20:59:41.207-0400] {processor.py:161} INFO - Started process (PID=67539) to work on /opt/anaconda3/envs/airflow_env/lib/python3.10/site-packages/airflow/example_dags/example_python_operator.py
[2025-06-25T20:59:41.208-0400] {processor.py:830} INFO - Processing file /opt/anaconda3/envs/airflow_env/lib/python3.10/site-packages/airflow/example_dags/example_python_operator.py for tasks to queue
[2025-06-25T20:59:41.208-0400] {logging_mixin.py:188} INFO - [2025-06-25T20:59:41.208-0400] {dagbag.py:545} INFO - Filling up the DagBag from /opt/anaconda3/envs/airflow_env/lib/python3.10/site-packages/airflow/example_dags/example_python_operator.py
[2025-06-25T20:59:41.219-0400] {processor.py:840} INFO - DAG(s) 'example_python_operator' retrieved from /opt/anaconda3/envs/airflow_env/lib/python3.10/site-packages/airflow/example_dags/example_python_operator.py
[2025-06-25T20:59:41.299-0400] {logging_mixin.py:188} INFO - [2025-06-25T20:59:41.299-0400] {dag.py:3096} INFO - Sync 1 DAGs
[2025-06-25T20:59:41.302-0400] {logging_mixin.py:188} INFO - [2025-06-25T20:59:41.302-0400] {dag.py:3954} INFO - Setting next_dagrun for example_python_operator to None, run_after=None
[2025-06-25T20:59:41.308-0400] {processor.py:183} INFO - Processing /opt/anaconda3/envs/airflow_env/lib/python3.10/site-packages/airflow/example_dags/example_python_operator.py took 0.104 seconds
[2025-06-25T21:00:07.077-0400] {processor.py:161} INFO - Started process (PID=67586) to work on /opt/anaconda3/envs/airflow_env/lib/python3.10/site-packages/airflow/example_dags/example_python_operator.py
[2025-06-25T21:00:07.078-0400] {processor.py:830} INFO - Processing file /opt/anaconda3/envs/airflow_env/lib/python3.10/site-packages/airflow/example_dags/example_python_operator.py for tasks to queue
[2025-06-25T21:00:07.078-0400] {logging_mixin.py:188} INFO - [2025-06-25T21:00:07.078-0400] {dagbag.py:545} INFO - Filling up the DagBag from /opt/anaconda3/envs/airflow_env/lib/python3.10/site-packages/airflow/example_dags/example_python_operator.py
[2025-06-25T21:00:07.089-0400] {processor.py:840} INFO - DAG(s) 'example_python_operator' retrieved from /opt/anaconda3/envs/airflow_env/lib/python3.10/site-packages/airflow/example_dags/example_python_operator.py
[2025-06-25T21:00:07.093-0400] {logging_mixin.py:188} INFO - [2025-06-25T21:00:07.093-0400] {dag.py:3096} INFO - Sync 1 DAGs
[2025-06-25T21:00:07.120-0400] {logging_mixin.py:188} INFO - [2025-06-25T21:00:07.120-0400] {dag.py:3954} INFO - Setting next_dagrun for example_python_operator to None, run_after=None
[2025-06-25T21:00:07.126-0400] {processor.py:183} INFO - Processing /opt/anaconda3/envs/airflow_env/lib/python3.10/site-packages/airflow/example_dags/example_python_operator.py took 0.051 seconds
[2025-06-25T21:01:17.616-0400] {processor.py:161} INFO - Started process (PID=67701) to work on /opt/anaconda3/envs/airflow_env/lib/python3.10/site-packages/airflow/example_dags/example_python_operator.py
[2025-06-25T21:01:17.617-0400] {processor.py:830} INFO - Processing file /opt/anaconda3/envs/airflow_env/lib/python3.10/site-packages/airflow/example_dags/example_python_operator.py for tasks to queue
[2025-06-25T21:01:17.617-0400] {logging_mixin.py:188} INFO - [2025-06-25T21:01:17.617-0400] {dagbag.py:545} INFO - Filling up the DagBag from /opt/anaconda3/envs/airflow_env/lib/python3.10/site-packages/airflow/example_dags/example_python_operator.py
[2025-06-25T21:01:17.629-0400] {processor.py:840} INFO - DAG(s) 'example_python_operator' retrieved from /opt/anaconda3/envs/airflow_env/lib/python3.10/site-packages/airflow/example_dags/example_python_operator.py
[2025-06-25T21:01:17.720-0400] {logging_mixin.py:188} INFO - [2025-06-25T21:01:17.720-0400] {dag.py:3096} INFO - Sync 1 DAGs
[2025-06-25T21:01:17.723-0400] {logging_mixin.py:188} INFO - [2025-06-25T21:01:17.723-0400] {dag.py:3954} INFO - Setting next_dagrun for example_python_operator to None, run_after=None
[2025-06-25T21:01:17.730-0400] {processor.py:183} INFO - Processing /opt/anaconda3/envs/airflow_env/lib/python3.10/site-packages/airflow/example_dags/example_python_operator.py took 0.115 seconds
[2025-06-25T21:01:34.366-0400] {processor.py:161} INFO - Started process (PID=67725) to work on /opt/anaconda3/envs/airflow_env/lib/python3.10/site-packages/airflow/example_dags/example_python_operator.py
[2025-06-25T21:01:34.367-0400] {processor.py:830} INFO - Processing file /opt/anaconda3/envs/airflow_env/lib/python3.10/site-packages/airflow/example_dags/example_python_operator.py for tasks to queue
[2025-06-25T21:01:34.367-0400] {logging_mixin.py:188} INFO - [2025-06-25T21:01:34.367-0400] {dagbag.py:545} INFO - Filling up the DagBag from /opt/anaconda3/envs/airflow_env/lib/python3.10/site-packages/airflow/example_dags/example_python_operator.py
[2025-06-25T21:01:34.377-0400] {processor.py:840} INFO - DAG(s) 'example_python_operator' retrieved from /opt/anaconda3/envs/airflow_env/lib/python3.10/site-packages/airflow/example_dags/example_python_operator.py
[2025-06-25T21:01:34.381-0400] {logging_mixin.py:188} INFO - [2025-06-25T21:01:34.381-0400] {dag.py:3096} INFO - Sync 1 DAGs
[2025-06-25T21:01:34.408-0400] {logging_mixin.py:188} INFO - [2025-06-25T21:01:34.408-0400] {dag.py:3954} INFO - Setting next_dagrun for example_python_operator to None, run_after=None
[2025-06-25T21:01:34.414-0400] {processor.py:183} INFO - Processing /opt/anaconda3/envs/airflow_env/lib/python3.10/site-packages/airflow/example_dags/example_python_operator.py took 0.049 seconds
[2025-06-25T21:02:50.438-0400] {processor.py:161} INFO - Started process (PID=67837) to work on /opt/anaconda3/envs/airflow_env/lib/python3.10/site-packages/airflow/example_dags/example_python_operator.py
[2025-06-25T21:02:50.440-0400] {processor.py:830} INFO - Processing file /opt/anaconda3/envs/airflow_env/lib/python3.10/site-packages/airflow/example_dags/example_python_operator.py for tasks to queue
[2025-06-25T21:02:50.440-0400] {logging_mixin.py:188} INFO - [2025-06-25T21:02:50.440-0400] {dagbag.py:545} INFO - Filling up the DagBag from /opt/anaconda3/envs/airflow_env/lib/python3.10/site-packages/airflow/example_dags/example_python_operator.py
[2025-06-25T21:02:50.450-0400] {processor.py:840} INFO - DAG(s) 'example_python_operator' retrieved from /opt/anaconda3/envs/airflow_env/lib/python3.10/site-packages/airflow/example_dags/example_python_operator.py
[2025-06-25T21:02:50.537-0400] {logging_mixin.py:188} INFO - [2025-06-25T21:02:50.537-0400] {dag.py:3096} INFO - Sync 1 DAGs
[2025-06-25T21:02:50.540-0400] {logging_mixin.py:188} INFO - [2025-06-25T21:02:50.540-0400] {dag.py:3954} INFO - Setting next_dagrun for example_python_operator to None, run_after=None
[2025-06-25T21:02:50.547-0400] {processor.py:183} INFO - Processing /opt/anaconda3/envs/airflow_env/lib/python3.10/site-packages/airflow/example_dags/example_python_operator.py took 0.111 seconds
[2025-06-25T21:03:06.435-0400] {processor.py:161} INFO - Started process (PID=67859) to work on /opt/anaconda3/envs/airflow_env/lib/python3.10/site-packages/airflow/example_dags/example_python_operator.py
[2025-06-25T21:03:06.436-0400] {processor.py:830} INFO - Processing file /opt/anaconda3/envs/airflow_env/lib/python3.10/site-packages/airflow/example_dags/example_python_operator.py for tasks to queue
[2025-06-25T21:03:06.436-0400] {logging_mixin.py:188} INFO - [2025-06-25T21:03:06.436-0400] {dagbag.py:545} INFO - Filling up the DagBag from /opt/anaconda3/envs/airflow_env/lib/python3.10/site-packages/airflow/example_dags/example_python_operator.py
[2025-06-25T21:03:06.446-0400] {processor.py:840} INFO - DAG(s) 'example_python_operator' retrieved from /opt/anaconda3/envs/airflow_env/lib/python3.10/site-packages/airflow/example_dags/example_python_operator.py
[2025-06-25T21:03:06.450-0400] {logging_mixin.py:188} INFO - [2025-06-25T21:03:06.450-0400] {dag.py:3096} INFO - Sync 1 DAGs
[2025-06-25T21:03:06.478-0400] {logging_mixin.py:188} INFO - [2025-06-25T21:03:06.478-0400] {dag.py:3954} INFO - Setting next_dagrun for example_python_operator to None, run_after=None
[2025-06-25T21:03:06.485-0400] {processor.py:183} INFO - Processing /opt/anaconda3/envs/airflow_env/lib/python3.10/site-packages/airflow/example_dags/example_python_operator.py took 0.051 seconds
[2025-06-25T21:04:25.149-0400] {processor.py:161} INFO - Started process (PID=67988) to work on /opt/anaconda3/envs/airflow_env/lib/python3.10/site-packages/airflow/example_dags/example_python_operator.py
[2025-06-25T21:04:25.150-0400] {processor.py:830} INFO - Processing file /opt/anaconda3/envs/airflow_env/lib/python3.10/site-packages/airflow/example_dags/example_python_operator.py for tasks to queue
[2025-06-25T21:04:25.151-0400] {logging_mixin.py:188} INFO - [2025-06-25T21:04:25.151-0400] {dagbag.py:545} INFO - Filling up the DagBag from /opt/anaconda3/envs/airflow_env/lib/python3.10/site-packages/airflow/example_dags/example_python_operator.py
[2025-06-25T21:04:25.163-0400] {processor.py:840} INFO - DAG(s) 'example_python_operator' retrieved from /opt/anaconda3/envs/airflow_env/lib/python3.10/site-packages/airflow/example_dags/example_python_operator.py
[2025-06-25T21:04:25.257-0400] {logging_mixin.py:188} INFO - [2025-06-25T21:04:25.256-0400] {dag.py:3096} INFO - Sync 1 DAGs
[2025-06-25T21:04:25.259-0400] {logging_mixin.py:188} INFO - [2025-06-25T21:04:25.259-0400] {dag.py:3954} INFO - Setting next_dagrun for example_python_operator to None, run_after=None
[2025-06-25T21:04:25.266-0400] {processor.py:183} INFO - Processing /opt/anaconda3/envs/airflow_env/lib/python3.10/site-packages/airflow/example_dags/example_python_operator.py took 0.119 seconds
[2025-06-25T21:04:46.546-0400] {processor.py:161} INFO - Started process (PID=68025) to work on /opt/anaconda3/envs/airflow_env/lib/python3.10/site-packages/airflow/example_dags/example_python_operator.py
[2025-06-25T21:04:46.547-0400] {processor.py:830} INFO - Processing file /opt/anaconda3/envs/airflow_env/lib/python3.10/site-packages/airflow/example_dags/example_python_operator.py for tasks to queue
[2025-06-25T21:04:46.547-0400] {logging_mixin.py:188} INFO - [2025-06-25T21:04:46.547-0400] {dagbag.py:545} INFO - Filling up the DagBag from /opt/anaconda3/envs/airflow_env/lib/python3.10/site-packages/airflow/example_dags/example_python_operator.py
[2025-06-25T21:04:46.562-0400] {processor.py:840} INFO - DAG(s) 'example_python_operator' retrieved from /opt/anaconda3/envs/airflow_env/lib/python3.10/site-packages/airflow/example_dags/example_python_operator.py
[2025-06-25T21:04:46.566-0400] {logging_mixin.py:188} INFO - [2025-06-25T21:04:46.566-0400] {dag.py:3096} INFO - Sync 1 DAGs
[2025-06-25T21:04:46.599-0400] {logging_mixin.py:188} INFO - [2025-06-25T21:04:46.599-0400] {dag.py:3954} INFO - Setting next_dagrun for example_python_operator to None, run_after=None
[2025-06-25T21:04:46.606-0400] {processor.py:183} INFO - Processing /opt/anaconda3/envs/airflow_env/lib/python3.10/site-packages/airflow/example_dags/example_python_operator.py took 0.062 seconds
[2025-06-25T21:06:07.965-0400] {processor.py:161} INFO - Started process (PID=68151) to work on /opt/anaconda3/envs/airflow_env/lib/python3.10/site-packages/airflow/example_dags/example_python_operator.py
[2025-06-25T21:06:07.967-0400] {processor.py:830} INFO - Processing file /opt/anaconda3/envs/airflow_env/lib/python3.10/site-packages/airflow/example_dags/example_python_operator.py for tasks to queue
[2025-06-25T21:06:07.967-0400] {logging_mixin.py:188} INFO - [2025-06-25T21:06:07.967-0400] {dagbag.py:545} INFO - Filling up the DagBag from /opt/anaconda3/envs/airflow_env/lib/python3.10/site-packages/airflow/example_dags/example_python_operator.py
[2025-06-25T21:06:07.980-0400] {processor.py:840} INFO - DAG(s) 'example_python_operator' retrieved from /opt/anaconda3/envs/airflow_env/lib/python3.10/site-packages/airflow/example_dags/example_python_operator.py
[2025-06-25T21:06:08.064-0400] {logging_mixin.py:188} INFO - [2025-06-25T21:06:08.064-0400] {dag.py:3096} INFO - Sync 1 DAGs
[2025-06-25T21:06:08.067-0400] {logging_mixin.py:188} INFO - [2025-06-25T21:06:08.067-0400] {dag.py:3954} INFO - Setting next_dagrun for example_python_operator to None, run_after=None
[2025-06-25T21:06:08.074-0400] {processor.py:183} INFO - Processing /opt/anaconda3/envs/airflow_env/lib/python3.10/site-packages/airflow/example_dags/example_python_operator.py took 0.111 seconds
[2025-06-25T21:06:33.550-0400] {processor.py:161} INFO - Started process (PID=68190) to work on /opt/anaconda3/envs/airflow_env/lib/python3.10/site-packages/airflow/example_dags/example_python_operator.py
[2025-06-25T21:06:33.551-0400] {processor.py:830} INFO - Processing file /opt/anaconda3/envs/airflow_env/lib/python3.10/site-packages/airflow/example_dags/example_python_operator.py for tasks to queue
[2025-06-25T21:06:33.551-0400] {logging_mixin.py:188} INFO - [2025-06-25T21:06:33.551-0400] {dagbag.py:545} INFO - Filling up the DagBag from /opt/anaconda3/envs/airflow_env/lib/python3.10/site-packages/airflow/example_dags/example_python_operator.py
[2025-06-25T21:06:33.565-0400] {processor.py:840} INFO - DAG(s) 'example_python_operator' retrieved from /opt/anaconda3/envs/airflow_env/lib/python3.10/site-packages/airflow/example_dags/example_python_operator.py
[2025-06-25T21:06:33.570-0400] {logging_mixin.py:188} INFO - [2025-06-25T21:06:33.569-0400] {dag.py:3096} INFO - Sync 1 DAGs
[2025-06-25T21:06:33.600-0400] {logging_mixin.py:188} INFO - [2025-06-25T21:06:33.600-0400] {dag.py:3954} INFO - Setting next_dagrun for example_python_operator to None, run_after=None
[2025-06-25T21:06:33.607-0400] {processor.py:183} INFO - Processing /opt/anaconda3/envs/airflow_env/lib/python3.10/site-packages/airflow/example_dags/example_python_operator.py took 0.059 seconds
[2025-06-25T21:07:54.870-0400] {processor.py:161} INFO - Started process (PID=68329) to work on /opt/anaconda3/envs/airflow_env/lib/python3.10/site-packages/airflow/example_dags/example_python_operator.py
[2025-06-25T21:07:54.871-0400] {processor.py:830} INFO - Processing file /opt/anaconda3/envs/airflow_env/lib/python3.10/site-packages/airflow/example_dags/example_python_operator.py for tasks to queue
[2025-06-25T21:07:54.871-0400] {logging_mixin.py:188} INFO - [2025-06-25T21:07:54.871-0400] {dagbag.py:545} INFO - Filling up the DagBag from /opt/anaconda3/envs/airflow_env/lib/python3.10/site-packages/airflow/example_dags/example_python_operator.py
[2025-06-25T21:07:54.886-0400] {processor.py:840} INFO - DAG(s) 'example_python_operator' retrieved from /opt/anaconda3/envs/airflow_env/lib/python3.10/site-packages/airflow/example_dags/example_python_operator.py
[2025-06-25T21:07:54.986-0400] {logging_mixin.py:188} INFO - [2025-06-25T21:07:54.986-0400] {dag.py:3096} INFO - Sync 1 DAGs
[2025-06-25T21:07:54.989-0400] {logging_mixin.py:188} INFO - [2025-06-25T21:07:54.989-0400] {dag.py:3954} INFO - Setting next_dagrun for example_python_operator to None, run_after=None
[2025-06-25T21:07:54.997-0400] {processor.py:183} INFO - Processing /opt/anaconda3/envs/airflow_env/lib/python3.10/site-packages/airflow/example_dags/example_python_operator.py took 0.129 seconds
[2025-06-25T21:08:17.248-0400] {processor.py:161} INFO - Started process (PID=68364) to work on /opt/anaconda3/envs/airflow_env/lib/python3.10/site-packages/airflow/example_dags/example_python_operator.py
[2025-06-25T21:08:17.249-0400] {processor.py:830} INFO - Processing file /opt/anaconda3/envs/airflow_env/lib/python3.10/site-packages/airflow/example_dags/example_python_operator.py for tasks to queue
[2025-06-25T21:08:17.250-0400] {logging_mixin.py:188} INFO - [2025-06-25T21:08:17.250-0400] {dagbag.py:545} INFO - Filling up the DagBag from /opt/anaconda3/envs/airflow_env/lib/python3.10/site-packages/airflow/example_dags/example_python_operator.py
[2025-06-25T21:08:17.260-0400] {processor.py:840} INFO - DAG(s) 'example_python_operator' retrieved from /opt/anaconda3/envs/airflow_env/lib/python3.10/site-packages/airflow/example_dags/example_python_operator.py
[2025-06-25T21:08:17.264-0400] {logging_mixin.py:188} INFO - [2025-06-25T21:08:17.264-0400] {dag.py:3096} INFO - Sync 1 DAGs
[2025-06-25T21:08:17.291-0400] {logging_mixin.py:188} INFO - [2025-06-25T21:08:17.291-0400] {dag.py:3954} INFO - Setting next_dagrun for example_python_operator to None, run_after=None
[2025-06-25T21:08:17.297-0400] {processor.py:183} INFO - Processing /opt/anaconda3/envs/airflow_env/lib/python3.10/site-packages/airflow/example_dags/example_python_operator.py took 0.051 seconds
[2025-06-25T21:09:35.435-0400] {processor.py:161} INFO - Started process (PID=68485) to work on /opt/anaconda3/envs/airflow_env/lib/python3.10/site-packages/airflow/example_dags/example_python_operator.py
[2025-06-25T21:09:35.436-0400] {processor.py:830} INFO - Processing file /opt/anaconda3/envs/airflow_env/lib/python3.10/site-packages/airflow/example_dags/example_python_operator.py for tasks to queue
[2025-06-25T21:09:35.436-0400] {logging_mixin.py:188} INFO - [2025-06-25T21:09:35.436-0400] {dagbag.py:545} INFO - Filling up the DagBag from /opt/anaconda3/envs/airflow_env/lib/python3.10/site-packages/airflow/example_dags/example_python_operator.py
[2025-06-25T21:09:35.448-0400] {processor.py:840} INFO - DAG(s) 'example_python_operator' retrieved from /opt/anaconda3/envs/airflow_env/lib/python3.10/site-packages/airflow/example_dags/example_python_operator.py
[2025-06-25T21:09:35.551-0400] {logging_mixin.py:188} INFO - [2025-06-25T21:09:35.551-0400] {dag.py:3096} INFO - Sync 1 DAGs
[2025-06-25T21:09:35.555-0400] {logging_mixin.py:188} INFO - [2025-06-25T21:09:35.555-0400] {dag.py:3954} INFO - Setting next_dagrun for example_python_operator to None, run_after=None
[2025-06-25T21:09:35.563-0400] {processor.py:183} INFO - Processing /opt/anaconda3/envs/airflow_env/lib/python3.10/site-packages/airflow/example_dags/example_python_operator.py took 0.130 seconds
[2025-06-25T21:10:01.862-0400] {processor.py:161} INFO - Started process (PID=68519) to work on /opt/anaconda3/envs/airflow_env/lib/python3.10/site-packages/airflow/example_dags/example_python_operator.py
[2025-06-25T21:10:01.863-0400] {processor.py:830} INFO - Processing file /opt/anaconda3/envs/airflow_env/lib/python3.10/site-packages/airflow/example_dags/example_python_operator.py for tasks to queue
[2025-06-25T21:10:01.864-0400] {logging_mixin.py:188} INFO - [2025-06-25T21:10:01.863-0400] {dagbag.py:545} INFO - Filling up the DagBag from /opt/anaconda3/envs/airflow_env/lib/python3.10/site-packages/airflow/example_dags/example_python_operator.py
[2025-06-25T21:10:01.874-0400] {processor.py:840} INFO - DAG(s) 'example_python_operator' retrieved from /opt/anaconda3/envs/airflow_env/lib/python3.10/site-packages/airflow/example_dags/example_python_operator.py
[2025-06-25T21:10:01.878-0400] {logging_mixin.py:188} INFO - [2025-06-25T21:10:01.878-0400] {dag.py:3096} INFO - Sync 1 DAGs
[2025-06-25T21:10:01.906-0400] {logging_mixin.py:188} INFO - [2025-06-25T21:10:01.906-0400] {dag.py:3954} INFO - Setting next_dagrun for example_python_operator to None, run_after=None
[2025-06-25T21:10:01.913-0400] {processor.py:183} INFO - Processing /opt/anaconda3/envs/airflow_env/lib/python3.10/site-packages/airflow/example_dags/example_python_operator.py took 0.052 seconds
[2025-06-25T21:11:24.300-0400] {processor.py:161} INFO - Started process (PID=68749) to work on /opt/anaconda3/envs/airflow_env/lib/python3.10/site-packages/airflow/example_dags/example_python_operator.py
[2025-06-25T21:11:24.304-0400] {processor.py:830} INFO - Processing file /opt/anaconda3/envs/airflow_env/lib/python3.10/site-packages/airflow/example_dags/example_python_operator.py for tasks to queue
[2025-06-25T21:11:24.305-0400] {logging_mixin.py:188} INFO - [2025-06-25T21:11:24.305-0400] {dagbag.py:545} INFO - Filling up the DagBag from /opt/anaconda3/envs/airflow_env/lib/python3.10/site-packages/airflow/example_dags/example_python_operator.py
[2025-06-25T21:11:24.332-0400] {processor.py:840} INFO - DAG(s) 'example_python_operator' retrieved from /opt/anaconda3/envs/airflow_env/lib/python3.10/site-packages/airflow/example_dags/example_python_operator.py
[2025-06-25T21:11:24.612-0400] {logging_mixin.py:188} INFO - [2025-06-25T21:11:24.611-0400] {dag.py:3096} INFO - Sync 1 DAGs
[2025-06-25T21:11:24.627-0400] {logging_mixin.py:188} INFO - [2025-06-25T21:11:24.627-0400] {dag.py:3954} INFO - Setting next_dagrun for example_python_operator to None, run_after=None
[2025-06-25T21:11:24.652-0400] {processor.py:183} INFO - Processing /opt/anaconda3/envs/airflow_env/lib/python3.10/site-packages/airflow/example_dags/example_python_operator.py took 0.354 seconds
[2025-06-25T21:11:48.406-0400] {processor.py:161} INFO - Started process (PID=68806) to work on /opt/anaconda3/envs/airflow_env/lib/python3.10/site-packages/airflow/example_dags/example_python_operator.py
[2025-06-25T21:11:48.407-0400] {processor.py:830} INFO - Processing file /opt/anaconda3/envs/airflow_env/lib/python3.10/site-packages/airflow/example_dags/example_python_operator.py for tasks to queue
[2025-06-25T21:11:48.408-0400] {logging_mixin.py:188} INFO - [2025-06-25T21:11:48.408-0400] {dagbag.py:545} INFO - Filling up the DagBag from /opt/anaconda3/envs/airflow_env/lib/python3.10/site-packages/airflow/example_dags/example_python_operator.py
[2025-06-25T21:11:48.422-0400] {processor.py:840} INFO - DAG(s) 'example_python_operator' retrieved from /opt/anaconda3/envs/airflow_env/lib/python3.10/site-packages/airflow/example_dags/example_python_operator.py
[2025-06-25T21:11:48.427-0400] {logging_mixin.py:188} INFO - [2025-06-25T21:11:48.427-0400] {dag.py:3096} INFO - Sync 1 DAGs
[2025-06-25T21:11:48.461-0400] {logging_mixin.py:188} INFO - [2025-06-25T21:11:48.461-0400] {dag.py:3954} INFO - Setting next_dagrun for example_python_operator to None, run_after=None
[2025-06-25T21:11:48.467-0400] {processor.py:183} INFO - Processing /opt/anaconda3/envs/airflow_env/lib/python3.10/site-packages/airflow/example_dags/example_python_operator.py took 0.064 seconds
[2025-06-25T21:13:25.630-0400] {processor.py:161} INFO - Started process (PID=68973) to work on /opt/anaconda3/envs/airflow_env/lib/python3.10/site-packages/airflow/example_dags/example_python_operator.py
[2025-06-25T21:13:25.631-0400] {processor.py:830} INFO - Processing file /opt/anaconda3/envs/airflow_env/lib/python3.10/site-packages/airflow/example_dags/example_python_operator.py for tasks to queue
[2025-06-25T21:13:25.632-0400] {logging_mixin.py:188} INFO - [2025-06-25T21:13:25.632-0400] {dagbag.py:545} INFO - Filling up the DagBag from /opt/anaconda3/envs/airflow_env/lib/python3.10/site-packages/airflow/example_dags/example_python_operator.py
[2025-06-25T21:13:25.646-0400] {processor.py:840} INFO - DAG(s) 'example_python_operator' retrieved from /opt/anaconda3/envs/airflow_env/lib/python3.10/site-packages/airflow/example_dags/example_python_operator.py
[2025-06-25T21:13:25.771-0400] {logging_mixin.py:188} INFO - [2025-06-25T21:13:25.771-0400] {dag.py:3096} INFO - Sync 1 DAGs
[2025-06-25T21:13:25.776-0400] {logging_mixin.py:188} INFO - [2025-06-25T21:13:25.776-0400] {dag.py:3954} INFO - Setting next_dagrun for example_python_operator to None, run_after=None
[2025-06-25T21:13:25.784-0400] {processor.py:183} INFO - Processing /opt/anaconda3/envs/airflow_env/lib/python3.10/site-packages/airflow/example_dags/example_python_operator.py took 0.156 seconds
[2025-06-25T21:13:44.414-0400] {processor.py:161} INFO - Started process (PID=68999) to work on /opt/anaconda3/envs/airflow_env/lib/python3.10/site-packages/airflow/example_dags/example_python_operator.py
[2025-06-25T21:13:44.415-0400] {processor.py:830} INFO - Processing file /opt/anaconda3/envs/airflow_env/lib/python3.10/site-packages/airflow/example_dags/example_python_operator.py for tasks to queue
[2025-06-25T21:13:44.416-0400] {logging_mixin.py:188} INFO - [2025-06-25T21:13:44.416-0400] {dagbag.py:545} INFO - Filling up the DagBag from /opt/anaconda3/envs/airflow_env/lib/python3.10/site-packages/airflow/example_dags/example_python_operator.py
[2025-06-25T21:13:44.433-0400] {processor.py:840} INFO - DAG(s) 'example_python_operator' retrieved from /opt/anaconda3/envs/airflow_env/lib/python3.10/site-packages/airflow/example_dags/example_python_operator.py
[2025-06-25T21:13:44.438-0400] {logging_mixin.py:188} INFO - [2025-06-25T21:13:44.438-0400] {dag.py:3096} INFO - Sync 1 DAGs
[2025-06-25T21:13:44.468-0400] {logging_mixin.py:188} INFO - [2025-06-25T21:13:44.468-0400] {dag.py:3954} INFO - Setting next_dagrun for example_python_operator to None, run_after=None
[2025-06-25T21:13:44.475-0400] {processor.py:183} INFO - Processing /opt/anaconda3/envs/airflow_env/lib/python3.10/site-packages/airflow/example_dags/example_python_operator.py took 0.064 seconds
[2025-06-25T21:15:20.247-0400] {processor.py:161} INFO - Started process (PID=69175) to work on /opt/anaconda3/envs/airflow_env/lib/python3.10/site-packages/airflow/example_dags/example_python_operator.py
[2025-06-25T21:15:20.248-0400] {processor.py:830} INFO - Processing file /opt/anaconda3/envs/airflow_env/lib/python3.10/site-packages/airflow/example_dags/example_python_operator.py for tasks to queue
[2025-06-25T21:15:20.248-0400] {logging_mixin.py:188} INFO - [2025-06-25T21:15:20.248-0400] {dagbag.py:545} INFO - Filling up the DagBag from /opt/anaconda3/envs/airflow_env/lib/python3.10/site-packages/airflow/example_dags/example_python_operator.py
[2025-06-25T21:15:20.259-0400] {processor.py:840} INFO - DAG(s) 'example_python_operator' retrieved from /opt/anaconda3/envs/airflow_env/lib/python3.10/site-packages/airflow/example_dags/example_python_operator.py
[2025-06-25T21:15:20.352-0400] {logging_mixin.py:188} INFO - [2025-06-25T21:15:20.351-0400] {dag.py:3096} INFO - Sync 1 DAGs
[2025-06-25T21:15:20.355-0400] {logging_mixin.py:188} INFO - [2025-06-25T21:15:20.355-0400] {dag.py:3954} INFO - Setting next_dagrun for example_python_operator to None, run_after=None
[2025-06-25T21:15:20.361-0400] {processor.py:183} INFO - Processing /opt/anaconda3/envs/airflow_env/lib/python3.10/site-packages/airflow/example_dags/example_python_operator.py took 0.116 seconds
[2025-06-25T21:15:35.212-0400] {processor.py:161} INFO - Started process (PID=69203) to work on /opt/anaconda3/envs/airflow_env/lib/python3.10/site-packages/airflow/example_dags/example_python_operator.py
[2025-06-25T21:15:35.213-0400] {processor.py:830} INFO - Processing file /opt/anaconda3/envs/airflow_env/lib/python3.10/site-packages/airflow/example_dags/example_python_operator.py for tasks to queue
[2025-06-25T21:15:35.213-0400] {logging_mixin.py:188} INFO - [2025-06-25T21:15:35.213-0400] {dagbag.py:545} INFO - Filling up the DagBag from /opt/anaconda3/envs/airflow_env/lib/python3.10/site-packages/airflow/example_dags/example_python_operator.py
[2025-06-25T21:15:35.225-0400] {processor.py:840} INFO - DAG(s) 'example_python_operator' retrieved from /opt/anaconda3/envs/airflow_env/lib/python3.10/site-packages/airflow/example_dags/example_python_operator.py
[2025-06-25T21:15:35.229-0400] {logging_mixin.py:188} INFO - [2025-06-25T21:15:35.229-0400] {dag.py:3096} INFO - Sync 1 DAGs
[2025-06-25T21:15:35.260-0400] {logging_mixin.py:188} INFO - [2025-06-25T21:15:35.260-0400] {dag.py:3954} INFO - Setting next_dagrun for example_python_operator to None, run_after=None
[2025-06-25T21:15:35.267-0400] {processor.py:183} INFO - Processing /opt/anaconda3/envs/airflow_env/lib/python3.10/site-packages/airflow/example_dags/example_python_operator.py took 0.057 seconds
[2025-06-25T21:17:07.426-0400] {processor.py:161} INFO - Started process (PID=69343) to work on /opt/anaconda3/envs/airflow_env/lib/python3.10/site-packages/airflow/example_dags/example_python_operator.py
[2025-06-25T21:17:07.427-0400] {processor.py:830} INFO - Processing file /opt/anaconda3/envs/airflow_env/lib/python3.10/site-packages/airflow/example_dags/example_python_operator.py for tasks to queue
[2025-06-25T21:17:07.428-0400] {logging_mixin.py:188} INFO - [2025-06-25T21:17:07.428-0400] {dagbag.py:545} INFO - Filling up the DagBag from /opt/anaconda3/envs/airflow_env/lib/python3.10/site-packages/airflow/example_dags/example_python_operator.py
[2025-06-25T21:17:07.450-0400] {processor.py:840} INFO - DAG(s) 'example_python_operator' retrieved from /opt/anaconda3/envs/airflow_env/lib/python3.10/site-packages/airflow/example_dags/example_python_operator.py
[2025-06-25T21:17:07.598-0400] {logging_mixin.py:188} INFO - [2025-06-25T21:17:07.598-0400] {dag.py:3096} INFO - Sync 1 DAGs
[2025-06-25T21:17:07.604-0400] {logging_mixin.py:188} INFO - [2025-06-25T21:17:07.604-0400] {dag.py:3954} INFO - Setting next_dagrun for example_python_operator to None, run_after=None
[2025-06-25T21:17:07.619-0400] {processor.py:183} INFO - Processing /opt/anaconda3/envs/airflow_env/lib/python3.10/site-packages/airflow/example_dags/example_python_operator.py took 0.197 seconds
[2025-06-25T21:19:05.759-0400] {processor.py:161} INFO - Started process (PID=69420) to work on /opt/anaconda3/envs/airflow_env/lib/python3.10/site-packages/airflow/example_dags/example_python_operator.py
[2025-06-25T21:19:05.760-0400] {processor.py:830} INFO - Processing file /opt/anaconda3/envs/airflow_env/lib/python3.10/site-packages/airflow/example_dags/example_python_operator.py for tasks to queue
[2025-06-25T21:19:05.760-0400] {logging_mixin.py:188} INFO - [2025-06-25T21:19:05.760-0400] {dagbag.py:545} INFO - Filling up the DagBag from /opt/anaconda3/envs/airflow_env/lib/python3.10/site-packages/airflow/example_dags/example_python_operator.py
[2025-06-25T21:19:05.772-0400] {processor.py:840} INFO - DAG(s) 'example_python_operator' retrieved from /opt/anaconda3/envs/airflow_env/lib/python3.10/site-packages/airflow/example_dags/example_python_operator.py
[2025-06-25T21:19:05.883-0400] {logging_mixin.py:188} INFO - [2025-06-25T21:19:05.883-0400] {dag.py:3096} INFO - Sync 1 DAGs
[2025-06-25T21:19:05.887-0400] {logging_mixin.py:188} INFO - [2025-06-25T21:19:05.887-0400] {dag.py:3954} INFO - Setting next_dagrun for example_python_operator to None, run_after=None
[2025-06-25T21:19:05.894-0400] {processor.py:183} INFO - Processing /opt/anaconda3/envs/airflow_env/lib/python3.10/site-packages/airflow/example_dags/example_python_operator.py took 0.137 seconds
[2025-06-25T21:19:43.804-0400] {processor.py:161} INFO - Started process (PID=69479) to work on /opt/anaconda3/envs/airflow_env/lib/python3.10/site-packages/airflow/example_dags/example_python_operator.py
[2025-06-25T21:19:43.805-0400] {processor.py:830} INFO - Processing file /opt/anaconda3/envs/airflow_env/lib/python3.10/site-packages/airflow/example_dags/example_python_operator.py for tasks to queue
[2025-06-25T21:19:43.805-0400] {logging_mixin.py:188} INFO - [2025-06-25T21:19:43.805-0400] {dagbag.py:545} INFO - Filling up the DagBag from /opt/anaconda3/envs/airflow_env/lib/python3.10/site-packages/airflow/example_dags/example_python_operator.py
[2025-06-25T21:19:43.817-0400] {processor.py:840} INFO - DAG(s) 'example_python_operator' retrieved from /opt/anaconda3/envs/airflow_env/lib/python3.10/site-packages/airflow/example_dags/example_python_operator.py
[2025-06-25T21:19:43.932-0400] {logging_mixin.py:188} INFO - [2025-06-25T21:19:43.931-0400] {dag.py:3096} INFO - Sync 1 DAGs
[2025-06-25T21:19:43.936-0400] {logging_mixin.py:188} INFO - [2025-06-25T21:19:43.936-0400] {dag.py:3954} INFO - Setting next_dagrun for example_python_operator to None, run_after=None
[2025-06-25T21:19:43.949-0400] {processor.py:183} INFO - Processing /opt/anaconda3/envs/airflow_env/lib/python3.10/site-packages/airflow/example_dags/example_python_operator.py took 0.147 seconds
[2025-06-25T21:21:01.294-0400] {processor.py:161} INFO - Started process (PID=69636) to work on /opt/anaconda3/envs/airflow_env/lib/python3.10/site-packages/airflow/example_dags/example_python_operator.py
[2025-06-25T21:21:01.295-0400] {processor.py:830} INFO - Processing file /opt/anaconda3/envs/airflow_env/lib/python3.10/site-packages/airflow/example_dags/example_python_operator.py for tasks to queue
[2025-06-25T21:21:01.295-0400] {logging_mixin.py:188} INFO - [2025-06-25T21:21:01.295-0400] {dagbag.py:545} INFO - Filling up the DagBag from /opt/anaconda3/envs/airflow_env/lib/python3.10/site-packages/airflow/example_dags/example_python_operator.py
[2025-06-25T21:21:01.311-0400] {processor.py:840} INFO - DAG(s) 'example_python_operator' retrieved from /opt/anaconda3/envs/airflow_env/lib/python3.10/site-packages/airflow/example_dags/example_python_operator.py
[2025-06-25T21:21:01.438-0400] {logging_mixin.py:188} INFO - [2025-06-25T21:21:01.437-0400] {dag.py:3096} INFO - Sync 1 DAGs
[2025-06-25T21:21:01.441-0400] {logging_mixin.py:188} INFO - [2025-06-25T21:21:01.441-0400] {dag.py:3954} INFO - Setting next_dagrun for example_python_operator to None, run_after=None
[2025-06-25T21:21:01.450-0400] {processor.py:183} INFO - Processing /opt/anaconda3/envs/airflow_env/lib/python3.10/site-packages/airflow/example_dags/example_python_operator.py took 0.158 seconds
[2025-06-25T21:21:02.907-0400] {processor.py:161} INFO - Started process (PID=69637) to work on /opt/anaconda3/envs/airflow_env/lib/python3.10/site-packages/airflow/example_dags/example_python_operator.py
[2025-06-25T21:21:02.908-0400] {processor.py:830} INFO - Processing file /opt/anaconda3/envs/airflow_env/lib/python3.10/site-packages/airflow/example_dags/example_python_operator.py for tasks to queue
[2025-06-25T21:21:02.908-0400] {logging_mixin.py:188} INFO - [2025-06-25T21:21:02.908-0400] {dagbag.py:545} INFO - Filling up the DagBag from /opt/anaconda3/envs/airflow_env/lib/python3.10/site-packages/airflow/example_dags/example_python_operator.py
[2025-06-25T21:21:02.923-0400] {processor.py:840} INFO - DAG(s) 'example_python_operator' retrieved from /opt/anaconda3/envs/airflow_env/lib/python3.10/site-packages/airflow/example_dags/example_python_operator.py
[2025-06-25T21:21:02.927-0400] {logging_mixin.py:188} INFO - [2025-06-25T21:21:02.927-0400] {dag.py:3096} INFO - Sync 1 DAGs
[2025-06-25T21:21:02.962-0400] {logging_mixin.py:188} INFO - [2025-06-25T21:21:02.962-0400] {dag.py:3954} INFO - Setting next_dagrun for example_python_operator to None, run_after=None
[2025-06-25T21:21:02.970-0400] {processor.py:183} INFO - Processing /opt/anaconda3/envs/airflow_env/lib/python3.10/site-packages/airflow/example_dags/example_python_operator.py took 0.065 seconds
[2025-06-25T21:23:00.305-0400] {processor.py:161} INFO - Started process (PID=69811) to work on /opt/anaconda3/envs/airflow_env/lib/python3.10/site-packages/airflow/example_dags/example_python_operator.py
[2025-06-25T21:23:00.306-0400] {processor.py:830} INFO - Processing file /opt/anaconda3/envs/airflow_env/lib/python3.10/site-packages/airflow/example_dags/example_python_operator.py for tasks to queue
[2025-06-25T21:23:00.306-0400] {logging_mixin.py:188} INFO - [2025-06-25T21:23:00.306-0400] {dagbag.py:545} INFO - Filling up the DagBag from /opt/anaconda3/envs/airflow_env/lib/python3.10/site-packages/airflow/example_dags/example_python_operator.py
[2025-06-25T21:23:00.322-0400] {processor.py:840} INFO - DAG(s) 'example_python_operator' retrieved from /opt/anaconda3/envs/airflow_env/lib/python3.10/site-packages/airflow/example_dags/example_python_operator.py
[2025-06-25T21:23:00.439-0400] {logging_mixin.py:188} INFO - [2025-06-25T21:23:00.439-0400] {dag.py:3096} INFO - Sync 1 DAGs
[2025-06-25T21:23:00.443-0400] {logging_mixin.py:188} INFO - [2025-06-25T21:23:00.443-0400] {dag.py:3954} INFO - Setting next_dagrun for example_python_operator to None, run_after=None
[2025-06-25T21:23:00.457-0400] {processor.py:183} INFO - Processing /opt/anaconda3/envs/airflow_env/lib/python3.10/site-packages/airflow/example_dags/example_python_operator.py took 0.154 seconds
[2025-06-25T21:23:00.987-0400] {processor.py:161} INFO - Started process (PID=69812) to work on /opt/anaconda3/envs/airflow_env/lib/python3.10/site-packages/airflow/example_dags/example_python_operator.py
[2025-06-25T21:23:00.987-0400] {processor.py:830} INFO - Processing file /opt/anaconda3/envs/airflow_env/lib/python3.10/site-packages/airflow/example_dags/example_python_operator.py for tasks to queue
[2025-06-25T21:23:00.988-0400] {logging_mixin.py:188} INFO - [2025-06-25T21:23:00.988-0400] {dagbag.py:545} INFO - Filling up the DagBag from /opt/anaconda3/envs/airflow_env/lib/python3.10/site-packages/airflow/example_dags/example_python_operator.py
[2025-06-25T21:23:01.000-0400] {processor.py:840} INFO - DAG(s) 'example_python_operator' retrieved from /opt/anaconda3/envs/airflow_env/lib/python3.10/site-packages/airflow/example_dags/example_python_operator.py
[2025-06-25T21:23:01.007-0400] {logging_mixin.py:188} INFO - [2025-06-25T21:23:01.006-0400] {dag.py:3096} INFO - Sync 1 DAGs
[2025-06-25T21:23:01.039-0400] {logging_mixin.py:188} INFO - [2025-06-25T21:23:01.039-0400] {dag.py:3954} INFO - Setting next_dagrun for example_python_operator to None, run_after=None
[2025-06-25T21:23:01.047-0400] {processor.py:183} INFO - Processing /opt/anaconda3/envs/airflow_env/lib/python3.10/site-packages/airflow/example_dags/example_python_operator.py took 0.063 seconds
[2025-06-25T21:25:01.162-0400] {processor.py:161} INFO - Started process (PID=69999) to work on /opt/anaconda3/envs/airflow_env/lib/python3.10/site-packages/airflow/example_dags/example_python_operator.py
[2025-06-25T21:25:01.164-0400] {processor.py:830} INFO - Processing file /opt/anaconda3/envs/airflow_env/lib/python3.10/site-packages/airflow/example_dags/example_python_operator.py for tasks to queue
[2025-06-25T21:25:01.164-0400] {logging_mixin.py:188} INFO - [2025-06-25T21:25:01.164-0400] {dagbag.py:545} INFO - Filling up the DagBag from /opt/anaconda3/envs/airflow_env/lib/python3.10/site-packages/airflow/example_dags/example_python_operator.py
[2025-06-25T21:25:01.180-0400] {processor.py:840} INFO - DAG(s) 'example_python_operator' retrieved from /opt/anaconda3/envs/airflow_env/lib/python3.10/site-packages/airflow/example_dags/example_python_operator.py
[2025-06-25T21:25:01.305-0400] {logging_mixin.py:188} INFO - [2025-06-25T21:25:01.304-0400] {dag.py:3096} INFO - Sync 1 DAGs
[2025-06-25T21:25:01.310-0400] {logging_mixin.py:188} INFO - [2025-06-25T21:25:01.310-0400] {dag.py:3954} INFO - Setting next_dagrun for example_python_operator to None, run_after=None
[2025-06-25T21:25:01.318-0400] {processor.py:183} INFO - Processing /opt/anaconda3/envs/airflow_env/lib/python3.10/site-packages/airflow/example_dags/example_python_operator.py took 0.158 seconds
[2025-06-25T21:25:01.711-0400] {processor.py:161} INFO - Started process (PID=70000) to work on /opt/anaconda3/envs/airflow_env/lib/python3.10/site-packages/airflow/example_dags/example_python_operator.py
[2025-06-25T21:25:01.712-0400] {processor.py:830} INFO - Processing file /opt/anaconda3/envs/airflow_env/lib/python3.10/site-packages/airflow/example_dags/example_python_operator.py for tasks to queue
[2025-06-25T21:25:01.712-0400] {logging_mixin.py:188} INFO - [2025-06-25T21:25:01.712-0400] {dagbag.py:545} INFO - Filling up the DagBag from /opt/anaconda3/envs/airflow_env/lib/python3.10/site-packages/airflow/example_dags/example_python_operator.py
[2025-06-25T21:25:01.723-0400] {processor.py:840} INFO - DAG(s) 'example_python_operator' retrieved from /opt/anaconda3/envs/airflow_env/lib/python3.10/site-packages/airflow/example_dags/example_python_operator.py
[2025-06-25T21:25:01.727-0400] {logging_mixin.py:188} INFO - [2025-06-25T21:25:01.727-0400] {dag.py:3096} INFO - Sync 1 DAGs
[2025-06-25T21:25:01.760-0400] {logging_mixin.py:188} INFO - [2025-06-25T21:25:01.760-0400] {dag.py:3954} INFO - Setting next_dagrun for example_python_operator to None, run_after=None
[2025-06-25T21:25:01.768-0400] {processor.py:183} INFO - Processing /opt/anaconda3/envs/airflow_env/lib/python3.10/site-packages/airflow/example_dags/example_python_operator.py took 0.058 seconds
[2025-06-25T21:26:54.904-0400] {processor.py:161} INFO - Started process (PID=70166) to work on /opt/anaconda3/envs/airflow_env/lib/python3.10/site-packages/airflow/example_dags/example_python_operator.py
[2025-06-25T21:26:54.904-0400] {processor.py:830} INFO - Processing file /opt/anaconda3/envs/airflow_env/lib/python3.10/site-packages/airflow/example_dags/example_python_operator.py for tasks to queue
[2025-06-25T21:26:54.905-0400] {logging_mixin.py:188} INFO - [2025-06-25T21:26:54.904-0400] {dagbag.py:545} INFO - Filling up the DagBag from /opt/anaconda3/envs/airflow_env/lib/python3.10/site-packages/airflow/example_dags/example_python_operator.py
[2025-06-25T21:26:54.917-0400] {processor.py:840} INFO - DAG(s) 'example_python_operator' retrieved from /opt/anaconda3/envs/airflow_env/lib/python3.10/site-packages/airflow/example_dags/example_python_operator.py
[2025-06-25T21:26:55.035-0400] {logging_mixin.py:188} INFO - [2025-06-25T21:26:55.035-0400] {dag.py:3096} INFO - Sync 1 DAGs
[2025-06-25T21:26:55.038-0400] {logging_mixin.py:188} INFO - [2025-06-25T21:26:55.038-0400] {dag.py:3954} INFO - Setting next_dagrun for example_python_operator to None, run_after=None
[2025-06-25T21:26:55.045-0400] {processor.py:183} INFO - Processing /opt/anaconda3/envs/airflow_env/lib/python3.10/site-packages/airflow/example_dags/example_python_operator.py took 0.144 seconds
[2025-06-25T21:26:59.692-0400] {processor.py:161} INFO - Started process (PID=70173) to work on /opt/anaconda3/envs/airflow_env/lib/python3.10/site-packages/airflow/example_dags/example_python_operator.py
[2025-06-25T21:26:59.692-0400] {processor.py:830} INFO - Processing file /opt/anaconda3/envs/airflow_env/lib/python3.10/site-packages/airflow/example_dags/example_python_operator.py for tasks to queue
[2025-06-25T21:26:59.693-0400] {logging_mixin.py:188} INFO - [2025-06-25T21:26:59.693-0400] {dagbag.py:545} INFO - Filling up the DagBag from /opt/anaconda3/envs/airflow_env/lib/python3.10/site-packages/airflow/example_dags/example_python_operator.py
[2025-06-25T21:26:59.705-0400] {processor.py:840} INFO - DAG(s) 'example_python_operator' retrieved from /opt/anaconda3/envs/airflow_env/lib/python3.10/site-packages/airflow/example_dags/example_python_operator.py
[2025-06-25T21:26:59.709-0400] {logging_mixin.py:188} INFO - [2025-06-25T21:26:59.709-0400] {dag.py:3096} INFO - Sync 1 DAGs
[2025-06-25T21:26:59.744-0400] {logging_mixin.py:188} INFO - [2025-06-25T21:26:59.744-0400] {dag.py:3954} INFO - Setting next_dagrun for example_python_operator to None, run_after=None
[2025-06-25T21:26:59.754-0400] {processor.py:183} INFO - Processing /opt/anaconda3/envs/airflow_env/lib/python3.10/site-packages/airflow/example_dags/example_python_operator.py took 0.064 seconds
[2025-06-25T21:28:17.916-0400] {processor.py:161} INFO - Started process (PID=70315) to work on /opt/anaconda3/envs/airflow_env/lib/python3.10/site-packages/airflow/example_dags/example_python_operator.py
[2025-06-25T21:28:17.917-0400] {processor.py:830} INFO - Processing file /opt/anaconda3/envs/airflow_env/lib/python3.10/site-packages/airflow/example_dags/example_python_operator.py for tasks to queue
[2025-06-25T21:28:17.917-0400] {logging_mixin.py:188} INFO - [2025-06-25T21:28:17.917-0400] {dagbag.py:545} INFO - Filling up the DagBag from /opt/anaconda3/envs/airflow_env/lib/python3.10/site-packages/airflow/example_dags/example_python_operator.py
[2025-06-25T21:28:17.931-0400] {processor.py:840} INFO - DAG(s) 'example_python_operator' retrieved from /opt/anaconda3/envs/airflow_env/lib/python3.10/site-packages/airflow/example_dags/example_python_operator.py
[2025-06-25T21:28:18.035-0400] {logging_mixin.py:188} INFO - [2025-06-25T21:28:18.035-0400] {dag.py:3096} INFO - Sync 1 DAGs
[2025-06-25T21:28:18.039-0400] {logging_mixin.py:188} INFO - [2025-06-25T21:28:18.039-0400] {dag.py:3954} INFO - Setting next_dagrun for example_python_operator to None, run_after=None
[2025-06-25T21:28:18.046-0400] {processor.py:183} INFO - Processing /opt/anaconda3/envs/airflow_env/lib/python3.10/site-packages/airflow/example_dags/example_python_operator.py took 0.132 seconds
[2025-06-25T21:28:57.855-0400] {processor.py:161} INFO - Started process (PID=70380) to work on /opt/anaconda3/envs/airflow_env/lib/python3.10/site-packages/airflow/example_dags/example_python_operator.py
[2025-06-25T21:28:57.855-0400] {processor.py:830} INFO - Processing file /opt/anaconda3/envs/airflow_env/lib/python3.10/site-packages/airflow/example_dags/example_python_operator.py for tasks to queue
[2025-06-25T21:28:57.856-0400] {logging_mixin.py:188} INFO - [2025-06-25T21:28:57.856-0400] {dagbag.py:545} INFO - Filling up the DagBag from /opt/anaconda3/envs/airflow_env/lib/python3.10/site-packages/airflow/example_dags/example_python_operator.py
[2025-06-25T21:28:57.868-0400] {processor.py:840} INFO - DAG(s) 'example_python_operator' retrieved from /opt/anaconda3/envs/airflow_env/lib/python3.10/site-packages/airflow/example_dags/example_python_operator.py
[2025-06-25T21:28:57.993-0400] {logging_mixin.py:188} INFO - [2025-06-25T21:28:57.993-0400] {dag.py:3096} INFO - Sync 1 DAGs
[2025-06-25T21:28:57.996-0400] {logging_mixin.py:188} INFO - [2025-06-25T21:28:57.996-0400] {dag.py:3954} INFO - Setting next_dagrun for example_python_operator to None, run_after=None
[2025-06-25T21:28:58.005-0400] {processor.py:183} INFO - Processing /opt/anaconda3/envs/airflow_env/lib/python3.10/site-packages/airflow/example_dags/example_python_operator.py took 0.153 seconds
[2025-06-25T21:30:14.747-0400] {processor.py:161} INFO - Started process (PID=70492) to work on /opt/anaconda3/envs/airflow_env/lib/python3.10/site-packages/airflow/example_dags/example_python_operator.py
[2025-06-25T21:30:14.748-0400] {processor.py:830} INFO - Processing file /opt/anaconda3/envs/airflow_env/lib/python3.10/site-packages/airflow/example_dags/example_python_operator.py for tasks to queue
[2025-06-25T21:30:14.748-0400] {logging_mixin.py:188} INFO - [2025-06-25T21:30:14.748-0400] {dagbag.py:545} INFO - Filling up the DagBag from /opt/anaconda3/envs/airflow_env/lib/python3.10/site-packages/airflow/example_dags/example_python_operator.py
[2025-06-25T21:30:14.763-0400] {processor.py:840} INFO - DAG(s) 'example_python_operator' retrieved from /opt/anaconda3/envs/airflow_env/lib/python3.10/site-packages/airflow/example_dags/example_python_operator.py
[2025-06-25T21:30:14.861-0400] {logging_mixin.py:188} INFO - [2025-06-25T21:30:14.861-0400] {dag.py:3096} INFO - Sync 1 DAGs
[2025-06-25T21:30:14.864-0400] {logging_mixin.py:188} INFO - [2025-06-25T21:30:14.864-0400] {dag.py:3954} INFO - Setting next_dagrun for example_python_operator to None, run_after=None
[2025-06-25T21:30:14.873-0400] {processor.py:183} INFO - Processing /opt/anaconda3/envs/airflow_env/lib/python3.10/site-packages/airflow/example_dags/example_python_operator.py took 0.129 seconds
[2025-06-25T21:30:54.325-0400] {processor.py:161} INFO - Started process (PID=70553) to work on /opt/anaconda3/envs/airflow_env/lib/python3.10/site-packages/airflow/example_dags/example_python_operator.py
[2025-06-25T21:30:54.326-0400] {processor.py:830} INFO - Processing file /opt/anaconda3/envs/airflow_env/lib/python3.10/site-packages/airflow/example_dags/example_python_operator.py for tasks to queue
[2025-06-25T21:30:54.326-0400] {logging_mixin.py:188} INFO - [2025-06-25T21:30:54.326-0400] {dagbag.py:545} INFO - Filling up the DagBag from /opt/anaconda3/envs/airflow_env/lib/python3.10/site-packages/airflow/example_dags/example_python_operator.py
[2025-06-25T21:30:54.339-0400] {processor.py:840} INFO - DAG(s) 'example_python_operator' retrieved from /opt/anaconda3/envs/airflow_env/lib/python3.10/site-packages/airflow/example_dags/example_python_operator.py
[2025-06-25T21:30:54.490-0400] {logging_mixin.py:188} INFO - [2025-06-25T21:30:54.490-0400] {dag.py:3096} INFO - Sync 1 DAGs
[2025-06-25T21:30:54.494-0400] {logging_mixin.py:188} INFO - [2025-06-25T21:30:54.494-0400] {dag.py:3954} INFO - Setting next_dagrun for example_python_operator to None, run_after=None
[2025-06-25T21:30:54.501-0400] {processor.py:183} INFO - Processing /opt/anaconda3/envs/airflow_env/lib/python3.10/site-packages/airflow/example_dags/example_python_operator.py took 0.178 seconds
[2025-06-25T21:32:06.779-0400] {processor.py:161} INFO - Started process (PID=70666) to work on /opt/anaconda3/envs/airflow_env/lib/python3.10/site-packages/airflow/example_dags/example_python_operator.py
[2025-06-25T21:32:06.779-0400] {processor.py:830} INFO - Processing file /opt/anaconda3/envs/airflow_env/lib/python3.10/site-packages/airflow/example_dags/example_python_operator.py for tasks to queue
[2025-06-25T21:32:06.779-0400] {logging_mixin.py:188} INFO - [2025-06-25T21:32:06.779-0400] {dagbag.py:545} INFO - Filling up the DagBag from /opt/anaconda3/envs/airflow_env/lib/python3.10/site-packages/airflow/example_dags/example_python_operator.py
[2025-06-25T21:32:06.791-0400] {processor.py:840} INFO - DAG(s) 'example_python_operator' retrieved from /opt/anaconda3/envs/airflow_env/lib/python3.10/site-packages/airflow/example_dags/example_python_operator.py
[2025-06-25T21:32:06.881-0400] {logging_mixin.py:188} INFO - [2025-06-25T21:32:06.881-0400] {dag.py:3096} INFO - Sync 1 DAGs
[2025-06-25T21:32:06.884-0400] {logging_mixin.py:188} INFO - [2025-06-25T21:32:06.884-0400] {dag.py:3954} INFO - Setting next_dagrun for example_python_operator to None, run_after=None
[2025-06-25T21:32:06.891-0400] {processor.py:183} INFO - Processing /opt/anaconda3/envs/airflow_env/lib/python3.10/site-packages/airflow/example_dags/example_python_operator.py took 0.115 seconds
[2025-06-25T21:32:51.104-0400] {processor.py:161} INFO - Started process (PID=70731) to work on /opt/anaconda3/envs/airflow_env/lib/python3.10/site-packages/airflow/example_dags/example_python_operator.py
[2025-06-25T21:32:51.104-0400] {processor.py:830} INFO - Processing file /opt/anaconda3/envs/airflow_env/lib/python3.10/site-packages/airflow/example_dags/example_python_operator.py for tasks to queue
[2025-06-25T21:32:51.104-0400] {logging_mixin.py:188} INFO - [2025-06-25T21:32:51.104-0400] {dagbag.py:545} INFO - Filling up the DagBag from /opt/anaconda3/envs/airflow_env/lib/python3.10/site-packages/airflow/example_dags/example_python_operator.py
[2025-06-25T21:32:51.120-0400] {processor.py:840} INFO - DAG(s) 'example_python_operator' retrieved from /opt/anaconda3/envs/airflow_env/lib/python3.10/site-packages/airflow/example_dags/example_python_operator.py
[2025-06-25T21:32:51.259-0400] {logging_mixin.py:188} INFO - [2025-06-25T21:32:51.259-0400] {dag.py:3096} INFO - Sync 1 DAGs
[2025-06-25T21:32:51.263-0400] {logging_mixin.py:188} INFO - [2025-06-25T21:32:51.262-0400] {dag.py:3954} INFO - Setting next_dagrun for example_python_operator to None, run_after=None
[2025-06-25T21:32:51.271-0400] {processor.py:183} INFO - Processing /opt/anaconda3/envs/airflow_env/lib/python3.10/site-packages/airflow/example_dags/example_python_operator.py took 0.170 seconds
[2025-06-25T21:33:59.508-0400] {processor.py:161} INFO - Started process (PID=70831) to work on /opt/anaconda3/envs/airflow_env/lib/python3.10/site-packages/airflow/example_dags/example_python_operator.py
[2025-06-25T21:33:59.508-0400] {processor.py:830} INFO - Processing file /opt/anaconda3/envs/airflow_env/lib/python3.10/site-packages/airflow/example_dags/example_python_operator.py for tasks to queue
[2025-06-25T21:33:59.508-0400] {logging_mixin.py:188} INFO - [2025-06-25T21:33:59.508-0400] {dagbag.py:545} INFO - Filling up the DagBag from /opt/anaconda3/envs/airflow_env/lib/python3.10/site-packages/airflow/example_dags/example_python_operator.py
[2025-06-25T21:33:59.519-0400] {processor.py:840} INFO - DAG(s) 'example_python_operator' retrieved from /opt/anaconda3/envs/airflow_env/lib/python3.10/site-packages/airflow/example_dags/example_python_operator.py
[2025-06-25T21:33:59.603-0400] {logging_mixin.py:188} INFO - [2025-06-25T21:33:59.603-0400] {dag.py:3096} INFO - Sync 1 DAGs
[2025-06-25T21:33:59.607-0400] {logging_mixin.py:188} INFO - [2025-06-25T21:33:59.606-0400] {dag.py:3954} INFO - Setting next_dagrun for example_python_operator to None, run_after=None
[2025-06-25T21:33:59.614-0400] {processor.py:183} INFO - Processing /opt/anaconda3/envs/airflow_env/lib/python3.10/site-packages/airflow/example_dags/example_python_operator.py took 0.108 seconds
[2025-06-25T21:34:35.455-0400] {processor.py:161} INFO - Started process (PID=70875) to work on /opt/anaconda3/envs/airflow_env/lib/python3.10/site-packages/airflow/example_dags/example_python_operator.py
[2025-06-25T21:34:35.455-0400] {processor.py:830} INFO - Processing file /opt/anaconda3/envs/airflow_env/lib/python3.10/site-packages/airflow/example_dags/example_python_operator.py for tasks to queue
[2025-06-25T21:34:35.455-0400] {logging_mixin.py:188} INFO - [2025-06-25T21:34:35.455-0400] {dagbag.py:545} INFO - Filling up the DagBag from /opt/anaconda3/envs/airflow_env/lib/python3.10/site-packages/airflow/example_dags/example_python_operator.py
[2025-06-25T21:34:35.467-0400] {processor.py:840} INFO - DAG(s) 'example_python_operator' retrieved from /opt/anaconda3/envs/airflow_env/lib/python3.10/site-packages/airflow/example_dags/example_python_operator.py
[2025-06-25T21:34:35.558-0400] {logging_mixin.py:188} INFO - [2025-06-25T21:34:35.558-0400] {dag.py:3096} INFO - Sync 1 DAGs
[2025-06-25T21:34:35.561-0400] {logging_mixin.py:188} INFO - [2025-06-25T21:34:35.561-0400] {dag.py:3954} INFO - Setting next_dagrun for example_python_operator to None, run_after=None
[2025-06-25T21:34:35.569-0400] {processor.py:183} INFO - Processing /opt/anaconda3/envs/airflow_env/lib/python3.10/site-packages/airflow/example_dags/example_python_operator.py took 0.116 seconds
[2025-06-25T21:35:45.761-0400] {processor.py:161} INFO - Started process (PID=70978) to work on /opt/anaconda3/envs/airflow_env/lib/python3.10/site-packages/airflow/example_dags/example_python_operator.py
[2025-06-25T21:35:45.761-0400] {processor.py:830} INFO - Processing file /opt/anaconda3/envs/airflow_env/lib/python3.10/site-packages/airflow/example_dags/example_python_operator.py for tasks to queue
[2025-06-25T21:35:45.761-0400] {logging_mixin.py:188} INFO - [2025-06-25T21:35:45.761-0400] {dagbag.py:545} INFO - Filling up the DagBag from /opt/anaconda3/envs/airflow_env/lib/python3.10/site-packages/airflow/example_dags/example_python_operator.py
[2025-06-25T21:35:45.772-0400] {processor.py:840} INFO - DAG(s) 'example_python_operator' retrieved from /opt/anaconda3/envs/airflow_env/lib/python3.10/site-packages/airflow/example_dags/example_python_operator.py
[2025-06-25T21:35:45.859-0400] {logging_mixin.py:188} INFO - [2025-06-25T21:35:45.859-0400] {dag.py:3096} INFO - Sync 1 DAGs
[2025-06-25T21:35:45.862-0400] {logging_mixin.py:188} INFO - [2025-06-25T21:35:45.862-0400] {dag.py:3954} INFO - Setting next_dagrun for example_python_operator to None, run_after=None
[2025-06-25T21:35:45.876-0400] {processor.py:183} INFO - Processing /opt/anaconda3/envs/airflow_env/lib/python3.10/site-packages/airflow/example_dags/example_python_operator.py took 0.117 seconds
[2025-06-25T21:36:23.627-0400] {processor.py:161} INFO - Started process (PID=71031) to work on /opt/anaconda3/envs/airflow_env/lib/python3.10/site-packages/airflow/example_dags/example_python_operator.py
[2025-06-25T21:36:23.627-0400] {processor.py:830} INFO - Processing file /opt/anaconda3/envs/airflow_env/lib/python3.10/site-packages/airflow/example_dags/example_python_operator.py for tasks to queue
[2025-06-25T21:36:23.627-0400] {logging_mixin.py:188} INFO - [2025-06-25T21:36:23.627-0400] {dagbag.py:545} INFO - Filling up the DagBag from /opt/anaconda3/envs/airflow_env/lib/python3.10/site-packages/airflow/example_dags/example_python_operator.py
[2025-06-25T21:36:23.638-0400] {processor.py:840} INFO - DAG(s) 'example_python_operator' retrieved from /opt/anaconda3/envs/airflow_env/lib/python3.10/site-packages/airflow/example_dags/example_python_operator.py
[2025-06-25T21:36:23.725-0400] {logging_mixin.py:188} INFO - [2025-06-25T21:36:23.725-0400] {dag.py:3096} INFO - Sync 1 DAGs
[2025-06-25T21:36:23.728-0400] {logging_mixin.py:188} INFO - [2025-06-25T21:36:23.728-0400] {dag.py:3954} INFO - Setting next_dagrun for example_python_operator to None, run_after=None
[2025-06-25T21:36:23.735-0400] {processor.py:183} INFO - Processing /opt/anaconda3/envs/airflow_env/lib/python3.10/site-packages/airflow/example_dags/example_python_operator.py took 0.110 seconds
[2025-06-25T21:37:20.519-0400] {processor.py:161} INFO - Started process (PID=71145) to work on /opt/anaconda3/envs/airflow_env/lib/python3.10/site-packages/airflow/example_dags/example_python_operator.py
[2025-06-25T21:37:20.519-0400] {processor.py:830} INFO - Processing file /opt/anaconda3/envs/airflow_env/lib/python3.10/site-packages/airflow/example_dags/example_python_operator.py for tasks to queue
[2025-06-25T21:37:20.519-0400] {logging_mixin.py:188} INFO - [2025-06-25T21:37:20.519-0400] {dagbag.py:545} INFO - Filling up the DagBag from /opt/anaconda3/envs/airflow_env/lib/python3.10/site-packages/airflow/example_dags/example_python_operator.py
[2025-06-25T21:37:20.529-0400] {processor.py:840} INFO - DAG(s) 'example_python_operator' retrieved from /opt/anaconda3/envs/airflow_env/lib/python3.10/site-packages/airflow/example_dags/example_python_operator.py
[2025-06-25T21:37:20.610-0400] {logging_mixin.py:188} INFO - [2025-06-25T21:37:20.610-0400] {dag.py:3096} INFO - Sync 1 DAGs
[2025-06-25T21:37:20.613-0400] {logging_mixin.py:188} INFO - [2025-06-25T21:37:20.613-0400] {dag.py:3954} INFO - Setting next_dagrun for example_python_operator to None, run_after=None
[2025-06-25T21:37:20.620-0400] {processor.py:183} INFO - Processing /opt/anaconda3/envs/airflow_env/lib/python3.10/site-packages/airflow/example_dags/example_python_operator.py took 0.103 seconds
[2025-06-25T21:38:06.319-0400] {processor.py:161} INFO - Started process (PID=71220) to work on /opt/anaconda3/envs/airflow_env/lib/python3.10/site-packages/airflow/example_dags/example_python_operator.py
[2025-06-25T21:38:06.320-0400] {processor.py:830} INFO - Processing file /opt/anaconda3/envs/airflow_env/lib/python3.10/site-packages/airflow/example_dags/example_python_operator.py for tasks to queue
[2025-06-25T21:38:06.320-0400] {logging_mixin.py:188} INFO - [2025-06-25T21:38:06.320-0400] {dagbag.py:545} INFO - Filling up the DagBag from /opt/anaconda3/envs/airflow_env/lib/python3.10/site-packages/airflow/example_dags/example_python_operator.py
[2025-06-25T21:38:06.358-0400] {processor.py:840} INFO - DAG(s) 'example_python_operator' retrieved from /opt/anaconda3/envs/airflow_env/lib/python3.10/site-packages/airflow/example_dags/example_python_operator.py
[2025-06-25T21:38:06.567-0400] {logging_mixin.py:188} INFO - [2025-06-25T21:38:06.567-0400] {dag.py:3096} INFO - Sync 1 DAGs
[2025-06-25T21:38:06.572-0400] {logging_mixin.py:188} INFO - [2025-06-25T21:38:06.572-0400] {dag.py:3954} INFO - Setting next_dagrun for example_python_operator to None, run_after=None
[2025-06-25T21:38:06.582-0400] {processor.py:183} INFO - Processing /opt/anaconda3/envs/airflow_env/lib/python3.10/site-packages/airflow/example_dags/example_python_operator.py took 0.268 seconds
[2025-06-25T21:39:05.324-0400] {processor.py:161} INFO - Started process (PID=71309) to work on /opt/anaconda3/envs/airflow_env/lib/python3.10/site-packages/airflow/example_dags/example_python_operator.py
[2025-06-25T21:39:05.325-0400] {processor.py:830} INFO - Processing file /opt/anaconda3/envs/airflow_env/lib/python3.10/site-packages/airflow/example_dags/example_python_operator.py for tasks to queue
[2025-06-25T21:39:05.325-0400] {logging_mixin.py:188} INFO - [2025-06-25T21:39:05.325-0400] {dagbag.py:545} INFO - Filling up the DagBag from /opt/anaconda3/envs/airflow_env/lib/python3.10/site-packages/airflow/example_dags/example_python_operator.py
[2025-06-25T21:39:05.335-0400] {processor.py:840} INFO - DAG(s) 'example_python_operator' retrieved from /opt/anaconda3/envs/airflow_env/lib/python3.10/site-packages/airflow/example_dags/example_python_operator.py
[2025-06-25T21:39:05.416-0400] {logging_mixin.py:188} INFO - [2025-06-25T21:39:05.416-0400] {dag.py:3096} INFO - Sync 1 DAGs
[2025-06-25T21:39:05.419-0400] {logging_mixin.py:188} INFO - [2025-06-25T21:39:05.419-0400] {dag.py:3954} INFO - Setting next_dagrun for example_python_operator to None, run_after=None
[2025-06-25T21:39:05.427-0400] {processor.py:183} INFO - Processing /opt/anaconda3/envs/airflow_env/lib/python3.10/site-packages/airflow/example_dags/example_python_operator.py took 0.104 seconds
[2025-06-25T21:39:46.367-0400] {processor.py:161} INFO - Started process (PID=71372) to work on /opt/anaconda3/envs/airflow_env/lib/python3.10/site-packages/airflow/example_dags/example_python_operator.py
[2025-06-25T21:39:46.367-0400] {processor.py:830} INFO - Processing file /opt/anaconda3/envs/airflow_env/lib/python3.10/site-packages/airflow/example_dags/example_python_operator.py for tasks to queue
[2025-06-25T21:39:46.368-0400] {logging_mixin.py:188} INFO - [2025-06-25T21:39:46.368-0400] {dagbag.py:545} INFO - Filling up the DagBag from /opt/anaconda3/envs/airflow_env/lib/python3.10/site-packages/airflow/example_dags/example_python_operator.py
[2025-06-25T21:39:46.378-0400] {processor.py:840} INFO - DAG(s) 'example_python_operator' retrieved from /opt/anaconda3/envs/airflow_env/lib/python3.10/site-packages/airflow/example_dags/example_python_operator.py
[2025-06-25T21:39:46.462-0400] {logging_mixin.py:188} INFO - [2025-06-25T21:39:46.462-0400] {dag.py:3096} INFO - Sync 1 DAGs
[2025-06-25T21:39:46.465-0400] {logging_mixin.py:188} INFO - [2025-06-25T21:39:46.465-0400] {dag.py:3954} INFO - Setting next_dagrun for example_python_operator to None, run_after=None
[2025-06-25T21:39:46.472-0400] {processor.py:183} INFO - Processing /opt/anaconda3/envs/airflow_env/lib/python3.10/site-packages/airflow/example_dags/example_python_operator.py took 0.107 seconds
[2025-06-25T21:40:44.837-0400] {processor.py:161} INFO - Started process (PID=71506) to work on /opt/anaconda3/envs/airflow_env/lib/python3.10/site-packages/airflow/example_dags/example_python_operator.py
[2025-06-25T21:40:44.838-0400] {processor.py:830} INFO - Processing file /opt/anaconda3/envs/airflow_env/lib/python3.10/site-packages/airflow/example_dags/example_python_operator.py for tasks to queue
[2025-06-25T21:40:44.838-0400] {logging_mixin.py:188} INFO - [2025-06-25T21:40:44.838-0400] {dagbag.py:545} INFO - Filling up the DagBag from /opt/anaconda3/envs/airflow_env/lib/python3.10/site-packages/airflow/example_dags/example_python_operator.py
[2025-06-25T21:40:44.848-0400] {processor.py:840} INFO - DAG(s) 'example_python_operator' retrieved from /opt/anaconda3/envs/airflow_env/lib/python3.10/site-packages/airflow/example_dags/example_python_operator.py
[2025-06-25T21:40:44.927-0400] {logging_mixin.py:188} INFO - [2025-06-25T21:40:44.927-0400] {dag.py:3096} INFO - Sync 1 DAGs
[2025-06-25T21:40:44.930-0400] {logging_mixin.py:188} INFO - [2025-06-25T21:40:44.930-0400] {dag.py:3954} INFO - Setting next_dagrun for example_python_operator to None, run_after=None
[2025-06-25T21:40:44.937-0400] {processor.py:183} INFO - Processing /opt/anaconda3/envs/airflow_env/lib/python3.10/site-packages/airflow/example_dags/example_python_operator.py took 0.101 seconds
[2025-06-25T21:41:20.237-0400] {processor.py:161} INFO - Started process (PID=71559) to work on /opt/anaconda3/envs/airflow_env/lib/python3.10/site-packages/airflow/example_dags/example_python_operator.py
[2025-06-25T21:41:20.238-0400] {processor.py:830} INFO - Processing file /opt/anaconda3/envs/airflow_env/lib/python3.10/site-packages/airflow/example_dags/example_python_operator.py for tasks to queue
[2025-06-25T21:41:20.238-0400] {logging_mixin.py:188} INFO - [2025-06-25T21:41:20.238-0400] {dagbag.py:545} INFO - Filling up the DagBag from /opt/anaconda3/envs/airflow_env/lib/python3.10/site-packages/airflow/example_dags/example_python_operator.py
[2025-06-25T21:41:20.252-0400] {processor.py:840} INFO - DAG(s) 'example_python_operator' retrieved from /opt/anaconda3/envs/airflow_env/lib/python3.10/site-packages/airflow/example_dags/example_python_operator.py
[2025-06-25T21:41:20.362-0400] {logging_mixin.py:188} INFO - [2025-06-25T21:41:20.362-0400] {dag.py:3096} INFO - Sync 1 DAGs
[2025-06-25T21:41:20.365-0400] {logging_mixin.py:188} INFO - [2025-06-25T21:41:20.365-0400] {dag.py:3954} INFO - Setting next_dagrun for example_python_operator to None, run_after=None
[2025-06-25T21:41:20.373-0400] {processor.py:183} INFO - Processing /opt/anaconda3/envs/airflow_env/lib/python3.10/site-packages/airflow/example_dags/example_python_operator.py took 0.138 seconds
[2025-06-25T21:42:20.868-0400] {processor.py:161} INFO - Started process (PID=71701) to work on /opt/anaconda3/envs/airflow_env/lib/python3.10/site-packages/airflow/example_dags/example_python_operator.py
[2025-06-25T21:42:20.869-0400] {processor.py:830} INFO - Processing file /opt/anaconda3/envs/airflow_env/lib/python3.10/site-packages/airflow/example_dags/example_python_operator.py for tasks to queue
[2025-06-25T21:42:20.869-0400] {logging_mixin.py:188} INFO - [2025-06-25T21:42:20.869-0400] {dagbag.py:545} INFO - Filling up the DagBag from /opt/anaconda3/envs/airflow_env/lib/python3.10/site-packages/airflow/example_dags/example_python_operator.py
[2025-06-25T21:42:20.881-0400] {processor.py:840} INFO - DAG(s) 'example_python_operator' retrieved from /opt/anaconda3/envs/airflow_env/lib/python3.10/site-packages/airflow/example_dags/example_python_operator.py
[2025-06-25T21:42:20.971-0400] {logging_mixin.py:188} INFO - [2025-06-25T21:42:20.971-0400] {dag.py:3096} INFO - Sync 1 DAGs
[2025-06-25T21:42:20.975-0400] {logging_mixin.py:188} INFO - [2025-06-25T21:42:20.975-0400] {dag.py:3954} INFO - Setting next_dagrun for example_python_operator to None, run_after=None
[2025-06-25T21:42:20.982-0400] {processor.py:183} INFO - Processing /opt/anaconda3/envs/airflow_env/lib/python3.10/site-packages/airflow/example_dags/example_python_operator.py took 0.116 seconds
[2025-06-25T21:42:59.197-0400] {processor.py:161} INFO - Started process (PID=71808) to work on /opt/anaconda3/envs/airflow_env/lib/python3.10/site-packages/airflow/example_dags/example_python_operator.py
[2025-06-25T21:42:59.197-0400] {processor.py:830} INFO - Processing file /opt/anaconda3/envs/airflow_env/lib/python3.10/site-packages/airflow/example_dags/example_python_operator.py for tasks to queue
[2025-06-25T21:42:59.198-0400] {logging_mixin.py:188} INFO - [2025-06-25T21:42:59.197-0400] {dagbag.py:545} INFO - Filling up the DagBag from /opt/anaconda3/envs/airflow_env/lib/python3.10/site-packages/airflow/example_dags/example_python_operator.py
[2025-06-25T21:42:59.208-0400] {processor.py:840} INFO - DAG(s) 'example_python_operator' retrieved from /opt/anaconda3/envs/airflow_env/lib/python3.10/site-packages/airflow/example_dags/example_python_operator.py
[2025-06-25T21:42:59.307-0400] {logging_mixin.py:188} INFO - [2025-06-25T21:42:59.307-0400] {dag.py:3096} INFO - Sync 1 DAGs
[2025-06-25T21:42:59.311-0400] {logging_mixin.py:188} INFO - [2025-06-25T21:42:59.311-0400] {dag.py:3954} INFO - Setting next_dagrun for example_python_operator to None, run_after=None
[2025-06-25T21:42:59.318-0400] {processor.py:183} INFO - Processing /opt/anaconda3/envs/airflow_env/lib/python3.10/site-packages/airflow/example_dags/example_python_operator.py took 0.122 seconds
[2025-06-25T21:44:02.574-0400] {processor.py:161} INFO - Started process (PID=71944) to work on /opt/anaconda3/envs/airflow_env/lib/python3.10/site-packages/airflow/example_dags/example_python_operator.py
[2025-06-25T21:44:02.575-0400] {processor.py:830} INFO - Processing file /opt/anaconda3/envs/airflow_env/lib/python3.10/site-packages/airflow/example_dags/example_python_operator.py for tasks to queue
[2025-06-25T21:44:02.575-0400] {logging_mixin.py:188} INFO - [2025-06-25T21:44:02.575-0400] {dagbag.py:545} INFO - Filling up the DagBag from /opt/anaconda3/envs/airflow_env/lib/python3.10/site-packages/airflow/example_dags/example_python_operator.py
[2025-06-25T21:44:02.587-0400] {processor.py:840} INFO - DAG(s) 'example_python_operator' retrieved from /opt/anaconda3/envs/airflow_env/lib/python3.10/site-packages/airflow/example_dags/example_python_operator.py
[2025-06-25T21:44:02.671-0400] {logging_mixin.py:188} INFO - [2025-06-25T21:44:02.671-0400] {dag.py:3096} INFO - Sync 1 DAGs
[2025-06-25T21:44:02.674-0400] {logging_mixin.py:188} INFO - [2025-06-25T21:44:02.674-0400] {dag.py:3954} INFO - Setting next_dagrun for example_python_operator to None, run_after=None
[2025-06-25T21:44:02.681-0400] {processor.py:183} INFO - Processing /opt/anaconda3/envs/airflow_env/lib/python3.10/site-packages/airflow/example_dags/example_python_operator.py took 0.109 seconds
[2025-06-25T21:44:39.347-0400] {processor.py:161} INFO - Started process (PID=72012) to work on /opt/anaconda3/envs/airflow_env/lib/python3.10/site-packages/airflow/example_dags/example_python_operator.py
[2025-06-25T21:44:39.347-0400] {processor.py:830} INFO - Processing file /opt/anaconda3/envs/airflow_env/lib/python3.10/site-packages/airflow/example_dags/example_python_operator.py for tasks to queue
[2025-06-25T21:44:39.348-0400] {logging_mixin.py:188} INFO - [2025-06-25T21:44:39.347-0400] {dagbag.py:545} INFO - Filling up the DagBag from /opt/anaconda3/envs/airflow_env/lib/python3.10/site-packages/airflow/example_dags/example_python_operator.py
[2025-06-25T21:44:39.359-0400] {processor.py:840} INFO - DAG(s) 'example_python_operator' retrieved from /opt/anaconda3/envs/airflow_env/lib/python3.10/site-packages/airflow/example_dags/example_python_operator.py
[2025-06-25T21:44:39.442-0400] {logging_mixin.py:188} INFO - [2025-06-25T21:44:39.442-0400] {dag.py:3096} INFO - Sync 1 DAGs
[2025-06-25T21:44:39.445-0400] {logging_mixin.py:188} INFO - [2025-06-25T21:44:39.445-0400] {dag.py:3954} INFO - Setting next_dagrun for example_python_operator to None, run_after=None
[2025-06-25T21:44:39.452-0400] {processor.py:183} INFO - Processing /opt/anaconda3/envs/airflow_env/lib/python3.10/site-packages/airflow/example_dags/example_python_operator.py took 0.106 seconds
[2025-06-25T21:45:44.332-0400] {processor.py:161} INFO - Started process (PID=72135) to work on /opt/anaconda3/envs/airflow_env/lib/python3.10/site-packages/airflow/example_dags/example_python_operator.py
[2025-06-25T21:45:44.332-0400] {processor.py:830} INFO - Processing file /opt/anaconda3/envs/airflow_env/lib/python3.10/site-packages/airflow/example_dags/example_python_operator.py for tasks to queue
[2025-06-25T21:45:44.333-0400] {logging_mixin.py:188} INFO - [2025-06-25T21:45:44.333-0400] {dagbag.py:545} INFO - Filling up the DagBag from /opt/anaconda3/envs/airflow_env/lib/python3.10/site-packages/airflow/example_dags/example_python_operator.py
[2025-06-25T21:45:44.344-0400] {processor.py:840} INFO - DAG(s) 'example_python_operator' retrieved from /opt/anaconda3/envs/airflow_env/lib/python3.10/site-packages/airflow/example_dags/example_python_operator.py
[2025-06-25T21:45:44.429-0400] {logging_mixin.py:188} INFO - [2025-06-25T21:45:44.429-0400] {dag.py:3096} INFO - Sync 1 DAGs
[2025-06-25T21:45:44.432-0400] {logging_mixin.py:188} INFO - [2025-06-25T21:45:44.432-0400] {dag.py:3954} INFO - Setting next_dagrun for example_python_operator to None, run_after=None
[2025-06-25T21:45:44.439-0400] {processor.py:183} INFO - Processing /opt/anaconda3/envs/airflow_env/lib/python3.10/site-packages/airflow/example_dags/example_python_operator.py took 0.109 seconds
[2025-06-25T21:46:20.809-0400] {processor.py:161} INFO - Started process (PID=72205) to work on /opt/anaconda3/envs/airflow_env/lib/python3.10/site-packages/airflow/example_dags/example_python_operator.py
[2025-06-25T21:46:20.809-0400] {processor.py:830} INFO - Processing file /opt/anaconda3/envs/airflow_env/lib/python3.10/site-packages/airflow/example_dags/example_python_operator.py for tasks to queue
[2025-06-25T21:46:20.809-0400] {logging_mixin.py:188} INFO - [2025-06-25T21:46:20.809-0400] {dagbag.py:545} INFO - Filling up the DagBag from /opt/anaconda3/envs/airflow_env/lib/python3.10/site-packages/airflow/example_dags/example_python_operator.py
[2025-06-25T21:46:20.820-0400] {processor.py:840} INFO - DAG(s) 'example_python_operator' retrieved from /opt/anaconda3/envs/airflow_env/lib/python3.10/site-packages/airflow/example_dags/example_python_operator.py
[2025-06-25T21:46:20.902-0400] {logging_mixin.py:188} INFO - [2025-06-25T21:46:20.902-0400] {dag.py:3096} INFO - Sync 1 DAGs
[2025-06-25T21:46:20.905-0400] {logging_mixin.py:188} INFO - [2025-06-25T21:46:20.905-0400] {dag.py:3954} INFO - Setting next_dagrun for example_python_operator to None, run_after=None
[2025-06-25T21:46:20.912-0400] {processor.py:183} INFO - Processing /opt/anaconda3/envs/airflow_env/lib/python3.10/site-packages/airflow/example_dags/example_python_operator.py took 0.105 seconds
[2025-06-25T21:47:24.024-0400] {processor.py:161} INFO - Started process (PID=72322) to work on /opt/anaconda3/envs/airflow_env/lib/python3.10/site-packages/airflow/example_dags/example_python_operator.py
[2025-06-25T21:47:24.024-0400] {processor.py:830} INFO - Processing file /opt/anaconda3/envs/airflow_env/lib/python3.10/site-packages/airflow/example_dags/example_python_operator.py for tasks to queue
[2025-06-25T21:47:24.024-0400] {logging_mixin.py:188} INFO - [2025-06-25T21:47:24.024-0400] {dagbag.py:545} INFO - Filling up the DagBag from /opt/anaconda3/envs/airflow_env/lib/python3.10/site-packages/airflow/example_dags/example_python_operator.py
[2025-06-25T21:47:24.036-0400] {processor.py:840} INFO - DAG(s) 'example_python_operator' retrieved from /opt/anaconda3/envs/airflow_env/lib/python3.10/site-packages/airflow/example_dags/example_python_operator.py
[2025-06-25T21:47:24.133-0400] {logging_mixin.py:188} INFO - [2025-06-25T21:47:24.133-0400] {dag.py:3096} INFO - Sync 1 DAGs
[2025-06-25T21:47:24.136-0400] {logging_mixin.py:188} INFO - [2025-06-25T21:47:24.136-0400] {dag.py:3954} INFO - Setting next_dagrun for example_python_operator to None, run_after=None
[2025-06-25T21:47:24.143-0400] {processor.py:183} INFO - Processing /opt/anaconda3/envs/airflow_env/lib/python3.10/site-packages/airflow/example_dags/example_python_operator.py took 0.122 seconds
[2025-06-25T21:48:03.472-0400] {processor.py:161} INFO - Started process (PID=72419) to work on /opt/anaconda3/envs/airflow_env/lib/python3.10/site-packages/airflow/example_dags/example_python_operator.py
[2025-06-25T21:48:03.473-0400] {processor.py:830} INFO - Processing file /opt/anaconda3/envs/airflow_env/lib/python3.10/site-packages/airflow/example_dags/example_python_operator.py for tasks to queue
[2025-06-25T21:48:03.473-0400] {logging_mixin.py:188} INFO - [2025-06-25T21:48:03.473-0400] {dagbag.py:545} INFO - Filling up the DagBag from /opt/anaconda3/envs/airflow_env/lib/python3.10/site-packages/airflow/example_dags/example_python_operator.py
[2025-06-25T21:48:03.484-0400] {processor.py:840} INFO - DAG(s) 'example_python_operator' retrieved from /opt/anaconda3/envs/airflow_env/lib/python3.10/site-packages/airflow/example_dags/example_python_operator.py
[2025-06-25T21:48:03.577-0400] {logging_mixin.py:188} INFO - [2025-06-25T21:48:03.577-0400] {dag.py:3096} INFO - Sync 1 DAGs
[2025-06-25T21:48:03.580-0400] {logging_mixin.py:188} INFO - [2025-06-25T21:48:03.580-0400] {dag.py:3954} INFO - Setting next_dagrun for example_python_operator to None, run_after=None
[2025-06-25T21:48:03.587-0400] {processor.py:183} INFO - Processing /opt/anaconda3/envs/airflow_env/lib/python3.10/site-packages/airflow/example_dags/example_python_operator.py took 0.118 seconds
[2025-06-25T21:49:13.739-0400] {processor.py:161} INFO - Started process (PID=72511) to work on /opt/anaconda3/envs/airflow_env/lib/python3.10/site-packages/airflow/example_dags/example_python_operator.py
[2025-06-25T21:49:13.739-0400] {processor.py:830} INFO - Processing file /opt/anaconda3/envs/airflow_env/lib/python3.10/site-packages/airflow/example_dags/example_python_operator.py for tasks to queue
[2025-06-25T21:49:13.740-0400] {logging_mixin.py:188} INFO - [2025-06-25T21:49:13.740-0400] {dagbag.py:545} INFO - Filling up the DagBag from /opt/anaconda3/envs/airflow_env/lib/python3.10/site-packages/airflow/example_dags/example_python_operator.py
[2025-06-25T21:49:13.752-0400] {processor.py:840} INFO - DAG(s) 'example_python_operator' retrieved from /opt/anaconda3/envs/airflow_env/lib/python3.10/site-packages/airflow/example_dags/example_python_operator.py
[2025-06-25T21:49:13.837-0400] {logging_mixin.py:188} INFO - [2025-06-25T21:49:13.837-0400] {dag.py:3096} INFO - Sync 1 DAGs
[2025-06-25T21:49:13.840-0400] {logging_mixin.py:188} INFO - [2025-06-25T21:49:13.840-0400] {dag.py:3954} INFO - Setting next_dagrun for example_python_operator to None, run_after=None
[2025-06-25T21:49:13.847-0400] {processor.py:183} INFO - Processing /opt/anaconda3/envs/airflow_env/lib/python3.10/site-packages/airflow/example_dags/example_python_operator.py took 0.110 seconds
[2025-06-25T21:49:49.129-0400] {processor.py:161} INFO - Started process (PID=72564) to work on /opt/anaconda3/envs/airflow_env/lib/python3.10/site-packages/airflow/example_dags/example_python_operator.py
[2025-06-25T21:49:49.129-0400] {processor.py:830} INFO - Processing file /opt/anaconda3/envs/airflow_env/lib/python3.10/site-packages/airflow/example_dags/example_python_operator.py for tasks to queue
[2025-06-25T21:49:49.129-0400] {logging_mixin.py:188} INFO - [2025-06-25T21:49:49.129-0400] {dagbag.py:545} INFO - Filling up the DagBag from /opt/anaconda3/envs/airflow_env/lib/python3.10/site-packages/airflow/example_dags/example_python_operator.py
[2025-06-25T21:49:49.144-0400] {processor.py:840} INFO - DAG(s) 'example_python_operator' retrieved from /opt/anaconda3/envs/airflow_env/lib/python3.10/site-packages/airflow/example_dags/example_python_operator.py
[2025-06-25T21:49:49.233-0400] {logging_mixin.py:188} INFO - [2025-06-25T21:49:49.233-0400] {dag.py:3096} INFO - Sync 1 DAGs
[2025-06-25T21:49:49.237-0400] {logging_mixin.py:188} INFO - [2025-06-25T21:49:49.237-0400] {dag.py:3954} INFO - Setting next_dagrun for example_python_operator to None, run_after=None
[2025-06-25T21:49:49.245-0400] {processor.py:183} INFO - Processing /opt/anaconda3/envs/airflow_env/lib/python3.10/site-packages/airflow/example_dags/example_python_operator.py took 0.118 seconds
[2025-06-25T21:50:51.899-0400] {processor.py:161} INFO - Started process (PID=72654) to work on /opt/anaconda3/envs/airflow_env/lib/python3.10/site-packages/airflow/example_dags/example_python_operator.py
[2025-06-25T21:50:51.900-0400] {processor.py:830} INFO - Processing file /opt/anaconda3/envs/airflow_env/lib/python3.10/site-packages/airflow/example_dags/example_python_operator.py for tasks to queue
[2025-06-25T21:50:51.900-0400] {logging_mixin.py:188} INFO - [2025-06-25T21:50:51.900-0400] {dagbag.py:545} INFO - Filling up the DagBag from /opt/anaconda3/envs/airflow_env/lib/python3.10/site-packages/airflow/example_dags/example_python_operator.py
[2025-06-25T21:50:51.911-0400] {processor.py:840} INFO - DAG(s) 'example_python_operator' retrieved from /opt/anaconda3/envs/airflow_env/lib/python3.10/site-packages/airflow/example_dags/example_python_operator.py
[2025-06-25T21:50:51.995-0400] {logging_mixin.py:188} INFO - [2025-06-25T21:50:51.995-0400] {dag.py:3096} INFO - Sync 1 DAGs
[2025-06-25T21:50:51.998-0400] {logging_mixin.py:188} INFO - [2025-06-25T21:50:51.998-0400] {dag.py:3954} INFO - Setting next_dagrun for example_python_operator to None, run_after=None
[2025-06-25T21:50:52.005-0400] {processor.py:183} INFO - Processing /opt/anaconda3/envs/airflow_env/lib/python3.10/site-packages/airflow/example_dags/example_python_operator.py took 0.107 seconds
[2025-06-25T21:51:31.118-0400] {processor.py:161} INFO - Started process (PID=72724) to work on /opt/anaconda3/envs/airflow_env/lib/python3.10/site-packages/airflow/example_dags/example_python_operator.py
[2025-06-25T21:51:31.118-0400] {processor.py:830} INFO - Processing file /opt/anaconda3/envs/airflow_env/lib/python3.10/site-packages/airflow/example_dags/example_python_operator.py for tasks to queue
[2025-06-25T21:51:31.118-0400] {logging_mixin.py:188} INFO - [2025-06-25T21:51:31.118-0400] {dagbag.py:545} INFO - Filling up the DagBag from /opt/anaconda3/envs/airflow_env/lib/python3.10/site-packages/airflow/example_dags/example_python_operator.py
[2025-06-25T21:51:31.129-0400] {processor.py:840} INFO - DAG(s) 'example_python_operator' retrieved from /opt/anaconda3/envs/airflow_env/lib/python3.10/site-packages/airflow/example_dags/example_python_operator.py
[2025-06-25T21:51:31.238-0400] {logging_mixin.py:188} INFO - [2025-06-25T21:51:31.238-0400] {dag.py:3096} INFO - Sync 1 DAGs
[2025-06-25T21:51:31.242-0400] {logging_mixin.py:188} INFO - [2025-06-25T21:51:31.242-0400] {dag.py:3954} INFO - Setting next_dagrun for example_python_operator to None, run_after=None
[2025-06-25T21:51:31.249-0400] {processor.py:183} INFO - Processing /opt/anaconda3/envs/airflow_env/lib/python3.10/site-packages/airflow/example_dags/example_python_operator.py took 0.134 seconds
[2025-06-25T21:52:35.942-0400] {processor.py:161} INFO - Started process (PID=72814) to work on /opt/anaconda3/envs/airflow_env/lib/python3.10/site-packages/airflow/example_dags/example_python_operator.py
[2025-06-25T21:52:35.943-0400] {processor.py:830} INFO - Processing file /opt/anaconda3/envs/airflow_env/lib/python3.10/site-packages/airflow/example_dags/example_python_operator.py for tasks to queue
[2025-06-25T21:52:35.943-0400] {logging_mixin.py:188} INFO - [2025-06-25T21:52:35.943-0400] {dagbag.py:545} INFO - Filling up the DagBag from /opt/anaconda3/envs/airflow_env/lib/python3.10/site-packages/airflow/example_dags/example_python_operator.py
[2025-06-25T21:52:35.954-0400] {processor.py:840} INFO - DAG(s) 'example_python_operator' retrieved from /opt/anaconda3/envs/airflow_env/lib/python3.10/site-packages/airflow/example_dags/example_python_operator.py
[2025-06-25T21:52:36.039-0400] {logging_mixin.py:188} INFO - [2025-06-25T21:52:36.039-0400] {dag.py:3096} INFO - Sync 1 DAGs
[2025-06-25T21:52:36.042-0400] {logging_mixin.py:188} INFO - [2025-06-25T21:52:36.042-0400] {dag.py:3954} INFO - Setting next_dagrun for example_python_operator to None, run_after=None
[2025-06-25T21:52:36.048-0400] {processor.py:183} INFO - Processing /opt/anaconda3/envs/airflow_env/lib/python3.10/site-packages/airflow/example_dags/example_python_operator.py took 0.108 seconds
[2025-06-25T21:53:09.674-0400] {processor.py:161} INFO - Started process (PID=72865) to work on /opt/anaconda3/envs/airflow_env/lib/python3.10/site-packages/airflow/example_dags/example_python_operator.py
[2025-06-25T21:53:09.674-0400] {processor.py:830} INFO - Processing file /opt/anaconda3/envs/airflow_env/lib/python3.10/site-packages/airflow/example_dags/example_python_operator.py for tasks to queue
[2025-06-25T21:53:09.674-0400] {logging_mixin.py:188} INFO - [2025-06-25T21:53:09.674-0400] {dagbag.py:545} INFO - Filling up the DagBag from /opt/anaconda3/envs/airflow_env/lib/python3.10/site-packages/airflow/example_dags/example_python_operator.py
[2025-06-25T21:53:09.685-0400] {processor.py:840} INFO - DAG(s) 'example_python_operator' retrieved from /opt/anaconda3/envs/airflow_env/lib/python3.10/site-packages/airflow/example_dags/example_python_operator.py
[2025-06-25T21:53:09.767-0400] {logging_mixin.py:188} INFO - [2025-06-25T21:53:09.767-0400] {dag.py:3096} INFO - Sync 1 DAGs
[2025-06-25T21:53:09.770-0400] {logging_mixin.py:188} INFO - [2025-06-25T21:53:09.770-0400] {dag.py:3954} INFO - Setting next_dagrun for example_python_operator to None, run_after=None
[2025-06-25T21:53:09.777-0400] {processor.py:183} INFO - Processing /opt/anaconda3/envs/airflow_env/lib/python3.10/site-packages/airflow/example_dags/example_python_operator.py took 0.104 seconds
[2025-06-25T21:54:14.327-0400] {processor.py:161} INFO - Started process (PID=73013) to work on /opt/anaconda3/envs/airflow_env/lib/python3.10/site-packages/airflow/example_dags/example_python_operator.py
[2025-06-25T21:54:14.328-0400] {processor.py:830} INFO - Processing file /opt/anaconda3/envs/airflow_env/lib/python3.10/site-packages/airflow/example_dags/example_python_operator.py for tasks to queue
[2025-06-25T21:54:14.328-0400] {logging_mixin.py:188} INFO - [2025-06-25T21:54:14.328-0400] {dagbag.py:545} INFO - Filling up the DagBag from /opt/anaconda3/envs/airflow_env/lib/python3.10/site-packages/airflow/example_dags/example_python_operator.py
[2025-06-25T21:54:14.341-0400] {processor.py:840} INFO - DAG(s) 'example_python_operator' retrieved from /opt/anaconda3/envs/airflow_env/lib/python3.10/site-packages/airflow/example_dags/example_python_operator.py
[2025-06-25T21:54:14.434-0400] {logging_mixin.py:188} INFO - [2025-06-25T21:54:14.434-0400] {dag.py:3096} INFO - Sync 1 DAGs
[2025-06-25T21:54:14.438-0400] {logging_mixin.py:188} INFO - [2025-06-25T21:54:14.438-0400] {dag.py:3954} INFO - Setting next_dagrun for example_python_operator to None, run_after=None
[2025-06-25T21:54:14.445-0400] {processor.py:183} INFO - Processing /opt/anaconda3/envs/airflow_env/lib/python3.10/site-packages/airflow/example_dags/example_python_operator.py took 0.121 seconds
[2025-06-25T21:54:47.690-0400] {processor.py:161} INFO - Started process (PID=73078) to work on /opt/anaconda3/envs/airflow_env/lib/python3.10/site-packages/airflow/example_dags/example_python_operator.py
[2025-06-25T21:54:47.691-0400] {processor.py:830} INFO - Processing file /opt/anaconda3/envs/airflow_env/lib/python3.10/site-packages/airflow/example_dags/example_python_operator.py for tasks to queue
[2025-06-25T21:54:47.691-0400] {logging_mixin.py:188} INFO - [2025-06-25T21:54:47.691-0400] {dagbag.py:545} INFO - Filling up the DagBag from /opt/anaconda3/envs/airflow_env/lib/python3.10/site-packages/airflow/example_dags/example_python_operator.py
[2025-06-25T21:54:47.704-0400] {processor.py:840} INFO - DAG(s) 'example_python_operator' retrieved from /opt/anaconda3/envs/airflow_env/lib/python3.10/site-packages/airflow/example_dags/example_python_operator.py
[2025-06-25T21:54:47.792-0400] {logging_mixin.py:188} INFO - [2025-06-25T21:54:47.792-0400] {dag.py:3096} INFO - Sync 1 DAGs
[2025-06-25T21:54:47.795-0400] {logging_mixin.py:188} INFO - [2025-06-25T21:54:47.795-0400] {dag.py:3954} INFO - Setting next_dagrun for example_python_operator to None, run_after=None
[2025-06-25T21:54:47.802-0400] {processor.py:183} INFO - Processing /opt/anaconda3/envs/airflow_env/lib/python3.10/site-packages/airflow/example_dags/example_python_operator.py took 0.113 seconds
[2025-06-25T21:55:52.773-0400] {processor.py:161} INFO - Started process (PID=73188) to work on /opt/anaconda3/envs/airflow_env/lib/python3.10/site-packages/airflow/example_dags/example_python_operator.py
[2025-06-25T21:55:52.773-0400] {processor.py:830} INFO - Processing file /opt/anaconda3/envs/airflow_env/lib/python3.10/site-packages/airflow/example_dags/example_python_operator.py for tasks to queue
[2025-06-25T21:55:52.774-0400] {logging_mixin.py:188} INFO - [2025-06-25T21:55:52.774-0400] {dagbag.py:545} INFO - Filling up the DagBag from /opt/anaconda3/envs/airflow_env/lib/python3.10/site-packages/airflow/example_dags/example_python_operator.py
[2025-06-25T21:55:52.785-0400] {processor.py:840} INFO - DAG(s) 'example_python_operator' retrieved from /opt/anaconda3/envs/airflow_env/lib/python3.10/site-packages/airflow/example_dags/example_python_operator.py
[2025-06-25T21:55:52.871-0400] {logging_mixin.py:188} INFO - [2025-06-25T21:55:52.871-0400] {dag.py:3096} INFO - Sync 1 DAGs
[2025-06-25T21:55:52.874-0400] {logging_mixin.py:188} INFO - [2025-06-25T21:55:52.874-0400] {dag.py:3954} INFO - Setting next_dagrun for example_python_operator to None, run_after=None
[2025-06-25T21:55:52.881-0400] {processor.py:183} INFO - Processing /opt/anaconda3/envs/airflow_env/lib/python3.10/site-packages/airflow/example_dags/example_python_operator.py took 0.111 seconds
[2025-06-25T21:56:33.134-0400] {processor.py:161} INFO - Started process (PID=73243) to work on /opt/anaconda3/envs/airflow_env/lib/python3.10/site-packages/airflow/example_dags/example_python_operator.py
[2025-06-25T21:56:33.135-0400] {processor.py:830} INFO - Processing file /opt/anaconda3/envs/airflow_env/lib/python3.10/site-packages/airflow/example_dags/example_python_operator.py for tasks to queue
[2025-06-25T21:56:33.135-0400] {logging_mixin.py:188} INFO - [2025-06-25T21:56:33.135-0400] {dagbag.py:545} INFO - Filling up the DagBag from /opt/anaconda3/envs/airflow_env/lib/python3.10/site-packages/airflow/example_dags/example_python_operator.py
[2025-06-25T21:56:33.149-0400] {processor.py:840} INFO - DAG(s) 'example_python_operator' retrieved from /opt/anaconda3/envs/airflow_env/lib/python3.10/site-packages/airflow/example_dags/example_python_operator.py
[2025-06-25T21:56:33.298-0400] {logging_mixin.py:188} INFO - [2025-06-25T21:56:33.297-0400] {dag.py:3096} INFO - Sync 1 DAGs
[2025-06-25T21:56:33.301-0400] {logging_mixin.py:188} INFO - [2025-06-25T21:56:33.301-0400] {dag.py:3954} INFO - Setting next_dagrun for example_python_operator to None, run_after=None
[2025-06-25T21:56:33.309-0400] {processor.py:183} INFO - Processing /opt/anaconda3/envs/airflow_env/lib/python3.10/site-packages/airflow/example_dags/example_python_operator.py took 0.177 seconds
[2025-06-25T21:57:35.674-0400] {processor.py:161} INFO - Started process (PID=73335) to work on /opt/anaconda3/envs/airflow_env/lib/python3.10/site-packages/airflow/example_dags/example_python_operator.py
[2025-06-25T21:57:35.675-0400] {processor.py:830} INFO - Processing file /opt/anaconda3/envs/airflow_env/lib/python3.10/site-packages/airflow/example_dags/example_python_operator.py for tasks to queue
[2025-06-25T21:57:35.675-0400] {logging_mixin.py:188} INFO - [2025-06-25T21:57:35.675-0400] {dagbag.py:545} INFO - Filling up the DagBag from /opt/anaconda3/envs/airflow_env/lib/python3.10/site-packages/airflow/example_dags/example_python_operator.py
[2025-06-25T21:57:35.691-0400] {processor.py:840} INFO - DAG(s) 'example_python_operator' retrieved from /opt/anaconda3/envs/airflow_env/lib/python3.10/site-packages/airflow/example_dags/example_python_operator.py
[2025-06-25T21:57:35.785-0400] {logging_mixin.py:188} INFO - [2025-06-25T21:57:35.785-0400] {dag.py:3096} INFO - Sync 1 DAGs
[2025-06-25T21:57:35.788-0400] {logging_mixin.py:188} INFO - [2025-06-25T21:57:35.788-0400] {dag.py:3954} INFO - Setting next_dagrun for example_python_operator to None, run_after=None
[2025-06-25T21:57:35.796-0400] {processor.py:183} INFO - Processing /opt/anaconda3/envs/airflow_env/lib/python3.10/site-packages/airflow/example_dags/example_python_operator.py took 0.124 seconds
[2025-06-25T21:58:18.822-0400] {processor.py:161} INFO - Started process (PID=73417) to work on /opt/anaconda3/envs/airflow_env/lib/python3.10/site-packages/airflow/example_dags/example_python_operator.py
[2025-06-25T21:58:18.823-0400] {processor.py:830} INFO - Processing file /opt/anaconda3/envs/airflow_env/lib/python3.10/site-packages/airflow/example_dags/example_python_operator.py for tasks to queue
[2025-06-25T21:58:18.823-0400] {logging_mixin.py:188} INFO - [2025-06-25T21:58:18.823-0400] {dagbag.py:545} INFO - Filling up the DagBag from /opt/anaconda3/envs/airflow_env/lib/python3.10/site-packages/airflow/example_dags/example_python_operator.py
[2025-06-25T21:58:18.837-0400] {processor.py:840} INFO - DAG(s) 'example_python_operator' retrieved from /opt/anaconda3/envs/airflow_env/lib/python3.10/site-packages/airflow/example_dags/example_python_operator.py
[2025-06-25T21:58:18.936-0400] {logging_mixin.py:188} INFO - [2025-06-25T21:58:18.936-0400] {dag.py:3096} INFO - Sync 1 DAGs
[2025-06-25T21:58:18.939-0400] {logging_mixin.py:188} INFO - [2025-06-25T21:58:18.939-0400] {dag.py:3954} INFO - Setting next_dagrun for example_python_operator to None, run_after=None
[2025-06-25T21:58:18.946-0400] {processor.py:183} INFO - Processing /opt/anaconda3/envs/airflow_env/lib/python3.10/site-packages/airflow/example_dags/example_python_operator.py took 0.126 seconds
[2025-06-25T21:59:32.195-0400] {processor.py:161} INFO - Started process (PID=73517) to work on /opt/anaconda3/envs/airflow_env/lib/python3.10/site-packages/airflow/example_dags/example_python_operator.py
[2025-06-25T21:59:32.195-0400] {processor.py:830} INFO - Processing file /opt/anaconda3/envs/airflow_env/lib/python3.10/site-packages/airflow/example_dags/example_python_operator.py for tasks to queue
[2025-06-25T21:59:32.196-0400] {logging_mixin.py:188} INFO - [2025-06-25T21:59:32.196-0400] {dagbag.py:545} INFO - Filling up the DagBag from /opt/anaconda3/envs/airflow_env/lib/python3.10/site-packages/airflow/example_dags/example_python_operator.py
[2025-06-25T21:59:32.207-0400] {processor.py:840} INFO - DAG(s) 'example_python_operator' retrieved from /opt/anaconda3/envs/airflow_env/lib/python3.10/site-packages/airflow/example_dags/example_python_operator.py
[2025-06-25T21:59:32.298-0400] {logging_mixin.py:188} INFO - [2025-06-25T21:59:32.298-0400] {dag.py:3096} INFO - Sync 1 DAGs
[2025-06-25T21:59:32.301-0400] {logging_mixin.py:188} INFO - [2025-06-25T21:59:32.301-0400] {dag.py:3954} INFO - Setting next_dagrun for example_python_operator to None, run_after=None
[2025-06-25T21:59:32.309-0400] {processor.py:183} INFO - Processing /opt/anaconda3/envs/airflow_env/lib/python3.10/site-packages/airflow/example_dags/example_python_operator.py took 0.116 seconds
[2025-06-25T22:00:11.090-0400] {processor.py:161} INFO - Started process (PID=73570) to work on /opt/anaconda3/envs/airflow_env/lib/python3.10/site-packages/airflow/example_dags/example_python_operator.py
[2025-06-25T22:00:11.091-0400] {processor.py:830} INFO - Processing file /opt/anaconda3/envs/airflow_env/lib/python3.10/site-packages/airflow/example_dags/example_python_operator.py for tasks to queue
[2025-06-25T22:00:11.092-0400] {logging_mixin.py:188} INFO - [2025-06-25T22:00:11.091-0400] {dagbag.py:545} INFO - Filling up the DagBag from /opt/anaconda3/envs/airflow_env/lib/python3.10/site-packages/airflow/example_dags/example_python_operator.py
[2025-06-25T22:00:11.105-0400] {processor.py:840} INFO - DAG(s) 'example_python_operator' retrieved from /opt/anaconda3/envs/airflow_env/lib/python3.10/site-packages/airflow/example_dags/example_python_operator.py
[2025-06-25T22:00:11.220-0400] {logging_mixin.py:188} INFO - [2025-06-25T22:00:11.220-0400] {dag.py:3096} INFO - Sync 1 DAGs
[2025-06-25T22:00:11.224-0400] {logging_mixin.py:188} INFO - [2025-06-25T22:00:11.223-0400] {dag.py:3954} INFO - Setting next_dagrun for example_python_operator to None, run_after=None
[2025-06-25T22:00:11.231-0400] {processor.py:183} INFO - Processing /opt/anaconda3/envs/airflow_env/lib/python3.10/site-packages/airflow/example_dags/example_python_operator.py took 0.144 seconds
[2025-06-25T22:01:19.310-0400] {processor.py:161} INFO - Started process (PID=73669) to work on /opt/anaconda3/envs/airflow_env/lib/python3.10/site-packages/airflow/example_dags/example_python_operator.py
[2025-06-25T22:01:19.311-0400] {processor.py:830} INFO - Processing file /opt/anaconda3/envs/airflow_env/lib/python3.10/site-packages/airflow/example_dags/example_python_operator.py for tasks to queue
[2025-06-25T22:01:19.311-0400] {logging_mixin.py:188} INFO - [2025-06-25T22:01:19.311-0400] {dagbag.py:545} INFO - Filling up the DagBag from /opt/anaconda3/envs/airflow_env/lib/python3.10/site-packages/airflow/example_dags/example_python_operator.py
[2025-06-25T22:01:19.322-0400] {processor.py:840} INFO - DAG(s) 'example_python_operator' retrieved from /opt/anaconda3/envs/airflow_env/lib/python3.10/site-packages/airflow/example_dags/example_python_operator.py
[2025-06-25T22:01:19.407-0400] {logging_mixin.py:188} INFO - [2025-06-25T22:01:19.407-0400] {dag.py:3096} INFO - Sync 1 DAGs
[2025-06-25T22:01:19.410-0400] {logging_mixin.py:188} INFO - [2025-06-25T22:01:19.410-0400] {dag.py:3954} INFO - Setting next_dagrun for example_python_operator to None, run_after=None
[2025-06-25T22:01:19.417-0400] {processor.py:183} INFO - Processing /opt/anaconda3/envs/airflow_env/lib/python3.10/site-packages/airflow/example_dags/example_python_operator.py took 0.109 seconds
[2025-06-25T22:01:54.494-0400] {processor.py:161} INFO - Started process (PID=73730) to work on /opt/anaconda3/envs/airflow_env/lib/python3.10/site-packages/airflow/example_dags/example_python_operator.py
[2025-06-25T22:01:54.495-0400] {processor.py:830} INFO - Processing file /opt/anaconda3/envs/airflow_env/lib/python3.10/site-packages/airflow/example_dags/example_python_operator.py for tasks to queue
[2025-06-25T22:01:54.495-0400] {logging_mixin.py:188} INFO - [2025-06-25T22:01:54.495-0400] {dagbag.py:545} INFO - Filling up the DagBag from /opt/anaconda3/envs/airflow_env/lib/python3.10/site-packages/airflow/example_dags/example_python_operator.py
[2025-06-25T22:01:54.506-0400] {processor.py:840} INFO - DAG(s) 'example_python_operator' retrieved from /opt/anaconda3/envs/airflow_env/lib/python3.10/site-packages/airflow/example_dags/example_python_operator.py
[2025-06-25T22:01:54.604-0400] {logging_mixin.py:188} INFO - [2025-06-25T22:01:54.604-0400] {dag.py:3096} INFO - Sync 1 DAGs
[2025-06-25T22:01:54.607-0400] {logging_mixin.py:188} INFO - [2025-06-25T22:01:54.607-0400] {dag.py:3954} INFO - Setting next_dagrun for example_python_operator to None, run_after=None
[2025-06-25T22:01:54.613-0400] {processor.py:183} INFO - Processing /opt/anaconda3/envs/airflow_env/lib/python3.10/site-packages/airflow/example_dags/example_python_operator.py took 0.121 seconds
[2025-06-25T22:03:01.291-0400] {processor.py:161} INFO - Started process (PID=73839) to work on /opt/anaconda3/envs/airflow_env/lib/python3.10/site-packages/airflow/example_dags/example_python_operator.py
[2025-06-25T22:03:01.292-0400] {processor.py:830} INFO - Processing file /opt/anaconda3/envs/airflow_env/lib/python3.10/site-packages/airflow/example_dags/example_python_operator.py for tasks to queue
[2025-06-25T22:03:01.292-0400] {logging_mixin.py:188} INFO - [2025-06-25T22:03:01.292-0400] {dagbag.py:545} INFO - Filling up the DagBag from /opt/anaconda3/envs/airflow_env/lib/python3.10/site-packages/airflow/example_dags/example_python_operator.py
[2025-06-25T22:03:01.305-0400] {processor.py:840} INFO - DAG(s) 'example_python_operator' retrieved from /opt/anaconda3/envs/airflow_env/lib/python3.10/site-packages/airflow/example_dags/example_python_operator.py
[2025-06-25T22:03:01.402-0400] {logging_mixin.py:188} INFO - [2025-06-25T22:03:01.402-0400] {dag.py:3096} INFO - Sync 1 DAGs
[2025-06-25T22:03:01.406-0400] {logging_mixin.py:188} INFO - [2025-06-25T22:03:01.405-0400] {dag.py:3954} INFO - Setting next_dagrun for example_python_operator to None, run_after=None
[2025-06-25T22:03:01.414-0400] {processor.py:183} INFO - Processing /opt/anaconda3/envs/airflow_env/lib/python3.10/site-packages/airflow/example_dags/example_python_operator.py took 0.125 seconds
[2025-06-25T22:03:34.090-0400] {processor.py:161} INFO - Started process (PID=73885) to work on /opt/anaconda3/envs/airflow_env/lib/python3.10/site-packages/airflow/example_dags/example_python_operator.py
[2025-06-25T22:03:34.091-0400] {processor.py:830} INFO - Processing file /opt/anaconda3/envs/airflow_env/lib/python3.10/site-packages/airflow/example_dags/example_python_operator.py for tasks to queue
[2025-06-25T22:03:34.092-0400] {logging_mixin.py:188} INFO - [2025-06-25T22:03:34.092-0400] {dagbag.py:545} INFO - Filling up the DagBag from /opt/anaconda3/envs/airflow_env/lib/python3.10/site-packages/airflow/example_dags/example_python_operator.py
[2025-06-25T22:03:34.106-0400] {processor.py:840} INFO - DAG(s) 'example_python_operator' retrieved from /opt/anaconda3/envs/airflow_env/lib/python3.10/site-packages/airflow/example_dags/example_python_operator.py
[2025-06-25T22:03:34.216-0400] {logging_mixin.py:188} INFO - [2025-06-25T22:03:34.216-0400] {dag.py:3096} INFO - Sync 1 DAGs
[2025-06-25T22:03:34.220-0400] {logging_mixin.py:188} INFO - [2025-06-25T22:03:34.220-0400] {dag.py:3954} INFO - Setting next_dagrun for example_python_operator to None, run_after=None
[2025-06-25T22:03:34.227-0400] {processor.py:183} INFO - Processing /opt/anaconda3/envs/airflow_env/lib/python3.10/site-packages/airflow/example_dags/example_python_operator.py took 0.141 seconds
[2025-06-25T22:04:38.466-0400] {processor.py:161} INFO - Started process (PID=73979) to work on /opt/anaconda3/envs/airflow_env/lib/python3.10/site-packages/airflow/example_dags/example_python_operator.py
[2025-06-25T22:04:38.466-0400] {processor.py:830} INFO - Processing file /opt/anaconda3/envs/airflow_env/lib/python3.10/site-packages/airflow/example_dags/example_python_operator.py for tasks to queue
[2025-06-25T22:04:38.466-0400] {logging_mixin.py:188} INFO - [2025-06-25T22:04:38.466-0400] {dagbag.py:545} INFO - Filling up the DagBag from /opt/anaconda3/envs/airflow_env/lib/python3.10/site-packages/airflow/example_dags/example_python_operator.py
[2025-06-25T22:04:38.478-0400] {processor.py:840} INFO - DAG(s) 'example_python_operator' retrieved from /opt/anaconda3/envs/airflow_env/lib/python3.10/site-packages/airflow/example_dags/example_python_operator.py
[2025-06-25T22:04:38.567-0400] {logging_mixin.py:188} INFO - [2025-06-25T22:04:38.567-0400] {dag.py:3096} INFO - Sync 1 DAGs
[2025-06-25T22:04:38.570-0400] {logging_mixin.py:188} INFO - [2025-06-25T22:04:38.570-0400] {dag.py:3954} INFO - Setting next_dagrun for example_python_operator to None, run_after=None
[2025-06-25T22:04:38.578-0400] {processor.py:183} INFO - Processing /opt/anaconda3/envs/airflow_env/lib/python3.10/site-packages/airflow/example_dags/example_python_operator.py took 0.115 seconds
[2025-06-25T22:05:17.638-0400] {processor.py:161} INFO - Started process (PID=74035) to work on /opt/anaconda3/envs/airflow_env/lib/python3.10/site-packages/airflow/example_dags/example_python_operator.py
[2025-06-25T22:05:17.639-0400] {processor.py:830} INFO - Processing file /opt/anaconda3/envs/airflow_env/lib/python3.10/site-packages/airflow/example_dags/example_python_operator.py for tasks to queue
[2025-06-25T22:05:17.639-0400] {logging_mixin.py:188} INFO - [2025-06-25T22:05:17.639-0400] {dagbag.py:545} INFO - Filling up the DagBag from /opt/anaconda3/envs/airflow_env/lib/python3.10/site-packages/airflow/example_dags/example_python_operator.py
[2025-06-25T22:05:17.650-0400] {processor.py:840} INFO - DAG(s) 'example_python_operator' retrieved from /opt/anaconda3/envs/airflow_env/lib/python3.10/site-packages/airflow/example_dags/example_python_operator.py
[2025-06-25T22:05:17.756-0400] {logging_mixin.py:188} INFO - [2025-06-25T22:05:17.755-0400] {dag.py:3096} INFO - Sync 1 DAGs
[2025-06-25T22:05:17.759-0400] {logging_mixin.py:188} INFO - [2025-06-25T22:05:17.759-0400] {dag.py:3954} INFO - Setting next_dagrun for example_python_operator to None, run_after=None
[2025-06-25T22:05:17.765-0400] {processor.py:183} INFO - Processing /opt/anaconda3/envs/airflow_env/lib/python3.10/site-packages/airflow/example_dags/example_python_operator.py took 0.129 seconds
[2025-06-25T22:06:19.256-0400] {processor.py:161} INFO - Started process (PID=74123) to work on /opt/anaconda3/envs/airflow_env/lib/python3.10/site-packages/airflow/example_dags/example_python_operator.py
[2025-06-25T22:06:19.257-0400] {processor.py:830} INFO - Processing file /opt/anaconda3/envs/airflow_env/lib/python3.10/site-packages/airflow/example_dags/example_python_operator.py for tasks to queue
[2025-06-25T22:06:19.257-0400] {logging_mixin.py:188} INFO - [2025-06-25T22:06:19.257-0400] {dagbag.py:545} INFO - Filling up the DagBag from /opt/anaconda3/envs/airflow_env/lib/python3.10/site-packages/airflow/example_dags/example_python_operator.py
[2025-06-25T22:06:19.269-0400] {processor.py:840} INFO - DAG(s) 'example_python_operator' retrieved from /opt/anaconda3/envs/airflow_env/lib/python3.10/site-packages/airflow/example_dags/example_python_operator.py
[2025-06-25T22:06:19.357-0400] {logging_mixin.py:188} INFO - [2025-06-25T22:06:19.357-0400] {dag.py:3096} INFO - Sync 1 DAGs
[2025-06-25T22:06:19.361-0400] {logging_mixin.py:188} INFO - [2025-06-25T22:06:19.360-0400] {dag.py:3954} INFO - Setting next_dagrun for example_python_operator to None, run_after=None
[2025-06-25T22:06:19.367-0400] {processor.py:183} INFO - Processing /opt/anaconda3/envs/airflow_env/lib/python3.10/site-packages/airflow/example_dags/example_python_operator.py took 0.113 seconds
[2025-06-25T22:06:59.466-0400] {processor.py:161} INFO - Started process (PID=74189) to work on /opt/anaconda3/envs/airflow_env/lib/python3.10/site-packages/airflow/example_dags/example_python_operator.py
[2025-06-25T22:06:59.467-0400] {processor.py:830} INFO - Processing file /opt/anaconda3/envs/airflow_env/lib/python3.10/site-packages/airflow/example_dags/example_python_operator.py for tasks to queue
[2025-06-25T22:06:59.467-0400] {logging_mixin.py:188} INFO - [2025-06-25T22:06:59.467-0400] {dagbag.py:545} INFO - Filling up the DagBag from /opt/anaconda3/envs/airflow_env/lib/python3.10/site-packages/airflow/example_dags/example_python_operator.py
[2025-06-25T22:06:59.478-0400] {processor.py:840} INFO - DAG(s) 'example_python_operator' retrieved from /opt/anaconda3/envs/airflow_env/lib/python3.10/site-packages/airflow/example_dags/example_python_operator.py
[2025-06-25T22:06:59.569-0400] {logging_mixin.py:188} INFO - [2025-06-25T22:06:59.569-0400] {dag.py:3096} INFO - Sync 1 DAGs
[2025-06-25T22:06:59.572-0400] {logging_mixin.py:188} INFO - [2025-06-25T22:06:59.572-0400] {dag.py:3954} INFO - Setting next_dagrun for example_python_operator to None, run_after=None
[2025-06-25T22:06:59.578-0400] {processor.py:183} INFO - Processing /opt/anaconda3/envs/airflow_env/lib/python3.10/site-packages/airflow/example_dags/example_python_operator.py took 0.114 seconds
[2025-06-25T22:07:59.152-0400] {processor.py:161} INFO - Started process (PID=74293) to work on /opt/anaconda3/envs/airflow_env/lib/python3.10/site-packages/airflow/example_dags/example_python_operator.py
[2025-06-25T22:07:59.153-0400] {processor.py:830} INFO - Processing file /opt/anaconda3/envs/airflow_env/lib/python3.10/site-packages/airflow/example_dags/example_python_operator.py for tasks to queue
[2025-06-25T22:07:59.153-0400] {logging_mixin.py:188} INFO - [2025-06-25T22:07:59.153-0400] {dagbag.py:545} INFO - Filling up the DagBag from /opt/anaconda3/envs/airflow_env/lib/python3.10/site-packages/airflow/example_dags/example_python_operator.py
[2025-06-25T22:07:59.164-0400] {processor.py:840} INFO - DAG(s) 'example_python_operator' retrieved from /opt/anaconda3/envs/airflow_env/lib/python3.10/site-packages/airflow/example_dags/example_python_operator.py
[2025-06-25T22:07:59.246-0400] {logging_mixin.py:188} INFO - [2025-06-25T22:07:59.246-0400] {dag.py:3096} INFO - Sync 1 DAGs
[2025-06-25T22:07:59.250-0400] {logging_mixin.py:188} INFO - [2025-06-25T22:07:59.250-0400] {dag.py:3954} INFO - Setting next_dagrun for example_python_operator to None, run_after=None
[2025-06-25T22:07:59.257-0400] {processor.py:183} INFO - Processing /opt/anaconda3/envs/airflow_env/lib/python3.10/site-packages/airflow/example_dags/example_python_operator.py took 0.107 seconds
[2025-06-25T22:08:33.676-0400] {processor.py:161} INFO - Started process (PID=74347) to work on /opt/anaconda3/envs/airflow_env/lib/python3.10/site-packages/airflow/example_dags/example_python_operator.py
[2025-06-25T22:08:33.676-0400] {processor.py:830} INFO - Processing file /opt/anaconda3/envs/airflow_env/lib/python3.10/site-packages/airflow/example_dags/example_python_operator.py for tasks to queue
[2025-06-25T22:08:33.676-0400] {logging_mixin.py:188} INFO - [2025-06-25T22:08:33.676-0400] {dagbag.py:545} INFO - Filling up the DagBag from /opt/anaconda3/envs/airflow_env/lib/python3.10/site-packages/airflow/example_dags/example_python_operator.py
[2025-06-25T22:08:33.691-0400] {processor.py:840} INFO - DAG(s) 'example_python_operator' retrieved from /opt/anaconda3/envs/airflow_env/lib/python3.10/site-packages/airflow/example_dags/example_python_operator.py
[2025-06-25T22:08:33.790-0400] {logging_mixin.py:188} INFO - [2025-06-25T22:08:33.790-0400] {dag.py:3096} INFO - Sync 1 DAGs
[2025-06-25T22:08:33.794-0400] {logging_mixin.py:188} INFO - [2025-06-25T22:08:33.793-0400] {dag.py:3954} INFO - Setting next_dagrun for example_python_operator to None, run_after=None
[2025-06-25T22:08:33.801-0400] {processor.py:183} INFO - Processing /opt/anaconda3/envs/airflow_env/lib/python3.10/site-packages/airflow/example_dags/example_python_operator.py took 0.127 seconds
[2025-06-25T22:09:37.284-0400] {processor.py:161} INFO - Started process (PID=74437) to work on /opt/anaconda3/envs/airflow_env/lib/python3.10/site-packages/airflow/example_dags/example_python_operator.py
[2025-06-25T22:09:37.284-0400] {processor.py:830} INFO - Processing file /opt/anaconda3/envs/airflow_env/lib/python3.10/site-packages/airflow/example_dags/example_python_operator.py for tasks to queue
[2025-06-25T22:09:37.284-0400] {logging_mixin.py:188} INFO - [2025-06-25T22:09:37.284-0400] {dagbag.py:545} INFO - Filling up the DagBag from /opt/anaconda3/envs/airflow_env/lib/python3.10/site-packages/airflow/example_dags/example_python_operator.py
[2025-06-25T22:09:37.297-0400] {processor.py:840} INFO - DAG(s) 'example_python_operator' retrieved from /opt/anaconda3/envs/airflow_env/lib/python3.10/site-packages/airflow/example_dags/example_python_operator.py
[2025-06-25T22:09:37.389-0400] {logging_mixin.py:188} INFO - [2025-06-25T22:09:37.389-0400] {dag.py:3096} INFO - Sync 1 DAGs
[2025-06-25T22:09:37.393-0400] {logging_mixin.py:188} INFO - [2025-06-25T22:09:37.393-0400] {dag.py:3954} INFO - Setting next_dagrun for example_python_operator to None, run_after=None
[2025-06-25T22:09:37.400-0400] {processor.py:183} INFO - Processing /opt/anaconda3/envs/airflow_env/lib/python3.10/site-packages/airflow/example_dags/example_python_operator.py took 0.118 seconds
[2025-06-25T22:10:11.905-0400] {processor.py:161} INFO - Started process (PID=74485) to work on /opt/anaconda3/envs/airflow_env/lib/python3.10/site-packages/airflow/example_dags/example_python_operator.py
[2025-06-25T22:10:11.906-0400] {processor.py:830} INFO - Processing file /opt/anaconda3/envs/airflow_env/lib/python3.10/site-packages/airflow/example_dags/example_python_operator.py for tasks to queue
[2025-06-25T22:10:11.906-0400] {logging_mixin.py:188} INFO - [2025-06-25T22:10:11.906-0400] {dagbag.py:545} INFO - Filling up the DagBag from /opt/anaconda3/envs/airflow_env/lib/python3.10/site-packages/airflow/example_dags/example_python_operator.py
[2025-06-25T22:10:11.917-0400] {processor.py:840} INFO - DAG(s) 'example_python_operator' retrieved from /opt/anaconda3/envs/airflow_env/lib/python3.10/site-packages/airflow/example_dags/example_python_operator.py
[2025-06-25T22:10:12.004-0400] {logging_mixin.py:188} INFO - [2025-06-25T22:10:12.004-0400] {dag.py:3096} INFO - Sync 1 DAGs
[2025-06-25T22:10:12.007-0400] {logging_mixin.py:188} INFO - [2025-06-25T22:10:12.007-0400] {dag.py:3954} INFO - Setting next_dagrun for example_python_operator to None, run_after=None
[2025-06-25T22:10:12.014-0400] {processor.py:183} INFO - Processing /opt/anaconda3/envs/airflow_env/lib/python3.10/site-packages/airflow/example_dags/example_python_operator.py took 0.110 seconds
[2025-06-25T22:11:20.174-0400] {processor.py:161} INFO - Started process (PID=74581) to work on /opt/anaconda3/envs/airflow_env/lib/python3.10/site-packages/airflow/example_dags/example_python_operator.py
[2025-06-25T22:11:20.174-0400] {processor.py:830} INFO - Processing file /opt/anaconda3/envs/airflow_env/lib/python3.10/site-packages/airflow/example_dags/example_python_operator.py for tasks to queue
[2025-06-25T22:11:20.175-0400] {logging_mixin.py:188} INFO - [2025-06-25T22:11:20.175-0400] {dagbag.py:545} INFO - Filling up the DagBag from /opt/anaconda3/envs/airflow_env/lib/python3.10/site-packages/airflow/example_dags/example_python_operator.py
[2025-06-25T22:11:20.188-0400] {processor.py:840} INFO - DAG(s) 'example_python_operator' retrieved from /opt/anaconda3/envs/airflow_env/lib/python3.10/site-packages/airflow/example_dags/example_python_operator.py
[2025-06-25T22:11:20.281-0400] {logging_mixin.py:188} INFO - [2025-06-25T22:11:20.281-0400] {dag.py:3096} INFO - Sync 1 DAGs
[2025-06-25T22:11:20.285-0400] {logging_mixin.py:188} INFO - [2025-06-25T22:11:20.285-0400] {dag.py:3954} INFO - Setting next_dagrun for example_python_operator to None, run_after=None
[2025-06-25T22:11:20.293-0400] {processor.py:183} INFO - Processing /opt/anaconda3/envs/airflow_env/lib/python3.10/site-packages/airflow/example_dags/example_python_operator.py took 0.122 seconds
[2025-06-25T22:12:07.921-0400] {processor.py:161} INFO - Started process (PID=74683) to work on /opt/anaconda3/envs/airflow_env/lib/python3.10/site-packages/airflow/example_dags/example_python_operator.py
[2025-06-25T22:12:07.921-0400] {processor.py:830} INFO - Processing file /opt/anaconda3/envs/airflow_env/lib/python3.10/site-packages/airflow/example_dags/example_python_operator.py for tasks to queue
[2025-06-25T22:12:07.922-0400] {logging_mixin.py:188} INFO - [2025-06-25T22:12:07.921-0400] {dagbag.py:545} INFO - Filling up the DagBag from /opt/anaconda3/envs/airflow_env/lib/python3.10/site-packages/airflow/example_dags/example_python_operator.py
[2025-06-25T22:12:07.934-0400] {processor.py:840} INFO - DAG(s) 'example_python_operator' retrieved from /opt/anaconda3/envs/airflow_env/lib/python3.10/site-packages/airflow/example_dags/example_python_operator.py
[2025-06-25T22:12:08.035-0400] {logging_mixin.py:188} INFO - [2025-06-25T22:12:08.034-0400] {dag.py:3096} INFO - Sync 1 DAGs
[2025-06-25T22:12:08.038-0400] {logging_mixin.py:188} INFO - [2025-06-25T22:12:08.038-0400] {dag.py:3954} INFO - Setting next_dagrun for example_python_operator to None, run_after=None
[2025-06-25T22:12:08.045-0400] {processor.py:183} INFO - Processing /opt/anaconda3/envs/airflow_env/lib/python3.10/site-packages/airflow/example_dags/example_python_operator.py took 0.126 seconds
[2025-06-25T22:13:10.746-0400] {processor.py:161} INFO - Started process (PID=74773) to work on /opt/anaconda3/envs/airflow_env/lib/python3.10/site-packages/airflow/example_dags/example_python_operator.py
[2025-06-25T22:13:10.746-0400] {processor.py:830} INFO - Processing file /opt/anaconda3/envs/airflow_env/lib/python3.10/site-packages/airflow/example_dags/example_python_operator.py for tasks to queue
[2025-06-25T22:13:10.747-0400] {logging_mixin.py:188} INFO - [2025-06-25T22:13:10.747-0400] {dagbag.py:545} INFO - Filling up the DagBag from /opt/anaconda3/envs/airflow_env/lib/python3.10/site-packages/airflow/example_dags/example_python_operator.py
[2025-06-25T22:13:10.758-0400] {processor.py:840} INFO - DAG(s) 'example_python_operator' retrieved from /opt/anaconda3/envs/airflow_env/lib/python3.10/site-packages/airflow/example_dags/example_python_operator.py
[2025-06-25T22:13:10.857-0400] {logging_mixin.py:188} INFO - [2025-06-25T22:13:10.857-0400] {dag.py:3096} INFO - Sync 1 DAGs
[2025-06-25T22:13:10.860-0400] {logging_mixin.py:188} INFO - [2025-06-25T22:13:10.860-0400] {dag.py:3954} INFO - Setting next_dagrun for example_python_operator to None, run_after=None
[2025-06-25T22:13:10.867-0400] {processor.py:183} INFO - Processing /opt/anaconda3/envs/airflow_env/lib/python3.10/site-packages/airflow/example_dags/example_python_operator.py took 0.123 seconds
[2025-06-25T22:13:59.784-0400] {processor.py:161} INFO - Started process (PID=74842) to work on /opt/anaconda3/envs/airflow_env/lib/python3.10/site-packages/airflow/example_dags/example_python_operator.py
[2025-06-25T22:13:59.785-0400] {processor.py:830} INFO - Processing file /opt/anaconda3/envs/airflow_env/lib/python3.10/site-packages/airflow/example_dags/example_python_operator.py for tasks to queue
[2025-06-25T22:13:59.785-0400] {logging_mixin.py:188} INFO - [2025-06-25T22:13:59.785-0400] {dagbag.py:545} INFO - Filling up the DagBag from /opt/anaconda3/envs/airflow_env/lib/python3.10/site-packages/airflow/example_dags/example_python_operator.py
[2025-06-25T22:13:59.801-0400] {processor.py:840} INFO - DAG(s) 'example_python_operator' retrieved from /opt/anaconda3/envs/airflow_env/lib/python3.10/site-packages/airflow/example_dags/example_python_operator.py
[2025-06-25T22:13:59.904-0400] {logging_mixin.py:188} INFO - [2025-06-25T22:13:59.903-0400] {dag.py:3096} INFO - Sync 1 DAGs
[2025-06-25T22:13:59.907-0400] {logging_mixin.py:188} INFO - [2025-06-25T22:13:59.907-0400] {dag.py:3954} INFO - Setting next_dagrun for example_python_operator to None, run_after=None
[2025-06-25T22:13:59.914-0400] {processor.py:183} INFO - Processing /opt/anaconda3/envs/airflow_env/lib/python3.10/site-packages/airflow/example_dags/example_python_operator.py took 0.133 seconds
[2025-06-25T22:14:55.518-0400] {processor.py:161} INFO - Started process (PID=74920) to work on /opt/anaconda3/envs/airflow_env/lib/python3.10/site-packages/airflow/example_dags/example_python_operator.py
[2025-06-25T22:14:55.519-0400] {processor.py:830} INFO - Processing file /opt/anaconda3/envs/airflow_env/lib/python3.10/site-packages/airflow/example_dags/example_python_operator.py for tasks to queue
[2025-06-25T22:14:55.519-0400] {logging_mixin.py:188} INFO - [2025-06-25T22:14:55.519-0400] {dagbag.py:545} INFO - Filling up the DagBag from /opt/anaconda3/envs/airflow_env/lib/python3.10/site-packages/airflow/example_dags/example_python_operator.py
[2025-06-25T22:14:55.530-0400] {processor.py:840} INFO - DAG(s) 'example_python_operator' retrieved from /opt/anaconda3/envs/airflow_env/lib/python3.10/site-packages/airflow/example_dags/example_python_operator.py
[2025-06-25T22:14:55.643-0400] {logging_mixin.py:188} INFO - [2025-06-25T22:14:55.643-0400] {dag.py:3096} INFO - Sync 1 DAGs
[2025-06-25T22:14:55.646-0400] {logging_mixin.py:188} INFO - [2025-06-25T22:14:55.646-0400] {dag.py:3954} INFO - Setting next_dagrun for example_python_operator to None, run_after=None
[2025-06-25T22:14:55.653-0400] {processor.py:183} INFO - Processing /opt/anaconda3/envs/airflow_env/lib/python3.10/site-packages/airflow/example_dags/example_python_operator.py took 0.137 seconds
[2025-06-25T22:15:43.442-0400] {processor.py:161} INFO - Started process (PID=74986) to work on /opt/anaconda3/envs/airflow_env/lib/python3.10/site-packages/airflow/example_dags/example_python_operator.py
[2025-06-25T22:15:43.444-0400] {processor.py:830} INFO - Processing file /opt/anaconda3/envs/airflow_env/lib/python3.10/site-packages/airflow/example_dags/example_python_operator.py for tasks to queue
[2025-06-25T22:15:43.444-0400] {logging_mixin.py:188} INFO - [2025-06-25T22:15:43.444-0400] {dagbag.py:545} INFO - Filling up the DagBag from /opt/anaconda3/envs/airflow_env/lib/python3.10/site-packages/airflow/example_dags/example_python_operator.py
[2025-06-25T22:15:43.454-0400] {processor.py:840} INFO - DAG(s) 'example_python_operator' retrieved from /opt/anaconda3/envs/airflow_env/lib/python3.10/site-packages/airflow/example_dags/example_python_operator.py
[2025-06-25T22:15:43.552-0400] {logging_mixin.py:188} INFO - [2025-06-25T22:15:43.552-0400] {dag.py:3096} INFO - Sync 1 DAGs
[2025-06-25T22:15:43.556-0400] {logging_mixin.py:188} INFO - [2025-06-25T22:15:43.556-0400] {dag.py:3954} INFO - Setting next_dagrun for example_python_operator to None, run_after=None
[2025-06-25T22:15:43.564-0400] {processor.py:183} INFO - Processing /opt/anaconda3/envs/airflow_env/lib/python3.10/site-packages/airflow/example_dags/example_python_operator.py took 0.123 seconds
[2025-06-25T22:16:43.027-0400] {processor.py:161} INFO - Started process (PID=75070) to work on /opt/anaconda3/envs/airflow_env/lib/python3.10/site-packages/airflow/example_dags/example_python_operator.py
[2025-06-25T22:16:43.028-0400] {processor.py:830} INFO - Processing file /opt/anaconda3/envs/airflow_env/lib/python3.10/site-packages/airflow/example_dags/example_python_operator.py for tasks to queue
[2025-06-25T22:16:43.028-0400] {logging_mixin.py:188} INFO - [2025-06-25T22:16:43.028-0400] {dagbag.py:545} INFO - Filling up the DagBag from /opt/anaconda3/envs/airflow_env/lib/python3.10/site-packages/airflow/example_dags/example_python_operator.py
[2025-06-25T22:16:43.039-0400] {processor.py:840} INFO - DAG(s) 'example_python_operator' retrieved from /opt/anaconda3/envs/airflow_env/lib/python3.10/site-packages/airflow/example_dags/example_python_operator.py
[2025-06-25T22:16:43.118-0400] {logging_mixin.py:188} INFO - [2025-06-25T22:16:43.118-0400] {dag.py:3096} INFO - Sync 1 DAGs
[2025-06-25T22:16:43.121-0400] {logging_mixin.py:188} INFO - [2025-06-25T22:16:43.121-0400] {dag.py:3954} INFO - Setting next_dagrun for example_python_operator to None, run_after=None
[2025-06-25T22:16:43.128-0400] {processor.py:183} INFO - Processing /opt/anaconda3/envs/airflow_env/lib/python3.10/site-packages/airflow/example_dags/example_python_operator.py took 0.103 seconds
[2025-06-25T22:17:36.073-0400] {processor.py:161} INFO - Started process (PID=75144) to work on /opt/anaconda3/envs/airflow_env/lib/python3.10/site-packages/airflow/example_dags/example_python_operator.py
[2025-06-25T22:17:36.074-0400] {processor.py:830} INFO - Processing file /opt/anaconda3/envs/airflow_env/lib/python3.10/site-packages/airflow/example_dags/example_python_operator.py for tasks to queue
[2025-06-25T22:17:36.075-0400] {logging_mixin.py:188} INFO - [2025-06-25T22:17:36.075-0400] {dagbag.py:545} INFO - Filling up the DagBag from /opt/anaconda3/envs/airflow_env/lib/python3.10/site-packages/airflow/example_dags/example_python_operator.py
[2025-06-25T22:17:36.087-0400] {processor.py:840} INFO - DAG(s) 'example_python_operator' retrieved from /opt/anaconda3/envs/airflow_env/lib/python3.10/site-packages/airflow/example_dags/example_python_operator.py
[2025-06-25T22:17:36.203-0400] {logging_mixin.py:188} INFO - [2025-06-25T22:17:36.203-0400] {dag.py:3096} INFO - Sync 1 DAGs
[2025-06-25T22:17:36.207-0400] {logging_mixin.py:188} INFO - [2025-06-25T22:17:36.207-0400] {dag.py:3954} INFO - Setting next_dagrun for example_python_operator to None, run_after=None
[2025-06-25T22:17:36.219-0400] {processor.py:183} INFO - Processing /opt/anaconda3/envs/airflow_env/lib/python3.10/site-packages/airflow/example_dags/example_python_operator.py took 0.148 seconds
[2025-06-25T22:18:39.088-0400] {processor.py:161} INFO - Started process (PID=75230) to work on /opt/anaconda3/envs/airflow_env/lib/python3.10/site-packages/airflow/example_dags/example_python_operator.py
[2025-06-25T22:18:39.089-0400] {processor.py:830} INFO - Processing file /opt/anaconda3/envs/airflow_env/lib/python3.10/site-packages/airflow/example_dags/example_python_operator.py for tasks to queue
[2025-06-25T22:18:39.089-0400] {logging_mixin.py:188} INFO - [2025-06-25T22:18:39.089-0400] {dagbag.py:545} INFO - Filling up the DagBag from /opt/anaconda3/envs/airflow_env/lib/python3.10/site-packages/airflow/example_dags/example_python_operator.py
[2025-06-25T22:18:39.100-0400] {processor.py:840} INFO - DAG(s) 'example_python_operator' retrieved from /opt/anaconda3/envs/airflow_env/lib/python3.10/site-packages/airflow/example_dags/example_python_operator.py
[2025-06-25T22:18:39.243-0400] {logging_mixin.py:188} INFO - [2025-06-25T22:18:39.243-0400] {dag.py:3096} INFO - Sync 1 DAGs
[2025-06-25T22:18:39.247-0400] {logging_mixin.py:188} INFO - [2025-06-25T22:18:39.247-0400] {dag.py:3954} INFO - Setting next_dagrun for example_python_operator to None, run_after=None
[2025-06-25T22:18:39.255-0400] {processor.py:183} INFO - Processing /opt/anaconda3/envs/airflow_env/lib/python3.10/site-packages/airflow/example_dags/example_python_operator.py took 0.168 seconds
[2025-06-25T22:19:36.533-0400] {processor.py:161} INFO - Started process (PID=75307) to work on /opt/anaconda3/envs/airflow_env/lib/python3.10/site-packages/airflow/example_dags/example_python_operator.py
[2025-06-25T22:19:36.534-0400] {processor.py:830} INFO - Processing file /opt/anaconda3/envs/airflow_env/lib/python3.10/site-packages/airflow/example_dags/example_python_operator.py for tasks to queue
[2025-06-25T22:19:36.534-0400] {logging_mixin.py:188} INFO - [2025-06-25T22:19:36.534-0400] {dagbag.py:545} INFO - Filling up the DagBag from /opt/anaconda3/envs/airflow_env/lib/python3.10/site-packages/airflow/example_dags/example_python_operator.py
[2025-06-25T22:19:36.546-0400] {processor.py:840} INFO - DAG(s) 'example_python_operator' retrieved from /opt/anaconda3/envs/airflow_env/lib/python3.10/site-packages/airflow/example_dags/example_python_operator.py
[2025-06-25T22:19:36.652-0400] {logging_mixin.py:188} INFO - [2025-06-25T22:19:36.652-0400] {dag.py:3096} INFO - Sync 1 DAGs
[2025-06-25T22:19:36.655-0400] {logging_mixin.py:188} INFO - [2025-06-25T22:19:36.655-0400] {dag.py:3954} INFO - Setting next_dagrun for example_python_operator to None, run_after=None
[2025-06-25T22:19:36.662-0400] {processor.py:183} INFO - Processing /opt/anaconda3/envs/airflow_env/lib/python3.10/site-packages/airflow/example_dags/example_python_operator.py took 0.132 seconds
[2025-06-25T22:20:30.417-0400] {processor.py:161} INFO - Started process (PID=75376) to work on /opt/anaconda3/envs/airflow_env/lib/python3.10/site-packages/airflow/example_dags/example_python_operator.py
[2025-06-25T22:20:30.419-0400] {processor.py:830} INFO - Processing file /opt/anaconda3/envs/airflow_env/lib/python3.10/site-packages/airflow/example_dags/example_python_operator.py for tasks to queue
[2025-06-25T22:20:30.419-0400] {logging_mixin.py:188} INFO - [2025-06-25T22:20:30.419-0400] {dagbag.py:545} INFO - Filling up the DagBag from /opt/anaconda3/envs/airflow_env/lib/python3.10/site-packages/airflow/example_dags/example_python_operator.py
[2025-06-25T22:20:30.430-0400] {processor.py:840} INFO - DAG(s) 'example_python_operator' retrieved from /opt/anaconda3/envs/airflow_env/lib/python3.10/site-packages/airflow/example_dags/example_python_operator.py
[2025-06-25T22:20:30.513-0400] {logging_mixin.py:188} INFO - [2025-06-25T22:20:30.512-0400] {dag.py:3096} INFO - Sync 1 DAGs
[2025-06-25T22:20:30.516-0400] {logging_mixin.py:188} INFO - [2025-06-25T22:20:30.516-0400] {dag.py:3954} INFO - Setting next_dagrun for example_python_operator to None, run_after=None
[2025-06-25T22:20:30.522-0400] {processor.py:183} INFO - Processing /opt/anaconda3/envs/airflow_env/lib/python3.10/site-packages/airflow/example_dags/example_python_operator.py took 0.108 seconds
[2025-06-25T22:21:21.303-0400] {processor.py:161} INFO - Started process (PID=75450) to work on /opt/anaconda3/envs/airflow_env/lib/python3.10/site-packages/airflow/example_dags/example_python_operator.py
[2025-06-25T22:21:21.304-0400] {processor.py:830} INFO - Processing file /opt/anaconda3/envs/airflow_env/lib/python3.10/site-packages/airflow/example_dags/example_python_operator.py for tasks to queue
[2025-06-25T22:21:21.304-0400] {logging_mixin.py:188} INFO - [2025-06-25T22:21:21.304-0400] {dagbag.py:545} INFO - Filling up the DagBag from /opt/anaconda3/envs/airflow_env/lib/python3.10/site-packages/airflow/example_dags/example_python_operator.py
[2025-06-25T22:21:21.318-0400] {processor.py:840} INFO - DAG(s) 'example_python_operator' retrieved from /opt/anaconda3/envs/airflow_env/lib/python3.10/site-packages/airflow/example_dags/example_python_operator.py
[2025-06-25T22:21:21.433-0400] {logging_mixin.py:188} INFO - [2025-06-25T22:21:21.433-0400] {dag.py:3096} INFO - Sync 1 DAGs
[2025-06-25T22:21:21.436-0400] {logging_mixin.py:188} INFO - [2025-06-25T22:21:21.436-0400] {dag.py:3954} INFO - Setting next_dagrun for example_python_operator to None, run_after=None
[2025-06-25T22:21:21.443-0400] {processor.py:183} INFO - Processing /opt/anaconda3/envs/airflow_env/lib/python3.10/site-packages/airflow/example_dags/example_python_operator.py took 0.142 seconds
[2025-06-25T22:22:16.069-0400] {processor.py:161} INFO - Started process (PID=75566) to work on /opt/anaconda3/envs/airflow_env/lib/python3.10/site-packages/airflow/example_dags/example_python_operator.py
[2025-06-25T22:22:16.069-0400] {processor.py:830} INFO - Processing file /opt/anaconda3/envs/airflow_env/lib/python3.10/site-packages/airflow/example_dags/example_python_operator.py for tasks to queue
[2025-06-25T22:22:16.070-0400] {logging_mixin.py:188} INFO - [2025-06-25T22:22:16.070-0400] {dagbag.py:545} INFO - Filling up the DagBag from /opt/anaconda3/envs/airflow_env/lib/python3.10/site-packages/airflow/example_dags/example_python_operator.py
[2025-06-25T22:22:16.081-0400] {processor.py:840} INFO - DAG(s) 'example_python_operator' retrieved from /opt/anaconda3/envs/airflow_env/lib/python3.10/site-packages/airflow/example_dags/example_python_operator.py
[2025-06-25T22:22:16.182-0400] {logging_mixin.py:188} INFO - [2025-06-25T22:22:16.182-0400] {dag.py:3096} INFO - Sync 1 DAGs
[2025-06-25T22:22:16.186-0400] {logging_mixin.py:188} INFO - [2025-06-25T22:22:16.186-0400] {dag.py:3954} INFO - Setting next_dagrun for example_python_operator to None, run_after=None
[2025-06-25T22:22:16.192-0400] {processor.py:183} INFO - Processing /opt/anaconda3/envs/airflow_env/lib/python3.10/site-packages/airflow/example_dags/example_python_operator.py took 0.125 seconds
[2025-06-25T22:23:08.619-0400] {processor.py:161} INFO - Started process (PID=75670) to work on /opt/anaconda3/envs/airflow_env/lib/python3.10/site-packages/airflow/example_dags/example_python_operator.py
[2025-06-25T22:23:08.619-0400] {processor.py:830} INFO - Processing file /opt/anaconda3/envs/airflow_env/lib/python3.10/site-packages/airflow/example_dags/example_python_operator.py for tasks to queue
[2025-06-25T22:23:08.620-0400] {logging_mixin.py:188} INFO - [2025-06-25T22:23:08.620-0400] {dagbag.py:545} INFO - Filling up the DagBag from /opt/anaconda3/envs/airflow_env/lib/python3.10/site-packages/airflow/example_dags/example_python_operator.py
[2025-06-25T22:23:08.632-0400] {processor.py:840} INFO - DAG(s) 'example_python_operator' retrieved from /opt/anaconda3/envs/airflow_env/lib/python3.10/site-packages/airflow/example_dags/example_python_operator.py
[2025-06-25T22:23:08.744-0400] {logging_mixin.py:188} INFO - [2025-06-25T22:23:08.744-0400] {dag.py:3096} INFO - Sync 1 DAGs
[2025-06-25T22:23:08.747-0400] {logging_mixin.py:188} INFO - [2025-06-25T22:23:08.747-0400] {dag.py:3954} INFO - Setting next_dagrun for example_python_operator to None, run_after=None
[2025-06-25T22:23:08.755-0400] {processor.py:183} INFO - Processing /opt/anaconda3/envs/airflow_env/lib/python3.10/site-packages/airflow/example_dags/example_python_operator.py took 0.139 seconds
[2025-06-25T22:24:01.121-0400] {processor.py:161} INFO - Started process (PID=75745) to work on /opt/anaconda3/envs/airflow_env/lib/python3.10/site-packages/airflow/example_dags/example_python_operator.py
[2025-06-25T22:24:01.121-0400] {processor.py:830} INFO - Processing file /opt/anaconda3/envs/airflow_env/lib/python3.10/site-packages/airflow/example_dags/example_python_operator.py for tasks to queue
[2025-06-25T22:24:01.122-0400] {logging_mixin.py:188} INFO - [2025-06-25T22:24:01.122-0400] {dagbag.py:545} INFO - Filling up the DagBag from /opt/anaconda3/envs/airflow_env/lib/python3.10/site-packages/airflow/example_dags/example_python_operator.py
[2025-06-25T22:24:01.134-0400] {processor.py:840} INFO - DAG(s) 'example_python_operator' retrieved from /opt/anaconda3/envs/airflow_env/lib/python3.10/site-packages/airflow/example_dags/example_python_operator.py
[2025-06-25T22:24:01.245-0400] {logging_mixin.py:188} INFO - [2025-06-25T22:24:01.245-0400] {dag.py:3096} INFO - Sync 1 DAGs
[2025-06-25T22:24:01.249-0400] {logging_mixin.py:188} INFO - [2025-06-25T22:24:01.249-0400] {dag.py:3954} INFO - Setting next_dagrun for example_python_operator to None, run_after=None
[2025-06-25T22:24:01.256-0400] {processor.py:183} INFO - Processing /opt/anaconda3/envs/airflow_env/lib/python3.10/site-packages/airflow/example_dags/example_python_operator.py took 0.138 seconds
[2025-06-25T22:25:10.327-0400] {processor.py:161} INFO - Started process (PID=75847) to work on /opt/anaconda3/envs/airflow_env/lib/python3.10/site-packages/airflow/example_dags/example_python_operator.py
[2025-06-25T22:25:10.328-0400] {processor.py:830} INFO - Processing file /opt/anaconda3/envs/airflow_env/lib/python3.10/site-packages/airflow/example_dags/example_python_operator.py for tasks to queue
[2025-06-25T22:25:10.328-0400] {logging_mixin.py:188} INFO - [2025-06-25T22:25:10.328-0400] {dagbag.py:545} INFO - Filling up the DagBag from /opt/anaconda3/envs/airflow_env/lib/python3.10/site-packages/airflow/example_dags/example_python_operator.py
[2025-06-25T22:25:10.339-0400] {processor.py:840} INFO - DAG(s) 'example_python_operator' retrieved from /opt/anaconda3/envs/airflow_env/lib/python3.10/site-packages/airflow/example_dags/example_python_operator.py
[2025-06-25T22:25:10.419-0400] {logging_mixin.py:188} INFO - [2025-06-25T22:25:10.419-0400] {dag.py:3096} INFO - Sync 1 DAGs
[2025-06-25T22:25:10.422-0400] {logging_mixin.py:188} INFO - [2025-06-25T22:25:10.422-0400] {dag.py:3954} INFO - Setting next_dagrun for example_python_operator to None, run_after=None
[2025-06-25T22:25:10.428-0400] {processor.py:183} INFO - Processing /opt/anaconda3/envs/airflow_env/lib/python3.10/site-packages/airflow/example_dags/example_python_operator.py took 0.103 seconds
[2025-06-25T22:25:47.813-0400] {processor.py:161} INFO - Started process (PID=75909) to work on /opt/anaconda3/envs/airflow_env/lib/python3.10/site-packages/airflow/example_dags/example_python_operator.py
[2025-06-25T22:25:47.814-0400] {processor.py:830} INFO - Processing file /opt/anaconda3/envs/airflow_env/lib/python3.10/site-packages/airflow/example_dags/example_python_operator.py for tasks to queue
[2025-06-25T22:25:47.814-0400] {logging_mixin.py:188} INFO - [2025-06-25T22:25:47.814-0400] {dagbag.py:545} INFO - Filling up the DagBag from /opt/anaconda3/envs/airflow_env/lib/python3.10/site-packages/airflow/example_dags/example_python_operator.py
[2025-06-25T22:25:47.825-0400] {processor.py:840} INFO - DAG(s) 'example_python_operator' retrieved from /opt/anaconda3/envs/airflow_env/lib/python3.10/site-packages/airflow/example_dags/example_python_operator.py
[2025-06-25T22:25:47.924-0400] {logging_mixin.py:188} INFO - [2025-06-25T22:25:47.924-0400] {dag.py:3096} INFO - Sync 1 DAGs
[2025-06-25T22:25:47.927-0400] {logging_mixin.py:188} INFO - [2025-06-25T22:25:47.927-0400] {dag.py:3954} INFO - Setting next_dagrun for example_python_operator to None, run_after=None
[2025-06-25T22:25:47.934-0400] {processor.py:183} INFO - Processing /opt/anaconda3/envs/airflow_env/lib/python3.10/site-packages/airflow/example_dags/example_python_operator.py took 0.123 seconds
[2025-06-25T22:26:52.489-0400] {processor.py:161} INFO - Started process (PID=76008) to work on /opt/anaconda3/envs/airflow_env/lib/python3.10/site-packages/airflow/example_dags/example_python_operator.py
[2025-06-25T22:26:52.490-0400] {processor.py:830} INFO - Processing file /opt/anaconda3/envs/airflow_env/lib/python3.10/site-packages/airflow/example_dags/example_python_operator.py for tasks to queue
[2025-06-25T22:26:52.490-0400] {logging_mixin.py:188} INFO - [2025-06-25T22:26:52.490-0400] {dagbag.py:545} INFO - Filling up the DagBag from /opt/anaconda3/envs/airflow_env/lib/python3.10/site-packages/airflow/example_dags/example_python_operator.py
[2025-06-25T22:26:52.501-0400] {processor.py:840} INFO - DAG(s) 'example_python_operator' retrieved from /opt/anaconda3/envs/airflow_env/lib/python3.10/site-packages/airflow/example_dags/example_python_operator.py
[2025-06-25T22:26:52.590-0400] {logging_mixin.py:188} INFO - [2025-06-25T22:26:52.589-0400] {dag.py:3096} INFO - Sync 1 DAGs
[2025-06-25T22:26:52.594-0400] {logging_mixin.py:188} INFO - [2025-06-25T22:26:52.594-0400] {dag.py:3954} INFO - Setting next_dagrun for example_python_operator to None, run_after=None
[2025-06-25T22:26:52.601-0400] {processor.py:183} INFO - Processing /opt/anaconda3/envs/airflow_env/lib/python3.10/site-packages/airflow/example_dags/example_python_operator.py took 0.114 seconds
[2025-06-25T22:27:22.342-0400] {processor.py:161} INFO - Started process (PID=76056) to work on /opt/anaconda3/envs/airflow_env/lib/python3.10/site-packages/airflow/example_dags/example_python_operator.py
[2025-06-25T22:27:22.342-0400] {processor.py:830} INFO - Processing file /opt/anaconda3/envs/airflow_env/lib/python3.10/site-packages/airflow/example_dags/example_python_operator.py for tasks to queue
[2025-06-25T22:27:22.343-0400] {logging_mixin.py:188} INFO - [2025-06-25T22:27:22.343-0400] {dagbag.py:545} INFO - Filling up the DagBag from /opt/anaconda3/envs/airflow_env/lib/python3.10/site-packages/airflow/example_dags/example_python_operator.py
[2025-06-25T22:27:22.354-0400] {processor.py:840} INFO - DAG(s) 'example_python_operator' retrieved from /opt/anaconda3/envs/airflow_env/lib/python3.10/site-packages/airflow/example_dags/example_python_operator.py
[2025-06-25T22:27:22.358-0400] {logging_mixin.py:188} INFO - [2025-06-25T22:27:22.358-0400] {dag.py:3096} INFO - Sync 1 DAGs
[2025-06-25T22:27:22.386-0400] {logging_mixin.py:188} INFO - [2025-06-25T22:27:22.386-0400] {dag.py:3954} INFO - Setting next_dagrun for example_python_operator to None, run_after=None
[2025-06-25T22:27:22.394-0400] {processor.py:183} INFO - Processing /opt/anaconda3/envs/airflow_env/lib/python3.10/site-packages/airflow/example_dags/example_python_operator.py took 0.055 seconds
[2025-06-25T22:28:32.744-0400] {processor.py:161} INFO - Started process (PID=76174) to work on /opt/anaconda3/envs/airflow_env/lib/python3.10/site-packages/airflow/example_dags/example_python_operator.py
[2025-06-25T22:28:32.744-0400] {processor.py:830} INFO - Processing file /opt/anaconda3/envs/airflow_env/lib/python3.10/site-packages/airflow/example_dags/example_python_operator.py for tasks to queue
[2025-06-25T22:28:32.745-0400] {logging_mixin.py:188} INFO - [2025-06-25T22:28:32.745-0400] {dagbag.py:545} INFO - Filling up the DagBag from /opt/anaconda3/envs/airflow_env/lib/python3.10/site-packages/airflow/example_dags/example_python_operator.py
[2025-06-25T22:28:32.758-0400] {processor.py:840} INFO - DAG(s) 'example_python_operator' retrieved from /opt/anaconda3/envs/airflow_env/lib/python3.10/site-packages/airflow/example_dags/example_python_operator.py
[2025-06-25T22:28:32.846-0400] {logging_mixin.py:188} INFO - [2025-06-25T22:28:32.846-0400] {dag.py:3096} INFO - Sync 1 DAGs
[2025-06-25T22:28:32.849-0400] {logging_mixin.py:188} INFO - [2025-06-25T22:28:32.849-0400] {dag.py:3954} INFO - Setting next_dagrun for example_python_operator to None, run_after=None
[2025-06-25T22:28:32.856-0400] {processor.py:183} INFO - Processing /opt/anaconda3/envs/airflow_env/lib/python3.10/site-packages/airflow/example_dags/example_python_operator.py took 0.115 seconds
[2025-06-25T22:29:05.552-0400] {processor.py:161} INFO - Started process (PID=76237) to work on /opt/anaconda3/envs/airflow_env/lib/python3.10/site-packages/airflow/example_dags/example_python_operator.py
[2025-06-25T22:29:05.553-0400] {processor.py:830} INFO - Processing file /opt/anaconda3/envs/airflow_env/lib/python3.10/site-packages/airflow/example_dags/example_python_operator.py for tasks to queue
[2025-06-25T22:29:05.553-0400] {logging_mixin.py:188} INFO - [2025-06-25T22:29:05.553-0400] {dagbag.py:545} INFO - Filling up the DagBag from /opt/anaconda3/envs/airflow_env/lib/python3.10/site-packages/airflow/example_dags/example_python_operator.py
[2025-06-25T22:29:05.564-0400] {processor.py:840} INFO - DAG(s) 'example_python_operator' retrieved from /opt/anaconda3/envs/airflow_env/lib/python3.10/site-packages/airflow/example_dags/example_python_operator.py
[2025-06-25T22:29:05.669-0400] {logging_mixin.py:188} INFO - [2025-06-25T22:29:05.669-0400] {dag.py:3096} INFO - Sync 1 DAGs
[2025-06-25T22:29:05.672-0400] {logging_mixin.py:188} INFO - [2025-06-25T22:29:05.672-0400] {dag.py:3954} INFO - Setting next_dagrun for example_python_operator to None, run_after=None
[2025-06-25T22:29:05.679-0400] {processor.py:183} INFO - Processing /opt/anaconda3/envs/airflow_env/lib/python3.10/site-packages/airflow/example_dags/example_python_operator.py took 0.129 seconds
[2025-06-25T22:30:23.403-0400] {processor.py:161} INFO - Started process (PID=76368) to work on /opt/anaconda3/envs/airflow_env/lib/python3.10/site-packages/airflow/example_dags/example_python_operator.py
[2025-06-25T22:30:23.404-0400] {processor.py:830} INFO - Processing file /opt/anaconda3/envs/airflow_env/lib/python3.10/site-packages/airflow/example_dags/example_python_operator.py for tasks to queue
[2025-06-25T22:30:23.404-0400] {logging_mixin.py:188} INFO - [2025-06-25T22:30:23.404-0400] {dagbag.py:545} INFO - Filling up the DagBag from /opt/anaconda3/envs/airflow_env/lib/python3.10/site-packages/airflow/example_dags/example_python_operator.py
[2025-06-25T22:30:23.417-0400] {processor.py:840} INFO - DAG(s) 'example_python_operator' retrieved from /opt/anaconda3/envs/airflow_env/lib/python3.10/site-packages/airflow/example_dags/example_python_operator.py
[2025-06-25T22:30:23.516-0400] {logging_mixin.py:188} INFO - [2025-06-25T22:30:23.516-0400] {dag.py:3096} INFO - Sync 1 DAGs
[2025-06-25T22:30:23.519-0400] {logging_mixin.py:188} INFO - [2025-06-25T22:30:23.519-0400] {dag.py:3954} INFO - Setting next_dagrun for example_python_operator to None, run_after=None
[2025-06-25T22:30:23.526-0400] {processor.py:183} INFO - Processing /opt/anaconda3/envs/airflow_env/lib/python3.10/site-packages/airflow/example_dags/example_python_operator.py took 0.125 seconds
[2025-06-25T22:30:53.039-0400] {processor.py:161} INFO - Started process (PID=76421) to work on /opt/anaconda3/envs/airflow_env/lib/python3.10/site-packages/airflow/example_dags/example_python_operator.py
[2025-06-25T22:30:53.040-0400] {processor.py:830} INFO - Processing file /opt/anaconda3/envs/airflow_env/lib/python3.10/site-packages/airflow/example_dags/example_python_operator.py for tasks to queue
[2025-06-25T22:30:53.040-0400] {logging_mixin.py:188} INFO - [2025-06-25T22:30:53.040-0400] {dagbag.py:545} INFO - Filling up the DagBag from /opt/anaconda3/envs/airflow_env/lib/python3.10/site-packages/airflow/example_dags/example_python_operator.py
[2025-06-25T22:30:53.051-0400] {processor.py:840} INFO - DAG(s) 'example_python_operator' retrieved from /opt/anaconda3/envs/airflow_env/lib/python3.10/site-packages/airflow/example_dags/example_python_operator.py
[2025-06-25T22:30:53.055-0400] {logging_mixin.py:188} INFO - [2025-06-25T22:30:53.055-0400] {dag.py:3096} INFO - Sync 1 DAGs
[2025-06-25T22:30:53.085-0400] {logging_mixin.py:188} INFO - [2025-06-25T22:30:53.085-0400] {dag.py:3954} INFO - Setting next_dagrun for example_python_operator to None, run_after=None
[2025-06-25T22:30:53.092-0400] {processor.py:183} INFO - Processing /opt/anaconda3/envs/airflow_env/lib/python3.10/site-packages/airflow/example_dags/example_python_operator.py took 0.054 seconds
[2025-06-25T22:32:08.142-0400] {processor.py:161} INFO - Started process (PID=76552) to work on /opt/anaconda3/envs/airflow_env/lib/python3.10/site-packages/airflow/example_dags/example_python_operator.py
[2025-06-25T22:32:08.143-0400] {processor.py:830} INFO - Processing file /opt/anaconda3/envs/airflow_env/lib/python3.10/site-packages/airflow/example_dags/example_python_operator.py for tasks to queue
[2025-06-25T22:32:08.143-0400] {logging_mixin.py:188} INFO - [2025-06-25T22:32:08.143-0400] {dagbag.py:545} INFO - Filling up the DagBag from /opt/anaconda3/envs/airflow_env/lib/python3.10/site-packages/airflow/example_dags/example_python_operator.py
[2025-06-25T22:32:08.154-0400] {processor.py:840} INFO - DAG(s) 'example_python_operator' retrieved from /opt/anaconda3/envs/airflow_env/lib/python3.10/site-packages/airflow/example_dags/example_python_operator.py
[2025-06-25T22:32:08.240-0400] {logging_mixin.py:188} INFO - [2025-06-25T22:32:08.239-0400] {dag.py:3096} INFO - Sync 1 DAGs
[2025-06-25T22:32:08.243-0400] {logging_mixin.py:188} INFO - [2025-06-25T22:32:08.243-0400] {dag.py:3954} INFO - Setting next_dagrun for example_python_operator to None, run_after=None
[2025-06-25T22:32:08.249-0400] {processor.py:183} INFO - Processing /opt/anaconda3/envs/airflow_env/lib/python3.10/site-packages/airflow/example_dags/example_python_operator.py took 0.109 seconds
