[2025-06-25T20:00:14.238-0400] {processor.py:161} INFO - Started process (PID=54274) to work on /opt/anaconda3/envs/airflow_env/lib/python3.10/site-packages/airflow/example_dags/example_branch_labels.py
[2025-06-25T20:00:14.239-0400] {processor.py:830} INFO - Processing file /opt/anaconda3/envs/airflow_env/lib/python3.10/site-packages/airflow/example_dags/example_branch_labels.py for tasks to queue
[2025-06-25T20:00:14.239-0400] {logging_mixin.py:188} INFO - [2025-06-25T20:00:14.239-0400] {dagbag.py:545} INFO - Filling up the DagBag from /opt/anaconda3/envs/airflow_env/lib/python3.10/site-packages/airflow/example_dags/example_branch_labels.py
[2025-06-25T20:00:14.242-0400] {processor.py:840} INFO - DAG(s) 'example_branch_labels' retrieved from /opt/anaconda3/envs/airflow_env/lib/python3.10/site-packages/airflow/example_dags/example_branch_labels.py
[2025-06-25T20:00:14.283-0400] {logging_mixin.py:188} INFO - [2025-06-25T20:00:14.283-0400] {dag.py:3096} INFO - Sync 1 DAGs
[2025-06-25T20:00:14.290-0400] {logging_mixin.py:188} INFO - [2025-06-25T20:00:14.290-0400] {dag.py:3954} INFO - Setting next_dagrun for example_branch_labels to 2025-06-25 00:00:00+00:00, run_after=2025-06-26 00:00:00+00:00
[2025-06-25T20:00:14.297-0400] {processor.py:183} INFO - Processing /opt/anaconda3/envs/airflow_env/lib/python3.10/site-packages/airflow/example_dags/example_branch_labels.py took 0.060 seconds
[2025-06-25T20:02:01.994-0400] {processor.py:161} INFO - Started process (PID=59628) to work on /opt/anaconda3/envs/airflow_env/lib/python3.10/site-packages/airflow/example_dags/example_branch_labels.py
[2025-06-25T20:02:01.995-0400] {processor.py:830} INFO - Processing file /opt/anaconda3/envs/airflow_env/lib/python3.10/site-packages/airflow/example_dags/example_branch_labels.py for tasks to queue
[2025-06-25T20:02:01.995-0400] {logging_mixin.py:188} INFO - [2025-06-25T20:02:01.995-0400] {dagbag.py:545} INFO - Filling up the DagBag from /opt/anaconda3/envs/airflow_env/lib/python3.10/site-packages/airflow/example_dags/example_branch_labels.py
[2025-06-25T20:02:01.998-0400] {processor.py:840} INFO - DAG(s) 'example_branch_labels' retrieved from /opt/anaconda3/envs/airflow_env/lib/python3.10/site-packages/airflow/example_dags/example_branch_labels.py
[2025-06-25T20:02:02.033-0400] {logging_mixin.py:188} INFO - [2025-06-25T20:02:02.033-0400] {dag.py:3096} INFO - Sync 1 DAGs
[2025-06-25T20:02:02.038-0400] {logging_mixin.py:188} INFO - [2025-06-25T20:02:02.038-0400] {dag.py:3954} INFO - Setting next_dagrun for example_branch_labels to 2025-06-25 00:00:00+00:00, run_after=2025-06-26 00:00:00+00:00
[2025-06-25T20:02:02.044-0400] {processor.py:183} INFO - Processing /opt/anaconda3/envs/airflow_env/lib/python3.10/site-packages/airflow/example_dags/example_branch_labels.py took 0.052 seconds
[2025-06-25T20:03:33.643-0400] {processor.py:161} INFO - Started process (PID=60019) to work on /opt/anaconda3/envs/airflow_env/lib/python3.10/site-packages/airflow/example_dags/example_branch_labels.py
[2025-06-25T20:03:33.644-0400] {processor.py:830} INFO - Processing file /opt/anaconda3/envs/airflow_env/lib/python3.10/site-packages/airflow/example_dags/example_branch_labels.py for tasks to queue
[2025-06-25T20:03:33.644-0400] {logging_mixin.py:188} INFO - [2025-06-25T20:03:33.644-0400] {dagbag.py:545} INFO - Filling up the DagBag from /opt/anaconda3/envs/airflow_env/lib/python3.10/site-packages/airflow/example_dags/example_branch_labels.py
[2025-06-25T20:03:33.647-0400] {processor.py:840} INFO - DAG(s) 'example_branch_labels' retrieved from /opt/anaconda3/envs/airflow_env/lib/python3.10/site-packages/airflow/example_dags/example_branch_labels.py
[2025-06-25T20:03:33.681-0400] {logging_mixin.py:188} INFO - [2025-06-25T20:03:33.681-0400] {dag.py:3096} INFO - Sync 1 DAGs
[2025-06-25T20:03:33.686-0400] {logging_mixin.py:188} INFO - [2025-06-25T20:03:33.686-0400] {dag.py:3954} INFO - Setting next_dagrun for example_branch_labels to 2025-06-25 00:00:00+00:00, run_after=2025-06-26 00:00:00+00:00
[2025-06-25T20:03:33.693-0400] {processor.py:183} INFO - Processing /opt/anaconda3/envs/airflow_env/lib/python3.10/site-packages/airflow/example_dags/example_branch_labels.py took 0.051 seconds
[2025-06-25T20:05:38.012-0400] {processor.py:161} INFO - Started process (PID=60794) to work on /opt/anaconda3/envs/airflow_env/lib/python3.10/site-packages/airflow/example_dags/example_branch_labels.py
[2025-06-25T20:05:38.013-0400] {processor.py:830} INFO - Processing file /opt/anaconda3/envs/airflow_env/lib/python3.10/site-packages/airflow/example_dags/example_branch_labels.py for tasks to queue
[2025-06-25T20:05:38.013-0400] {logging_mixin.py:188} INFO - [2025-06-25T20:05:38.013-0400] {dagbag.py:545} INFO - Filling up the DagBag from /opt/anaconda3/envs/airflow_env/lib/python3.10/site-packages/airflow/example_dags/example_branch_labels.py
[2025-06-25T20:05:38.016-0400] {processor.py:840} INFO - DAG(s) 'example_branch_labels' retrieved from /opt/anaconda3/envs/airflow_env/lib/python3.10/site-packages/airflow/example_dags/example_branch_labels.py
[2025-06-25T20:05:38.050-0400] {logging_mixin.py:188} INFO - [2025-06-25T20:05:38.050-0400] {dag.py:3096} INFO - Sync 1 DAGs
[2025-06-25T20:05:38.056-0400] {logging_mixin.py:188} INFO - [2025-06-25T20:05:38.055-0400] {dag.py:3954} INFO - Setting next_dagrun for example_branch_labels to 2025-06-25 00:00:00+00:00, run_after=2025-06-26 00:00:00+00:00
[2025-06-25T20:05:38.062-0400] {processor.py:183} INFO - Processing /opt/anaconda3/envs/airflow_env/lib/python3.10/site-packages/airflow/example_dags/example_branch_labels.py took 0.051 seconds
[2025-06-25T20:06:40.208-0400] {processor.py:161} INFO - Started process (PID=60921) to work on /opt/anaconda3/envs/airflow_env/lib/python3.10/site-packages/airflow/example_dags/example_branch_labels.py
[2025-06-25T20:06:40.209-0400] {processor.py:830} INFO - Processing file /opt/anaconda3/envs/airflow_env/lib/python3.10/site-packages/airflow/example_dags/example_branch_labels.py for tasks to queue
[2025-06-25T20:06:40.209-0400] {logging_mixin.py:188} INFO - [2025-06-25T20:06:40.209-0400] {dagbag.py:545} INFO - Filling up the DagBag from /opt/anaconda3/envs/airflow_env/lib/python3.10/site-packages/airflow/example_dags/example_branch_labels.py
[2025-06-25T20:06:40.212-0400] {processor.py:840} INFO - DAG(s) 'example_branch_labels' retrieved from /opt/anaconda3/envs/airflow_env/lib/python3.10/site-packages/airflow/example_dags/example_branch_labels.py
[2025-06-25T20:06:40.245-0400] {logging_mixin.py:188} INFO - [2025-06-25T20:06:40.245-0400] {dag.py:3096} INFO - Sync 1 DAGs
[2025-06-25T20:06:40.250-0400] {logging_mixin.py:188} INFO - [2025-06-25T20:06:40.250-0400] {dag.py:3954} INFO - Setting next_dagrun for example_branch_labels to 2025-06-25 00:00:00+00:00, run_after=2025-06-26 00:00:00+00:00
[2025-06-25T20:06:40.256-0400] {processor.py:183} INFO - Processing /opt/anaconda3/envs/airflow_env/lib/python3.10/site-packages/airflow/example_dags/example_branch_labels.py took 0.050 seconds
[2025-06-25T20:07:44.635-0400] {processor.py:161} INFO - Started process (PID=61119) to work on /opt/anaconda3/envs/airflow_env/lib/python3.10/site-packages/airflow/example_dags/example_branch_labels.py
[2025-06-25T20:07:44.635-0400] {processor.py:830} INFO - Processing file /opt/anaconda3/envs/airflow_env/lib/python3.10/site-packages/airflow/example_dags/example_branch_labels.py for tasks to queue
[2025-06-25T20:07:44.635-0400] {logging_mixin.py:188} INFO - [2025-06-25T20:07:44.635-0400] {dagbag.py:545} INFO - Filling up the DagBag from /opt/anaconda3/envs/airflow_env/lib/python3.10/site-packages/airflow/example_dags/example_branch_labels.py
[2025-06-25T20:07:44.638-0400] {processor.py:840} INFO - DAG(s) 'example_branch_labels' retrieved from /opt/anaconda3/envs/airflow_env/lib/python3.10/site-packages/airflow/example_dags/example_branch_labels.py
[2025-06-25T20:07:44.672-0400] {logging_mixin.py:188} INFO - [2025-06-25T20:07:44.672-0400] {dag.py:3096} INFO - Sync 1 DAGs
[2025-06-25T20:07:44.678-0400] {logging_mixin.py:188} INFO - [2025-06-25T20:07:44.678-0400] {dag.py:3954} INFO - Setting next_dagrun for example_branch_labels to 2025-06-25 00:00:00+00:00, run_after=2025-06-26 00:00:00+00:00
[2025-06-25T20:07:44.685-0400] {processor.py:183} INFO - Processing /opt/anaconda3/envs/airflow_env/lib/python3.10/site-packages/airflow/example_dags/example_branch_labels.py took 0.052 seconds
[2025-06-25T20:08:49.213-0400] {processor.py:161} INFO - Started process (PID=61291) to work on /opt/anaconda3/envs/airflow_env/lib/python3.10/site-packages/airflow/example_dags/example_branch_labels.py
[2025-06-25T20:08:49.213-0400] {processor.py:830} INFO - Processing file /opt/anaconda3/envs/airflow_env/lib/python3.10/site-packages/airflow/example_dags/example_branch_labels.py for tasks to queue
[2025-06-25T20:08:49.214-0400] {logging_mixin.py:188} INFO - [2025-06-25T20:08:49.214-0400] {dagbag.py:545} INFO - Filling up the DagBag from /opt/anaconda3/envs/airflow_env/lib/python3.10/site-packages/airflow/example_dags/example_branch_labels.py
[2025-06-25T20:08:49.217-0400] {processor.py:840} INFO - DAG(s) 'example_branch_labels' retrieved from /opt/anaconda3/envs/airflow_env/lib/python3.10/site-packages/airflow/example_dags/example_branch_labels.py
[2025-06-25T20:08:49.254-0400] {logging_mixin.py:188} INFO - [2025-06-25T20:08:49.254-0400] {dag.py:3096} INFO - Sync 1 DAGs
[2025-06-25T20:08:49.260-0400] {logging_mixin.py:188} INFO - [2025-06-25T20:08:49.260-0400] {dag.py:3954} INFO - Setting next_dagrun for example_branch_labels to 2025-06-25 00:00:00+00:00, run_after=2025-06-26 00:00:00+00:00
[2025-06-25T20:08:49.267-0400] {processor.py:183} INFO - Processing /opt/anaconda3/envs/airflow_env/lib/python3.10/site-packages/airflow/example_dags/example_branch_labels.py took 0.055 seconds
[2025-06-25T20:10:08.187-0400] {processor.py:161} INFO - Started process (PID=61461) to work on /opt/anaconda3/envs/airflow_env/lib/python3.10/site-packages/airflow/example_dags/example_branch_labels.py
[2025-06-25T20:10:08.187-0400] {processor.py:830} INFO - Processing file /opt/anaconda3/envs/airflow_env/lib/python3.10/site-packages/airflow/example_dags/example_branch_labels.py for tasks to queue
[2025-06-25T20:10:08.187-0400] {logging_mixin.py:188} INFO - [2025-06-25T20:10:08.187-0400] {dagbag.py:545} INFO - Filling up the DagBag from /opt/anaconda3/envs/airflow_env/lib/python3.10/site-packages/airflow/example_dags/example_branch_labels.py
[2025-06-25T20:10:08.191-0400] {processor.py:840} INFO - DAG(s) 'example_branch_labels' retrieved from /opt/anaconda3/envs/airflow_env/lib/python3.10/site-packages/airflow/example_dags/example_branch_labels.py
[2025-06-25T20:10:08.225-0400] {logging_mixin.py:188} INFO - [2025-06-25T20:10:08.225-0400] {dag.py:3096} INFO - Sync 1 DAGs
[2025-06-25T20:10:08.230-0400] {logging_mixin.py:188} INFO - [2025-06-25T20:10:08.230-0400] {dag.py:3954} INFO - Setting next_dagrun for example_branch_labels to 2025-06-25 00:00:00+00:00, run_after=2025-06-26 00:00:00+00:00
[2025-06-25T20:10:08.237-0400] {processor.py:183} INFO - Processing /opt/anaconda3/envs/airflow_env/lib/python3.10/site-packages/airflow/example_dags/example_branch_labels.py took 0.052 seconds
[2025-06-25T20:11:31.944-0400] {processor.py:161} INFO - Started process (PID=61637) to work on /opt/anaconda3/envs/airflow_env/lib/python3.10/site-packages/airflow/example_dags/example_branch_labels.py
[2025-06-25T20:11:31.944-0400] {processor.py:830} INFO - Processing file /opt/anaconda3/envs/airflow_env/lib/python3.10/site-packages/airflow/example_dags/example_branch_labels.py for tasks to queue
[2025-06-25T20:11:31.945-0400] {logging_mixin.py:188} INFO - [2025-06-25T20:11:31.945-0400] {dagbag.py:545} INFO - Filling up the DagBag from /opt/anaconda3/envs/airflow_env/lib/python3.10/site-packages/airflow/example_dags/example_branch_labels.py
[2025-06-25T20:11:31.948-0400] {processor.py:840} INFO - DAG(s) 'example_branch_labels' retrieved from /opt/anaconda3/envs/airflow_env/lib/python3.10/site-packages/airflow/example_dags/example_branch_labels.py
[2025-06-25T20:11:31.986-0400] {logging_mixin.py:188} INFO - [2025-06-25T20:11:31.986-0400] {dag.py:3096} INFO - Sync 1 DAGs
[2025-06-25T20:11:31.992-0400] {logging_mixin.py:188} INFO - [2025-06-25T20:11:31.992-0400] {dag.py:3954} INFO - Setting next_dagrun for example_branch_labels to 2025-06-25 00:00:00+00:00, run_after=2025-06-26 00:00:00+00:00
[2025-06-25T20:11:31.999-0400] {processor.py:183} INFO - Processing /opt/anaconda3/envs/airflow_env/lib/python3.10/site-packages/airflow/example_dags/example_branch_labels.py took 0.057 seconds
[2025-06-25T20:12:30.035-0400] {processor.py:161} INFO - Started process (PID=61770) to work on /opt/anaconda3/envs/airflow_env/lib/python3.10/site-packages/airflow/example_dags/example_branch_labels.py
[2025-06-25T20:12:30.036-0400] {processor.py:830} INFO - Processing file /opt/anaconda3/envs/airflow_env/lib/python3.10/site-packages/airflow/example_dags/example_branch_labels.py for tasks to queue
[2025-06-25T20:12:30.036-0400] {logging_mixin.py:188} INFO - [2025-06-25T20:12:30.036-0400] {dagbag.py:545} INFO - Filling up the DagBag from /opt/anaconda3/envs/airflow_env/lib/python3.10/site-packages/airflow/example_dags/example_branch_labels.py
[2025-06-25T20:12:30.039-0400] {processor.py:840} INFO - DAG(s) 'example_branch_labels' retrieved from /opt/anaconda3/envs/airflow_env/lib/python3.10/site-packages/airflow/example_dags/example_branch_labels.py
[2025-06-25T20:12:30.071-0400] {logging_mixin.py:188} INFO - [2025-06-25T20:12:30.071-0400] {dag.py:3096} INFO - Sync 1 DAGs
[2025-06-25T20:12:30.076-0400] {logging_mixin.py:188} INFO - [2025-06-25T20:12:30.076-0400] {dag.py:3954} INFO - Setting next_dagrun for example_branch_labels to 2025-06-25 00:00:00+00:00, run_after=2025-06-26 00:00:00+00:00
[2025-06-25T20:12:30.083-0400] {processor.py:183} INFO - Processing /opt/anaconda3/envs/airflow_env/lib/python3.10/site-packages/airflow/example_dags/example_branch_labels.py took 0.049 seconds
[2025-06-25T20:13:31.348-0400] {processor.py:161} INFO - Started process (PID=61892) to work on /opt/anaconda3/envs/airflow_env/lib/python3.10/site-packages/airflow/example_dags/example_branch_labels.py
[2025-06-25T20:13:31.348-0400] {processor.py:830} INFO - Processing file /opt/anaconda3/envs/airflow_env/lib/python3.10/site-packages/airflow/example_dags/example_branch_labels.py for tasks to queue
[2025-06-25T20:13:31.348-0400] {logging_mixin.py:188} INFO - [2025-06-25T20:13:31.348-0400] {dagbag.py:545} INFO - Filling up the DagBag from /opt/anaconda3/envs/airflow_env/lib/python3.10/site-packages/airflow/example_dags/example_branch_labels.py
[2025-06-25T20:13:31.352-0400] {processor.py:840} INFO - DAG(s) 'example_branch_labels' retrieved from /opt/anaconda3/envs/airflow_env/lib/python3.10/site-packages/airflow/example_dags/example_branch_labels.py
[2025-06-25T20:13:31.386-0400] {logging_mixin.py:188} INFO - [2025-06-25T20:13:31.385-0400] {dag.py:3096} INFO - Sync 1 DAGs
[2025-06-25T20:13:31.392-0400] {logging_mixin.py:188} INFO - [2025-06-25T20:13:31.392-0400] {dag.py:3954} INFO - Setting next_dagrun for example_branch_labels to 2025-06-25 00:00:00+00:00, run_after=2025-06-26 00:00:00+00:00
[2025-06-25T20:13:31.398-0400] {processor.py:183} INFO - Processing /opt/anaconda3/envs/airflow_env/lib/python3.10/site-packages/airflow/example_dags/example_branch_labels.py took 0.052 seconds
[2025-06-25T20:14:06.548-0400] {processor.py:161} INFO - Started process (PID=61943) to work on /opt/anaconda3/envs/airflow_env/lib/python3.10/site-packages/airflow/example_dags/example_branch_labels.py
[2025-06-25T20:14:06.548-0400] {processor.py:830} INFO - Processing file /opt/anaconda3/envs/airflow_env/lib/python3.10/site-packages/airflow/example_dags/example_branch_labels.py for tasks to queue
[2025-06-25T20:14:06.548-0400] {logging_mixin.py:188} INFO - [2025-06-25T20:14:06.548-0400] {dagbag.py:545} INFO - Filling up the DagBag from /opt/anaconda3/envs/airflow_env/lib/python3.10/site-packages/airflow/example_dags/example_branch_labels.py
[2025-06-25T20:14:06.552-0400] {processor.py:840} INFO - DAG(s) 'example_branch_labels' retrieved from /opt/anaconda3/envs/airflow_env/lib/python3.10/site-packages/airflow/example_dags/example_branch_labels.py
[2025-06-25T20:14:06.588-0400] {logging_mixin.py:188} INFO - [2025-06-25T20:14:06.588-0400] {dag.py:3096} INFO - Sync 1 DAGs
[2025-06-25T20:14:06.594-0400] {logging_mixin.py:188} INFO - [2025-06-25T20:14:06.594-0400] {dag.py:3954} INFO - Setting next_dagrun for example_branch_labels to 2025-06-25 00:00:00+00:00, run_after=2025-06-26 00:00:00+00:00
[2025-06-25T20:14:06.601-0400] {processor.py:183} INFO - Processing /opt/anaconda3/envs/airflow_env/lib/python3.10/site-packages/airflow/example_dags/example_branch_labels.py took 0.055 seconds
[2025-06-25T20:15:11.608-0400] {processor.py:161} INFO - Started process (PID=62048) to work on /opt/anaconda3/envs/airflow_env/lib/python3.10/site-packages/airflow/example_dags/example_branch_labels.py
[2025-06-25T20:15:11.609-0400] {processor.py:830} INFO - Processing file /opt/anaconda3/envs/airflow_env/lib/python3.10/site-packages/airflow/example_dags/example_branch_labels.py for tasks to queue
[2025-06-25T20:15:11.609-0400] {logging_mixin.py:188} INFO - [2025-06-25T20:15:11.609-0400] {dagbag.py:545} INFO - Filling up the DagBag from /opt/anaconda3/envs/airflow_env/lib/python3.10/site-packages/airflow/example_dags/example_branch_labels.py
[2025-06-25T20:15:11.612-0400] {processor.py:840} INFO - DAG(s) 'example_branch_labels' retrieved from /opt/anaconda3/envs/airflow_env/lib/python3.10/site-packages/airflow/example_dags/example_branch_labels.py
[2025-06-25T20:15:11.647-0400] {logging_mixin.py:188} INFO - [2025-06-25T20:15:11.647-0400] {dag.py:3096} INFO - Sync 1 DAGs
[2025-06-25T20:15:11.653-0400] {logging_mixin.py:188} INFO - [2025-06-25T20:15:11.653-0400] {dag.py:3954} INFO - Setting next_dagrun for example_branch_labels to 2025-06-25 00:00:00+00:00, run_after=2025-06-26 00:00:00+00:00
[2025-06-25T20:15:11.659-0400] {processor.py:183} INFO - Processing /opt/anaconda3/envs/airflow_env/lib/python3.10/site-packages/airflow/example_dags/example_branch_labels.py took 0.053 seconds
[2025-06-25T20:15:41.814-0400] {processor.py:161} INFO - Started process (PID=62092) to work on /opt/anaconda3/envs/airflow_env/lib/python3.10/site-packages/airflow/example_dags/example_branch_labels.py
[2025-06-25T20:15:41.814-0400] {processor.py:830} INFO - Processing file /opt/anaconda3/envs/airflow_env/lib/python3.10/site-packages/airflow/example_dags/example_branch_labels.py for tasks to queue
[2025-06-25T20:15:41.814-0400] {logging_mixin.py:188} INFO - [2025-06-25T20:15:41.814-0400] {dagbag.py:545} INFO - Filling up the DagBag from /opt/anaconda3/envs/airflow_env/lib/python3.10/site-packages/airflow/example_dags/example_branch_labels.py
[2025-06-25T20:15:41.817-0400] {processor.py:840} INFO - DAG(s) 'example_branch_labels' retrieved from /opt/anaconda3/envs/airflow_env/lib/python3.10/site-packages/airflow/example_dags/example_branch_labels.py
[2025-06-25T20:15:41.854-0400] {logging_mixin.py:188} INFO - [2025-06-25T20:15:41.854-0400] {dag.py:3096} INFO - Sync 1 DAGs
[2025-06-25T20:15:41.860-0400] {logging_mixin.py:188} INFO - [2025-06-25T20:15:41.859-0400] {dag.py:3954} INFO - Setting next_dagrun for example_branch_labels to 2025-06-25 00:00:00+00:00, run_after=2025-06-26 00:00:00+00:00
[2025-06-25T20:15:41.866-0400] {processor.py:183} INFO - Processing /opt/anaconda3/envs/airflow_env/lib/python3.10/site-packages/airflow/example_dags/example_branch_labels.py took 0.054 seconds
[2025-06-25T20:16:49.568-0400] {processor.py:161} INFO - Started process (PID=62210) to work on /opt/anaconda3/envs/airflow_env/lib/python3.10/site-packages/airflow/example_dags/example_branch_labels.py
[2025-06-25T20:16:49.569-0400] {processor.py:830} INFO - Processing file /opt/anaconda3/envs/airflow_env/lib/python3.10/site-packages/airflow/example_dags/example_branch_labels.py for tasks to queue
[2025-06-25T20:16:49.569-0400] {logging_mixin.py:188} INFO - [2025-06-25T20:16:49.569-0400] {dagbag.py:545} INFO - Filling up the DagBag from /opt/anaconda3/envs/airflow_env/lib/python3.10/site-packages/airflow/example_dags/example_branch_labels.py
[2025-06-25T20:16:49.572-0400] {processor.py:840} INFO - DAG(s) 'example_branch_labels' retrieved from /opt/anaconda3/envs/airflow_env/lib/python3.10/site-packages/airflow/example_dags/example_branch_labels.py
[2025-06-25T20:16:49.604-0400] {logging_mixin.py:188} INFO - [2025-06-25T20:16:49.604-0400] {dag.py:3096} INFO - Sync 1 DAGs
[2025-06-25T20:16:49.610-0400] {logging_mixin.py:188} INFO - [2025-06-25T20:16:49.610-0400] {dag.py:3954} INFO - Setting next_dagrun for example_branch_labels to 2025-06-25 00:00:00+00:00, run_after=2025-06-26 00:00:00+00:00
[2025-06-25T20:16:49.616-0400] {processor.py:183} INFO - Processing /opt/anaconda3/envs/airflow_env/lib/python3.10/site-packages/airflow/example_dags/example_branch_labels.py took 0.050 seconds
[2025-06-25T20:17:21.509-0400] {processor.py:161} INFO - Started process (PID=62254) to work on /opt/anaconda3/envs/airflow_env/lib/python3.10/site-packages/airflow/example_dags/example_branch_labels.py
[2025-06-25T20:17:21.510-0400] {processor.py:830} INFO - Processing file /opt/anaconda3/envs/airflow_env/lib/python3.10/site-packages/airflow/example_dags/example_branch_labels.py for tasks to queue
[2025-06-25T20:17:21.510-0400] {logging_mixin.py:188} INFO - [2025-06-25T20:17:21.510-0400] {dagbag.py:545} INFO - Filling up the DagBag from /opt/anaconda3/envs/airflow_env/lib/python3.10/site-packages/airflow/example_dags/example_branch_labels.py
[2025-06-25T20:17:21.513-0400] {processor.py:840} INFO - DAG(s) 'example_branch_labels' retrieved from /opt/anaconda3/envs/airflow_env/lib/python3.10/site-packages/airflow/example_dags/example_branch_labels.py
[2025-06-25T20:17:21.548-0400] {logging_mixin.py:188} INFO - [2025-06-25T20:17:21.548-0400] {dag.py:3096} INFO - Sync 1 DAGs
[2025-06-25T20:17:21.554-0400] {logging_mixin.py:188} INFO - [2025-06-25T20:17:21.553-0400] {dag.py:3954} INFO - Setting next_dagrun for example_branch_labels to 2025-06-25 00:00:00+00:00, run_after=2025-06-26 00:00:00+00:00
[2025-06-25T20:17:21.560-0400] {processor.py:183} INFO - Processing /opt/anaconda3/envs/airflow_env/lib/python3.10/site-packages/airflow/example_dags/example_branch_labels.py took 0.052 seconds
[2025-06-25T20:18:40.360-0400] {processor.py:161} INFO - Started process (PID=62394) to work on /opt/anaconda3/envs/airflow_env/lib/python3.10/site-packages/airflow/example_dags/example_branch_labels.py
[2025-06-25T20:18:40.361-0400] {processor.py:830} INFO - Processing file /opt/anaconda3/envs/airflow_env/lib/python3.10/site-packages/airflow/example_dags/example_branch_labels.py for tasks to queue
[2025-06-25T20:18:40.361-0400] {logging_mixin.py:188} INFO - [2025-06-25T20:18:40.361-0400] {dagbag.py:545} INFO - Filling up the DagBag from /opt/anaconda3/envs/airflow_env/lib/python3.10/site-packages/airflow/example_dags/example_branch_labels.py
[2025-06-25T20:18:40.364-0400] {processor.py:840} INFO - DAG(s) 'example_branch_labels' retrieved from /opt/anaconda3/envs/airflow_env/lib/python3.10/site-packages/airflow/example_dags/example_branch_labels.py
[2025-06-25T20:18:40.398-0400] {logging_mixin.py:188} INFO - [2025-06-25T20:18:40.397-0400] {dag.py:3096} INFO - Sync 1 DAGs
[2025-06-25T20:18:40.403-0400] {logging_mixin.py:188} INFO - [2025-06-25T20:18:40.403-0400] {dag.py:3954} INFO - Setting next_dagrun for example_branch_labels to 2025-06-25 00:00:00+00:00, run_after=2025-06-26 00:00:00+00:00
[2025-06-25T20:18:40.410-0400] {processor.py:183} INFO - Processing /opt/anaconda3/envs/airflow_env/lib/python3.10/site-packages/airflow/example_dags/example_branch_labels.py took 0.051 seconds
[2025-06-25T20:19:25.733-0400] {processor.py:161} INFO - Started process (PID=62484) to work on /opt/anaconda3/envs/airflow_env/lib/python3.10/site-packages/airflow/example_dags/example_branch_labels.py
[2025-06-25T20:19:25.734-0400] {processor.py:830} INFO - Processing file /opt/anaconda3/envs/airflow_env/lib/python3.10/site-packages/airflow/example_dags/example_branch_labels.py for tasks to queue
[2025-06-25T20:19:25.734-0400] {logging_mixin.py:188} INFO - [2025-06-25T20:19:25.734-0400] {dagbag.py:545} INFO - Filling up the DagBag from /opt/anaconda3/envs/airflow_env/lib/python3.10/site-packages/airflow/example_dags/example_branch_labels.py
[2025-06-25T20:19:25.738-0400] {processor.py:840} INFO - DAG(s) 'example_branch_labels' retrieved from /opt/anaconda3/envs/airflow_env/lib/python3.10/site-packages/airflow/example_dags/example_branch_labels.py
[2025-06-25T20:19:25.772-0400] {logging_mixin.py:188} INFO - [2025-06-25T20:19:25.772-0400] {dag.py:3096} INFO - Sync 1 DAGs
[2025-06-25T20:19:25.778-0400] {logging_mixin.py:188} INFO - [2025-06-25T20:19:25.777-0400] {dag.py:3954} INFO - Setting next_dagrun for example_branch_labels to 2025-06-25 00:00:00+00:00, run_after=2025-06-26 00:00:00+00:00
[2025-06-25T20:19:25.784-0400] {processor.py:183} INFO - Processing /opt/anaconda3/envs/airflow_env/lib/python3.10/site-packages/airflow/example_dags/example_branch_labels.py took 0.053 seconds
[2025-06-25T20:20:35.539-0400] {processor.py:161} INFO - Started process (PID=62621) to work on /opt/anaconda3/envs/airflow_env/lib/python3.10/site-packages/airflow/example_dags/example_branch_labels.py
[2025-06-25T20:20:35.539-0400] {processor.py:830} INFO - Processing file /opt/anaconda3/envs/airflow_env/lib/python3.10/site-packages/airflow/example_dags/example_branch_labels.py for tasks to queue
[2025-06-25T20:20:35.540-0400] {logging_mixin.py:188} INFO - [2025-06-25T20:20:35.539-0400] {dagbag.py:545} INFO - Filling up the DagBag from /opt/anaconda3/envs/airflow_env/lib/python3.10/site-packages/airflow/example_dags/example_branch_labels.py
[2025-06-25T20:20:35.544-0400] {processor.py:840} INFO - DAG(s) 'example_branch_labels' retrieved from /opt/anaconda3/envs/airflow_env/lib/python3.10/site-packages/airflow/example_dags/example_branch_labels.py
[2025-06-25T20:20:35.578-0400] {logging_mixin.py:188} INFO - [2025-06-25T20:20:35.578-0400] {dag.py:3096} INFO - Sync 1 DAGs
[2025-06-25T20:20:35.584-0400] {logging_mixin.py:188} INFO - [2025-06-25T20:20:35.584-0400] {dag.py:3954} INFO - Setting next_dagrun for example_branch_labels to 2025-06-25 00:00:00+00:00, run_after=2025-06-26 00:00:00+00:00
[2025-06-25T20:20:35.591-0400] {processor.py:183} INFO - Processing /opt/anaconda3/envs/airflow_env/lib/python3.10/site-packages/airflow/example_dags/example_branch_labels.py took 0.054 seconds
[2025-06-25T20:21:17.371-0400] {processor.py:161} INFO - Started process (PID=62682) to work on /opt/anaconda3/envs/airflow_env/lib/python3.10/site-packages/airflow/example_dags/example_branch_labels.py
[2025-06-25T20:21:17.372-0400] {processor.py:830} INFO - Processing file /opt/anaconda3/envs/airflow_env/lib/python3.10/site-packages/airflow/example_dags/example_branch_labels.py for tasks to queue
[2025-06-25T20:21:17.372-0400] {logging_mixin.py:188} INFO - [2025-06-25T20:21:17.372-0400] {dagbag.py:545} INFO - Filling up the DagBag from /opt/anaconda3/envs/airflow_env/lib/python3.10/site-packages/airflow/example_dags/example_branch_labels.py
[2025-06-25T20:21:17.375-0400] {processor.py:840} INFO - DAG(s) 'example_branch_labels' retrieved from /opt/anaconda3/envs/airflow_env/lib/python3.10/site-packages/airflow/example_dags/example_branch_labels.py
[2025-06-25T20:21:17.408-0400] {logging_mixin.py:188} INFO - [2025-06-25T20:21:17.408-0400] {dag.py:3096} INFO - Sync 1 DAGs
[2025-06-25T20:21:17.414-0400] {logging_mixin.py:188} INFO - [2025-06-25T20:21:17.414-0400] {dag.py:3954} INFO - Setting next_dagrun for example_branch_labels to 2025-06-25 00:00:00+00:00, run_after=2025-06-26 00:00:00+00:00
[2025-06-25T20:21:17.420-0400] {processor.py:183} INFO - Processing /opt/anaconda3/envs/airflow_env/lib/python3.10/site-packages/airflow/example_dags/example_branch_labels.py took 0.050 seconds
[2025-06-25T20:22:14.656-0400] {processor.py:161} INFO - Started process (PID=62766) to work on /opt/anaconda3/envs/airflow_env/lib/python3.10/site-packages/airflow/example_dags/example_branch_labels.py
[2025-06-25T20:22:14.657-0400] {processor.py:830} INFO - Processing file /opt/anaconda3/envs/airflow_env/lib/python3.10/site-packages/airflow/example_dags/example_branch_labels.py for tasks to queue
[2025-06-25T20:22:14.657-0400] {logging_mixin.py:188} INFO - [2025-06-25T20:22:14.657-0400] {dagbag.py:545} INFO - Filling up the DagBag from /opt/anaconda3/envs/airflow_env/lib/python3.10/site-packages/airflow/example_dags/example_branch_labels.py
[2025-06-25T20:22:14.660-0400] {processor.py:840} INFO - DAG(s) 'example_branch_labels' retrieved from /opt/anaconda3/envs/airflow_env/lib/python3.10/site-packages/airflow/example_dags/example_branch_labels.py
[2025-06-25T20:22:14.692-0400] {logging_mixin.py:188} INFO - [2025-06-25T20:22:14.692-0400] {dag.py:3096} INFO - Sync 1 DAGs
[2025-06-25T20:22:14.698-0400] {logging_mixin.py:188} INFO - [2025-06-25T20:22:14.697-0400] {dag.py:3954} INFO - Setting next_dagrun for example_branch_labels to 2025-06-25 00:00:00+00:00, run_after=2025-06-26 00:00:00+00:00
[2025-06-25T20:22:14.704-0400] {processor.py:183} INFO - Processing /opt/anaconda3/envs/airflow_env/lib/python3.10/site-packages/airflow/example_dags/example_branch_labels.py took 0.049 seconds
[2025-06-25T20:22:52.957-0400] {processor.py:161} INFO - Started process (PID=62856) to work on /opt/anaconda3/envs/airflow_env/lib/python3.10/site-packages/airflow/example_dags/example_branch_labels.py
[2025-06-25T20:22:52.957-0400] {processor.py:830} INFO - Processing file /opt/anaconda3/envs/airflow_env/lib/python3.10/site-packages/airflow/example_dags/example_branch_labels.py for tasks to queue
[2025-06-25T20:22:52.958-0400] {logging_mixin.py:188} INFO - [2025-06-25T20:22:52.958-0400] {dagbag.py:545} INFO - Filling up the DagBag from /opt/anaconda3/envs/airflow_env/lib/python3.10/site-packages/airflow/example_dags/example_branch_labels.py
[2025-06-25T20:22:52.963-0400] {processor.py:840} INFO - DAG(s) 'example_branch_labels' retrieved from /opt/anaconda3/envs/airflow_env/lib/python3.10/site-packages/airflow/example_dags/example_branch_labels.py
[2025-06-25T20:22:53.017-0400] {logging_mixin.py:188} INFO - [2025-06-25T20:22:53.017-0400] {dag.py:3096} INFO - Sync 1 DAGs
[2025-06-25T20:22:53.025-0400] {logging_mixin.py:188} INFO - [2025-06-25T20:22:53.025-0400] {dag.py:3954} INFO - Setting next_dagrun for example_branch_labels to 2025-06-25 00:00:00+00:00, run_after=2025-06-26 00:00:00+00:00
[2025-06-25T20:22:53.033-0400] {processor.py:183} INFO - Processing /opt/anaconda3/envs/airflow_env/lib/python3.10/site-packages/airflow/example_dags/example_branch_labels.py took 0.079 seconds
[2025-06-25T20:23:56.660-0400] {processor.py:161} INFO - Started process (PID=62989) to work on /opt/anaconda3/envs/airflow_env/lib/python3.10/site-packages/airflow/example_dags/example_branch_labels.py
[2025-06-25T20:23:56.662-0400] {processor.py:830} INFO - Processing file /opt/anaconda3/envs/airflow_env/lib/python3.10/site-packages/airflow/example_dags/example_branch_labels.py for tasks to queue
[2025-06-25T20:23:56.662-0400] {logging_mixin.py:188} INFO - [2025-06-25T20:23:56.662-0400] {dagbag.py:545} INFO - Filling up the DagBag from /opt/anaconda3/envs/airflow_env/lib/python3.10/site-packages/airflow/example_dags/example_branch_labels.py
[2025-06-25T20:23:56.666-0400] {processor.py:840} INFO - DAG(s) 'example_branch_labels' retrieved from /opt/anaconda3/envs/airflow_env/lib/python3.10/site-packages/airflow/example_dags/example_branch_labels.py
[2025-06-25T20:23:56.704-0400] {logging_mixin.py:188} INFO - [2025-06-25T20:23:56.704-0400] {dag.py:3096} INFO - Sync 1 DAGs
[2025-06-25T20:23:56.710-0400] {logging_mixin.py:188} INFO - [2025-06-25T20:23:56.710-0400] {dag.py:3954} INFO - Setting next_dagrun for example_branch_labels to 2025-06-25 00:00:00+00:00, run_after=2025-06-26 00:00:00+00:00
[2025-06-25T20:23:56.717-0400] {processor.py:183} INFO - Processing /opt/anaconda3/envs/airflow_env/lib/python3.10/site-packages/airflow/example_dags/example_branch_labels.py took 0.059 seconds
[2025-06-25T20:25:14.850-0400] {processor.py:161} INFO - Started process (PID=63138) to work on /opt/anaconda3/envs/airflow_env/lib/python3.10/site-packages/airflow/example_dags/example_branch_labels.py
[2025-06-25T20:25:14.850-0400] {processor.py:830} INFO - Processing file /opt/anaconda3/envs/airflow_env/lib/python3.10/site-packages/airflow/example_dags/example_branch_labels.py for tasks to queue
[2025-06-25T20:25:14.851-0400] {logging_mixin.py:188} INFO - [2025-06-25T20:25:14.851-0400] {dagbag.py:545} INFO - Filling up the DagBag from /opt/anaconda3/envs/airflow_env/lib/python3.10/site-packages/airflow/example_dags/example_branch_labels.py
[2025-06-25T20:25:14.854-0400] {processor.py:840} INFO - DAG(s) 'example_branch_labels' retrieved from /opt/anaconda3/envs/airflow_env/lib/python3.10/site-packages/airflow/example_dags/example_branch_labels.py
[2025-06-25T20:25:14.886-0400] {logging_mixin.py:188} INFO - [2025-06-25T20:25:14.886-0400] {dag.py:3096} INFO - Sync 1 DAGs
[2025-06-25T20:25:14.892-0400] {logging_mixin.py:188} INFO - [2025-06-25T20:25:14.891-0400] {dag.py:3954} INFO - Setting next_dagrun for example_branch_labels to 2025-06-25 00:00:00+00:00, run_after=2025-06-26 00:00:00+00:00
[2025-06-25T20:25:14.898-0400] {processor.py:183} INFO - Processing /opt/anaconda3/envs/airflow_env/lib/python3.10/site-packages/airflow/example_dags/example_branch_labels.py took 0.049 seconds
[2025-06-25T20:25:39.992-0400] {processor.py:161} INFO - Started process (PID=63173) to work on /opt/anaconda3/envs/airflow_env/lib/python3.10/site-packages/airflow/example_dags/example_branch_labels.py
[2025-06-25T20:25:39.992-0400] {processor.py:830} INFO - Processing file /opt/anaconda3/envs/airflow_env/lib/python3.10/site-packages/airflow/example_dags/example_branch_labels.py for tasks to queue
[2025-06-25T20:25:39.992-0400] {logging_mixin.py:188} INFO - [2025-06-25T20:25:39.992-0400] {dagbag.py:545} INFO - Filling up the DagBag from /opt/anaconda3/envs/airflow_env/lib/python3.10/site-packages/airflow/example_dags/example_branch_labels.py
[2025-06-25T20:25:39.996-0400] {processor.py:840} INFO - DAG(s) 'example_branch_labels' retrieved from /opt/anaconda3/envs/airflow_env/lib/python3.10/site-packages/airflow/example_dags/example_branch_labels.py
[2025-06-25T20:25:40.031-0400] {logging_mixin.py:188} INFO - [2025-06-25T20:25:40.031-0400] {dag.py:3096} INFO - Sync 1 DAGs
[2025-06-25T20:25:40.037-0400] {logging_mixin.py:188} INFO - [2025-06-25T20:25:40.037-0400] {dag.py:3954} INFO - Setting next_dagrun for example_branch_labels to 2025-06-25 00:00:00+00:00, run_after=2025-06-26 00:00:00+00:00
[2025-06-25T20:25:40.044-0400] {processor.py:183} INFO - Processing /opt/anaconda3/envs/airflow_env/lib/python3.10/site-packages/airflow/example_dags/example_branch_labels.py took 0.054 seconds
[2025-06-25T20:26:54.784-0400] {processor.py:161} INFO - Started process (PID=63330) to work on /opt/anaconda3/envs/airflow_env/lib/python3.10/site-packages/airflow/example_dags/example_branch_labels.py
[2025-06-25T20:26:54.785-0400] {processor.py:830} INFO - Processing file /opt/anaconda3/envs/airflow_env/lib/python3.10/site-packages/airflow/example_dags/example_branch_labels.py for tasks to queue
[2025-06-25T20:26:54.785-0400] {logging_mixin.py:188} INFO - [2025-06-25T20:26:54.785-0400] {dagbag.py:545} INFO - Filling up the DagBag from /opt/anaconda3/envs/airflow_env/lib/python3.10/site-packages/airflow/example_dags/example_branch_labels.py
[2025-06-25T20:26:54.788-0400] {processor.py:840} INFO - DAG(s) 'example_branch_labels' retrieved from /opt/anaconda3/envs/airflow_env/lib/python3.10/site-packages/airflow/example_dags/example_branch_labels.py
[2025-06-25T20:26:54.820-0400] {logging_mixin.py:188} INFO - [2025-06-25T20:26:54.820-0400] {dag.py:3096} INFO - Sync 1 DAGs
[2025-06-25T20:26:54.825-0400] {logging_mixin.py:188} INFO - [2025-06-25T20:26:54.825-0400] {dag.py:3954} INFO - Setting next_dagrun for example_branch_labels to 2025-06-25 00:00:00+00:00, run_after=2025-06-26 00:00:00+00:00
[2025-06-25T20:26:54.831-0400] {processor.py:183} INFO - Processing /opt/anaconda3/envs/airflow_env/lib/python3.10/site-packages/airflow/example_dags/example_branch_labels.py took 0.048 seconds
[2025-06-25T20:27:19.053-0400] {processor.py:161} INFO - Started process (PID=63379) to work on /opt/anaconda3/envs/airflow_env/lib/python3.10/site-packages/airflow/example_dags/example_branch_labels.py
[2025-06-25T20:27:19.054-0400] {processor.py:830} INFO - Processing file /opt/anaconda3/envs/airflow_env/lib/python3.10/site-packages/airflow/example_dags/example_branch_labels.py for tasks to queue
[2025-06-25T20:27:19.054-0400] {logging_mixin.py:188} INFO - [2025-06-25T20:27:19.054-0400] {dagbag.py:545} INFO - Filling up the DagBag from /opt/anaconda3/envs/airflow_env/lib/python3.10/site-packages/airflow/example_dags/example_branch_labels.py
[2025-06-25T20:27:19.057-0400] {processor.py:840} INFO - DAG(s) 'example_branch_labels' retrieved from /opt/anaconda3/envs/airflow_env/lib/python3.10/site-packages/airflow/example_dags/example_branch_labels.py
[2025-06-25T20:27:19.091-0400] {logging_mixin.py:188} INFO - [2025-06-25T20:27:19.091-0400] {dag.py:3096} INFO - Sync 1 DAGs
[2025-06-25T20:27:19.097-0400] {logging_mixin.py:188} INFO - [2025-06-25T20:27:19.097-0400] {dag.py:3954} INFO - Setting next_dagrun for example_branch_labels to 2025-06-25 00:00:00+00:00, run_after=2025-06-26 00:00:00+00:00
[2025-06-25T20:27:19.103-0400] {processor.py:183} INFO - Processing /opt/anaconda3/envs/airflow_env/lib/python3.10/site-packages/airflow/example_dags/example_branch_labels.py took 0.052 seconds
[2025-06-25T20:28:30.308-0400] {processor.py:161} INFO - Started process (PID=63527) to work on /opt/anaconda3/envs/airflow_env/lib/python3.10/site-packages/airflow/example_dags/example_branch_labels.py
[2025-06-25T20:28:30.308-0400] {processor.py:830} INFO - Processing file /opt/anaconda3/envs/airflow_env/lib/python3.10/site-packages/airflow/example_dags/example_branch_labels.py for tasks to queue
[2025-06-25T20:28:30.308-0400] {logging_mixin.py:188} INFO - [2025-06-25T20:28:30.308-0400] {dagbag.py:545} INFO - Filling up the DagBag from /opt/anaconda3/envs/airflow_env/lib/python3.10/site-packages/airflow/example_dags/example_branch_labels.py
[2025-06-25T20:28:30.311-0400] {processor.py:840} INFO - DAG(s) 'example_branch_labels' retrieved from /opt/anaconda3/envs/airflow_env/lib/python3.10/site-packages/airflow/example_dags/example_branch_labels.py
[2025-06-25T20:28:30.344-0400] {logging_mixin.py:188} INFO - [2025-06-25T20:28:30.344-0400] {dag.py:3096} INFO - Sync 1 DAGs
[2025-06-25T20:28:30.350-0400] {logging_mixin.py:188} INFO - [2025-06-25T20:28:30.350-0400] {dag.py:3954} INFO - Setting next_dagrun for example_branch_labels to 2025-06-25 00:00:00+00:00, run_after=2025-06-26 00:00:00+00:00
[2025-06-25T20:28:30.357-0400] {processor.py:183} INFO - Processing /opt/anaconda3/envs/airflow_env/lib/python3.10/site-packages/airflow/example_dags/example_branch_labels.py took 0.051 seconds
[2025-06-25T20:28:57.074-0400] {processor.py:161} INFO - Started process (PID=63588) to work on /opt/anaconda3/envs/airflow_env/lib/python3.10/site-packages/airflow/example_dags/example_branch_labels.py
[2025-06-25T20:28:57.075-0400] {processor.py:830} INFO - Processing file /opt/anaconda3/envs/airflow_env/lib/python3.10/site-packages/airflow/example_dags/example_branch_labels.py for tasks to queue
[2025-06-25T20:28:57.075-0400] {logging_mixin.py:188} INFO - [2025-06-25T20:28:57.075-0400] {dagbag.py:545} INFO - Filling up the DagBag from /opt/anaconda3/envs/airflow_env/lib/python3.10/site-packages/airflow/example_dags/example_branch_labels.py
[2025-06-25T20:28:57.078-0400] {processor.py:840} INFO - DAG(s) 'example_branch_labels' retrieved from /opt/anaconda3/envs/airflow_env/lib/python3.10/site-packages/airflow/example_dags/example_branch_labels.py
[2025-06-25T20:28:57.112-0400] {logging_mixin.py:188} INFO - [2025-06-25T20:28:57.112-0400] {dag.py:3096} INFO - Sync 1 DAGs
[2025-06-25T20:28:57.118-0400] {logging_mixin.py:188} INFO - [2025-06-25T20:28:57.118-0400] {dag.py:3954} INFO - Setting next_dagrun for example_branch_labels to 2025-06-25 00:00:00+00:00, run_after=2025-06-26 00:00:00+00:00
[2025-06-25T20:28:57.124-0400] {processor.py:183} INFO - Processing /opt/anaconda3/envs/airflow_env/lib/python3.10/site-packages/airflow/example_dags/example_branch_labels.py took 0.051 seconds
[2025-06-25T20:30:40.075-0400] {processor.py:161} INFO - Started process (PID=63829) to work on /opt/anaconda3/envs/airflow_env/lib/python3.10/site-packages/airflow/example_dags/example_branch_labels.py
[2025-06-25T20:30:40.075-0400] {processor.py:830} INFO - Processing file /opt/anaconda3/envs/airflow_env/lib/python3.10/site-packages/airflow/example_dags/example_branch_labels.py for tasks to queue
[2025-06-25T20:30:40.075-0400] {logging_mixin.py:188} INFO - [2025-06-25T20:30:40.075-0400] {dagbag.py:545} INFO - Filling up the DagBag from /opt/anaconda3/envs/airflow_env/lib/python3.10/site-packages/airflow/example_dags/example_branch_labels.py
[2025-06-25T20:30:40.079-0400] {processor.py:840} INFO - DAG(s) 'example_branch_labels' retrieved from /opt/anaconda3/envs/airflow_env/lib/python3.10/site-packages/airflow/example_dags/example_branch_labels.py
[2025-06-25T20:30:40.116-0400] {logging_mixin.py:188} INFO - [2025-06-25T20:30:40.116-0400] {dag.py:3096} INFO - Sync 1 DAGs
[2025-06-25T20:30:40.123-0400] {logging_mixin.py:188} INFO - [2025-06-25T20:30:40.123-0400] {dag.py:3954} INFO - Setting next_dagrun for example_branch_labels to 2025-06-25 00:00:00+00:00, run_after=2025-06-26 00:00:00+00:00
[2025-06-25T20:30:40.130-0400] {processor.py:183} INFO - Processing /opt/anaconda3/envs/airflow_env/lib/python3.10/site-packages/airflow/example_dags/example_branch_labels.py took 0.057 seconds
[2025-06-25T20:30:54.907-0400] {processor.py:161} INFO - Started process (PID=63861) to work on /opt/anaconda3/envs/airflow_env/lib/python3.10/site-packages/airflow/example_dags/example_branch_labels.py
[2025-06-25T20:30:54.907-0400] {processor.py:830} INFO - Processing file /opt/anaconda3/envs/airflow_env/lib/python3.10/site-packages/airflow/example_dags/example_branch_labels.py for tasks to queue
[2025-06-25T20:30:54.908-0400] {logging_mixin.py:188} INFO - [2025-06-25T20:30:54.908-0400] {dagbag.py:545} INFO - Filling up the DagBag from /opt/anaconda3/envs/airflow_env/lib/python3.10/site-packages/airflow/example_dags/example_branch_labels.py
[2025-06-25T20:30:54.911-0400] {processor.py:840} INFO - DAG(s) 'example_branch_labels' retrieved from /opt/anaconda3/envs/airflow_env/lib/python3.10/site-packages/airflow/example_dags/example_branch_labels.py
[2025-06-25T20:30:54.950-0400] {logging_mixin.py:188} INFO - [2025-06-25T20:30:54.949-0400] {dag.py:3096} INFO - Sync 1 DAGs
[2025-06-25T20:30:54.990-0400] {logging_mixin.py:188} INFO - [2025-06-25T20:30:54.990-0400] {dag.py:3954} INFO - Setting next_dagrun for example_branch_labels to 2025-06-25 00:00:00+00:00, run_after=2025-06-26 00:00:00+00:00
[2025-06-25T20:30:55.006-0400] {processor.py:183} INFO - Processing /opt/anaconda3/envs/airflow_env/lib/python3.10/site-packages/airflow/example_dags/example_branch_labels.py took 0.102 seconds
[2025-06-25T20:32:50.965-0400] {processor.py:161} INFO - Started process (PID=64108) to work on /opt/anaconda3/envs/airflow_env/lib/python3.10/site-packages/airflow/example_dags/example_branch_labels.py
[2025-06-25T20:32:50.966-0400] {processor.py:830} INFO - Processing file /opt/anaconda3/envs/airflow_env/lib/python3.10/site-packages/airflow/example_dags/example_branch_labels.py for tasks to queue
[2025-06-25T20:32:50.967-0400] {logging_mixin.py:188} INFO - [2025-06-25T20:32:50.966-0400] {dagbag.py:545} INFO - Filling up the DagBag from /opt/anaconda3/envs/airflow_env/lib/python3.10/site-packages/airflow/example_dags/example_branch_labels.py
[2025-06-25T20:32:50.970-0400] {processor.py:840} INFO - DAG(s) 'example_branch_labels' retrieved from /opt/anaconda3/envs/airflow_env/lib/python3.10/site-packages/airflow/example_dags/example_branch_labels.py
[2025-06-25T20:32:51.011-0400] {logging_mixin.py:188} INFO - [2025-06-25T20:32:51.011-0400] {dag.py:3096} INFO - Sync 1 DAGs
[2025-06-25T20:32:51.017-0400] {logging_mixin.py:188} INFO - [2025-06-25T20:32:51.017-0400] {dag.py:3954} INFO - Setting next_dagrun for example_branch_labels to 2025-06-25 00:00:00+00:00, run_after=2025-06-26 00:00:00+00:00
[2025-06-25T20:32:51.024-0400] {processor.py:183} INFO - Processing /opt/anaconda3/envs/airflow_env/lib/python3.10/site-packages/airflow/example_dags/example_branch_labels.py took 0.060 seconds
[2025-06-25T20:33:16.601-0400] {processor.py:161} INFO - Started process (PID=64149) to work on /opt/anaconda3/envs/airflow_env/lib/python3.10/site-packages/airflow/example_dags/example_branch_labels.py
[2025-06-25T20:33:16.601-0400] {processor.py:830} INFO - Processing file /opt/anaconda3/envs/airflow_env/lib/python3.10/site-packages/airflow/example_dags/example_branch_labels.py for tasks to queue
[2025-06-25T20:33:16.602-0400] {logging_mixin.py:188} INFO - [2025-06-25T20:33:16.602-0400] {dagbag.py:545} INFO - Filling up the DagBag from /opt/anaconda3/envs/airflow_env/lib/python3.10/site-packages/airflow/example_dags/example_branch_labels.py
[2025-06-25T20:33:16.605-0400] {processor.py:840} INFO - DAG(s) 'example_branch_labels' retrieved from /opt/anaconda3/envs/airflow_env/lib/python3.10/site-packages/airflow/example_dags/example_branch_labels.py
[2025-06-25T20:33:16.639-0400] {logging_mixin.py:188} INFO - [2025-06-25T20:33:16.639-0400] {dag.py:3096} INFO - Sync 1 DAGs
[2025-06-25T20:33:16.644-0400] {logging_mixin.py:188} INFO - [2025-06-25T20:33:16.644-0400] {dag.py:3954} INFO - Setting next_dagrun for example_branch_labels to 2025-06-25 00:00:00+00:00, run_after=2025-06-26 00:00:00+00:00
[2025-06-25T20:33:16.651-0400] {processor.py:183} INFO - Processing /opt/anaconda3/envs/airflow_env/lib/python3.10/site-packages/airflow/example_dags/example_branch_labels.py took 0.052 seconds
[2025-06-25T20:34:36.803-0400] {processor.py:161} INFO - Started process (PID=64299) to work on /opt/anaconda3/envs/airflow_env/lib/python3.10/site-packages/airflow/example_dags/example_branch_labels.py
[2025-06-25T20:34:36.803-0400] {processor.py:830} INFO - Processing file /opt/anaconda3/envs/airflow_env/lib/python3.10/site-packages/airflow/example_dags/example_branch_labels.py for tasks to queue
[2025-06-25T20:34:36.804-0400] {logging_mixin.py:188} INFO - [2025-06-25T20:34:36.804-0400] {dagbag.py:545} INFO - Filling up the DagBag from /opt/anaconda3/envs/airflow_env/lib/python3.10/site-packages/airflow/example_dags/example_branch_labels.py
[2025-06-25T20:34:36.807-0400] {processor.py:840} INFO - DAG(s) 'example_branch_labels' retrieved from /opt/anaconda3/envs/airflow_env/lib/python3.10/site-packages/airflow/example_dags/example_branch_labels.py
[2025-06-25T20:34:36.839-0400] {logging_mixin.py:188} INFO - [2025-06-25T20:34:36.839-0400] {dag.py:3096} INFO - Sync 1 DAGs
[2025-06-25T20:34:36.844-0400] {logging_mixin.py:188} INFO - [2025-06-25T20:34:36.844-0400] {dag.py:3954} INFO - Setting next_dagrun for example_branch_labels to 2025-06-25 00:00:00+00:00, run_after=2025-06-26 00:00:00+00:00
[2025-06-25T20:34:36.850-0400] {processor.py:183} INFO - Processing /opt/anaconda3/envs/airflow_env/lib/python3.10/site-packages/airflow/example_dags/example_branch_labels.py took 0.049 seconds
[2025-06-25T20:35:02.107-0400] {processor.py:161} INFO - Started process (PID=64332) to work on /opt/anaconda3/envs/airflow_env/lib/python3.10/site-packages/airflow/example_dags/example_branch_labels.py
[2025-06-25T20:35:02.107-0400] {processor.py:830} INFO - Processing file /opt/anaconda3/envs/airflow_env/lib/python3.10/site-packages/airflow/example_dags/example_branch_labels.py for tasks to queue
[2025-06-25T20:35:02.107-0400] {logging_mixin.py:188} INFO - [2025-06-25T20:35:02.107-0400] {dagbag.py:545} INFO - Filling up the DagBag from /opt/anaconda3/envs/airflow_env/lib/python3.10/site-packages/airflow/example_dags/example_branch_labels.py
[2025-06-25T20:35:02.111-0400] {processor.py:840} INFO - DAG(s) 'example_branch_labels' retrieved from /opt/anaconda3/envs/airflow_env/lib/python3.10/site-packages/airflow/example_dags/example_branch_labels.py
[2025-06-25T20:35:02.147-0400] {logging_mixin.py:188} INFO - [2025-06-25T20:35:02.147-0400] {dag.py:3096} INFO - Sync 1 DAGs
[2025-06-25T20:35:02.153-0400] {logging_mixin.py:188} INFO - [2025-06-25T20:35:02.153-0400] {dag.py:3954} INFO - Setting next_dagrun for example_branch_labels to 2025-06-25 00:00:00+00:00, run_after=2025-06-26 00:00:00+00:00
[2025-06-25T20:35:02.160-0400] {processor.py:183} INFO - Processing /opt/anaconda3/envs/airflow_env/lib/python3.10/site-packages/airflow/example_dags/example_branch_labels.py took 0.056 seconds
[2025-06-25T20:36:12.114-0400] {processor.py:161} INFO - Started process (PID=64460) to work on /opt/anaconda3/envs/airflow_env/lib/python3.10/site-packages/airflow/example_dags/example_branch_labels.py
[2025-06-25T20:36:12.114-0400] {processor.py:830} INFO - Processing file /opt/anaconda3/envs/airflow_env/lib/python3.10/site-packages/airflow/example_dags/example_branch_labels.py for tasks to queue
[2025-06-25T20:36:12.115-0400] {logging_mixin.py:188} INFO - [2025-06-25T20:36:12.114-0400] {dagbag.py:545} INFO - Filling up the DagBag from /opt/anaconda3/envs/airflow_env/lib/python3.10/site-packages/airflow/example_dags/example_branch_labels.py
[2025-06-25T20:36:12.118-0400] {processor.py:840} INFO - DAG(s) 'example_branch_labels' retrieved from /opt/anaconda3/envs/airflow_env/lib/python3.10/site-packages/airflow/example_dags/example_branch_labels.py
[2025-06-25T20:36:12.151-0400] {logging_mixin.py:188} INFO - [2025-06-25T20:36:12.151-0400] {dag.py:3096} INFO - Sync 1 DAGs
[2025-06-25T20:36:12.156-0400] {logging_mixin.py:188} INFO - [2025-06-25T20:36:12.156-0400] {dag.py:3954} INFO - Setting next_dagrun for example_branch_labels to 2025-06-25 00:00:00+00:00, run_after=2025-06-26 00:00:00+00:00
[2025-06-25T20:36:12.163-0400] {processor.py:183} INFO - Processing /opt/anaconda3/envs/airflow_env/lib/python3.10/site-packages/airflow/example_dags/example_branch_labels.py took 0.051 seconds
[2025-06-25T20:36:41.568-0400] {processor.py:161} INFO - Started process (PID=64523) to work on /opt/anaconda3/envs/airflow_env/lib/python3.10/site-packages/airflow/example_dags/example_branch_labels.py
[2025-06-25T20:36:41.569-0400] {processor.py:830} INFO - Processing file /opt/anaconda3/envs/airflow_env/lib/python3.10/site-packages/airflow/example_dags/example_branch_labels.py for tasks to queue
[2025-06-25T20:36:41.569-0400] {logging_mixin.py:188} INFO - [2025-06-25T20:36:41.569-0400] {dagbag.py:545} INFO - Filling up the DagBag from /opt/anaconda3/envs/airflow_env/lib/python3.10/site-packages/airflow/example_dags/example_branch_labels.py
[2025-06-25T20:36:41.572-0400] {processor.py:840} INFO - DAG(s) 'example_branch_labels' retrieved from /opt/anaconda3/envs/airflow_env/lib/python3.10/site-packages/airflow/example_dags/example_branch_labels.py
[2025-06-25T20:36:41.606-0400] {logging_mixin.py:188} INFO - [2025-06-25T20:36:41.606-0400] {dag.py:3096} INFO - Sync 1 DAGs
[2025-06-25T20:36:41.612-0400] {logging_mixin.py:188} INFO - [2025-06-25T20:36:41.612-0400] {dag.py:3954} INFO - Setting next_dagrun for example_branch_labels to 2025-06-25 00:00:00+00:00, run_after=2025-06-26 00:00:00+00:00
[2025-06-25T20:36:41.619-0400] {processor.py:183} INFO - Processing /opt/anaconda3/envs/airflow_env/lib/python3.10/site-packages/airflow/example_dags/example_branch_labels.py took 0.052 seconds
[2025-06-25T20:38:06.393-0400] {processor.py:161} INFO - Started process (PID=64727) to work on /opt/anaconda3/envs/airflow_env/lib/python3.10/site-packages/airflow/example_dags/example_branch_labels.py
[2025-06-25T20:38:06.394-0400] {processor.py:830} INFO - Processing file /opt/anaconda3/envs/airflow_env/lib/python3.10/site-packages/airflow/example_dags/example_branch_labels.py for tasks to queue
[2025-06-25T20:38:06.394-0400] {logging_mixin.py:188} INFO - [2025-06-25T20:38:06.394-0400] {dagbag.py:545} INFO - Filling up the DagBag from /opt/anaconda3/envs/airflow_env/lib/python3.10/site-packages/airflow/example_dags/example_branch_labels.py
[2025-06-25T20:38:06.397-0400] {processor.py:840} INFO - DAG(s) 'example_branch_labels' retrieved from /opt/anaconda3/envs/airflow_env/lib/python3.10/site-packages/airflow/example_dags/example_branch_labels.py
[2025-06-25T20:38:06.438-0400] {logging_mixin.py:188} INFO - [2025-06-25T20:38:06.438-0400] {dag.py:3096} INFO - Sync 1 DAGs
[2025-06-25T20:38:06.445-0400] {logging_mixin.py:188} INFO - [2025-06-25T20:38:06.445-0400] {dag.py:3954} INFO - Setting next_dagrun for example_branch_labels to 2025-06-25 00:00:00+00:00, run_after=2025-06-26 00:00:00+00:00
[2025-06-25T20:38:06.453-0400] {processor.py:183} INFO - Processing /opt/anaconda3/envs/airflow_env/lib/python3.10/site-packages/airflow/example_dags/example_branch_labels.py took 0.062 seconds
[2025-06-25T20:38:54.637-0400] {processor.py:161} INFO - Started process (PID=64824) to work on /opt/anaconda3/envs/airflow_env/lib/python3.10/site-packages/airflow/example_dags/example_branch_labels.py
[2025-06-25T20:38:54.637-0400] {processor.py:830} INFO - Processing file /opt/anaconda3/envs/airflow_env/lib/python3.10/site-packages/airflow/example_dags/example_branch_labels.py for tasks to queue
[2025-06-25T20:38:54.638-0400] {logging_mixin.py:188} INFO - [2025-06-25T20:38:54.638-0400] {dagbag.py:545} INFO - Filling up the DagBag from /opt/anaconda3/envs/airflow_env/lib/python3.10/site-packages/airflow/example_dags/example_branch_labels.py
[2025-06-25T20:38:54.641-0400] {processor.py:840} INFO - DAG(s) 'example_branch_labels' retrieved from /opt/anaconda3/envs/airflow_env/lib/python3.10/site-packages/airflow/example_dags/example_branch_labels.py
[2025-06-25T20:38:54.676-0400] {logging_mixin.py:188} INFO - [2025-06-25T20:38:54.676-0400] {dag.py:3096} INFO - Sync 1 DAGs
[2025-06-25T20:38:54.682-0400] {logging_mixin.py:188} INFO - [2025-06-25T20:38:54.682-0400] {dag.py:3954} INFO - Setting next_dagrun for example_branch_labels to 2025-06-25 00:00:00+00:00, run_after=2025-06-26 00:00:00+00:00
[2025-06-25T20:38:54.688-0400] {processor.py:183} INFO - Processing /opt/anaconda3/envs/airflow_env/lib/python3.10/site-packages/airflow/example_dags/example_branch_labels.py took 0.055 seconds
[2025-06-25T20:39:54.483-0400] {processor.py:161} INFO - Started process (PID=64931) to work on /opt/anaconda3/envs/airflow_env/lib/python3.10/site-packages/airflow/example_dags/example_branch_labels.py
[2025-06-25T20:39:54.484-0400] {processor.py:830} INFO - Processing file /opt/anaconda3/envs/airflow_env/lib/python3.10/site-packages/airflow/example_dags/example_branch_labels.py for tasks to queue
[2025-06-25T20:39:54.485-0400] {logging_mixin.py:188} INFO - [2025-06-25T20:39:54.485-0400] {dagbag.py:545} INFO - Filling up the DagBag from /opt/anaconda3/envs/airflow_env/lib/python3.10/site-packages/airflow/example_dags/example_branch_labels.py
[2025-06-25T20:39:54.488-0400] {processor.py:840} INFO - DAG(s) 'example_branch_labels' retrieved from /opt/anaconda3/envs/airflow_env/lib/python3.10/site-packages/airflow/example_dags/example_branch_labels.py
[2025-06-25T20:39:54.524-0400] {logging_mixin.py:188} INFO - [2025-06-25T20:39:54.524-0400] {dag.py:3096} INFO - Sync 1 DAGs
[2025-06-25T20:39:54.530-0400] {logging_mixin.py:188} INFO - [2025-06-25T20:39:54.530-0400] {dag.py:3954} INFO - Setting next_dagrun for example_branch_labels to 2025-06-25 00:00:00+00:00, run_after=2025-06-26 00:00:00+00:00
[2025-06-25T20:39:54.536-0400] {processor.py:183} INFO - Processing /opt/anaconda3/envs/airflow_env/lib/python3.10/site-packages/airflow/example_dags/example_branch_labels.py took 0.055 seconds
[2025-06-25T20:40:42.420-0400] {processor.py:161} INFO - Started process (PID=65042) to work on /opt/anaconda3/envs/airflow_env/lib/python3.10/site-packages/airflow/example_dags/example_branch_labels.py
[2025-06-25T20:40:42.421-0400] {processor.py:830} INFO - Processing file /opt/anaconda3/envs/airflow_env/lib/python3.10/site-packages/airflow/example_dags/example_branch_labels.py for tasks to queue
[2025-06-25T20:40:42.421-0400] {logging_mixin.py:188} INFO - [2025-06-25T20:40:42.421-0400] {dagbag.py:545} INFO - Filling up the DagBag from /opt/anaconda3/envs/airflow_env/lib/python3.10/site-packages/airflow/example_dags/example_branch_labels.py
[2025-06-25T20:40:42.424-0400] {processor.py:840} INFO - DAG(s) 'example_branch_labels' retrieved from /opt/anaconda3/envs/airflow_env/lib/python3.10/site-packages/airflow/example_dags/example_branch_labels.py
[2025-06-25T20:40:42.458-0400] {logging_mixin.py:188} INFO - [2025-06-25T20:40:42.458-0400] {dag.py:3096} INFO - Sync 1 DAGs
[2025-06-25T20:40:42.464-0400] {logging_mixin.py:188} INFO - [2025-06-25T20:40:42.464-0400] {dag.py:3954} INFO - Setting next_dagrun for example_branch_labels to 2025-06-25 00:00:00+00:00, run_after=2025-06-26 00:00:00+00:00
[2025-06-25T20:40:42.470-0400] {processor.py:183} INFO - Processing /opt/anaconda3/envs/airflow_env/lib/python3.10/site-packages/airflow/example_dags/example_branch_labels.py took 0.052 seconds
[2025-06-25T20:41:29.625-0400] {processor.py:161} INFO - Started process (PID=65134) to work on /opt/anaconda3/envs/airflow_env/lib/python3.10/site-packages/airflow/example_dags/example_branch_labels.py
[2025-06-25T20:41:29.625-0400] {processor.py:830} INFO - Processing file /opt/anaconda3/envs/airflow_env/lib/python3.10/site-packages/airflow/example_dags/example_branch_labels.py for tasks to queue
[2025-06-25T20:41:29.625-0400] {logging_mixin.py:188} INFO - [2025-06-25T20:41:29.625-0400] {dagbag.py:545} INFO - Filling up the DagBag from /opt/anaconda3/envs/airflow_env/lib/python3.10/site-packages/airflow/example_dags/example_branch_labels.py
[2025-06-25T20:41:29.628-0400] {processor.py:840} INFO - DAG(s) 'example_branch_labels' retrieved from /opt/anaconda3/envs/airflow_env/lib/python3.10/site-packages/airflow/example_dags/example_branch_labels.py
[2025-06-25T20:41:29.667-0400] {logging_mixin.py:188} INFO - [2025-06-25T20:41:29.667-0400] {dag.py:3096} INFO - Sync 1 DAGs
[2025-06-25T20:41:29.674-0400] {logging_mixin.py:188} INFO - [2025-06-25T20:41:29.674-0400] {dag.py:3954} INFO - Setting next_dagrun for example_branch_labels to 2025-06-25 00:00:00+00:00, run_after=2025-06-26 00:00:00+00:00
[2025-06-25T20:41:29.683-0400] {processor.py:183} INFO - Processing /opt/anaconda3/envs/airflow_env/lib/python3.10/site-packages/airflow/example_dags/example_branch_labels.py took 0.060 seconds
[2025-06-25T20:42:23.314-0400] {processor.py:161} INFO - Started process (PID=65243) to work on /opt/anaconda3/envs/airflow_env/lib/python3.10/site-packages/airflow/example_dags/example_branch_labels.py
[2025-06-25T20:42:23.315-0400] {processor.py:830} INFO - Processing file /opt/anaconda3/envs/airflow_env/lib/python3.10/site-packages/airflow/example_dags/example_branch_labels.py for tasks to queue
[2025-06-25T20:42:23.316-0400] {logging_mixin.py:188} INFO - [2025-06-25T20:42:23.316-0400] {dagbag.py:545} INFO - Filling up the DagBag from /opt/anaconda3/envs/airflow_env/lib/python3.10/site-packages/airflow/example_dags/example_branch_labels.py
[2025-06-25T20:42:23.319-0400] {processor.py:840} INFO - DAG(s) 'example_branch_labels' retrieved from /opt/anaconda3/envs/airflow_env/lib/python3.10/site-packages/airflow/example_dags/example_branch_labels.py
[2025-06-25T20:42:23.356-0400] {logging_mixin.py:188} INFO - [2025-06-25T20:42:23.356-0400] {dag.py:3096} INFO - Sync 1 DAGs
[2025-06-25T20:42:23.362-0400] {logging_mixin.py:188} INFO - [2025-06-25T20:42:23.362-0400] {dag.py:3954} INFO - Setting next_dagrun for example_branch_labels to 2025-06-25 00:00:00+00:00, run_after=2025-06-26 00:00:00+00:00
[2025-06-25T20:42:23.368-0400] {processor.py:183} INFO - Processing /opt/anaconda3/envs/airflow_env/lib/python3.10/site-packages/airflow/example_dags/example_branch_labels.py took 0.056 seconds
[2025-06-25T20:43:10.722-0400] {processor.py:161} INFO - Started process (PID=65364) to work on /opt/anaconda3/envs/airflow_env/lib/python3.10/site-packages/airflow/example_dags/example_branch_labels.py
[2025-06-25T20:43:10.723-0400] {processor.py:830} INFO - Processing file /opt/anaconda3/envs/airflow_env/lib/python3.10/site-packages/airflow/example_dags/example_branch_labels.py for tasks to queue
[2025-06-25T20:43:10.723-0400] {logging_mixin.py:188} INFO - [2025-06-25T20:43:10.723-0400] {dagbag.py:545} INFO - Filling up the DagBag from /opt/anaconda3/envs/airflow_env/lib/python3.10/site-packages/airflow/example_dags/example_branch_labels.py
[2025-06-25T20:43:10.726-0400] {processor.py:840} INFO - DAG(s) 'example_branch_labels' retrieved from /opt/anaconda3/envs/airflow_env/lib/python3.10/site-packages/airflow/example_dags/example_branch_labels.py
[2025-06-25T20:43:10.759-0400] {logging_mixin.py:188} INFO - [2025-06-25T20:43:10.759-0400] {dag.py:3096} INFO - Sync 1 DAGs
[2025-06-25T20:43:10.764-0400] {logging_mixin.py:188} INFO - [2025-06-25T20:43:10.764-0400] {dag.py:3954} INFO - Setting next_dagrun for example_branch_labels to 2025-06-25 00:00:00+00:00, run_after=2025-06-26 00:00:00+00:00
[2025-06-25T20:43:10.770-0400] {processor.py:183} INFO - Processing /opt/anaconda3/envs/airflow_env/lib/python3.10/site-packages/airflow/example_dags/example_branch_labels.py took 0.050 seconds
[2025-06-25T20:43:58.803-0400] {processor.py:161} INFO - Started process (PID=65495) to work on /opt/anaconda3/envs/airflow_env/lib/python3.10/site-packages/airflow/example_dags/example_branch_labels.py
[2025-06-25T20:43:58.804-0400] {processor.py:830} INFO - Processing file /opt/anaconda3/envs/airflow_env/lib/python3.10/site-packages/airflow/example_dags/example_branch_labels.py for tasks to queue
[2025-06-25T20:43:58.804-0400] {logging_mixin.py:188} INFO - [2025-06-25T20:43:58.804-0400] {dagbag.py:545} INFO - Filling up the DagBag from /opt/anaconda3/envs/airflow_env/lib/python3.10/site-packages/airflow/example_dags/example_branch_labels.py
[2025-06-25T20:43:58.808-0400] {processor.py:840} INFO - DAG(s) 'example_branch_labels' retrieved from /opt/anaconda3/envs/airflow_env/lib/python3.10/site-packages/airflow/example_dags/example_branch_labels.py
[2025-06-25T20:43:58.845-0400] {logging_mixin.py:188} INFO - [2025-06-25T20:43:58.845-0400] {dag.py:3096} INFO - Sync 1 DAGs
[2025-06-25T20:43:58.852-0400] {logging_mixin.py:188} INFO - [2025-06-25T20:43:58.852-0400] {dag.py:3954} INFO - Setting next_dagrun for example_branch_labels to 2025-06-25 00:00:00+00:00, run_after=2025-06-26 00:00:00+00:00
[2025-06-25T20:43:58.859-0400] {processor.py:183} INFO - Processing /opt/anaconda3/envs/airflow_env/lib/python3.10/site-packages/airflow/example_dags/example_branch_labels.py took 0.058 seconds
[2025-06-25T20:44:47.859-0400] {processor.py:161} INFO - Started process (PID=65616) to work on /opt/anaconda3/envs/airflow_env/lib/python3.10/site-packages/airflow/example_dags/example_branch_labels.py
[2025-06-25T20:44:47.859-0400] {processor.py:830} INFO - Processing file /opt/anaconda3/envs/airflow_env/lib/python3.10/site-packages/airflow/example_dags/example_branch_labels.py for tasks to queue
[2025-06-25T20:44:47.860-0400] {logging_mixin.py:188} INFO - [2025-06-25T20:44:47.860-0400] {dagbag.py:545} INFO - Filling up the DagBag from /opt/anaconda3/envs/airflow_env/lib/python3.10/site-packages/airflow/example_dags/example_branch_labels.py
[2025-06-25T20:44:47.863-0400] {processor.py:840} INFO - DAG(s) 'example_branch_labels' retrieved from /opt/anaconda3/envs/airflow_env/lib/python3.10/site-packages/airflow/example_dags/example_branch_labels.py
[2025-06-25T20:44:47.899-0400] {logging_mixin.py:188} INFO - [2025-06-25T20:44:47.899-0400] {dag.py:3096} INFO - Sync 1 DAGs
[2025-06-25T20:44:47.905-0400] {logging_mixin.py:188} INFO - [2025-06-25T20:44:47.905-0400] {dag.py:3954} INFO - Setting next_dagrun for example_branch_labels to 2025-06-25 00:00:00+00:00, run_after=2025-06-26 00:00:00+00:00
[2025-06-25T20:44:47.912-0400] {processor.py:183} INFO - Processing /opt/anaconda3/envs/airflow_env/lib/python3.10/site-packages/airflow/example_dags/example_branch_labels.py took 0.055 seconds
[2025-06-25T20:45:34.677-0400] {processor.py:161} INFO - Started process (PID=65720) to work on /opt/anaconda3/envs/airflow_env/lib/python3.10/site-packages/airflow/example_dags/example_branch_labels.py
[2025-06-25T20:45:34.678-0400] {processor.py:830} INFO - Processing file /opt/anaconda3/envs/airflow_env/lib/python3.10/site-packages/airflow/example_dags/example_branch_labels.py for tasks to queue
[2025-06-25T20:45:34.678-0400] {logging_mixin.py:188} INFO - [2025-06-25T20:45:34.678-0400] {dagbag.py:545} INFO - Filling up the DagBag from /opt/anaconda3/envs/airflow_env/lib/python3.10/site-packages/airflow/example_dags/example_branch_labels.py
[2025-06-25T20:45:34.681-0400] {processor.py:840} INFO - DAG(s) 'example_branch_labels' retrieved from /opt/anaconda3/envs/airflow_env/lib/python3.10/site-packages/airflow/example_dags/example_branch_labels.py
[2025-06-25T20:45:34.717-0400] {logging_mixin.py:188} INFO - [2025-06-25T20:45:34.717-0400] {dag.py:3096} INFO - Sync 1 DAGs
[2025-06-25T20:45:34.722-0400] {logging_mixin.py:188} INFO - [2025-06-25T20:45:34.722-0400] {dag.py:3954} INFO - Setting next_dagrun for example_branch_labels to 2025-06-25 00:00:00+00:00, run_after=2025-06-26 00:00:00+00:00
[2025-06-25T20:45:34.729-0400] {processor.py:183} INFO - Processing /opt/anaconda3/envs/airflow_env/lib/python3.10/site-packages/airflow/example_dags/example_branch_labels.py took 0.054 seconds
[2025-06-25T20:46:37.362-0400] {processor.py:161} INFO - Started process (PID=65864) to work on /opt/anaconda3/envs/airflow_env/lib/python3.10/site-packages/airflow/example_dags/example_branch_labels.py
[2025-06-25T20:46:37.362-0400] {processor.py:830} INFO - Processing file /opt/anaconda3/envs/airflow_env/lib/python3.10/site-packages/airflow/example_dags/example_branch_labels.py for tasks to queue
[2025-06-25T20:46:37.363-0400] {logging_mixin.py:188} INFO - [2025-06-25T20:46:37.362-0400] {dagbag.py:545} INFO - Filling up the DagBag from /opt/anaconda3/envs/airflow_env/lib/python3.10/site-packages/airflow/example_dags/example_branch_labels.py
[2025-06-25T20:46:37.367-0400] {processor.py:840} INFO - DAG(s) 'example_branch_labels' retrieved from /opt/anaconda3/envs/airflow_env/lib/python3.10/site-packages/airflow/example_dags/example_branch_labels.py
[2025-06-25T20:46:37.437-0400] {logging_mixin.py:188} INFO - [2025-06-25T20:46:37.437-0400] {dag.py:3096} INFO - Sync 1 DAGs
[2025-06-25T20:46:37.444-0400] {logging_mixin.py:188} INFO - [2025-06-25T20:46:37.444-0400] {dag.py:3954} INFO - Setting next_dagrun for example_branch_labels to 2025-06-25 00:00:00+00:00, run_after=2025-06-26 00:00:00+00:00
[2025-06-25T20:46:37.451-0400] {processor.py:183} INFO - Processing /opt/anaconda3/envs/airflow_env/lib/python3.10/site-packages/airflow/example_dags/example_branch_labels.py took 0.092 seconds
[2025-06-25T20:48:02.596-0400] {processor.py:161} INFO - Started process (PID=66070) to work on /opt/anaconda3/envs/airflow_env/lib/python3.10/site-packages/airflow/example_dags/example_branch_labels.py
[2025-06-25T20:48:02.596-0400] {processor.py:830} INFO - Processing file /opt/anaconda3/envs/airflow_env/lib/python3.10/site-packages/airflow/example_dags/example_branch_labels.py for tasks to queue
[2025-06-25T20:48:02.596-0400] {logging_mixin.py:188} INFO - [2025-06-25T20:48:02.596-0400] {dagbag.py:545} INFO - Filling up the DagBag from /opt/anaconda3/envs/airflow_env/lib/python3.10/site-packages/airflow/example_dags/example_branch_labels.py
[2025-06-25T20:48:02.599-0400] {processor.py:840} INFO - DAG(s) 'example_branch_labels' retrieved from /opt/anaconda3/envs/airflow_env/lib/python3.10/site-packages/airflow/example_dags/example_branch_labels.py
[2025-06-25T20:48:02.632-0400] {logging_mixin.py:188} INFO - [2025-06-25T20:48:02.632-0400] {dag.py:3096} INFO - Sync 1 DAGs
[2025-06-25T20:48:02.637-0400] {logging_mixin.py:188} INFO - [2025-06-25T20:48:02.637-0400] {dag.py:3954} INFO - Setting next_dagrun for example_branch_labels to 2025-06-25 00:00:00+00:00, run_after=2025-06-26 00:00:00+00:00
[2025-06-25T20:48:02.644-0400] {processor.py:183} INFO - Processing /opt/anaconda3/envs/airflow_env/lib/python3.10/site-packages/airflow/example_dags/example_branch_labels.py took 0.049 seconds
[2025-06-25T20:48:26.159-0400] {processor.py:161} INFO - Started process (PID=66121) to work on /opt/anaconda3/envs/airflow_env/lib/python3.10/site-packages/airflow/example_dags/example_branch_labels.py
[2025-06-25T20:48:26.159-0400] {processor.py:830} INFO - Processing file /opt/anaconda3/envs/airflow_env/lib/python3.10/site-packages/airflow/example_dags/example_branch_labels.py for tasks to queue
[2025-06-25T20:48:26.160-0400] {logging_mixin.py:188} INFO - [2025-06-25T20:48:26.160-0400] {dagbag.py:545} INFO - Filling up the DagBag from /opt/anaconda3/envs/airflow_env/lib/python3.10/site-packages/airflow/example_dags/example_branch_labels.py
[2025-06-25T20:48:26.164-0400] {processor.py:840} INFO - DAG(s) 'example_branch_labels' retrieved from /opt/anaconda3/envs/airflow_env/lib/python3.10/site-packages/airflow/example_dags/example_branch_labels.py
[2025-06-25T20:48:26.209-0400] {logging_mixin.py:188} INFO - [2025-06-25T20:48:26.208-0400] {dag.py:3096} INFO - Sync 1 DAGs
[2025-06-25T20:48:26.216-0400] {logging_mixin.py:188} INFO - [2025-06-25T20:48:26.216-0400] {dag.py:3954} INFO - Setting next_dagrun for example_branch_labels to 2025-06-25 00:00:00+00:00, run_after=2025-06-26 00:00:00+00:00
[2025-06-25T20:48:26.223-0400] {processor.py:183} INFO - Processing /opt/anaconda3/envs/airflow_env/lib/python3.10/site-packages/airflow/example_dags/example_branch_labels.py took 0.068 seconds
[2025-06-25T20:49:42.911-0400] {processor.py:161} INFO - Started process (PID=66297) to work on /opt/anaconda3/envs/airflow_env/lib/python3.10/site-packages/airflow/example_dags/example_branch_labels.py
[2025-06-25T20:49:42.912-0400] {processor.py:830} INFO - Processing file /opt/anaconda3/envs/airflow_env/lib/python3.10/site-packages/airflow/example_dags/example_branch_labels.py for tasks to queue
[2025-06-25T20:49:42.912-0400] {logging_mixin.py:188} INFO - [2025-06-25T20:49:42.912-0400] {dagbag.py:545} INFO - Filling up the DagBag from /opt/anaconda3/envs/airflow_env/lib/python3.10/site-packages/airflow/example_dags/example_branch_labels.py
[2025-06-25T20:49:42.916-0400] {processor.py:840} INFO - DAG(s) 'example_branch_labels' retrieved from /opt/anaconda3/envs/airflow_env/lib/python3.10/site-packages/airflow/example_dags/example_branch_labels.py
[2025-06-25T20:49:42.955-0400] {logging_mixin.py:188} INFO - [2025-06-25T20:49:42.955-0400] {dag.py:3096} INFO - Sync 1 DAGs
[2025-06-25T20:49:42.962-0400] {logging_mixin.py:188} INFO - [2025-06-25T20:49:42.962-0400] {dag.py:3954} INFO - Setting next_dagrun for example_branch_labels to 2025-06-25 00:00:00+00:00, run_after=2025-06-26 00:00:00+00:00
[2025-06-25T20:49:42.971-0400] {processor.py:183} INFO - Processing /opt/anaconda3/envs/airflow_env/lib/python3.10/site-packages/airflow/example_dags/example_branch_labels.py took 0.062 seconds
[2025-06-25T20:50:40.238-0400] {processor.py:161} INFO - Started process (PID=66418) to work on /opt/anaconda3/envs/airflow_env/lib/python3.10/site-packages/airflow/example_dags/example_branch_labels.py
[2025-06-25T20:50:40.239-0400] {processor.py:830} INFO - Processing file /opt/anaconda3/envs/airflow_env/lib/python3.10/site-packages/airflow/example_dags/example_branch_labels.py for tasks to queue
[2025-06-25T20:50:40.239-0400] {logging_mixin.py:188} INFO - [2025-06-25T20:50:40.239-0400] {dagbag.py:545} INFO - Filling up the DagBag from /opt/anaconda3/envs/airflow_env/lib/python3.10/site-packages/airflow/example_dags/example_branch_labels.py
[2025-06-25T20:50:40.242-0400] {processor.py:840} INFO - DAG(s) 'example_branch_labels' retrieved from /opt/anaconda3/envs/airflow_env/lib/python3.10/site-packages/airflow/example_dags/example_branch_labels.py
[2025-06-25T20:50:40.276-0400] {logging_mixin.py:188} INFO - [2025-06-25T20:50:40.276-0400] {dag.py:3096} INFO - Sync 1 DAGs
[2025-06-25T20:50:40.282-0400] {logging_mixin.py:188} INFO - [2025-06-25T20:50:40.282-0400] {dag.py:3954} INFO - Setting next_dagrun for example_branch_labels to 2025-06-25 00:00:00+00:00, run_after=2025-06-26 00:00:00+00:00
[2025-06-25T20:50:40.288-0400] {processor.py:183} INFO - Processing /opt/anaconda3/envs/airflow_env/lib/python3.10/site-packages/airflow/example_dags/example_branch_labels.py took 0.052 seconds
[2025-06-25T20:51:56.076-0400] {processor.py:161} INFO - Started process (PID=66586) to work on /opt/anaconda3/envs/airflow_env/lib/python3.10/site-packages/airflow/example_dags/example_branch_labels.py
[2025-06-25T20:51:56.076-0400] {processor.py:830} INFO - Processing file /opt/anaconda3/envs/airflow_env/lib/python3.10/site-packages/airflow/example_dags/example_branch_labels.py for tasks to queue
[2025-06-25T20:51:56.077-0400] {logging_mixin.py:188} INFO - [2025-06-25T20:51:56.076-0400] {dagbag.py:545} INFO - Filling up the DagBag from /opt/anaconda3/envs/airflow_env/lib/python3.10/site-packages/airflow/example_dags/example_branch_labels.py
[2025-06-25T20:51:56.080-0400] {processor.py:840} INFO - DAG(s) 'example_branch_labels' retrieved from /opt/anaconda3/envs/airflow_env/lib/python3.10/site-packages/airflow/example_dags/example_branch_labels.py
[2025-06-25T20:51:56.118-0400] {logging_mixin.py:188} INFO - [2025-06-25T20:51:56.118-0400] {dag.py:3096} INFO - Sync 1 DAGs
[2025-06-25T20:51:56.124-0400] {logging_mixin.py:188} INFO - [2025-06-25T20:51:56.124-0400] {dag.py:3954} INFO - Setting next_dagrun for example_branch_labels to 2025-06-25 00:00:00+00:00, run_after=2025-06-26 00:00:00+00:00
[2025-06-25T20:51:56.131-0400] {processor.py:183} INFO - Processing /opt/anaconda3/envs/airflow_env/lib/python3.10/site-packages/airflow/example_dags/example_branch_labels.py took 0.057 seconds
[2025-06-25T20:52:48.647-0400] {processor.py:161} INFO - Started process (PID=66689) to work on /opt/anaconda3/envs/airflow_env/lib/python3.10/site-packages/airflow/example_dags/example_branch_labels.py
[2025-06-25T20:52:48.649-0400] {processor.py:830} INFO - Processing file /opt/anaconda3/envs/airflow_env/lib/python3.10/site-packages/airflow/example_dags/example_branch_labels.py for tasks to queue
[2025-06-25T20:52:48.649-0400] {logging_mixin.py:188} INFO - [2025-06-25T20:52:48.649-0400] {dagbag.py:545} INFO - Filling up the DagBag from /opt/anaconda3/envs/airflow_env/lib/python3.10/site-packages/airflow/example_dags/example_branch_labels.py
[2025-06-25T20:52:48.652-0400] {processor.py:840} INFO - DAG(s) 'example_branch_labels' retrieved from /opt/anaconda3/envs/airflow_env/lib/python3.10/site-packages/airflow/example_dags/example_branch_labels.py
[2025-06-25T20:52:48.686-0400] {logging_mixin.py:188} INFO - [2025-06-25T20:52:48.685-0400] {dag.py:3096} INFO - Sync 1 DAGs
[2025-06-25T20:52:48.691-0400] {logging_mixin.py:188} INFO - [2025-06-25T20:52:48.691-0400] {dag.py:3954} INFO - Setting next_dagrun for example_branch_labels to 2025-06-25 00:00:00+00:00, run_after=2025-06-26 00:00:00+00:00
[2025-06-25T20:52:48.698-0400] {processor.py:183} INFO - Processing /opt/anaconda3/envs/airflow_env/lib/python3.10/site-packages/airflow/example_dags/example_branch_labels.py took 0.052 seconds
[2025-06-25T20:54:41.107-0400] {processor.py:161} INFO - Started process (PID=66952) to work on /opt/anaconda3/envs/airflow_env/lib/python3.10/site-packages/airflow/example_dags/example_branch_labels.py
[2025-06-25T20:54:41.108-0400] {processor.py:830} INFO - Processing file /opt/anaconda3/envs/airflow_env/lib/python3.10/site-packages/airflow/example_dags/example_branch_labels.py for tasks to queue
[2025-06-25T20:54:41.108-0400] {logging_mixin.py:188} INFO - [2025-06-25T20:54:41.108-0400] {dagbag.py:545} INFO - Filling up the DagBag from /opt/anaconda3/envs/airflow_env/lib/python3.10/site-packages/airflow/example_dags/example_branch_labels.py
[2025-06-25T20:54:41.112-0400] {processor.py:840} INFO - DAG(s) 'example_branch_labels' retrieved from /opt/anaconda3/envs/airflow_env/lib/python3.10/site-packages/airflow/example_dags/example_branch_labels.py
[2025-06-25T20:54:41.152-0400] {logging_mixin.py:188} INFO - [2025-06-25T20:54:41.152-0400] {dag.py:3096} INFO - Sync 1 DAGs
[2025-06-25T20:54:41.158-0400] {logging_mixin.py:188} INFO - [2025-06-25T20:54:41.158-0400] {dag.py:3954} INFO - Setting next_dagrun for example_branch_labels to 2025-06-25 00:00:00+00:00, run_after=2025-06-26 00:00:00+00:00
[2025-06-25T20:54:41.165-0400] {processor.py:183} INFO - Processing /opt/anaconda3/envs/airflow_env/lib/python3.10/site-packages/airflow/example_dags/example_branch_labels.py took 0.060 seconds
[2025-06-25T20:55:00.259-0400] {processor.py:161} INFO - Started process (PID=66984) to work on /opt/anaconda3/envs/airflow_env/lib/python3.10/site-packages/airflow/example_dags/example_branch_labels.py
[2025-06-25T20:55:00.259-0400] {processor.py:830} INFO - Processing file /opt/anaconda3/envs/airflow_env/lib/python3.10/site-packages/airflow/example_dags/example_branch_labels.py for tasks to queue
[2025-06-25T20:55:00.259-0400] {logging_mixin.py:188} INFO - [2025-06-25T20:55:00.259-0400] {dagbag.py:545} INFO - Filling up the DagBag from /opt/anaconda3/envs/airflow_env/lib/python3.10/site-packages/airflow/example_dags/example_branch_labels.py
[2025-06-25T20:55:00.262-0400] {processor.py:840} INFO - DAG(s) 'example_branch_labels' retrieved from /opt/anaconda3/envs/airflow_env/lib/python3.10/site-packages/airflow/example_dags/example_branch_labels.py
[2025-06-25T20:55:00.294-0400] {logging_mixin.py:188} INFO - [2025-06-25T20:55:00.294-0400] {dag.py:3096} INFO - Sync 1 DAGs
[2025-06-25T20:55:00.299-0400] {logging_mixin.py:188} INFO - [2025-06-25T20:55:00.299-0400] {dag.py:3954} INFO - Setting next_dagrun for example_branch_labels to 2025-06-25 00:00:00+00:00, run_after=2025-06-26 00:00:00+00:00
[2025-06-25T20:55:00.306-0400] {processor.py:183} INFO - Processing /opt/anaconda3/envs/airflow_env/lib/python3.10/site-packages/airflow/example_dags/example_branch_labels.py took 0.049 seconds
[2025-06-25T20:56:28.098-0400] {processor.py:161} INFO - Started process (PID=67169) to work on /opt/anaconda3/envs/airflow_env/lib/python3.10/site-packages/airflow/example_dags/example_branch_labels.py
[2025-06-25T20:56:28.099-0400] {processor.py:830} INFO - Processing file /opt/anaconda3/envs/airflow_env/lib/python3.10/site-packages/airflow/example_dags/example_branch_labels.py for tasks to queue
[2025-06-25T20:56:28.099-0400] {logging_mixin.py:188} INFO - [2025-06-25T20:56:28.099-0400] {dagbag.py:545} INFO - Filling up the DagBag from /opt/anaconda3/envs/airflow_env/lib/python3.10/site-packages/airflow/example_dags/example_branch_labels.py
[2025-06-25T20:56:28.102-0400] {processor.py:840} INFO - DAG(s) 'example_branch_labels' retrieved from /opt/anaconda3/envs/airflow_env/lib/python3.10/site-packages/airflow/example_dags/example_branch_labels.py
[2025-06-25T20:56:28.135-0400] {logging_mixin.py:188} INFO - [2025-06-25T20:56:28.135-0400] {dag.py:3096} INFO - Sync 1 DAGs
[2025-06-25T20:56:28.142-0400] {logging_mixin.py:188} INFO - [2025-06-25T20:56:28.142-0400] {dag.py:3954} INFO - Setting next_dagrun for example_branch_labels to 2025-06-25 00:00:00+00:00, run_after=2025-06-26 00:00:00+00:00
[2025-06-25T20:56:28.149-0400] {processor.py:183} INFO - Processing /opt/anaconda3/envs/airflow_env/lib/python3.10/site-packages/airflow/example_dags/example_branch_labels.py took 0.052 seconds
[2025-06-25T20:56:38.579-0400] {processor.py:161} INFO - Started process (PID=67185) to work on /opt/anaconda3/envs/airflow_env/lib/python3.10/site-packages/airflow/example_dags/example_branch_labels.py
[2025-06-25T20:56:38.580-0400] {processor.py:830} INFO - Processing file /opt/anaconda3/envs/airflow_env/lib/python3.10/site-packages/airflow/example_dags/example_branch_labels.py for tasks to queue
[2025-06-25T20:56:38.580-0400] {logging_mixin.py:188} INFO - [2025-06-25T20:56:38.580-0400] {dagbag.py:545} INFO - Filling up the DagBag from /opt/anaconda3/envs/airflow_env/lib/python3.10/site-packages/airflow/example_dags/example_branch_labels.py
[2025-06-25T20:56:38.583-0400] {processor.py:840} INFO - DAG(s) 'example_branch_labels' retrieved from /opt/anaconda3/envs/airflow_env/lib/python3.10/site-packages/airflow/example_dags/example_branch_labels.py
[2025-06-25T20:56:38.617-0400] {logging_mixin.py:188} INFO - [2025-06-25T20:56:38.617-0400] {dag.py:3096} INFO - Sync 1 DAGs
[2025-06-25T20:56:38.623-0400] {logging_mixin.py:188} INFO - [2025-06-25T20:56:38.623-0400] {dag.py:3954} INFO - Setting next_dagrun for example_branch_labels to 2025-06-25 00:00:00+00:00, run_after=2025-06-26 00:00:00+00:00
[2025-06-25T20:56:38.629-0400] {processor.py:183} INFO - Processing /opt/anaconda3/envs/airflow_env/lib/python3.10/site-packages/airflow/example_dags/example_branch_labels.py took 0.052 seconds
[2025-06-25T20:58:03.131-0400] {processor.py:161} INFO - Started process (PID=67355) to work on /opt/anaconda3/envs/airflow_env/lib/python3.10/site-packages/airflow/example_dags/example_branch_labels.py
[2025-06-25T20:58:03.132-0400] {processor.py:830} INFO - Processing file /opt/anaconda3/envs/airflow_env/lib/python3.10/site-packages/airflow/example_dags/example_branch_labels.py for tasks to queue
[2025-06-25T20:58:03.132-0400] {logging_mixin.py:188} INFO - [2025-06-25T20:58:03.132-0400] {dagbag.py:545} INFO - Filling up the DagBag from /opt/anaconda3/envs/airflow_env/lib/python3.10/site-packages/airflow/example_dags/example_branch_labels.py
[2025-06-25T20:58:03.135-0400] {processor.py:840} INFO - DAG(s) 'example_branch_labels' retrieved from /opt/anaconda3/envs/airflow_env/lib/python3.10/site-packages/airflow/example_dags/example_branch_labels.py
[2025-06-25T20:58:03.175-0400] {logging_mixin.py:188} INFO - [2025-06-25T20:58:03.175-0400] {dag.py:3096} INFO - Sync 1 DAGs
[2025-06-25T20:58:03.181-0400] {logging_mixin.py:188} INFO - [2025-06-25T20:58:03.181-0400] {dag.py:3954} INFO - Setting next_dagrun for example_branch_labels to 2025-06-25 00:00:00+00:00, run_after=2025-06-26 00:00:00+00:00
[2025-06-25T20:58:03.188-0400] {processor.py:183} INFO - Processing /opt/anaconda3/envs/airflow_env/lib/python3.10/site-packages/airflow/example_dags/example_branch_labels.py took 0.059 seconds
[2025-06-25T20:58:14.180-0400] {processor.py:161} INFO - Started process (PID=67376) to work on /opt/anaconda3/envs/airflow_env/lib/python3.10/site-packages/airflow/example_dags/example_branch_labels.py
[2025-06-25T20:58:14.181-0400] {processor.py:830} INFO - Processing file /opt/anaconda3/envs/airflow_env/lib/python3.10/site-packages/airflow/example_dags/example_branch_labels.py for tasks to queue
[2025-06-25T20:58:14.181-0400] {logging_mixin.py:188} INFO - [2025-06-25T20:58:14.181-0400] {dagbag.py:545} INFO - Filling up the DagBag from /opt/anaconda3/envs/airflow_env/lib/python3.10/site-packages/airflow/example_dags/example_branch_labels.py
[2025-06-25T20:58:14.184-0400] {processor.py:840} INFO - DAG(s) 'example_branch_labels' retrieved from /opt/anaconda3/envs/airflow_env/lib/python3.10/site-packages/airflow/example_dags/example_branch_labels.py
[2025-06-25T20:58:14.217-0400] {logging_mixin.py:188} INFO - [2025-06-25T20:58:14.217-0400] {dag.py:3096} INFO - Sync 1 DAGs
[2025-06-25T20:58:14.222-0400] {logging_mixin.py:188} INFO - [2025-06-25T20:58:14.222-0400] {dag.py:3954} INFO - Setting next_dagrun for example_branch_labels to 2025-06-25 00:00:00+00:00, run_after=2025-06-26 00:00:00+00:00
[2025-06-25T20:58:14.229-0400] {processor.py:183} INFO - Processing /opt/anaconda3/envs/airflow_env/lib/python3.10/site-packages/airflow/example_dags/example_branch_labels.py took 0.050 seconds
[2025-06-25T20:59:39.823-0400] {processor.py:161} INFO - Started process (PID=67533) to work on /opt/anaconda3/envs/airflow_env/lib/python3.10/site-packages/airflow/example_dags/example_branch_labels.py
[2025-06-25T20:59:39.824-0400] {processor.py:830} INFO - Processing file /opt/anaconda3/envs/airflow_env/lib/python3.10/site-packages/airflow/example_dags/example_branch_labels.py for tasks to queue
[2025-06-25T20:59:39.824-0400] {logging_mixin.py:188} INFO - [2025-06-25T20:59:39.824-0400] {dagbag.py:545} INFO - Filling up the DagBag from /opt/anaconda3/envs/airflow_env/lib/python3.10/site-packages/airflow/example_dags/example_branch_labels.py
[2025-06-25T20:59:39.827-0400] {processor.py:840} INFO - DAG(s) 'example_branch_labels' retrieved from /opt/anaconda3/envs/airflow_env/lib/python3.10/site-packages/airflow/example_dags/example_branch_labels.py
[2025-06-25T20:59:39.861-0400] {logging_mixin.py:188} INFO - [2025-06-25T20:59:39.860-0400] {dag.py:3096} INFO - Sync 1 DAGs
[2025-06-25T20:59:39.866-0400] {logging_mixin.py:188} INFO - [2025-06-25T20:59:39.866-0400] {dag.py:3954} INFO - Setting next_dagrun for example_branch_labels to 2025-06-25 00:00:00+00:00, run_after=2025-06-26 00:00:00+00:00
[2025-06-25T20:59:39.872-0400] {processor.py:183} INFO - Processing /opt/anaconda3/envs/airflow_env/lib/python3.10/site-packages/airflow/example_dags/example_branch_labels.py took 0.051 seconds
[2025-06-25T20:59:55.113-0400] {processor.py:161} INFO - Started process (PID=67567) to work on /opt/anaconda3/envs/airflow_env/lib/python3.10/site-packages/airflow/example_dags/example_branch_labels.py
[2025-06-25T20:59:55.113-0400] {processor.py:830} INFO - Processing file /opt/anaconda3/envs/airflow_env/lib/python3.10/site-packages/airflow/example_dags/example_branch_labels.py for tasks to queue
[2025-06-25T20:59:55.114-0400] {logging_mixin.py:188} INFO - [2025-06-25T20:59:55.113-0400] {dagbag.py:545} INFO - Filling up the DagBag from /opt/anaconda3/envs/airflow_env/lib/python3.10/site-packages/airflow/example_dags/example_branch_labels.py
[2025-06-25T20:59:55.117-0400] {processor.py:840} INFO - DAG(s) 'example_branch_labels' retrieved from /opt/anaconda3/envs/airflow_env/lib/python3.10/site-packages/airflow/example_dags/example_branch_labels.py
[2025-06-25T20:59:55.153-0400] {logging_mixin.py:188} INFO - [2025-06-25T20:59:55.153-0400] {dag.py:3096} INFO - Sync 1 DAGs
[2025-06-25T20:59:55.160-0400] {logging_mixin.py:188} INFO - [2025-06-25T20:59:55.159-0400] {dag.py:3954} INFO - Setting next_dagrun for example_branch_labels to 2025-06-25 00:00:00+00:00, run_after=2025-06-26 00:00:00+00:00
[2025-06-25T20:59:55.166-0400] {processor.py:183} INFO - Processing /opt/anaconda3/envs/airflow_env/lib/python3.10/site-packages/airflow/example_dags/example_branch_labels.py took 0.055 seconds
[2025-06-25T21:01:13.574-0400] {processor.py:161} INFO - Started process (PID=67694) to work on /opt/anaconda3/envs/airflow_env/lib/python3.10/site-packages/airflow/example_dags/example_branch_labels.py
[2025-06-25T21:01:13.574-0400] {processor.py:830} INFO - Processing file /opt/anaconda3/envs/airflow_env/lib/python3.10/site-packages/airflow/example_dags/example_branch_labels.py for tasks to queue
[2025-06-25T21:01:13.575-0400] {logging_mixin.py:188} INFO - [2025-06-25T21:01:13.575-0400] {dagbag.py:545} INFO - Filling up the DagBag from /opt/anaconda3/envs/airflow_env/lib/python3.10/site-packages/airflow/example_dags/example_branch_labels.py
[2025-06-25T21:01:13.578-0400] {processor.py:840} INFO - DAG(s) 'example_branch_labels' retrieved from /opt/anaconda3/envs/airflow_env/lib/python3.10/site-packages/airflow/example_dags/example_branch_labels.py
[2025-06-25T21:01:13.612-0400] {logging_mixin.py:188} INFO - [2025-06-25T21:01:13.612-0400] {dag.py:3096} INFO - Sync 1 DAGs
[2025-06-25T21:01:13.618-0400] {logging_mixin.py:188} INFO - [2025-06-25T21:01:13.618-0400] {dag.py:3954} INFO - Setting next_dagrun for example_branch_labels to 2025-06-25 00:00:00+00:00, run_after=2025-06-26 00:00:00+00:00
[2025-06-25T21:01:13.625-0400] {processor.py:183} INFO - Processing /opt/anaconda3/envs/airflow_env/lib/python3.10/site-packages/airflow/example_dags/example_branch_labels.py took 0.053 seconds
[2025-06-25T21:01:29.278-0400] {processor.py:161} INFO - Started process (PID=67718) to work on /opt/anaconda3/envs/airflow_env/lib/python3.10/site-packages/airflow/example_dags/example_branch_labels.py
[2025-06-25T21:01:29.279-0400] {processor.py:830} INFO - Processing file /opt/anaconda3/envs/airflow_env/lib/python3.10/site-packages/airflow/example_dags/example_branch_labels.py for tasks to queue
[2025-06-25T21:01:29.279-0400] {logging_mixin.py:188} INFO - [2025-06-25T21:01:29.279-0400] {dagbag.py:545} INFO - Filling up the DagBag from /opt/anaconda3/envs/airflow_env/lib/python3.10/site-packages/airflow/example_dags/example_branch_labels.py
[2025-06-25T21:01:29.282-0400] {processor.py:840} INFO - DAG(s) 'example_branch_labels' retrieved from /opt/anaconda3/envs/airflow_env/lib/python3.10/site-packages/airflow/example_dags/example_branch_labels.py
[2025-06-25T21:01:29.317-0400] {logging_mixin.py:188} INFO - [2025-06-25T21:01:29.316-0400] {dag.py:3096} INFO - Sync 1 DAGs
[2025-06-25T21:01:29.322-0400] {logging_mixin.py:188} INFO - [2025-06-25T21:01:29.322-0400] {dag.py:3954} INFO - Setting next_dagrun for example_branch_labels to 2025-06-25 00:00:00+00:00, run_after=2025-06-26 00:00:00+00:00
[2025-06-25T21:01:29.329-0400] {processor.py:183} INFO - Processing /opt/anaconda3/envs/airflow_env/lib/python3.10/site-packages/airflow/example_dags/example_branch_labels.py took 0.052 seconds
[2025-06-25T21:02:43.983-0400] {processor.py:161} INFO - Started process (PID=67828) to work on /opt/anaconda3/envs/airflow_env/lib/python3.10/site-packages/airflow/example_dags/example_branch_labels.py
[2025-06-25T21:02:43.983-0400] {processor.py:830} INFO - Processing file /opt/anaconda3/envs/airflow_env/lib/python3.10/site-packages/airflow/example_dags/example_branch_labels.py for tasks to queue
[2025-06-25T21:02:43.984-0400] {logging_mixin.py:188} INFO - [2025-06-25T21:02:43.984-0400] {dagbag.py:545} INFO - Filling up the DagBag from /opt/anaconda3/envs/airflow_env/lib/python3.10/site-packages/airflow/example_dags/example_branch_labels.py
[2025-06-25T21:02:43.987-0400] {processor.py:840} INFO - DAG(s) 'example_branch_labels' retrieved from /opt/anaconda3/envs/airflow_env/lib/python3.10/site-packages/airflow/example_dags/example_branch_labels.py
[2025-06-25T21:02:44.019-0400] {logging_mixin.py:188} INFO - [2025-06-25T21:02:44.019-0400] {dag.py:3096} INFO - Sync 1 DAGs
[2025-06-25T21:02:44.024-0400] {logging_mixin.py:188} INFO - [2025-06-25T21:02:44.024-0400] {dag.py:3954} INFO - Setting next_dagrun for example_branch_labels to 2025-06-25 00:00:00+00:00, run_after=2025-06-26 00:00:00+00:00
[2025-06-25T21:02:44.031-0400] {processor.py:183} INFO - Processing /opt/anaconda3/envs/airflow_env/lib/python3.10/site-packages/airflow/example_dags/example_branch_labels.py took 0.049 seconds
[2025-06-25T21:03:02.127-0400] {processor.py:161} INFO - Started process (PID=67853) to work on /opt/anaconda3/envs/airflow_env/lib/python3.10/site-packages/airflow/example_dags/example_branch_labels.py
[2025-06-25T21:03:02.128-0400] {processor.py:830} INFO - Processing file /opt/anaconda3/envs/airflow_env/lib/python3.10/site-packages/airflow/example_dags/example_branch_labels.py for tasks to queue
[2025-06-25T21:03:02.128-0400] {logging_mixin.py:188} INFO - [2025-06-25T21:03:02.128-0400] {dagbag.py:545} INFO - Filling up the DagBag from /opt/anaconda3/envs/airflow_env/lib/python3.10/site-packages/airflow/example_dags/example_branch_labels.py
[2025-06-25T21:03:02.132-0400] {processor.py:840} INFO - DAG(s) 'example_branch_labels' retrieved from /opt/anaconda3/envs/airflow_env/lib/python3.10/site-packages/airflow/example_dags/example_branch_labels.py
[2025-06-25T21:03:02.168-0400] {logging_mixin.py:188} INFO - [2025-06-25T21:03:02.168-0400] {dag.py:3096} INFO - Sync 1 DAGs
[2025-06-25T21:03:02.174-0400] {logging_mixin.py:188} INFO - [2025-06-25T21:03:02.174-0400] {dag.py:3954} INFO - Setting next_dagrun for example_branch_labels to 2025-06-25 00:00:00+00:00, run_after=2025-06-26 00:00:00+00:00
[2025-06-25T21:03:02.180-0400] {processor.py:183} INFO - Processing /opt/anaconda3/envs/airflow_env/lib/python3.10/site-packages/airflow/example_dags/example_branch_labels.py took 0.055 seconds
[2025-06-25T21:04:18.516-0400] {processor.py:161} INFO - Started process (PID=67978) to work on /opt/anaconda3/envs/airflow_env/lib/python3.10/site-packages/airflow/example_dags/example_branch_labels.py
[2025-06-25T21:04:18.517-0400] {processor.py:830} INFO - Processing file /opt/anaconda3/envs/airflow_env/lib/python3.10/site-packages/airflow/example_dags/example_branch_labels.py for tasks to queue
[2025-06-25T21:04:18.517-0400] {logging_mixin.py:188} INFO - [2025-06-25T21:04:18.517-0400] {dagbag.py:545} INFO - Filling up the DagBag from /opt/anaconda3/envs/airflow_env/lib/python3.10/site-packages/airflow/example_dags/example_branch_labels.py
[2025-06-25T21:04:18.520-0400] {processor.py:840} INFO - DAG(s) 'example_branch_labels' retrieved from /opt/anaconda3/envs/airflow_env/lib/python3.10/site-packages/airflow/example_dags/example_branch_labels.py
[2025-06-25T21:04:18.553-0400] {logging_mixin.py:188} INFO - [2025-06-25T21:04:18.553-0400] {dag.py:3096} INFO - Sync 1 DAGs
[2025-06-25T21:04:18.558-0400] {logging_mixin.py:188} INFO - [2025-06-25T21:04:18.558-0400] {dag.py:3954} INFO - Setting next_dagrun for example_branch_labels to 2025-06-25 00:00:00+00:00, run_after=2025-06-26 00:00:00+00:00
[2025-06-25T21:04:18.564-0400] {processor.py:183} INFO - Processing /opt/anaconda3/envs/airflow_env/lib/python3.10/site-packages/airflow/example_dags/example_branch_labels.py took 0.050 seconds
[2025-06-25T21:04:37.578-0400] {processor.py:161} INFO - Started process (PID=68009) to work on /opt/anaconda3/envs/airflow_env/lib/python3.10/site-packages/airflow/example_dags/example_branch_labels.py
[2025-06-25T21:04:37.580-0400] {processor.py:830} INFO - Processing file /opt/anaconda3/envs/airflow_env/lib/python3.10/site-packages/airflow/example_dags/example_branch_labels.py for tasks to queue
[2025-06-25T21:04:37.580-0400] {logging_mixin.py:188} INFO - [2025-06-25T21:04:37.580-0400] {dagbag.py:545} INFO - Filling up the DagBag from /opt/anaconda3/envs/airflow_env/lib/python3.10/site-packages/airflow/example_dags/example_branch_labels.py
[2025-06-25T21:04:37.583-0400] {processor.py:840} INFO - DAG(s) 'example_branch_labels' retrieved from /opt/anaconda3/envs/airflow_env/lib/python3.10/site-packages/airflow/example_dags/example_branch_labels.py
[2025-06-25T21:04:37.615-0400] {logging_mixin.py:188} INFO - [2025-06-25T21:04:37.615-0400] {dag.py:3096} INFO - Sync 1 DAGs
[2025-06-25T21:04:37.621-0400] {logging_mixin.py:188} INFO - [2025-06-25T21:04:37.621-0400] {dag.py:3954} INFO - Setting next_dagrun for example_branch_labels to 2025-06-25 00:00:00+00:00, run_after=2025-06-26 00:00:00+00:00
[2025-06-25T21:04:37.627-0400] {processor.py:183} INFO - Processing /opt/anaconda3/envs/airflow_env/lib/python3.10/site-packages/airflow/example_dags/example_branch_labels.py took 0.050 seconds
[2025-06-25T21:06:06.010-0400] {processor.py:161} INFO - Started process (PID=68148) to work on /opt/anaconda3/envs/airflow_env/lib/python3.10/site-packages/airflow/example_dags/example_branch_labels.py
[2025-06-25T21:06:06.011-0400] {processor.py:830} INFO - Processing file /opt/anaconda3/envs/airflow_env/lib/python3.10/site-packages/airflow/example_dags/example_branch_labels.py for tasks to queue
[2025-06-25T21:06:06.011-0400] {logging_mixin.py:188} INFO - [2025-06-25T21:06:06.011-0400] {dagbag.py:545} INFO - Filling up the DagBag from /opt/anaconda3/envs/airflow_env/lib/python3.10/site-packages/airflow/example_dags/example_branch_labels.py
[2025-06-25T21:06:06.014-0400] {processor.py:840} INFO - DAG(s) 'example_branch_labels' retrieved from /opt/anaconda3/envs/airflow_env/lib/python3.10/site-packages/airflow/example_dags/example_branch_labels.py
[2025-06-25T21:06:06.050-0400] {logging_mixin.py:188} INFO - [2025-06-25T21:06:06.050-0400] {dag.py:3096} INFO - Sync 1 DAGs
[2025-06-25T21:06:06.057-0400] {logging_mixin.py:188} INFO - [2025-06-25T21:06:06.057-0400] {dag.py:3954} INFO - Setting next_dagrun for example_branch_labels to 2025-06-25 00:00:00+00:00, run_after=2025-06-26 00:00:00+00:00
[2025-06-25T21:06:06.064-0400] {processor.py:183} INFO - Processing /opt/anaconda3/envs/airflow_env/lib/python3.10/site-packages/airflow/example_dags/example_branch_labels.py took 0.056 seconds
[2025-06-25T21:06:20.397-0400] {processor.py:161} INFO - Started process (PID=68168) to work on /opt/anaconda3/envs/airflow_env/lib/python3.10/site-packages/airflow/example_dags/example_branch_labels.py
[2025-06-25T21:06:20.398-0400] {processor.py:830} INFO - Processing file /opt/anaconda3/envs/airflow_env/lib/python3.10/site-packages/airflow/example_dags/example_branch_labels.py for tasks to queue
[2025-06-25T21:06:20.398-0400] {logging_mixin.py:188} INFO - [2025-06-25T21:06:20.398-0400] {dagbag.py:545} INFO - Filling up the DagBag from /opt/anaconda3/envs/airflow_env/lib/python3.10/site-packages/airflow/example_dags/example_branch_labels.py
[2025-06-25T21:06:20.402-0400] {processor.py:840} INFO - DAG(s) 'example_branch_labels' retrieved from /opt/anaconda3/envs/airflow_env/lib/python3.10/site-packages/airflow/example_dags/example_branch_labels.py
[2025-06-25T21:06:20.439-0400] {logging_mixin.py:188} INFO - [2025-06-25T21:06:20.439-0400] {dag.py:3096} INFO - Sync 1 DAGs
[2025-06-25T21:06:20.446-0400] {logging_mixin.py:188} INFO - [2025-06-25T21:06:20.445-0400] {dag.py:3954} INFO - Setting next_dagrun for example_branch_labels to 2025-06-25 00:00:00+00:00, run_after=2025-06-26 00:00:00+00:00
[2025-06-25T21:06:20.453-0400] {processor.py:183} INFO - Processing /opt/anaconda3/envs/airflow_env/lib/python3.10/site-packages/airflow/example_dags/example_branch_labels.py took 0.058 seconds
[2025-06-25T21:07:51.256-0400] {processor.py:161} INFO - Started process (PID=68323) to work on /opt/anaconda3/envs/airflow_env/lib/python3.10/site-packages/airflow/example_dags/example_branch_labels.py
[2025-06-25T21:07:51.257-0400] {processor.py:830} INFO - Processing file /opt/anaconda3/envs/airflow_env/lib/python3.10/site-packages/airflow/example_dags/example_branch_labels.py for tasks to queue
[2025-06-25T21:07:51.257-0400] {logging_mixin.py:188} INFO - [2025-06-25T21:07:51.257-0400] {dagbag.py:545} INFO - Filling up the DagBag from /opt/anaconda3/envs/airflow_env/lib/python3.10/site-packages/airflow/example_dags/example_branch_labels.py
[2025-06-25T21:07:51.261-0400] {processor.py:840} INFO - DAG(s) 'example_branch_labels' retrieved from /opt/anaconda3/envs/airflow_env/lib/python3.10/site-packages/airflow/example_dags/example_branch_labels.py
[2025-06-25T21:07:51.299-0400] {logging_mixin.py:188} INFO - [2025-06-25T21:07:51.299-0400] {dag.py:3096} INFO - Sync 1 DAGs
[2025-06-25T21:07:51.306-0400] {logging_mixin.py:188} INFO - [2025-06-25T21:07:51.306-0400] {dag.py:3954} INFO - Setting next_dagrun for example_branch_labels to 2025-06-25 00:00:00+00:00, run_after=2025-06-26 00:00:00+00:00
[2025-06-25T21:07:51.313-0400] {processor.py:183} INFO - Processing /opt/anaconda3/envs/airflow_env/lib/python3.10/site-packages/airflow/example_dags/example_branch_labels.py took 0.059 seconds
[2025-06-25T21:08:07.238-0400] {processor.py:161} INFO - Started process (PID=68347) to work on /opt/anaconda3/envs/airflow_env/lib/python3.10/site-packages/airflow/example_dags/example_branch_labels.py
[2025-06-25T21:08:07.238-0400] {processor.py:830} INFO - Processing file /opt/anaconda3/envs/airflow_env/lib/python3.10/site-packages/airflow/example_dags/example_branch_labels.py for tasks to queue
[2025-06-25T21:08:07.239-0400] {logging_mixin.py:188} INFO - [2025-06-25T21:08:07.238-0400] {dagbag.py:545} INFO - Filling up the DagBag from /opt/anaconda3/envs/airflow_env/lib/python3.10/site-packages/airflow/example_dags/example_branch_labels.py
[2025-06-25T21:08:07.242-0400] {processor.py:840} INFO - DAG(s) 'example_branch_labels' retrieved from /opt/anaconda3/envs/airflow_env/lib/python3.10/site-packages/airflow/example_dags/example_branch_labels.py
[2025-06-25T21:08:07.278-0400] {logging_mixin.py:188} INFO - [2025-06-25T21:08:07.278-0400] {dag.py:3096} INFO - Sync 1 DAGs
[2025-06-25T21:08:07.285-0400] {logging_mixin.py:188} INFO - [2025-06-25T21:08:07.285-0400] {dag.py:3954} INFO - Setting next_dagrun for example_branch_labels to 2025-06-25 00:00:00+00:00, run_after=2025-06-26 00:00:00+00:00
[2025-06-25T21:08:07.303-0400] {processor.py:183} INFO - Processing /opt/anaconda3/envs/airflow_env/lib/python3.10/site-packages/airflow/example_dags/example_branch_labels.py took 0.067 seconds
[2025-06-25T21:09:35.599-0400] {processor.py:161} INFO - Started process (PID=68486) to work on /opt/anaconda3/envs/airflow_env/lib/python3.10/site-packages/airflow/example_dags/example_branch_labels.py
[2025-06-25T21:09:35.599-0400] {processor.py:830} INFO - Processing file /opt/anaconda3/envs/airflow_env/lib/python3.10/site-packages/airflow/example_dags/example_branch_labels.py for tasks to queue
[2025-06-25T21:09:35.600-0400] {logging_mixin.py:188} INFO - [2025-06-25T21:09:35.600-0400] {dagbag.py:545} INFO - Filling up the DagBag from /opt/anaconda3/envs/airflow_env/lib/python3.10/site-packages/airflow/example_dags/example_branch_labels.py
[2025-06-25T21:09:35.604-0400] {processor.py:840} INFO - DAG(s) 'example_branch_labels' retrieved from /opt/anaconda3/envs/airflow_env/lib/python3.10/site-packages/airflow/example_dags/example_branch_labels.py
[2025-06-25T21:09:35.647-0400] {logging_mixin.py:188} INFO - [2025-06-25T21:09:35.647-0400] {dag.py:3096} INFO - Sync 1 DAGs
[2025-06-25T21:09:35.655-0400] {logging_mixin.py:188} INFO - [2025-06-25T21:09:35.654-0400] {dag.py:3954} INFO - Setting next_dagrun for example_branch_labels to 2025-06-25 00:00:00+00:00, run_after=2025-06-26 00:00:00+00:00
[2025-06-25T21:09:35.662-0400] {processor.py:183} INFO - Processing /opt/anaconda3/envs/airflow_env/lib/python3.10/site-packages/airflow/example_dags/example_branch_labels.py took 0.066 seconds
[2025-06-25T21:09:47.485-0400] {processor.py:161} INFO - Started process (PID=68501) to work on /opt/anaconda3/envs/airflow_env/lib/python3.10/site-packages/airflow/example_dags/example_branch_labels.py
[2025-06-25T21:09:47.485-0400] {processor.py:830} INFO - Processing file /opt/anaconda3/envs/airflow_env/lib/python3.10/site-packages/airflow/example_dags/example_branch_labels.py for tasks to queue
[2025-06-25T21:09:47.485-0400] {logging_mixin.py:188} INFO - [2025-06-25T21:09:47.485-0400] {dagbag.py:545} INFO - Filling up the DagBag from /opt/anaconda3/envs/airflow_env/lib/python3.10/site-packages/airflow/example_dags/example_branch_labels.py
[2025-06-25T21:09:47.489-0400] {processor.py:840} INFO - DAG(s) 'example_branch_labels' retrieved from /opt/anaconda3/envs/airflow_env/lib/python3.10/site-packages/airflow/example_dags/example_branch_labels.py
[2025-06-25T21:09:47.524-0400] {logging_mixin.py:188} INFO - [2025-06-25T21:09:47.524-0400] {dag.py:3096} INFO - Sync 1 DAGs
[2025-06-25T21:09:47.530-0400] {logging_mixin.py:188} INFO - [2025-06-25T21:09:47.530-0400] {dag.py:3954} INFO - Setting next_dagrun for example_branch_labels to 2025-06-25 00:00:00+00:00, run_after=2025-06-26 00:00:00+00:00
[2025-06-25T21:09:47.536-0400] {processor.py:183} INFO - Processing /opt/anaconda3/envs/airflow_env/lib/python3.10/site-packages/airflow/example_dags/example_branch_labels.py took 0.053 seconds
[2025-06-25T21:11:19.985-0400] {processor.py:161} INFO - Started process (PID=68728) to work on /opt/anaconda3/envs/airflow_env/lib/python3.10/site-packages/airflow/example_dags/example_branch_labels.py
[2025-06-25T21:11:19.986-0400] {processor.py:830} INFO - Processing file /opt/anaconda3/envs/airflow_env/lib/python3.10/site-packages/airflow/example_dags/example_branch_labels.py for tasks to queue
[2025-06-25T21:11:19.986-0400] {logging_mixin.py:188} INFO - [2025-06-25T21:11:19.986-0400] {dagbag.py:545} INFO - Filling up the DagBag from /opt/anaconda3/envs/airflow_env/lib/python3.10/site-packages/airflow/example_dags/example_branch_labels.py
[2025-06-25T21:11:19.990-0400] {processor.py:840} INFO - DAG(s) 'example_branch_labels' retrieved from /opt/anaconda3/envs/airflow_env/lib/python3.10/site-packages/airflow/example_dags/example_branch_labels.py
[2025-06-25T21:11:20.035-0400] {logging_mixin.py:188} INFO - [2025-06-25T21:11:20.035-0400] {dag.py:3096} INFO - Sync 1 DAGs
[2025-06-25T21:11:20.042-0400] {logging_mixin.py:188} INFO - [2025-06-25T21:11:20.042-0400] {dag.py:3954} INFO - Setting next_dagrun for example_branch_labels to 2025-06-25 00:00:00+00:00, run_after=2025-06-26 00:00:00+00:00
[2025-06-25T21:11:20.049-0400] {processor.py:183} INFO - Processing /opt/anaconda3/envs/airflow_env/lib/python3.10/site-packages/airflow/example_dags/example_branch_labels.py took 0.066 seconds
[2025-06-25T21:11:37.478-0400] {processor.py:161} INFO - Started process (PID=68785) to work on /opt/anaconda3/envs/airflow_env/lib/python3.10/site-packages/airflow/example_dags/example_branch_labels.py
[2025-06-25T21:11:37.479-0400] {processor.py:830} INFO - Processing file /opt/anaconda3/envs/airflow_env/lib/python3.10/site-packages/airflow/example_dags/example_branch_labels.py for tasks to queue
[2025-06-25T21:11:37.479-0400] {logging_mixin.py:188} INFO - [2025-06-25T21:11:37.479-0400] {dagbag.py:545} INFO - Filling up the DagBag from /opt/anaconda3/envs/airflow_env/lib/python3.10/site-packages/airflow/example_dags/example_branch_labels.py
[2025-06-25T21:11:37.483-0400] {processor.py:840} INFO - DAG(s) 'example_branch_labels' retrieved from /opt/anaconda3/envs/airflow_env/lib/python3.10/site-packages/airflow/example_dags/example_branch_labels.py
[2025-06-25T21:11:37.525-0400] {logging_mixin.py:188} INFO - [2025-06-25T21:11:37.524-0400] {dag.py:3096} INFO - Sync 1 DAGs
[2025-06-25T21:11:37.531-0400] {logging_mixin.py:188} INFO - [2025-06-25T21:11:37.531-0400] {dag.py:3954} INFO - Setting next_dagrun for example_branch_labels to 2025-06-25 00:00:00+00:00, run_after=2025-06-26 00:00:00+00:00
[2025-06-25T21:11:37.539-0400] {processor.py:183} INFO - Processing /opt/anaconda3/envs/airflow_env/lib/python3.10/site-packages/airflow/example_dags/example_branch_labels.py took 0.062 seconds
[2025-06-25T21:13:14.235-0400] {processor.py:161} INFO - Started process (PID=68946) to work on /opt/anaconda3/envs/airflow_env/lib/python3.10/site-packages/airflow/example_dags/example_branch_labels.py
[2025-06-25T21:13:14.236-0400] {processor.py:830} INFO - Processing file /opt/anaconda3/envs/airflow_env/lib/python3.10/site-packages/airflow/example_dags/example_branch_labels.py for tasks to queue
[2025-06-25T21:13:14.236-0400] {logging_mixin.py:188} INFO - [2025-06-25T21:13:14.236-0400] {dagbag.py:545} INFO - Filling up the DagBag from /opt/anaconda3/envs/airflow_env/lib/python3.10/site-packages/airflow/example_dags/example_branch_labels.py
[2025-06-25T21:13:14.240-0400] {processor.py:840} INFO - DAG(s) 'example_branch_labels' retrieved from /opt/anaconda3/envs/airflow_env/lib/python3.10/site-packages/airflow/example_dags/example_branch_labels.py
[2025-06-25T21:13:14.281-0400] {logging_mixin.py:188} INFO - [2025-06-25T21:13:14.281-0400] {dag.py:3096} INFO - Sync 1 DAGs
[2025-06-25T21:13:14.288-0400] {logging_mixin.py:188} INFO - [2025-06-25T21:13:14.287-0400] {dag.py:3954} INFO - Setting next_dagrun for example_branch_labels to 2025-06-25 00:00:00+00:00, run_after=2025-06-26 00:00:00+00:00
[2025-06-25T21:13:14.297-0400] {processor.py:183} INFO - Processing /opt/anaconda3/envs/airflow_env/lib/python3.10/site-packages/airflow/example_dags/example_branch_labels.py took 0.064 seconds
[2025-06-25T21:13:39.774-0400] {processor.py:161} INFO - Started process (PID=68992) to work on /opt/anaconda3/envs/airflow_env/lib/python3.10/site-packages/airflow/example_dags/example_branch_labels.py
[2025-06-25T21:13:39.775-0400] {processor.py:830} INFO - Processing file /opt/anaconda3/envs/airflow_env/lib/python3.10/site-packages/airflow/example_dags/example_branch_labels.py for tasks to queue
[2025-06-25T21:13:39.775-0400] {logging_mixin.py:188} INFO - [2025-06-25T21:13:39.775-0400] {dagbag.py:545} INFO - Filling up the DagBag from /opt/anaconda3/envs/airflow_env/lib/python3.10/site-packages/airflow/example_dags/example_branch_labels.py
[2025-06-25T21:13:39.780-0400] {processor.py:840} INFO - DAG(s) 'example_branch_labels' retrieved from /opt/anaconda3/envs/airflow_env/lib/python3.10/site-packages/airflow/example_dags/example_branch_labels.py
[2025-06-25T21:13:39.836-0400] {logging_mixin.py:188} INFO - [2025-06-25T21:13:39.836-0400] {dag.py:3096} INFO - Sync 1 DAGs
[2025-06-25T21:13:39.844-0400] {logging_mixin.py:188} INFO - [2025-06-25T21:13:39.843-0400] {dag.py:3954} INFO - Setting next_dagrun for example_branch_labels to 2025-06-25 00:00:00+00:00, run_after=2025-06-26 00:00:00+00:00
[2025-06-25T21:13:39.855-0400] {processor.py:183} INFO - Processing /opt/anaconda3/envs/airflow_env/lib/python3.10/site-packages/airflow/example_dags/example_branch_labels.py took 0.083 seconds
[2025-06-25T21:15:10.172-0400] {processor.py:161} INFO - Started process (PID=69155) to work on /opt/anaconda3/envs/airflow_env/lib/python3.10/site-packages/airflow/example_dags/example_branch_labels.py
[2025-06-25T21:15:10.173-0400] {processor.py:830} INFO - Processing file /opt/anaconda3/envs/airflow_env/lib/python3.10/site-packages/airflow/example_dags/example_branch_labels.py for tasks to queue
[2025-06-25T21:15:10.173-0400] {logging_mixin.py:188} INFO - [2025-06-25T21:15:10.173-0400] {dagbag.py:545} INFO - Filling up the DagBag from /opt/anaconda3/envs/airflow_env/lib/python3.10/site-packages/airflow/example_dags/example_branch_labels.py
[2025-06-25T21:15:10.177-0400] {processor.py:840} INFO - DAG(s) 'example_branch_labels' retrieved from /opt/anaconda3/envs/airflow_env/lib/python3.10/site-packages/airflow/example_dags/example_branch_labels.py
[2025-06-25T21:15:10.213-0400] {logging_mixin.py:188} INFO - [2025-06-25T21:15:10.213-0400] {dag.py:3096} INFO - Sync 1 DAGs
[2025-06-25T21:15:10.219-0400] {logging_mixin.py:188} INFO - [2025-06-25T21:15:10.219-0400] {dag.py:3954} INFO - Setting next_dagrun for example_branch_labels to 2025-06-25 00:00:00+00:00, run_after=2025-06-26 00:00:00+00:00
[2025-06-25T21:15:10.226-0400] {processor.py:183} INFO - Processing /opt/anaconda3/envs/airflow_env/lib/python3.10/site-packages/airflow/example_dags/example_branch_labels.py took 0.055 seconds
[2025-06-25T21:15:31.052-0400] {processor.py:161} INFO - Started process (PID=69198) to work on /opt/anaconda3/envs/airflow_env/lib/python3.10/site-packages/airflow/example_dags/example_branch_labels.py
[2025-06-25T21:15:31.053-0400] {processor.py:830} INFO - Processing file /opt/anaconda3/envs/airflow_env/lib/python3.10/site-packages/airflow/example_dags/example_branch_labels.py for tasks to queue
[2025-06-25T21:15:31.053-0400] {logging_mixin.py:188} INFO - [2025-06-25T21:15:31.053-0400] {dagbag.py:545} INFO - Filling up the DagBag from /opt/anaconda3/envs/airflow_env/lib/python3.10/site-packages/airflow/example_dags/example_branch_labels.py
[2025-06-25T21:15:31.057-0400] {processor.py:840} INFO - DAG(s) 'example_branch_labels' retrieved from /opt/anaconda3/envs/airflow_env/lib/python3.10/site-packages/airflow/example_dags/example_branch_labels.py
[2025-06-25T21:15:31.090-0400] {logging_mixin.py:188} INFO - [2025-06-25T21:15:31.090-0400] {dag.py:3096} INFO - Sync 1 DAGs
[2025-06-25T21:15:31.096-0400] {logging_mixin.py:188} INFO - [2025-06-25T21:15:31.096-0400] {dag.py:3954} INFO - Setting next_dagrun for example_branch_labels to 2025-06-25 00:00:00+00:00, run_after=2025-06-26 00:00:00+00:00
[2025-06-25T21:15:31.102-0400] {processor.py:183} INFO - Processing /opt/anaconda3/envs/airflow_env/lib/python3.10/site-packages/airflow/example_dags/example_branch_labels.py took 0.052 seconds
[2025-06-25T21:17:02.373-0400] {processor.py:161} INFO - Started process (PID=69337) to work on /opt/anaconda3/envs/airflow_env/lib/python3.10/site-packages/airflow/example_dags/example_branch_labels.py
[2025-06-25T21:17:02.375-0400] {processor.py:830} INFO - Processing file /opt/anaconda3/envs/airflow_env/lib/python3.10/site-packages/airflow/example_dags/example_branch_labels.py for tasks to queue
[2025-06-25T21:17:02.375-0400] {logging_mixin.py:188} INFO - [2025-06-25T21:17:02.375-0400] {dagbag.py:545} INFO - Filling up the DagBag from /opt/anaconda3/envs/airflow_env/lib/python3.10/site-packages/airflow/example_dags/example_branch_labels.py
[2025-06-25T21:17:02.381-0400] {processor.py:840} INFO - DAG(s) 'example_branch_labels' retrieved from /opt/anaconda3/envs/airflow_env/lib/python3.10/site-packages/airflow/example_dags/example_branch_labels.py
[2025-06-25T21:17:02.445-0400] {logging_mixin.py:188} INFO - [2025-06-25T21:17:02.445-0400] {dag.py:3096} INFO - Sync 1 DAGs
[2025-06-25T21:17:02.455-0400] {logging_mixin.py:188} INFO - [2025-06-25T21:17:02.455-0400] {dag.py:3954} INFO - Setting next_dagrun for example_branch_labels to 2025-06-25 00:00:00+00:00, run_after=2025-06-26 00:00:00+00:00
[2025-06-25T21:17:02.467-0400] {processor.py:183} INFO - Processing /opt/anaconda3/envs/airflow_env/lib/python3.10/site-packages/airflow/example_dags/example_branch_labels.py took 0.097 seconds
[2025-06-25T21:18:49.024-0400] {processor.py:161} INFO - Started process (PID=69373) to work on /opt/anaconda3/envs/airflow_env/lib/python3.10/site-packages/airflow/example_dags/example_branch_labels.py
[2025-06-25T21:18:49.025-0400] {processor.py:830} INFO - Processing file /opt/anaconda3/envs/airflow_env/lib/python3.10/site-packages/airflow/example_dags/example_branch_labels.py for tasks to queue
[2025-06-25T21:18:49.025-0400] {logging_mixin.py:188} INFO - [2025-06-25T21:18:49.025-0400] {dagbag.py:545} INFO - Filling up the DagBag from /opt/anaconda3/envs/airflow_env/lib/python3.10/site-packages/airflow/example_dags/example_branch_labels.py
[2025-06-25T21:18:49.029-0400] {processor.py:840} INFO - DAG(s) 'example_branch_labels' retrieved from /opt/anaconda3/envs/airflow_env/lib/python3.10/site-packages/airflow/example_dags/example_branch_labels.py
[2025-06-25T21:18:49.067-0400] {logging_mixin.py:188} INFO - [2025-06-25T21:18:49.066-0400] {dag.py:3096} INFO - Sync 1 DAGs
[2025-06-25T21:18:49.074-0400] {logging_mixin.py:188} INFO - [2025-06-25T21:18:49.074-0400] {dag.py:3954} INFO - Setting next_dagrun for example_branch_labels to 2025-06-25 00:00:00+00:00, run_after=2025-06-26 00:00:00+00:00
[2025-06-25T21:18:49.081-0400] {processor.py:183} INFO - Processing /opt/anaconda3/envs/airflow_env/lib/python3.10/site-packages/airflow/example_dags/example_branch_labels.py took 0.059 seconds
[2025-06-25T21:20:29.731-0400] {processor.py:161} INFO - Started process (PID=69572) to work on /opt/anaconda3/envs/airflow_env/lib/python3.10/site-packages/airflow/example_dags/example_branch_labels.py
[2025-06-25T21:20:29.732-0400] {processor.py:830} INFO - Processing file /opt/anaconda3/envs/airflow_env/lib/python3.10/site-packages/airflow/example_dags/example_branch_labels.py for tasks to queue
[2025-06-25T21:20:29.732-0400] {logging_mixin.py:188} INFO - [2025-06-25T21:20:29.732-0400] {dagbag.py:545} INFO - Filling up the DagBag from /opt/anaconda3/envs/airflow_env/lib/python3.10/site-packages/airflow/example_dags/example_branch_labels.py
[2025-06-25T21:20:29.737-0400] {processor.py:840} INFO - DAG(s) 'example_branch_labels' retrieved from /opt/anaconda3/envs/airflow_env/lib/python3.10/site-packages/airflow/example_dags/example_branch_labels.py
[2025-06-25T21:20:29.786-0400] {logging_mixin.py:188} INFO - [2025-06-25T21:20:29.785-0400] {dag.py:3096} INFO - Sync 1 DAGs
[2025-06-25T21:20:29.796-0400] {logging_mixin.py:188} INFO - [2025-06-25T21:20:29.796-0400] {dag.py:3954} INFO - Setting next_dagrun for example_branch_labels to 2025-06-25 00:00:00+00:00, run_after=2025-06-26 00:00:00+00:00
[2025-06-25T21:20:29.805-0400] {processor.py:183} INFO - Processing /opt/anaconda3/envs/airflow_env/lib/python3.10/site-packages/airflow/example_dags/example_branch_labels.py took 0.077 seconds
[2025-06-25T21:21:08.587-0400] {processor.py:161} INFO - Started process (PID=69644) to work on /opt/anaconda3/envs/airflow_env/lib/python3.10/site-packages/airflow/example_dags/example_branch_labels.py
[2025-06-25T21:21:08.588-0400] {processor.py:830} INFO - Processing file /opt/anaconda3/envs/airflow_env/lib/python3.10/site-packages/airflow/example_dags/example_branch_labels.py for tasks to queue
[2025-06-25T21:21:08.588-0400] {logging_mixin.py:188} INFO - [2025-06-25T21:21:08.588-0400] {dagbag.py:545} INFO - Filling up the DagBag from /opt/anaconda3/envs/airflow_env/lib/python3.10/site-packages/airflow/example_dags/example_branch_labels.py
[2025-06-25T21:21:08.592-0400] {processor.py:840} INFO - DAG(s) 'example_branch_labels' retrieved from /opt/anaconda3/envs/airflow_env/lib/python3.10/site-packages/airflow/example_dags/example_branch_labels.py
[2025-06-25T21:21:08.638-0400] {logging_mixin.py:188} INFO - [2025-06-25T21:21:08.638-0400] {dag.py:3096} INFO - Sync 1 DAGs
[2025-06-25T21:21:08.645-0400] {logging_mixin.py:188} INFO - [2025-06-25T21:21:08.645-0400] {dag.py:3954} INFO - Setting next_dagrun for example_branch_labels to 2025-06-25 00:00:00+00:00, run_after=2025-06-26 00:00:00+00:00
[2025-06-25T21:21:08.653-0400] {processor.py:183} INFO - Processing /opt/anaconda3/envs/airflow_env/lib/python3.10/site-packages/airflow/example_dags/example_branch_labels.py took 0.068 seconds
[2025-06-25T21:22:30.613-0400] {processor.py:161} INFO - Started process (PID=69747) to work on /opt/anaconda3/envs/airflow_env/lib/python3.10/site-packages/airflow/example_dags/example_branch_labels.py
[2025-06-25T21:22:30.615-0400] {processor.py:830} INFO - Processing file /opt/anaconda3/envs/airflow_env/lib/python3.10/site-packages/airflow/example_dags/example_branch_labels.py for tasks to queue
[2025-06-25T21:22:30.615-0400] {logging_mixin.py:188} INFO - [2025-06-25T21:22:30.615-0400] {dagbag.py:545} INFO - Filling up the DagBag from /opt/anaconda3/envs/airflow_env/lib/python3.10/site-packages/airflow/example_dags/example_branch_labels.py
[2025-06-25T21:22:30.620-0400] {processor.py:840} INFO - DAG(s) 'example_branch_labels' retrieved from /opt/anaconda3/envs/airflow_env/lib/python3.10/site-packages/airflow/example_dags/example_branch_labels.py
[2025-06-25T21:22:30.661-0400] {logging_mixin.py:188} INFO - [2025-06-25T21:22:30.661-0400] {dag.py:3096} INFO - Sync 1 DAGs
[2025-06-25T21:22:30.669-0400] {logging_mixin.py:188} INFO - [2025-06-25T21:22:30.669-0400] {dag.py:3954} INFO - Setting next_dagrun for example_branch_labels to 2025-06-25 00:00:00+00:00, run_after=2025-06-26 00:00:00+00:00
[2025-06-25T21:22:30.678-0400] {processor.py:183} INFO - Processing /opt/anaconda3/envs/airflow_env/lib/python3.10/site-packages/airflow/example_dags/example_branch_labels.py took 0.067 seconds
[2025-06-25T21:23:06.714-0400] {processor.py:161} INFO - Started process (PID=69818) to work on /opt/anaconda3/envs/airflow_env/lib/python3.10/site-packages/airflow/example_dags/example_branch_labels.py
[2025-06-25T21:23:06.715-0400] {processor.py:830} INFO - Processing file /opt/anaconda3/envs/airflow_env/lib/python3.10/site-packages/airflow/example_dags/example_branch_labels.py for tasks to queue
[2025-06-25T21:23:06.715-0400] {logging_mixin.py:188} INFO - [2025-06-25T21:23:06.715-0400] {dagbag.py:545} INFO - Filling up the DagBag from /opt/anaconda3/envs/airflow_env/lib/python3.10/site-packages/airflow/example_dags/example_branch_labels.py
[2025-06-25T21:23:06.720-0400] {processor.py:840} INFO - DAG(s) 'example_branch_labels' retrieved from /opt/anaconda3/envs/airflow_env/lib/python3.10/site-packages/airflow/example_dags/example_branch_labels.py
[2025-06-25T21:23:06.761-0400] {logging_mixin.py:188} INFO - [2025-06-25T21:23:06.761-0400] {dag.py:3096} INFO - Sync 1 DAGs
[2025-06-25T21:23:06.767-0400] {logging_mixin.py:188} INFO - [2025-06-25T21:23:06.767-0400] {dag.py:3954} INFO - Setting next_dagrun for example_branch_labels to 2025-06-25 00:00:00+00:00, run_after=2025-06-26 00:00:00+00:00
[2025-06-25T21:23:06.774-0400] {processor.py:183} INFO - Processing /opt/anaconda3/envs/airflow_env/lib/python3.10/site-packages/airflow/example_dags/example_branch_labels.py took 0.063 seconds
[2025-06-25T21:24:31.024-0400] {processor.py:161} INFO - Started process (PID=69945) to work on /opt/anaconda3/envs/airflow_env/lib/python3.10/site-packages/airflow/example_dags/example_branch_labels.py
[2025-06-25T21:24:31.025-0400] {processor.py:830} INFO - Processing file /opt/anaconda3/envs/airflow_env/lib/python3.10/site-packages/airflow/example_dags/example_branch_labels.py for tasks to queue
[2025-06-25T21:24:31.025-0400] {logging_mixin.py:188} INFO - [2025-06-25T21:24:31.025-0400] {dagbag.py:545} INFO - Filling up the DagBag from /opt/anaconda3/envs/airflow_env/lib/python3.10/site-packages/airflow/example_dags/example_branch_labels.py
[2025-06-25T21:24:31.029-0400] {processor.py:840} INFO - DAG(s) 'example_branch_labels' retrieved from /opt/anaconda3/envs/airflow_env/lib/python3.10/site-packages/airflow/example_dags/example_branch_labels.py
[2025-06-25T21:24:31.063-0400] {logging_mixin.py:188} INFO - [2025-06-25T21:24:31.063-0400] {dag.py:3096} INFO - Sync 1 DAGs
[2025-06-25T21:24:31.069-0400] {logging_mixin.py:188} INFO - [2025-06-25T21:24:31.069-0400] {dag.py:3954} INFO - Setting next_dagrun for example_branch_labels to 2025-06-25 00:00:00+00:00, run_after=2025-06-26 00:00:00+00:00
[2025-06-25T21:24:31.076-0400] {processor.py:183} INFO - Processing /opt/anaconda3/envs/airflow_env/lib/python3.10/site-packages/airflow/example_dags/example_branch_labels.py took 0.054 seconds
[2025-06-25T21:25:06.983-0400] {processor.py:161} INFO - Started process (PID=70006) to work on /opt/anaconda3/envs/airflow_env/lib/python3.10/site-packages/airflow/example_dags/example_branch_labels.py
[2025-06-25T21:25:06.984-0400] {processor.py:830} INFO - Processing file /opt/anaconda3/envs/airflow_env/lib/python3.10/site-packages/airflow/example_dags/example_branch_labels.py for tasks to queue
[2025-06-25T21:25:06.984-0400] {logging_mixin.py:188} INFO - [2025-06-25T21:25:06.984-0400] {dagbag.py:545} INFO - Filling up the DagBag from /opt/anaconda3/envs/airflow_env/lib/python3.10/site-packages/airflow/example_dags/example_branch_labels.py
[2025-06-25T21:25:06.987-0400] {processor.py:840} INFO - DAG(s) 'example_branch_labels' retrieved from /opt/anaconda3/envs/airflow_env/lib/python3.10/site-packages/airflow/example_dags/example_branch_labels.py
[2025-06-25T21:25:07.026-0400] {logging_mixin.py:188} INFO - [2025-06-25T21:25:07.026-0400] {dag.py:3096} INFO - Sync 1 DAGs
[2025-06-25T21:25:07.032-0400] {logging_mixin.py:188} INFO - [2025-06-25T21:25:07.032-0400] {dag.py:3954} INFO - Setting next_dagrun for example_branch_labels to 2025-06-25 00:00:00+00:00, run_after=2025-06-26 00:00:00+00:00
[2025-06-25T21:25:07.039-0400] {processor.py:183} INFO - Processing /opt/anaconda3/envs/airflow_env/lib/python3.10/site-packages/airflow/example_dags/example_branch_labels.py took 0.058 seconds
[2025-06-25T21:26:28.066-0400] {processor.py:161} INFO - Started process (PID=70129) to work on /opt/anaconda3/envs/airflow_env/lib/python3.10/site-packages/airflow/example_dags/example_branch_labels.py
[2025-06-25T21:26:28.067-0400] {processor.py:830} INFO - Processing file /opt/anaconda3/envs/airflow_env/lib/python3.10/site-packages/airflow/example_dags/example_branch_labels.py for tasks to queue
[2025-06-25T21:26:28.068-0400] {logging_mixin.py:188} INFO - [2025-06-25T21:26:28.068-0400] {dagbag.py:545} INFO - Filling up the DagBag from /opt/anaconda3/envs/airflow_env/lib/python3.10/site-packages/airflow/example_dags/example_branch_labels.py
[2025-06-25T21:26:28.072-0400] {processor.py:840} INFO - DAG(s) 'example_branch_labels' retrieved from /opt/anaconda3/envs/airflow_env/lib/python3.10/site-packages/airflow/example_dags/example_branch_labels.py
[2025-06-25T21:26:28.110-0400] {logging_mixin.py:188} INFO - [2025-06-25T21:26:28.109-0400] {dag.py:3096} INFO - Sync 1 DAGs
[2025-06-25T21:26:28.116-0400] {logging_mixin.py:188} INFO - [2025-06-25T21:26:28.116-0400] {dag.py:3954} INFO - Setting next_dagrun for example_branch_labels to 2025-06-25 00:00:00+00:00, run_after=2025-06-26 00:00:00+00:00
[2025-06-25T21:26:28.123-0400] {processor.py:183} INFO - Processing /opt/anaconda3/envs/airflow_env/lib/python3.10/site-packages/airflow/example_dags/example_branch_labels.py took 0.059 seconds
[2025-06-25T21:27:00.356-0400] {processor.py:161} INFO - Started process (PID=70174) to work on /opt/anaconda3/envs/airflow_env/lib/python3.10/site-packages/airflow/example_dags/example_branch_labels.py
[2025-06-25T21:27:00.357-0400] {processor.py:830} INFO - Processing file /opt/anaconda3/envs/airflow_env/lib/python3.10/site-packages/airflow/example_dags/example_branch_labels.py for tasks to queue
[2025-06-25T21:27:00.357-0400] {logging_mixin.py:188} INFO - [2025-06-25T21:27:00.357-0400] {dagbag.py:545} INFO - Filling up the DagBag from /opt/anaconda3/envs/airflow_env/lib/python3.10/site-packages/airflow/example_dags/example_branch_labels.py
[2025-06-25T21:27:00.361-0400] {processor.py:840} INFO - DAG(s) 'example_branch_labels' retrieved from /opt/anaconda3/envs/airflow_env/lib/python3.10/site-packages/airflow/example_dags/example_branch_labels.py
[2025-06-25T21:27:00.398-0400] {logging_mixin.py:188} INFO - [2025-06-25T21:27:00.398-0400] {dag.py:3096} INFO - Sync 1 DAGs
[2025-06-25T21:27:00.405-0400] {logging_mixin.py:188} INFO - [2025-06-25T21:27:00.405-0400] {dag.py:3954} INFO - Setting next_dagrun for example_branch_labels to 2025-06-25 00:00:00+00:00, run_after=2025-06-26 00:00:00+00:00
[2025-06-25T21:27:00.413-0400] {processor.py:183} INFO - Processing /opt/anaconda3/envs/airflow_env/lib/python3.10/site-packages/airflow/example_dags/example_branch_labels.py took 0.059 seconds
[2025-06-25T21:28:30.676-0400] {processor.py:161} INFO - Started process (PID=70337) to work on /opt/anaconda3/envs/airflow_env/lib/python3.10/site-packages/airflow/example_dags/example_branch_labels.py
[2025-06-25T21:28:30.678-0400] {processor.py:830} INFO - Processing file /opt/anaconda3/envs/airflow_env/lib/python3.10/site-packages/airflow/example_dags/example_branch_labels.py for tasks to queue
[2025-06-25T21:28:30.678-0400] {logging_mixin.py:188} INFO - [2025-06-25T21:28:30.678-0400] {dagbag.py:545} INFO - Filling up the DagBag from /opt/anaconda3/envs/airflow_env/lib/python3.10/site-packages/airflow/example_dags/example_branch_labels.py
[2025-06-25T21:28:30.682-0400] {processor.py:840} INFO - DAG(s) 'example_branch_labels' retrieved from /opt/anaconda3/envs/airflow_env/lib/python3.10/site-packages/airflow/example_dags/example_branch_labels.py
[2025-06-25T21:28:30.723-0400] {logging_mixin.py:188} INFO - [2025-06-25T21:28:30.722-0400] {dag.py:3096} INFO - Sync 1 DAGs
[2025-06-25T21:28:30.739-0400] {logging_mixin.py:188} INFO - [2025-06-25T21:28:30.739-0400] {dag.py:3954} INFO - Setting next_dagrun for example_branch_labels to 2025-06-25 00:00:00+00:00, run_after=2025-06-26 00:00:00+00:00
[2025-06-25T21:28:30.747-0400] {processor.py:183} INFO - Processing /opt/anaconda3/envs/airflow_env/lib/python3.10/site-packages/airflow/example_dags/example_branch_labels.py took 0.074 seconds
[2025-06-25T21:29:02.707-0400] {processor.py:161} INFO - Started process (PID=70388) to work on /opt/anaconda3/envs/airflow_env/lib/python3.10/site-packages/airflow/example_dags/example_branch_labels.py
[2025-06-25T21:29:02.708-0400] {processor.py:830} INFO - Processing file /opt/anaconda3/envs/airflow_env/lib/python3.10/site-packages/airflow/example_dags/example_branch_labels.py for tasks to queue
[2025-06-25T21:29:02.708-0400] {logging_mixin.py:188} INFO - [2025-06-25T21:29:02.708-0400] {dagbag.py:545} INFO - Filling up the DagBag from /opt/anaconda3/envs/airflow_env/lib/python3.10/site-packages/airflow/example_dags/example_branch_labels.py
[2025-06-25T21:29:02.712-0400] {processor.py:840} INFO - DAG(s) 'example_branch_labels' retrieved from /opt/anaconda3/envs/airflow_env/lib/python3.10/site-packages/airflow/example_dags/example_branch_labels.py
[2025-06-25T21:29:02.754-0400] {logging_mixin.py:188} INFO - [2025-06-25T21:29:02.753-0400] {dag.py:3096} INFO - Sync 1 DAGs
[2025-06-25T21:29:02.760-0400] {logging_mixin.py:188} INFO - [2025-06-25T21:29:02.760-0400] {dag.py:3954} INFO - Setting next_dagrun for example_branch_labels to 2025-06-25 00:00:00+00:00, run_after=2025-06-26 00:00:00+00:00
[2025-06-25T21:29:02.768-0400] {processor.py:183} INFO - Processing /opt/anaconda3/envs/airflow_env/lib/python3.10/site-packages/airflow/example_dags/example_branch_labels.py took 0.063 seconds
[2025-06-25T21:30:27.243-0400] {processor.py:161} INFO - Started process (PID=70510) to work on /opt/anaconda3/envs/airflow_env/lib/python3.10/site-packages/airflow/example_dags/example_branch_labels.py
[2025-06-25T21:30:27.244-0400] {processor.py:830} INFO - Processing file /opt/anaconda3/envs/airflow_env/lib/python3.10/site-packages/airflow/example_dags/example_branch_labels.py for tasks to queue
[2025-06-25T21:30:27.244-0400] {logging_mixin.py:188} INFO - [2025-06-25T21:30:27.244-0400] {dagbag.py:545} INFO - Filling up the DagBag from /opt/anaconda3/envs/airflow_env/lib/python3.10/site-packages/airflow/example_dags/example_branch_labels.py
[2025-06-25T21:30:27.248-0400] {processor.py:840} INFO - DAG(s) 'example_branch_labels' retrieved from /opt/anaconda3/envs/airflow_env/lib/python3.10/site-packages/airflow/example_dags/example_branch_labels.py
[2025-06-25T21:30:27.288-0400] {logging_mixin.py:188} INFO - [2025-06-25T21:30:27.288-0400] {dag.py:3096} INFO - Sync 1 DAGs
[2025-06-25T21:30:27.295-0400] {logging_mixin.py:188} INFO - [2025-06-25T21:30:27.295-0400] {dag.py:3954} INFO - Setting next_dagrun for example_branch_labels to 2025-06-25 00:00:00+00:00, run_after=2025-06-26 00:00:00+00:00
[2025-06-25T21:30:27.301-0400] {processor.py:183} INFO - Processing /opt/anaconda3/envs/airflow_env/lib/python3.10/site-packages/airflow/example_dags/example_branch_labels.py took 0.061 seconds
[2025-06-25T21:30:59.138-0400] {processor.py:161} INFO - Started process (PID=70559) to work on /opt/anaconda3/envs/airflow_env/lib/python3.10/site-packages/airflow/example_dags/example_branch_labels.py
[2025-06-25T21:30:59.139-0400] {processor.py:830} INFO - Processing file /opt/anaconda3/envs/airflow_env/lib/python3.10/site-packages/airflow/example_dags/example_branch_labels.py for tasks to queue
[2025-06-25T21:30:59.139-0400] {logging_mixin.py:188} INFO - [2025-06-25T21:30:59.139-0400] {dagbag.py:545} INFO - Filling up the DagBag from /opt/anaconda3/envs/airflow_env/lib/python3.10/site-packages/airflow/example_dags/example_branch_labels.py
[2025-06-25T21:30:59.146-0400] {processor.py:840} INFO - DAG(s) 'example_branch_labels' retrieved from /opt/anaconda3/envs/airflow_env/lib/python3.10/site-packages/airflow/example_dags/example_branch_labels.py
[2025-06-25T21:30:59.194-0400] {logging_mixin.py:188} INFO - [2025-06-25T21:30:59.194-0400] {dag.py:3096} INFO - Sync 1 DAGs
[2025-06-25T21:30:59.201-0400] {logging_mixin.py:188} INFO - [2025-06-25T21:30:59.200-0400] {dag.py:3954} INFO - Setting next_dagrun for example_branch_labels to 2025-06-25 00:00:00+00:00, run_after=2025-06-26 00:00:00+00:00
[2025-06-25T21:30:59.210-0400] {processor.py:183} INFO - Processing /opt/anaconda3/envs/airflow_env/lib/python3.10/site-packages/airflow/example_dags/example_branch_labels.py took 0.075 seconds
[2025-06-25T21:32:20.792-0400] {processor.py:161} INFO - Started process (PID=70692) to work on /opt/anaconda3/envs/airflow_env/lib/python3.10/site-packages/airflow/example_dags/example_branch_labels.py
[2025-06-25T21:32:20.793-0400] {processor.py:830} INFO - Processing file /opt/anaconda3/envs/airflow_env/lib/python3.10/site-packages/airflow/example_dags/example_branch_labels.py for tasks to queue
[2025-06-25T21:32:20.793-0400] {logging_mixin.py:188} INFO - [2025-06-25T21:32:20.793-0400] {dagbag.py:545} INFO - Filling up the DagBag from /opt/anaconda3/envs/airflow_env/lib/python3.10/site-packages/airflow/example_dags/example_branch_labels.py
[2025-06-25T21:32:20.797-0400] {processor.py:840} INFO - DAG(s) 'example_branch_labels' retrieved from /opt/anaconda3/envs/airflow_env/lib/python3.10/site-packages/airflow/example_dags/example_branch_labels.py
[2025-06-25T21:32:20.836-0400] {logging_mixin.py:188} INFO - [2025-06-25T21:32:20.836-0400] {dag.py:3096} INFO - Sync 1 DAGs
[2025-06-25T21:32:20.842-0400] {logging_mixin.py:188} INFO - [2025-06-25T21:32:20.842-0400] {dag.py:3954} INFO - Setting next_dagrun for example_branch_labels to 2025-06-25 00:00:00+00:00, run_after=2025-06-26 00:00:00+00:00
[2025-06-25T21:32:20.850-0400] {processor.py:183} INFO - Processing /opt/anaconda3/envs/airflow_env/lib/python3.10/site-packages/airflow/example_dags/example_branch_labels.py took 0.060 seconds
[2025-06-25T21:32:56.604-0400] {processor.py:161} INFO - Started process (PID=70737) to work on /opt/anaconda3/envs/airflow_env/lib/python3.10/site-packages/airflow/example_dags/example_branch_labels.py
[2025-06-25T21:32:56.605-0400] {processor.py:830} INFO - Processing file /opt/anaconda3/envs/airflow_env/lib/python3.10/site-packages/airflow/example_dags/example_branch_labels.py for tasks to queue
[2025-06-25T21:32:56.605-0400] {logging_mixin.py:188} INFO - [2025-06-25T21:32:56.605-0400] {dagbag.py:545} INFO - Filling up the DagBag from /opt/anaconda3/envs/airflow_env/lib/python3.10/site-packages/airflow/example_dags/example_branch_labels.py
[2025-06-25T21:32:56.609-0400] {processor.py:840} INFO - DAG(s) 'example_branch_labels' retrieved from /opt/anaconda3/envs/airflow_env/lib/python3.10/site-packages/airflow/example_dags/example_branch_labels.py
[2025-06-25T21:32:56.649-0400] {logging_mixin.py:188} INFO - [2025-06-25T21:32:56.649-0400] {dag.py:3096} INFO - Sync 1 DAGs
[2025-06-25T21:32:56.656-0400] {logging_mixin.py:188} INFO - [2025-06-25T21:32:56.656-0400] {dag.py:3954} INFO - Setting next_dagrun for example_branch_labels to 2025-06-25 00:00:00+00:00, run_after=2025-06-26 00:00:00+00:00
[2025-06-25T21:32:56.663-0400] {processor.py:183} INFO - Processing /opt/anaconda3/envs/airflow_env/lib/python3.10/site-packages/airflow/example_dags/example_branch_labels.py took 0.061 seconds
[2025-06-25T21:34:11.607-0400] {processor.py:161} INFO - Started process (PID=70846) to work on /opt/anaconda3/envs/airflow_env/lib/python3.10/site-packages/airflow/example_dags/example_branch_labels.py
[2025-06-25T21:34:11.607-0400] {processor.py:830} INFO - Processing file /opt/anaconda3/envs/airflow_env/lib/python3.10/site-packages/airflow/example_dags/example_branch_labels.py for tasks to queue
[2025-06-25T21:34:11.607-0400] {logging_mixin.py:188} INFO - [2025-06-25T21:34:11.607-0400] {dagbag.py:545} INFO - Filling up the DagBag from /opt/anaconda3/envs/airflow_env/lib/python3.10/site-packages/airflow/example_dags/example_branch_labels.py
[2025-06-25T21:34:11.611-0400] {processor.py:840} INFO - DAG(s) 'example_branch_labels' retrieved from /opt/anaconda3/envs/airflow_env/lib/python3.10/site-packages/airflow/example_dags/example_branch_labels.py
[2025-06-25T21:34:11.646-0400] {logging_mixin.py:188} INFO - [2025-06-25T21:34:11.646-0400] {dag.py:3096} INFO - Sync 1 DAGs
[2025-06-25T21:34:11.652-0400] {logging_mixin.py:188} INFO - [2025-06-25T21:34:11.651-0400] {dag.py:3954} INFO - Setting next_dagrun for example_branch_labels to 2025-06-25 00:00:00+00:00, run_after=2025-06-26 00:00:00+00:00
[2025-06-25T21:34:11.660-0400] {processor.py:183} INFO - Processing /opt/anaconda3/envs/airflow_env/lib/python3.10/site-packages/airflow/example_dags/example_branch_labels.py took 0.055 seconds
[2025-06-25T21:34:40.598-0400] {processor.py:161} INFO - Started process (PID=70882) to work on /opt/anaconda3/envs/airflow_env/lib/python3.10/site-packages/airflow/example_dags/example_branch_labels.py
[2025-06-25T21:34:40.598-0400] {processor.py:830} INFO - Processing file /opt/anaconda3/envs/airflow_env/lib/python3.10/site-packages/airflow/example_dags/example_branch_labels.py for tasks to queue
[2025-06-25T21:34:40.598-0400] {logging_mixin.py:188} INFO - [2025-06-25T21:34:40.598-0400] {dagbag.py:545} INFO - Filling up the DagBag from /opt/anaconda3/envs/airflow_env/lib/python3.10/site-packages/airflow/example_dags/example_branch_labels.py
[2025-06-25T21:34:40.602-0400] {processor.py:840} INFO - DAG(s) 'example_branch_labels' retrieved from /opt/anaconda3/envs/airflow_env/lib/python3.10/site-packages/airflow/example_dags/example_branch_labels.py
[2025-06-25T21:34:40.636-0400] {logging_mixin.py:188} INFO - [2025-06-25T21:34:40.636-0400] {dag.py:3096} INFO - Sync 1 DAGs
[2025-06-25T21:34:40.642-0400] {logging_mixin.py:188} INFO - [2025-06-25T21:34:40.642-0400] {dag.py:3954} INFO - Setting next_dagrun for example_branch_labels to 2025-06-25 00:00:00+00:00, run_after=2025-06-26 00:00:00+00:00
[2025-06-25T21:34:40.649-0400] {processor.py:183} INFO - Processing /opt/anaconda3/envs/airflow_env/lib/python3.10/site-packages/airflow/example_dags/example_branch_labels.py took 0.053 seconds
[2025-06-25T21:35:58.036-0400] {processor.py:161} INFO - Started process (PID=70994) to work on /opt/anaconda3/envs/airflow_env/lib/python3.10/site-packages/airflow/example_dags/example_branch_labels.py
[2025-06-25T21:35:58.037-0400] {processor.py:830} INFO - Processing file /opt/anaconda3/envs/airflow_env/lib/python3.10/site-packages/airflow/example_dags/example_branch_labels.py for tasks to queue
[2025-06-25T21:35:58.037-0400] {logging_mixin.py:188} INFO - [2025-06-25T21:35:58.037-0400] {dagbag.py:545} INFO - Filling up the DagBag from /opt/anaconda3/envs/airflow_env/lib/python3.10/site-packages/airflow/example_dags/example_branch_labels.py
[2025-06-25T21:35:58.040-0400] {processor.py:840} INFO - DAG(s) 'example_branch_labels' retrieved from /opt/anaconda3/envs/airflow_env/lib/python3.10/site-packages/airflow/example_dags/example_branch_labels.py
[2025-06-25T21:35:58.073-0400] {logging_mixin.py:188} INFO - [2025-06-25T21:35:58.073-0400] {dag.py:3096} INFO - Sync 1 DAGs
[2025-06-25T21:35:58.079-0400] {logging_mixin.py:188} INFO - [2025-06-25T21:35:58.079-0400] {dag.py:3954} INFO - Setting next_dagrun for example_branch_labels to 2025-06-25 00:00:00+00:00, run_after=2025-06-26 00:00:00+00:00
[2025-06-25T21:35:58.085-0400] {processor.py:183} INFO - Processing /opt/anaconda3/envs/airflow_env/lib/python3.10/site-packages/airflow/example_dags/example_branch_labels.py took 0.051 seconds
[2025-06-25T21:36:28.584-0400] {processor.py:161} INFO - Started process (PID=71038) to work on /opt/anaconda3/envs/airflow_env/lib/python3.10/site-packages/airflow/example_dags/example_branch_labels.py
[2025-06-25T21:36:28.584-0400] {processor.py:830} INFO - Processing file /opt/anaconda3/envs/airflow_env/lib/python3.10/site-packages/airflow/example_dags/example_branch_labels.py for tasks to queue
[2025-06-25T21:36:28.584-0400] {logging_mixin.py:188} INFO - [2025-06-25T21:36:28.584-0400] {dagbag.py:545} INFO - Filling up the DagBag from /opt/anaconda3/envs/airflow_env/lib/python3.10/site-packages/airflow/example_dags/example_branch_labels.py
[2025-06-25T21:36:28.587-0400] {processor.py:840} INFO - DAG(s) 'example_branch_labels' retrieved from /opt/anaconda3/envs/airflow_env/lib/python3.10/site-packages/airflow/example_dags/example_branch_labels.py
[2025-06-25T21:36:28.620-0400] {logging_mixin.py:188} INFO - [2025-06-25T21:36:28.620-0400] {dag.py:3096} INFO - Sync 1 DAGs
[2025-06-25T21:36:28.626-0400] {logging_mixin.py:188} INFO - [2025-06-25T21:36:28.626-0400] {dag.py:3954} INFO - Setting next_dagrun for example_branch_labels to 2025-06-25 00:00:00+00:00, run_after=2025-06-26 00:00:00+00:00
[2025-06-25T21:36:28.632-0400] {processor.py:183} INFO - Processing /opt/anaconda3/envs/airflow_env/lib/python3.10/site-packages/airflow/example_dags/example_branch_labels.py took 0.050 seconds
[2025-06-25T21:37:32.091-0400] {processor.py:161} INFO - Started process (PID=71160) to work on /opt/anaconda3/envs/airflow_env/lib/python3.10/site-packages/airflow/example_dags/example_branch_labels.py
[2025-06-25T21:37:32.091-0400] {processor.py:830} INFO - Processing file /opt/anaconda3/envs/airflow_env/lib/python3.10/site-packages/airflow/example_dags/example_branch_labels.py for tasks to queue
[2025-06-25T21:37:32.092-0400] {logging_mixin.py:188} INFO - [2025-06-25T21:37:32.091-0400] {dagbag.py:545} INFO - Filling up the DagBag from /opt/anaconda3/envs/airflow_env/lib/python3.10/site-packages/airflow/example_dags/example_branch_labels.py
[2025-06-25T21:37:32.094-0400] {processor.py:840} INFO - DAG(s) 'example_branch_labels' retrieved from /opt/anaconda3/envs/airflow_env/lib/python3.10/site-packages/airflow/example_dags/example_branch_labels.py
[2025-06-25T21:37:32.127-0400] {logging_mixin.py:188} INFO - [2025-06-25T21:37:32.127-0400] {dag.py:3096} INFO - Sync 1 DAGs
[2025-06-25T21:37:32.133-0400] {logging_mixin.py:188} INFO - [2025-06-25T21:37:32.133-0400] {dag.py:3954} INFO - Setting next_dagrun for example_branch_labels to 2025-06-25 00:00:00+00:00, run_after=2025-06-26 00:00:00+00:00
[2025-06-25T21:37:32.139-0400] {processor.py:183} INFO - Processing /opt/anaconda3/envs/airflow_env/lib/python3.10/site-packages/airflow/example_dags/example_branch_labels.py took 0.050 seconds
[2025-06-25T21:38:12.378-0400] {processor.py:161} INFO - Started process (PID=71226) to work on /opt/anaconda3/envs/airflow_env/lib/python3.10/site-packages/airflow/example_dags/example_branch_labels.py
[2025-06-25T21:38:12.378-0400] {processor.py:830} INFO - Processing file /opt/anaconda3/envs/airflow_env/lib/python3.10/site-packages/airflow/example_dags/example_branch_labels.py for tasks to queue
[2025-06-25T21:38:12.379-0400] {logging_mixin.py:188} INFO - [2025-06-25T21:38:12.379-0400] {dagbag.py:545} INFO - Filling up the DagBag from /opt/anaconda3/envs/airflow_env/lib/python3.10/site-packages/airflow/example_dags/example_branch_labels.py
[2025-06-25T21:38:12.382-0400] {processor.py:840} INFO - DAG(s) 'example_branch_labels' retrieved from /opt/anaconda3/envs/airflow_env/lib/python3.10/site-packages/airflow/example_dags/example_branch_labels.py
[2025-06-25T21:38:12.415-0400] {logging_mixin.py:188} INFO - [2025-06-25T21:38:12.415-0400] {dag.py:3096} INFO - Sync 1 DAGs
[2025-06-25T21:38:12.421-0400] {logging_mixin.py:188} INFO - [2025-06-25T21:38:12.421-0400] {dag.py:3954} INFO - Setting next_dagrun for example_branch_labels to 2025-06-25 00:00:00+00:00, run_after=2025-06-26 00:00:00+00:00
[2025-06-25T21:38:12.428-0400] {processor.py:183} INFO - Processing /opt/anaconda3/envs/airflow_env/lib/python3.10/site-packages/airflow/example_dags/example_branch_labels.py took 0.052 seconds
[2025-06-25T21:39:18.131-0400] {processor.py:161} INFO - Started process (PID=71329) to work on /opt/anaconda3/envs/airflow_env/lib/python3.10/site-packages/airflow/example_dags/example_branch_labels.py
[2025-06-25T21:39:18.132-0400] {processor.py:830} INFO - Processing file /opt/anaconda3/envs/airflow_env/lib/python3.10/site-packages/airflow/example_dags/example_branch_labels.py for tasks to queue
[2025-06-25T21:39:18.132-0400] {logging_mixin.py:188} INFO - [2025-06-25T21:39:18.132-0400] {dagbag.py:545} INFO - Filling up the DagBag from /opt/anaconda3/envs/airflow_env/lib/python3.10/site-packages/airflow/example_dags/example_branch_labels.py
[2025-06-25T21:39:18.135-0400] {processor.py:840} INFO - DAG(s) 'example_branch_labels' retrieved from /opt/anaconda3/envs/airflow_env/lib/python3.10/site-packages/airflow/example_dags/example_branch_labels.py
[2025-06-25T21:39:18.168-0400] {logging_mixin.py:188} INFO - [2025-06-25T21:39:18.168-0400] {dag.py:3096} INFO - Sync 1 DAGs
[2025-06-25T21:39:18.173-0400] {logging_mixin.py:188} INFO - [2025-06-25T21:39:18.173-0400] {dag.py:3954} INFO - Setting next_dagrun for example_branch_labels to 2025-06-25 00:00:00+00:00, run_after=2025-06-26 00:00:00+00:00
[2025-06-25T21:39:18.179-0400] {processor.py:183} INFO - Processing /opt/anaconda3/envs/airflow_env/lib/python3.10/site-packages/airflow/example_dags/example_branch_labels.py took 0.049 seconds
[2025-06-25T21:39:51.600-0400] {processor.py:161} INFO - Started process (PID=71384) to work on /opt/anaconda3/envs/airflow_env/lib/python3.10/site-packages/airflow/example_dags/example_branch_labels.py
[2025-06-25T21:39:51.600-0400] {processor.py:830} INFO - Processing file /opt/anaconda3/envs/airflow_env/lib/python3.10/site-packages/airflow/example_dags/example_branch_labels.py for tasks to queue
[2025-06-25T21:39:51.600-0400] {logging_mixin.py:188} INFO - [2025-06-25T21:39:51.600-0400] {dagbag.py:545} INFO - Filling up the DagBag from /opt/anaconda3/envs/airflow_env/lib/python3.10/site-packages/airflow/example_dags/example_branch_labels.py
[2025-06-25T21:39:51.604-0400] {processor.py:840} INFO - DAG(s) 'example_branch_labels' retrieved from /opt/anaconda3/envs/airflow_env/lib/python3.10/site-packages/airflow/example_dags/example_branch_labels.py
[2025-06-25T21:39:51.640-0400] {logging_mixin.py:188} INFO - [2025-06-25T21:39:51.640-0400] {dag.py:3096} INFO - Sync 1 DAGs
[2025-06-25T21:39:51.645-0400] {logging_mixin.py:188} INFO - [2025-06-25T21:39:51.645-0400] {dag.py:3954} INFO - Setting next_dagrun for example_branch_labels to 2025-06-25 00:00:00+00:00, run_after=2025-06-26 00:00:00+00:00
[2025-06-25T21:39:51.652-0400] {processor.py:183} INFO - Processing /opt/anaconda3/envs/airflow_env/lib/python3.10/site-packages/airflow/example_dags/example_branch_labels.py took 0.054 seconds
[2025-06-25T21:40:57.172-0400] {processor.py:161} INFO - Started process (PID=71523) to work on /opt/anaconda3/envs/airflow_env/lib/python3.10/site-packages/airflow/example_dags/example_branch_labels.py
[2025-06-25T21:40:57.172-0400] {processor.py:830} INFO - Processing file /opt/anaconda3/envs/airflow_env/lib/python3.10/site-packages/airflow/example_dags/example_branch_labels.py for tasks to queue
[2025-06-25T21:40:57.173-0400] {logging_mixin.py:188} INFO - [2025-06-25T21:40:57.173-0400] {dagbag.py:545} INFO - Filling up the DagBag from /opt/anaconda3/envs/airflow_env/lib/python3.10/site-packages/airflow/example_dags/example_branch_labels.py
[2025-06-25T21:40:57.176-0400] {processor.py:840} INFO - DAG(s) 'example_branch_labels' retrieved from /opt/anaconda3/envs/airflow_env/lib/python3.10/site-packages/airflow/example_dags/example_branch_labels.py
[2025-06-25T21:40:57.208-0400] {logging_mixin.py:188} INFO - [2025-06-25T21:40:57.208-0400] {dag.py:3096} INFO - Sync 1 DAGs
[2025-06-25T21:40:57.213-0400] {logging_mixin.py:188} INFO - [2025-06-25T21:40:57.213-0400] {dag.py:3954} INFO - Setting next_dagrun for example_branch_labels to 2025-06-25 00:00:00+00:00, run_after=2025-06-26 00:00:00+00:00
[2025-06-25T21:40:57.220-0400] {processor.py:183} INFO - Processing /opt/anaconda3/envs/airflow_env/lib/python3.10/site-packages/airflow/example_dags/example_branch_labels.py took 0.049 seconds
[2025-06-25T21:41:24.995-0400] {processor.py:161} INFO - Started process (PID=71573) to work on /opt/anaconda3/envs/airflow_env/lib/python3.10/site-packages/airflow/example_dags/example_branch_labels.py
[2025-06-25T21:41:24.995-0400] {processor.py:830} INFO - Processing file /opt/anaconda3/envs/airflow_env/lib/python3.10/site-packages/airflow/example_dags/example_branch_labels.py for tasks to queue
[2025-06-25T21:41:24.996-0400] {logging_mixin.py:188} INFO - [2025-06-25T21:41:24.995-0400] {dagbag.py:545} INFO - Filling up the DagBag from /opt/anaconda3/envs/airflow_env/lib/python3.10/site-packages/airflow/example_dags/example_branch_labels.py
[2025-06-25T21:41:24.999-0400] {processor.py:840} INFO - DAG(s) 'example_branch_labels' retrieved from /opt/anaconda3/envs/airflow_env/lib/python3.10/site-packages/airflow/example_dags/example_branch_labels.py
[2025-06-25T21:41:25.032-0400] {logging_mixin.py:188} INFO - [2025-06-25T21:41:25.032-0400] {dag.py:3096} INFO - Sync 1 DAGs
[2025-06-25T21:41:25.038-0400] {logging_mixin.py:188} INFO - [2025-06-25T21:41:25.038-0400] {dag.py:3954} INFO - Setting next_dagrun for example_branch_labels to 2025-06-25 00:00:00+00:00, run_after=2025-06-26 00:00:00+00:00
[2025-06-25T21:41:25.044-0400] {processor.py:183} INFO - Processing /opt/anaconda3/envs/airflow_env/lib/python3.10/site-packages/airflow/example_dags/example_branch_labels.py took 0.051 seconds
[2025-06-25T21:42:32.790-0400] {processor.py:161} INFO - Started process (PID=71728) to work on /opt/anaconda3/envs/airflow_env/lib/python3.10/site-packages/airflow/example_dags/example_branch_labels.py
[2025-06-25T21:42:32.790-0400] {processor.py:830} INFO - Processing file /opt/anaconda3/envs/airflow_env/lib/python3.10/site-packages/airflow/example_dags/example_branch_labels.py for tasks to queue
[2025-06-25T21:42:32.790-0400] {logging_mixin.py:188} INFO - [2025-06-25T21:42:32.790-0400] {dagbag.py:545} INFO - Filling up the DagBag from /opt/anaconda3/envs/airflow_env/lib/python3.10/site-packages/airflow/example_dags/example_branch_labels.py
[2025-06-25T21:42:32.794-0400] {processor.py:840} INFO - DAG(s) 'example_branch_labels' retrieved from /opt/anaconda3/envs/airflow_env/lib/python3.10/site-packages/airflow/example_dags/example_branch_labels.py
[2025-06-25T21:42:32.851-0400] {logging_mixin.py:188} INFO - [2025-06-25T21:42:32.851-0400] {dag.py:3096} INFO - Sync 1 DAGs
[2025-06-25T21:42:32.863-0400] {logging_mixin.py:188} INFO - [2025-06-25T21:42:32.863-0400] {dag.py:3954} INFO - Setting next_dagrun for example_branch_labels to 2025-06-25 00:00:00+00:00, run_after=2025-06-26 00:00:00+00:00
[2025-06-25T21:42:32.872-0400] {processor.py:183} INFO - Processing /opt/anaconda3/envs/airflow_env/lib/python3.10/site-packages/airflow/example_dags/example_branch_labels.py took 0.084 seconds
[2025-06-25T21:43:04.386-0400] {processor.py:161} INFO - Started process (PID=71817) to work on /opt/anaconda3/envs/airflow_env/lib/python3.10/site-packages/airflow/example_dags/example_branch_labels.py
[2025-06-25T21:43:04.387-0400] {processor.py:830} INFO - Processing file /opt/anaconda3/envs/airflow_env/lib/python3.10/site-packages/airflow/example_dags/example_branch_labels.py for tasks to queue
[2025-06-25T21:43:04.387-0400] {logging_mixin.py:188} INFO - [2025-06-25T21:43:04.387-0400] {dagbag.py:545} INFO - Filling up the DagBag from /opt/anaconda3/envs/airflow_env/lib/python3.10/site-packages/airflow/example_dags/example_branch_labels.py
[2025-06-25T21:43:04.390-0400] {processor.py:840} INFO - DAG(s) 'example_branch_labels' retrieved from /opt/anaconda3/envs/airflow_env/lib/python3.10/site-packages/airflow/example_dags/example_branch_labels.py
[2025-06-25T21:43:04.424-0400] {logging_mixin.py:188} INFO - [2025-06-25T21:43:04.423-0400] {dag.py:3096} INFO - Sync 1 DAGs
[2025-06-25T21:43:04.429-0400] {logging_mixin.py:188} INFO - [2025-06-25T21:43:04.429-0400] {dag.py:3954} INFO - Setting next_dagrun for example_branch_labels to 2025-06-25 00:00:00+00:00, run_after=2025-06-26 00:00:00+00:00
[2025-06-25T21:43:04.435-0400] {processor.py:183} INFO - Processing /opt/anaconda3/envs/airflow_env/lib/python3.10/site-packages/airflow/example_dags/example_branch_labels.py took 0.052 seconds
[2025-06-25T21:44:14.353-0400] {processor.py:161} INFO - Started process (PID=71960) to work on /opt/anaconda3/envs/airflow_env/lib/python3.10/site-packages/airflow/example_dags/example_branch_labels.py
[2025-06-25T21:44:14.353-0400] {processor.py:830} INFO - Processing file /opt/anaconda3/envs/airflow_env/lib/python3.10/site-packages/airflow/example_dags/example_branch_labels.py for tasks to queue
[2025-06-25T21:44:14.353-0400] {logging_mixin.py:188} INFO - [2025-06-25T21:44:14.353-0400] {dagbag.py:545} INFO - Filling up the DagBag from /opt/anaconda3/envs/airflow_env/lib/python3.10/site-packages/airflow/example_dags/example_branch_labels.py
[2025-06-25T21:44:14.357-0400] {processor.py:840} INFO - DAG(s) 'example_branch_labels' retrieved from /opt/anaconda3/envs/airflow_env/lib/python3.10/site-packages/airflow/example_dags/example_branch_labels.py
[2025-06-25T21:44:14.392-0400] {logging_mixin.py:188} INFO - [2025-06-25T21:44:14.392-0400] {dag.py:3096} INFO - Sync 1 DAGs
[2025-06-25T21:44:14.398-0400] {logging_mixin.py:188} INFO - [2025-06-25T21:44:14.398-0400] {dag.py:3954} INFO - Setting next_dagrun for example_branch_labels to 2025-06-25 00:00:00+00:00, run_after=2025-06-26 00:00:00+00:00
[2025-06-25T21:44:14.404-0400] {processor.py:183} INFO - Processing /opt/anaconda3/envs/airflow_env/lib/python3.10/site-packages/airflow/example_dags/example_branch_labels.py took 0.054 seconds
[2025-06-25T21:44:44.361-0400] {processor.py:161} INFO - Started process (PID=72024) to work on /opt/anaconda3/envs/airflow_env/lib/python3.10/site-packages/airflow/example_dags/example_branch_labels.py
[2025-06-25T21:44:44.362-0400] {processor.py:830} INFO - Processing file /opt/anaconda3/envs/airflow_env/lib/python3.10/site-packages/airflow/example_dags/example_branch_labels.py for tasks to queue
[2025-06-25T21:44:44.362-0400] {logging_mixin.py:188} INFO - [2025-06-25T21:44:44.362-0400] {dagbag.py:545} INFO - Filling up the DagBag from /opt/anaconda3/envs/airflow_env/lib/python3.10/site-packages/airflow/example_dags/example_branch_labels.py
[2025-06-25T21:44:44.365-0400] {processor.py:840} INFO - DAG(s) 'example_branch_labels' retrieved from /opt/anaconda3/envs/airflow_env/lib/python3.10/site-packages/airflow/example_dags/example_branch_labels.py
[2025-06-25T21:44:44.399-0400] {logging_mixin.py:188} INFO - [2025-06-25T21:44:44.398-0400] {dag.py:3096} INFO - Sync 1 DAGs
[2025-06-25T21:44:44.404-0400] {logging_mixin.py:188} INFO - [2025-06-25T21:44:44.404-0400] {dag.py:3954} INFO - Setting next_dagrun for example_branch_labels to 2025-06-25 00:00:00+00:00, run_after=2025-06-26 00:00:00+00:00
[2025-06-25T21:44:44.410-0400] {processor.py:183} INFO - Processing /opt/anaconda3/envs/airflow_env/lib/python3.10/site-packages/airflow/example_dags/example_branch_labels.py took 0.051 seconds
[2025-06-25T21:45:56.788-0400] {processor.py:161} INFO - Started process (PID=72163) to work on /opt/anaconda3/envs/airflow_env/lib/python3.10/site-packages/airflow/example_dags/example_branch_labels.py
[2025-06-25T21:45:56.788-0400] {processor.py:830} INFO - Processing file /opt/anaconda3/envs/airflow_env/lib/python3.10/site-packages/airflow/example_dags/example_branch_labels.py for tasks to queue
[2025-06-25T21:45:56.789-0400] {logging_mixin.py:188} INFO - [2025-06-25T21:45:56.788-0400] {dagbag.py:545} INFO - Filling up the DagBag from /opt/anaconda3/envs/airflow_env/lib/python3.10/site-packages/airflow/example_dags/example_branch_labels.py
[2025-06-25T21:45:56.792-0400] {processor.py:840} INFO - DAG(s) 'example_branch_labels' retrieved from /opt/anaconda3/envs/airflow_env/lib/python3.10/site-packages/airflow/example_dags/example_branch_labels.py
[2025-06-25T21:45:56.827-0400] {logging_mixin.py:188} INFO - [2025-06-25T21:45:56.827-0400] {dag.py:3096} INFO - Sync 1 DAGs
[2025-06-25T21:45:56.833-0400] {logging_mixin.py:188} INFO - [2025-06-25T21:45:56.833-0400] {dag.py:3954} INFO - Setting next_dagrun for example_branch_labels to 2025-06-25 00:00:00+00:00, run_after=2025-06-26 00:00:00+00:00
[2025-06-25T21:45:56.840-0400] {processor.py:183} INFO - Processing /opt/anaconda3/envs/airflow_env/lib/python3.10/site-packages/airflow/example_dags/example_branch_labels.py took 0.054 seconds
[2025-06-25T21:46:25.312-0400] {processor.py:161} INFO - Started process (PID=72212) to work on /opt/anaconda3/envs/airflow_env/lib/python3.10/site-packages/airflow/example_dags/example_branch_labels.py
[2025-06-25T21:46:25.312-0400] {processor.py:830} INFO - Processing file /opt/anaconda3/envs/airflow_env/lib/python3.10/site-packages/airflow/example_dags/example_branch_labels.py for tasks to queue
[2025-06-25T21:46:25.313-0400] {logging_mixin.py:188} INFO - [2025-06-25T21:46:25.313-0400] {dagbag.py:545} INFO - Filling up the DagBag from /opt/anaconda3/envs/airflow_env/lib/python3.10/site-packages/airflow/example_dags/example_branch_labels.py
[2025-06-25T21:46:25.316-0400] {processor.py:840} INFO - DAG(s) 'example_branch_labels' retrieved from /opt/anaconda3/envs/airflow_env/lib/python3.10/site-packages/airflow/example_dags/example_branch_labels.py
[2025-06-25T21:46:25.350-0400] {logging_mixin.py:188} INFO - [2025-06-25T21:46:25.350-0400] {dag.py:3096} INFO - Sync 1 DAGs
[2025-06-25T21:46:25.355-0400] {logging_mixin.py:188} INFO - [2025-06-25T21:46:25.355-0400] {dag.py:3954} INFO - Setting next_dagrun for example_branch_labels to 2025-06-25 00:00:00+00:00, run_after=2025-06-26 00:00:00+00:00
[2025-06-25T21:46:25.362-0400] {processor.py:183} INFO - Processing /opt/anaconda3/envs/airflow_env/lib/python3.10/site-packages/airflow/example_dags/example_branch_labels.py took 0.051 seconds
[2025-06-25T21:47:38.037-0400] {processor.py:161} INFO - Started process (PID=72363) to work on /opt/anaconda3/envs/airflow_env/lib/python3.10/site-packages/airflow/example_dags/example_branch_labels.py
[2025-06-25T21:47:38.038-0400] {processor.py:830} INFO - Processing file /opt/anaconda3/envs/airflow_env/lib/python3.10/site-packages/airflow/example_dags/example_branch_labels.py for tasks to queue
[2025-06-25T21:47:38.038-0400] {logging_mixin.py:188} INFO - [2025-06-25T21:47:38.038-0400] {dagbag.py:545} INFO - Filling up the DagBag from /opt/anaconda3/envs/airflow_env/lib/python3.10/site-packages/airflow/example_dags/example_branch_labels.py
[2025-06-25T21:47:38.041-0400] {processor.py:840} INFO - DAG(s) 'example_branch_labels' retrieved from /opt/anaconda3/envs/airflow_env/lib/python3.10/site-packages/airflow/example_dags/example_branch_labels.py
[2025-06-25T21:47:38.080-0400] {logging_mixin.py:188} INFO - [2025-06-25T21:47:38.080-0400] {dag.py:3096} INFO - Sync 1 DAGs
[2025-06-25T21:47:38.087-0400] {logging_mixin.py:188} INFO - [2025-06-25T21:47:38.087-0400] {dag.py:3954} INFO - Setting next_dagrun for example_branch_labels to 2025-06-25 00:00:00+00:00, run_after=2025-06-26 00:00:00+00:00
[2025-06-25T21:47:38.094-0400] {processor.py:183} INFO - Processing /opt/anaconda3/envs/airflow_env/lib/python3.10/site-packages/airflow/example_dags/example_branch_labels.py took 0.058 seconds
[2025-06-25T21:48:08.580-0400] {processor.py:161} INFO - Started process (PID=72426) to work on /opt/anaconda3/envs/airflow_env/lib/python3.10/site-packages/airflow/example_dags/example_branch_labels.py
[2025-06-25T21:48:08.580-0400] {processor.py:830} INFO - Processing file /opt/anaconda3/envs/airflow_env/lib/python3.10/site-packages/airflow/example_dags/example_branch_labels.py for tasks to queue
[2025-06-25T21:48:08.581-0400] {logging_mixin.py:188} INFO - [2025-06-25T21:48:08.581-0400] {dagbag.py:545} INFO - Filling up the DagBag from /opt/anaconda3/envs/airflow_env/lib/python3.10/site-packages/airflow/example_dags/example_branch_labels.py
[2025-06-25T21:48:08.585-0400] {processor.py:840} INFO - DAG(s) 'example_branch_labels' retrieved from /opt/anaconda3/envs/airflow_env/lib/python3.10/site-packages/airflow/example_dags/example_branch_labels.py
[2025-06-25T21:48:08.621-0400] {logging_mixin.py:188} INFO - [2025-06-25T21:48:08.621-0400] {dag.py:3096} INFO - Sync 1 DAGs
[2025-06-25T21:48:08.627-0400] {logging_mixin.py:188} INFO - [2025-06-25T21:48:08.627-0400] {dag.py:3954} INFO - Setting next_dagrun for example_branch_labels to 2025-06-25 00:00:00+00:00, run_after=2025-06-26 00:00:00+00:00
[2025-06-25T21:48:08.633-0400] {processor.py:183} INFO - Processing /opt/anaconda3/envs/airflow_env/lib/python3.10/site-packages/airflow/example_dags/example_branch_labels.py took 0.057 seconds
[2025-06-25T21:49:26.534-0400] {processor.py:161} INFO - Started process (PID=72531) to work on /opt/anaconda3/envs/airflow_env/lib/python3.10/site-packages/airflow/example_dags/example_branch_labels.py
[2025-06-25T21:49:26.535-0400] {processor.py:830} INFO - Processing file /opt/anaconda3/envs/airflow_env/lib/python3.10/site-packages/airflow/example_dags/example_branch_labels.py for tasks to queue
[2025-06-25T21:49:26.535-0400] {logging_mixin.py:188} INFO - [2025-06-25T21:49:26.535-0400] {dagbag.py:545} INFO - Filling up the DagBag from /opt/anaconda3/envs/airflow_env/lib/python3.10/site-packages/airflow/example_dags/example_branch_labels.py
[2025-06-25T21:49:26.539-0400] {processor.py:840} INFO - DAG(s) 'example_branch_labels' retrieved from /opt/anaconda3/envs/airflow_env/lib/python3.10/site-packages/airflow/example_dags/example_branch_labels.py
[2025-06-25T21:49:26.575-0400] {logging_mixin.py:188} INFO - [2025-06-25T21:49:26.575-0400] {dag.py:3096} INFO - Sync 1 DAGs
[2025-06-25T21:49:26.582-0400] {logging_mixin.py:188} INFO - [2025-06-25T21:49:26.582-0400] {dag.py:3954} INFO - Setting next_dagrun for example_branch_labels to 2025-06-25 00:00:00+00:00, run_after=2025-06-26 00:00:00+00:00
[2025-06-25T21:49:26.591-0400] {processor.py:183} INFO - Processing /opt/anaconda3/envs/airflow_env/lib/python3.10/site-packages/airflow/example_dags/example_branch_labels.py took 0.059 seconds
[2025-06-25T21:49:54.171-0400] {processor.py:161} INFO - Started process (PID=72571) to work on /opt/anaconda3/envs/airflow_env/lib/python3.10/site-packages/airflow/example_dags/example_branch_labels.py
[2025-06-25T21:49:54.172-0400] {processor.py:830} INFO - Processing file /opt/anaconda3/envs/airflow_env/lib/python3.10/site-packages/airflow/example_dags/example_branch_labels.py for tasks to queue
[2025-06-25T21:49:54.172-0400] {logging_mixin.py:188} INFO - [2025-06-25T21:49:54.172-0400] {dagbag.py:545} INFO - Filling up the DagBag from /opt/anaconda3/envs/airflow_env/lib/python3.10/site-packages/airflow/example_dags/example_branch_labels.py
[2025-06-25T21:49:54.175-0400] {processor.py:840} INFO - DAG(s) 'example_branch_labels' retrieved from /opt/anaconda3/envs/airflow_env/lib/python3.10/site-packages/airflow/example_dags/example_branch_labels.py
[2025-06-25T21:49:54.208-0400] {logging_mixin.py:188} INFO - [2025-06-25T21:49:54.208-0400] {dag.py:3096} INFO - Sync 1 DAGs
[2025-06-25T21:49:54.213-0400] {logging_mixin.py:188} INFO - [2025-06-25T21:49:54.213-0400] {dag.py:3954} INFO - Setting next_dagrun for example_branch_labels to 2025-06-25 00:00:00+00:00, run_after=2025-06-26 00:00:00+00:00
[2025-06-25T21:49:54.220-0400] {processor.py:183} INFO - Processing /opt/anaconda3/envs/airflow_env/lib/python3.10/site-packages/airflow/example_dags/example_branch_labels.py took 0.050 seconds
[2025-06-25T21:51:04.256-0400] {processor.py:161} INFO - Started process (PID=72671) to work on /opt/anaconda3/envs/airflow_env/lib/python3.10/site-packages/airflow/example_dags/example_branch_labels.py
[2025-06-25T21:51:04.256-0400] {processor.py:830} INFO - Processing file /opt/anaconda3/envs/airflow_env/lib/python3.10/site-packages/airflow/example_dags/example_branch_labels.py for tasks to queue
[2025-06-25T21:51:04.257-0400] {logging_mixin.py:188} INFO - [2025-06-25T21:51:04.257-0400] {dagbag.py:545} INFO - Filling up the DagBag from /opt/anaconda3/envs/airflow_env/lib/python3.10/site-packages/airflow/example_dags/example_branch_labels.py
[2025-06-25T21:51:04.260-0400] {processor.py:840} INFO - DAG(s) 'example_branch_labels' retrieved from /opt/anaconda3/envs/airflow_env/lib/python3.10/site-packages/airflow/example_dags/example_branch_labels.py
[2025-06-25T21:51:04.292-0400] {logging_mixin.py:188} INFO - [2025-06-25T21:51:04.292-0400] {dag.py:3096} INFO - Sync 1 DAGs
[2025-06-25T21:51:04.297-0400] {logging_mixin.py:188} INFO - [2025-06-25T21:51:04.297-0400] {dag.py:3954} INFO - Setting next_dagrun for example_branch_labels to 2025-06-25 00:00:00+00:00, run_after=2025-06-26 00:00:00+00:00
[2025-06-25T21:51:04.304-0400] {processor.py:183} INFO - Processing /opt/anaconda3/envs/airflow_env/lib/python3.10/site-packages/airflow/example_dags/example_branch_labels.py took 0.049 seconds
[2025-06-25T21:51:36.358-0400] {processor.py:161} INFO - Started process (PID=72730) to work on /opt/anaconda3/envs/airflow_env/lib/python3.10/site-packages/airflow/example_dags/example_branch_labels.py
[2025-06-25T21:51:36.359-0400] {processor.py:830} INFO - Processing file /opt/anaconda3/envs/airflow_env/lib/python3.10/site-packages/airflow/example_dags/example_branch_labels.py for tasks to queue
[2025-06-25T21:51:36.359-0400] {logging_mixin.py:188} INFO - [2025-06-25T21:51:36.359-0400] {dagbag.py:545} INFO - Filling up the DagBag from /opt/anaconda3/envs/airflow_env/lib/python3.10/site-packages/airflow/example_dags/example_branch_labels.py
[2025-06-25T21:51:36.363-0400] {processor.py:840} INFO - DAG(s) 'example_branch_labels' retrieved from /opt/anaconda3/envs/airflow_env/lib/python3.10/site-packages/airflow/example_dags/example_branch_labels.py
[2025-06-25T21:51:36.402-0400] {logging_mixin.py:188} INFO - [2025-06-25T21:51:36.402-0400] {dag.py:3096} INFO - Sync 1 DAGs
[2025-06-25T21:51:36.408-0400] {logging_mixin.py:188} INFO - [2025-06-25T21:51:36.408-0400] {dag.py:3954} INFO - Setting next_dagrun for example_branch_labels to 2025-06-25 00:00:00+00:00, run_after=2025-06-26 00:00:00+00:00
[2025-06-25T21:51:36.415-0400] {processor.py:183} INFO - Processing /opt/anaconda3/envs/airflow_env/lib/python3.10/site-packages/airflow/example_dags/example_branch_labels.py took 0.059 seconds
[2025-06-25T21:52:48.328-0400] {processor.py:161} INFO - Started process (PID=72835) to work on /opt/anaconda3/envs/airflow_env/lib/python3.10/site-packages/airflow/example_dags/example_branch_labels.py
[2025-06-25T21:52:48.328-0400] {processor.py:830} INFO - Processing file /opt/anaconda3/envs/airflow_env/lib/python3.10/site-packages/airflow/example_dags/example_branch_labels.py for tasks to queue
[2025-06-25T21:52:48.329-0400] {logging_mixin.py:188} INFO - [2025-06-25T21:52:48.328-0400] {dagbag.py:545} INFO - Filling up the DagBag from /opt/anaconda3/envs/airflow_env/lib/python3.10/site-packages/airflow/example_dags/example_branch_labels.py
[2025-06-25T21:52:48.332-0400] {processor.py:840} INFO - DAG(s) 'example_branch_labels' retrieved from /opt/anaconda3/envs/airflow_env/lib/python3.10/site-packages/airflow/example_dags/example_branch_labels.py
[2025-06-25T21:52:48.366-0400] {logging_mixin.py:188} INFO - [2025-06-25T21:52:48.366-0400] {dag.py:3096} INFO - Sync 1 DAGs
[2025-06-25T21:52:48.372-0400] {logging_mixin.py:188} INFO - [2025-06-25T21:52:48.372-0400] {dag.py:3954} INFO - Setting next_dagrun for example_branch_labels to 2025-06-25 00:00:00+00:00, run_after=2025-06-26 00:00:00+00:00
[2025-06-25T21:52:48.385-0400] {processor.py:183} INFO - Processing /opt/anaconda3/envs/airflow_env/lib/python3.10/site-packages/airflow/example_dags/example_branch_labels.py took 0.060 seconds
[2025-06-25T21:53:13.718-0400] {processor.py:161} INFO - Started process (PID=72871) to work on /opt/anaconda3/envs/airflow_env/lib/python3.10/site-packages/airflow/example_dags/example_branch_labels.py
[2025-06-25T21:53:13.719-0400] {processor.py:830} INFO - Processing file /opt/anaconda3/envs/airflow_env/lib/python3.10/site-packages/airflow/example_dags/example_branch_labels.py for tasks to queue
[2025-06-25T21:53:13.719-0400] {logging_mixin.py:188} INFO - [2025-06-25T21:53:13.719-0400] {dagbag.py:545} INFO - Filling up the DagBag from /opt/anaconda3/envs/airflow_env/lib/python3.10/site-packages/airflow/example_dags/example_branch_labels.py
[2025-06-25T21:53:13.722-0400] {processor.py:840} INFO - DAG(s) 'example_branch_labels' retrieved from /opt/anaconda3/envs/airflow_env/lib/python3.10/site-packages/airflow/example_dags/example_branch_labels.py
[2025-06-25T21:53:13.754-0400] {logging_mixin.py:188} INFO - [2025-06-25T21:53:13.754-0400] {dag.py:3096} INFO - Sync 1 DAGs
[2025-06-25T21:53:13.760-0400] {logging_mixin.py:188} INFO - [2025-06-25T21:53:13.759-0400] {dag.py:3954} INFO - Setting next_dagrun for example_branch_labels to 2025-06-25 00:00:00+00:00, run_after=2025-06-26 00:00:00+00:00
[2025-06-25T21:53:13.766-0400] {processor.py:183} INFO - Processing /opt/anaconda3/envs/airflow_env/lib/python3.10/site-packages/airflow/example_dags/example_branch_labels.py took 0.049 seconds
[2025-06-25T21:54:25.509-0400] {processor.py:161} INFO - Started process (PID=73037) to work on /opt/anaconda3/envs/airflow_env/lib/python3.10/site-packages/airflow/example_dags/example_branch_labels.py
[2025-06-25T21:54:25.509-0400] {processor.py:830} INFO - Processing file /opt/anaconda3/envs/airflow_env/lib/python3.10/site-packages/airflow/example_dags/example_branch_labels.py for tasks to queue
[2025-06-25T21:54:25.510-0400] {logging_mixin.py:188} INFO - [2025-06-25T21:54:25.510-0400] {dagbag.py:545} INFO - Filling up the DagBag from /opt/anaconda3/envs/airflow_env/lib/python3.10/site-packages/airflow/example_dags/example_branch_labels.py
[2025-06-25T21:54:25.513-0400] {processor.py:840} INFO - DAG(s) 'example_branch_labels' retrieved from /opt/anaconda3/envs/airflow_env/lib/python3.10/site-packages/airflow/example_dags/example_branch_labels.py
[2025-06-25T21:54:25.546-0400] {logging_mixin.py:188} INFO - [2025-06-25T21:54:25.546-0400] {dag.py:3096} INFO - Sync 1 DAGs
[2025-06-25T21:54:25.551-0400] {logging_mixin.py:188} INFO - [2025-06-25T21:54:25.551-0400] {dag.py:3954} INFO - Setting next_dagrun for example_branch_labels to 2025-06-25 00:00:00+00:00, run_after=2025-06-26 00:00:00+00:00
[2025-06-25T21:54:25.557-0400] {processor.py:183} INFO - Processing /opt/anaconda3/envs/airflow_env/lib/python3.10/site-packages/airflow/example_dags/example_branch_labels.py took 0.050 seconds
[2025-06-25T21:54:52.285-0400] {processor.py:161} INFO - Started process (PID=73086) to work on /opt/anaconda3/envs/airflow_env/lib/python3.10/site-packages/airflow/example_dags/example_branch_labels.py
[2025-06-25T21:54:52.285-0400] {processor.py:830} INFO - Processing file /opt/anaconda3/envs/airflow_env/lib/python3.10/site-packages/airflow/example_dags/example_branch_labels.py for tasks to queue
[2025-06-25T21:54:52.285-0400] {logging_mixin.py:188} INFO - [2025-06-25T21:54:52.285-0400] {dagbag.py:545} INFO - Filling up the DagBag from /opt/anaconda3/envs/airflow_env/lib/python3.10/site-packages/airflow/example_dags/example_branch_labels.py
[2025-06-25T21:54:52.288-0400] {processor.py:840} INFO - DAG(s) 'example_branch_labels' retrieved from /opt/anaconda3/envs/airflow_env/lib/python3.10/site-packages/airflow/example_dags/example_branch_labels.py
[2025-06-25T21:54:52.321-0400] {logging_mixin.py:188} INFO - [2025-06-25T21:54:52.321-0400] {dag.py:3096} INFO - Sync 1 DAGs
[2025-06-25T21:54:52.327-0400] {logging_mixin.py:188} INFO - [2025-06-25T21:54:52.327-0400] {dag.py:3954} INFO - Setting next_dagrun for example_branch_labels to 2025-06-25 00:00:00+00:00, run_after=2025-06-26 00:00:00+00:00
[2025-06-25T21:54:52.334-0400] {processor.py:183} INFO - Processing /opt/anaconda3/envs/airflow_env/lib/python3.10/site-packages/airflow/example_dags/example_branch_labels.py took 0.051 seconds
[2025-06-25T21:56:07.312-0400] {processor.py:161} INFO - Started process (PID=73205) to work on /opt/anaconda3/envs/airflow_env/lib/python3.10/site-packages/airflow/example_dags/example_branch_labels.py
[2025-06-25T21:56:07.313-0400] {processor.py:830} INFO - Processing file /opt/anaconda3/envs/airflow_env/lib/python3.10/site-packages/airflow/example_dags/example_branch_labels.py for tasks to queue
[2025-06-25T21:56:07.313-0400] {logging_mixin.py:188} INFO - [2025-06-25T21:56:07.313-0400] {dagbag.py:545} INFO - Filling up the DagBag from /opt/anaconda3/envs/airflow_env/lib/python3.10/site-packages/airflow/example_dags/example_branch_labels.py
[2025-06-25T21:56:07.317-0400] {processor.py:840} INFO - DAG(s) 'example_branch_labels' retrieved from /opt/anaconda3/envs/airflow_env/lib/python3.10/site-packages/airflow/example_dags/example_branch_labels.py
[2025-06-25T21:56:07.353-0400] {logging_mixin.py:188} INFO - [2025-06-25T21:56:07.353-0400] {dag.py:3096} INFO - Sync 1 DAGs
[2025-06-25T21:56:07.359-0400] {logging_mixin.py:188} INFO - [2025-06-25T21:56:07.359-0400] {dag.py:3954} INFO - Setting next_dagrun for example_branch_labels to 2025-06-25 00:00:00+00:00, run_after=2025-06-26 00:00:00+00:00
[2025-06-25T21:56:07.366-0400] {processor.py:183} INFO - Processing /opt/anaconda3/envs/airflow_env/lib/python3.10/site-packages/airflow/example_dags/example_branch_labels.py took 0.056 seconds
[2025-06-25T21:56:38.073-0400] {processor.py:161} INFO - Started process (PID=73249) to work on /opt/anaconda3/envs/airflow_env/lib/python3.10/site-packages/airflow/example_dags/example_branch_labels.py
[2025-06-25T21:56:38.074-0400] {processor.py:830} INFO - Processing file /opt/anaconda3/envs/airflow_env/lib/python3.10/site-packages/airflow/example_dags/example_branch_labels.py for tasks to queue
[2025-06-25T21:56:38.075-0400] {logging_mixin.py:188} INFO - [2025-06-25T21:56:38.075-0400] {dagbag.py:545} INFO - Filling up the DagBag from /opt/anaconda3/envs/airflow_env/lib/python3.10/site-packages/airflow/example_dags/example_branch_labels.py
[2025-06-25T21:56:38.078-0400] {processor.py:840} INFO - DAG(s) 'example_branch_labels' retrieved from /opt/anaconda3/envs/airflow_env/lib/python3.10/site-packages/airflow/example_dags/example_branch_labels.py
[2025-06-25T21:56:38.110-0400] {logging_mixin.py:188} INFO - [2025-06-25T21:56:38.110-0400] {dag.py:3096} INFO - Sync 1 DAGs
[2025-06-25T21:56:38.116-0400] {logging_mixin.py:188} INFO - [2025-06-25T21:56:38.116-0400] {dag.py:3954} INFO - Setting next_dagrun for example_branch_labels to 2025-06-25 00:00:00+00:00, run_after=2025-06-26 00:00:00+00:00
[2025-06-25T21:56:38.122-0400] {processor.py:183} INFO - Processing /opt/anaconda3/envs/airflow_env/lib/python3.10/site-packages/airflow/example_dags/example_branch_labels.py took 0.050 seconds
[2025-06-25T21:57:49.653-0400] {processor.py:161} INFO - Started process (PID=73352) to work on /opt/anaconda3/envs/airflow_env/lib/python3.10/site-packages/airflow/example_dags/example_branch_labels.py
[2025-06-25T21:57:49.654-0400] {processor.py:830} INFO - Processing file /opt/anaconda3/envs/airflow_env/lib/python3.10/site-packages/airflow/example_dags/example_branch_labels.py for tasks to queue
[2025-06-25T21:57:49.654-0400] {logging_mixin.py:188} INFO - [2025-06-25T21:57:49.654-0400] {dagbag.py:545} INFO - Filling up the DagBag from /opt/anaconda3/envs/airflow_env/lib/python3.10/site-packages/airflow/example_dags/example_branch_labels.py
[2025-06-25T21:57:49.657-0400] {processor.py:840} INFO - DAG(s) 'example_branch_labels' retrieved from /opt/anaconda3/envs/airflow_env/lib/python3.10/site-packages/airflow/example_dags/example_branch_labels.py
[2025-06-25T21:57:49.699-0400] {logging_mixin.py:188} INFO - [2025-06-25T21:57:49.699-0400] {dag.py:3096} INFO - Sync 1 DAGs
[2025-06-25T21:57:49.705-0400] {logging_mixin.py:188} INFO - [2025-06-25T21:57:49.705-0400] {dag.py:3954} INFO - Setting next_dagrun for example_branch_labels to 2025-06-25 00:00:00+00:00, run_after=2025-06-26 00:00:00+00:00
[2025-06-25T21:57:49.712-0400] {processor.py:183} INFO - Processing /opt/anaconda3/envs/airflow_env/lib/python3.10/site-packages/airflow/example_dags/example_branch_labels.py took 0.061 seconds
[2025-06-25T21:58:24.128-0400] {processor.py:161} INFO - Started process (PID=73425) to work on /opt/anaconda3/envs/airflow_env/lib/python3.10/site-packages/airflow/example_dags/example_branch_labels.py
[2025-06-25T21:58:24.129-0400] {processor.py:830} INFO - Processing file /opt/anaconda3/envs/airflow_env/lib/python3.10/site-packages/airflow/example_dags/example_branch_labels.py for tasks to queue
[2025-06-25T21:58:24.129-0400] {logging_mixin.py:188} INFO - [2025-06-25T21:58:24.129-0400] {dagbag.py:545} INFO - Filling up the DagBag from /opt/anaconda3/envs/airflow_env/lib/python3.10/site-packages/airflow/example_dags/example_branch_labels.py
[2025-06-25T21:58:24.134-0400] {processor.py:840} INFO - DAG(s) 'example_branch_labels' retrieved from /opt/anaconda3/envs/airflow_env/lib/python3.10/site-packages/airflow/example_dags/example_branch_labels.py
[2025-06-25T21:58:24.173-0400] {logging_mixin.py:188} INFO - [2025-06-25T21:58:24.173-0400] {dag.py:3096} INFO - Sync 1 DAGs
[2025-06-25T21:58:24.179-0400] {logging_mixin.py:188} INFO - [2025-06-25T21:58:24.179-0400] {dag.py:3954} INFO - Setting next_dagrun for example_branch_labels to 2025-06-25 00:00:00+00:00, run_after=2025-06-26 00:00:00+00:00
[2025-06-25T21:58:24.186-0400] {processor.py:183} INFO - Processing /opt/anaconda3/envs/airflow_env/lib/python3.10/site-packages/airflow/example_dags/example_branch_labels.py took 0.061 seconds
[2025-06-25T21:59:46.309-0400] {processor.py:161} INFO - Started process (PID=73536) to work on /opt/anaconda3/envs/airflow_env/lib/python3.10/site-packages/airflow/example_dags/example_branch_labels.py
[2025-06-25T21:59:46.310-0400] {processor.py:830} INFO - Processing file /opt/anaconda3/envs/airflow_env/lib/python3.10/site-packages/airflow/example_dags/example_branch_labels.py for tasks to queue
[2025-06-25T21:59:46.310-0400] {logging_mixin.py:188} INFO - [2025-06-25T21:59:46.310-0400] {dagbag.py:545} INFO - Filling up the DagBag from /opt/anaconda3/envs/airflow_env/lib/python3.10/site-packages/airflow/example_dags/example_branch_labels.py
[2025-06-25T21:59:46.314-0400] {processor.py:840} INFO - DAG(s) 'example_branch_labels' retrieved from /opt/anaconda3/envs/airflow_env/lib/python3.10/site-packages/airflow/example_dags/example_branch_labels.py
[2025-06-25T21:59:46.351-0400] {logging_mixin.py:188} INFO - [2025-06-25T21:59:46.351-0400] {dag.py:3096} INFO - Sync 1 DAGs
[2025-06-25T21:59:46.358-0400] {logging_mixin.py:188} INFO - [2025-06-25T21:59:46.358-0400] {dag.py:3954} INFO - Setting next_dagrun for example_branch_labels to 2025-06-25 00:00:00+00:00, run_after=2025-06-26 00:00:00+00:00
[2025-06-25T21:59:46.367-0400] {processor.py:183} INFO - Processing /opt/anaconda3/envs/airflow_env/lib/python3.10/site-packages/airflow/example_dags/example_branch_labels.py took 0.060 seconds
[2025-06-25T22:00:16.219-0400] {processor.py:161} INFO - Started process (PID=73575) to work on /opt/anaconda3/envs/airflow_env/lib/python3.10/site-packages/airflow/example_dags/example_branch_labels.py
[2025-06-25T22:00:16.220-0400] {processor.py:830} INFO - Processing file /opt/anaconda3/envs/airflow_env/lib/python3.10/site-packages/airflow/example_dags/example_branch_labels.py for tasks to queue
[2025-06-25T22:00:16.220-0400] {logging_mixin.py:188} INFO - [2025-06-25T22:00:16.220-0400] {dagbag.py:545} INFO - Filling up the DagBag from /opt/anaconda3/envs/airflow_env/lib/python3.10/site-packages/airflow/example_dags/example_branch_labels.py
[2025-06-25T22:00:16.224-0400] {processor.py:840} INFO - DAG(s) 'example_branch_labels' retrieved from /opt/anaconda3/envs/airflow_env/lib/python3.10/site-packages/airflow/example_dags/example_branch_labels.py
[2025-06-25T22:00:16.261-0400] {logging_mixin.py:188} INFO - [2025-06-25T22:00:16.261-0400] {dag.py:3096} INFO - Sync 1 DAGs
[2025-06-25T22:00:16.268-0400] {logging_mixin.py:188} INFO - [2025-06-25T22:00:16.268-0400] {dag.py:3954} INFO - Setting next_dagrun for example_branch_labels to 2025-06-25 00:00:00+00:00, run_after=2025-06-26 00:00:00+00:00
[2025-06-25T22:00:16.275-0400] {processor.py:183} INFO - Processing /opt/anaconda3/envs/airflow_env/lib/python3.10/site-packages/airflow/example_dags/example_branch_labels.py took 0.059 seconds
[2025-06-25T22:01:32.996-0400] {processor.py:161} INFO - Started process (PID=73688) to work on /opt/anaconda3/envs/airflow_env/lib/python3.10/site-packages/airflow/example_dags/example_branch_labels.py
[2025-06-25T22:01:32.997-0400] {processor.py:830} INFO - Processing file /opt/anaconda3/envs/airflow_env/lib/python3.10/site-packages/airflow/example_dags/example_branch_labels.py for tasks to queue
[2025-06-25T22:01:32.998-0400] {logging_mixin.py:188} INFO - [2025-06-25T22:01:32.998-0400] {dagbag.py:545} INFO - Filling up the DagBag from /opt/anaconda3/envs/airflow_env/lib/python3.10/site-packages/airflow/example_dags/example_branch_labels.py
[2025-06-25T22:01:33.002-0400] {processor.py:840} INFO - DAG(s) 'example_branch_labels' retrieved from /opt/anaconda3/envs/airflow_env/lib/python3.10/site-packages/airflow/example_dags/example_branch_labels.py
[2025-06-25T22:01:33.035-0400] {logging_mixin.py:188} INFO - [2025-06-25T22:01:33.035-0400] {dag.py:3096} INFO - Sync 1 DAGs
[2025-06-25T22:01:33.041-0400] {logging_mixin.py:188} INFO - [2025-06-25T22:01:33.041-0400] {dag.py:3954} INFO - Setting next_dagrun for example_branch_labels to 2025-06-25 00:00:00+00:00, run_after=2025-06-26 00:00:00+00:00
[2025-06-25T22:01:33.047-0400] {processor.py:183} INFO - Processing /opt/anaconda3/envs/airflow_env/lib/python3.10/site-packages/airflow/example_dags/example_branch_labels.py took 0.053 seconds
[2025-06-25T22:01:59.649-0400] {processor.py:161} INFO - Started process (PID=73738) to work on /opt/anaconda3/envs/airflow_env/lib/python3.10/site-packages/airflow/example_dags/example_branch_labels.py
[2025-06-25T22:01:59.650-0400] {processor.py:830} INFO - Processing file /opt/anaconda3/envs/airflow_env/lib/python3.10/site-packages/airflow/example_dags/example_branch_labels.py for tasks to queue
[2025-06-25T22:01:59.650-0400] {logging_mixin.py:188} INFO - [2025-06-25T22:01:59.650-0400] {dagbag.py:545} INFO - Filling up the DagBag from /opt/anaconda3/envs/airflow_env/lib/python3.10/site-packages/airflow/example_dags/example_branch_labels.py
[2025-06-25T22:01:59.654-0400] {processor.py:840} INFO - DAG(s) 'example_branch_labels' retrieved from /opt/anaconda3/envs/airflow_env/lib/python3.10/site-packages/airflow/example_dags/example_branch_labels.py
[2025-06-25T22:01:59.689-0400] {logging_mixin.py:188} INFO - [2025-06-25T22:01:59.689-0400] {dag.py:3096} INFO - Sync 1 DAGs
[2025-06-25T22:01:59.696-0400] {logging_mixin.py:188} INFO - [2025-06-25T22:01:59.695-0400] {dag.py:3954} INFO - Setting next_dagrun for example_branch_labels to 2025-06-25 00:00:00+00:00, run_after=2025-06-26 00:00:00+00:00
[2025-06-25T22:01:59.702-0400] {processor.py:183} INFO - Processing /opt/anaconda3/envs/airflow_env/lib/python3.10/site-packages/airflow/example_dags/example_branch_labels.py took 0.055 seconds
[2025-06-25T22:03:13.707-0400] {processor.py:161} INFO - Started process (PID=73855) to work on /opt/anaconda3/envs/airflow_env/lib/python3.10/site-packages/airflow/example_dags/example_branch_labels.py
[2025-06-25T22:03:13.708-0400] {processor.py:830} INFO - Processing file /opt/anaconda3/envs/airflow_env/lib/python3.10/site-packages/airflow/example_dags/example_branch_labels.py for tasks to queue
[2025-06-25T22:03:13.708-0400] {logging_mixin.py:188} INFO - [2025-06-25T22:03:13.708-0400] {dagbag.py:545} INFO - Filling up the DagBag from /opt/anaconda3/envs/airflow_env/lib/python3.10/site-packages/airflow/example_dags/example_branch_labels.py
[2025-06-25T22:03:13.712-0400] {processor.py:840} INFO - DAG(s) 'example_branch_labels' retrieved from /opt/anaconda3/envs/airflow_env/lib/python3.10/site-packages/airflow/example_dags/example_branch_labels.py
[2025-06-25T22:03:13.751-0400] {logging_mixin.py:188} INFO - [2025-06-25T22:03:13.751-0400] {dag.py:3096} INFO - Sync 1 DAGs
[2025-06-25T22:03:13.758-0400] {logging_mixin.py:188} INFO - [2025-06-25T22:03:13.758-0400] {dag.py:3954} INFO - Setting next_dagrun for example_branch_labels to 2025-06-25 00:00:00+00:00, run_after=2025-06-26 00:00:00+00:00
[2025-06-25T22:03:13.766-0400] {processor.py:183} INFO - Processing /opt/anaconda3/envs/airflow_env/lib/python3.10/site-packages/airflow/example_dags/example_branch_labels.py took 0.063 seconds
[2025-06-25T22:03:39.362-0400] {processor.py:161} INFO - Started process (PID=73892) to work on /opt/anaconda3/envs/airflow_env/lib/python3.10/site-packages/airflow/example_dags/example_branch_labels.py
[2025-06-25T22:03:39.364-0400] {processor.py:830} INFO - Processing file /opt/anaconda3/envs/airflow_env/lib/python3.10/site-packages/airflow/example_dags/example_branch_labels.py for tasks to queue
[2025-06-25T22:03:39.364-0400] {logging_mixin.py:188} INFO - [2025-06-25T22:03:39.364-0400] {dagbag.py:545} INFO - Filling up the DagBag from /opt/anaconda3/envs/airflow_env/lib/python3.10/site-packages/airflow/example_dags/example_branch_labels.py
[2025-06-25T22:03:39.368-0400] {processor.py:840} INFO - DAG(s) 'example_branch_labels' retrieved from /opt/anaconda3/envs/airflow_env/lib/python3.10/site-packages/airflow/example_dags/example_branch_labels.py
[2025-06-25T22:03:39.404-0400] {logging_mixin.py:188} INFO - [2025-06-25T22:03:39.404-0400] {dag.py:3096} INFO - Sync 1 DAGs
[2025-06-25T22:03:39.410-0400] {logging_mixin.py:188} INFO - [2025-06-25T22:03:39.409-0400] {dag.py:3954} INFO - Setting next_dagrun for example_branch_labels to 2025-06-25 00:00:00+00:00, run_after=2025-06-26 00:00:00+00:00
[2025-06-25T22:03:39.416-0400] {processor.py:183} INFO - Processing /opt/anaconda3/envs/airflow_env/lib/python3.10/site-packages/airflow/example_dags/example_branch_labels.py took 0.055 seconds
[2025-06-25T22:04:49.872-0400] {processor.py:161} INFO - Started process (PID=73995) to work on /opt/anaconda3/envs/airflow_env/lib/python3.10/site-packages/airflow/example_dags/example_branch_labels.py
[2025-06-25T22:04:49.873-0400] {processor.py:830} INFO - Processing file /opt/anaconda3/envs/airflow_env/lib/python3.10/site-packages/airflow/example_dags/example_branch_labels.py for tasks to queue
[2025-06-25T22:04:49.873-0400] {logging_mixin.py:188} INFO - [2025-06-25T22:04:49.873-0400] {dagbag.py:545} INFO - Filling up the DagBag from /opt/anaconda3/envs/airflow_env/lib/python3.10/site-packages/airflow/example_dags/example_branch_labels.py
[2025-06-25T22:04:49.876-0400] {processor.py:840} INFO - DAG(s) 'example_branch_labels' retrieved from /opt/anaconda3/envs/airflow_env/lib/python3.10/site-packages/airflow/example_dags/example_branch_labels.py
[2025-06-25T22:04:49.909-0400] {logging_mixin.py:188} INFO - [2025-06-25T22:04:49.909-0400] {dag.py:3096} INFO - Sync 1 DAGs
[2025-06-25T22:04:49.915-0400] {logging_mixin.py:188} INFO - [2025-06-25T22:04:49.915-0400] {dag.py:3954} INFO - Setting next_dagrun for example_branch_labels to 2025-06-25 00:00:00+00:00, run_after=2025-06-26 00:00:00+00:00
[2025-06-25T22:04:49.921-0400] {processor.py:183} INFO - Processing /opt/anaconda3/envs/airflow_env/lib/python3.10/site-packages/airflow/example_dags/example_branch_labels.py took 0.051 seconds
[2025-06-25T22:05:22.490-0400] {processor.py:161} INFO - Started process (PID=74041) to work on /opt/anaconda3/envs/airflow_env/lib/python3.10/site-packages/airflow/example_dags/example_branch_labels.py
[2025-06-25T22:05:22.491-0400] {processor.py:830} INFO - Processing file /opt/anaconda3/envs/airflow_env/lib/python3.10/site-packages/airflow/example_dags/example_branch_labels.py for tasks to queue
[2025-06-25T22:05:22.491-0400] {logging_mixin.py:188} INFO - [2025-06-25T22:05:22.491-0400] {dagbag.py:545} INFO - Filling up the DagBag from /opt/anaconda3/envs/airflow_env/lib/python3.10/site-packages/airflow/example_dags/example_branch_labels.py
[2025-06-25T22:05:22.495-0400] {processor.py:840} INFO - DAG(s) 'example_branch_labels' retrieved from /opt/anaconda3/envs/airflow_env/lib/python3.10/site-packages/airflow/example_dags/example_branch_labels.py
[2025-06-25T22:05:22.530-0400] {logging_mixin.py:188} INFO - [2025-06-25T22:05:22.530-0400] {dag.py:3096} INFO - Sync 1 DAGs
[2025-06-25T22:05:22.536-0400] {logging_mixin.py:188} INFO - [2025-06-25T22:05:22.536-0400] {dag.py:3954} INFO - Setting next_dagrun for example_branch_labels to 2025-06-25 00:00:00+00:00, run_after=2025-06-26 00:00:00+00:00
[2025-06-25T22:05:22.543-0400] {processor.py:183} INFO - Processing /opt/anaconda3/envs/airflow_env/lib/python3.10/site-packages/airflow/example_dags/example_branch_labels.py took 0.055 seconds
[2025-06-25T22:06:31.661-0400] {processor.py:161} INFO - Started process (PID=74146) to work on /opt/anaconda3/envs/airflow_env/lib/python3.10/site-packages/airflow/example_dags/example_branch_labels.py
[2025-06-25T22:06:31.663-0400] {processor.py:830} INFO - Processing file /opt/anaconda3/envs/airflow_env/lib/python3.10/site-packages/airflow/example_dags/example_branch_labels.py for tasks to queue
[2025-06-25T22:06:31.663-0400] {logging_mixin.py:188} INFO - [2025-06-25T22:06:31.663-0400] {dagbag.py:545} INFO - Filling up the DagBag from /opt/anaconda3/envs/airflow_env/lib/python3.10/site-packages/airflow/example_dags/example_branch_labels.py
[2025-06-25T22:06:31.667-0400] {processor.py:840} INFO - DAG(s) 'example_branch_labels' retrieved from /opt/anaconda3/envs/airflow_env/lib/python3.10/site-packages/airflow/example_dags/example_branch_labels.py
[2025-06-25T22:06:31.705-0400] {logging_mixin.py:188} INFO - [2025-06-25T22:06:31.705-0400] {dag.py:3096} INFO - Sync 1 DAGs
[2025-06-25T22:06:31.710-0400] {logging_mixin.py:188} INFO - [2025-06-25T22:06:31.710-0400] {dag.py:3954} INFO - Setting next_dagrun for example_branch_labels to 2025-06-25 00:00:00+00:00, run_after=2025-06-26 00:00:00+00:00
[2025-06-25T22:06:31.720-0400] {processor.py:183} INFO - Processing /opt/anaconda3/envs/airflow_env/lib/python3.10/site-packages/airflow/example_dags/example_branch_labels.py took 0.061 seconds
[2025-06-25T22:07:03.616-0400] {processor.py:161} INFO - Started process (PID=74196) to work on /opt/anaconda3/envs/airflow_env/lib/python3.10/site-packages/airflow/example_dags/example_branch_labels.py
[2025-06-25T22:07:03.617-0400] {processor.py:830} INFO - Processing file /opt/anaconda3/envs/airflow_env/lib/python3.10/site-packages/airflow/example_dags/example_branch_labels.py for tasks to queue
[2025-06-25T22:07:03.618-0400] {logging_mixin.py:188} INFO - [2025-06-25T22:07:03.618-0400] {dagbag.py:545} INFO - Filling up the DagBag from /opt/anaconda3/envs/airflow_env/lib/python3.10/site-packages/airflow/example_dags/example_branch_labels.py
[2025-06-25T22:07:03.622-0400] {processor.py:840} INFO - DAG(s) 'example_branch_labels' retrieved from /opt/anaconda3/envs/airflow_env/lib/python3.10/site-packages/airflow/example_dags/example_branch_labels.py
[2025-06-25T22:07:03.657-0400] {logging_mixin.py:188} INFO - [2025-06-25T22:07:03.657-0400] {dag.py:3096} INFO - Sync 1 DAGs
[2025-06-25T22:07:03.663-0400] {logging_mixin.py:188} INFO - [2025-06-25T22:07:03.663-0400] {dag.py:3954} INFO - Setting next_dagrun for example_branch_labels to 2025-06-25 00:00:00+00:00, run_after=2025-06-26 00:00:00+00:00
[2025-06-25T22:07:03.669-0400] {processor.py:183} INFO - Processing /opt/anaconda3/envs/airflow_env/lib/python3.10/site-packages/airflow/example_dags/example_branch_labels.py took 0.056 seconds
[2025-06-25T22:08:11.035-0400] {processor.py:161} INFO - Started process (PID=74316) to work on /opt/anaconda3/envs/airflow_env/lib/python3.10/site-packages/airflow/example_dags/example_branch_labels.py
[2025-06-25T22:08:11.036-0400] {processor.py:830} INFO - Processing file /opt/anaconda3/envs/airflow_env/lib/python3.10/site-packages/airflow/example_dags/example_branch_labels.py for tasks to queue
[2025-06-25T22:08:11.036-0400] {logging_mixin.py:188} INFO - [2025-06-25T22:08:11.036-0400] {dagbag.py:545} INFO - Filling up the DagBag from /opt/anaconda3/envs/airflow_env/lib/python3.10/site-packages/airflow/example_dags/example_branch_labels.py
[2025-06-25T22:08:11.039-0400] {processor.py:840} INFO - DAG(s) 'example_branch_labels' retrieved from /opt/anaconda3/envs/airflow_env/lib/python3.10/site-packages/airflow/example_dags/example_branch_labels.py
[2025-06-25T22:08:11.075-0400] {logging_mixin.py:188} INFO - [2025-06-25T22:08:11.075-0400] {dag.py:3096} INFO - Sync 1 DAGs
[2025-06-25T22:08:11.080-0400] {logging_mixin.py:188} INFO - [2025-06-25T22:08:11.080-0400] {dag.py:3954} INFO - Setting next_dagrun for example_branch_labels to 2025-06-25 00:00:00+00:00, run_after=2025-06-26 00:00:00+00:00
[2025-06-25T22:08:11.086-0400] {processor.py:183} INFO - Processing /opt/anaconda3/envs/airflow_env/lib/python3.10/site-packages/airflow/example_dags/example_branch_labels.py took 0.053 seconds
[2025-06-25T22:08:38.345-0400] {processor.py:161} INFO - Started process (PID=74354) to work on /opt/anaconda3/envs/airflow_env/lib/python3.10/site-packages/airflow/example_dags/example_branch_labels.py
[2025-06-25T22:08:38.345-0400] {processor.py:830} INFO - Processing file /opt/anaconda3/envs/airflow_env/lib/python3.10/site-packages/airflow/example_dags/example_branch_labels.py for tasks to queue
[2025-06-25T22:08:38.346-0400] {logging_mixin.py:188} INFO - [2025-06-25T22:08:38.345-0400] {dagbag.py:545} INFO - Filling up the DagBag from /opt/anaconda3/envs/airflow_env/lib/python3.10/site-packages/airflow/example_dags/example_branch_labels.py
[2025-06-25T22:08:38.349-0400] {processor.py:840} INFO - DAG(s) 'example_branch_labels' retrieved from /opt/anaconda3/envs/airflow_env/lib/python3.10/site-packages/airflow/example_dags/example_branch_labels.py
[2025-06-25T22:08:38.384-0400] {logging_mixin.py:188} INFO - [2025-06-25T22:08:38.384-0400] {dag.py:3096} INFO - Sync 1 DAGs
[2025-06-25T22:08:38.390-0400] {logging_mixin.py:188} INFO - [2025-06-25T22:08:38.390-0400] {dag.py:3954} INFO - Setting next_dagrun for example_branch_labels to 2025-06-25 00:00:00+00:00, run_after=2025-06-26 00:00:00+00:00
[2025-06-25T22:08:38.396-0400] {processor.py:183} INFO - Processing /opt/anaconda3/envs/airflow_env/lib/python3.10/site-packages/airflow/example_dags/example_branch_labels.py took 0.055 seconds
[2025-06-25T22:09:49.769-0400] {processor.py:161} INFO - Started process (PID=74455) to work on /opt/anaconda3/envs/airflow_env/lib/python3.10/site-packages/airflow/example_dags/example_branch_labels.py
[2025-06-25T22:09:49.770-0400] {processor.py:830} INFO - Processing file /opt/anaconda3/envs/airflow_env/lib/python3.10/site-packages/airflow/example_dags/example_branch_labels.py for tasks to queue
[2025-06-25T22:09:49.770-0400] {logging_mixin.py:188} INFO - [2025-06-25T22:09:49.770-0400] {dagbag.py:545} INFO - Filling up the DagBag from /opt/anaconda3/envs/airflow_env/lib/python3.10/site-packages/airflow/example_dags/example_branch_labels.py
[2025-06-25T22:09:49.774-0400] {processor.py:840} INFO - DAG(s) 'example_branch_labels' retrieved from /opt/anaconda3/envs/airflow_env/lib/python3.10/site-packages/airflow/example_dags/example_branch_labels.py
[2025-06-25T22:09:49.813-0400] {logging_mixin.py:188} INFO - [2025-06-25T22:09:49.813-0400] {dag.py:3096} INFO - Sync 1 DAGs
[2025-06-25T22:09:49.819-0400] {logging_mixin.py:188} INFO - [2025-06-25T22:09:49.819-0400] {dag.py:3954} INFO - Setting next_dagrun for example_branch_labels to 2025-06-25 00:00:00+00:00, run_after=2025-06-26 00:00:00+00:00
[2025-06-25T22:09:49.826-0400] {processor.py:183} INFO - Processing /opt/anaconda3/envs/airflow_env/lib/python3.10/site-packages/airflow/example_dags/example_branch_labels.py took 0.059 seconds
[2025-06-25T22:10:17.163-0400] {processor.py:161} INFO - Started process (PID=74492) to work on /opt/anaconda3/envs/airflow_env/lib/python3.10/site-packages/airflow/example_dags/example_branch_labels.py
[2025-06-25T22:10:17.163-0400] {processor.py:830} INFO - Processing file /opt/anaconda3/envs/airflow_env/lib/python3.10/site-packages/airflow/example_dags/example_branch_labels.py for tasks to queue
[2025-06-25T22:10:17.163-0400] {logging_mixin.py:188} INFO - [2025-06-25T22:10:17.163-0400] {dagbag.py:545} INFO - Filling up the DagBag from /opt/anaconda3/envs/airflow_env/lib/python3.10/site-packages/airflow/example_dags/example_branch_labels.py
[2025-06-25T22:10:17.167-0400] {processor.py:840} INFO - DAG(s) 'example_branch_labels' retrieved from /opt/anaconda3/envs/airflow_env/lib/python3.10/site-packages/airflow/example_dags/example_branch_labels.py
[2025-06-25T22:10:17.199-0400] {logging_mixin.py:188} INFO - [2025-06-25T22:10:17.199-0400] {dag.py:3096} INFO - Sync 1 DAGs
[2025-06-25T22:10:17.205-0400] {logging_mixin.py:188} INFO - [2025-06-25T22:10:17.205-0400] {dag.py:3954} INFO - Setting next_dagrun for example_branch_labels to 2025-06-25 00:00:00+00:00, run_after=2025-06-26 00:00:00+00:00
[2025-06-25T22:10:17.211-0400] {processor.py:183} INFO - Processing /opt/anaconda3/envs/airflow_env/lib/python3.10/site-packages/airflow/example_dags/example_branch_labels.py took 0.050 seconds
[2025-06-25T22:11:34.401-0400] {processor.py:161} INFO - Started process (PID=74612) to work on /opt/anaconda3/envs/airflow_env/lib/python3.10/site-packages/airflow/example_dags/example_branch_labels.py
[2025-06-25T22:11:34.402-0400] {processor.py:830} INFO - Processing file /opt/anaconda3/envs/airflow_env/lib/python3.10/site-packages/airflow/example_dags/example_branch_labels.py for tasks to queue
[2025-06-25T22:11:34.402-0400] {logging_mixin.py:188} INFO - [2025-06-25T22:11:34.402-0400] {dagbag.py:545} INFO - Filling up the DagBag from /opt/anaconda3/envs/airflow_env/lib/python3.10/site-packages/airflow/example_dags/example_branch_labels.py
[2025-06-25T22:11:34.406-0400] {processor.py:840} INFO - DAG(s) 'example_branch_labels' retrieved from /opt/anaconda3/envs/airflow_env/lib/python3.10/site-packages/airflow/example_dags/example_branch_labels.py
[2025-06-25T22:11:34.445-0400] {logging_mixin.py:188} INFO - [2025-06-25T22:11:34.445-0400] {dag.py:3096} INFO - Sync 1 DAGs
[2025-06-25T22:11:34.452-0400] {logging_mixin.py:188} INFO - [2025-06-25T22:11:34.452-0400] {dag.py:3954} INFO - Setting next_dagrun for example_branch_labels to 2025-06-25 00:00:00+00:00, run_after=2025-06-26 00:00:00+00:00
[2025-06-25T22:11:34.460-0400] {processor.py:183} INFO - Processing /opt/anaconda3/envs/airflow_env/lib/python3.10/site-packages/airflow/example_dags/example_branch_labels.py took 0.061 seconds
[2025-06-25T22:12:11.868-0400] {processor.py:161} INFO - Started process (PID=74690) to work on /opt/anaconda3/envs/airflow_env/lib/python3.10/site-packages/airflow/example_dags/example_branch_labels.py
[2025-06-25T22:12:11.869-0400] {processor.py:830} INFO - Processing file /opt/anaconda3/envs/airflow_env/lib/python3.10/site-packages/airflow/example_dags/example_branch_labels.py for tasks to queue
[2025-06-25T22:12:11.870-0400] {logging_mixin.py:188} INFO - [2025-06-25T22:12:11.870-0400] {dagbag.py:545} INFO - Filling up the DagBag from /opt/anaconda3/envs/airflow_env/lib/python3.10/site-packages/airflow/example_dags/example_branch_labels.py
[2025-06-25T22:12:11.874-0400] {processor.py:840} INFO - DAG(s) 'example_branch_labels' retrieved from /opt/anaconda3/envs/airflow_env/lib/python3.10/site-packages/airflow/example_dags/example_branch_labels.py
[2025-06-25T22:12:11.912-0400] {logging_mixin.py:188} INFO - [2025-06-25T22:12:11.912-0400] {dag.py:3096} INFO - Sync 1 DAGs
[2025-06-25T22:12:11.918-0400] {logging_mixin.py:188} INFO - [2025-06-25T22:12:11.918-0400] {dag.py:3954} INFO - Setting next_dagrun for example_branch_labels to 2025-06-25 00:00:00+00:00, run_after=2025-06-26 00:00:00+00:00
[2025-06-25T22:12:11.925-0400] {processor.py:183} INFO - Processing /opt/anaconda3/envs/airflow_env/lib/python3.10/site-packages/airflow/example_dags/example_branch_labels.py took 0.059 seconds
[2025-06-25T22:13:23.627-0400] {processor.py:161} INFO - Started process (PID=74791) to work on /opt/anaconda3/envs/airflow_env/lib/python3.10/site-packages/airflow/example_dags/example_branch_labels.py
[2025-06-25T22:13:23.628-0400] {processor.py:830} INFO - Processing file /opt/anaconda3/envs/airflow_env/lib/python3.10/site-packages/airflow/example_dags/example_branch_labels.py for tasks to queue
[2025-06-25T22:13:23.628-0400] {logging_mixin.py:188} INFO - [2025-06-25T22:13:23.628-0400] {dagbag.py:545} INFO - Filling up the DagBag from /opt/anaconda3/envs/airflow_env/lib/python3.10/site-packages/airflow/example_dags/example_branch_labels.py
[2025-06-25T22:13:23.633-0400] {processor.py:840} INFO - DAG(s) 'example_branch_labels' retrieved from /opt/anaconda3/envs/airflow_env/lib/python3.10/site-packages/airflow/example_dags/example_branch_labels.py
[2025-06-25T22:13:23.669-0400] {logging_mixin.py:188} INFO - [2025-06-25T22:13:23.669-0400] {dag.py:3096} INFO - Sync 1 DAGs
[2025-06-25T22:13:23.675-0400] {logging_mixin.py:188} INFO - [2025-06-25T22:13:23.675-0400] {dag.py:3954} INFO - Setting next_dagrun for example_branch_labels to 2025-06-25 00:00:00+00:00, run_after=2025-06-26 00:00:00+00:00
[2025-06-25T22:13:23.681-0400] {processor.py:183} INFO - Processing /opt/anaconda3/envs/airflow_env/lib/python3.10/site-packages/airflow/example_dags/example_branch_labels.py took 0.056 seconds
[2025-06-25T22:14:04.663-0400] {processor.py:161} INFO - Started process (PID=74847) to work on /opt/anaconda3/envs/airflow_env/lib/python3.10/site-packages/airflow/example_dags/example_branch_labels.py
[2025-06-25T22:14:04.664-0400] {processor.py:830} INFO - Processing file /opt/anaconda3/envs/airflow_env/lib/python3.10/site-packages/airflow/example_dags/example_branch_labels.py for tasks to queue
[2025-06-25T22:14:04.664-0400] {logging_mixin.py:188} INFO - [2025-06-25T22:14:04.664-0400] {dagbag.py:545} INFO - Filling up the DagBag from /opt/anaconda3/envs/airflow_env/lib/python3.10/site-packages/airflow/example_dags/example_branch_labels.py
[2025-06-25T22:14:04.668-0400] {processor.py:840} INFO - DAG(s) 'example_branch_labels' retrieved from /opt/anaconda3/envs/airflow_env/lib/python3.10/site-packages/airflow/example_dags/example_branch_labels.py
[2025-06-25T22:14:04.710-0400] {logging_mixin.py:188} INFO - [2025-06-25T22:14:04.710-0400] {dag.py:3096} INFO - Sync 1 DAGs
[2025-06-25T22:14:04.717-0400] {logging_mixin.py:188} INFO - [2025-06-25T22:14:04.717-0400] {dag.py:3954} INFO - Setting next_dagrun for example_branch_labels to 2025-06-25 00:00:00+00:00, run_after=2025-06-26 00:00:00+00:00
[2025-06-25T22:14:04.724-0400] {processor.py:183} INFO - Processing /opt/anaconda3/envs/airflow_env/lib/python3.10/site-packages/airflow/example_dags/example_branch_labels.py took 0.062 seconds
[2025-06-25T22:15:09.480-0400] {processor.py:161} INFO - Started process (PID=74938) to work on /opt/anaconda3/envs/airflow_env/lib/python3.10/site-packages/airflow/example_dags/example_branch_labels.py
[2025-06-25T22:15:09.481-0400] {processor.py:830} INFO - Processing file /opt/anaconda3/envs/airflow_env/lib/python3.10/site-packages/airflow/example_dags/example_branch_labels.py for tasks to queue
[2025-06-25T22:15:09.481-0400] {logging_mixin.py:188} INFO - [2025-06-25T22:15:09.481-0400] {dagbag.py:545} INFO - Filling up the DagBag from /opt/anaconda3/envs/airflow_env/lib/python3.10/site-packages/airflow/example_dags/example_branch_labels.py
[2025-06-25T22:15:09.485-0400] {processor.py:840} INFO - DAG(s) 'example_branch_labels' retrieved from /opt/anaconda3/envs/airflow_env/lib/python3.10/site-packages/airflow/example_dags/example_branch_labels.py
[2025-06-25T22:15:09.518-0400] {logging_mixin.py:188} INFO - [2025-06-25T22:15:09.517-0400] {dag.py:3096} INFO - Sync 1 DAGs
[2025-06-25T22:15:09.523-0400] {logging_mixin.py:188} INFO - [2025-06-25T22:15:09.523-0400] {dag.py:3954} INFO - Setting next_dagrun for example_branch_labels to 2025-06-25 00:00:00+00:00, run_after=2025-06-26 00:00:00+00:00
[2025-06-25T22:15:09.529-0400] {processor.py:183} INFO - Processing /opt/anaconda3/envs/airflow_env/lib/python3.10/site-packages/airflow/example_dags/example_branch_labels.py took 0.051 seconds
[2025-06-25T22:15:46.657-0400] {processor.py:161} INFO - Started process (PID=74993) to work on /opt/anaconda3/envs/airflow_env/lib/python3.10/site-packages/airflow/example_dags/example_branch_labels.py
[2025-06-25T22:15:46.657-0400] {processor.py:830} INFO - Processing file /opt/anaconda3/envs/airflow_env/lib/python3.10/site-packages/airflow/example_dags/example_branch_labels.py for tasks to queue
[2025-06-25T22:15:46.658-0400] {logging_mixin.py:188} INFO - [2025-06-25T22:15:46.658-0400] {dagbag.py:545} INFO - Filling up the DagBag from /opt/anaconda3/envs/airflow_env/lib/python3.10/site-packages/airflow/example_dags/example_branch_labels.py
[2025-06-25T22:15:46.661-0400] {processor.py:840} INFO - DAG(s) 'example_branch_labels' retrieved from /opt/anaconda3/envs/airflow_env/lib/python3.10/site-packages/airflow/example_dags/example_branch_labels.py
[2025-06-25T22:15:46.695-0400] {logging_mixin.py:188} INFO - [2025-06-25T22:15:46.694-0400] {dag.py:3096} INFO - Sync 1 DAGs
[2025-06-25T22:15:46.701-0400] {logging_mixin.py:188} INFO - [2025-06-25T22:15:46.701-0400] {dag.py:3954} INFO - Setting next_dagrun for example_branch_labels to 2025-06-25 00:00:00+00:00, run_after=2025-06-26 00:00:00+00:00
[2025-06-25T22:15:46.708-0400] {processor.py:183} INFO - Processing /opt/anaconda3/envs/airflow_env/lib/python3.10/site-packages/airflow/example_dags/example_branch_labels.py took 0.053 seconds
[2025-06-25T22:16:56.114-0400] {processor.py:161} INFO - Started process (PID=75091) to work on /opt/anaconda3/envs/airflow_env/lib/python3.10/site-packages/airflow/example_dags/example_branch_labels.py
[2025-06-25T22:16:56.114-0400] {processor.py:830} INFO - Processing file /opt/anaconda3/envs/airflow_env/lib/python3.10/site-packages/airflow/example_dags/example_branch_labels.py for tasks to queue
[2025-06-25T22:16:56.115-0400] {logging_mixin.py:188} INFO - [2025-06-25T22:16:56.115-0400] {dagbag.py:545} INFO - Filling up the DagBag from /opt/anaconda3/envs/airflow_env/lib/python3.10/site-packages/airflow/example_dags/example_branch_labels.py
[2025-06-25T22:16:56.119-0400] {processor.py:840} INFO - DAG(s) 'example_branch_labels' retrieved from /opt/anaconda3/envs/airflow_env/lib/python3.10/site-packages/airflow/example_dags/example_branch_labels.py
[2025-06-25T22:16:56.157-0400] {logging_mixin.py:188} INFO - [2025-06-25T22:16:56.157-0400] {dag.py:3096} INFO - Sync 1 DAGs
[2025-06-25T22:16:56.164-0400] {logging_mixin.py:188} INFO - [2025-06-25T22:16:56.164-0400] {dag.py:3954} INFO - Setting next_dagrun for example_branch_labels to 2025-06-25 00:00:00+00:00, run_after=2025-06-26 00:00:00+00:00
[2025-06-25T22:16:56.172-0400] {processor.py:183} INFO - Processing /opt/anaconda3/envs/airflow_env/lib/python3.10/site-packages/airflow/example_dags/example_branch_labels.py took 0.060 seconds
[2025-06-25T22:17:41.733-0400] {processor.py:161} INFO - Started process (PID=75153) to work on /opt/anaconda3/envs/airflow_env/lib/python3.10/site-packages/airflow/example_dags/example_branch_labels.py
[2025-06-25T22:17:41.734-0400] {processor.py:830} INFO - Processing file /opt/anaconda3/envs/airflow_env/lib/python3.10/site-packages/airflow/example_dags/example_branch_labels.py for tasks to queue
[2025-06-25T22:17:41.735-0400] {logging_mixin.py:188} INFO - [2025-06-25T22:17:41.735-0400] {dagbag.py:545} INFO - Filling up the DagBag from /opt/anaconda3/envs/airflow_env/lib/python3.10/site-packages/airflow/example_dags/example_branch_labels.py
[2025-06-25T22:17:41.739-0400] {processor.py:840} INFO - DAG(s) 'example_branch_labels' retrieved from /opt/anaconda3/envs/airflow_env/lib/python3.10/site-packages/airflow/example_dags/example_branch_labels.py
[2025-06-25T22:17:41.780-0400] {logging_mixin.py:188} INFO - [2025-06-25T22:17:41.780-0400] {dag.py:3096} INFO - Sync 1 DAGs
[2025-06-25T22:17:41.787-0400] {logging_mixin.py:188} INFO - [2025-06-25T22:17:41.787-0400] {dag.py:3954} INFO - Setting next_dagrun for example_branch_labels to 2025-06-25 00:00:00+00:00, run_after=2025-06-26 00:00:00+00:00
[2025-06-25T22:17:41.793-0400] {processor.py:183} INFO - Processing /opt/anaconda3/envs/airflow_env/lib/python3.10/site-packages/airflow/example_dags/example_branch_labels.py took 0.062 seconds
[2025-06-25T22:18:51.795-0400] {processor.py:161} INFO - Started process (PID=75248) to work on /opt/anaconda3/envs/airflow_env/lib/python3.10/site-packages/airflow/example_dags/example_branch_labels.py
[2025-06-25T22:18:51.797-0400] {processor.py:830} INFO - Processing file /opt/anaconda3/envs/airflow_env/lib/python3.10/site-packages/airflow/example_dags/example_branch_labels.py for tasks to queue
[2025-06-25T22:18:51.797-0400] {logging_mixin.py:188} INFO - [2025-06-25T22:18:51.797-0400] {dagbag.py:545} INFO - Filling up the DagBag from /opt/anaconda3/envs/airflow_env/lib/python3.10/site-packages/airflow/example_dags/example_branch_labels.py
[2025-06-25T22:18:51.801-0400] {processor.py:840} INFO - DAG(s) 'example_branch_labels' retrieved from /opt/anaconda3/envs/airflow_env/lib/python3.10/site-packages/airflow/example_dags/example_branch_labels.py
[2025-06-25T22:18:51.841-0400] {logging_mixin.py:188} INFO - [2025-06-25T22:18:51.841-0400] {dag.py:3096} INFO - Sync 1 DAGs
[2025-06-25T22:18:51.850-0400] {logging_mixin.py:188} INFO - [2025-06-25T22:18:51.849-0400] {dag.py:3954} INFO - Setting next_dagrun for example_branch_labels to 2025-06-25 00:00:00+00:00, run_after=2025-06-26 00:00:00+00:00
[2025-06-25T22:18:51.856-0400] {processor.py:183} INFO - Processing /opt/anaconda3/envs/airflow_env/lib/python3.10/site-packages/airflow/example_dags/example_branch_labels.py took 0.063 seconds
[2025-06-25T22:19:41.947-0400] {processor.py:161} INFO - Started process (PID=75313) to work on /opt/anaconda3/envs/airflow_env/lib/python3.10/site-packages/airflow/example_dags/example_branch_labels.py
[2025-06-25T22:19:41.948-0400] {processor.py:830} INFO - Processing file /opt/anaconda3/envs/airflow_env/lib/python3.10/site-packages/airflow/example_dags/example_branch_labels.py for tasks to queue
[2025-06-25T22:19:41.949-0400] {logging_mixin.py:188} INFO - [2025-06-25T22:19:41.949-0400] {dagbag.py:545} INFO - Filling up the DagBag from /opt/anaconda3/envs/airflow_env/lib/python3.10/site-packages/airflow/example_dags/example_branch_labels.py
[2025-06-25T22:19:41.952-0400] {processor.py:840} INFO - DAG(s) 'example_branch_labels' retrieved from /opt/anaconda3/envs/airflow_env/lib/python3.10/site-packages/airflow/example_dags/example_branch_labels.py
[2025-06-25T22:19:41.990-0400] {logging_mixin.py:188} INFO - [2025-06-25T22:19:41.990-0400] {dag.py:3096} INFO - Sync 1 DAGs
[2025-06-25T22:19:41.996-0400] {logging_mixin.py:188} INFO - [2025-06-25T22:19:41.996-0400] {dag.py:3954} INFO - Setting next_dagrun for example_branch_labels to 2025-06-25 00:00:00+00:00, run_after=2025-06-26 00:00:00+00:00
[2025-06-25T22:19:42.003-0400] {processor.py:183} INFO - Processing /opt/anaconda3/envs/airflow_env/lib/python3.10/site-packages/airflow/example_dags/example_branch_labels.py took 0.058 seconds
[2025-06-25T22:20:43.070-0400] {processor.py:161} INFO - Started process (PID=75392) to work on /opt/anaconda3/envs/airflow_env/lib/python3.10/site-packages/airflow/example_dags/example_branch_labels.py
[2025-06-25T22:20:43.071-0400] {processor.py:830} INFO - Processing file /opt/anaconda3/envs/airflow_env/lib/python3.10/site-packages/airflow/example_dags/example_branch_labels.py for tasks to queue
[2025-06-25T22:20:43.071-0400] {logging_mixin.py:188} INFO - [2025-06-25T22:20:43.071-0400] {dagbag.py:545} INFO - Filling up the DagBag from /opt/anaconda3/envs/airflow_env/lib/python3.10/site-packages/airflow/example_dags/example_branch_labels.py
[2025-06-25T22:20:43.074-0400] {processor.py:840} INFO - DAG(s) 'example_branch_labels' retrieved from /opt/anaconda3/envs/airflow_env/lib/python3.10/site-packages/airflow/example_dags/example_branch_labels.py
[2025-06-25T22:20:43.112-0400] {logging_mixin.py:188} INFO - [2025-06-25T22:20:43.112-0400] {dag.py:3096} INFO - Sync 1 DAGs
[2025-06-25T22:20:43.119-0400] {logging_mixin.py:188} INFO - [2025-06-25T22:20:43.119-0400] {dag.py:3954} INFO - Setting next_dagrun for example_branch_labels to 2025-06-25 00:00:00+00:00, run_after=2025-06-26 00:00:00+00:00
[2025-06-25T22:20:43.125-0400] {processor.py:183} INFO - Processing /opt/anaconda3/envs/airflow_env/lib/python3.10/site-packages/airflow/example_dags/example_branch_labels.py took 0.058 seconds
[2025-06-25T22:21:26.726-0400] {processor.py:161} INFO - Started process (PID=75460) to work on /opt/anaconda3/envs/airflow_env/lib/python3.10/site-packages/airflow/example_dags/example_branch_labels.py
[2025-06-25T22:21:26.727-0400] {processor.py:830} INFO - Processing file /opt/anaconda3/envs/airflow_env/lib/python3.10/site-packages/airflow/example_dags/example_branch_labels.py for tasks to queue
[2025-06-25T22:21:26.727-0400] {logging_mixin.py:188} INFO - [2025-06-25T22:21:26.727-0400] {dagbag.py:545} INFO - Filling up the DagBag from /opt/anaconda3/envs/airflow_env/lib/python3.10/site-packages/airflow/example_dags/example_branch_labels.py
[2025-06-25T22:21:26.731-0400] {processor.py:840} INFO - DAG(s) 'example_branch_labels' retrieved from /opt/anaconda3/envs/airflow_env/lib/python3.10/site-packages/airflow/example_dags/example_branch_labels.py
[2025-06-25T22:21:26.766-0400] {logging_mixin.py:188} INFO - [2025-06-25T22:21:26.765-0400] {dag.py:3096} INFO - Sync 1 DAGs
[2025-06-25T22:21:26.771-0400] {logging_mixin.py:188} INFO - [2025-06-25T22:21:26.771-0400] {dag.py:3954} INFO - Setting next_dagrun for example_branch_labels to 2025-06-25 00:00:00+00:00, run_after=2025-06-26 00:00:00+00:00
[2025-06-25T22:21:26.778-0400] {processor.py:183} INFO - Processing /opt/anaconda3/envs/airflow_env/lib/python3.10/site-packages/airflow/example_dags/example_branch_labels.py took 0.053 seconds
[2025-06-25T22:22:28.479-0400] {processor.py:161} INFO - Started process (PID=75584) to work on /opt/anaconda3/envs/airflow_env/lib/python3.10/site-packages/airflow/example_dags/example_branch_labels.py
[2025-06-25T22:22:28.480-0400] {processor.py:830} INFO - Processing file /opt/anaconda3/envs/airflow_env/lib/python3.10/site-packages/airflow/example_dags/example_branch_labels.py for tasks to queue
[2025-06-25T22:22:28.480-0400] {logging_mixin.py:188} INFO - [2025-06-25T22:22:28.480-0400] {dagbag.py:545} INFO - Filling up the DagBag from /opt/anaconda3/envs/airflow_env/lib/python3.10/site-packages/airflow/example_dags/example_branch_labels.py
[2025-06-25T22:22:28.484-0400] {processor.py:840} INFO - DAG(s) 'example_branch_labels' retrieved from /opt/anaconda3/envs/airflow_env/lib/python3.10/site-packages/airflow/example_dags/example_branch_labels.py
[2025-06-25T22:22:28.524-0400] {logging_mixin.py:188} INFO - [2025-06-25T22:22:28.524-0400] {dag.py:3096} INFO - Sync 1 DAGs
[2025-06-25T22:22:28.531-0400] {logging_mixin.py:188} INFO - [2025-06-25T22:22:28.530-0400] {dag.py:3954} INFO - Setting next_dagrun for example_branch_labels to 2025-06-25 00:00:00+00:00, run_after=2025-06-26 00:00:00+00:00
[2025-06-25T22:22:28.538-0400] {processor.py:183} INFO - Processing /opt/anaconda3/envs/airflow_env/lib/python3.10/site-packages/airflow/example_dags/example_branch_labels.py took 0.061 seconds
[2025-06-25T22:23:14.000-0400] {processor.py:161} INFO - Started process (PID=75678) to work on /opt/anaconda3/envs/airflow_env/lib/python3.10/site-packages/airflow/example_dags/example_branch_labels.py
[2025-06-25T22:23:14.001-0400] {processor.py:830} INFO - Processing file /opt/anaconda3/envs/airflow_env/lib/python3.10/site-packages/airflow/example_dags/example_branch_labels.py for tasks to queue
[2025-06-25T22:23:14.001-0400] {logging_mixin.py:188} INFO - [2025-06-25T22:23:14.001-0400] {dagbag.py:545} INFO - Filling up the DagBag from /opt/anaconda3/envs/airflow_env/lib/python3.10/site-packages/airflow/example_dags/example_branch_labels.py
[2025-06-25T22:23:14.005-0400] {processor.py:840} INFO - DAG(s) 'example_branch_labels' retrieved from /opt/anaconda3/envs/airflow_env/lib/python3.10/site-packages/airflow/example_dags/example_branch_labels.py
[2025-06-25T22:23:14.045-0400] {logging_mixin.py:188} INFO - [2025-06-25T22:23:14.045-0400] {dag.py:3096} INFO - Sync 1 DAGs
[2025-06-25T22:23:14.052-0400] {logging_mixin.py:188} INFO - [2025-06-25T22:23:14.052-0400] {dag.py:3954} INFO - Setting next_dagrun for example_branch_labels to 2025-06-25 00:00:00+00:00, run_after=2025-06-26 00:00:00+00:00
[2025-06-25T22:23:14.060-0400] {processor.py:183} INFO - Processing /opt/anaconda3/envs/airflow_env/lib/python3.10/site-packages/airflow/example_dags/example_branch_labels.py took 0.061 seconds
[2025-06-25T22:24:15.001-0400] {processor.py:161} INFO - Started process (PID=75762) to work on /opt/anaconda3/envs/airflow_env/lib/python3.10/site-packages/airflow/example_dags/example_branch_labels.py
[2025-06-25T22:24:15.001-0400] {processor.py:830} INFO - Processing file /opt/anaconda3/envs/airflow_env/lib/python3.10/site-packages/airflow/example_dags/example_branch_labels.py for tasks to queue
[2025-06-25T22:24:15.002-0400] {logging_mixin.py:188} INFO - [2025-06-25T22:24:15.002-0400] {dagbag.py:545} INFO - Filling up the DagBag from /opt/anaconda3/envs/airflow_env/lib/python3.10/site-packages/airflow/example_dags/example_branch_labels.py
[2025-06-25T22:24:15.005-0400] {processor.py:840} INFO - DAG(s) 'example_branch_labels' retrieved from /opt/anaconda3/envs/airflow_env/lib/python3.10/site-packages/airflow/example_dags/example_branch_labels.py
[2025-06-25T22:24:15.043-0400] {logging_mixin.py:188} INFO - [2025-06-25T22:24:15.042-0400] {dag.py:3096} INFO - Sync 1 DAGs
[2025-06-25T22:24:15.048-0400] {logging_mixin.py:188} INFO - [2025-06-25T22:24:15.048-0400] {dag.py:3954} INFO - Setting next_dagrun for example_branch_labels to 2025-06-25 00:00:00+00:00, run_after=2025-06-26 00:00:00+00:00
[2025-06-25T22:24:15.055-0400] {processor.py:183} INFO - Processing /opt/anaconda3/envs/airflow_env/lib/python3.10/site-packages/airflow/example_dags/example_branch_labels.py took 0.058 seconds
[2025-06-25T22:25:15.649-0400] {processor.py:161} INFO - Started process (PID=75857) to work on /opt/anaconda3/envs/airflow_env/lib/python3.10/site-packages/airflow/example_dags/example_branch_labels.py
[2025-06-25T22:25:15.649-0400] {processor.py:830} INFO - Processing file /opt/anaconda3/envs/airflow_env/lib/python3.10/site-packages/airflow/example_dags/example_branch_labels.py for tasks to queue
[2025-06-25T22:25:15.650-0400] {logging_mixin.py:188} INFO - [2025-06-25T22:25:15.650-0400] {dagbag.py:545} INFO - Filling up the DagBag from /opt/anaconda3/envs/airflow_env/lib/python3.10/site-packages/airflow/example_dags/example_branch_labels.py
[2025-06-25T22:25:15.653-0400] {processor.py:840} INFO - DAG(s) 'example_branch_labels' retrieved from /opt/anaconda3/envs/airflow_env/lib/python3.10/site-packages/airflow/example_dags/example_branch_labels.py
[2025-06-25T22:25:15.698-0400] {logging_mixin.py:188} INFO - [2025-06-25T22:25:15.698-0400] {dag.py:3096} INFO - Sync 1 DAGs
[2025-06-25T22:25:15.705-0400] {logging_mixin.py:188} INFO - [2025-06-25T22:25:15.705-0400] {dag.py:3954} INFO - Setting next_dagrun for example_branch_labels to 2025-06-25 00:00:00+00:00, run_after=2025-06-26 00:00:00+00:00
[2025-06-25T22:25:15.713-0400] {processor.py:183} INFO - Processing /opt/anaconda3/envs/airflow_env/lib/python3.10/site-packages/airflow/example_dags/example_branch_labels.py took 0.067 seconds
[2025-06-25T22:25:59.816-0400] {processor.py:161} INFO - Started process (PID=75927) to work on /opt/anaconda3/envs/airflow_env/lib/python3.10/site-packages/airflow/example_dags/example_branch_labels.py
[2025-06-25T22:25:59.817-0400] {processor.py:830} INFO - Processing file /opt/anaconda3/envs/airflow_env/lib/python3.10/site-packages/airflow/example_dags/example_branch_labels.py for tasks to queue
[2025-06-25T22:25:59.817-0400] {logging_mixin.py:188} INFO - [2025-06-25T22:25:59.817-0400] {dagbag.py:545} INFO - Filling up the DagBag from /opt/anaconda3/envs/airflow_env/lib/python3.10/site-packages/airflow/example_dags/example_branch_labels.py
[2025-06-25T22:25:59.821-0400] {processor.py:840} INFO - DAG(s) 'example_branch_labels' retrieved from /opt/anaconda3/envs/airflow_env/lib/python3.10/site-packages/airflow/example_dags/example_branch_labels.py
[2025-06-25T22:25:59.853-0400] {logging_mixin.py:188} INFO - [2025-06-25T22:25:59.853-0400] {dag.py:3096} INFO - Sync 1 DAGs
[2025-06-25T22:25:59.859-0400] {logging_mixin.py:188} INFO - [2025-06-25T22:25:59.859-0400] {dag.py:3954} INFO - Setting next_dagrun for example_branch_labels to 2025-06-25 00:00:00+00:00, run_after=2025-06-26 00:00:00+00:00
[2025-06-25T22:25:59.865-0400] {processor.py:183} INFO - Processing /opt/anaconda3/envs/airflow_env/lib/python3.10/site-packages/airflow/example_dags/example_branch_labels.py took 0.051 seconds
[2025-06-25T22:26:57.692-0400] {processor.py:161} INFO - Started process (PID=76016) to work on /opt/anaconda3/envs/airflow_env/lib/python3.10/site-packages/airflow/example_dags/example_branch_labels.py
[2025-06-25T22:26:57.693-0400] {processor.py:830} INFO - Processing file /opt/anaconda3/envs/airflow_env/lib/python3.10/site-packages/airflow/example_dags/example_branch_labels.py for tasks to queue
[2025-06-25T22:26:57.693-0400] {logging_mixin.py:188} INFO - [2025-06-25T22:26:57.693-0400] {dagbag.py:545} INFO - Filling up the DagBag from /opt/anaconda3/envs/airflow_env/lib/python3.10/site-packages/airflow/example_dags/example_branch_labels.py
[2025-06-25T22:26:57.698-0400] {processor.py:840} INFO - DAG(s) 'example_branch_labels' retrieved from /opt/anaconda3/envs/airflow_env/lib/python3.10/site-packages/airflow/example_dags/example_branch_labels.py
[2025-06-25T22:26:57.738-0400] {logging_mixin.py:188} INFO - [2025-06-25T22:26:57.738-0400] {dag.py:3096} INFO - Sync 1 DAGs
[2025-06-25T22:26:57.744-0400] {logging_mixin.py:188} INFO - [2025-06-25T22:26:57.744-0400] {dag.py:3954} INFO - Setting next_dagrun for example_branch_labels to 2025-06-25 00:00:00+00:00, run_after=2025-06-26 00:00:00+00:00
[2025-06-25T22:26:57.751-0400] {processor.py:183} INFO - Processing /opt/anaconda3/envs/airflow_env/lib/python3.10/site-packages/airflow/example_dags/example_branch_labels.py took 0.062 seconds
[2025-06-25T22:27:34.899-0400] {processor.py:161} INFO - Started process (PID=76073) to work on /opt/anaconda3/envs/airflow_env/lib/python3.10/site-packages/airflow/example_dags/example_branch_labels.py
[2025-06-25T22:27:34.900-0400] {processor.py:830} INFO - Processing file /opt/anaconda3/envs/airflow_env/lib/python3.10/site-packages/airflow/example_dags/example_branch_labels.py for tasks to queue
[2025-06-25T22:27:34.900-0400] {logging_mixin.py:188} INFO - [2025-06-25T22:27:34.900-0400] {dagbag.py:545} INFO - Filling up the DagBag from /opt/anaconda3/envs/airflow_env/lib/python3.10/site-packages/airflow/example_dags/example_branch_labels.py
[2025-06-25T22:27:34.903-0400] {processor.py:840} INFO - DAG(s) 'example_branch_labels' retrieved from /opt/anaconda3/envs/airflow_env/lib/python3.10/site-packages/airflow/example_dags/example_branch_labels.py
[2025-06-25T22:27:34.936-0400] {logging_mixin.py:188} INFO - [2025-06-25T22:27:34.936-0400] {dag.py:3096} INFO - Sync 1 DAGs
[2025-06-25T22:27:34.942-0400] {logging_mixin.py:188} INFO - [2025-06-25T22:27:34.941-0400] {dag.py:3954} INFO - Setting next_dagrun for example_branch_labels to 2025-06-25 00:00:00+00:00, run_after=2025-06-26 00:00:00+00:00
[2025-06-25T22:27:34.948-0400] {processor.py:183} INFO - Processing /opt/anaconda3/envs/airflow_env/lib/python3.10/site-packages/airflow/example_dags/example_branch_labels.py took 0.050 seconds
[2025-06-25T22:28:38.914-0400] {processor.py:161} INFO - Started process (PID=76182) to work on /opt/anaconda3/envs/airflow_env/lib/python3.10/site-packages/airflow/example_dags/example_branch_labels.py
[2025-06-25T22:28:38.915-0400] {processor.py:830} INFO - Processing file /opt/anaconda3/envs/airflow_env/lib/python3.10/site-packages/airflow/example_dags/example_branch_labels.py for tasks to queue
[2025-06-25T22:28:38.916-0400] {logging_mixin.py:188} INFO - [2025-06-25T22:28:38.916-0400] {dagbag.py:545} INFO - Filling up the DagBag from /opt/anaconda3/envs/airflow_env/lib/python3.10/site-packages/airflow/example_dags/example_branch_labels.py
[2025-06-25T22:28:38.923-0400] {processor.py:840} INFO - DAG(s) 'example_branch_labels' retrieved from /opt/anaconda3/envs/airflow_env/lib/python3.10/site-packages/airflow/example_dags/example_branch_labels.py
[2025-06-25T22:28:38.973-0400] {logging_mixin.py:188} INFO - [2025-06-25T22:28:38.973-0400] {dag.py:3096} INFO - Sync 1 DAGs
[2025-06-25T22:28:38.979-0400] {logging_mixin.py:188} INFO - [2025-06-25T22:28:38.979-0400] {dag.py:3954} INFO - Setting next_dagrun for example_branch_labels to 2025-06-25 00:00:00+00:00, run_after=2025-06-26 00:00:00+00:00
[2025-06-25T22:28:38.986-0400] {processor.py:183} INFO - Processing /opt/anaconda3/envs/airflow_env/lib/python3.10/site-packages/airflow/example_dags/example_branch_labels.py took 0.075 seconds
[2025-06-25T22:29:18.459-0400] {processor.py:161} INFO - Started process (PID=76258) to work on /opt/anaconda3/envs/airflow_env/lib/python3.10/site-packages/airflow/example_dags/example_branch_labels.py
[2025-06-25T22:29:18.461-0400] {processor.py:830} INFO - Processing file /opt/anaconda3/envs/airflow_env/lib/python3.10/site-packages/airflow/example_dags/example_branch_labels.py for tasks to queue
[2025-06-25T22:29:18.461-0400] {logging_mixin.py:188} INFO - [2025-06-25T22:29:18.461-0400] {dagbag.py:545} INFO - Filling up the DagBag from /opt/anaconda3/envs/airflow_env/lib/python3.10/site-packages/airflow/example_dags/example_branch_labels.py
[2025-06-25T22:29:18.464-0400] {processor.py:840} INFO - DAG(s) 'example_branch_labels' retrieved from /opt/anaconda3/envs/airflow_env/lib/python3.10/site-packages/airflow/example_dags/example_branch_labels.py
[2025-06-25T22:29:18.499-0400] {logging_mixin.py:188} INFO - [2025-06-25T22:29:18.499-0400] {dag.py:3096} INFO - Sync 1 DAGs
[2025-06-25T22:29:18.504-0400] {logging_mixin.py:188} INFO - [2025-06-25T22:29:18.504-0400] {dag.py:3954} INFO - Setting next_dagrun for example_branch_labels to 2025-06-25 00:00:00+00:00, run_after=2025-06-26 00:00:00+00:00
[2025-06-25T22:29:18.511-0400] {processor.py:183} INFO - Processing /opt/anaconda3/envs/airflow_env/lib/python3.10/site-packages/airflow/example_dags/example_branch_labels.py took 0.054 seconds
[2025-06-25T22:30:27.884-0400] {processor.py:161} INFO - Started process (PID=76373) to work on /opt/anaconda3/envs/airflow_env/lib/python3.10/site-packages/airflow/example_dags/example_branch_labels.py
[2025-06-25T22:30:27.885-0400] {processor.py:830} INFO - Processing file /opt/anaconda3/envs/airflow_env/lib/python3.10/site-packages/airflow/example_dags/example_branch_labels.py for tasks to queue
[2025-06-25T22:30:27.885-0400] {logging_mixin.py:188} INFO - [2025-06-25T22:30:27.885-0400] {dagbag.py:545} INFO - Filling up the DagBag from /opt/anaconda3/envs/airflow_env/lib/python3.10/site-packages/airflow/example_dags/example_branch_labels.py
[2025-06-25T22:30:27.888-0400] {processor.py:840} INFO - DAG(s) 'example_branch_labels' retrieved from /opt/anaconda3/envs/airflow_env/lib/python3.10/site-packages/airflow/example_dags/example_branch_labels.py
[2025-06-25T22:30:27.926-0400] {logging_mixin.py:188} INFO - [2025-06-25T22:30:27.926-0400] {dag.py:3096} INFO - Sync 1 DAGs
[2025-06-25T22:30:27.933-0400] {logging_mixin.py:188} INFO - [2025-06-25T22:30:27.932-0400] {dag.py:3954} INFO - Setting next_dagrun for example_branch_labels to 2025-06-25 00:00:00+00:00, run_after=2025-06-26 00:00:00+00:00
[2025-06-25T22:30:27.939-0400] {processor.py:183} INFO - Processing /opt/anaconda3/envs/airflow_env/lib/python3.10/site-packages/airflow/example_dags/example_branch_labels.py took 0.057 seconds
[2025-06-25T22:31:04.353-0400] {processor.py:161} INFO - Started process (PID=76438) to work on /opt/anaconda3/envs/airflow_env/lib/python3.10/site-packages/airflow/example_dags/example_branch_labels.py
[2025-06-25T22:31:04.354-0400] {processor.py:830} INFO - Processing file /opt/anaconda3/envs/airflow_env/lib/python3.10/site-packages/airflow/example_dags/example_branch_labels.py for tasks to queue
[2025-06-25T22:31:04.354-0400] {logging_mixin.py:188} INFO - [2025-06-25T22:31:04.354-0400] {dagbag.py:545} INFO - Filling up the DagBag from /opt/anaconda3/envs/airflow_env/lib/python3.10/site-packages/airflow/example_dags/example_branch_labels.py
[2025-06-25T22:31:04.357-0400] {processor.py:840} INFO - DAG(s) 'example_branch_labels' retrieved from /opt/anaconda3/envs/airflow_env/lib/python3.10/site-packages/airflow/example_dags/example_branch_labels.py
[2025-06-25T22:31:04.388-0400] {logging_mixin.py:188} INFO - [2025-06-25T22:31:04.388-0400] {dag.py:3096} INFO - Sync 1 DAGs
[2025-06-25T22:31:04.394-0400] {logging_mixin.py:188} INFO - [2025-06-25T22:31:04.394-0400] {dag.py:3954} INFO - Setting next_dagrun for example_branch_labels to 2025-06-25 00:00:00+00:00, run_after=2025-06-26 00:00:00+00:00
[2025-06-25T22:31:04.400-0400] {processor.py:183} INFO - Processing /opt/anaconda3/envs/airflow_env/lib/python3.10/site-packages/airflow/example_dags/example_branch_labels.py took 0.048 seconds
[2025-06-25T22:32:12.873-0400] {processor.py:161} INFO - Started process (PID=76563) to work on /opt/anaconda3/envs/airflow_env/lib/python3.10/site-packages/airflow/example_dags/example_branch_labels.py
[2025-06-25T22:32:12.874-0400] {processor.py:830} INFO - Processing file /opt/anaconda3/envs/airflow_env/lib/python3.10/site-packages/airflow/example_dags/example_branch_labels.py for tasks to queue
[2025-06-25T22:32:12.874-0400] {logging_mixin.py:188} INFO - [2025-06-25T22:32:12.874-0400] {dagbag.py:545} INFO - Filling up the DagBag from /opt/anaconda3/envs/airflow_env/lib/python3.10/site-packages/airflow/example_dags/example_branch_labels.py
[2025-06-25T22:32:12.877-0400] {processor.py:840} INFO - DAG(s) 'example_branch_labels' retrieved from /opt/anaconda3/envs/airflow_env/lib/python3.10/site-packages/airflow/example_dags/example_branch_labels.py
[2025-06-25T22:32:12.909-0400] {logging_mixin.py:188} INFO - [2025-06-25T22:32:12.909-0400] {dag.py:3096} INFO - Sync 1 DAGs
[2025-06-25T22:32:12.915-0400] {logging_mixin.py:188} INFO - [2025-06-25T22:32:12.915-0400] {dag.py:3954} INFO - Setting next_dagrun for example_branch_labels to 2025-06-25 00:00:00+00:00, run_after=2025-06-26 00:00:00+00:00
[2025-06-25T22:32:12.921-0400] {processor.py:183} INFO - Processing /opt/anaconda3/envs/airflow_env/lib/python3.10/site-packages/airflow/example_dags/example_branch_labels.py took 0.049 seconds
