[2025-06-25T20:00:05.978-0400] {processor.py:161} INFO - Started process (PID=54222) to work on /opt/anaconda3/envs/airflow_env/lib/python3.10/site-packages/airflow/example_dags/example_dag_decorator.py
[2025-06-25T20:00:05.979-0400] {processor.py:830} INFO - Processing file /opt/anaconda3/envs/airflow_env/lib/python3.10/site-packages/airflow/example_dags/example_dag_decorator.py for tasks to queue
[2025-06-25T20:00:05.979-0400] {logging_mixin.py:188} INFO - [2025-06-25T20:00:05.979-0400] {dagbag.py:545} INFO - Filling up the DagBag from /opt/anaconda3/envs/airflow_env/lib/python3.10/site-packages/airflow/example_dags/example_dag_decorator.py
[2025-06-25T20:00:06.056-0400] {processor.py:840} INFO - DAG(s) 'example_dag_decorator' retrieved from /opt/anaconda3/envs/airflow_env/lib/python3.10/site-packages/airflow/example_dags/example_dag_decorator.py
[2025-06-25T20:00:06.130-0400] {logging_mixin.py:188} INFO - [2025-06-25T20:00:06.130-0400] {dag.py:3096} INFO - Sync 1 DAGs
[2025-06-25T20:00:06.133-0400] {logging_mixin.py:188} INFO - [2025-06-25T20:00:06.133-0400] {dag.py:3954} INFO - Setting next_dagrun for example_dag_decorator to None, run_after=None
[2025-06-25T20:00:06.141-0400] {processor.py:183} INFO - Processing /opt/anaconda3/envs/airflow_env/lib/python3.10/site-packages/airflow/example_dags/example_dag_decorator.py took 0.164 seconds
[2025-06-25T20:01:53.971-0400] {processor.py:161} INFO - Started process (PID=59160) to work on /opt/anaconda3/envs/airflow_env/lib/python3.10/site-packages/airflow/example_dags/example_dag_decorator.py
[2025-06-25T20:01:53.972-0400] {processor.py:830} INFO - Processing file /opt/anaconda3/envs/airflow_env/lib/python3.10/site-packages/airflow/example_dags/example_dag_decorator.py for tasks to queue
[2025-06-25T20:01:53.972-0400] {logging_mixin.py:188} INFO - [2025-06-25T20:01:53.972-0400] {dagbag.py:545} INFO - Filling up the DagBag from /opt/anaconda3/envs/airflow_env/lib/python3.10/site-packages/airflow/example_dags/example_dag_decorator.py
[2025-06-25T20:01:54.072-0400] {processor.py:840} INFO - DAG(s) 'example_dag_decorator' retrieved from /opt/anaconda3/envs/airflow_env/lib/python3.10/site-packages/airflow/example_dags/example_dag_decorator.py
[2025-06-25T20:01:54.144-0400] {logging_mixin.py:188} INFO - [2025-06-25T20:01:54.144-0400] {dag.py:3096} INFO - Sync 1 DAGs
[2025-06-25T20:01:54.148-0400] {logging_mixin.py:188} INFO - [2025-06-25T20:01:54.148-0400] {dag.py:3954} INFO - Setting next_dagrun for example_dag_decorator to None, run_after=None
[2025-06-25T20:01:54.155-0400] {processor.py:183} INFO - Processing /opt/anaconda3/envs/airflow_env/lib/python3.10/site-packages/airflow/example_dags/example_dag_decorator.py took 0.186 seconds
[2025-06-25T20:03:25.612-0400] {processor.py:161} INFO - Started process (PID=60014) to work on /opt/anaconda3/envs/airflow_env/lib/python3.10/site-packages/airflow/example_dags/example_dag_decorator.py
[2025-06-25T20:03:25.613-0400] {processor.py:830} INFO - Processing file /opt/anaconda3/envs/airflow_env/lib/python3.10/site-packages/airflow/example_dags/example_dag_decorator.py for tasks to queue
[2025-06-25T20:03:25.613-0400] {logging_mixin.py:188} INFO - [2025-06-25T20:03:25.613-0400] {dagbag.py:545} INFO - Filling up the DagBag from /opt/anaconda3/envs/airflow_env/lib/python3.10/site-packages/airflow/example_dags/example_dag_decorator.py
[2025-06-25T20:03:25.705-0400] {processor.py:840} INFO - DAG(s) 'example_dag_decorator' retrieved from /opt/anaconda3/envs/airflow_env/lib/python3.10/site-packages/airflow/example_dags/example_dag_decorator.py
[2025-06-25T20:03:25.765-0400] {logging_mixin.py:188} INFO - [2025-06-25T20:03:25.765-0400] {dag.py:3096} INFO - Sync 1 DAGs
[2025-06-25T20:03:25.768-0400] {logging_mixin.py:188} INFO - [2025-06-25T20:03:25.768-0400] {dag.py:3954} INFO - Setting next_dagrun for example_dag_decorator to None, run_after=None
[2025-06-25T20:03:25.775-0400] {processor.py:183} INFO - Processing /opt/anaconda3/envs/airflow_env/lib/python3.10/site-packages/airflow/example_dags/example_dag_decorator.py took 0.165 seconds
[2025-06-25T20:05:00.094-0400] {processor.py:161} INFO - Started process (PID=60642) to work on /opt/anaconda3/envs/airflow_env/lib/python3.10/site-packages/airflow/example_dags/example_dag_decorator.py
[2025-06-25T20:05:00.095-0400] {processor.py:830} INFO - Processing file /opt/anaconda3/envs/airflow_env/lib/python3.10/site-packages/airflow/example_dags/example_dag_decorator.py for tasks to queue
[2025-06-25T20:05:00.096-0400] {logging_mixin.py:188} INFO - [2025-06-25T20:05:00.096-0400] {dagbag.py:545} INFO - Filling up the DagBag from /opt/anaconda3/envs/airflow_env/lib/python3.10/site-packages/airflow/example_dags/example_dag_decorator.py
[2025-06-25T20:05:00.188-0400] {processor.py:840} INFO - DAG(s) 'example_dag_decorator' retrieved from /opt/anaconda3/envs/airflow_env/lib/python3.10/site-packages/airflow/example_dags/example_dag_decorator.py
[2025-06-25T20:05:00.254-0400] {logging_mixin.py:188} INFO - [2025-06-25T20:05:00.254-0400] {dag.py:3096} INFO - Sync 1 DAGs
[2025-06-25T20:05:00.257-0400] {logging_mixin.py:188} INFO - [2025-06-25T20:05:00.257-0400] {dag.py:3954} INFO - Setting next_dagrun for example_dag_decorator to None, run_after=None
[2025-06-25T20:05:00.264-0400] {processor.py:183} INFO - Processing /opt/anaconda3/envs/airflow_env/lib/python3.10/site-packages/airflow/example_dags/example_dag_decorator.py took 0.171 seconds
[2025-06-25T20:06:32.714-0400] {processor.py:161} INFO - Started process (PID=60895) to work on /opt/anaconda3/envs/airflow_env/lib/python3.10/site-packages/airflow/example_dags/example_dag_decorator.py
[2025-06-25T20:06:32.714-0400] {processor.py:830} INFO - Processing file /opt/anaconda3/envs/airflow_env/lib/python3.10/site-packages/airflow/example_dags/example_dag_decorator.py for tasks to queue
[2025-06-25T20:06:32.714-0400] {logging_mixin.py:188} INFO - [2025-06-25T20:06:32.714-0400] {dagbag.py:545} INFO - Filling up the DagBag from /opt/anaconda3/envs/airflow_env/lib/python3.10/site-packages/airflow/example_dags/example_dag_decorator.py
[2025-06-25T20:06:32.798-0400] {processor.py:840} INFO - DAG(s) 'example_dag_decorator' retrieved from /opt/anaconda3/envs/airflow_env/lib/python3.10/site-packages/airflow/example_dags/example_dag_decorator.py
[2025-06-25T20:06:32.863-0400] {logging_mixin.py:188} INFO - [2025-06-25T20:06:32.863-0400] {dag.py:3096} INFO - Sync 1 DAGs
[2025-06-25T20:06:32.867-0400] {logging_mixin.py:188} INFO - [2025-06-25T20:06:32.867-0400] {dag.py:3954} INFO - Setting next_dagrun for example_dag_decorator to None, run_after=None
[2025-06-25T20:06:32.875-0400] {processor.py:183} INFO - Processing /opt/anaconda3/envs/airflow_env/lib/python3.10/site-packages/airflow/example_dags/example_dag_decorator.py took 0.163 seconds
[2025-06-25T20:07:19.951-0400] {processor.py:161} INFO - Started process (PID=61041) to work on /opt/anaconda3/envs/airflow_env/lib/python3.10/site-packages/airflow/example_dags/example_dag_decorator.py
[2025-06-25T20:07:19.951-0400] {processor.py:830} INFO - Processing file /opt/anaconda3/envs/airflow_env/lib/python3.10/site-packages/airflow/example_dags/example_dag_decorator.py for tasks to queue
[2025-06-25T20:07:19.951-0400] {logging_mixin.py:188} INFO - [2025-06-25T20:07:19.951-0400] {dagbag.py:545} INFO - Filling up the DagBag from /opt/anaconda3/envs/airflow_env/lib/python3.10/site-packages/airflow/example_dags/example_dag_decorator.py
[2025-06-25T20:07:20.055-0400] {processor.py:840} INFO - DAG(s) 'example_dag_decorator' retrieved from /opt/anaconda3/envs/airflow_env/lib/python3.10/site-packages/airflow/example_dags/example_dag_decorator.py
[2025-06-25T20:07:20.124-0400] {logging_mixin.py:188} INFO - [2025-06-25T20:07:20.123-0400] {dag.py:3096} INFO - Sync 1 DAGs
[2025-06-25T20:07:20.127-0400] {logging_mixin.py:188} INFO - [2025-06-25T20:07:20.127-0400] {dag.py:3954} INFO - Setting next_dagrun for example_dag_decorator to None, run_after=None
[2025-06-25T20:07:20.135-0400] {processor.py:183} INFO - Processing /opt/anaconda3/envs/airflow_env/lib/python3.10/site-packages/airflow/example_dags/example_dag_decorator.py took 0.186 seconds
[2025-06-25T20:08:41.242-0400] {processor.py:161} INFO - Started process (PID=61268) to work on /opt/anaconda3/envs/airflow_env/lib/python3.10/site-packages/airflow/example_dags/example_dag_decorator.py
[2025-06-25T20:08:41.242-0400] {processor.py:830} INFO - Processing file /opt/anaconda3/envs/airflow_env/lib/python3.10/site-packages/airflow/example_dags/example_dag_decorator.py for tasks to queue
[2025-06-25T20:08:41.243-0400] {logging_mixin.py:188} INFO - [2025-06-25T20:08:41.242-0400] {dagbag.py:545} INFO - Filling up the DagBag from /opt/anaconda3/envs/airflow_env/lib/python3.10/site-packages/airflow/example_dags/example_dag_decorator.py
[2025-06-25T20:08:41.318-0400] {processor.py:840} INFO - DAG(s) 'example_dag_decorator' retrieved from /opt/anaconda3/envs/airflow_env/lib/python3.10/site-packages/airflow/example_dags/example_dag_decorator.py
[2025-06-25T20:08:41.382-0400] {logging_mixin.py:188} INFO - [2025-06-25T20:08:41.382-0400] {dag.py:3096} INFO - Sync 1 DAGs
[2025-06-25T20:08:41.385-0400] {logging_mixin.py:188} INFO - [2025-06-25T20:08:41.385-0400] {dag.py:3954} INFO - Setting next_dagrun for example_dag_decorator to None, run_after=None
[2025-06-25T20:08:41.393-0400] {processor.py:183} INFO - Processing /opt/anaconda3/envs/airflow_env/lib/python3.10/site-packages/airflow/example_dags/example_dag_decorator.py took 0.153 seconds
[2025-06-25T20:09:36.556-0400] {processor.py:161} INFO - Started process (PID=61403) to work on /opt/anaconda3/envs/airflow_env/lib/python3.10/site-packages/airflow/example_dags/example_dag_decorator.py
[2025-06-25T20:09:36.556-0400] {processor.py:830} INFO - Processing file /opt/anaconda3/envs/airflow_env/lib/python3.10/site-packages/airflow/example_dags/example_dag_decorator.py for tasks to queue
[2025-06-25T20:09:36.557-0400] {logging_mixin.py:188} INFO - [2025-06-25T20:09:36.557-0400] {dagbag.py:545} INFO - Filling up the DagBag from /opt/anaconda3/envs/airflow_env/lib/python3.10/site-packages/airflow/example_dags/example_dag_decorator.py
[2025-06-25T20:09:36.633-0400] {processor.py:840} INFO - DAG(s) 'example_dag_decorator' retrieved from /opt/anaconda3/envs/airflow_env/lib/python3.10/site-packages/airflow/example_dags/example_dag_decorator.py
[2025-06-25T20:09:36.697-0400] {logging_mixin.py:188} INFO - [2025-06-25T20:09:36.697-0400] {dag.py:3096} INFO - Sync 1 DAGs
[2025-06-25T20:09:36.700-0400] {logging_mixin.py:188} INFO - [2025-06-25T20:09:36.700-0400] {dag.py:3954} INFO - Setting next_dagrun for example_dag_decorator to None, run_after=None
[2025-06-25T20:09:36.708-0400] {processor.py:183} INFO - Processing /opt/anaconda3/envs/airflow_env/lib/python3.10/site-packages/airflow/example_dags/example_dag_decorator.py took 0.154 seconds
[2025-06-25T20:10:44.836-0400] {processor.py:161} INFO - Started process (PID=61543) to work on /opt/anaconda3/envs/airflow_env/lib/python3.10/site-packages/airflow/example_dags/example_dag_decorator.py
[2025-06-25T20:10:44.836-0400] {processor.py:830} INFO - Processing file /opt/anaconda3/envs/airflow_env/lib/python3.10/site-packages/airflow/example_dags/example_dag_decorator.py for tasks to queue
[2025-06-25T20:10:44.837-0400] {logging_mixin.py:188} INFO - [2025-06-25T20:10:44.836-0400] {dagbag.py:545} INFO - Filling up the DagBag from /opt/anaconda3/envs/airflow_env/lib/python3.10/site-packages/airflow/example_dags/example_dag_decorator.py
[2025-06-25T20:10:44.938-0400] {processor.py:840} INFO - DAG(s) 'example_dag_decorator' retrieved from /opt/anaconda3/envs/airflow_env/lib/python3.10/site-packages/airflow/example_dags/example_dag_decorator.py
[2025-06-25T20:10:45.015-0400] {logging_mixin.py:188} INFO - [2025-06-25T20:10:45.015-0400] {dag.py:3096} INFO - Sync 1 DAGs
[2025-06-25T20:10:45.019-0400] {logging_mixin.py:188} INFO - [2025-06-25T20:10:45.019-0400] {dag.py:3954} INFO - Setting next_dagrun for example_dag_decorator to None, run_after=None
[2025-06-25T20:10:45.027-0400] {processor.py:183} INFO - Processing /opt/anaconda3/envs/airflow_env/lib/python3.10/site-packages/airflow/example_dags/example_dag_decorator.py took 0.194 seconds
[2025-06-25T20:11:24.909-0400] {processor.py:161} INFO - Started process (PID=61624) to work on /opt/anaconda3/envs/airflow_env/lib/python3.10/site-packages/airflow/example_dags/example_dag_decorator.py
[2025-06-25T20:11:24.910-0400] {processor.py:830} INFO - Processing file /opt/anaconda3/envs/airflow_env/lib/python3.10/site-packages/airflow/example_dags/example_dag_decorator.py for tasks to queue
[2025-06-25T20:11:24.910-0400] {logging_mixin.py:188} INFO - [2025-06-25T20:11:24.910-0400] {dagbag.py:545} INFO - Filling up the DagBag from /opt/anaconda3/envs/airflow_env/lib/python3.10/site-packages/airflow/example_dags/example_dag_decorator.py
[2025-06-25T20:11:25.012-0400] {processor.py:840} INFO - DAG(s) 'example_dag_decorator' retrieved from /opt/anaconda3/envs/airflow_env/lib/python3.10/site-packages/airflow/example_dags/example_dag_decorator.py
[2025-06-25T20:11:25.083-0400] {logging_mixin.py:188} INFO - [2025-06-25T20:11:25.083-0400] {dag.py:3096} INFO - Sync 1 DAGs
[2025-06-25T20:11:25.086-0400] {logging_mixin.py:188} INFO - [2025-06-25T20:11:25.086-0400] {dag.py:3954} INFO - Setting next_dagrun for example_dag_decorator to None, run_after=None
[2025-06-25T20:11:25.094-0400] {processor.py:183} INFO - Processing /opt/anaconda3/envs/airflow_env/lib/python3.10/site-packages/airflow/example_dags/example_dag_decorator.py took 0.187 seconds
[2025-06-25T20:12:42.991-0400] {processor.py:161} INFO - Started process (PID=61811) to work on /opt/anaconda3/envs/airflow_env/lib/python3.10/site-packages/airflow/example_dags/example_dag_decorator.py
[2025-06-25T20:12:42.991-0400] {processor.py:830} INFO - Processing file /opt/anaconda3/envs/airflow_env/lib/python3.10/site-packages/airflow/example_dags/example_dag_decorator.py for tasks to queue
[2025-06-25T20:12:42.992-0400] {logging_mixin.py:188} INFO - [2025-06-25T20:12:42.992-0400] {dagbag.py:545} INFO - Filling up the DagBag from /opt/anaconda3/envs/airflow_env/lib/python3.10/site-packages/airflow/example_dags/example_dag_decorator.py
[2025-06-25T20:12:43.068-0400] {processor.py:840} INFO - DAG(s) 'example_dag_decorator' retrieved from /opt/anaconda3/envs/airflow_env/lib/python3.10/site-packages/airflow/example_dags/example_dag_decorator.py
[2025-06-25T20:12:43.137-0400] {logging_mixin.py:188} INFO - [2025-06-25T20:12:43.136-0400] {dag.py:3096} INFO - Sync 1 DAGs
[2025-06-25T20:12:43.140-0400] {logging_mixin.py:188} INFO - [2025-06-25T20:12:43.140-0400] {dag.py:3954} INFO - Setting next_dagrun for example_dag_decorator to None, run_after=None
[2025-06-25T20:12:43.147-0400] {processor.py:183} INFO - Processing /opt/anaconda3/envs/airflow_env/lib/python3.10/site-packages/airflow/example_dags/example_dag_decorator.py took 0.158 seconds
[2025-06-25T20:13:11.257-0400] {processor.py:161} INFO - Started process (PID=61862) to work on /opt/anaconda3/envs/airflow_env/lib/python3.10/site-packages/airflow/example_dags/example_dag_decorator.py
[2025-06-25T20:13:11.257-0400] {processor.py:830} INFO - Processing file /opt/anaconda3/envs/airflow_env/lib/python3.10/site-packages/airflow/example_dags/example_dag_decorator.py for tasks to queue
[2025-06-25T20:13:11.257-0400] {logging_mixin.py:188} INFO - [2025-06-25T20:13:11.257-0400] {dagbag.py:545} INFO - Filling up the DagBag from /opt/anaconda3/envs/airflow_env/lib/python3.10/site-packages/airflow/example_dags/example_dag_decorator.py
[2025-06-25T20:13:11.329-0400] {processor.py:840} INFO - DAG(s) 'example_dag_decorator' retrieved from /opt/anaconda3/envs/airflow_env/lib/python3.10/site-packages/airflow/example_dags/example_dag_decorator.py
[2025-06-25T20:13:11.333-0400] {logging_mixin.py:188} INFO - [2025-06-25T20:13:11.333-0400] {dag.py:3096} INFO - Sync 1 DAGs
[2025-06-25T20:13:11.361-0400] {logging_mixin.py:188} INFO - [2025-06-25T20:13:11.361-0400] {dag.py:3954} INFO - Setting next_dagrun for example_dag_decorator to None, run_after=None
[2025-06-25T20:13:11.367-0400] {processor.py:183} INFO - Processing /opt/anaconda3/envs/airflow_env/lib/python3.10/site-packages/airflow/example_dags/example_dag_decorator.py took 0.113 seconds
[2025-06-25T20:14:23.847-0400] {processor.py:161} INFO - Started process (PID=61966) to work on /opt/anaconda3/envs/airflow_env/lib/python3.10/site-packages/airflow/example_dags/example_dag_decorator.py
[2025-06-25T20:14:23.847-0400] {processor.py:830} INFO - Processing file /opt/anaconda3/envs/airflow_env/lib/python3.10/site-packages/airflow/example_dags/example_dag_decorator.py for tasks to queue
[2025-06-25T20:14:23.847-0400] {logging_mixin.py:188} INFO - [2025-06-25T20:14:23.847-0400] {dagbag.py:545} INFO - Filling up the DagBag from /opt/anaconda3/envs/airflow_env/lib/python3.10/site-packages/airflow/example_dags/example_dag_decorator.py
[2025-06-25T20:14:23.935-0400] {processor.py:840} INFO - DAG(s) 'example_dag_decorator' retrieved from /opt/anaconda3/envs/airflow_env/lib/python3.10/site-packages/airflow/example_dags/example_dag_decorator.py
[2025-06-25T20:14:23.999-0400] {logging_mixin.py:188} INFO - [2025-06-25T20:14:23.998-0400] {dag.py:3096} INFO - Sync 1 DAGs
[2025-06-25T20:14:24.002-0400] {logging_mixin.py:188} INFO - [2025-06-25T20:14:24.002-0400] {dag.py:3954} INFO - Setting next_dagrun for example_dag_decorator to None, run_after=None
[2025-06-25T20:14:24.009-0400] {processor.py:183} INFO - Processing /opt/anaconda3/envs/airflow_env/lib/python3.10/site-packages/airflow/example_dags/example_dag_decorator.py took 0.165 seconds
[2025-06-25T20:14:49.025-0400] {processor.py:161} INFO - Started process (PID=62009) to work on /opt/anaconda3/envs/airflow_env/lib/python3.10/site-packages/airflow/example_dags/example_dag_decorator.py
[2025-06-25T20:14:49.025-0400] {processor.py:830} INFO - Processing file /opt/anaconda3/envs/airflow_env/lib/python3.10/site-packages/airflow/example_dags/example_dag_decorator.py for tasks to queue
[2025-06-25T20:14:49.026-0400] {logging_mixin.py:188} INFO - [2025-06-25T20:14:49.026-0400] {dagbag.py:545} INFO - Filling up the DagBag from /opt/anaconda3/envs/airflow_env/lib/python3.10/site-packages/airflow/example_dags/example_dag_decorator.py
[2025-06-25T20:14:49.097-0400] {processor.py:840} INFO - DAG(s) 'example_dag_decorator' retrieved from /opt/anaconda3/envs/airflow_env/lib/python3.10/site-packages/airflow/example_dags/example_dag_decorator.py
[2025-06-25T20:14:49.100-0400] {logging_mixin.py:188} INFO - [2025-06-25T20:14:49.100-0400] {dag.py:3096} INFO - Sync 1 DAGs
[2025-06-25T20:14:49.129-0400] {logging_mixin.py:188} INFO - [2025-06-25T20:14:49.129-0400] {dag.py:3954} INFO - Setting next_dagrun for example_dag_decorator to None, run_after=None
[2025-06-25T20:14:49.135-0400] {processor.py:183} INFO - Processing /opt/anaconda3/envs/airflow_env/lib/python3.10/site-packages/airflow/example_dags/example_dag_decorator.py took 0.112 seconds
[2025-06-25T20:16:02.010-0400] {processor.py:161} INFO - Started process (PID=62121) to work on /opt/anaconda3/envs/airflow_env/lib/python3.10/site-packages/airflow/example_dags/example_dag_decorator.py
[2025-06-25T20:16:02.010-0400] {processor.py:830} INFO - Processing file /opt/anaconda3/envs/airflow_env/lib/python3.10/site-packages/airflow/example_dags/example_dag_decorator.py for tasks to queue
[2025-06-25T20:16:02.011-0400] {logging_mixin.py:188} INFO - [2025-06-25T20:16:02.010-0400] {dagbag.py:545} INFO - Filling up the DagBag from /opt/anaconda3/envs/airflow_env/lib/python3.10/site-packages/airflow/example_dags/example_dag_decorator.py
[2025-06-25T20:16:02.090-0400] {processor.py:840} INFO - DAG(s) 'example_dag_decorator' retrieved from /opt/anaconda3/envs/airflow_env/lib/python3.10/site-packages/airflow/example_dags/example_dag_decorator.py
[2025-06-25T20:16:02.159-0400] {logging_mixin.py:188} INFO - [2025-06-25T20:16:02.158-0400] {dag.py:3096} INFO - Sync 1 DAGs
[2025-06-25T20:16:02.162-0400] {logging_mixin.py:188} INFO - [2025-06-25T20:16:02.162-0400] {dag.py:3954} INFO - Setting next_dagrun for example_dag_decorator to None, run_after=None
[2025-06-25T20:16:02.170-0400] {processor.py:183} INFO - Processing /opt/anaconda3/envs/airflow_env/lib/python3.10/site-packages/airflow/example_dags/example_dag_decorator.py took 0.162 seconds
[2025-06-25T20:16:23.824-0400] {processor.py:161} INFO - Started process (PID=62171) to work on /opt/anaconda3/envs/airflow_env/lib/python3.10/site-packages/airflow/example_dags/example_dag_decorator.py
[2025-06-25T20:16:23.825-0400] {processor.py:830} INFO - Processing file /opt/anaconda3/envs/airflow_env/lib/python3.10/site-packages/airflow/example_dags/example_dag_decorator.py for tasks to queue
[2025-06-25T20:16:23.825-0400] {logging_mixin.py:188} INFO - [2025-06-25T20:16:23.825-0400] {dagbag.py:545} INFO - Filling up the DagBag from /opt/anaconda3/envs/airflow_env/lib/python3.10/site-packages/airflow/example_dags/example_dag_decorator.py
[2025-06-25T20:16:23.898-0400] {processor.py:840} INFO - DAG(s) 'example_dag_decorator' retrieved from /opt/anaconda3/envs/airflow_env/lib/python3.10/site-packages/airflow/example_dags/example_dag_decorator.py
[2025-06-25T20:16:23.902-0400] {logging_mixin.py:188} INFO - [2025-06-25T20:16:23.901-0400] {dag.py:3096} INFO - Sync 1 DAGs
[2025-06-25T20:16:23.929-0400] {logging_mixin.py:188} INFO - [2025-06-25T20:16:23.929-0400] {dag.py:3954} INFO - Setting next_dagrun for example_dag_decorator to None, run_after=None
[2025-06-25T20:16:23.936-0400] {processor.py:183} INFO - Processing /opt/anaconda3/envs/airflow_env/lib/python3.10/site-packages/airflow/example_dags/example_dag_decorator.py took 0.113 seconds
[2025-06-25T20:17:37.686-0400] {processor.py:161} INFO - Started process (PID=62275) to work on /opt/anaconda3/envs/airflow_env/lib/python3.10/site-packages/airflow/example_dags/example_dag_decorator.py
[2025-06-25T20:17:37.686-0400] {processor.py:830} INFO - Processing file /opt/anaconda3/envs/airflow_env/lib/python3.10/site-packages/airflow/example_dags/example_dag_decorator.py for tasks to queue
[2025-06-25T20:17:37.687-0400] {logging_mixin.py:188} INFO - [2025-06-25T20:17:37.687-0400] {dagbag.py:545} INFO - Filling up the DagBag from /opt/anaconda3/envs/airflow_env/lib/python3.10/site-packages/airflow/example_dags/example_dag_decorator.py
[2025-06-25T20:17:37.769-0400] {processor.py:840} INFO - DAG(s) 'example_dag_decorator' retrieved from /opt/anaconda3/envs/airflow_env/lib/python3.10/site-packages/airflow/example_dags/example_dag_decorator.py
[2025-06-25T20:17:37.829-0400] {logging_mixin.py:188} INFO - [2025-06-25T20:17:37.829-0400] {dag.py:3096} INFO - Sync 1 DAGs
[2025-06-25T20:17:37.832-0400] {logging_mixin.py:188} INFO - [2025-06-25T20:17:37.832-0400] {dag.py:3954} INFO - Setting next_dagrun for example_dag_decorator to None, run_after=None
[2025-06-25T20:17:37.840-0400] {processor.py:183} INFO - Processing /opt/anaconda3/envs/airflow_env/lib/python3.10/site-packages/airflow/example_dags/example_dag_decorator.py took 0.155 seconds
[2025-06-25T20:18:02.432-0400] {processor.py:161} INFO - Started process (PID=62314) to work on /opt/anaconda3/envs/airflow_env/lib/python3.10/site-packages/airflow/example_dags/example_dag_decorator.py
[2025-06-25T20:18:02.432-0400] {processor.py:830} INFO - Processing file /opt/anaconda3/envs/airflow_env/lib/python3.10/site-packages/airflow/example_dags/example_dag_decorator.py for tasks to queue
[2025-06-25T20:18:02.432-0400] {logging_mixin.py:188} INFO - [2025-06-25T20:18:02.432-0400] {dagbag.py:545} INFO - Filling up the DagBag from /opt/anaconda3/envs/airflow_env/lib/python3.10/site-packages/airflow/example_dags/example_dag_decorator.py
[2025-06-25T20:18:02.505-0400] {processor.py:840} INFO - DAG(s) 'example_dag_decorator' retrieved from /opt/anaconda3/envs/airflow_env/lib/python3.10/site-packages/airflow/example_dags/example_dag_decorator.py
[2025-06-25T20:18:02.509-0400] {logging_mixin.py:188} INFO - [2025-06-25T20:18:02.509-0400] {dag.py:3096} INFO - Sync 1 DAGs
[2025-06-25T20:18:02.536-0400] {logging_mixin.py:188} INFO - [2025-06-25T20:18:02.536-0400] {dag.py:3954} INFO - Setting next_dagrun for example_dag_decorator to None, run_after=None
[2025-06-25T20:18:02.542-0400] {processor.py:183} INFO - Processing /opt/anaconda3/envs/airflow_env/lib/python3.10/site-packages/airflow/example_dags/example_dag_decorator.py took 0.112 seconds
[2025-06-25T20:19:49.448-0400] {processor.py:161} INFO - Started process (PID=62526) to work on /opt/anaconda3/envs/airflow_env/lib/python3.10/site-packages/airflow/example_dags/example_dag_decorator.py
[2025-06-25T20:19:49.448-0400] {processor.py:830} INFO - Processing file /opt/anaconda3/envs/airflow_env/lib/python3.10/site-packages/airflow/example_dags/example_dag_decorator.py for tasks to queue
[2025-06-25T20:19:49.448-0400] {logging_mixin.py:188} INFO - [2025-06-25T20:19:49.448-0400] {dagbag.py:545} INFO - Filling up the DagBag from /opt/anaconda3/envs/airflow_env/lib/python3.10/site-packages/airflow/example_dags/example_dag_decorator.py
[2025-06-25T20:19:49.523-0400] {processor.py:840} INFO - DAG(s) 'example_dag_decorator' retrieved from /opt/anaconda3/envs/airflow_env/lib/python3.10/site-packages/airflow/example_dags/example_dag_decorator.py
[2025-06-25T20:19:49.588-0400] {logging_mixin.py:188} INFO - [2025-06-25T20:19:49.588-0400] {dag.py:3096} INFO - Sync 1 DAGs
[2025-06-25T20:19:49.591-0400] {logging_mixin.py:188} INFO - [2025-06-25T20:19:49.591-0400] {dag.py:3954} INFO - Setting next_dagrun for example_dag_decorator to None, run_after=None
[2025-06-25T20:19:49.598-0400] {processor.py:183} INFO - Processing /opt/anaconda3/envs/airflow_env/lib/python3.10/site-packages/airflow/example_dags/example_dag_decorator.py took 0.152 seconds
[2025-06-25T20:20:22.348-0400] {processor.py:161} INFO - Started process (PID=62603) to work on /opt/anaconda3/envs/airflow_env/lib/python3.10/site-packages/airflow/example_dags/example_dag_decorator.py
[2025-06-25T20:20:22.348-0400] {processor.py:830} INFO - Processing file /opt/anaconda3/envs/airflow_env/lib/python3.10/site-packages/airflow/example_dags/example_dag_decorator.py for tasks to queue
[2025-06-25T20:20:22.349-0400] {logging_mixin.py:188} INFO - [2025-06-25T20:20:22.349-0400] {dagbag.py:545} INFO - Filling up the DagBag from /opt/anaconda3/envs/airflow_env/lib/python3.10/site-packages/airflow/example_dags/example_dag_decorator.py
[2025-06-25T20:20:22.432-0400] {processor.py:840} INFO - DAG(s) 'example_dag_decorator' retrieved from /opt/anaconda3/envs/airflow_env/lib/python3.10/site-packages/airflow/example_dags/example_dag_decorator.py
[2025-06-25T20:20:22.496-0400] {logging_mixin.py:188} INFO - [2025-06-25T20:20:22.496-0400] {dag.py:3096} INFO - Sync 1 DAGs
[2025-06-25T20:20:22.500-0400] {logging_mixin.py:188} INFO - [2025-06-25T20:20:22.500-0400] {dag.py:3954} INFO - Setting next_dagrun for example_dag_decorator to None, run_after=None
[2025-06-25T20:20:22.508-0400] {processor.py:183} INFO - Processing /opt/anaconda3/envs/airflow_env/lib/python3.10/site-packages/airflow/example_dags/example_dag_decorator.py took 0.162 seconds
[2025-06-25T20:21:28.265-0400] {processor.py:161} INFO - Started process (PID=62697) to work on /opt/anaconda3/envs/airflow_env/lib/python3.10/site-packages/airflow/example_dags/example_dag_decorator.py
[2025-06-25T20:21:28.266-0400] {processor.py:830} INFO - Processing file /opt/anaconda3/envs/airflow_env/lib/python3.10/site-packages/airflow/example_dags/example_dag_decorator.py for tasks to queue
[2025-06-25T20:21:28.266-0400] {logging_mixin.py:188} INFO - [2025-06-25T20:21:28.266-0400] {dagbag.py:545} INFO - Filling up the DagBag from /opt/anaconda3/envs/airflow_env/lib/python3.10/site-packages/airflow/example_dags/example_dag_decorator.py
[2025-06-25T20:21:28.339-0400] {processor.py:840} INFO - DAG(s) 'example_dag_decorator' retrieved from /opt/anaconda3/envs/airflow_env/lib/python3.10/site-packages/airflow/example_dags/example_dag_decorator.py
[2025-06-25T20:21:28.397-0400] {logging_mixin.py:188} INFO - [2025-06-25T20:21:28.397-0400] {dag.py:3096} INFO - Sync 1 DAGs
[2025-06-25T20:21:28.400-0400] {logging_mixin.py:188} INFO - [2025-06-25T20:21:28.400-0400] {dag.py:3954} INFO - Setting next_dagrun for example_dag_decorator to None, run_after=None
[2025-06-25T20:21:28.407-0400] {processor.py:183} INFO - Processing /opt/anaconda3/envs/airflow_env/lib/python3.10/site-packages/airflow/example_dags/example_dag_decorator.py took 0.144 seconds
[2025-06-25T20:21:59.877-0400] {processor.py:161} INFO - Started process (PID=62743) to work on /opt/anaconda3/envs/airflow_env/lib/python3.10/site-packages/airflow/example_dags/example_dag_decorator.py
[2025-06-25T20:21:59.877-0400] {processor.py:830} INFO - Processing file /opt/anaconda3/envs/airflow_env/lib/python3.10/site-packages/airflow/example_dags/example_dag_decorator.py for tasks to queue
[2025-06-25T20:21:59.877-0400] {logging_mixin.py:188} INFO - [2025-06-25T20:21:59.877-0400] {dagbag.py:545} INFO - Filling up the DagBag from /opt/anaconda3/envs/airflow_env/lib/python3.10/site-packages/airflow/example_dags/example_dag_decorator.py
[2025-06-25T20:21:59.954-0400] {processor.py:840} INFO - DAG(s) 'example_dag_decorator' retrieved from /opt/anaconda3/envs/airflow_env/lib/python3.10/site-packages/airflow/example_dags/example_dag_decorator.py
[2025-06-25T20:22:00.015-0400] {logging_mixin.py:188} INFO - [2025-06-25T20:22:00.015-0400] {dag.py:3096} INFO - Sync 1 DAGs
[2025-06-25T20:22:00.018-0400] {logging_mixin.py:188} INFO - [2025-06-25T20:22:00.018-0400] {dag.py:3954} INFO - Setting next_dagrun for example_dag_decorator to None, run_after=None
[2025-06-25T20:22:00.026-0400] {processor.py:183} INFO - Processing /opt/anaconda3/envs/airflow_env/lib/python3.10/site-packages/airflow/example_dags/example_dag_decorator.py took 0.151 seconds
[2025-06-25T20:23:05.138-0400] {processor.py:161} INFO - Started process (PID=62890) to work on /opt/anaconda3/envs/airflow_env/lib/python3.10/site-packages/airflow/example_dags/example_dag_decorator.py
[2025-06-25T20:23:05.138-0400] {processor.py:830} INFO - Processing file /opt/anaconda3/envs/airflow_env/lib/python3.10/site-packages/airflow/example_dags/example_dag_decorator.py for tasks to queue
[2025-06-25T20:23:05.139-0400] {logging_mixin.py:188} INFO - [2025-06-25T20:23:05.138-0400] {dagbag.py:545} INFO - Filling up the DagBag from /opt/anaconda3/envs/airflow_env/lib/python3.10/site-packages/airflow/example_dags/example_dag_decorator.py
[2025-06-25T20:23:05.243-0400] {processor.py:840} INFO - DAG(s) 'example_dag_decorator' retrieved from /opt/anaconda3/envs/airflow_env/lib/python3.10/site-packages/airflow/example_dags/example_dag_decorator.py
[2025-06-25T20:23:05.311-0400] {logging_mixin.py:188} INFO - [2025-06-25T20:23:05.311-0400] {dag.py:3096} INFO - Sync 1 DAGs
[2025-06-25T20:23:05.314-0400] {logging_mixin.py:188} INFO - [2025-06-25T20:23:05.314-0400] {dag.py:3954} INFO - Setting next_dagrun for example_dag_decorator to None, run_after=None
[2025-06-25T20:23:05.323-0400] {processor.py:183} INFO - Processing /opt/anaconda3/envs/airflow_env/lib/python3.10/site-packages/airflow/example_dags/example_dag_decorator.py took 0.187 seconds
[2025-06-25T20:23:38.034-0400] {processor.py:161} INFO - Started process (PID=62951) to work on /opt/anaconda3/envs/airflow_env/lib/python3.10/site-packages/airflow/example_dags/example_dag_decorator.py
[2025-06-25T20:23:38.035-0400] {processor.py:830} INFO - Processing file /opt/anaconda3/envs/airflow_env/lib/python3.10/site-packages/airflow/example_dags/example_dag_decorator.py for tasks to queue
[2025-06-25T20:23:38.035-0400] {logging_mixin.py:188} INFO - [2025-06-25T20:23:38.035-0400] {dagbag.py:545} INFO - Filling up the DagBag from /opt/anaconda3/envs/airflow_env/lib/python3.10/site-packages/airflow/example_dags/example_dag_decorator.py
[2025-06-25T20:23:38.112-0400] {processor.py:840} INFO - DAG(s) 'example_dag_decorator' retrieved from /opt/anaconda3/envs/airflow_env/lib/python3.10/site-packages/airflow/example_dags/example_dag_decorator.py
[2025-06-25T20:23:38.177-0400] {logging_mixin.py:188} INFO - [2025-06-25T20:23:38.177-0400] {dag.py:3096} INFO - Sync 1 DAGs
[2025-06-25T20:23:38.180-0400] {logging_mixin.py:188} INFO - [2025-06-25T20:23:38.180-0400] {dag.py:3954} INFO - Setting next_dagrun for example_dag_decorator to None, run_after=None
[2025-06-25T20:23:38.188-0400] {processor.py:183} INFO - Processing /opt/anaconda3/envs/airflow_env/lib/python3.10/site-packages/airflow/example_dags/example_dag_decorator.py took 0.155 seconds
[2025-06-25T20:24:50.888-0400] {processor.py:161} INFO - Started process (PID=63089) to work on /opt/anaconda3/envs/airflow_env/lib/python3.10/site-packages/airflow/example_dags/example_dag_decorator.py
[2025-06-25T20:24:50.889-0400] {processor.py:830} INFO - Processing file /opt/anaconda3/envs/airflow_env/lib/python3.10/site-packages/airflow/example_dags/example_dag_decorator.py for tasks to queue
[2025-06-25T20:24:50.889-0400] {logging_mixin.py:188} INFO - [2025-06-25T20:24:50.889-0400] {dagbag.py:545} INFO - Filling up the DagBag from /opt/anaconda3/envs/airflow_env/lib/python3.10/site-packages/airflow/example_dags/example_dag_decorator.py
[2025-06-25T20:24:50.967-0400] {processor.py:840} INFO - DAG(s) 'example_dag_decorator' retrieved from /opt/anaconda3/envs/airflow_env/lib/python3.10/site-packages/airflow/example_dags/example_dag_decorator.py
[2025-06-25T20:24:51.034-0400] {logging_mixin.py:188} INFO - [2025-06-25T20:24:51.033-0400] {dag.py:3096} INFO - Sync 1 DAGs
[2025-06-25T20:24:51.038-0400] {logging_mixin.py:188} INFO - [2025-06-25T20:24:51.038-0400] {dag.py:3954} INFO - Setting next_dagrun for example_dag_decorator to None, run_after=None
[2025-06-25T20:24:51.046-0400] {processor.py:183} INFO - Processing /opt/anaconda3/envs/airflow_env/lib/python3.10/site-packages/airflow/example_dags/example_dag_decorator.py took 0.160 seconds
[2025-06-25T20:25:58.661-0400] {processor.py:161} INFO - Started process (PID=63211) to work on /opt/anaconda3/envs/airflow_env/lib/python3.10/site-packages/airflow/example_dags/example_dag_decorator.py
[2025-06-25T20:25:58.662-0400] {processor.py:830} INFO - Processing file /opt/anaconda3/envs/airflow_env/lib/python3.10/site-packages/airflow/example_dags/example_dag_decorator.py for tasks to queue
[2025-06-25T20:25:58.666-0400] {logging_mixin.py:188} INFO - [2025-06-25T20:25:58.665-0400] {dagbag.py:545} INFO - Filling up the DagBag from /opt/anaconda3/envs/airflow_env/lib/python3.10/site-packages/airflow/example_dags/example_dag_decorator.py
[2025-06-25T20:25:58.752-0400] {processor.py:840} INFO - DAG(s) 'example_dag_decorator' retrieved from /opt/anaconda3/envs/airflow_env/lib/python3.10/site-packages/airflow/example_dags/example_dag_decorator.py
[2025-06-25T20:25:58.813-0400] {logging_mixin.py:188} INFO - [2025-06-25T20:25:58.812-0400] {dag.py:3096} INFO - Sync 1 DAGs
[2025-06-25T20:25:58.816-0400] {logging_mixin.py:188} INFO - [2025-06-25T20:25:58.815-0400] {dag.py:3954} INFO - Setting next_dagrun for example_dag_decorator to None, run_after=None
[2025-06-25T20:25:58.822-0400] {processor.py:183} INFO - Processing /opt/anaconda3/envs/airflow_env/lib/python3.10/site-packages/airflow/example_dags/example_dag_decorator.py took 0.163 seconds
[2025-06-25T20:26:30.964-0400] {processor.py:161} INFO - Started process (PID=63278) to work on /opt/anaconda3/envs/airflow_env/lib/python3.10/site-packages/airflow/example_dags/example_dag_decorator.py
[2025-06-25T20:26:30.964-0400] {processor.py:830} INFO - Processing file /opt/anaconda3/envs/airflow_env/lib/python3.10/site-packages/airflow/example_dags/example_dag_decorator.py for tasks to queue
[2025-06-25T20:26:30.964-0400] {logging_mixin.py:188} INFO - [2025-06-25T20:26:30.964-0400] {dagbag.py:545} INFO - Filling up the DagBag from /opt/anaconda3/envs/airflow_env/lib/python3.10/site-packages/airflow/example_dags/example_dag_decorator.py
[2025-06-25T20:26:31.038-0400] {processor.py:840} INFO - DAG(s) 'example_dag_decorator' retrieved from /opt/anaconda3/envs/airflow_env/lib/python3.10/site-packages/airflow/example_dags/example_dag_decorator.py
[2025-06-25T20:26:31.098-0400] {logging_mixin.py:188} INFO - [2025-06-25T20:26:31.098-0400] {dag.py:3096} INFO - Sync 1 DAGs
[2025-06-25T20:26:31.101-0400] {logging_mixin.py:188} INFO - [2025-06-25T20:26:31.101-0400] {dag.py:3954} INFO - Setting next_dagrun for example_dag_decorator to None, run_after=None
[2025-06-25T20:26:31.110-0400] {processor.py:183} INFO - Processing /opt/anaconda3/envs/airflow_env/lib/python3.10/site-packages/airflow/example_dags/example_dag_decorator.py took 0.148 seconds
[2025-06-25T20:27:35.436-0400] {processor.py:161} INFO - Started process (PID=63402) to work on /opt/anaconda3/envs/airflow_env/lib/python3.10/site-packages/airflow/example_dags/example_dag_decorator.py
[2025-06-25T20:27:35.437-0400] {processor.py:830} INFO - Processing file /opt/anaconda3/envs/airflow_env/lib/python3.10/site-packages/airflow/example_dags/example_dag_decorator.py for tasks to queue
[2025-06-25T20:27:35.437-0400] {logging_mixin.py:188} INFO - [2025-06-25T20:27:35.437-0400] {dagbag.py:545} INFO - Filling up the DagBag from /opt/anaconda3/envs/airflow_env/lib/python3.10/site-packages/airflow/example_dags/example_dag_decorator.py
[2025-06-25T20:27:35.520-0400] {processor.py:840} INFO - DAG(s) 'example_dag_decorator' retrieved from /opt/anaconda3/envs/airflow_env/lib/python3.10/site-packages/airflow/example_dags/example_dag_decorator.py
[2025-06-25T20:27:35.585-0400] {logging_mixin.py:188} INFO - [2025-06-25T20:27:35.585-0400] {dag.py:3096} INFO - Sync 1 DAGs
[2025-06-25T20:27:35.588-0400] {logging_mixin.py:188} INFO - [2025-06-25T20:27:35.588-0400] {dag.py:3954} INFO - Setting next_dagrun for example_dag_decorator to None, run_after=None
[2025-06-25T20:27:35.596-0400] {processor.py:183} INFO - Processing /opt/anaconda3/envs/airflow_env/lib/python3.10/site-packages/airflow/example_dags/example_dag_decorator.py took 0.162 seconds
[2025-06-25T20:28:07.943-0400] {processor.py:161} INFO - Started process (PID=63468) to work on /opt/anaconda3/envs/airflow_env/lib/python3.10/site-packages/airflow/example_dags/example_dag_decorator.py
[2025-06-25T20:28:07.943-0400] {processor.py:830} INFO - Processing file /opt/anaconda3/envs/airflow_env/lib/python3.10/site-packages/airflow/example_dags/example_dag_decorator.py for tasks to queue
[2025-06-25T20:28:07.943-0400] {logging_mixin.py:188} INFO - [2025-06-25T20:28:07.943-0400] {dagbag.py:545} INFO - Filling up the DagBag from /opt/anaconda3/envs/airflow_env/lib/python3.10/site-packages/airflow/example_dags/example_dag_decorator.py
[2025-06-25T20:28:08.021-0400] {processor.py:840} INFO - DAG(s) 'example_dag_decorator' retrieved from /opt/anaconda3/envs/airflow_env/lib/python3.10/site-packages/airflow/example_dags/example_dag_decorator.py
[2025-06-25T20:28:08.082-0400] {logging_mixin.py:188} INFO - [2025-06-25T20:28:08.081-0400] {dag.py:3096} INFO - Sync 1 DAGs
[2025-06-25T20:28:08.085-0400] {logging_mixin.py:188} INFO - [2025-06-25T20:28:08.085-0400] {dag.py:3954} INFO - Setting next_dagrun for example_dag_decorator to None, run_after=None
[2025-06-25T20:28:08.092-0400] {processor.py:183} INFO - Processing /opt/anaconda3/envs/airflow_env/lib/python3.10/site-packages/airflow/example_dags/example_dag_decorator.py took 0.151 seconds
[2025-06-25T20:29:14.518-0400] {processor.py:161} INFO - Started process (PID=63630) to work on /opt/anaconda3/envs/airflow_env/lib/python3.10/site-packages/airflow/example_dags/example_dag_decorator.py
[2025-06-25T20:29:14.519-0400] {processor.py:830} INFO - Processing file /opt/anaconda3/envs/airflow_env/lib/python3.10/site-packages/airflow/example_dags/example_dag_decorator.py for tasks to queue
[2025-06-25T20:29:14.519-0400] {logging_mixin.py:188} INFO - [2025-06-25T20:29:14.519-0400] {dagbag.py:545} INFO - Filling up the DagBag from /opt/anaconda3/envs/airflow_env/lib/python3.10/site-packages/airflow/example_dags/example_dag_decorator.py
[2025-06-25T20:29:14.591-0400] {processor.py:840} INFO - DAG(s) 'example_dag_decorator' retrieved from /opt/anaconda3/envs/airflow_env/lib/python3.10/site-packages/airflow/example_dags/example_dag_decorator.py
[2025-06-25T20:29:14.650-0400] {logging_mixin.py:188} INFO - [2025-06-25T20:29:14.649-0400] {dag.py:3096} INFO - Sync 1 DAGs
[2025-06-25T20:29:14.653-0400] {logging_mixin.py:188} INFO - [2025-06-25T20:29:14.652-0400] {dag.py:3954} INFO - Setting next_dagrun for example_dag_decorator to None, run_after=None
[2025-06-25T20:29:14.660-0400] {processor.py:183} INFO - Processing /opt/anaconda3/envs/airflow_env/lib/python3.10/site-packages/airflow/example_dags/example_dag_decorator.py took 0.143 seconds
[2025-06-25T20:29:46.197-0400] {processor.py:161} INFO - Started process (PID=63705) to work on /opt/anaconda3/envs/airflow_env/lib/python3.10/site-packages/airflow/example_dags/example_dag_decorator.py
[2025-06-25T20:29:46.198-0400] {processor.py:830} INFO - Processing file /opt/anaconda3/envs/airflow_env/lib/python3.10/site-packages/airflow/example_dags/example_dag_decorator.py for tasks to queue
[2025-06-25T20:29:46.198-0400] {logging_mixin.py:188} INFO - [2025-06-25T20:29:46.198-0400] {dagbag.py:545} INFO - Filling up the DagBag from /opt/anaconda3/envs/airflow_env/lib/python3.10/site-packages/airflow/example_dags/example_dag_decorator.py
[2025-06-25T20:29:46.287-0400] {processor.py:840} INFO - DAG(s) 'example_dag_decorator' retrieved from /opt/anaconda3/envs/airflow_env/lib/python3.10/site-packages/airflow/example_dags/example_dag_decorator.py
[2025-06-25T20:29:46.353-0400] {logging_mixin.py:188} INFO - [2025-06-25T20:29:46.353-0400] {dag.py:3096} INFO - Sync 1 DAGs
[2025-06-25T20:29:46.357-0400] {logging_mixin.py:188} INFO - [2025-06-25T20:29:46.357-0400] {dag.py:3954} INFO - Setting next_dagrun for example_dag_decorator to None, run_after=None
[2025-06-25T20:29:46.365-0400] {processor.py:183} INFO - Processing /opt/anaconda3/envs/airflow_env/lib/python3.10/site-packages/airflow/example_dags/example_dag_decorator.py took 0.170 seconds
[2025-06-25T20:31:39.901-0400] {processor.py:161} INFO - Started process (PID=63979) to work on /opt/anaconda3/envs/airflow_env/lib/python3.10/site-packages/airflow/example_dags/example_dag_decorator.py
[2025-06-25T20:31:39.901-0400] {processor.py:830} INFO - Processing file /opt/anaconda3/envs/airflow_env/lib/python3.10/site-packages/airflow/example_dags/example_dag_decorator.py for tasks to queue
[2025-06-25T20:31:39.902-0400] {logging_mixin.py:188} INFO - [2025-06-25T20:31:39.901-0400] {dagbag.py:545} INFO - Filling up the DagBag from /opt/anaconda3/envs/airflow_env/lib/python3.10/site-packages/airflow/example_dags/example_dag_decorator.py
[2025-06-25T20:31:39.974-0400] {processor.py:840} INFO - DAG(s) 'example_dag_decorator' retrieved from /opt/anaconda3/envs/airflow_env/lib/python3.10/site-packages/airflow/example_dags/example_dag_decorator.py
[2025-06-25T20:31:40.035-0400] {logging_mixin.py:188} INFO - [2025-06-25T20:31:40.035-0400] {dag.py:3096} INFO - Sync 1 DAGs
[2025-06-25T20:31:40.038-0400] {logging_mixin.py:188} INFO - [2025-06-25T20:31:40.038-0400] {dag.py:3954} INFO - Setting next_dagrun for example_dag_decorator to None, run_after=None
[2025-06-25T20:31:40.045-0400] {processor.py:183} INFO - Processing /opt/anaconda3/envs/airflow_env/lib/python3.10/site-packages/airflow/example_dags/example_dag_decorator.py took 0.146 seconds
[2025-06-25T20:31:53.384-0400] {processor.py:161} INFO - Started process (PID=64006) to work on /opt/anaconda3/envs/airflow_env/lib/python3.10/site-packages/airflow/example_dags/example_dag_decorator.py
[2025-06-25T20:31:53.384-0400] {processor.py:830} INFO - Processing file /opt/anaconda3/envs/airflow_env/lib/python3.10/site-packages/airflow/example_dags/example_dag_decorator.py for tasks to queue
[2025-06-25T20:31:53.384-0400] {logging_mixin.py:188} INFO - [2025-06-25T20:31:53.384-0400] {dagbag.py:545} INFO - Filling up the DagBag from /opt/anaconda3/envs/airflow_env/lib/python3.10/site-packages/airflow/example_dags/example_dag_decorator.py
[2025-06-25T20:31:53.465-0400] {processor.py:840} INFO - DAG(s) 'example_dag_decorator' retrieved from /opt/anaconda3/envs/airflow_env/lib/python3.10/site-packages/airflow/example_dags/example_dag_decorator.py
[2025-06-25T20:31:53.469-0400] {logging_mixin.py:188} INFO - [2025-06-25T20:31:53.469-0400] {dag.py:3096} INFO - Sync 1 DAGs
[2025-06-25T20:31:53.499-0400] {logging_mixin.py:188} INFO - [2025-06-25T20:31:53.499-0400] {dag.py:3954} INFO - Setting next_dagrun for example_dag_decorator to None, run_after=None
[2025-06-25T20:31:53.506-0400] {processor.py:183} INFO - Processing /opt/anaconda3/envs/airflow_env/lib/python3.10/site-packages/airflow/example_dags/example_dag_decorator.py took 0.124 seconds
[2025-06-25T20:33:45.838-0400] {processor.py:161} INFO - Started process (PID=64202) to work on /opt/anaconda3/envs/airflow_env/lib/python3.10/site-packages/airflow/example_dags/example_dag_decorator.py
[2025-06-25T20:33:45.839-0400] {processor.py:830} INFO - Processing file /opt/anaconda3/envs/airflow_env/lib/python3.10/site-packages/airflow/example_dags/example_dag_decorator.py for tasks to queue
[2025-06-25T20:33:45.839-0400] {logging_mixin.py:188} INFO - [2025-06-25T20:33:45.839-0400] {dagbag.py:545} INFO - Filling up the DagBag from /opt/anaconda3/envs/airflow_env/lib/python3.10/site-packages/airflow/example_dags/example_dag_decorator.py
[2025-06-25T20:33:45.912-0400] {processor.py:840} INFO - DAG(s) 'example_dag_decorator' retrieved from /opt/anaconda3/envs/airflow_env/lib/python3.10/site-packages/airflow/example_dags/example_dag_decorator.py
[2025-06-25T20:33:45.970-0400] {logging_mixin.py:188} INFO - [2025-06-25T20:33:45.970-0400] {dag.py:3096} INFO - Sync 1 DAGs
[2025-06-25T20:33:45.973-0400] {logging_mixin.py:188} INFO - [2025-06-25T20:33:45.973-0400] {dag.py:3954} INFO - Setting next_dagrun for example_dag_decorator to None, run_after=None
[2025-06-25T20:33:45.980-0400] {processor.py:183} INFO - Processing /opt/anaconda3/envs/airflow_env/lib/python3.10/site-packages/airflow/example_dags/example_dag_decorator.py took 0.144 seconds
[2025-06-25T20:34:09.068-0400] {processor.py:161} INFO - Started process (PID=64254) to work on /opt/anaconda3/envs/airflow_env/lib/python3.10/site-packages/airflow/example_dags/example_dag_decorator.py
[2025-06-25T20:34:09.068-0400] {processor.py:830} INFO - Processing file /opt/anaconda3/envs/airflow_env/lib/python3.10/site-packages/airflow/example_dags/example_dag_decorator.py for tasks to queue
[2025-06-25T20:34:09.068-0400] {logging_mixin.py:188} INFO - [2025-06-25T20:34:09.068-0400] {dagbag.py:545} INFO - Filling up the DagBag from /opt/anaconda3/envs/airflow_env/lib/python3.10/site-packages/airflow/example_dags/example_dag_decorator.py
[2025-06-25T20:34:09.142-0400] {processor.py:840} INFO - DAG(s) 'example_dag_decorator' retrieved from /opt/anaconda3/envs/airflow_env/lib/python3.10/site-packages/airflow/example_dags/example_dag_decorator.py
[2025-06-25T20:34:09.146-0400] {logging_mixin.py:188} INFO - [2025-06-25T20:34:09.146-0400] {dag.py:3096} INFO - Sync 1 DAGs
[2025-06-25T20:34:09.173-0400] {logging_mixin.py:188} INFO - [2025-06-25T20:34:09.173-0400] {dag.py:3954} INFO - Setting next_dagrun for example_dag_decorator to None, run_after=None
[2025-06-25T20:34:09.179-0400] {processor.py:183} INFO - Processing /opt/anaconda3/envs/airflow_env/lib/python3.10/site-packages/airflow/example_dags/example_dag_decorator.py took 0.113 seconds
[2025-06-25T20:35:26.095-0400] {processor.py:161} INFO - Started process (PID=64383) to work on /opt/anaconda3/envs/airflow_env/lib/python3.10/site-packages/airflow/example_dags/example_dag_decorator.py
[2025-06-25T20:35:26.096-0400] {processor.py:830} INFO - Processing file /opt/anaconda3/envs/airflow_env/lib/python3.10/site-packages/airflow/example_dags/example_dag_decorator.py for tasks to queue
[2025-06-25T20:35:26.096-0400] {logging_mixin.py:188} INFO - [2025-06-25T20:35:26.096-0400] {dagbag.py:545} INFO - Filling up the DagBag from /opt/anaconda3/envs/airflow_env/lib/python3.10/site-packages/airflow/example_dags/example_dag_decorator.py
[2025-06-25T20:35:26.177-0400] {processor.py:840} INFO - DAG(s) 'example_dag_decorator' retrieved from /opt/anaconda3/envs/airflow_env/lib/python3.10/site-packages/airflow/example_dags/example_dag_decorator.py
[2025-06-25T20:35:26.242-0400] {logging_mixin.py:188} INFO - [2025-06-25T20:35:26.241-0400] {dag.py:3096} INFO - Sync 1 DAGs
[2025-06-25T20:35:26.245-0400] {logging_mixin.py:188} INFO - [2025-06-25T20:35:26.245-0400] {dag.py:3954} INFO - Setting next_dagrun for example_dag_decorator to None, run_after=None
[2025-06-25T20:35:26.253-0400] {processor.py:183} INFO - Processing /opt/anaconda3/envs/airflow_env/lib/python3.10/site-packages/airflow/example_dags/example_dag_decorator.py took 0.160 seconds
[2025-06-25T20:35:46.029-0400] {processor.py:161} INFO - Started process (PID=64412) to work on /opt/anaconda3/envs/airflow_env/lib/python3.10/site-packages/airflow/example_dags/example_dag_decorator.py
[2025-06-25T20:35:46.030-0400] {processor.py:830} INFO - Processing file /opt/anaconda3/envs/airflow_env/lib/python3.10/site-packages/airflow/example_dags/example_dag_decorator.py for tasks to queue
[2025-06-25T20:35:46.030-0400] {logging_mixin.py:188} INFO - [2025-06-25T20:35:46.030-0400] {dagbag.py:545} INFO - Filling up the DagBag from /opt/anaconda3/envs/airflow_env/lib/python3.10/site-packages/airflow/example_dags/example_dag_decorator.py
[2025-06-25T20:35:46.116-0400] {processor.py:840} INFO - DAG(s) 'example_dag_decorator' retrieved from /opt/anaconda3/envs/airflow_env/lib/python3.10/site-packages/airflow/example_dags/example_dag_decorator.py
[2025-06-25T20:35:46.121-0400] {logging_mixin.py:188} INFO - [2025-06-25T20:35:46.121-0400] {dag.py:3096} INFO - Sync 1 DAGs
[2025-06-25T20:35:46.151-0400] {logging_mixin.py:188} INFO - [2025-06-25T20:35:46.151-0400] {dag.py:3954} INFO - Setting next_dagrun for example_dag_decorator to None, run_after=None
[2025-06-25T20:35:46.157-0400] {processor.py:183} INFO - Processing /opt/anaconda3/envs/airflow_env/lib/python3.10/site-packages/airflow/example_dags/example_dag_decorator.py took 0.130 seconds
[2025-06-25T20:37:01.633-0400] {processor.py:161} INFO - Started process (PID=64565) to work on /opt/anaconda3/envs/airflow_env/lib/python3.10/site-packages/airflow/example_dags/example_dag_decorator.py
[2025-06-25T20:37:01.633-0400] {processor.py:830} INFO - Processing file /opt/anaconda3/envs/airflow_env/lib/python3.10/site-packages/airflow/example_dags/example_dag_decorator.py for tasks to queue
[2025-06-25T20:37:01.633-0400] {logging_mixin.py:188} INFO - [2025-06-25T20:37:01.633-0400] {dagbag.py:545} INFO - Filling up the DagBag from /opt/anaconda3/envs/airflow_env/lib/python3.10/site-packages/airflow/example_dags/example_dag_decorator.py
[2025-06-25T20:37:01.705-0400] {processor.py:840} INFO - DAG(s) 'example_dag_decorator' retrieved from /opt/anaconda3/envs/airflow_env/lib/python3.10/site-packages/airflow/example_dags/example_dag_decorator.py
[2025-06-25T20:37:01.762-0400] {logging_mixin.py:188} INFO - [2025-06-25T20:37:01.762-0400] {dag.py:3096} INFO - Sync 1 DAGs
[2025-06-25T20:37:01.765-0400] {logging_mixin.py:188} INFO - [2025-06-25T20:37:01.765-0400] {dag.py:3954} INFO - Setting next_dagrun for example_dag_decorator to None, run_after=None
[2025-06-25T20:37:01.772-0400] {processor.py:183} INFO - Processing /opt/anaconda3/envs/airflow_env/lib/python3.10/site-packages/airflow/example_dags/example_dag_decorator.py took 0.141 seconds
[2025-06-25T20:37:24.850-0400] {processor.py:161} INFO - Started process (PID=64615) to work on /opt/anaconda3/envs/airflow_env/lib/python3.10/site-packages/airflow/example_dags/example_dag_decorator.py
[2025-06-25T20:37:24.850-0400] {processor.py:830} INFO - Processing file /opt/anaconda3/envs/airflow_env/lib/python3.10/site-packages/airflow/example_dags/example_dag_decorator.py for tasks to queue
[2025-06-25T20:37:24.851-0400] {logging_mixin.py:188} INFO - [2025-06-25T20:37:24.851-0400] {dagbag.py:545} INFO - Filling up the DagBag from /opt/anaconda3/envs/airflow_env/lib/python3.10/site-packages/airflow/example_dags/example_dag_decorator.py
[2025-06-25T20:37:24.925-0400] {processor.py:840} INFO - DAG(s) 'example_dag_decorator' retrieved from /opt/anaconda3/envs/airflow_env/lib/python3.10/site-packages/airflow/example_dags/example_dag_decorator.py
[2025-06-25T20:37:24.929-0400] {logging_mixin.py:188} INFO - [2025-06-25T20:37:24.929-0400] {dag.py:3096} INFO - Sync 1 DAGs
[2025-06-25T20:37:24.957-0400] {logging_mixin.py:188} INFO - [2025-06-25T20:37:24.957-0400] {dag.py:3954} INFO - Setting next_dagrun for example_dag_decorator to None, run_after=None
[2025-06-25T20:37:24.964-0400] {processor.py:183} INFO - Processing /opt/anaconda3/envs/airflow_env/lib/python3.10/site-packages/airflow/example_dags/example_dag_decorator.py took 0.116 seconds
[2025-06-25T20:39:07.732-0400] {processor.py:161} INFO - Started process (PID=64851) to work on /opt/anaconda3/envs/airflow_env/lib/python3.10/site-packages/airflow/example_dags/example_dag_decorator.py
[2025-06-25T20:39:07.732-0400] {processor.py:830} INFO - Processing file /opt/anaconda3/envs/airflow_env/lib/python3.10/site-packages/airflow/example_dags/example_dag_decorator.py for tasks to queue
[2025-06-25T20:39:07.732-0400] {logging_mixin.py:188} INFO - [2025-06-25T20:39:07.732-0400] {dagbag.py:545} INFO - Filling up the DagBag from /opt/anaconda3/envs/airflow_env/lib/python3.10/site-packages/airflow/example_dags/example_dag_decorator.py
[2025-06-25T20:39:07.833-0400] {processor.py:840} INFO - DAG(s) 'example_dag_decorator' retrieved from /opt/anaconda3/envs/airflow_env/lib/python3.10/site-packages/airflow/example_dags/example_dag_decorator.py
[2025-06-25T20:39:07.891-0400] {logging_mixin.py:188} INFO - [2025-06-25T20:39:07.891-0400] {dag.py:3096} INFO - Sync 1 DAGs
[2025-06-25T20:39:07.894-0400] {logging_mixin.py:188} INFO - [2025-06-25T20:39:07.894-0400] {dag.py:3954} INFO - Setting next_dagrun for example_dag_decorator to None, run_after=None
[2025-06-25T20:39:07.901-0400] {processor.py:183} INFO - Processing /opt/anaconda3/envs/airflow_env/lib/python3.10/site-packages/airflow/example_dags/example_dag_decorator.py took 0.171 seconds
[2025-06-25T20:39:45.133-0400] {processor.py:161} INFO - Started process (PID=64916) to work on /opt/anaconda3/envs/airflow_env/lib/python3.10/site-packages/airflow/example_dags/example_dag_decorator.py
[2025-06-25T20:39:45.134-0400] {processor.py:830} INFO - Processing file /opt/anaconda3/envs/airflow_env/lib/python3.10/site-packages/airflow/example_dags/example_dag_decorator.py for tasks to queue
[2025-06-25T20:39:45.134-0400] {logging_mixin.py:188} INFO - [2025-06-25T20:39:45.134-0400] {dagbag.py:545} INFO - Filling up the DagBag from /opt/anaconda3/envs/airflow_env/lib/python3.10/site-packages/airflow/example_dags/example_dag_decorator.py
[2025-06-25T20:39:45.207-0400] {processor.py:840} INFO - DAG(s) 'example_dag_decorator' retrieved from /opt/anaconda3/envs/airflow_env/lib/python3.10/site-packages/airflow/example_dags/example_dag_decorator.py
[2025-06-25T20:39:45.266-0400] {logging_mixin.py:188} INFO - [2025-06-25T20:39:45.266-0400] {dag.py:3096} INFO - Sync 1 DAGs
[2025-06-25T20:39:45.269-0400] {logging_mixin.py:188} INFO - [2025-06-25T20:39:45.269-0400] {dag.py:3954} INFO - Setting next_dagrun for example_dag_decorator to None, run_after=None
[2025-06-25T20:39:45.276-0400] {processor.py:183} INFO - Processing /opt/anaconda3/envs/airflow_env/lib/python3.10/site-packages/airflow/example_dags/example_dag_decorator.py took 0.145 seconds
[2025-06-25T20:40:42.525-0400] {processor.py:161} INFO - Started process (PID=65043) to work on /opt/anaconda3/envs/airflow_env/lib/python3.10/site-packages/airflow/example_dags/example_dag_decorator.py
[2025-06-25T20:40:42.526-0400] {processor.py:830} INFO - Processing file /opt/anaconda3/envs/airflow_env/lib/python3.10/site-packages/airflow/example_dags/example_dag_decorator.py for tasks to queue
[2025-06-25T20:40:42.526-0400] {logging_mixin.py:188} INFO - [2025-06-25T20:40:42.526-0400] {dagbag.py:545} INFO - Filling up the DagBag from /opt/anaconda3/envs/airflow_env/lib/python3.10/site-packages/airflow/example_dags/example_dag_decorator.py
[2025-06-25T20:40:42.622-0400] {processor.py:840} INFO - DAG(s) 'example_dag_decorator' retrieved from /opt/anaconda3/envs/airflow_env/lib/python3.10/site-packages/airflow/example_dags/example_dag_decorator.py
[2025-06-25T20:40:42.679-0400] {logging_mixin.py:188} INFO - [2025-06-25T20:40:42.679-0400] {dag.py:3096} INFO - Sync 1 DAGs
[2025-06-25T20:40:42.682-0400] {logging_mixin.py:188} INFO - [2025-06-25T20:40:42.682-0400] {dag.py:3954} INFO - Setting next_dagrun for example_dag_decorator to None, run_after=None
[2025-06-25T20:40:42.689-0400] {processor.py:183} INFO - Processing /opt/anaconda3/envs/airflow_env/lib/python3.10/site-packages/airflow/example_dags/example_dag_decorator.py took 0.166 seconds
[2025-06-25T20:41:27.463-0400] {processor.py:161} INFO - Started process (PID=65131) to work on /opt/anaconda3/envs/airflow_env/lib/python3.10/site-packages/airflow/example_dags/example_dag_decorator.py
[2025-06-25T20:41:27.464-0400] {processor.py:830} INFO - Processing file /opt/anaconda3/envs/airflow_env/lib/python3.10/site-packages/airflow/example_dags/example_dag_decorator.py for tasks to queue
[2025-06-25T20:41:27.464-0400] {logging_mixin.py:188} INFO - [2025-06-25T20:41:27.464-0400] {dagbag.py:545} INFO - Filling up the DagBag from /opt/anaconda3/envs/airflow_env/lib/python3.10/site-packages/airflow/example_dags/example_dag_decorator.py
[2025-06-25T20:41:27.539-0400] {processor.py:840} INFO - DAG(s) 'example_dag_decorator' retrieved from /opt/anaconda3/envs/airflow_env/lib/python3.10/site-packages/airflow/example_dags/example_dag_decorator.py
[2025-06-25T20:41:27.597-0400] {logging_mixin.py:188} INFO - [2025-06-25T20:41:27.597-0400] {dag.py:3096} INFO - Sync 1 DAGs
[2025-06-25T20:41:27.600-0400] {logging_mixin.py:188} INFO - [2025-06-25T20:41:27.600-0400] {dag.py:3954} INFO - Setting next_dagrun for example_dag_decorator to None, run_after=None
[2025-06-25T20:41:27.608-0400] {processor.py:183} INFO - Processing /opt/anaconda3/envs/airflow_env/lib/python3.10/site-packages/airflow/example_dags/example_dag_decorator.py took 0.146 seconds
[2025-06-25T20:42:19.927-0400] {processor.py:161} INFO - Started process (PID=65237) to work on /opt/anaconda3/envs/airflow_env/lib/python3.10/site-packages/airflow/example_dags/example_dag_decorator.py
[2025-06-25T20:42:19.928-0400] {processor.py:830} INFO - Processing file /opt/anaconda3/envs/airflow_env/lib/python3.10/site-packages/airflow/example_dags/example_dag_decorator.py for tasks to queue
[2025-06-25T20:42:19.928-0400] {logging_mixin.py:188} INFO - [2025-06-25T20:42:19.928-0400] {dagbag.py:545} INFO - Filling up the DagBag from /opt/anaconda3/envs/airflow_env/lib/python3.10/site-packages/airflow/example_dags/example_dag_decorator.py
[2025-06-25T20:42:20.018-0400] {processor.py:840} INFO - DAG(s) 'example_dag_decorator' retrieved from /opt/anaconda3/envs/airflow_env/lib/python3.10/site-packages/airflow/example_dags/example_dag_decorator.py
[2025-06-25T20:42:20.076-0400] {logging_mixin.py:188} INFO - [2025-06-25T20:42:20.076-0400] {dag.py:3096} INFO - Sync 1 DAGs
[2025-06-25T20:42:20.079-0400] {logging_mixin.py:188} INFO - [2025-06-25T20:42:20.079-0400] {dag.py:3954} INFO - Setting next_dagrun for example_dag_decorator to None, run_after=None
[2025-06-25T20:42:20.086-0400] {processor.py:183} INFO - Processing /opt/anaconda3/envs/airflow_env/lib/python3.10/site-packages/airflow/example_dags/example_dag_decorator.py took 0.161 seconds
[2025-06-25T20:43:04.652-0400] {processor.py:161} INFO - Started process (PID=65344) to work on /opt/anaconda3/envs/airflow_env/lib/python3.10/site-packages/airflow/example_dags/example_dag_decorator.py
[2025-06-25T20:43:04.653-0400] {processor.py:830} INFO - Processing file /opt/anaconda3/envs/airflow_env/lib/python3.10/site-packages/airflow/example_dags/example_dag_decorator.py for tasks to queue
[2025-06-25T20:43:04.654-0400] {logging_mixin.py:188} INFO - [2025-06-25T20:43:04.653-0400] {dagbag.py:545} INFO - Filling up the DagBag from /opt/anaconda3/envs/airflow_env/lib/python3.10/site-packages/airflow/example_dags/example_dag_decorator.py
[2025-06-25T20:43:04.745-0400] {processor.py:840} INFO - DAG(s) 'example_dag_decorator' retrieved from /opt/anaconda3/envs/airflow_env/lib/python3.10/site-packages/airflow/example_dags/example_dag_decorator.py
[2025-06-25T20:43:04.813-0400] {logging_mixin.py:188} INFO - [2025-06-25T20:43:04.812-0400] {dag.py:3096} INFO - Sync 1 DAGs
[2025-06-25T20:43:04.815-0400] {logging_mixin.py:188} INFO - [2025-06-25T20:43:04.815-0400] {dag.py:3954} INFO - Setting next_dagrun for example_dag_decorator to None, run_after=None
[2025-06-25T20:43:04.822-0400] {processor.py:183} INFO - Processing /opt/anaconda3/envs/airflow_env/lib/python3.10/site-packages/airflow/example_dags/example_dag_decorator.py took 0.171 seconds
[2025-06-25T20:44:00.467-0400] {processor.py:161} INFO - Started process (PID=65500) to work on /opt/anaconda3/envs/airflow_env/lib/python3.10/site-packages/airflow/example_dags/example_dag_decorator.py
[2025-06-25T20:44:00.468-0400] {processor.py:830} INFO - Processing file /opt/anaconda3/envs/airflow_env/lib/python3.10/site-packages/airflow/example_dags/example_dag_decorator.py for tasks to queue
[2025-06-25T20:44:00.468-0400] {logging_mixin.py:188} INFO - [2025-06-25T20:44:00.468-0400] {dagbag.py:545} INFO - Filling up the DagBag from /opt/anaconda3/envs/airflow_env/lib/python3.10/site-packages/airflow/example_dags/example_dag_decorator.py
[2025-06-25T20:44:00.566-0400] {processor.py:840} INFO - DAG(s) 'example_dag_decorator' retrieved from /opt/anaconda3/envs/airflow_env/lib/python3.10/site-packages/airflow/example_dags/example_dag_decorator.py
[2025-06-25T20:44:00.633-0400] {logging_mixin.py:188} INFO - [2025-06-25T20:44:00.632-0400] {dag.py:3096} INFO - Sync 1 DAGs
[2025-06-25T20:44:00.636-0400] {logging_mixin.py:188} INFO - [2025-06-25T20:44:00.636-0400] {dag.py:3954} INFO - Setting next_dagrun for example_dag_decorator to None, run_after=None
[2025-06-25T20:44:00.644-0400] {processor.py:183} INFO - Processing /opt/anaconda3/envs/airflow_env/lib/python3.10/site-packages/airflow/example_dags/example_dag_decorator.py took 0.178 seconds
[2025-06-25T20:44:41.894-0400] {processor.py:161} INFO - Started process (PID=65597) to work on /opt/anaconda3/envs/airflow_env/lib/python3.10/site-packages/airflow/example_dags/example_dag_decorator.py
[2025-06-25T20:44:41.895-0400] {processor.py:830} INFO - Processing file /opt/anaconda3/envs/airflow_env/lib/python3.10/site-packages/airflow/example_dags/example_dag_decorator.py for tasks to queue
[2025-06-25T20:44:41.895-0400] {logging_mixin.py:188} INFO - [2025-06-25T20:44:41.895-0400] {dagbag.py:545} INFO - Filling up the DagBag from /opt/anaconda3/envs/airflow_env/lib/python3.10/site-packages/airflow/example_dags/example_dag_decorator.py
[2025-06-25T20:44:41.972-0400] {processor.py:840} INFO - DAG(s) 'example_dag_decorator' retrieved from /opt/anaconda3/envs/airflow_env/lib/python3.10/site-packages/airflow/example_dags/example_dag_decorator.py
[2025-06-25T20:44:42.037-0400] {logging_mixin.py:188} INFO - [2025-06-25T20:44:42.037-0400] {dag.py:3096} INFO - Sync 1 DAGs
[2025-06-25T20:44:42.042-0400] {logging_mixin.py:188} INFO - [2025-06-25T20:44:42.042-0400] {dag.py:3954} INFO - Setting next_dagrun for example_dag_decorator to None, run_after=None
[2025-06-25T20:44:42.051-0400] {processor.py:183} INFO - Processing /opt/anaconda3/envs/airflow_env/lib/python3.10/site-packages/airflow/example_dags/example_dag_decorator.py took 0.158 seconds
[2025-06-25T20:45:39.649-0400] {processor.py:161} INFO - Started process (PID=65737) to work on /opt/anaconda3/envs/airflow_env/lib/python3.10/site-packages/airflow/example_dags/example_dag_decorator.py
[2025-06-25T20:45:39.651-0400] {processor.py:830} INFO - Processing file /opt/anaconda3/envs/airflow_env/lib/python3.10/site-packages/airflow/example_dags/example_dag_decorator.py for tasks to queue
[2025-06-25T20:45:39.651-0400] {logging_mixin.py:188} INFO - [2025-06-25T20:45:39.651-0400] {dagbag.py:545} INFO - Filling up the DagBag from /opt/anaconda3/envs/airflow_env/lib/python3.10/site-packages/airflow/example_dags/example_dag_decorator.py
[2025-06-25T20:45:39.782-0400] {processor.py:840} INFO - DAG(s) 'example_dag_decorator' retrieved from /opt/anaconda3/envs/airflow_env/lib/python3.10/site-packages/airflow/example_dags/example_dag_decorator.py
[2025-06-25T20:45:39.855-0400] {logging_mixin.py:188} INFO - [2025-06-25T20:45:39.855-0400] {dag.py:3096} INFO - Sync 1 DAGs
[2025-06-25T20:45:39.859-0400] {logging_mixin.py:188} INFO - [2025-06-25T20:45:39.858-0400] {dag.py:3954} INFO - Setting next_dagrun for example_dag_decorator to None, run_after=None
[2025-06-25T20:45:39.867-0400] {processor.py:183} INFO - Processing /opt/anaconda3/envs/airflow_env/lib/python3.10/site-packages/airflow/example_dags/example_dag_decorator.py took 0.222 seconds
[2025-06-25T20:47:01.226-0400] {processor.py:161} INFO - Started process (PID=65902) to work on /opt/anaconda3/envs/airflow_env/lib/python3.10/site-packages/airflow/example_dags/example_dag_decorator.py
[2025-06-25T20:47:01.228-0400] {processor.py:830} INFO - Processing file /opt/anaconda3/envs/airflow_env/lib/python3.10/site-packages/airflow/example_dags/example_dag_decorator.py for tasks to queue
[2025-06-25T20:47:01.228-0400] {logging_mixin.py:188} INFO - [2025-06-25T20:47:01.228-0400] {dagbag.py:545} INFO - Filling up the DagBag from /opt/anaconda3/envs/airflow_env/lib/python3.10/site-packages/airflow/example_dags/example_dag_decorator.py
[2025-06-25T20:47:01.306-0400] {processor.py:840} INFO - DAG(s) 'example_dag_decorator' retrieved from /opt/anaconda3/envs/airflow_env/lib/python3.10/site-packages/airflow/example_dags/example_dag_decorator.py
[2025-06-25T20:47:01.368-0400] {logging_mixin.py:188} INFO - [2025-06-25T20:47:01.368-0400] {dag.py:3096} INFO - Sync 1 DAGs
[2025-06-25T20:47:01.371-0400] {logging_mixin.py:188} INFO - [2025-06-25T20:47:01.371-0400] {dag.py:3954} INFO - Setting next_dagrun for example_dag_decorator to None, run_after=None
[2025-06-25T20:47:01.379-0400] {processor.py:183} INFO - Processing /opt/anaconda3/envs/airflow_env/lib/python3.10/site-packages/airflow/example_dags/example_dag_decorator.py took 0.154 seconds
[2025-06-25T20:47:33.758-0400] {processor.py:161} INFO - Started process (PID=65972) to work on /opt/anaconda3/envs/airflow_env/lib/python3.10/site-packages/airflow/example_dags/example_dag_decorator.py
[2025-06-25T20:47:33.758-0400] {processor.py:830} INFO - Processing file /opt/anaconda3/envs/airflow_env/lib/python3.10/site-packages/airflow/example_dags/example_dag_decorator.py for tasks to queue
[2025-06-25T20:47:33.758-0400] {logging_mixin.py:188} INFO - [2025-06-25T20:47:33.758-0400] {dagbag.py:545} INFO - Filling up the DagBag from /opt/anaconda3/envs/airflow_env/lib/python3.10/site-packages/airflow/example_dags/example_dag_decorator.py
[2025-06-25T20:47:33.871-0400] {processor.py:840} INFO - DAG(s) 'example_dag_decorator' retrieved from /opt/anaconda3/envs/airflow_env/lib/python3.10/site-packages/airflow/example_dags/example_dag_decorator.py
[2025-06-25T20:47:33.932-0400] {logging_mixin.py:188} INFO - [2025-06-25T20:47:33.931-0400] {dag.py:3096} INFO - Sync 1 DAGs
[2025-06-25T20:47:33.934-0400] {logging_mixin.py:188} INFO - [2025-06-25T20:47:33.934-0400] {dag.py:3954} INFO - Setting next_dagrun for example_dag_decorator to None, run_after=None
[2025-06-25T20:47:33.942-0400] {processor.py:183} INFO - Processing /opt/anaconda3/envs/airflow_env/lib/python3.10/site-packages/airflow/example_dags/example_dag_decorator.py took 0.186 seconds
[2025-06-25T20:48:46.087-0400] {processor.py:161} INFO - Started process (PID=66165) to work on /opt/anaconda3/envs/airflow_env/lib/python3.10/site-packages/airflow/example_dags/example_dag_decorator.py
[2025-06-25T20:48:46.088-0400] {processor.py:830} INFO - Processing file /opt/anaconda3/envs/airflow_env/lib/python3.10/site-packages/airflow/example_dags/example_dag_decorator.py for tasks to queue
[2025-06-25T20:48:46.088-0400] {logging_mixin.py:188} INFO - [2025-06-25T20:48:46.088-0400] {dagbag.py:545} INFO - Filling up the DagBag from /opt/anaconda3/envs/airflow_env/lib/python3.10/site-packages/airflow/example_dags/example_dag_decorator.py
[2025-06-25T20:48:46.164-0400] {processor.py:840} INFO - DAG(s) 'example_dag_decorator' retrieved from /opt/anaconda3/envs/airflow_env/lib/python3.10/site-packages/airflow/example_dags/example_dag_decorator.py
[2025-06-25T20:48:46.225-0400] {logging_mixin.py:188} INFO - [2025-06-25T20:48:46.224-0400] {dag.py:3096} INFO - Sync 1 DAGs
[2025-06-25T20:48:46.227-0400] {logging_mixin.py:188} INFO - [2025-06-25T20:48:46.227-0400] {dag.py:3954} INFO - Setting next_dagrun for example_dag_decorator to None, run_after=None
[2025-06-25T20:48:46.235-0400] {processor.py:183} INFO - Processing /opt/anaconda3/envs/airflow_env/lib/python3.10/site-packages/airflow/example_dags/example_dag_decorator.py took 0.149 seconds
[2025-06-25T20:49:21.344-0400] {processor.py:161} INFO - Started process (PID=66232) to work on /opt/anaconda3/envs/airflow_env/lib/python3.10/site-packages/airflow/example_dags/example_dag_decorator.py
[2025-06-25T20:49:21.344-0400] {processor.py:830} INFO - Processing file /opt/anaconda3/envs/airflow_env/lib/python3.10/site-packages/airflow/example_dags/example_dag_decorator.py for tasks to queue
[2025-06-25T20:49:21.344-0400] {logging_mixin.py:188} INFO - [2025-06-25T20:49:21.344-0400] {dagbag.py:545} INFO - Filling up the DagBag from /opt/anaconda3/envs/airflow_env/lib/python3.10/site-packages/airflow/example_dags/example_dag_decorator.py
[2025-06-25T20:49:21.424-0400] {processor.py:840} INFO - DAG(s) 'example_dag_decorator' retrieved from /opt/anaconda3/envs/airflow_env/lib/python3.10/site-packages/airflow/example_dags/example_dag_decorator.py
[2025-06-25T20:49:21.483-0400] {logging_mixin.py:188} INFO - [2025-06-25T20:49:21.483-0400] {dag.py:3096} INFO - Sync 1 DAGs
[2025-06-25T20:49:21.486-0400] {logging_mixin.py:188} INFO - [2025-06-25T20:49:21.486-0400] {dag.py:3954} INFO - Setting next_dagrun for example_dag_decorator to None, run_after=None
[2025-06-25T20:49:21.494-0400] {processor.py:183} INFO - Processing /opt/anaconda3/envs/airflow_env/lib/python3.10/site-packages/airflow/example_dags/example_dag_decorator.py took 0.152 seconds
[2025-06-25T20:50:58.827-0400] {processor.py:161} INFO - Started process (PID=66455) to work on /opt/anaconda3/envs/airflow_env/lib/python3.10/site-packages/airflow/example_dags/example_dag_decorator.py
[2025-06-25T20:50:58.827-0400] {processor.py:830} INFO - Processing file /opt/anaconda3/envs/airflow_env/lib/python3.10/site-packages/airflow/example_dags/example_dag_decorator.py for tasks to queue
[2025-06-25T20:50:58.827-0400] {logging_mixin.py:188} INFO - [2025-06-25T20:50:58.827-0400] {dagbag.py:545} INFO - Filling up the DagBag from /opt/anaconda3/envs/airflow_env/lib/python3.10/site-packages/airflow/example_dags/example_dag_decorator.py
[2025-06-25T20:50:58.904-0400] {processor.py:840} INFO - DAG(s) 'example_dag_decorator' retrieved from /opt/anaconda3/envs/airflow_env/lib/python3.10/site-packages/airflow/example_dags/example_dag_decorator.py
[2025-06-25T20:50:58.967-0400] {logging_mixin.py:188} INFO - [2025-06-25T20:50:58.967-0400] {dag.py:3096} INFO - Sync 1 DAGs
[2025-06-25T20:50:58.970-0400] {logging_mixin.py:188} INFO - [2025-06-25T20:50:58.970-0400] {dag.py:3954} INFO - Setting next_dagrun for example_dag_decorator to None, run_after=None
[2025-06-25T20:50:58.978-0400] {processor.py:183} INFO - Processing /opt/anaconda3/envs/airflow_env/lib/python3.10/site-packages/airflow/example_dags/example_dag_decorator.py took 0.153 seconds
[2025-06-25T20:51:38.848-0400] {processor.py:161} INFO - Started process (PID=66545) to work on /opt/anaconda3/envs/airflow_env/lib/python3.10/site-packages/airflow/example_dags/example_dag_decorator.py
[2025-06-25T20:51:38.849-0400] {processor.py:830} INFO - Processing file /opt/anaconda3/envs/airflow_env/lib/python3.10/site-packages/airflow/example_dags/example_dag_decorator.py for tasks to queue
[2025-06-25T20:51:38.849-0400] {logging_mixin.py:188} INFO - [2025-06-25T20:51:38.849-0400] {dagbag.py:545} INFO - Filling up the DagBag from /opt/anaconda3/envs/airflow_env/lib/python3.10/site-packages/airflow/example_dags/example_dag_decorator.py
[2025-06-25T20:51:38.923-0400] {processor.py:840} INFO - DAG(s) 'example_dag_decorator' retrieved from /opt/anaconda3/envs/airflow_env/lib/python3.10/site-packages/airflow/example_dags/example_dag_decorator.py
[2025-06-25T20:51:38.982-0400] {logging_mixin.py:188} INFO - [2025-06-25T20:51:38.982-0400] {dag.py:3096} INFO - Sync 1 DAGs
[2025-06-25T20:51:38.985-0400] {logging_mixin.py:188} INFO - [2025-06-25T20:51:38.985-0400] {dag.py:3954} INFO - Setting next_dagrun for example_dag_decorator to None, run_after=None
[2025-06-25T20:51:38.992-0400] {processor.py:183} INFO - Processing /opt/anaconda3/envs/airflow_env/lib/python3.10/site-packages/airflow/example_dags/example_dag_decorator.py took 0.145 seconds
[2025-06-25T20:53:08.408-0400] {processor.py:161} INFO - Started process (PID=66739) to work on /opt/anaconda3/envs/airflow_env/lib/python3.10/site-packages/airflow/example_dags/example_dag_decorator.py
[2025-06-25T20:53:08.409-0400] {processor.py:830} INFO - Processing file /opt/anaconda3/envs/airflow_env/lib/python3.10/site-packages/airflow/example_dags/example_dag_decorator.py for tasks to queue
[2025-06-25T20:53:08.409-0400] {logging_mixin.py:188} INFO - [2025-06-25T20:53:08.409-0400] {dagbag.py:545} INFO - Filling up the DagBag from /opt/anaconda3/envs/airflow_env/lib/python3.10/site-packages/airflow/example_dags/example_dag_decorator.py
[2025-06-25T20:53:08.512-0400] {processor.py:840} INFO - DAG(s) 'example_dag_decorator' retrieved from /opt/anaconda3/envs/airflow_env/lib/python3.10/site-packages/airflow/example_dags/example_dag_decorator.py
[2025-06-25T20:53:08.579-0400] {logging_mixin.py:188} INFO - [2025-06-25T20:53:08.579-0400] {dag.py:3096} INFO - Sync 1 DAGs
[2025-06-25T20:53:08.582-0400] {logging_mixin.py:188} INFO - [2025-06-25T20:53:08.582-0400] {dag.py:3954} INFO - Setting next_dagrun for example_dag_decorator to None, run_after=None
[2025-06-25T20:53:08.590-0400] {processor.py:183} INFO - Processing /opt/anaconda3/envs/airflow_env/lib/python3.10/site-packages/airflow/example_dags/example_dag_decorator.py took 0.184 seconds
[2025-06-25T20:53:59.116-0400] {processor.py:161} INFO - Started process (PID=66871) to work on /opt/anaconda3/envs/airflow_env/lib/python3.10/site-packages/airflow/example_dags/example_dag_decorator.py
[2025-06-25T20:53:59.117-0400] {processor.py:830} INFO - Processing file /opt/anaconda3/envs/airflow_env/lib/python3.10/site-packages/airflow/example_dags/example_dag_decorator.py for tasks to queue
[2025-06-25T20:53:59.117-0400] {logging_mixin.py:188} INFO - [2025-06-25T20:53:59.117-0400] {dagbag.py:545} INFO - Filling up the DagBag from /opt/anaconda3/envs/airflow_env/lib/python3.10/site-packages/airflow/example_dags/example_dag_decorator.py
[2025-06-25T20:53:59.202-0400] {processor.py:840} INFO - DAG(s) 'example_dag_decorator' retrieved from /opt/anaconda3/envs/airflow_env/lib/python3.10/site-packages/airflow/example_dags/example_dag_decorator.py
[2025-06-25T20:53:59.276-0400] {logging_mixin.py:188} INFO - [2025-06-25T20:53:59.276-0400] {dag.py:3096} INFO - Sync 1 DAGs
[2025-06-25T20:53:59.280-0400] {logging_mixin.py:188} INFO - [2025-06-25T20:53:59.279-0400] {dag.py:3954} INFO - Setting next_dagrun for example_dag_decorator to None, run_after=None
[2025-06-25T20:53:59.287-0400] {processor.py:183} INFO - Processing /opt/anaconda3/envs/airflow_env/lib/python3.10/site-packages/airflow/example_dags/example_dag_decorator.py took 0.173 seconds
[2025-06-25T20:55:31.898-0400] {processor.py:161} INFO - Started process (PID=67088) to work on /opt/anaconda3/envs/airflow_env/lib/python3.10/site-packages/airflow/example_dags/example_dag_decorator.py
[2025-06-25T20:55:31.899-0400] {processor.py:830} INFO - Processing file /opt/anaconda3/envs/airflow_env/lib/python3.10/site-packages/airflow/example_dags/example_dag_decorator.py for tasks to queue
[2025-06-25T20:55:31.900-0400] {logging_mixin.py:188} INFO - [2025-06-25T20:55:31.900-0400] {dagbag.py:545} INFO - Filling up the DagBag from /opt/anaconda3/envs/airflow_env/lib/python3.10/site-packages/airflow/example_dags/example_dag_decorator.py
[2025-06-25T20:55:31.982-0400] {processor.py:840} INFO - DAG(s) 'example_dag_decorator' retrieved from /opt/anaconda3/envs/airflow_env/lib/python3.10/site-packages/airflow/example_dags/example_dag_decorator.py
[2025-06-25T20:55:32.057-0400] {logging_mixin.py:188} INFO - [2025-06-25T20:55:32.057-0400] {dag.py:3096} INFO - Sync 1 DAGs
[2025-06-25T20:55:32.060-0400] {logging_mixin.py:188} INFO - [2025-06-25T20:55:32.060-0400] {dag.py:3954} INFO - Setting next_dagrun for example_dag_decorator to None, run_after=None
[2025-06-25T20:55:32.067-0400] {processor.py:183} INFO - Processing /opt/anaconda3/envs/airflow_env/lib/python3.10/site-packages/airflow/example_dags/example_dag_decorator.py took 0.171 seconds
[2025-06-25T20:55:52.910-0400] {processor.py:161} INFO - Started process (PID=67117) to work on /opt/anaconda3/envs/airflow_env/lib/python3.10/site-packages/airflow/example_dags/example_dag_decorator.py
[2025-06-25T20:55:52.910-0400] {processor.py:830} INFO - Processing file /opt/anaconda3/envs/airflow_env/lib/python3.10/site-packages/airflow/example_dags/example_dag_decorator.py for tasks to queue
[2025-06-25T20:55:52.910-0400] {logging_mixin.py:188} INFO - [2025-06-25T20:55:52.910-0400] {dagbag.py:545} INFO - Filling up the DagBag from /opt/anaconda3/envs/airflow_env/lib/python3.10/site-packages/airflow/example_dags/example_dag_decorator.py
[2025-06-25T20:55:52.984-0400] {processor.py:840} INFO - DAG(s) 'example_dag_decorator' retrieved from /opt/anaconda3/envs/airflow_env/lib/python3.10/site-packages/airflow/example_dags/example_dag_decorator.py
[2025-06-25T20:55:52.987-0400] {logging_mixin.py:188} INFO - [2025-06-25T20:55:52.987-0400] {dag.py:3096} INFO - Sync 1 DAGs
[2025-06-25T20:55:53.015-0400] {logging_mixin.py:188} INFO - [2025-06-25T20:55:53.015-0400] {dag.py:3954} INFO - Setting next_dagrun for example_dag_decorator to None, run_after=None
[2025-06-25T20:55:53.021-0400] {processor.py:183} INFO - Processing /opt/anaconda3/envs/airflow_env/lib/python3.10/site-packages/airflow/example_dags/example_dag_decorator.py took 0.113 seconds
[2025-06-25T20:57:08.624-0400] {processor.py:161} INFO - Started process (PID=67243) to work on /opt/anaconda3/envs/airflow_env/lib/python3.10/site-packages/airflow/example_dags/example_dag_decorator.py
[2025-06-25T20:57:08.625-0400] {processor.py:830} INFO - Processing file /opt/anaconda3/envs/airflow_env/lib/python3.10/site-packages/airflow/example_dags/example_dag_decorator.py for tasks to queue
[2025-06-25T20:57:08.625-0400] {logging_mixin.py:188} INFO - [2025-06-25T20:57:08.625-0400] {dagbag.py:545} INFO - Filling up the DagBag from /opt/anaconda3/envs/airflow_env/lib/python3.10/site-packages/airflow/example_dags/example_dag_decorator.py
[2025-06-25T20:57:08.712-0400] {processor.py:840} INFO - DAG(s) 'example_dag_decorator' retrieved from /opt/anaconda3/envs/airflow_env/lib/python3.10/site-packages/airflow/example_dags/example_dag_decorator.py
[2025-06-25T20:57:08.770-0400] {logging_mixin.py:188} INFO - [2025-06-25T20:57:08.770-0400] {dag.py:3096} INFO - Sync 1 DAGs
[2025-06-25T20:57:08.773-0400] {logging_mixin.py:188} INFO - [2025-06-25T20:57:08.773-0400] {dag.py:3954} INFO - Setting next_dagrun for example_dag_decorator to None, run_after=None
[2025-06-25T20:57:08.779-0400] {processor.py:183} INFO - Processing /opt/anaconda3/envs/airflow_env/lib/python3.10/site-packages/airflow/example_dags/example_dag_decorator.py took 0.157 seconds
[2025-06-25T20:57:27.492-0400] {processor.py:161} INFO - Started process (PID=67273) to work on /opt/anaconda3/envs/airflow_env/lib/python3.10/site-packages/airflow/example_dags/example_dag_decorator.py
[2025-06-25T20:57:27.493-0400] {processor.py:830} INFO - Processing file /opt/anaconda3/envs/airflow_env/lib/python3.10/site-packages/airflow/example_dags/example_dag_decorator.py for tasks to queue
[2025-06-25T20:57:27.493-0400] {logging_mixin.py:188} INFO - [2025-06-25T20:57:27.493-0400] {dagbag.py:545} INFO - Filling up the DagBag from /opt/anaconda3/envs/airflow_env/lib/python3.10/site-packages/airflow/example_dags/example_dag_decorator.py
[2025-06-25T20:57:27.581-0400] {processor.py:840} INFO - DAG(s) 'example_dag_decorator' retrieved from /opt/anaconda3/envs/airflow_env/lib/python3.10/site-packages/airflow/example_dags/example_dag_decorator.py
[2025-06-25T20:57:27.585-0400] {logging_mixin.py:188} INFO - [2025-06-25T20:57:27.585-0400] {dag.py:3096} INFO - Sync 1 DAGs
[2025-06-25T20:57:27.612-0400] {logging_mixin.py:188} INFO - [2025-06-25T20:57:27.612-0400] {dag.py:3954} INFO - Setting next_dagrun for example_dag_decorator to None, run_after=None
[2025-06-25T20:57:27.618-0400] {processor.py:183} INFO - Processing /opt/anaconda3/envs/airflow_env/lib/python3.10/site-packages/airflow/example_dags/example_dag_decorator.py took 0.128 seconds
[2025-06-25T20:58:46.552-0400] {processor.py:161} INFO - Started process (PID=67432) to work on /opt/anaconda3/envs/airflow_env/lib/python3.10/site-packages/airflow/example_dags/example_dag_decorator.py
[2025-06-25T20:58:46.553-0400] {processor.py:830} INFO - Processing file /opt/anaconda3/envs/airflow_env/lib/python3.10/site-packages/airflow/example_dags/example_dag_decorator.py for tasks to queue
[2025-06-25T20:58:46.554-0400] {logging_mixin.py:188} INFO - [2025-06-25T20:58:46.554-0400] {dagbag.py:545} INFO - Filling up the DagBag from /opt/anaconda3/envs/airflow_env/lib/python3.10/site-packages/airflow/example_dags/example_dag_decorator.py
[2025-06-25T20:58:46.653-0400] {processor.py:840} INFO - DAG(s) 'example_dag_decorator' retrieved from /opt/anaconda3/envs/airflow_env/lib/python3.10/site-packages/airflow/example_dags/example_dag_decorator.py
[2025-06-25T20:58:46.717-0400] {logging_mixin.py:188} INFO - [2025-06-25T20:58:46.717-0400] {dag.py:3096} INFO - Sync 1 DAGs
[2025-06-25T20:58:46.720-0400] {logging_mixin.py:188} INFO - [2025-06-25T20:58:46.720-0400] {dag.py:3954} INFO - Setting next_dagrun for example_dag_decorator to None, run_after=None
[2025-06-25T20:58:46.727-0400] {processor.py:183} INFO - Processing /opt/anaconda3/envs/airflow_env/lib/python3.10/site-packages/airflow/example_dags/example_dag_decorator.py took 0.176 seconds
[2025-06-25T20:59:04.662-0400] {processor.py:161} INFO - Started process (PID=67464) to work on /opt/anaconda3/envs/airflow_env/lib/python3.10/site-packages/airflow/example_dags/example_dag_decorator.py
[2025-06-25T20:59:04.662-0400] {processor.py:830} INFO - Processing file /opt/anaconda3/envs/airflow_env/lib/python3.10/site-packages/airflow/example_dags/example_dag_decorator.py for tasks to queue
[2025-06-25T20:59:04.662-0400] {logging_mixin.py:188} INFO - [2025-06-25T20:59:04.662-0400] {dagbag.py:545} INFO - Filling up the DagBag from /opt/anaconda3/envs/airflow_env/lib/python3.10/site-packages/airflow/example_dags/example_dag_decorator.py
[2025-06-25T20:59:04.738-0400] {processor.py:840} INFO - DAG(s) 'example_dag_decorator' retrieved from /opt/anaconda3/envs/airflow_env/lib/python3.10/site-packages/airflow/example_dags/example_dag_decorator.py
[2025-06-25T20:59:04.742-0400] {logging_mixin.py:188} INFO - [2025-06-25T20:59:04.742-0400] {dag.py:3096} INFO - Sync 1 DAGs
[2025-06-25T20:59:04.771-0400] {logging_mixin.py:188} INFO - [2025-06-25T20:59:04.771-0400] {dag.py:3954} INFO - Setting next_dagrun for example_dag_decorator to None, run_after=None
[2025-06-25T20:59:04.777-0400] {processor.py:183} INFO - Processing /opt/anaconda3/envs/airflow_env/lib/python3.10/site-packages/airflow/example_dags/example_dag_decorator.py took 0.117 seconds
[2025-06-25T21:00:23.258-0400] {processor.py:161} INFO - Started process (PID=67618) to work on /opt/anaconda3/envs/airflow_env/lib/python3.10/site-packages/airflow/example_dags/example_dag_decorator.py
[2025-06-25T21:00:23.258-0400] {processor.py:830} INFO - Processing file /opt/anaconda3/envs/airflow_env/lib/python3.10/site-packages/airflow/example_dags/example_dag_decorator.py for tasks to queue
[2025-06-25T21:00:23.259-0400] {logging_mixin.py:188} INFO - [2025-06-25T21:00:23.258-0400] {dagbag.py:545} INFO - Filling up the DagBag from /opt/anaconda3/envs/airflow_env/lib/python3.10/site-packages/airflow/example_dags/example_dag_decorator.py
[2025-06-25T21:00:23.366-0400] {processor.py:840} INFO - DAG(s) 'example_dag_decorator' retrieved from /opt/anaconda3/envs/airflow_env/lib/python3.10/site-packages/airflow/example_dags/example_dag_decorator.py
[2025-06-25T21:00:23.439-0400] {logging_mixin.py:188} INFO - [2025-06-25T21:00:23.438-0400] {dag.py:3096} INFO - Sync 1 DAGs
[2025-06-25T21:00:23.441-0400] {logging_mixin.py:188} INFO - [2025-06-25T21:00:23.441-0400] {dag.py:3954} INFO - Setting next_dagrun for example_dag_decorator to None, run_after=None
[2025-06-25T21:00:23.448-0400] {processor.py:183} INFO - Processing /opt/anaconda3/envs/airflow_env/lib/python3.10/site-packages/airflow/example_dags/example_dag_decorator.py took 0.193 seconds
[2025-06-25T21:00:43.925-0400] {processor.py:161} INFO - Started process (PID=67653) to work on /opt/anaconda3/envs/airflow_env/lib/python3.10/site-packages/airflow/example_dags/example_dag_decorator.py
[2025-06-25T21:00:43.925-0400] {processor.py:830} INFO - Processing file /opt/anaconda3/envs/airflow_env/lib/python3.10/site-packages/airflow/example_dags/example_dag_decorator.py for tasks to queue
[2025-06-25T21:00:43.925-0400] {logging_mixin.py:188} INFO - [2025-06-25T21:00:43.925-0400] {dagbag.py:545} INFO - Filling up the DagBag from /opt/anaconda3/envs/airflow_env/lib/python3.10/site-packages/airflow/example_dags/example_dag_decorator.py
[2025-06-25T21:00:44.001-0400] {processor.py:840} INFO - DAG(s) 'example_dag_decorator' retrieved from /opt/anaconda3/envs/airflow_env/lib/python3.10/site-packages/airflow/example_dags/example_dag_decorator.py
[2025-06-25T21:00:44.005-0400] {logging_mixin.py:188} INFO - [2025-06-25T21:00:44.005-0400] {dag.py:3096} INFO - Sync 1 DAGs
[2025-06-25T21:00:44.034-0400] {logging_mixin.py:188} INFO - [2025-06-25T21:00:44.034-0400] {dag.py:3954} INFO - Setting next_dagrun for example_dag_decorator to None, run_after=None
[2025-06-25T21:00:44.040-0400] {processor.py:183} INFO - Processing /opt/anaconda3/envs/airflow_env/lib/python3.10/site-packages/airflow/example_dags/example_dag_decorator.py took 0.118 seconds
[2025-06-25T21:01:52.255-0400] {processor.py:161} INFO - Started process (PID=67750) to work on /opt/anaconda3/envs/airflow_env/lib/python3.10/site-packages/airflow/example_dags/example_dag_decorator.py
[2025-06-25T21:01:52.255-0400] {processor.py:830} INFO - Processing file /opt/anaconda3/envs/airflow_env/lib/python3.10/site-packages/airflow/example_dags/example_dag_decorator.py for tasks to queue
[2025-06-25T21:01:52.256-0400] {logging_mixin.py:188} INFO - [2025-06-25T21:01:52.256-0400] {dagbag.py:545} INFO - Filling up the DagBag from /opt/anaconda3/envs/airflow_env/lib/python3.10/site-packages/airflow/example_dags/example_dag_decorator.py
[2025-06-25T21:01:52.334-0400] {processor.py:840} INFO - DAG(s) 'example_dag_decorator' retrieved from /opt/anaconda3/envs/airflow_env/lib/python3.10/site-packages/airflow/example_dags/example_dag_decorator.py
[2025-06-25T21:01:52.392-0400] {logging_mixin.py:188} INFO - [2025-06-25T21:01:52.392-0400] {dag.py:3096} INFO - Sync 1 DAGs
[2025-06-25T21:01:52.395-0400] {logging_mixin.py:188} INFO - [2025-06-25T21:01:52.395-0400] {dag.py:3954} INFO - Setting next_dagrun for example_dag_decorator to None, run_after=None
[2025-06-25T21:01:52.402-0400] {processor.py:183} INFO - Processing /opt/anaconda3/envs/airflow_env/lib/python3.10/site-packages/airflow/example_dags/example_dag_decorator.py took 0.149 seconds
[2025-06-25T21:02:17.593-0400] {processor.py:161} INFO - Started process (PID=67787) to work on /opt/anaconda3/envs/airflow_env/lib/python3.10/site-packages/airflow/example_dags/example_dag_decorator.py
[2025-06-25T21:02:17.593-0400] {processor.py:830} INFO - Processing file /opt/anaconda3/envs/airflow_env/lib/python3.10/site-packages/airflow/example_dags/example_dag_decorator.py for tasks to queue
[2025-06-25T21:02:17.593-0400] {logging_mixin.py:188} INFO - [2025-06-25T21:02:17.593-0400] {dagbag.py:545} INFO - Filling up the DagBag from /opt/anaconda3/envs/airflow_env/lib/python3.10/site-packages/airflow/example_dags/example_dag_decorator.py
[2025-06-25T21:02:17.674-0400] {processor.py:840} INFO - DAG(s) 'example_dag_decorator' retrieved from /opt/anaconda3/envs/airflow_env/lib/python3.10/site-packages/airflow/example_dags/example_dag_decorator.py
[2025-06-25T21:02:17.678-0400] {logging_mixin.py:188} INFO - [2025-06-25T21:02:17.678-0400] {dag.py:3096} INFO - Sync 1 DAGs
[2025-06-25T21:02:17.708-0400] {logging_mixin.py:188} INFO - [2025-06-25T21:02:17.707-0400] {dag.py:3954} INFO - Setting next_dagrun for example_dag_decorator to None, run_after=None
[2025-06-25T21:02:17.715-0400] {processor.py:183} INFO - Processing /opt/anaconda3/envs/airflow_env/lib/python3.10/site-packages/airflow/example_dags/example_dag_decorator.py took 0.123 seconds
[2025-06-25T21:03:23.637-0400] {processor.py:161} INFO - Started process (PID=67885) to work on /opt/anaconda3/envs/airflow_env/lib/python3.10/site-packages/airflow/example_dags/example_dag_decorator.py
[2025-06-25T21:03:23.638-0400] {processor.py:830} INFO - Processing file /opt/anaconda3/envs/airflow_env/lib/python3.10/site-packages/airflow/example_dags/example_dag_decorator.py for tasks to queue
[2025-06-25T21:03:23.638-0400] {logging_mixin.py:188} INFO - [2025-06-25T21:03:23.638-0400] {dagbag.py:545} INFO - Filling up the DagBag from /opt/anaconda3/envs/airflow_env/lib/python3.10/site-packages/airflow/example_dags/example_dag_decorator.py
[2025-06-25T21:03:23.723-0400] {processor.py:840} INFO - DAG(s) 'example_dag_decorator' retrieved from /opt/anaconda3/envs/airflow_env/lib/python3.10/site-packages/airflow/example_dags/example_dag_decorator.py
[2025-06-25T21:03:23.780-0400] {logging_mixin.py:188} INFO - [2025-06-25T21:03:23.780-0400] {dag.py:3096} INFO - Sync 1 DAGs
[2025-06-25T21:03:23.783-0400] {logging_mixin.py:188} INFO - [2025-06-25T21:03:23.783-0400] {dag.py:3954} INFO - Setting next_dagrun for example_dag_decorator to None, run_after=None
[2025-06-25T21:03:23.790-0400] {processor.py:183} INFO - Processing /opt/anaconda3/envs/airflow_env/lib/python3.10/site-packages/airflow/example_dags/example_dag_decorator.py took 0.155 seconds
[2025-06-25T21:03:50.166-0400] {processor.py:161} INFO - Started process (PID=67923) to work on /opt/anaconda3/envs/airflow_env/lib/python3.10/site-packages/airflow/example_dags/example_dag_decorator.py
[2025-06-25T21:03:50.167-0400] {processor.py:830} INFO - Processing file /opt/anaconda3/envs/airflow_env/lib/python3.10/site-packages/airflow/example_dags/example_dag_decorator.py for tasks to queue
[2025-06-25T21:03:50.167-0400] {logging_mixin.py:188} INFO - [2025-06-25T21:03:50.167-0400] {dagbag.py:545} INFO - Filling up the DagBag from /opt/anaconda3/envs/airflow_env/lib/python3.10/site-packages/airflow/example_dags/example_dag_decorator.py
[2025-06-25T21:03:50.263-0400] {processor.py:840} INFO - DAG(s) 'example_dag_decorator' retrieved from /opt/anaconda3/envs/airflow_env/lib/python3.10/site-packages/airflow/example_dags/example_dag_decorator.py
[2025-06-25T21:03:50.267-0400] {logging_mixin.py:188} INFO - [2025-06-25T21:03:50.267-0400] {dag.py:3096} INFO - Sync 1 DAGs
[2025-06-25T21:03:50.298-0400] {logging_mixin.py:188} INFO - [2025-06-25T21:03:50.298-0400] {dag.py:3954} INFO - Setting next_dagrun for example_dag_decorator to None, run_after=None
[2025-06-25T21:03:50.305-0400] {processor.py:183} INFO - Processing /opt/anaconda3/envs/airflow_env/lib/python3.10/site-packages/airflow/example_dags/example_dag_decorator.py took 0.142 seconds
[2025-06-25T21:05:04.765-0400] {processor.py:161} INFO - Started process (PID=68055) to work on /opt/anaconda3/envs/airflow_env/lib/python3.10/site-packages/airflow/example_dags/example_dag_decorator.py
[2025-06-25T21:05:04.766-0400] {processor.py:830} INFO - Processing file /opt/anaconda3/envs/airflow_env/lib/python3.10/site-packages/airflow/example_dags/example_dag_decorator.py for tasks to queue
[2025-06-25T21:05:04.766-0400] {logging_mixin.py:188} INFO - [2025-06-25T21:05:04.766-0400] {dagbag.py:545} INFO - Filling up the DagBag from /opt/anaconda3/envs/airflow_env/lib/python3.10/site-packages/airflow/example_dags/example_dag_decorator.py
[2025-06-25T21:05:04.880-0400] {processor.py:840} INFO - DAG(s) 'example_dag_decorator' retrieved from /opt/anaconda3/envs/airflow_env/lib/python3.10/site-packages/airflow/example_dags/example_dag_decorator.py
[2025-06-25T21:05:04.976-0400] {logging_mixin.py:188} INFO - [2025-06-25T21:05:04.976-0400] {dag.py:3096} INFO - Sync 1 DAGs
[2025-06-25T21:05:04.979-0400] {logging_mixin.py:188} INFO - [2025-06-25T21:05:04.979-0400] {dag.py:3954} INFO - Setting next_dagrun for example_dag_decorator to None, run_after=None
[2025-06-25T21:05:04.989-0400] {processor.py:183} INFO - Processing /opt/anaconda3/envs/airflow_env/lib/python3.10/site-packages/airflow/example_dags/example_dag_decorator.py took 0.226 seconds
[2025-06-25T21:05:28.594-0400] {processor.py:161} INFO - Started process (PID=68099) to work on /opt/anaconda3/envs/airflow_env/lib/python3.10/site-packages/airflow/example_dags/example_dag_decorator.py
[2025-06-25T21:05:28.594-0400] {processor.py:830} INFO - Processing file /opt/anaconda3/envs/airflow_env/lib/python3.10/site-packages/airflow/example_dags/example_dag_decorator.py for tasks to queue
[2025-06-25T21:05:28.594-0400] {logging_mixin.py:188} INFO - [2025-06-25T21:05:28.594-0400] {dagbag.py:545} INFO - Filling up the DagBag from /opt/anaconda3/envs/airflow_env/lib/python3.10/site-packages/airflow/example_dags/example_dag_decorator.py
[2025-06-25T21:05:28.700-0400] {processor.py:840} INFO - DAG(s) 'example_dag_decorator' retrieved from /opt/anaconda3/envs/airflow_env/lib/python3.10/site-packages/airflow/example_dags/example_dag_decorator.py
[2025-06-25T21:05:28.705-0400] {logging_mixin.py:188} INFO - [2025-06-25T21:05:28.704-0400] {dag.py:3096} INFO - Sync 1 DAGs
[2025-06-25T21:05:28.734-0400] {logging_mixin.py:188} INFO - [2025-06-25T21:05:28.734-0400] {dag.py:3954} INFO - Setting next_dagrun for example_dag_decorator to None, run_after=None
[2025-06-25T21:05:28.741-0400] {processor.py:183} INFO - Processing /opt/anaconda3/envs/airflow_env/lib/python3.10/site-packages/airflow/example_dags/example_dag_decorator.py took 0.149 seconds
[2025-06-25T21:06:53.095-0400] {processor.py:161} INFO - Started process (PID=68227) to work on /opt/anaconda3/envs/airflow_env/lib/python3.10/site-packages/airflow/example_dags/example_dag_decorator.py
[2025-06-25T21:06:53.096-0400] {processor.py:830} INFO - Processing file /opt/anaconda3/envs/airflow_env/lib/python3.10/site-packages/airflow/example_dags/example_dag_decorator.py for tasks to queue
[2025-06-25T21:06:53.097-0400] {logging_mixin.py:188} INFO - [2025-06-25T21:06:53.097-0400] {dagbag.py:545} INFO - Filling up the DagBag from /opt/anaconda3/envs/airflow_env/lib/python3.10/site-packages/airflow/example_dags/example_dag_decorator.py
[2025-06-25T21:06:53.209-0400] {processor.py:840} INFO - DAG(s) 'example_dag_decorator' retrieved from /opt/anaconda3/envs/airflow_env/lib/python3.10/site-packages/airflow/example_dags/example_dag_decorator.py
[2025-06-25T21:06:53.288-0400] {logging_mixin.py:188} INFO - [2025-06-25T21:06:53.288-0400] {dag.py:3096} INFO - Sync 1 DAGs
[2025-06-25T21:06:53.292-0400] {logging_mixin.py:188} INFO - [2025-06-25T21:06:53.292-0400] {dag.py:3954} INFO - Setting next_dagrun for example_dag_decorator to None, run_after=None
[2025-06-25T21:06:53.300-0400] {processor.py:183} INFO - Processing /opt/anaconda3/envs/airflow_env/lib/python3.10/site-packages/airflow/example_dags/example_dag_decorator.py took 0.206 seconds
[2025-06-25T21:07:15.526-0400] {processor.py:161} INFO - Started process (PID=68265) to work on /opt/anaconda3/envs/airflow_env/lib/python3.10/site-packages/airflow/example_dags/example_dag_decorator.py
[2025-06-25T21:07:15.527-0400] {processor.py:830} INFO - Processing file /opt/anaconda3/envs/airflow_env/lib/python3.10/site-packages/airflow/example_dags/example_dag_decorator.py for tasks to queue
[2025-06-25T21:07:15.527-0400] {logging_mixin.py:188} INFO - [2025-06-25T21:07:15.527-0400] {dagbag.py:545} INFO - Filling up the DagBag from /opt/anaconda3/envs/airflow_env/lib/python3.10/site-packages/airflow/example_dags/example_dag_decorator.py
[2025-06-25T21:07:15.648-0400] {processor.py:840} INFO - DAG(s) 'example_dag_decorator' retrieved from /opt/anaconda3/envs/airflow_env/lib/python3.10/site-packages/airflow/example_dags/example_dag_decorator.py
[2025-06-25T21:07:15.653-0400] {logging_mixin.py:188} INFO - [2025-06-25T21:07:15.652-0400] {dag.py:3096} INFO - Sync 1 DAGs
[2025-06-25T21:07:15.684-0400] {logging_mixin.py:188} INFO - [2025-06-25T21:07:15.684-0400] {dag.py:3954} INFO - Setting next_dagrun for example_dag_decorator to None, run_after=None
[2025-06-25T21:07:15.693-0400] {processor.py:183} INFO - Processing /opt/anaconda3/envs/airflow_env/lib/python3.10/site-packages/airflow/example_dags/example_dag_decorator.py took 0.168 seconds
[2025-06-25T21:08:36.323-0400] {processor.py:161} INFO - Started process (PID=68395) to work on /opt/anaconda3/envs/airflow_env/lib/python3.10/site-packages/airflow/example_dags/example_dag_decorator.py
[2025-06-25T21:08:36.324-0400] {processor.py:830} INFO - Processing file /opt/anaconda3/envs/airflow_env/lib/python3.10/site-packages/airflow/example_dags/example_dag_decorator.py for tasks to queue
[2025-06-25T21:08:36.324-0400] {logging_mixin.py:188} INFO - [2025-06-25T21:08:36.324-0400] {dagbag.py:545} INFO - Filling up the DagBag from /opt/anaconda3/envs/airflow_env/lib/python3.10/site-packages/airflow/example_dags/example_dag_decorator.py
[2025-06-25T21:08:36.420-0400] {processor.py:840} INFO - DAG(s) 'example_dag_decorator' retrieved from /opt/anaconda3/envs/airflow_env/lib/python3.10/site-packages/airflow/example_dags/example_dag_decorator.py
[2025-06-25T21:08:36.488-0400] {logging_mixin.py:188} INFO - [2025-06-25T21:08:36.488-0400] {dag.py:3096} INFO - Sync 1 DAGs
[2025-06-25T21:08:36.491-0400] {logging_mixin.py:188} INFO - [2025-06-25T21:08:36.491-0400] {dag.py:3954} INFO - Setting next_dagrun for example_dag_decorator to None, run_after=None
[2025-06-25T21:08:36.498-0400] {processor.py:183} INFO - Processing /opt/anaconda3/envs/airflow_env/lib/python3.10/site-packages/airflow/example_dags/example_dag_decorator.py took 0.176 seconds
[2025-06-25T21:08:58.638-0400] {processor.py:161} INFO - Started process (PID=68425) to work on /opt/anaconda3/envs/airflow_env/lib/python3.10/site-packages/airflow/example_dags/example_dag_decorator.py
[2025-06-25T21:08:58.639-0400] {processor.py:830} INFO - Processing file /opt/anaconda3/envs/airflow_env/lib/python3.10/site-packages/airflow/example_dags/example_dag_decorator.py for tasks to queue
[2025-06-25T21:08:58.640-0400] {logging_mixin.py:188} INFO - [2025-06-25T21:08:58.640-0400] {dagbag.py:545} INFO - Filling up the DagBag from /opt/anaconda3/envs/airflow_env/lib/python3.10/site-packages/airflow/example_dags/example_dag_decorator.py
[2025-06-25T21:08:58.731-0400] {processor.py:840} INFO - DAG(s) 'example_dag_decorator' retrieved from /opt/anaconda3/envs/airflow_env/lib/python3.10/site-packages/airflow/example_dags/example_dag_decorator.py
[2025-06-25T21:08:58.736-0400] {logging_mixin.py:188} INFO - [2025-06-25T21:08:58.736-0400] {dag.py:3096} INFO - Sync 1 DAGs
[2025-06-25T21:08:58.764-0400] {logging_mixin.py:188} INFO - [2025-06-25T21:08:58.764-0400] {dag.py:3954} INFO - Setting next_dagrun for example_dag_decorator to None, run_after=None
[2025-06-25T21:08:58.771-0400] {processor.py:183} INFO - Processing /opt/anaconda3/envs/airflow_env/lib/python3.10/site-packages/airflow/example_dags/example_dag_decorator.py took 0.134 seconds
[2025-06-25T21:10:20.739-0400] {processor.py:161} INFO - Started process (PID=68558) to work on /opt/anaconda3/envs/airflow_env/lib/python3.10/site-packages/airflow/example_dags/example_dag_decorator.py
[2025-06-25T21:10:20.739-0400] {processor.py:830} INFO - Processing file /opt/anaconda3/envs/airflow_env/lib/python3.10/site-packages/airflow/example_dags/example_dag_decorator.py for tasks to queue
[2025-06-25T21:10:20.740-0400] {logging_mixin.py:188} INFO - [2025-06-25T21:10:20.740-0400] {dagbag.py:545} INFO - Filling up the DagBag from /opt/anaconda3/envs/airflow_env/lib/python3.10/site-packages/airflow/example_dags/example_dag_decorator.py
[2025-06-25T21:10:20.848-0400] {processor.py:840} INFO - DAG(s) 'example_dag_decorator' retrieved from /opt/anaconda3/envs/airflow_env/lib/python3.10/site-packages/airflow/example_dags/example_dag_decorator.py
[2025-06-25T21:10:20.921-0400] {logging_mixin.py:188} INFO - [2025-06-25T21:10:20.921-0400] {dag.py:3096} INFO - Sync 1 DAGs
[2025-06-25T21:10:20.925-0400] {logging_mixin.py:188} INFO - [2025-06-25T21:10:20.925-0400] {dag.py:3954} INFO - Setting next_dagrun for example_dag_decorator to None, run_after=None
[2025-06-25T21:10:20.933-0400] {processor.py:183} INFO - Processing /opt/anaconda3/envs/airflow_env/lib/python3.10/site-packages/airflow/example_dags/example_dag_decorator.py took 0.197 seconds
[2025-06-25T21:10:39.137-0400] {processor.py:161} INFO - Started process (PID=68623) to work on /opt/anaconda3/envs/airflow_env/lib/python3.10/site-packages/airflow/example_dags/example_dag_decorator.py
[2025-06-25T21:10:39.137-0400] {processor.py:830} INFO - Processing file /opt/anaconda3/envs/airflow_env/lib/python3.10/site-packages/airflow/example_dags/example_dag_decorator.py for tasks to queue
[2025-06-25T21:10:39.138-0400] {logging_mixin.py:188} INFO - [2025-06-25T21:10:39.138-0400] {dagbag.py:545} INFO - Filling up the DagBag from /opt/anaconda3/envs/airflow_env/lib/python3.10/site-packages/airflow/example_dags/example_dag_decorator.py
[2025-06-25T21:10:39.228-0400] {processor.py:840} INFO - DAG(s) 'example_dag_decorator' retrieved from /opt/anaconda3/envs/airflow_env/lib/python3.10/site-packages/airflow/example_dags/example_dag_decorator.py
[2025-06-25T21:10:39.232-0400] {logging_mixin.py:188} INFO - [2025-06-25T21:10:39.232-0400] {dag.py:3096} INFO - Sync 1 DAGs
[2025-06-25T21:10:39.260-0400] {logging_mixin.py:188} INFO - [2025-06-25T21:10:39.260-0400] {dag.py:3954} INFO - Setting next_dagrun for example_dag_decorator to None, run_after=None
[2025-06-25T21:10:39.266-0400] {processor.py:183} INFO - Processing /opt/anaconda3/envs/airflow_env/lib/python3.10/site-packages/airflow/example_dags/example_dag_decorator.py took 0.132 seconds
[2025-06-25T21:12:09.809-0400] {processor.py:161} INFO - Started process (PID=68845) to work on /opt/anaconda3/envs/airflow_env/lib/python3.10/site-packages/airflow/example_dags/example_dag_decorator.py
[2025-06-25T21:12:09.809-0400] {processor.py:830} INFO - Processing file /opt/anaconda3/envs/airflow_env/lib/python3.10/site-packages/airflow/example_dags/example_dag_decorator.py for tasks to queue
[2025-06-25T21:12:09.810-0400] {logging_mixin.py:188} INFO - [2025-06-25T21:12:09.809-0400] {dagbag.py:545} INFO - Filling up the DagBag from /opt/anaconda3/envs/airflow_env/lib/python3.10/site-packages/airflow/example_dags/example_dag_decorator.py
[2025-06-25T21:12:09.929-0400] {processor.py:840} INFO - DAG(s) 'example_dag_decorator' retrieved from /opt/anaconda3/envs/airflow_env/lib/python3.10/site-packages/airflow/example_dags/example_dag_decorator.py
[2025-06-25T21:12:10.010-0400] {logging_mixin.py:188} INFO - [2025-06-25T21:12:10.010-0400] {dag.py:3096} INFO - Sync 1 DAGs
[2025-06-25T21:12:10.014-0400] {logging_mixin.py:188} INFO - [2025-06-25T21:12:10.013-0400] {dag.py:3954} INFO - Setting next_dagrun for example_dag_decorator to None, run_after=None
[2025-06-25T21:12:10.023-0400] {processor.py:183} INFO - Processing /opt/anaconda3/envs/airflow_env/lib/python3.10/site-packages/airflow/example_dags/example_dag_decorator.py took 0.217 seconds
[2025-06-25T21:12:41.825-0400] {processor.py:161} INFO - Started process (PID=68898) to work on /opt/anaconda3/envs/airflow_env/lib/python3.10/site-packages/airflow/example_dags/example_dag_decorator.py
[2025-06-25T21:12:41.825-0400] {processor.py:830} INFO - Processing file /opt/anaconda3/envs/airflow_env/lib/python3.10/site-packages/airflow/example_dags/example_dag_decorator.py for tasks to queue
[2025-06-25T21:12:41.825-0400] {logging_mixin.py:188} INFO - [2025-06-25T21:12:41.825-0400] {dagbag.py:545} INFO - Filling up the DagBag from /opt/anaconda3/envs/airflow_env/lib/python3.10/site-packages/airflow/example_dags/example_dag_decorator.py
[2025-06-25T21:12:41.926-0400] {processor.py:840} INFO - DAG(s) 'example_dag_decorator' retrieved from /opt/anaconda3/envs/airflow_env/lib/python3.10/site-packages/airflow/example_dags/example_dag_decorator.py
[2025-06-25T21:12:41.999-0400] {logging_mixin.py:188} INFO - [2025-06-25T21:12:41.999-0400] {dag.py:3096} INFO - Sync 1 DAGs
[2025-06-25T21:12:42.002-0400] {logging_mixin.py:188} INFO - [2025-06-25T21:12:42.002-0400] {dag.py:3954} INFO - Setting next_dagrun for example_dag_decorator to None, run_after=None
[2025-06-25T21:12:42.009-0400] {processor.py:183} INFO - Processing /opt/anaconda3/envs/airflow_env/lib/python3.10/site-packages/airflow/example_dags/example_dag_decorator.py took 0.187 seconds
[2025-06-25T21:14:06.013-0400] {processor.py:161} INFO - Started process (PID=69043) to work on /opt/anaconda3/envs/airflow_env/lib/python3.10/site-packages/airflow/example_dags/example_dag_decorator.py
[2025-06-25T21:14:06.014-0400] {processor.py:830} INFO - Processing file /opt/anaconda3/envs/airflow_env/lib/python3.10/site-packages/airflow/example_dags/example_dag_decorator.py for tasks to queue
[2025-06-25T21:14:06.014-0400] {logging_mixin.py:188} INFO - [2025-06-25T21:14:06.014-0400] {dagbag.py:545} INFO - Filling up the DagBag from /opt/anaconda3/envs/airflow_env/lib/python3.10/site-packages/airflow/example_dags/example_dag_decorator.py
[2025-06-25T21:14:06.130-0400] {processor.py:840} INFO - DAG(s) 'example_dag_decorator' retrieved from /opt/anaconda3/envs/airflow_env/lib/python3.10/site-packages/airflow/example_dags/example_dag_decorator.py
[2025-06-25T21:14:06.222-0400] {logging_mixin.py:188} INFO - [2025-06-25T21:14:06.221-0400] {dag.py:3096} INFO - Sync 1 DAGs
[2025-06-25T21:14:06.225-0400] {logging_mixin.py:188} INFO - [2025-06-25T21:14:06.225-0400] {dag.py:3954} INFO - Setting next_dagrun for example_dag_decorator to None, run_after=None
[2025-06-25T21:14:06.233-0400] {processor.py:183} INFO - Processing /opt/anaconda3/envs/airflow_env/lib/python3.10/site-packages/airflow/example_dags/example_dag_decorator.py took 0.222 seconds
[2025-06-25T21:14:39.964-0400] {processor.py:161} INFO - Started process (PID=69103) to work on /opt/anaconda3/envs/airflow_env/lib/python3.10/site-packages/airflow/example_dags/example_dag_decorator.py
[2025-06-25T21:14:39.965-0400] {processor.py:830} INFO - Processing file /opt/anaconda3/envs/airflow_env/lib/python3.10/site-packages/airflow/example_dags/example_dag_decorator.py for tasks to queue
[2025-06-25T21:14:39.965-0400] {logging_mixin.py:188} INFO - [2025-06-25T21:14:39.965-0400] {dagbag.py:545} INFO - Filling up the DagBag from /opt/anaconda3/envs/airflow_env/lib/python3.10/site-packages/airflow/example_dags/example_dag_decorator.py
[2025-06-25T21:14:40.081-0400] {processor.py:840} INFO - DAG(s) 'example_dag_decorator' retrieved from /opt/anaconda3/envs/airflow_env/lib/python3.10/site-packages/airflow/example_dags/example_dag_decorator.py
[2025-06-25T21:14:40.165-0400] {logging_mixin.py:188} INFO - [2025-06-25T21:14:40.165-0400] {dag.py:3096} INFO - Sync 1 DAGs
[2025-06-25T21:14:40.169-0400] {logging_mixin.py:188} INFO - [2025-06-25T21:14:40.169-0400] {dag.py:3954} INFO - Setting next_dagrun for example_dag_decorator to None, run_after=None
[2025-06-25T21:14:40.178-0400] {processor.py:183} INFO - Processing /opt/anaconda3/envs/airflow_env/lib/python3.10/site-packages/airflow/example_dags/example_dag_decorator.py took 0.216 seconds
[2025-06-25T21:15:54.501-0400] {processor.py:161} INFO - Started process (PID=69232) to work on /opt/anaconda3/envs/airflow_env/lib/python3.10/site-packages/airflow/example_dags/example_dag_decorator.py
[2025-06-25T21:15:54.502-0400] {processor.py:830} INFO - Processing file /opt/anaconda3/envs/airflow_env/lib/python3.10/site-packages/airflow/example_dags/example_dag_decorator.py for tasks to queue
[2025-06-25T21:15:54.502-0400] {logging_mixin.py:188} INFO - [2025-06-25T21:15:54.502-0400] {dagbag.py:545} INFO - Filling up the DagBag from /opt/anaconda3/envs/airflow_env/lib/python3.10/site-packages/airflow/example_dags/example_dag_decorator.py
[2025-06-25T21:15:54.597-0400] {processor.py:840} INFO - DAG(s) 'example_dag_decorator' retrieved from /opt/anaconda3/envs/airflow_env/lib/python3.10/site-packages/airflow/example_dags/example_dag_decorator.py
[2025-06-25T21:15:54.669-0400] {logging_mixin.py:188} INFO - [2025-06-25T21:15:54.669-0400] {dag.py:3096} INFO - Sync 1 DAGs
[2025-06-25T21:15:54.672-0400] {logging_mixin.py:188} INFO - [2025-06-25T21:15:54.672-0400] {dag.py:3954} INFO - Setting next_dagrun for example_dag_decorator to None, run_after=None
[2025-06-25T21:15:54.679-0400] {processor.py:183} INFO - Processing /opt/anaconda3/envs/airflow_env/lib/python3.10/site-packages/airflow/example_dags/example_dag_decorator.py took 0.180 seconds
[2025-06-25T21:16:21.198-0400] {processor.py:161} INFO - Started process (PID=69268) to work on /opt/anaconda3/envs/airflow_env/lib/python3.10/site-packages/airflow/example_dags/example_dag_decorator.py
[2025-06-25T21:16:21.199-0400] {processor.py:830} INFO - Processing file /opt/anaconda3/envs/airflow_env/lib/python3.10/site-packages/airflow/example_dags/example_dag_decorator.py for tasks to queue
[2025-06-25T21:16:21.199-0400] {logging_mixin.py:188} INFO - [2025-06-25T21:16:21.199-0400] {dagbag.py:545} INFO - Filling up the DagBag from /opt/anaconda3/envs/airflow_env/lib/python3.10/site-packages/airflow/example_dags/example_dag_decorator.py
[2025-06-25T21:16:21.297-0400] {processor.py:840} INFO - DAG(s) 'example_dag_decorator' retrieved from /opt/anaconda3/envs/airflow_env/lib/python3.10/site-packages/airflow/example_dags/example_dag_decorator.py
[2025-06-25T21:16:21.300-0400] {logging_mixin.py:188} INFO - [2025-06-25T21:16:21.300-0400] {dag.py:3096} INFO - Sync 1 DAGs
[2025-06-25T21:16:21.327-0400] {logging_mixin.py:188} INFO - [2025-06-25T21:16:21.327-0400] {dag.py:3954} INFO - Setting next_dagrun for example_dag_decorator to None, run_after=None
[2025-06-25T21:16:21.333-0400] {processor.py:183} INFO - Processing /opt/anaconda3/envs/airflow_env/lib/python3.10/site-packages/airflow/example_dags/example_dag_decorator.py took 0.137 seconds
[2025-06-25T21:19:25.308-0400] {processor.py:161} INFO - Started process (PID=69452) to work on /opt/anaconda3/envs/airflow_env/lib/python3.10/site-packages/airflow/example_dags/example_dag_decorator.py
[2025-06-25T21:19:25.309-0400] {processor.py:830} INFO - Processing file /opt/anaconda3/envs/airflow_env/lib/python3.10/site-packages/airflow/example_dags/example_dag_decorator.py for tasks to queue
[2025-06-25T21:19:25.309-0400] {logging_mixin.py:188} INFO - [2025-06-25T21:19:25.309-0400] {dagbag.py:545} INFO - Filling up the DagBag from /opt/anaconda3/envs/airflow_env/lib/python3.10/site-packages/airflow/example_dags/example_dag_decorator.py
[2025-06-25T21:19:25.441-0400] {processor.py:840} INFO - DAG(s) 'example_dag_decorator' retrieved from /opt/anaconda3/envs/airflow_env/lib/python3.10/site-packages/airflow/example_dags/example_dag_decorator.py
[2025-06-25T21:19:25.524-0400] {logging_mixin.py:188} INFO - [2025-06-25T21:19:25.524-0400] {dag.py:3096} INFO - Sync 1 DAGs
[2025-06-25T21:19:25.528-0400] {logging_mixin.py:188} INFO - [2025-06-25T21:19:25.528-0400] {dag.py:3954} INFO - Setting next_dagrun for example_dag_decorator to None, run_after=None
[2025-06-25T21:19:25.535-0400] {processor.py:183} INFO - Processing /opt/anaconda3/envs/airflow_env/lib/python3.10/site-packages/airflow/example_dags/example_dag_decorator.py took 0.229 seconds
[2025-06-25T21:20:10.660-0400] {processor.py:161} INFO - Started process (PID=69546) to work on /opt/anaconda3/envs/airflow_env/lib/python3.10/site-packages/airflow/example_dags/example_dag_decorator.py
[2025-06-25T21:20:10.660-0400] {processor.py:830} INFO - Processing file /opt/anaconda3/envs/airflow_env/lib/python3.10/site-packages/airflow/example_dags/example_dag_decorator.py for tasks to queue
[2025-06-25T21:20:10.661-0400] {logging_mixin.py:188} INFO - [2025-06-25T21:20:10.660-0400] {dagbag.py:545} INFO - Filling up the DagBag from /opt/anaconda3/envs/airflow_env/lib/python3.10/site-packages/airflow/example_dags/example_dag_decorator.py
[2025-06-25T21:20:10.779-0400] {processor.py:840} INFO - DAG(s) 'example_dag_decorator' retrieved from /opt/anaconda3/envs/airflow_env/lib/python3.10/site-packages/airflow/example_dags/example_dag_decorator.py
[2025-06-25T21:20:10.860-0400] {logging_mixin.py:188} INFO - [2025-06-25T21:20:10.859-0400] {dag.py:3096} INFO - Sync 1 DAGs
[2025-06-25T21:20:10.863-0400] {logging_mixin.py:188} INFO - [2025-06-25T21:20:10.863-0400] {dag.py:3954} INFO - Setting next_dagrun for example_dag_decorator to None, run_after=None
[2025-06-25T21:20:10.870-0400] {processor.py:183} INFO - Processing /opt/anaconda3/envs/airflow_env/lib/python3.10/site-packages/airflow/example_dags/example_dag_decorator.py took 0.213 seconds
[2025-06-25T21:21:23.074-0400] {processor.py:161} INFO - Started process (PID=69659) to work on /opt/anaconda3/envs/airflow_env/lib/python3.10/site-packages/airflow/example_dags/example_dag_decorator.py
[2025-06-25T21:21:23.075-0400] {processor.py:830} INFO - Processing file /opt/anaconda3/envs/airflow_env/lib/python3.10/site-packages/airflow/example_dags/example_dag_decorator.py for tasks to queue
[2025-06-25T21:21:23.075-0400] {logging_mixin.py:188} INFO - [2025-06-25T21:21:23.075-0400] {dagbag.py:545} INFO - Filling up the DagBag from /opt/anaconda3/envs/airflow_env/lib/python3.10/site-packages/airflow/example_dags/example_dag_decorator.py
[2025-06-25T21:21:23.198-0400] {processor.py:840} INFO - DAG(s) 'example_dag_decorator' retrieved from /opt/anaconda3/envs/airflow_env/lib/python3.10/site-packages/airflow/example_dags/example_dag_decorator.py
[2025-06-25T21:21:23.290-0400] {logging_mixin.py:188} INFO - [2025-06-25T21:21:23.290-0400] {dag.py:3096} INFO - Sync 1 DAGs
[2025-06-25T21:21:23.294-0400] {logging_mixin.py:188} INFO - [2025-06-25T21:21:23.294-0400] {dag.py:3954} INFO - Setting next_dagrun for example_dag_decorator to None, run_after=None
[2025-06-25T21:21:23.304-0400] {processor.py:183} INFO - Processing /opt/anaconda3/envs/airflow_env/lib/python3.10/site-packages/airflow/example_dags/example_dag_decorator.py took 0.233 seconds
[2025-06-25T21:22:05.584-0400] {processor.py:161} INFO - Started process (PID=69717) to work on /opt/anaconda3/envs/airflow_env/lib/python3.10/site-packages/airflow/example_dags/example_dag_decorator.py
[2025-06-25T21:22:05.585-0400] {processor.py:830} INFO - Processing file /opt/anaconda3/envs/airflow_env/lib/python3.10/site-packages/airflow/example_dags/example_dag_decorator.py for tasks to queue
[2025-06-25T21:22:05.585-0400] {logging_mixin.py:188} INFO - [2025-06-25T21:22:05.585-0400] {dagbag.py:545} INFO - Filling up the DagBag from /opt/anaconda3/envs/airflow_env/lib/python3.10/site-packages/airflow/example_dags/example_dag_decorator.py
[2025-06-25T21:22:05.719-0400] {processor.py:840} INFO - DAG(s) 'example_dag_decorator' retrieved from /opt/anaconda3/envs/airflow_env/lib/python3.10/site-packages/airflow/example_dags/example_dag_decorator.py
[2025-06-25T21:22:05.810-0400] {logging_mixin.py:188} INFO - [2025-06-25T21:22:05.810-0400] {dag.py:3096} INFO - Sync 1 DAGs
[2025-06-25T21:22:05.813-0400] {logging_mixin.py:188} INFO - [2025-06-25T21:22:05.813-0400] {dag.py:3954} INFO - Setting next_dagrun for example_dag_decorator to None, run_after=None
[2025-06-25T21:22:05.822-0400] {processor.py:183} INFO - Processing /opt/anaconda3/envs/airflow_env/lib/python3.10/site-packages/airflow/example_dags/example_dag_decorator.py took 0.240 seconds
[2025-06-25T21:23:22.068-0400] {processor.py:161} INFO - Started process (PID=69835) to work on /opt/anaconda3/envs/airflow_env/lib/python3.10/site-packages/airflow/example_dags/example_dag_decorator.py
[2025-06-25T21:23:22.068-0400] {processor.py:830} INFO - Processing file /opt/anaconda3/envs/airflow_env/lib/python3.10/site-packages/airflow/example_dags/example_dag_decorator.py for tasks to queue
[2025-06-25T21:23:22.068-0400] {logging_mixin.py:188} INFO - [2025-06-25T21:23:22.068-0400] {dagbag.py:545} INFO - Filling up the DagBag from /opt/anaconda3/envs/airflow_env/lib/python3.10/site-packages/airflow/example_dags/example_dag_decorator.py
[2025-06-25T21:23:22.190-0400] {processor.py:840} INFO - DAG(s) 'example_dag_decorator' retrieved from /opt/anaconda3/envs/airflow_env/lib/python3.10/site-packages/airflow/example_dags/example_dag_decorator.py
[2025-06-25T21:23:22.273-0400] {logging_mixin.py:188} INFO - [2025-06-25T21:23:22.273-0400] {dag.py:3096} INFO - Sync 1 DAGs
[2025-06-25T21:23:22.278-0400] {logging_mixin.py:188} INFO - [2025-06-25T21:23:22.277-0400] {dag.py:3954} INFO - Setting next_dagrun for example_dag_decorator to None, run_after=None
[2025-06-25T21:23:22.288-0400] {processor.py:183} INFO - Processing /opt/anaconda3/envs/airflow_env/lib/python3.10/site-packages/airflow/example_dags/example_dag_decorator.py took 0.223 seconds
[2025-06-25T21:24:07.978-0400] {processor.py:161} INFO - Started process (PID=69907) to work on /opt/anaconda3/envs/airflow_env/lib/python3.10/site-packages/airflow/example_dags/example_dag_decorator.py
[2025-06-25T21:24:07.979-0400] {processor.py:830} INFO - Processing file /opt/anaconda3/envs/airflow_env/lib/python3.10/site-packages/airflow/example_dags/example_dag_decorator.py for tasks to queue
[2025-06-25T21:24:07.979-0400] {logging_mixin.py:188} INFO - [2025-06-25T21:24:07.979-0400] {dagbag.py:545} INFO - Filling up the DagBag from /opt/anaconda3/envs/airflow_env/lib/python3.10/site-packages/airflow/example_dags/example_dag_decorator.py
[2025-06-25T21:24:08.088-0400] {processor.py:840} INFO - DAG(s) 'example_dag_decorator' retrieved from /opt/anaconda3/envs/airflow_env/lib/python3.10/site-packages/airflow/example_dags/example_dag_decorator.py
[2025-06-25T21:24:08.173-0400] {logging_mixin.py:188} INFO - [2025-06-25T21:24:08.173-0400] {dag.py:3096} INFO - Sync 1 DAGs
[2025-06-25T21:24:08.176-0400] {logging_mixin.py:188} INFO - [2025-06-25T21:24:08.176-0400] {dag.py:3954} INFO - Setting next_dagrun for example_dag_decorator to None, run_after=None
[2025-06-25T21:24:08.184-0400] {processor.py:183} INFO - Processing /opt/anaconda3/envs/airflow_env/lib/python3.10/site-packages/airflow/example_dags/example_dag_decorator.py took 0.209 seconds
[2025-06-25T21:25:21.948-0400] {processor.py:161} INFO - Started process (PID=70024) to work on /opt/anaconda3/envs/airflow_env/lib/python3.10/site-packages/airflow/example_dags/example_dag_decorator.py
[2025-06-25T21:25:21.948-0400] {processor.py:830} INFO - Processing file /opt/anaconda3/envs/airflow_env/lib/python3.10/site-packages/airflow/example_dags/example_dag_decorator.py for tasks to queue
[2025-06-25T21:25:21.948-0400] {logging_mixin.py:188} INFO - [2025-06-25T21:25:21.948-0400] {dagbag.py:545} INFO - Filling up the DagBag from /opt/anaconda3/envs/airflow_env/lib/python3.10/site-packages/airflow/example_dags/example_dag_decorator.py
[2025-06-25T21:25:22.047-0400] {processor.py:840} INFO - DAG(s) 'example_dag_decorator' retrieved from /opt/anaconda3/envs/airflow_env/lib/python3.10/site-packages/airflow/example_dags/example_dag_decorator.py
[2025-06-25T21:25:22.118-0400] {logging_mixin.py:188} INFO - [2025-06-25T21:25:22.118-0400] {dag.py:3096} INFO - Sync 1 DAGs
[2025-06-25T21:25:22.121-0400] {logging_mixin.py:188} INFO - [2025-06-25T21:25:22.121-0400] {dag.py:3954} INFO - Setting next_dagrun for example_dag_decorator to None, run_after=None
[2025-06-25T21:25:22.127-0400] {processor.py:183} INFO - Processing /opt/anaconda3/envs/airflow_env/lib/python3.10/site-packages/airflow/example_dags/example_dag_decorator.py took 0.182 seconds
[2025-06-25T21:26:02.937-0400] {processor.py:161} INFO - Started process (PID=70096) to work on /opt/anaconda3/envs/airflow_env/lib/python3.10/site-packages/airflow/example_dags/example_dag_decorator.py
[2025-06-25T21:26:02.938-0400] {processor.py:830} INFO - Processing file /opt/anaconda3/envs/airflow_env/lib/python3.10/site-packages/airflow/example_dags/example_dag_decorator.py for tasks to queue
[2025-06-25T21:26:02.938-0400] {logging_mixin.py:188} INFO - [2025-06-25T21:26:02.938-0400] {dagbag.py:545} INFO - Filling up the DagBag from /opt/anaconda3/envs/airflow_env/lib/python3.10/site-packages/airflow/example_dags/example_dag_decorator.py
[2025-06-25T21:26:03.040-0400] {processor.py:840} INFO - DAG(s) 'example_dag_decorator' retrieved from /opt/anaconda3/envs/airflow_env/lib/python3.10/site-packages/airflow/example_dags/example_dag_decorator.py
[2025-06-25T21:26:03.122-0400] {logging_mixin.py:188} INFO - [2025-06-25T21:26:03.121-0400] {dag.py:3096} INFO - Sync 1 DAGs
[2025-06-25T21:26:03.125-0400] {logging_mixin.py:188} INFO - [2025-06-25T21:26:03.125-0400] {dag.py:3954} INFO - Setting next_dagrun for example_dag_decorator to None, run_after=None
[2025-06-25T21:26:03.132-0400] {processor.py:183} INFO - Processing /opt/anaconda3/envs/airflow_env/lib/python3.10/site-packages/airflow/example_dags/example_dag_decorator.py took 0.197 seconds
[2025-06-25T21:27:21.621-0400] {processor.py:161} INFO - Started process (PID=70208) to work on /opt/anaconda3/envs/airflow_env/lib/python3.10/site-packages/airflow/example_dags/example_dag_decorator.py
[2025-06-25T21:27:21.622-0400] {processor.py:830} INFO - Processing file /opt/anaconda3/envs/airflow_env/lib/python3.10/site-packages/airflow/example_dags/example_dag_decorator.py for tasks to queue
[2025-06-25T21:27:21.622-0400] {logging_mixin.py:188} INFO - [2025-06-25T21:27:21.622-0400] {dagbag.py:545} INFO - Filling up the DagBag from /opt/anaconda3/envs/airflow_env/lib/python3.10/site-packages/airflow/example_dags/example_dag_decorator.py
[2025-06-25T21:27:21.727-0400] {processor.py:840} INFO - DAG(s) 'example_dag_decorator' retrieved from /opt/anaconda3/envs/airflow_env/lib/python3.10/site-packages/airflow/example_dags/example_dag_decorator.py
[2025-06-25T21:27:21.794-0400] {logging_mixin.py:188} INFO - [2025-06-25T21:27:21.794-0400] {dag.py:3096} INFO - Sync 1 DAGs
[2025-06-25T21:27:21.797-0400] {logging_mixin.py:188} INFO - [2025-06-25T21:27:21.797-0400] {dag.py:3954} INFO - Setting next_dagrun for example_dag_decorator to None, run_after=None
[2025-06-25T21:27:21.807-0400] {processor.py:183} INFO - Processing /opt/anaconda3/envs/airflow_env/lib/python3.10/site-packages/airflow/example_dags/example_dag_decorator.py took 0.189 seconds
[2025-06-25T21:27:59.511-0400] {processor.py:161} INFO - Started process (PID=70273) to work on /opt/anaconda3/envs/airflow_env/lib/python3.10/site-packages/airflow/example_dags/example_dag_decorator.py
[2025-06-25T21:27:59.512-0400] {processor.py:830} INFO - Processing file /opt/anaconda3/envs/airflow_env/lib/python3.10/site-packages/airflow/example_dags/example_dag_decorator.py for tasks to queue
[2025-06-25T21:27:59.513-0400] {logging_mixin.py:188} INFO - [2025-06-25T21:27:59.513-0400] {dagbag.py:545} INFO - Filling up the DagBag from /opt/anaconda3/envs/airflow_env/lib/python3.10/site-packages/airflow/example_dags/example_dag_decorator.py
[2025-06-25T21:27:59.628-0400] {processor.py:840} INFO - DAG(s) 'example_dag_decorator' retrieved from /opt/anaconda3/envs/airflow_env/lib/python3.10/site-packages/airflow/example_dags/example_dag_decorator.py
[2025-06-25T21:27:59.717-0400] {logging_mixin.py:188} INFO - [2025-06-25T21:27:59.716-0400] {dag.py:3096} INFO - Sync 1 DAGs
[2025-06-25T21:27:59.721-0400] {logging_mixin.py:188} INFO - [2025-06-25T21:27:59.721-0400] {dag.py:3954} INFO - Setting next_dagrun for example_dag_decorator to None, run_after=None
[2025-06-25T21:27:59.729-0400] {processor.py:183} INFO - Processing /opt/anaconda3/envs/airflow_env/lib/python3.10/site-packages/airflow/example_dags/example_dag_decorator.py took 0.222 seconds
[2025-06-25T21:29:25.033-0400] {processor.py:161} INFO - Started process (PID=70421) to work on /opt/anaconda3/envs/airflow_env/lib/python3.10/site-packages/airflow/example_dags/example_dag_decorator.py
[2025-06-25T21:29:25.033-0400] {processor.py:830} INFO - Processing file /opt/anaconda3/envs/airflow_env/lib/python3.10/site-packages/airflow/example_dags/example_dag_decorator.py for tasks to queue
[2025-06-25T21:29:25.034-0400] {logging_mixin.py:188} INFO - [2025-06-25T21:29:25.034-0400] {dagbag.py:545} INFO - Filling up the DagBag from /opt/anaconda3/envs/airflow_env/lib/python3.10/site-packages/airflow/example_dags/example_dag_decorator.py
[2025-06-25T21:29:25.137-0400] {processor.py:840} INFO - DAG(s) 'example_dag_decorator' retrieved from /opt/anaconda3/envs/airflow_env/lib/python3.10/site-packages/airflow/example_dags/example_dag_decorator.py
[2025-06-25T21:29:25.207-0400] {logging_mixin.py:188} INFO - [2025-06-25T21:29:25.207-0400] {dag.py:3096} INFO - Sync 1 DAGs
[2025-06-25T21:29:25.210-0400] {logging_mixin.py:188} INFO - [2025-06-25T21:29:25.210-0400] {dag.py:3954} INFO - Setting next_dagrun for example_dag_decorator to None, run_after=None
[2025-06-25T21:29:25.218-0400] {processor.py:183} INFO - Processing /opt/anaconda3/envs/airflow_env/lib/python3.10/site-packages/airflow/example_dags/example_dag_decorator.py took 0.187 seconds
[2025-06-25T21:30:01.550-0400] {processor.py:161} INFO - Started process (PID=70473) to work on /opt/anaconda3/envs/airflow_env/lib/python3.10/site-packages/airflow/example_dags/example_dag_decorator.py
[2025-06-25T21:30:01.551-0400] {processor.py:830} INFO - Processing file /opt/anaconda3/envs/airflow_env/lib/python3.10/site-packages/airflow/example_dags/example_dag_decorator.py for tasks to queue
[2025-06-25T21:30:01.551-0400] {logging_mixin.py:188} INFO - [2025-06-25T21:30:01.551-0400] {dagbag.py:545} INFO - Filling up the DagBag from /opt/anaconda3/envs/airflow_env/lib/python3.10/site-packages/airflow/example_dags/example_dag_decorator.py
[2025-06-25T21:30:01.660-0400] {processor.py:840} INFO - DAG(s) 'example_dag_decorator' retrieved from /opt/anaconda3/envs/airflow_env/lib/python3.10/site-packages/airflow/example_dags/example_dag_decorator.py
[2025-06-25T21:30:01.753-0400] {logging_mixin.py:188} INFO - [2025-06-25T21:30:01.753-0400] {dag.py:3096} INFO - Sync 1 DAGs
[2025-06-25T21:30:01.757-0400] {logging_mixin.py:188} INFO - [2025-06-25T21:30:01.757-0400] {dag.py:3954} INFO - Setting next_dagrun for example_dag_decorator to None, run_after=None
[2025-06-25T21:30:01.765-0400] {processor.py:183} INFO - Processing /opt/anaconda3/envs/airflow_env/lib/python3.10/site-packages/airflow/example_dags/example_dag_decorator.py took 0.217 seconds
[2025-06-25T21:31:17.141-0400] {processor.py:161} INFO - Started process (PID=70586) to work on /opt/anaconda3/envs/airflow_env/lib/python3.10/site-packages/airflow/example_dags/example_dag_decorator.py
[2025-06-25T21:31:17.141-0400] {processor.py:830} INFO - Processing file /opt/anaconda3/envs/airflow_env/lib/python3.10/site-packages/airflow/example_dags/example_dag_decorator.py for tasks to queue
[2025-06-25T21:31:17.141-0400] {logging_mixin.py:188} INFO - [2025-06-25T21:31:17.141-0400] {dagbag.py:545} INFO - Filling up the DagBag from /opt/anaconda3/envs/airflow_env/lib/python3.10/site-packages/airflow/example_dags/example_dag_decorator.py
[2025-06-25T21:31:17.236-0400] {processor.py:840} INFO - DAG(s) 'example_dag_decorator' retrieved from /opt/anaconda3/envs/airflow_env/lib/python3.10/site-packages/airflow/example_dags/example_dag_decorator.py
[2025-06-25T21:31:17.306-0400] {logging_mixin.py:188} INFO - [2025-06-25T21:31:17.306-0400] {dag.py:3096} INFO - Sync 1 DAGs
[2025-06-25T21:31:17.309-0400] {logging_mixin.py:188} INFO - [2025-06-25T21:31:17.309-0400] {dag.py:3954} INFO - Setting next_dagrun for example_dag_decorator to None, run_after=None
[2025-06-25T21:31:17.317-0400] {processor.py:183} INFO - Processing /opt/anaconda3/envs/airflow_env/lib/python3.10/site-packages/airflow/example_dags/example_dag_decorator.py took 0.178 seconds
[2025-06-25T21:31:57.393-0400] {processor.py:161} INFO - Started process (PID=70653) to work on /opt/anaconda3/envs/airflow_env/lib/python3.10/site-packages/airflow/example_dags/example_dag_decorator.py
[2025-06-25T21:31:57.393-0400] {processor.py:830} INFO - Processing file /opt/anaconda3/envs/airflow_env/lib/python3.10/site-packages/airflow/example_dags/example_dag_decorator.py for tasks to queue
[2025-06-25T21:31:57.394-0400] {logging_mixin.py:188} INFO - [2025-06-25T21:31:57.394-0400] {dagbag.py:545} INFO - Filling up the DagBag from /opt/anaconda3/envs/airflow_env/lib/python3.10/site-packages/airflow/example_dags/example_dag_decorator.py
[2025-06-25T21:31:57.520-0400] {processor.py:840} INFO - DAG(s) 'example_dag_decorator' retrieved from /opt/anaconda3/envs/airflow_env/lib/python3.10/site-packages/airflow/example_dags/example_dag_decorator.py
[2025-06-25T21:31:57.610-0400] {logging_mixin.py:188} INFO - [2025-06-25T21:31:57.610-0400] {dag.py:3096} INFO - Sync 1 DAGs
[2025-06-25T21:31:57.614-0400] {logging_mixin.py:188} INFO - [2025-06-25T21:31:57.614-0400] {dag.py:3954} INFO - Setting next_dagrun for example_dag_decorator to None, run_after=None
[2025-06-25T21:31:57.623-0400] {processor.py:183} INFO - Processing /opt/anaconda3/envs/airflow_env/lib/python3.10/site-packages/airflow/example_dags/example_dag_decorator.py took 0.234 seconds
[2025-06-25T21:33:12.480-0400] {processor.py:161} INFO - Started process (PID=70765) to work on /opt/anaconda3/envs/airflow_env/lib/python3.10/site-packages/airflow/example_dags/example_dag_decorator.py
[2025-06-25T21:33:12.484-0400] {processor.py:830} INFO - Processing file /opt/anaconda3/envs/airflow_env/lib/python3.10/site-packages/airflow/example_dags/example_dag_decorator.py for tasks to queue
[2025-06-25T21:33:12.484-0400] {logging_mixin.py:188} INFO - [2025-06-25T21:33:12.484-0400] {dagbag.py:545} INFO - Filling up the DagBag from /opt/anaconda3/envs/airflow_env/lib/python3.10/site-packages/airflow/example_dags/example_dag_decorator.py
[2025-06-25T21:33:12.617-0400] {processor.py:840} INFO - DAG(s) 'example_dag_decorator' retrieved from /opt/anaconda3/envs/airflow_env/lib/python3.10/site-packages/airflow/example_dags/example_dag_decorator.py
[2025-06-25T21:33:12.691-0400] {logging_mixin.py:188} INFO - [2025-06-25T21:33:12.691-0400] {dag.py:3096} INFO - Sync 1 DAGs
[2025-06-25T21:33:12.695-0400] {logging_mixin.py:188} INFO - [2025-06-25T21:33:12.695-0400] {dag.py:3954} INFO - Setting next_dagrun for example_dag_decorator to None, run_after=None
[2025-06-25T21:33:12.704-0400] {processor.py:183} INFO - Processing /opt/anaconda3/envs/airflow_env/lib/python3.10/site-packages/airflow/example_dags/example_dag_decorator.py took 0.227 seconds
[2025-06-25T21:33:48.694-0400] {processor.py:161} INFO - Started process (PID=70815) to work on /opt/anaconda3/envs/airflow_env/lib/python3.10/site-packages/airflow/example_dags/example_dag_decorator.py
[2025-06-25T21:33:48.694-0400] {processor.py:830} INFO - Processing file /opt/anaconda3/envs/airflow_env/lib/python3.10/site-packages/airflow/example_dags/example_dag_decorator.py for tasks to queue
[2025-06-25T21:33:48.694-0400] {logging_mixin.py:188} INFO - [2025-06-25T21:33:48.694-0400] {dagbag.py:545} INFO - Filling up the DagBag from /opt/anaconda3/envs/airflow_env/lib/python3.10/site-packages/airflow/example_dags/example_dag_decorator.py
[2025-06-25T21:33:48.773-0400] {processor.py:840} INFO - DAG(s) 'example_dag_decorator' retrieved from /opt/anaconda3/envs/airflow_env/lib/python3.10/site-packages/airflow/example_dags/example_dag_decorator.py
[2025-06-25T21:33:48.836-0400] {logging_mixin.py:188} INFO - [2025-06-25T21:33:48.836-0400] {dag.py:3096} INFO - Sync 1 DAGs
[2025-06-25T21:33:48.839-0400] {logging_mixin.py:188} INFO - [2025-06-25T21:33:48.839-0400] {dag.py:3954} INFO - Setting next_dagrun for example_dag_decorator to None, run_after=None
[2025-06-25T21:33:48.846-0400] {processor.py:183} INFO - Processing /opt/anaconda3/envs/airflow_env/lib/python3.10/site-packages/airflow/example_dags/example_dag_decorator.py took 0.154 seconds
[2025-06-25T21:34:57.511-0400] {processor.py:161} INFO - Started process (PID=70902) to work on /opt/anaconda3/envs/airflow_env/lib/python3.10/site-packages/airflow/example_dags/example_dag_decorator.py
[2025-06-25T21:34:57.511-0400] {processor.py:830} INFO - Processing file /opt/anaconda3/envs/airflow_env/lib/python3.10/site-packages/airflow/example_dags/example_dag_decorator.py for tasks to queue
[2025-06-25T21:34:57.511-0400] {logging_mixin.py:188} INFO - [2025-06-25T21:34:57.511-0400] {dagbag.py:545} INFO - Filling up the DagBag from /opt/anaconda3/envs/airflow_env/lib/python3.10/site-packages/airflow/example_dags/example_dag_decorator.py
[2025-06-25T21:34:57.596-0400] {processor.py:840} INFO - DAG(s) 'example_dag_decorator' retrieved from /opt/anaconda3/envs/airflow_env/lib/python3.10/site-packages/airflow/example_dags/example_dag_decorator.py
[2025-06-25T21:34:57.659-0400] {logging_mixin.py:188} INFO - [2025-06-25T21:34:57.659-0400] {dag.py:3096} INFO - Sync 1 DAGs
[2025-06-25T21:34:57.662-0400] {logging_mixin.py:188} INFO - [2025-06-25T21:34:57.662-0400] {dag.py:3954} INFO - Setting next_dagrun for example_dag_decorator to None, run_after=None
[2025-06-25T21:34:57.669-0400] {processor.py:183} INFO - Processing /opt/anaconda3/envs/airflow_env/lib/python3.10/site-packages/airflow/example_dags/example_dag_decorator.py took 0.160 seconds
[2025-06-25T21:35:37.524-0400] {processor.py:161} INFO - Started process (PID=70966) to work on /opt/anaconda3/envs/airflow_env/lib/python3.10/site-packages/airflow/example_dags/example_dag_decorator.py
[2025-06-25T21:35:37.524-0400] {processor.py:830} INFO - Processing file /opt/anaconda3/envs/airflow_env/lib/python3.10/site-packages/airflow/example_dags/example_dag_decorator.py for tasks to queue
[2025-06-25T21:35:37.524-0400] {logging_mixin.py:188} INFO - [2025-06-25T21:35:37.524-0400] {dagbag.py:545} INFO - Filling up the DagBag from /opt/anaconda3/envs/airflow_env/lib/python3.10/site-packages/airflow/example_dags/example_dag_decorator.py
[2025-06-25T21:35:37.599-0400] {processor.py:840} INFO - DAG(s) 'example_dag_decorator' retrieved from /opt/anaconda3/envs/airflow_env/lib/python3.10/site-packages/airflow/example_dags/example_dag_decorator.py
[2025-06-25T21:35:37.658-0400] {logging_mixin.py:188} INFO - [2025-06-25T21:35:37.658-0400] {dag.py:3096} INFO - Sync 1 DAGs
[2025-06-25T21:35:37.661-0400] {logging_mixin.py:188} INFO - [2025-06-25T21:35:37.661-0400] {dag.py:3954} INFO - Setting next_dagrun for example_dag_decorator to None, run_after=None
[2025-06-25T21:35:37.668-0400] {processor.py:183} INFO - Processing /opt/anaconda3/envs/airflow_env/lib/python3.10/site-packages/airflow/example_dags/example_dag_decorator.py took 0.146 seconds
[2025-06-25T21:36:39.512-0400] {processor.py:161} INFO - Started process (PID=71075) to work on /opt/anaconda3/envs/airflow_env/lib/python3.10/site-packages/airflow/example_dags/example_dag_decorator.py
[2025-06-25T21:36:39.512-0400] {processor.py:830} INFO - Processing file /opt/anaconda3/envs/airflow_env/lib/python3.10/site-packages/airflow/example_dags/example_dag_decorator.py for tasks to queue
[2025-06-25T21:36:39.512-0400] {logging_mixin.py:188} INFO - [2025-06-25T21:36:39.512-0400] {dagbag.py:545} INFO - Filling up the DagBag from /opt/anaconda3/envs/airflow_env/lib/python3.10/site-packages/airflow/example_dags/example_dag_decorator.py
[2025-06-25T21:36:39.599-0400] {processor.py:840} INFO - DAG(s) 'example_dag_decorator' retrieved from /opt/anaconda3/envs/airflow_env/lib/python3.10/site-packages/airflow/example_dags/example_dag_decorator.py
[2025-06-25T21:36:39.658-0400] {logging_mixin.py:188} INFO - [2025-06-25T21:36:39.657-0400] {dag.py:3096} INFO - Sync 1 DAGs
[2025-06-25T21:36:39.660-0400] {logging_mixin.py:188} INFO - [2025-06-25T21:36:39.660-0400] {dag.py:3954} INFO - Setting next_dagrun for example_dag_decorator to None, run_after=None
[2025-06-25T21:36:39.667-0400] {processor.py:183} INFO - Processing /opt/anaconda3/envs/airflow_env/lib/python3.10/site-packages/airflow/example_dags/example_dag_decorator.py took 0.158 seconds
[2025-06-25T21:37:17.852-0400] {processor.py:161} INFO - Started process (PID=71142) to work on /opt/anaconda3/envs/airflow_env/lib/python3.10/site-packages/airflow/example_dags/example_dag_decorator.py
[2025-06-25T21:37:17.853-0400] {processor.py:830} INFO - Processing file /opt/anaconda3/envs/airflow_env/lib/python3.10/site-packages/airflow/example_dags/example_dag_decorator.py for tasks to queue
[2025-06-25T21:37:17.853-0400] {logging_mixin.py:188} INFO - [2025-06-25T21:37:17.853-0400] {dagbag.py:545} INFO - Filling up the DagBag from /opt/anaconda3/envs/airflow_env/lib/python3.10/site-packages/airflow/example_dags/example_dag_decorator.py
[2025-06-25T21:37:17.932-0400] {processor.py:840} INFO - DAG(s) 'example_dag_decorator' retrieved from /opt/anaconda3/envs/airflow_env/lib/python3.10/site-packages/airflow/example_dags/example_dag_decorator.py
[2025-06-25T21:37:17.992-0400] {logging_mixin.py:188} INFO - [2025-06-25T21:37:17.991-0400] {dag.py:3096} INFO - Sync 1 DAGs
[2025-06-25T21:37:17.995-0400] {logging_mixin.py:188} INFO - [2025-06-25T21:37:17.995-0400] {dag.py:3954} INFO - Setting next_dagrun for example_dag_decorator to None, run_after=None
[2025-06-25T21:37:18.002-0400] {processor.py:183} INFO - Processing /opt/anaconda3/envs/airflow_env/lib/python3.10/site-packages/airflow/example_dags/example_dag_decorator.py took 0.151 seconds
[2025-06-25T21:38:18.270-0400] {processor.py:161} INFO - Started process (PID=71235) to work on /opt/anaconda3/envs/airflow_env/lib/python3.10/site-packages/airflow/example_dags/example_dag_decorator.py
[2025-06-25T21:38:18.271-0400] {processor.py:830} INFO - Processing file /opt/anaconda3/envs/airflow_env/lib/python3.10/site-packages/airflow/example_dags/example_dag_decorator.py for tasks to queue
[2025-06-25T21:38:18.271-0400] {logging_mixin.py:188} INFO - [2025-06-25T21:38:18.271-0400] {dagbag.py:545} INFO - Filling up the DagBag from /opt/anaconda3/envs/airflow_env/lib/python3.10/site-packages/airflow/example_dags/example_dag_decorator.py
[2025-06-25T21:38:18.344-0400] {processor.py:840} INFO - DAG(s) 'example_dag_decorator' retrieved from /opt/anaconda3/envs/airflow_env/lib/python3.10/site-packages/airflow/example_dags/example_dag_decorator.py
[2025-06-25T21:38:18.401-0400] {logging_mixin.py:188} INFO - [2025-06-25T21:38:18.401-0400] {dag.py:3096} INFO - Sync 1 DAGs
[2025-06-25T21:38:18.404-0400] {logging_mixin.py:188} INFO - [2025-06-25T21:38:18.404-0400] {dag.py:3954} INFO - Setting next_dagrun for example_dag_decorator to None, run_after=None
[2025-06-25T21:38:18.411-0400] {processor.py:183} INFO - Processing /opt/anaconda3/envs/airflow_env/lib/python3.10/site-packages/airflow/example_dags/example_dag_decorator.py took 0.143 seconds
[2025-06-25T21:39:04.803-0400] {processor.py:161} INFO - Started process (PID=71308) to work on /opt/anaconda3/envs/airflow_env/lib/python3.10/site-packages/airflow/example_dags/example_dag_decorator.py
[2025-06-25T21:39:04.803-0400] {processor.py:830} INFO - Processing file /opt/anaconda3/envs/airflow_env/lib/python3.10/site-packages/airflow/example_dags/example_dag_decorator.py for tasks to queue
[2025-06-25T21:39:04.803-0400] {logging_mixin.py:188} INFO - [2025-06-25T21:39:04.803-0400] {dagbag.py:545} INFO - Filling up the DagBag from /opt/anaconda3/envs/airflow_env/lib/python3.10/site-packages/airflow/example_dags/example_dag_decorator.py
[2025-06-25T21:39:04.891-0400] {processor.py:840} INFO - DAG(s) 'example_dag_decorator' retrieved from /opt/anaconda3/envs/airflow_env/lib/python3.10/site-packages/airflow/example_dags/example_dag_decorator.py
[2025-06-25T21:39:04.956-0400] {logging_mixin.py:188} INFO - [2025-06-25T21:39:04.956-0400] {dag.py:3096} INFO - Sync 1 DAGs
[2025-06-25T21:39:04.960-0400] {logging_mixin.py:188} INFO - [2025-06-25T21:39:04.960-0400] {dag.py:3954} INFO - Setting next_dagrun for example_dag_decorator to None, run_after=None
[2025-06-25T21:39:04.967-0400] {processor.py:183} INFO - Processing /opt/anaconda3/envs/airflow_env/lib/python3.10/site-packages/airflow/example_dags/example_dag_decorator.py took 0.166 seconds
[2025-06-25T21:40:00.036-0400] {processor.py:161} INFO - Started process (PID=71414) to work on /opt/anaconda3/envs/airflow_env/lib/python3.10/site-packages/airflow/example_dags/example_dag_decorator.py
[2025-06-25T21:40:00.036-0400] {processor.py:830} INFO - Processing file /opt/anaconda3/envs/airflow_env/lib/python3.10/site-packages/airflow/example_dags/example_dag_decorator.py for tasks to queue
[2025-06-25T21:40:00.037-0400] {logging_mixin.py:188} INFO - [2025-06-25T21:40:00.036-0400] {dagbag.py:545} INFO - Filling up the DagBag from /opt/anaconda3/envs/airflow_env/lib/python3.10/site-packages/airflow/example_dags/example_dag_decorator.py
[2025-06-25T21:40:00.111-0400] {processor.py:840} INFO - DAG(s) 'example_dag_decorator' retrieved from /opt/anaconda3/envs/airflow_env/lib/python3.10/site-packages/airflow/example_dags/example_dag_decorator.py
[2025-06-25T21:40:00.174-0400] {logging_mixin.py:188} INFO - [2025-06-25T21:40:00.174-0400] {dag.py:3096} INFO - Sync 1 DAGs
[2025-06-25T21:40:00.178-0400] {logging_mixin.py:188} INFO - [2025-06-25T21:40:00.177-0400] {dag.py:3954} INFO - Setting next_dagrun for example_dag_decorator to None, run_after=None
[2025-06-25T21:40:00.185-0400] {processor.py:183} INFO - Processing /opt/anaconda3/envs/airflow_env/lib/python3.10/site-packages/airflow/example_dags/example_dag_decorator.py took 0.151 seconds
[2025-06-25T21:40:36.509-0400] {processor.py:161} INFO - Started process (PID=71495) to work on /opt/anaconda3/envs/airflow_env/lib/python3.10/site-packages/airflow/example_dags/example_dag_decorator.py
[2025-06-25T21:40:36.509-0400] {processor.py:830} INFO - Processing file /opt/anaconda3/envs/airflow_env/lib/python3.10/site-packages/airflow/example_dags/example_dag_decorator.py for tasks to queue
[2025-06-25T21:40:36.510-0400] {logging_mixin.py:188} INFO - [2025-06-25T21:40:36.509-0400] {dagbag.py:545} INFO - Filling up the DagBag from /opt/anaconda3/envs/airflow_env/lib/python3.10/site-packages/airflow/example_dags/example_dag_decorator.py
[2025-06-25T21:40:36.598-0400] {processor.py:840} INFO - DAG(s) 'example_dag_decorator' retrieved from /opt/anaconda3/envs/airflow_env/lib/python3.10/site-packages/airflow/example_dags/example_dag_decorator.py
[2025-06-25T21:40:36.659-0400] {logging_mixin.py:188} INFO - [2025-06-25T21:40:36.659-0400] {dag.py:3096} INFO - Sync 1 DAGs
[2025-06-25T21:40:36.662-0400] {logging_mixin.py:188} INFO - [2025-06-25T21:40:36.662-0400] {dag.py:3954} INFO - Setting next_dagrun for example_dag_decorator to None, run_after=None
[2025-06-25T21:40:36.669-0400] {processor.py:183} INFO - Processing /opt/anaconda3/envs/airflow_env/lib/python3.10/site-packages/airflow/example_dags/example_dag_decorator.py took 0.162 seconds
[2025-06-25T21:41:40.480-0400] {processor.py:161} INFO - Started process (PID=71606) to work on /opt/anaconda3/envs/airflow_env/lib/python3.10/site-packages/airflow/example_dags/example_dag_decorator.py
[2025-06-25T21:41:40.480-0400] {processor.py:830} INFO - Processing file /opt/anaconda3/envs/airflow_env/lib/python3.10/site-packages/airflow/example_dags/example_dag_decorator.py for tasks to queue
[2025-06-25T21:41:40.481-0400] {logging_mixin.py:188} INFO - [2025-06-25T21:41:40.481-0400] {dagbag.py:545} INFO - Filling up the DagBag from /opt/anaconda3/envs/airflow_env/lib/python3.10/site-packages/airflow/example_dags/example_dag_decorator.py
[2025-06-25T21:41:40.563-0400] {processor.py:840} INFO - DAG(s) 'example_dag_decorator' retrieved from /opt/anaconda3/envs/airflow_env/lib/python3.10/site-packages/airflow/example_dags/example_dag_decorator.py
[2025-06-25T21:41:40.623-0400] {logging_mixin.py:188} INFO - [2025-06-25T21:41:40.623-0400] {dag.py:3096} INFO - Sync 1 DAGs
[2025-06-25T21:41:40.626-0400] {logging_mixin.py:188} INFO - [2025-06-25T21:41:40.626-0400] {dag.py:3954} INFO - Setting next_dagrun for example_dag_decorator to None, run_after=None
[2025-06-25T21:41:40.633-0400] {processor.py:183} INFO - Processing /opt/anaconda3/envs/airflow_env/lib/python3.10/site-packages/airflow/example_dags/example_dag_decorator.py took 0.154 seconds
[2025-06-25T21:42:12.813-0400] {processor.py:161} INFO - Started process (PID=71687) to work on /opt/anaconda3/envs/airflow_env/lib/python3.10/site-packages/airflow/example_dags/example_dag_decorator.py
[2025-06-25T21:42:12.813-0400] {processor.py:830} INFO - Processing file /opt/anaconda3/envs/airflow_env/lib/python3.10/site-packages/airflow/example_dags/example_dag_decorator.py for tasks to queue
[2025-06-25T21:42:12.813-0400] {logging_mixin.py:188} INFO - [2025-06-25T21:42:12.813-0400] {dagbag.py:545} INFO - Filling up the DagBag from /opt/anaconda3/envs/airflow_env/lib/python3.10/site-packages/airflow/example_dags/example_dag_decorator.py
[2025-06-25T21:42:12.885-0400] {processor.py:840} INFO - DAG(s) 'example_dag_decorator' retrieved from /opt/anaconda3/envs/airflow_env/lib/python3.10/site-packages/airflow/example_dags/example_dag_decorator.py
[2025-06-25T21:42:12.943-0400] {logging_mixin.py:188} INFO - [2025-06-25T21:42:12.943-0400] {dag.py:3096} INFO - Sync 1 DAGs
[2025-06-25T21:42:12.946-0400] {logging_mixin.py:188} INFO - [2025-06-25T21:42:12.946-0400] {dag.py:3954} INFO - Setting next_dagrun for example_dag_decorator to None, run_after=None
[2025-06-25T21:42:12.953-0400] {processor.py:183} INFO - Processing /opt/anaconda3/envs/airflow_env/lib/python3.10/site-packages/airflow/example_dags/example_dag_decorator.py took 0.142 seconds
[2025-06-25T21:43:16.931-0400] {processor.py:161} INFO - Started process (PID=71835) to work on /opt/anaconda3/envs/airflow_env/lib/python3.10/site-packages/airflow/example_dags/example_dag_decorator.py
[2025-06-25T21:43:16.931-0400] {processor.py:830} INFO - Processing file /opt/anaconda3/envs/airflow_env/lib/python3.10/site-packages/airflow/example_dags/example_dag_decorator.py for tasks to queue
[2025-06-25T21:43:16.931-0400] {logging_mixin.py:188} INFO - [2025-06-25T21:43:16.931-0400] {dagbag.py:545} INFO - Filling up the DagBag from /opt/anaconda3/envs/airflow_env/lib/python3.10/site-packages/airflow/example_dags/example_dag_decorator.py
[2025-06-25T21:43:17.006-0400] {processor.py:840} INFO - DAG(s) 'example_dag_decorator' retrieved from /opt/anaconda3/envs/airflow_env/lib/python3.10/site-packages/airflow/example_dags/example_dag_decorator.py
[2025-06-25T21:43:17.065-0400] {logging_mixin.py:188} INFO - [2025-06-25T21:43:17.065-0400] {dag.py:3096} INFO - Sync 1 DAGs
[2025-06-25T21:43:17.068-0400] {logging_mixin.py:188} INFO - [2025-06-25T21:43:17.068-0400] {dag.py:3954} INFO - Setting next_dagrun for example_dag_decorator to None, run_after=None
[2025-06-25T21:43:17.075-0400] {processor.py:183} INFO - Processing /opt/anaconda3/envs/airflow_env/lib/python3.10/site-packages/airflow/example_dags/example_dag_decorator.py took 0.146 seconds
[2025-06-25T21:43:52.174-0400] {processor.py:161} INFO - Started process (PID=71926) to work on /opt/anaconda3/envs/airflow_env/lib/python3.10/site-packages/airflow/example_dags/example_dag_decorator.py
[2025-06-25T21:43:52.175-0400] {processor.py:830} INFO - Processing file /opt/anaconda3/envs/airflow_env/lib/python3.10/site-packages/airflow/example_dags/example_dag_decorator.py for tasks to queue
[2025-06-25T21:43:52.175-0400] {logging_mixin.py:188} INFO - [2025-06-25T21:43:52.175-0400] {dagbag.py:545} INFO - Filling up the DagBag from /opt/anaconda3/envs/airflow_env/lib/python3.10/site-packages/airflow/example_dags/example_dag_decorator.py
[2025-06-25T21:43:52.252-0400] {processor.py:840} INFO - DAG(s) 'example_dag_decorator' retrieved from /opt/anaconda3/envs/airflow_env/lib/python3.10/site-packages/airflow/example_dags/example_dag_decorator.py
[2025-06-25T21:43:52.314-0400] {logging_mixin.py:188} INFO - [2025-06-25T21:43:52.314-0400] {dag.py:3096} INFO - Sync 1 DAGs
[2025-06-25T21:43:52.317-0400] {logging_mixin.py:188} INFO - [2025-06-25T21:43:52.317-0400] {dag.py:3954} INFO - Setting next_dagrun for example_dag_decorator to None, run_after=None
[2025-06-25T21:43:52.325-0400] {processor.py:183} INFO - Processing /opt/anaconda3/envs/airflow_env/lib/python3.10/site-packages/airflow/example_dags/example_dag_decorator.py took 0.152 seconds
[2025-06-25T21:44:59.389-0400] {processor.py:161} INFO - Started process (PID=72044) to work on /opt/anaconda3/envs/airflow_env/lib/python3.10/site-packages/airflow/example_dags/example_dag_decorator.py
[2025-06-25T21:44:59.389-0400] {processor.py:830} INFO - Processing file /opt/anaconda3/envs/airflow_env/lib/python3.10/site-packages/airflow/example_dags/example_dag_decorator.py for tasks to queue
[2025-06-25T21:44:59.390-0400] {logging_mixin.py:188} INFO - [2025-06-25T21:44:59.389-0400] {dagbag.py:545} INFO - Filling up the DagBag from /opt/anaconda3/envs/airflow_env/lib/python3.10/site-packages/airflow/example_dags/example_dag_decorator.py
[2025-06-25T21:44:59.461-0400] {processor.py:840} INFO - DAG(s) 'example_dag_decorator' retrieved from /opt/anaconda3/envs/airflow_env/lib/python3.10/site-packages/airflow/example_dags/example_dag_decorator.py
[2025-06-25T21:44:59.519-0400] {logging_mixin.py:188} INFO - [2025-06-25T21:44:59.519-0400] {dag.py:3096} INFO - Sync 1 DAGs
[2025-06-25T21:44:59.522-0400] {logging_mixin.py:188} INFO - [2025-06-25T21:44:59.522-0400] {dag.py:3954} INFO - Setting next_dagrun for example_dag_decorator to None, run_after=None
[2025-06-25T21:44:59.529-0400] {processor.py:183} INFO - Processing /opt/anaconda3/envs/airflow_env/lib/python3.10/site-packages/airflow/example_dags/example_dag_decorator.py took 0.141 seconds
[2025-06-25T21:45:35.370-0400] {processor.py:161} INFO - Started process (PID=72115) to work on /opt/anaconda3/envs/airflow_env/lib/python3.10/site-packages/airflow/example_dags/example_dag_decorator.py
[2025-06-25T21:45:35.370-0400] {processor.py:830} INFO - Processing file /opt/anaconda3/envs/airflow_env/lib/python3.10/site-packages/airflow/example_dags/example_dag_decorator.py for tasks to queue
[2025-06-25T21:45:35.371-0400] {logging_mixin.py:188} INFO - [2025-06-25T21:45:35.371-0400] {dagbag.py:545} INFO - Filling up the DagBag from /opt/anaconda3/envs/airflow_env/lib/python3.10/site-packages/airflow/example_dags/example_dag_decorator.py
[2025-06-25T21:45:35.449-0400] {processor.py:840} INFO - DAG(s) 'example_dag_decorator' retrieved from /opt/anaconda3/envs/airflow_env/lib/python3.10/site-packages/airflow/example_dags/example_dag_decorator.py
[2025-06-25T21:45:35.508-0400] {logging_mixin.py:188} INFO - [2025-06-25T21:45:35.508-0400] {dag.py:3096} INFO - Sync 1 DAGs
[2025-06-25T21:45:35.511-0400] {logging_mixin.py:188} INFO - [2025-06-25T21:45:35.511-0400] {dag.py:3954} INFO - Setting next_dagrun for example_dag_decorator to None, run_after=None
[2025-06-25T21:45:35.518-0400] {processor.py:183} INFO - Processing /opt/anaconda3/envs/airflow_env/lib/python3.10/site-packages/airflow/example_dags/example_dag_decorator.py took 0.150 seconds
[2025-06-25T21:46:41.853-0400] {processor.py:161} INFO - Started process (PID=72236) to work on /opt/anaconda3/envs/airflow_env/lib/python3.10/site-packages/airflow/example_dags/example_dag_decorator.py
[2025-06-25T21:46:41.854-0400] {processor.py:830} INFO - Processing file /opt/anaconda3/envs/airflow_env/lib/python3.10/site-packages/airflow/example_dags/example_dag_decorator.py for tasks to queue
[2025-06-25T21:46:41.854-0400] {logging_mixin.py:188} INFO - [2025-06-25T21:46:41.854-0400] {dagbag.py:545} INFO - Filling up the DagBag from /opt/anaconda3/envs/airflow_env/lib/python3.10/site-packages/airflow/example_dags/example_dag_decorator.py
[2025-06-25T21:46:41.926-0400] {processor.py:840} INFO - DAG(s) 'example_dag_decorator' retrieved from /opt/anaconda3/envs/airflow_env/lib/python3.10/site-packages/airflow/example_dags/example_dag_decorator.py
[2025-06-25T21:46:41.983-0400] {logging_mixin.py:188} INFO - [2025-06-25T21:46:41.983-0400] {dag.py:3096} INFO - Sync 1 DAGs
[2025-06-25T21:46:41.986-0400] {logging_mixin.py:188} INFO - [2025-06-25T21:46:41.986-0400] {dag.py:3954} INFO - Setting next_dagrun for example_dag_decorator to None, run_after=None
[2025-06-25T21:46:41.993-0400] {processor.py:183} INFO - Processing /opt/anaconda3/envs/airflow_env/lib/python3.10/site-packages/airflow/example_dags/example_dag_decorator.py took 0.142 seconds
[2025-06-25T21:47:13.784-0400] {processor.py:161} INFO - Started process (PID=72296) to work on /opt/anaconda3/envs/airflow_env/lib/python3.10/site-packages/airflow/example_dags/example_dag_decorator.py
[2025-06-25T21:47:13.784-0400] {processor.py:830} INFO - Processing file /opt/anaconda3/envs/airflow_env/lib/python3.10/site-packages/airflow/example_dags/example_dag_decorator.py for tasks to queue
[2025-06-25T21:47:13.784-0400] {logging_mixin.py:188} INFO - [2025-06-25T21:47:13.784-0400] {dagbag.py:545} INFO - Filling up the DagBag from /opt/anaconda3/envs/airflow_env/lib/python3.10/site-packages/airflow/example_dags/example_dag_decorator.py
[2025-06-25T21:47:13.879-0400] {processor.py:840} INFO - DAG(s) 'example_dag_decorator' retrieved from /opt/anaconda3/envs/airflow_env/lib/python3.10/site-packages/airflow/example_dags/example_dag_decorator.py
[2025-06-25T21:47:13.943-0400] {logging_mixin.py:188} INFO - [2025-06-25T21:47:13.943-0400] {dag.py:3096} INFO - Sync 1 DAGs
[2025-06-25T21:47:13.946-0400] {logging_mixin.py:188} INFO - [2025-06-25T21:47:13.946-0400] {dag.py:3954} INFO - Setting next_dagrun for example_dag_decorator to None, run_after=None
[2025-06-25T21:47:13.953-0400] {processor.py:183} INFO - Processing /opt/anaconda3/envs/airflow_env/lib/python3.10/site-packages/airflow/example_dags/example_dag_decorator.py took 0.172 seconds
[2025-06-25T21:48:26.134-0400] {processor.py:161} INFO - Started process (PID=72451) to work on /opt/anaconda3/envs/airflow_env/lib/python3.10/site-packages/airflow/example_dags/example_dag_decorator.py
[2025-06-25T21:48:26.135-0400] {processor.py:830} INFO - Processing file /opt/anaconda3/envs/airflow_env/lib/python3.10/site-packages/airflow/example_dags/example_dag_decorator.py for tasks to queue
[2025-06-25T21:48:26.135-0400] {logging_mixin.py:188} INFO - [2025-06-25T21:48:26.135-0400] {dagbag.py:545} INFO - Filling up the DagBag from /opt/anaconda3/envs/airflow_env/lib/python3.10/site-packages/airflow/example_dags/example_dag_decorator.py
[2025-06-25T21:48:26.225-0400] {processor.py:840} INFO - DAG(s) 'example_dag_decorator' retrieved from /opt/anaconda3/envs/airflow_env/lib/python3.10/site-packages/airflow/example_dags/example_dag_decorator.py
[2025-06-25T21:48:26.283-0400] {logging_mixin.py:188} INFO - [2025-06-25T21:48:26.283-0400] {dag.py:3096} INFO - Sync 1 DAGs
[2025-06-25T21:48:26.286-0400] {logging_mixin.py:188} INFO - [2025-06-25T21:48:26.286-0400] {dag.py:3954} INFO - Setting next_dagrun for example_dag_decorator to None, run_after=None
[2025-06-25T21:48:26.292-0400] {processor.py:183} INFO - Processing /opt/anaconda3/envs/airflow_env/lib/python3.10/site-packages/airflow/example_dags/example_dag_decorator.py took 0.160 seconds
[2025-06-25T21:49:02.817-0400] {processor.py:161} INFO - Started process (PID=72495) to work on /opt/anaconda3/envs/airflow_env/lib/python3.10/site-packages/airflow/example_dags/example_dag_decorator.py
[2025-06-25T21:49:02.817-0400] {processor.py:830} INFO - Processing file /opt/anaconda3/envs/airflow_env/lib/python3.10/site-packages/airflow/example_dags/example_dag_decorator.py for tasks to queue
[2025-06-25T21:49:02.817-0400] {logging_mixin.py:188} INFO - [2025-06-25T21:49:02.817-0400] {dagbag.py:545} INFO - Filling up the DagBag from /opt/anaconda3/envs/airflow_env/lib/python3.10/site-packages/airflow/example_dags/example_dag_decorator.py
[2025-06-25T21:49:02.923-0400] {processor.py:840} INFO - DAG(s) 'example_dag_decorator' retrieved from /opt/anaconda3/envs/airflow_env/lib/python3.10/site-packages/airflow/example_dags/example_dag_decorator.py
[2025-06-25T21:49:02.996-0400] {logging_mixin.py:188} INFO - [2025-06-25T21:49:02.995-0400] {dag.py:3096} INFO - Sync 1 DAGs
[2025-06-25T21:49:03.000-0400] {logging_mixin.py:188} INFO - [2025-06-25T21:49:02.999-0400] {dag.py:3954} INFO - Setting next_dagrun for example_dag_decorator to None, run_after=None
[2025-06-25T21:49:03.010-0400] {processor.py:183} INFO - Processing /opt/anaconda3/envs/airflow_env/lib/python3.10/site-packages/airflow/example_dags/example_dag_decorator.py took 0.195 seconds
[2025-06-25T21:50:10.210-0400] {processor.py:161} INFO - Started process (PID=72598) to work on /opt/anaconda3/envs/airflow_env/lib/python3.10/site-packages/airflow/example_dags/example_dag_decorator.py
[2025-06-25T21:50:10.211-0400] {processor.py:830} INFO - Processing file /opt/anaconda3/envs/airflow_env/lib/python3.10/site-packages/airflow/example_dags/example_dag_decorator.py for tasks to queue
[2025-06-25T21:50:10.211-0400] {logging_mixin.py:188} INFO - [2025-06-25T21:50:10.211-0400] {dagbag.py:545} INFO - Filling up the DagBag from /opt/anaconda3/envs/airflow_env/lib/python3.10/site-packages/airflow/example_dags/example_dag_decorator.py
[2025-06-25T21:50:10.286-0400] {processor.py:840} INFO - DAG(s) 'example_dag_decorator' retrieved from /opt/anaconda3/envs/airflow_env/lib/python3.10/site-packages/airflow/example_dags/example_dag_decorator.py
[2025-06-25T21:50:10.349-0400] {logging_mixin.py:188} INFO - [2025-06-25T21:50:10.349-0400] {dag.py:3096} INFO - Sync 1 DAGs
[2025-06-25T21:50:10.352-0400] {logging_mixin.py:188} INFO - [2025-06-25T21:50:10.352-0400] {dag.py:3954} INFO - Setting next_dagrun for example_dag_decorator to None, run_after=None
[2025-06-25T21:50:10.360-0400] {processor.py:183} INFO - Processing /opt/anaconda3/envs/airflow_env/lib/python3.10/site-packages/airflow/example_dags/example_dag_decorator.py took 0.151 seconds
[2025-06-25T21:50:44.336-0400] {processor.py:161} INFO - Started process (PID=72644) to work on /opt/anaconda3/envs/airflow_env/lib/python3.10/site-packages/airflow/example_dags/example_dag_decorator.py
[2025-06-25T21:50:44.336-0400] {processor.py:830} INFO - Processing file /opt/anaconda3/envs/airflow_env/lib/python3.10/site-packages/airflow/example_dags/example_dag_decorator.py for tasks to queue
[2025-06-25T21:50:44.336-0400] {logging_mixin.py:188} INFO - [2025-06-25T21:50:44.336-0400] {dagbag.py:545} INFO - Filling up the DagBag from /opt/anaconda3/envs/airflow_env/lib/python3.10/site-packages/airflow/example_dags/example_dag_decorator.py
[2025-06-25T21:50:44.413-0400] {processor.py:840} INFO - DAG(s) 'example_dag_decorator' retrieved from /opt/anaconda3/envs/airflow_env/lib/python3.10/site-packages/airflow/example_dags/example_dag_decorator.py
[2025-06-25T21:50:44.475-0400] {logging_mixin.py:188} INFO - [2025-06-25T21:50:44.475-0400] {dag.py:3096} INFO - Sync 1 DAGs
[2025-06-25T21:50:44.478-0400] {logging_mixin.py:188} INFO - [2025-06-25T21:50:44.478-0400] {dag.py:3954} INFO - Setting next_dagrun for example_dag_decorator to None, run_after=None
[2025-06-25T21:50:44.485-0400] {processor.py:183} INFO - Processing /opt/anaconda3/envs/airflow_env/lib/python3.10/site-packages/airflow/example_dags/example_dag_decorator.py took 0.152 seconds
[2025-06-25T21:51:49.983-0400] {processor.py:161} INFO - Started process (PID=72748) to work on /opt/anaconda3/envs/airflow_env/lib/python3.10/site-packages/airflow/example_dags/example_dag_decorator.py
[2025-06-25T21:51:49.983-0400] {processor.py:830} INFO - Processing file /opt/anaconda3/envs/airflow_env/lib/python3.10/site-packages/airflow/example_dags/example_dag_decorator.py for tasks to queue
[2025-06-25T21:51:49.983-0400] {logging_mixin.py:188} INFO - [2025-06-25T21:51:49.983-0400] {dagbag.py:545} INFO - Filling up the DagBag from /opt/anaconda3/envs/airflow_env/lib/python3.10/site-packages/airflow/example_dags/example_dag_decorator.py
[2025-06-25T21:51:50.093-0400] {processor.py:840} INFO - DAG(s) 'example_dag_decorator' retrieved from /opt/anaconda3/envs/airflow_env/lib/python3.10/site-packages/airflow/example_dags/example_dag_decorator.py
[2025-06-25T21:51:50.163-0400] {logging_mixin.py:188} INFO - [2025-06-25T21:51:50.162-0400] {dag.py:3096} INFO - Sync 1 DAGs
[2025-06-25T21:51:50.166-0400] {logging_mixin.py:188} INFO - [2025-06-25T21:51:50.166-0400] {dag.py:3954} INFO - Setting next_dagrun for example_dag_decorator to None, run_after=None
[2025-06-25T21:51:50.173-0400] {processor.py:183} INFO - Processing /opt/anaconda3/envs/airflow_env/lib/python3.10/site-packages/airflow/example_dags/example_dag_decorator.py took 0.193 seconds
[2025-06-25T21:52:25.572-0400] {processor.py:161} INFO - Started process (PID=72800) to work on /opt/anaconda3/envs/airflow_env/lib/python3.10/site-packages/airflow/example_dags/example_dag_decorator.py
[2025-06-25T21:52:25.572-0400] {processor.py:830} INFO - Processing file /opt/anaconda3/envs/airflow_env/lib/python3.10/site-packages/airflow/example_dags/example_dag_decorator.py for tasks to queue
[2025-06-25T21:52:25.573-0400] {logging_mixin.py:188} INFO - [2025-06-25T21:52:25.573-0400] {dagbag.py:545} INFO - Filling up the DagBag from /opt/anaconda3/envs/airflow_env/lib/python3.10/site-packages/airflow/example_dags/example_dag_decorator.py
[2025-06-25T21:52:25.662-0400] {processor.py:840} INFO - DAG(s) 'example_dag_decorator' retrieved from /opt/anaconda3/envs/airflow_env/lib/python3.10/site-packages/airflow/example_dags/example_dag_decorator.py
[2025-06-25T21:52:25.724-0400] {logging_mixin.py:188} INFO - [2025-06-25T21:52:25.724-0400] {dag.py:3096} INFO - Sync 1 DAGs
[2025-06-25T21:52:25.727-0400] {logging_mixin.py:188} INFO - [2025-06-25T21:52:25.727-0400] {dag.py:3954} INFO - Setting next_dagrun for example_dag_decorator to None, run_after=None
[2025-06-25T21:52:25.734-0400] {processor.py:183} INFO - Processing /opt/anaconda3/envs/airflow_env/lib/python3.10/site-packages/airflow/example_dags/example_dag_decorator.py took 0.164 seconds
[2025-06-25T21:53:31.231-0400] {processor.py:161} INFO - Started process (PID=72895) to work on /opt/anaconda3/envs/airflow_env/lib/python3.10/site-packages/airflow/example_dags/example_dag_decorator.py
[2025-06-25T21:53:31.232-0400] {processor.py:830} INFO - Processing file /opt/anaconda3/envs/airflow_env/lib/python3.10/site-packages/airflow/example_dags/example_dag_decorator.py for tasks to queue
[2025-06-25T21:53:31.232-0400] {logging_mixin.py:188} INFO - [2025-06-25T21:53:31.232-0400] {dagbag.py:545} INFO - Filling up the DagBag from /opt/anaconda3/envs/airflow_env/lib/python3.10/site-packages/airflow/example_dags/example_dag_decorator.py
[2025-06-25T21:53:31.425-0400] {processor.py:840} INFO - DAG(s) 'example_dag_decorator' retrieved from /opt/anaconda3/envs/airflow_env/lib/python3.10/site-packages/airflow/example_dags/example_dag_decorator.py
[2025-06-25T21:53:31.492-0400] {logging_mixin.py:188} INFO - [2025-06-25T21:53:31.492-0400] {dag.py:3096} INFO - Sync 1 DAGs
[2025-06-25T21:53:31.496-0400] {logging_mixin.py:188} INFO - [2025-06-25T21:53:31.496-0400] {dag.py:3954} INFO - Setting next_dagrun for example_dag_decorator to None, run_after=None
[2025-06-25T21:53:31.504-0400] {processor.py:183} INFO - Processing /opt/anaconda3/envs/airflow_env/lib/python3.10/site-packages/airflow/example_dags/example_dag_decorator.py took 0.276 seconds
[2025-06-25T21:54:01.775-0400] {processor.py:161} INFO - Started process (PID=72985) to work on /opt/anaconda3/envs/airflow_env/lib/python3.10/site-packages/airflow/example_dags/example_dag_decorator.py
[2025-06-25T21:54:01.776-0400] {processor.py:830} INFO - Processing file /opt/anaconda3/envs/airflow_env/lib/python3.10/site-packages/airflow/example_dags/example_dag_decorator.py for tasks to queue
[2025-06-25T21:54:01.776-0400] {logging_mixin.py:188} INFO - [2025-06-25T21:54:01.776-0400] {dagbag.py:545} INFO - Filling up the DagBag from /opt/anaconda3/envs/airflow_env/lib/python3.10/site-packages/airflow/example_dags/example_dag_decorator.py
[2025-06-25T21:54:01.859-0400] {processor.py:840} INFO - DAG(s) 'example_dag_decorator' retrieved from /opt/anaconda3/envs/airflow_env/lib/python3.10/site-packages/airflow/example_dags/example_dag_decorator.py
[2025-06-25T21:54:01.921-0400] {logging_mixin.py:188} INFO - [2025-06-25T21:54:01.921-0400] {dag.py:3096} INFO - Sync 1 DAGs
[2025-06-25T21:54:01.924-0400] {logging_mixin.py:188} INFO - [2025-06-25T21:54:01.924-0400] {dag.py:3954} INFO - Setting next_dagrun for example_dag_decorator to None, run_after=None
[2025-06-25T21:54:01.933-0400] {processor.py:183} INFO - Processing /opt/anaconda3/envs/airflow_env/lib/python3.10/site-packages/airflow/example_dags/example_dag_decorator.py took 0.159 seconds
[2025-06-25T21:55:07.411-0400] {processor.py:161} INFO - Started process (PID=73111) to work on /opt/anaconda3/envs/airflow_env/lib/python3.10/site-packages/airflow/example_dags/example_dag_decorator.py
[2025-06-25T21:55:07.411-0400] {processor.py:830} INFO - Processing file /opt/anaconda3/envs/airflow_env/lib/python3.10/site-packages/airflow/example_dags/example_dag_decorator.py for tasks to queue
[2025-06-25T21:55:07.412-0400] {logging_mixin.py:188} INFO - [2025-06-25T21:55:07.412-0400] {dagbag.py:545} INFO - Filling up the DagBag from /opt/anaconda3/envs/airflow_env/lib/python3.10/site-packages/airflow/example_dags/example_dag_decorator.py
[2025-06-25T21:55:07.529-0400] {processor.py:840} INFO - DAG(s) 'example_dag_decorator' retrieved from /opt/anaconda3/envs/airflow_env/lib/python3.10/site-packages/airflow/example_dags/example_dag_decorator.py
[2025-06-25T21:55:07.605-0400] {logging_mixin.py:188} INFO - [2025-06-25T21:55:07.604-0400] {dag.py:3096} INFO - Sync 1 DAGs
[2025-06-25T21:55:07.608-0400] {logging_mixin.py:188} INFO - [2025-06-25T21:55:07.608-0400] {dag.py:3954} INFO - Setting next_dagrun for example_dag_decorator to None, run_after=None
[2025-06-25T21:55:07.616-0400] {processor.py:183} INFO - Processing /opt/anaconda3/envs/airflow_env/lib/python3.10/site-packages/airflow/example_dags/example_dag_decorator.py took 0.208 seconds
[2025-06-25T21:55:43.569-0400] {processor.py:161} INFO - Started process (PID=73174) to work on /opt/anaconda3/envs/airflow_env/lib/python3.10/site-packages/airflow/example_dags/example_dag_decorator.py
[2025-06-25T21:55:43.570-0400] {processor.py:830} INFO - Processing file /opt/anaconda3/envs/airflow_env/lib/python3.10/site-packages/airflow/example_dags/example_dag_decorator.py for tasks to queue
[2025-06-25T21:55:43.570-0400] {logging_mixin.py:188} INFO - [2025-06-25T21:55:43.570-0400] {dagbag.py:545} INFO - Filling up the DagBag from /opt/anaconda3/envs/airflow_env/lib/python3.10/site-packages/airflow/example_dags/example_dag_decorator.py
[2025-06-25T21:55:43.664-0400] {processor.py:840} INFO - DAG(s) 'example_dag_decorator' retrieved from /opt/anaconda3/envs/airflow_env/lib/python3.10/site-packages/airflow/example_dags/example_dag_decorator.py
[2025-06-25T21:55:43.737-0400] {logging_mixin.py:188} INFO - [2025-06-25T21:55:43.737-0400] {dag.py:3096} INFO - Sync 1 DAGs
[2025-06-25T21:55:43.740-0400] {logging_mixin.py:188} INFO - [2025-06-25T21:55:43.740-0400] {dag.py:3954} INFO - Setting next_dagrun for example_dag_decorator to None, run_after=None
[2025-06-25T21:55:43.748-0400] {processor.py:183} INFO - Processing /opt/anaconda3/envs/airflow_env/lib/python3.10/site-packages/airflow/example_dags/example_dag_decorator.py took 0.182 seconds
[2025-06-25T21:56:53.724-0400] {processor.py:161} INFO - Started process (PID=73274) to work on /opt/anaconda3/envs/airflow_env/lib/python3.10/site-packages/airflow/example_dags/example_dag_decorator.py
[2025-06-25T21:56:53.725-0400] {processor.py:830} INFO - Processing file /opt/anaconda3/envs/airflow_env/lib/python3.10/site-packages/airflow/example_dags/example_dag_decorator.py for tasks to queue
[2025-06-25T21:56:53.725-0400] {logging_mixin.py:188} INFO - [2025-06-25T21:56:53.725-0400] {dagbag.py:545} INFO - Filling up the DagBag from /opt/anaconda3/envs/airflow_env/lib/python3.10/site-packages/airflow/example_dags/example_dag_decorator.py
[2025-06-25T21:56:53.824-0400] {processor.py:840} INFO - DAG(s) 'example_dag_decorator' retrieved from /opt/anaconda3/envs/airflow_env/lib/python3.10/site-packages/airflow/example_dags/example_dag_decorator.py
[2025-06-25T21:56:53.902-0400] {logging_mixin.py:188} INFO - [2025-06-25T21:56:53.902-0400] {dag.py:3096} INFO - Sync 1 DAGs
[2025-06-25T21:56:53.907-0400] {logging_mixin.py:188} INFO - [2025-06-25T21:56:53.906-0400] {dag.py:3954} INFO - Setting next_dagrun for example_dag_decorator to None, run_after=None
[2025-06-25T21:56:53.918-0400] {processor.py:183} INFO - Processing /opt/anaconda3/envs/airflow_env/lib/python3.10/site-packages/airflow/example_dags/example_dag_decorator.py took 0.196 seconds
[2025-06-25T21:57:29.716-0400] {processor.py:161} INFO - Started process (PID=73328) to work on /opt/anaconda3/envs/airflow_env/lib/python3.10/site-packages/airflow/example_dags/example_dag_decorator.py
[2025-06-25T21:57:29.717-0400] {processor.py:830} INFO - Processing file /opt/anaconda3/envs/airflow_env/lib/python3.10/site-packages/airflow/example_dags/example_dag_decorator.py for tasks to queue
[2025-06-25T21:57:29.717-0400] {logging_mixin.py:188} INFO - [2025-06-25T21:57:29.717-0400] {dagbag.py:545} INFO - Filling up the DagBag from /opt/anaconda3/envs/airflow_env/lib/python3.10/site-packages/airflow/example_dags/example_dag_decorator.py
[2025-06-25T21:57:29.820-0400] {processor.py:840} INFO - DAG(s) 'example_dag_decorator' retrieved from /opt/anaconda3/envs/airflow_env/lib/python3.10/site-packages/airflow/example_dags/example_dag_decorator.py
[2025-06-25T21:57:29.884-0400] {logging_mixin.py:188} INFO - [2025-06-25T21:57:29.883-0400] {dag.py:3096} INFO - Sync 1 DAGs
[2025-06-25T21:57:29.887-0400] {logging_mixin.py:188} INFO - [2025-06-25T21:57:29.887-0400] {dag.py:3954} INFO - Setting next_dagrun for example_dag_decorator to None, run_after=None
[2025-06-25T21:57:29.894-0400] {processor.py:183} INFO - Processing /opt/anaconda3/envs/airflow_env/lib/python3.10/site-packages/airflow/example_dags/example_dag_decorator.py took 0.181 seconds
[2025-06-25T21:58:40.196-0400] {processor.py:161} INFO - Started process (PID=73446) to work on /opt/anaconda3/envs/airflow_env/lib/python3.10/site-packages/airflow/example_dags/example_dag_decorator.py
[2025-06-25T21:58:40.197-0400] {processor.py:830} INFO - Processing file /opt/anaconda3/envs/airflow_env/lib/python3.10/site-packages/airflow/example_dags/example_dag_decorator.py for tasks to queue
[2025-06-25T21:58:40.198-0400] {logging_mixin.py:188} INFO - [2025-06-25T21:58:40.198-0400] {dagbag.py:545} INFO - Filling up the DagBag from /opt/anaconda3/envs/airflow_env/lib/python3.10/site-packages/airflow/example_dags/example_dag_decorator.py
[2025-06-25T21:58:40.303-0400] {processor.py:840} INFO - DAG(s) 'example_dag_decorator' retrieved from /opt/anaconda3/envs/airflow_env/lib/python3.10/site-packages/airflow/example_dags/example_dag_decorator.py
[2025-06-25T21:58:40.368-0400] {logging_mixin.py:188} INFO - [2025-06-25T21:58:40.368-0400] {dag.py:3096} INFO - Sync 1 DAGs
[2025-06-25T21:58:40.372-0400] {logging_mixin.py:188} INFO - [2025-06-25T21:58:40.371-0400] {dag.py:3954} INFO - Setting next_dagrun for example_dag_decorator to None, run_after=None
[2025-06-25T21:58:40.379-0400] {processor.py:183} INFO - Processing /opt/anaconda3/envs/airflow_env/lib/python3.10/site-packages/airflow/example_dags/example_dag_decorator.py took 0.186 seconds
[2025-06-25T21:59:16.586-0400] {processor.py:161} INFO - Started process (PID=73493) to work on /opt/anaconda3/envs/airflow_env/lib/python3.10/site-packages/airflow/example_dags/example_dag_decorator.py
[2025-06-25T21:59:16.587-0400] {processor.py:830} INFO - Processing file /opt/anaconda3/envs/airflow_env/lib/python3.10/site-packages/airflow/example_dags/example_dag_decorator.py for tasks to queue
[2025-06-25T21:59:16.587-0400] {logging_mixin.py:188} INFO - [2025-06-25T21:59:16.587-0400] {dagbag.py:545} INFO - Filling up the DagBag from /opt/anaconda3/envs/airflow_env/lib/python3.10/site-packages/airflow/example_dags/example_dag_decorator.py
[2025-06-25T21:59:16.692-0400] {processor.py:840} INFO - DAG(s) 'example_dag_decorator' retrieved from /opt/anaconda3/envs/airflow_env/lib/python3.10/site-packages/airflow/example_dags/example_dag_decorator.py
[2025-06-25T21:59:16.775-0400] {logging_mixin.py:188} INFO - [2025-06-25T21:59:16.775-0400] {dag.py:3096} INFO - Sync 1 DAGs
[2025-06-25T21:59:16.778-0400] {logging_mixin.py:188} INFO - [2025-06-25T21:59:16.778-0400] {dag.py:3954} INFO - Setting next_dagrun for example_dag_decorator to None, run_after=None
[2025-06-25T21:59:16.785-0400] {processor.py:183} INFO - Processing /opt/anaconda3/envs/airflow_env/lib/python3.10/site-packages/airflow/example_dags/example_dag_decorator.py took 0.201 seconds
[2025-06-25T22:00:36.507-0400] {processor.py:161} INFO - Started process (PID=73603) to work on /opt/anaconda3/envs/airflow_env/lib/python3.10/site-packages/airflow/example_dags/example_dag_decorator.py
[2025-06-25T22:00:36.508-0400] {processor.py:830} INFO - Processing file /opt/anaconda3/envs/airflow_env/lib/python3.10/site-packages/airflow/example_dags/example_dag_decorator.py for tasks to queue
[2025-06-25T22:00:36.508-0400] {logging_mixin.py:188} INFO - [2025-06-25T22:00:36.508-0400] {dagbag.py:545} INFO - Filling up the DagBag from /opt/anaconda3/envs/airflow_env/lib/python3.10/site-packages/airflow/example_dags/example_dag_decorator.py
[2025-06-25T22:00:36.603-0400] {processor.py:840} INFO - DAG(s) 'example_dag_decorator' retrieved from /opt/anaconda3/envs/airflow_env/lib/python3.10/site-packages/airflow/example_dags/example_dag_decorator.py
[2025-06-25T22:00:36.671-0400] {logging_mixin.py:188} INFO - [2025-06-25T22:00:36.671-0400] {dag.py:3096} INFO - Sync 1 DAGs
[2025-06-25T22:00:36.674-0400] {logging_mixin.py:188} INFO - [2025-06-25T22:00:36.674-0400] {dag.py:3954} INFO - Setting next_dagrun for example_dag_decorator to None, run_after=None
[2025-06-25T22:00:36.682-0400] {processor.py:183} INFO - Processing /opt/anaconda3/envs/airflow_env/lib/python3.10/site-packages/airflow/example_dags/example_dag_decorator.py took 0.177 seconds
[2025-06-25T22:01:10.846-0400] {processor.py:161} INFO - Started process (PID=73657) to work on /opt/anaconda3/envs/airflow_env/lib/python3.10/site-packages/airflow/example_dags/example_dag_decorator.py
[2025-06-25T22:01:10.847-0400] {processor.py:830} INFO - Processing file /opt/anaconda3/envs/airflow_env/lib/python3.10/site-packages/airflow/example_dags/example_dag_decorator.py for tasks to queue
[2025-06-25T22:01:10.848-0400] {logging_mixin.py:188} INFO - [2025-06-25T22:01:10.847-0400] {dagbag.py:545} INFO - Filling up the DagBag from /opt/anaconda3/envs/airflow_env/lib/python3.10/site-packages/airflow/example_dags/example_dag_decorator.py
[2025-06-25T22:01:10.949-0400] {processor.py:840} INFO - DAG(s) 'example_dag_decorator' retrieved from /opt/anaconda3/envs/airflow_env/lib/python3.10/site-packages/airflow/example_dags/example_dag_decorator.py
[2025-06-25T22:01:11.023-0400] {logging_mixin.py:188} INFO - [2025-06-25T22:01:11.023-0400] {dag.py:3096} INFO - Sync 1 DAGs
[2025-06-25T22:01:11.027-0400] {logging_mixin.py:188} INFO - [2025-06-25T22:01:11.027-0400] {dag.py:3954} INFO - Setting next_dagrun for example_dag_decorator to None, run_after=None
[2025-06-25T22:01:11.035-0400] {processor.py:183} INFO - Processing /opt/anaconda3/envs/airflow_env/lib/python3.10/site-packages/airflow/example_dags/example_dag_decorator.py took 0.192 seconds
[2025-06-25T22:02:19.216-0400] {processor.py:161} INFO - Started process (PID=73778) to work on /opt/anaconda3/envs/airflow_env/lib/python3.10/site-packages/airflow/example_dags/example_dag_decorator.py
[2025-06-25T22:02:19.217-0400] {processor.py:830} INFO - Processing file /opt/anaconda3/envs/airflow_env/lib/python3.10/site-packages/airflow/example_dags/example_dag_decorator.py for tasks to queue
[2025-06-25T22:02:19.217-0400] {logging_mixin.py:188} INFO - [2025-06-25T22:02:19.217-0400] {dagbag.py:545} INFO - Filling up the DagBag from /opt/anaconda3/envs/airflow_env/lib/python3.10/site-packages/airflow/example_dags/example_dag_decorator.py
[2025-06-25T22:02:19.317-0400] {processor.py:840} INFO - DAG(s) 'example_dag_decorator' retrieved from /opt/anaconda3/envs/airflow_env/lib/python3.10/site-packages/airflow/example_dags/example_dag_decorator.py
[2025-06-25T22:02:19.379-0400] {logging_mixin.py:188} INFO - [2025-06-25T22:02:19.378-0400] {dag.py:3096} INFO - Sync 1 DAGs
[2025-06-25T22:02:19.382-0400] {logging_mixin.py:188} INFO - [2025-06-25T22:02:19.382-0400] {dag.py:3954} INFO - Setting next_dagrun for example_dag_decorator to None, run_after=None
[2025-06-25T22:02:19.389-0400] {processor.py:183} INFO - Processing /opt/anaconda3/envs/airflow_env/lib/python3.10/site-packages/airflow/example_dags/example_dag_decorator.py took 0.175 seconds
[2025-06-25T22:02:47.218-0400] {processor.py:161} INFO - Started process (PID=73822) to work on /opt/anaconda3/envs/airflow_env/lib/python3.10/site-packages/airflow/example_dags/example_dag_decorator.py
[2025-06-25T22:02:47.219-0400] {processor.py:830} INFO - Processing file /opt/anaconda3/envs/airflow_env/lib/python3.10/site-packages/airflow/example_dags/example_dag_decorator.py for tasks to queue
[2025-06-25T22:02:47.220-0400] {logging_mixin.py:188} INFO - [2025-06-25T22:02:47.220-0400] {dagbag.py:545} INFO - Filling up the DagBag from /opt/anaconda3/envs/airflow_env/lib/python3.10/site-packages/airflow/example_dags/example_dag_decorator.py
[2025-06-25T22:02:47.315-0400] {processor.py:840} INFO - DAG(s) 'example_dag_decorator' retrieved from /opt/anaconda3/envs/airflow_env/lib/python3.10/site-packages/airflow/example_dags/example_dag_decorator.py
[2025-06-25T22:02:47.319-0400] {logging_mixin.py:188} INFO - [2025-06-25T22:02:47.319-0400] {dag.py:3096} INFO - Sync 1 DAGs
[2025-06-25T22:02:47.346-0400] {logging_mixin.py:188} INFO - [2025-06-25T22:02:47.346-0400] {dag.py:3954} INFO - Setting next_dagrun for example_dag_decorator to None, run_after=None
[2025-06-25T22:02:47.352-0400] {processor.py:183} INFO - Processing /opt/anaconda3/envs/airflow_env/lib/python3.10/site-packages/airflow/example_dags/example_dag_decorator.py took 0.136 seconds
[2025-06-25T22:03:56.096-0400] {processor.py:161} INFO - Started process (PID=73919) to work on /opt/anaconda3/envs/airflow_env/lib/python3.10/site-packages/airflow/example_dags/example_dag_decorator.py
[2025-06-25T22:03:56.096-0400] {processor.py:830} INFO - Processing file /opt/anaconda3/envs/airflow_env/lib/python3.10/site-packages/airflow/example_dags/example_dag_decorator.py for tasks to queue
[2025-06-25T22:03:56.097-0400] {logging_mixin.py:188} INFO - [2025-06-25T22:03:56.097-0400] {dagbag.py:545} INFO - Filling up the DagBag from /opt/anaconda3/envs/airflow_env/lib/python3.10/site-packages/airflow/example_dags/example_dag_decorator.py
[2025-06-25T22:03:56.192-0400] {processor.py:840} INFO - DAG(s) 'example_dag_decorator' retrieved from /opt/anaconda3/envs/airflow_env/lib/python3.10/site-packages/airflow/example_dags/example_dag_decorator.py
[2025-06-25T22:03:56.250-0400] {logging_mixin.py:188} INFO - [2025-06-25T22:03:56.250-0400] {dag.py:3096} INFO - Sync 1 DAGs
[2025-06-25T22:03:56.253-0400] {logging_mixin.py:188} INFO - [2025-06-25T22:03:56.253-0400] {dag.py:3954} INFO - Setting next_dagrun for example_dag_decorator to None, run_after=None
[2025-06-25T22:03:56.262-0400] {processor.py:183} INFO - Processing /opt/anaconda3/envs/airflow_env/lib/python3.10/site-packages/airflow/example_dags/example_dag_decorator.py took 0.167 seconds
[2025-06-25T22:04:31.610-0400] {processor.py:161} INFO - Started process (PID=73970) to work on /opt/anaconda3/envs/airflow_env/lib/python3.10/site-packages/airflow/example_dags/example_dag_decorator.py
[2025-06-25T22:04:31.611-0400] {processor.py:830} INFO - Processing file /opt/anaconda3/envs/airflow_env/lib/python3.10/site-packages/airflow/example_dags/example_dag_decorator.py for tasks to queue
[2025-06-25T22:04:31.612-0400] {logging_mixin.py:188} INFO - [2025-06-25T22:04:31.611-0400] {dagbag.py:545} INFO - Filling up the DagBag from /opt/anaconda3/envs/airflow_env/lib/python3.10/site-packages/airflow/example_dags/example_dag_decorator.py
[2025-06-25T22:04:31.710-0400] {processor.py:840} INFO - DAG(s) 'example_dag_decorator' retrieved from /opt/anaconda3/envs/airflow_env/lib/python3.10/site-packages/airflow/example_dags/example_dag_decorator.py
[2025-06-25T22:04:31.788-0400] {logging_mixin.py:188} INFO - [2025-06-25T22:04:31.788-0400] {dag.py:3096} INFO - Sync 1 DAGs
[2025-06-25T22:04:31.791-0400] {logging_mixin.py:188} INFO - [2025-06-25T22:04:31.791-0400] {dag.py:3954} INFO - Setting next_dagrun for example_dag_decorator to None, run_after=None
[2025-06-25T22:04:31.799-0400] {processor.py:183} INFO - Processing /opt/anaconda3/envs/airflow_env/lib/python3.10/site-packages/airflow/example_dags/example_dag_decorator.py took 0.191 seconds
[2025-06-25T22:05:32.161-0400] {processor.py:161} INFO - Started process (PID=74055) to work on /opt/anaconda3/envs/airflow_env/lib/python3.10/site-packages/airflow/example_dags/example_dag_decorator.py
[2025-06-25T22:05:32.161-0400] {processor.py:830} INFO - Processing file /opt/anaconda3/envs/airflow_env/lib/python3.10/site-packages/airflow/example_dags/example_dag_decorator.py for tasks to queue
[2025-06-25T22:05:32.162-0400] {logging_mixin.py:188} INFO - [2025-06-25T22:05:32.162-0400] {dagbag.py:545} INFO - Filling up the DagBag from /opt/anaconda3/envs/airflow_env/lib/python3.10/site-packages/airflow/example_dags/example_dag_decorator.py
[2025-06-25T22:05:32.258-0400] {processor.py:840} INFO - DAG(s) 'example_dag_decorator' retrieved from /opt/anaconda3/envs/airflow_env/lib/python3.10/site-packages/airflow/example_dags/example_dag_decorator.py
[2025-06-25T22:05:32.327-0400] {logging_mixin.py:188} INFO - [2025-06-25T22:05:32.327-0400] {dag.py:3096} INFO - Sync 1 DAGs
[2025-06-25T22:05:32.331-0400] {logging_mixin.py:188} INFO - [2025-06-25T22:05:32.331-0400] {dag.py:3954} INFO - Setting next_dagrun for example_dag_decorator to None, run_after=None
[2025-06-25T22:05:32.339-0400] {processor.py:183} INFO - Processing /opt/anaconda3/envs/airflow_env/lib/python3.10/site-packages/airflow/example_dags/example_dag_decorator.py took 0.180 seconds
[2025-06-25T22:06:12.363-0400] {processor.py:161} INFO - Started process (PID=74114) to work on /opt/anaconda3/envs/airflow_env/lib/python3.10/site-packages/airflow/example_dags/example_dag_decorator.py
[2025-06-25T22:06:12.364-0400] {processor.py:830} INFO - Processing file /opt/anaconda3/envs/airflow_env/lib/python3.10/site-packages/airflow/example_dags/example_dag_decorator.py for tasks to queue
[2025-06-25T22:06:12.364-0400] {logging_mixin.py:188} INFO - [2025-06-25T22:06:12.364-0400] {dagbag.py:545} INFO - Filling up the DagBag from /opt/anaconda3/envs/airflow_env/lib/python3.10/site-packages/airflow/example_dags/example_dag_decorator.py
[2025-06-25T22:06:12.487-0400] {processor.py:840} INFO - DAG(s) 'example_dag_decorator' retrieved from /opt/anaconda3/envs/airflow_env/lib/python3.10/site-packages/airflow/example_dags/example_dag_decorator.py
[2025-06-25T22:06:12.573-0400] {logging_mixin.py:188} INFO - [2025-06-25T22:06:12.572-0400] {dag.py:3096} INFO - Sync 1 DAGs
[2025-06-25T22:06:12.577-0400] {logging_mixin.py:188} INFO - [2025-06-25T22:06:12.576-0400] {dag.py:3954} INFO - Setting next_dagrun for example_dag_decorator to None, run_after=None
[2025-06-25T22:06:12.585-0400] {processor.py:183} INFO - Processing /opt/anaconda3/envs/airflow_env/lib/python3.10/site-packages/airflow/example_dags/example_dag_decorator.py took 0.224 seconds
[2025-06-25T22:07:17.129-0400] {processor.py:161} INFO - Started process (PID=74217) to work on /opt/anaconda3/envs/airflow_env/lib/python3.10/site-packages/airflow/example_dags/example_dag_decorator.py
[2025-06-25T22:07:17.130-0400] {processor.py:830} INFO - Processing file /opt/anaconda3/envs/airflow_env/lib/python3.10/site-packages/airflow/example_dags/example_dag_decorator.py for tasks to queue
[2025-06-25T22:07:17.130-0400] {logging_mixin.py:188} INFO - [2025-06-25T22:07:17.130-0400] {dagbag.py:545} INFO - Filling up the DagBag from /opt/anaconda3/envs/airflow_env/lib/python3.10/site-packages/airflow/example_dags/example_dag_decorator.py
[2025-06-25T22:07:17.221-0400] {processor.py:840} INFO - DAG(s) 'example_dag_decorator' retrieved from /opt/anaconda3/envs/airflow_env/lib/python3.10/site-packages/airflow/example_dags/example_dag_decorator.py
[2025-06-25T22:07:17.279-0400] {logging_mixin.py:188} INFO - [2025-06-25T22:07:17.279-0400] {dag.py:3096} INFO - Sync 1 DAGs
[2025-06-25T22:07:17.282-0400] {logging_mixin.py:188} INFO - [2025-06-25T22:07:17.282-0400] {dag.py:3954} INFO - Setting next_dagrun for example_dag_decorator to None, run_after=None
[2025-06-25T22:07:17.290-0400] {processor.py:183} INFO - Processing /opt/anaconda3/envs/airflow_env/lib/python3.10/site-packages/airflow/example_dags/example_dag_decorator.py took 0.163 seconds
[2025-06-25T22:07:49.360-0400] {processor.py:161} INFO - Started process (PID=74274) to work on /opt/anaconda3/envs/airflow_env/lib/python3.10/site-packages/airflow/example_dags/example_dag_decorator.py
[2025-06-25T22:07:49.361-0400] {processor.py:830} INFO - Processing file /opt/anaconda3/envs/airflow_env/lib/python3.10/site-packages/airflow/example_dags/example_dag_decorator.py for tasks to queue
[2025-06-25T22:07:49.361-0400] {logging_mixin.py:188} INFO - [2025-06-25T22:07:49.361-0400] {dagbag.py:545} INFO - Filling up the DagBag from /opt/anaconda3/envs/airflow_env/lib/python3.10/site-packages/airflow/example_dags/example_dag_decorator.py
[2025-06-25T22:07:49.460-0400] {processor.py:840} INFO - DAG(s) 'example_dag_decorator' retrieved from /opt/anaconda3/envs/airflow_env/lib/python3.10/site-packages/airflow/example_dags/example_dag_decorator.py
[2025-06-25T22:07:49.529-0400] {logging_mixin.py:188} INFO - [2025-06-25T22:07:49.529-0400] {dag.py:3096} INFO - Sync 1 DAGs
[2025-06-25T22:07:49.532-0400] {logging_mixin.py:188} INFO - [2025-06-25T22:07:49.532-0400] {dag.py:3954} INFO - Setting next_dagrun for example_dag_decorator to None, run_after=None
[2025-06-25T22:07:49.539-0400] {processor.py:183} INFO - Processing /opt/anaconda3/envs/airflow_env/lib/python3.10/site-packages/airflow/example_dags/example_dag_decorator.py took 0.181 seconds
[2025-06-25T22:08:57.168-0400] {processor.py:161} INFO - Started process (PID=74381) to work on /opt/anaconda3/envs/airflow_env/lib/python3.10/site-packages/airflow/example_dags/example_dag_decorator.py
[2025-06-25T22:08:57.169-0400] {processor.py:830} INFO - Processing file /opt/anaconda3/envs/airflow_env/lib/python3.10/site-packages/airflow/example_dags/example_dag_decorator.py for tasks to queue
[2025-06-25T22:08:57.169-0400] {logging_mixin.py:188} INFO - [2025-06-25T22:08:57.169-0400] {dagbag.py:545} INFO - Filling up the DagBag from /opt/anaconda3/envs/airflow_env/lib/python3.10/site-packages/airflow/example_dags/example_dag_decorator.py
[2025-06-25T22:08:57.257-0400] {processor.py:840} INFO - DAG(s) 'example_dag_decorator' retrieved from /opt/anaconda3/envs/airflow_env/lib/python3.10/site-packages/airflow/example_dags/example_dag_decorator.py
[2025-06-25T22:08:57.317-0400] {logging_mixin.py:188} INFO - [2025-06-25T22:08:57.317-0400] {dag.py:3096} INFO - Sync 1 DAGs
[2025-06-25T22:08:57.321-0400] {logging_mixin.py:188} INFO - [2025-06-25T22:08:57.321-0400] {dag.py:3954} INFO - Setting next_dagrun for example_dag_decorator to None, run_after=None
[2025-06-25T22:08:57.329-0400] {processor.py:183} INFO - Processing /opt/anaconda3/envs/airflow_env/lib/python3.10/site-packages/airflow/example_dags/example_dag_decorator.py took 0.163 seconds
[2025-06-25T22:09:27.764-0400] {processor.py:161} INFO - Started process (PID=74425) to work on /opt/anaconda3/envs/airflow_env/lib/python3.10/site-packages/airflow/example_dags/example_dag_decorator.py
[2025-06-25T22:09:27.764-0400] {processor.py:830} INFO - Processing file /opt/anaconda3/envs/airflow_env/lib/python3.10/site-packages/airflow/example_dags/example_dag_decorator.py for tasks to queue
[2025-06-25T22:09:27.764-0400] {logging_mixin.py:188} INFO - [2025-06-25T22:09:27.764-0400] {dagbag.py:545} INFO - Filling up the DagBag from /opt/anaconda3/envs/airflow_env/lib/python3.10/site-packages/airflow/example_dags/example_dag_decorator.py
[2025-06-25T22:09:27.840-0400] {processor.py:840} INFO - DAG(s) 'example_dag_decorator' retrieved from /opt/anaconda3/envs/airflow_env/lib/python3.10/site-packages/airflow/example_dags/example_dag_decorator.py
[2025-06-25T22:09:27.902-0400] {logging_mixin.py:188} INFO - [2025-06-25T22:09:27.901-0400] {dag.py:3096} INFO - Sync 1 DAGs
[2025-06-25T22:09:27.905-0400] {logging_mixin.py:188} INFO - [2025-06-25T22:09:27.905-0400] {dag.py:3954} INFO - Setting next_dagrun for example_dag_decorator to None, run_after=None
[2025-06-25T22:09:27.912-0400] {processor.py:183} INFO - Processing /opt/anaconda3/envs/airflow_env/lib/python3.10/site-packages/airflow/example_dags/example_dag_decorator.py took 0.150 seconds
[2025-06-25T22:10:30.419-0400] {processor.py:161} INFO - Started process (PID=74511) to work on /opt/anaconda3/envs/airflow_env/lib/python3.10/site-packages/airflow/example_dags/example_dag_decorator.py
[2025-06-25T22:10:30.419-0400] {processor.py:830} INFO - Processing file /opt/anaconda3/envs/airflow_env/lib/python3.10/site-packages/airflow/example_dags/example_dag_decorator.py for tasks to queue
[2025-06-25T22:10:30.419-0400] {logging_mixin.py:188} INFO - [2025-06-25T22:10:30.419-0400] {dagbag.py:545} INFO - Filling up the DagBag from /opt/anaconda3/envs/airflow_env/lib/python3.10/site-packages/airflow/example_dags/example_dag_decorator.py
[2025-06-25T22:10:30.501-0400] {processor.py:840} INFO - DAG(s) 'example_dag_decorator' retrieved from /opt/anaconda3/envs/airflow_env/lib/python3.10/site-packages/airflow/example_dags/example_dag_decorator.py
[2025-06-25T22:10:30.562-0400] {logging_mixin.py:188} INFO - [2025-06-25T22:10:30.562-0400] {dag.py:3096} INFO - Sync 1 DAGs
[2025-06-25T22:10:30.566-0400] {logging_mixin.py:188} INFO - [2025-06-25T22:10:30.566-0400] {dag.py:3954} INFO - Setting next_dagrun for example_dag_decorator to None, run_after=None
[2025-06-25T22:10:30.575-0400] {processor.py:183} INFO - Processing /opt/anaconda3/envs/airflow_env/lib/python3.10/site-packages/airflow/example_dags/example_dag_decorator.py took 0.158 seconds
[2025-06-25T22:11:12.896-0400] {processor.py:161} INFO - Started process (PID=74571) to work on /opt/anaconda3/envs/airflow_env/lib/python3.10/site-packages/airflow/example_dags/example_dag_decorator.py
[2025-06-25T22:11:12.897-0400] {processor.py:830} INFO - Processing file /opt/anaconda3/envs/airflow_env/lib/python3.10/site-packages/airflow/example_dags/example_dag_decorator.py for tasks to queue
[2025-06-25T22:11:12.897-0400] {logging_mixin.py:188} INFO - [2025-06-25T22:11:12.897-0400] {dagbag.py:545} INFO - Filling up the DagBag from /opt/anaconda3/envs/airflow_env/lib/python3.10/site-packages/airflow/example_dags/example_dag_decorator.py
[2025-06-25T22:11:13.033-0400] {processor.py:840} INFO - DAG(s) 'example_dag_decorator' retrieved from /opt/anaconda3/envs/airflow_env/lib/python3.10/site-packages/airflow/example_dags/example_dag_decorator.py
[2025-06-25T22:11:13.139-0400] {logging_mixin.py:188} INFO - [2025-06-25T22:11:13.138-0400] {dag.py:3096} INFO - Sync 1 DAGs
[2025-06-25T22:11:13.142-0400] {logging_mixin.py:188} INFO - [2025-06-25T22:11:13.142-0400] {dag.py:3954} INFO - Setting next_dagrun for example_dag_decorator to None, run_after=None
[2025-06-25T22:11:13.151-0400] {processor.py:183} INFO - Processing /opt/anaconda3/envs/airflow_env/lib/python3.10/site-packages/airflow/example_dags/example_dag_decorator.py took 0.257 seconds
[2025-06-25T22:12:25.992-0400] {processor.py:161} INFO - Started process (PID=74709) to work on /opt/anaconda3/envs/airflow_env/lib/python3.10/site-packages/airflow/example_dags/example_dag_decorator.py
[2025-06-25T22:12:25.992-0400] {processor.py:830} INFO - Processing file /opt/anaconda3/envs/airflow_env/lib/python3.10/site-packages/airflow/example_dags/example_dag_decorator.py for tasks to queue
[2025-06-25T22:12:25.993-0400] {logging_mixin.py:188} INFO - [2025-06-25T22:12:25.993-0400] {dagbag.py:545} INFO - Filling up the DagBag from /opt/anaconda3/envs/airflow_env/lib/python3.10/site-packages/airflow/example_dags/example_dag_decorator.py
[2025-06-25T22:12:26.105-0400] {processor.py:840} INFO - DAG(s) 'example_dag_decorator' retrieved from /opt/anaconda3/envs/airflow_env/lib/python3.10/site-packages/airflow/example_dags/example_dag_decorator.py
[2025-06-25T22:12:26.189-0400] {logging_mixin.py:188} INFO - [2025-06-25T22:12:26.188-0400] {dag.py:3096} INFO - Sync 1 DAGs
[2025-06-25T22:12:26.192-0400] {logging_mixin.py:188} INFO - [2025-06-25T22:12:26.192-0400] {dag.py:3954} INFO - Setting next_dagrun for example_dag_decorator to None, run_after=None
[2025-06-25T22:12:26.201-0400] {processor.py:183} INFO - Processing /opt/anaconda3/envs/airflow_env/lib/python3.10/site-packages/airflow/example_dags/example_dag_decorator.py took 0.211 seconds
[2025-06-25T22:13:11.034-0400] {processor.py:161} INFO - Started process (PID=74774) to work on /opt/anaconda3/envs/airflow_env/lib/python3.10/site-packages/airflow/example_dags/example_dag_decorator.py
[2025-06-25T22:13:11.035-0400] {processor.py:830} INFO - Processing file /opt/anaconda3/envs/airflow_env/lib/python3.10/site-packages/airflow/example_dags/example_dag_decorator.py for tasks to queue
[2025-06-25T22:13:11.035-0400] {logging_mixin.py:188} INFO - [2025-06-25T22:13:11.035-0400] {dagbag.py:545} INFO - Filling up the DagBag from /opt/anaconda3/envs/airflow_env/lib/python3.10/site-packages/airflow/example_dags/example_dag_decorator.py
[2025-06-25T22:13:11.133-0400] {processor.py:840} INFO - DAG(s) 'example_dag_decorator' retrieved from /opt/anaconda3/envs/airflow_env/lib/python3.10/site-packages/airflow/example_dags/example_dag_decorator.py
[2025-06-25T22:13:11.202-0400] {logging_mixin.py:188} INFO - [2025-06-25T22:13:11.202-0400] {dag.py:3096} INFO - Sync 1 DAGs
[2025-06-25T22:13:11.206-0400] {logging_mixin.py:188} INFO - [2025-06-25T22:13:11.206-0400] {dag.py:3954} INFO - Setting next_dagrun for example_dag_decorator to None, run_after=None
[2025-06-25T22:13:11.214-0400] {processor.py:183} INFO - Processing /opt/anaconda3/envs/airflow_env/lib/python3.10/site-packages/airflow/example_dags/example_dag_decorator.py took 0.182 seconds
[2025-06-25T22:14:08.391-0400] {processor.py:161} INFO - Started process (PID=74852) to work on /opt/anaconda3/envs/airflow_env/lib/python3.10/site-packages/airflow/example_dags/example_dag_decorator.py
[2025-06-25T22:14:08.392-0400] {processor.py:830} INFO - Processing file /opt/anaconda3/envs/airflow_env/lib/python3.10/site-packages/airflow/example_dags/example_dag_decorator.py for tasks to queue
[2025-06-25T22:14:08.392-0400] {logging_mixin.py:188} INFO - [2025-06-25T22:14:08.392-0400] {dagbag.py:545} INFO - Filling up the DagBag from /opt/anaconda3/envs/airflow_env/lib/python3.10/site-packages/airflow/example_dags/example_dag_decorator.py
[2025-06-25T22:14:08.487-0400] {processor.py:840} INFO - DAG(s) 'example_dag_decorator' retrieved from /opt/anaconda3/envs/airflow_env/lib/python3.10/site-packages/airflow/example_dags/example_dag_decorator.py
[2025-06-25T22:14:08.546-0400] {logging_mixin.py:188} INFO - [2025-06-25T22:14:08.546-0400] {dag.py:3096} INFO - Sync 1 DAGs
[2025-06-25T22:14:08.550-0400] {logging_mixin.py:188} INFO - [2025-06-25T22:14:08.549-0400] {dag.py:3954} INFO - Setting next_dagrun for example_dag_decorator to None, run_after=None
[2025-06-25T22:14:08.557-0400] {processor.py:183} INFO - Processing /opt/anaconda3/envs/airflow_env/lib/python3.10/site-packages/airflow/example_dags/example_dag_decorator.py took 0.167 seconds
[2025-06-25T22:14:55.953-0400] {processor.py:161} INFO - Started process (PID=74921) to work on /opt/anaconda3/envs/airflow_env/lib/python3.10/site-packages/airflow/example_dags/example_dag_decorator.py
[2025-06-25T22:14:55.953-0400] {processor.py:830} INFO - Processing file /opt/anaconda3/envs/airflow_env/lib/python3.10/site-packages/airflow/example_dags/example_dag_decorator.py for tasks to queue
[2025-06-25T22:14:55.953-0400] {logging_mixin.py:188} INFO - [2025-06-25T22:14:55.953-0400] {dagbag.py:545} INFO - Filling up the DagBag from /opt/anaconda3/envs/airflow_env/lib/python3.10/site-packages/airflow/example_dags/example_dag_decorator.py
[2025-06-25T22:14:56.045-0400] {processor.py:840} INFO - DAG(s) 'example_dag_decorator' retrieved from /opt/anaconda3/envs/airflow_env/lib/python3.10/site-packages/airflow/example_dags/example_dag_decorator.py
[2025-06-25T22:14:56.103-0400] {logging_mixin.py:188} INFO - [2025-06-25T22:14:56.103-0400] {dag.py:3096} INFO - Sync 1 DAGs
[2025-06-25T22:14:56.106-0400] {logging_mixin.py:188} INFO - [2025-06-25T22:14:56.106-0400] {dag.py:3954} INFO - Setting next_dagrun for example_dag_decorator to None, run_after=None
[2025-06-25T22:14:56.114-0400] {processor.py:183} INFO - Processing /opt/anaconda3/envs/airflow_env/lib/python3.10/site-packages/airflow/example_dags/example_dag_decorator.py took 0.163 seconds
[2025-06-25T22:15:57.155-0400] {processor.py:161} INFO - Started process (PID=75008) to work on /opt/anaconda3/envs/airflow_env/lib/python3.10/site-packages/airflow/example_dags/example_dag_decorator.py
[2025-06-25T22:15:57.155-0400] {processor.py:830} INFO - Processing file /opt/anaconda3/envs/airflow_env/lib/python3.10/site-packages/airflow/example_dags/example_dag_decorator.py for tasks to queue
[2025-06-25T22:15:57.156-0400] {logging_mixin.py:188} INFO - [2025-06-25T22:15:57.156-0400] {dagbag.py:545} INFO - Filling up the DagBag from /opt/anaconda3/envs/airflow_env/lib/python3.10/site-packages/airflow/example_dags/example_dag_decorator.py
[2025-06-25T22:15:57.243-0400] {processor.py:840} INFO - DAG(s) 'example_dag_decorator' retrieved from /opt/anaconda3/envs/airflow_env/lib/python3.10/site-packages/airflow/example_dags/example_dag_decorator.py
[2025-06-25T22:15:57.301-0400] {logging_mixin.py:188} INFO - [2025-06-25T22:15:57.301-0400] {dag.py:3096} INFO - Sync 1 DAGs
[2025-06-25T22:15:57.304-0400] {logging_mixin.py:188} INFO - [2025-06-25T22:15:57.304-0400] {dag.py:3954} INFO - Setting next_dagrun for example_dag_decorator to None, run_after=None
[2025-06-25T22:15:57.312-0400] {processor.py:183} INFO - Processing /opt/anaconda3/envs/airflow_env/lib/python3.10/site-packages/airflow/example_dags/example_dag_decorator.py took 0.159 seconds
[2025-06-25T22:16:43.681-0400] {processor.py:161} INFO - Started process (PID=75071) to work on /opt/anaconda3/envs/airflow_env/lib/python3.10/site-packages/airflow/example_dags/example_dag_decorator.py
[2025-06-25T22:16:43.681-0400] {processor.py:830} INFO - Processing file /opt/anaconda3/envs/airflow_env/lib/python3.10/site-packages/airflow/example_dags/example_dag_decorator.py for tasks to queue
[2025-06-25T22:16:43.681-0400] {logging_mixin.py:188} INFO - [2025-06-25T22:16:43.681-0400] {dagbag.py:545} INFO - Filling up the DagBag from /opt/anaconda3/envs/airflow_env/lib/python3.10/site-packages/airflow/example_dags/example_dag_decorator.py
[2025-06-25T22:16:43.757-0400] {processor.py:840} INFO - DAG(s) 'example_dag_decorator' retrieved from /opt/anaconda3/envs/airflow_env/lib/python3.10/site-packages/airflow/example_dags/example_dag_decorator.py
[2025-06-25T22:16:43.819-0400] {logging_mixin.py:188} INFO - [2025-06-25T22:16:43.818-0400] {dag.py:3096} INFO - Sync 1 DAGs
[2025-06-25T22:16:43.821-0400] {logging_mixin.py:188} INFO - [2025-06-25T22:16:43.821-0400] {dag.py:3954} INFO - Setting next_dagrun for example_dag_decorator to None, run_after=None
[2025-06-25T22:16:43.828-0400] {processor.py:183} INFO - Processing /opt/anaconda3/envs/airflow_env/lib/python3.10/site-packages/airflow/example_dags/example_dag_decorator.py took 0.149 seconds
[2025-06-25T22:17:44.494-0400] {processor.py:161} INFO - Started process (PID=75157) to work on /opt/anaconda3/envs/airflow_env/lib/python3.10/site-packages/airflow/example_dags/example_dag_decorator.py
[2025-06-25T22:17:44.495-0400] {processor.py:830} INFO - Processing file /opt/anaconda3/envs/airflow_env/lib/python3.10/site-packages/airflow/example_dags/example_dag_decorator.py for tasks to queue
[2025-06-25T22:17:44.495-0400] {logging_mixin.py:188} INFO - [2025-06-25T22:17:44.495-0400] {dagbag.py:545} INFO - Filling up the DagBag from /opt/anaconda3/envs/airflow_env/lib/python3.10/site-packages/airflow/example_dags/example_dag_decorator.py
[2025-06-25T22:17:44.600-0400] {processor.py:840} INFO - DAG(s) 'example_dag_decorator' retrieved from /opt/anaconda3/envs/airflow_env/lib/python3.10/site-packages/airflow/example_dags/example_dag_decorator.py
[2025-06-25T22:17:44.667-0400] {logging_mixin.py:188} INFO - [2025-06-25T22:17:44.667-0400] {dag.py:3096} INFO - Sync 1 DAGs
[2025-06-25T22:17:44.670-0400] {logging_mixin.py:188} INFO - [2025-06-25T22:17:44.670-0400] {dag.py:3954} INFO - Setting next_dagrun for example_dag_decorator to None, run_after=None
[2025-06-25T22:17:44.678-0400] {processor.py:183} INFO - Processing /opt/anaconda3/envs/airflow_env/lib/python3.10/site-packages/airflow/example_dags/example_dag_decorator.py took 0.186 seconds
[2025-06-25T22:18:41.923-0400] {processor.py:161} INFO - Started process (PID=75233) to work on /opt/anaconda3/envs/airflow_env/lib/python3.10/site-packages/airflow/example_dags/example_dag_decorator.py
[2025-06-25T22:18:41.924-0400] {processor.py:830} INFO - Processing file /opt/anaconda3/envs/airflow_env/lib/python3.10/site-packages/airflow/example_dags/example_dag_decorator.py for tasks to queue
[2025-06-25T22:18:41.925-0400] {logging_mixin.py:188} INFO - [2025-06-25T22:18:41.924-0400] {dagbag.py:545} INFO - Filling up the DagBag from /opt/anaconda3/envs/airflow_env/lib/python3.10/site-packages/airflow/example_dags/example_dag_decorator.py
[2025-06-25T22:18:42.023-0400] {processor.py:840} INFO - DAG(s) 'example_dag_decorator' retrieved from /opt/anaconda3/envs/airflow_env/lib/python3.10/site-packages/airflow/example_dags/example_dag_decorator.py
[2025-06-25T22:18:42.086-0400] {logging_mixin.py:188} INFO - [2025-06-25T22:18:42.085-0400] {dag.py:3096} INFO - Sync 1 DAGs
[2025-06-25T22:18:42.089-0400] {logging_mixin.py:188} INFO - [2025-06-25T22:18:42.089-0400] {dag.py:3954} INFO - Setting next_dagrun for example_dag_decorator to None, run_after=None
[2025-06-25T22:18:42.096-0400] {processor.py:183} INFO - Processing /opt/anaconda3/envs/airflow_env/lib/python3.10/site-packages/airflow/example_dags/example_dag_decorator.py took 0.175 seconds
[2025-06-25T22:19:40.966-0400] {processor.py:161} INFO - Started process (PID=75312) to work on /opt/anaconda3/envs/airflow_env/lib/python3.10/site-packages/airflow/example_dags/example_dag_decorator.py
[2025-06-25T22:19:40.967-0400] {processor.py:830} INFO - Processing file /opt/anaconda3/envs/airflow_env/lib/python3.10/site-packages/airflow/example_dags/example_dag_decorator.py for tasks to queue
[2025-06-25T22:19:40.967-0400] {logging_mixin.py:188} INFO - [2025-06-25T22:19:40.967-0400] {dagbag.py:545} INFO - Filling up the DagBag from /opt/anaconda3/envs/airflow_env/lib/python3.10/site-packages/airflow/example_dags/example_dag_decorator.py
[2025-06-25T22:19:41.067-0400] {processor.py:840} INFO - DAG(s) 'example_dag_decorator' retrieved from /opt/anaconda3/envs/airflow_env/lib/python3.10/site-packages/airflow/example_dags/example_dag_decorator.py
[2025-06-25T22:19:41.134-0400] {logging_mixin.py:188} INFO - [2025-06-25T22:19:41.133-0400] {dag.py:3096} INFO - Sync 1 DAGs
[2025-06-25T22:19:41.138-0400] {logging_mixin.py:188} INFO - [2025-06-25T22:19:41.138-0400] {dag.py:3954} INFO - Setting next_dagrun for example_dag_decorator to None, run_after=None
[2025-06-25T22:19:41.146-0400] {processor.py:183} INFO - Processing /opt/anaconda3/envs/airflow_env/lib/python3.10/site-packages/airflow/example_dags/example_dag_decorator.py took 0.183 seconds
[2025-06-25T22:20:35.775-0400] {processor.py:161} INFO - Started process (PID=75383) to work on /opt/anaconda3/envs/airflow_env/lib/python3.10/site-packages/airflow/example_dags/example_dag_decorator.py
[2025-06-25T22:20:35.777-0400] {processor.py:830} INFO - Processing file /opt/anaconda3/envs/airflow_env/lib/python3.10/site-packages/airflow/example_dags/example_dag_decorator.py for tasks to queue
[2025-06-25T22:20:35.777-0400] {logging_mixin.py:188} INFO - [2025-06-25T22:20:35.777-0400] {dagbag.py:545} INFO - Filling up the DagBag from /opt/anaconda3/envs/airflow_env/lib/python3.10/site-packages/airflow/example_dags/example_dag_decorator.py
[2025-06-25T22:20:35.869-0400] {processor.py:840} INFO - DAG(s) 'example_dag_decorator' retrieved from /opt/anaconda3/envs/airflow_env/lib/python3.10/site-packages/airflow/example_dags/example_dag_decorator.py
[2025-06-25T22:20:35.929-0400] {logging_mixin.py:188} INFO - [2025-06-25T22:20:35.929-0400] {dag.py:3096} INFO - Sync 1 DAGs
[2025-06-25T22:20:35.932-0400] {logging_mixin.py:188} INFO - [2025-06-25T22:20:35.932-0400] {dag.py:3954} INFO - Setting next_dagrun for example_dag_decorator to None, run_after=None
[2025-06-25T22:20:35.939-0400] {processor.py:183} INFO - Processing /opt/anaconda3/envs/airflow_env/lib/python3.10/site-packages/airflow/example_dags/example_dag_decorator.py took 0.166 seconds
[2025-06-25T22:21:29.404-0400] {processor.py:161} INFO - Started process (PID=75463) to work on /opt/anaconda3/envs/airflow_env/lib/python3.10/site-packages/airflow/example_dags/example_dag_decorator.py
[2025-06-25T22:21:29.405-0400] {processor.py:830} INFO - Processing file /opt/anaconda3/envs/airflow_env/lib/python3.10/site-packages/airflow/example_dags/example_dag_decorator.py for tasks to queue
[2025-06-25T22:21:29.405-0400] {logging_mixin.py:188} INFO - [2025-06-25T22:21:29.405-0400] {dagbag.py:545} INFO - Filling up the DagBag from /opt/anaconda3/envs/airflow_env/lib/python3.10/site-packages/airflow/example_dags/example_dag_decorator.py
[2025-06-25T22:21:29.501-0400] {processor.py:840} INFO - DAG(s) 'example_dag_decorator' retrieved from /opt/anaconda3/envs/airflow_env/lib/python3.10/site-packages/airflow/example_dags/example_dag_decorator.py
[2025-06-25T22:21:29.559-0400] {logging_mixin.py:188} INFO - [2025-06-25T22:21:29.559-0400] {dag.py:3096} INFO - Sync 1 DAGs
[2025-06-25T22:21:29.562-0400] {logging_mixin.py:188} INFO - [2025-06-25T22:21:29.562-0400] {dag.py:3954} INFO - Setting next_dagrun for example_dag_decorator to None, run_after=None
[2025-06-25T22:21:29.569-0400] {processor.py:183} INFO - Processing /opt/anaconda3/envs/airflow_env/lib/python3.10/site-packages/airflow/example_dags/example_dag_decorator.py took 0.167 seconds
[2025-06-25T22:22:19.044-0400] {processor.py:161} INFO - Started process (PID=75570) to work on /opt/anaconda3/envs/airflow_env/lib/python3.10/site-packages/airflow/example_dags/example_dag_decorator.py
[2025-06-25T22:22:19.044-0400] {processor.py:830} INFO - Processing file /opt/anaconda3/envs/airflow_env/lib/python3.10/site-packages/airflow/example_dags/example_dag_decorator.py for tasks to queue
[2025-06-25T22:22:19.044-0400] {logging_mixin.py:188} INFO - [2025-06-25T22:22:19.044-0400] {dagbag.py:545} INFO - Filling up the DagBag from /opt/anaconda3/envs/airflow_env/lib/python3.10/site-packages/airflow/example_dags/example_dag_decorator.py
[2025-06-25T22:22:19.186-0400] {processor.py:840} INFO - DAG(s) 'example_dag_decorator' retrieved from /opt/anaconda3/envs/airflow_env/lib/python3.10/site-packages/airflow/example_dags/example_dag_decorator.py
[2025-06-25T22:22:19.273-0400] {logging_mixin.py:188} INFO - [2025-06-25T22:22:19.273-0400] {dag.py:3096} INFO - Sync 1 DAGs
[2025-06-25T22:22:19.277-0400] {logging_mixin.py:188} INFO - [2025-06-25T22:22:19.277-0400] {dag.py:3954} INFO - Setting next_dagrun for example_dag_decorator to None, run_after=None
[2025-06-25T22:22:19.286-0400] {processor.py:183} INFO - Processing /opt/anaconda3/envs/airflow_env/lib/python3.10/site-packages/airflow/example_dags/example_dag_decorator.py took 0.244 seconds
[2025-06-25T22:23:12.480-0400] {processor.py:161} INFO - Started process (PID=75677) to work on /opt/anaconda3/envs/airflow_env/lib/python3.10/site-packages/airflow/example_dags/example_dag_decorator.py
[2025-06-25T22:23:12.480-0400] {processor.py:830} INFO - Processing file /opt/anaconda3/envs/airflow_env/lib/python3.10/site-packages/airflow/example_dags/example_dag_decorator.py for tasks to queue
[2025-06-25T22:23:12.481-0400] {logging_mixin.py:188} INFO - [2025-06-25T22:23:12.481-0400] {dagbag.py:545} INFO - Filling up the DagBag from /opt/anaconda3/envs/airflow_env/lib/python3.10/site-packages/airflow/example_dags/example_dag_decorator.py
[2025-06-25T22:23:12.573-0400] {processor.py:840} INFO - DAG(s) 'example_dag_decorator' retrieved from /opt/anaconda3/envs/airflow_env/lib/python3.10/site-packages/airflow/example_dags/example_dag_decorator.py
[2025-06-25T22:23:12.636-0400] {logging_mixin.py:188} INFO - [2025-06-25T22:23:12.636-0400] {dag.py:3096} INFO - Sync 1 DAGs
[2025-06-25T22:23:12.639-0400] {logging_mixin.py:188} INFO - [2025-06-25T22:23:12.639-0400] {dag.py:3954} INFO - Setting next_dagrun for example_dag_decorator to None, run_after=None
[2025-06-25T22:23:12.646-0400] {processor.py:183} INFO - Processing /opt/anaconda3/envs/airflow_env/lib/python3.10/site-packages/airflow/example_dags/example_dag_decorator.py took 0.169 seconds
[2025-06-25T22:24:14.990-0400] {processor.py:161} INFO - Started process (PID=75761) to work on /opt/anaconda3/envs/airflow_env/lib/python3.10/site-packages/airflow/example_dags/example_dag_decorator.py
[2025-06-25T22:24:14.991-0400] {processor.py:830} INFO - Processing file /opt/anaconda3/envs/airflow_env/lib/python3.10/site-packages/airflow/example_dags/example_dag_decorator.py for tasks to queue
[2025-06-25T22:24:14.991-0400] {logging_mixin.py:188} INFO - [2025-06-25T22:24:14.991-0400] {dagbag.py:545} INFO - Filling up the DagBag from /opt/anaconda3/envs/airflow_env/lib/python3.10/site-packages/airflow/example_dags/example_dag_decorator.py
[2025-06-25T22:24:15.101-0400] {processor.py:840} INFO - DAG(s) 'example_dag_decorator' retrieved from /opt/anaconda3/envs/airflow_env/lib/python3.10/site-packages/airflow/example_dags/example_dag_decorator.py
[2025-06-25T22:24:15.167-0400] {logging_mixin.py:188} INFO - [2025-06-25T22:24:15.167-0400] {dag.py:3096} INFO - Sync 1 DAGs
[2025-06-25T22:24:15.170-0400] {logging_mixin.py:188} INFO - [2025-06-25T22:24:15.170-0400] {dag.py:3954} INFO - Setting next_dagrun for example_dag_decorator to None, run_after=None
[2025-06-25T22:24:15.177-0400] {processor.py:183} INFO - Processing /opt/anaconda3/envs/airflow_env/lib/python3.10/site-packages/airflow/example_dags/example_dag_decorator.py took 0.189 seconds
[2025-06-25T22:25:03.957-0400] {processor.py:161} INFO - Started process (PID=75838) to work on /opt/anaconda3/envs/airflow_env/lib/python3.10/site-packages/airflow/example_dags/example_dag_decorator.py
[2025-06-25T22:25:03.957-0400] {processor.py:830} INFO - Processing file /opt/anaconda3/envs/airflow_env/lib/python3.10/site-packages/airflow/example_dags/example_dag_decorator.py for tasks to queue
[2025-06-25T22:25:03.957-0400] {logging_mixin.py:188} INFO - [2025-06-25T22:25:03.957-0400] {dagbag.py:545} INFO - Filling up the DagBag from /opt/anaconda3/envs/airflow_env/lib/python3.10/site-packages/airflow/example_dags/example_dag_decorator.py
[2025-06-25T22:25:04.056-0400] {processor.py:840} INFO - DAG(s) 'example_dag_decorator' retrieved from /opt/anaconda3/envs/airflow_env/lib/python3.10/site-packages/airflow/example_dags/example_dag_decorator.py
[2025-06-25T22:25:04.128-0400] {logging_mixin.py:188} INFO - [2025-06-25T22:25:04.127-0400] {dag.py:3096} INFO - Sync 1 DAGs
[2025-06-25T22:25:04.130-0400] {logging_mixin.py:188} INFO - [2025-06-25T22:25:04.130-0400] {dag.py:3954} INFO - Setting next_dagrun for example_dag_decorator to None, run_after=None
[2025-06-25T22:25:04.137-0400] {processor.py:183} INFO - Processing /opt/anaconda3/envs/airflow_env/lib/python3.10/site-packages/airflow/example_dags/example_dag_decorator.py took 0.182 seconds
[2025-06-25T22:26:09.564-0400] {processor.py:161} INFO - Started process (PID=75941) to work on /opt/anaconda3/envs/airflow_env/lib/python3.10/site-packages/airflow/example_dags/example_dag_decorator.py
[2025-06-25T22:26:09.564-0400] {processor.py:830} INFO - Processing file /opt/anaconda3/envs/airflow_env/lib/python3.10/site-packages/airflow/example_dags/example_dag_decorator.py for tasks to queue
[2025-06-25T22:26:09.565-0400] {logging_mixin.py:188} INFO - [2025-06-25T22:26:09.565-0400] {dagbag.py:545} INFO - Filling up the DagBag from /opt/anaconda3/envs/airflow_env/lib/python3.10/site-packages/airflow/example_dags/example_dag_decorator.py
[2025-06-25T22:26:09.690-0400] {processor.py:840} INFO - DAG(s) 'example_dag_decorator' retrieved from /opt/anaconda3/envs/airflow_env/lib/python3.10/site-packages/airflow/example_dags/example_dag_decorator.py
[2025-06-25T22:26:09.766-0400] {logging_mixin.py:188} INFO - [2025-06-25T22:26:09.765-0400] {dag.py:3096} INFO - Sync 1 DAGs
[2025-06-25T22:26:09.769-0400] {logging_mixin.py:188} INFO - [2025-06-25T22:26:09.768-0400] {dag.py:3954} INFO - Setting next_dagrun for example_dag_decorator to None, run_after=None
[2025-06-25T22:26:09.776-0400] {processor.py:183} INFO - Processing /opt/anaconda3/envs/airflow_env/lib/python3.10/site-packages/airflow/example_dags/example_dag_decorator.py took 0.214 seconds
[2025-06-25T22:26:41.807-0400] {processor.py:161} INFO - Started process (PID=75993) to work on /opt/anaconda3/envs/airflow_env/lib/python3.10/site-packages/airflow/example_dags/example_dag_decorator.py
[2025-06-25T22:26:41.808-0400] {processor.py:830} INFO - Processing file /opt/anaconda3/envs/airflow_env/lib/python3.10/site-packages/airflow/example_dags/example_dag_decorator.py for tasks to queue
[2025-06-25T22:26:41.808-0400] {logging_mixin.py:188} INFO - [2025-06-25T22:26:41.808-0400] {dagbag.py:545} INFO - Filling up the DagBag from /opt/anaconda3/envs/airflow_env/lib/python3.10/site-packages/airflow/example_dags/example_dag_decorator.py
[2025-06-25T22:26:41.917-0400] {processor.py:840} INFO - DAG(s) 'example_dag_decorator' retrieved from /opt/anaconda3/envs/airflow_env/lib/python3.10/site-packages/airflow/example_dags/example_dag_decorator.py
[2025-06-25T22:26:41.995-0400] {logging_mixin.py:188} INFO - [2025-06-25T22:26:41.994-0400] {dag.py:3096} INFO - Sync 1 DAGs
[2025-06-25T22:26:41.998-0400] {logging_mixin.py:188} INFO - [2025-06-25T22:26:41.997-0400] {dag.py:3954} INFO - Setting next_dagrun for example_dag_decorator to None, run_after=None
[2025-06-25T22:26:42.004-0400] {processor.py:183} INFO - Processing /opt/anaconda3/envs/airflow_env/lib/python3.10/site-packages/airflow/example_dags/example_dag_decorator.py took 0.201 seconds
[2025-06-25T22:27:45.964-0400] {processor.py:161} INFO - Started process (PID=76096) to work on /opt/anaconda3/envs/airflow_env/lib/python3.10/site-packages/airflow/example_dags/example_dag_decorator.py
[2025-06-25T22:27:45.964-0400] {processor.py:830} INFO - Processing file /opt/anaconda3/envs/airflow_env/lib/python3.10/site-packages/airflow/example_dags/example_dag_decorator.py for tasks to queue
[2025-06-25T22:27:45.965-0400] {logging_mixin.py:188} INFO - [2025-06-25T22:27:45.965-0400] {dagbag.py:545} INFO - Filling up the DagBag from /opt/anaconda3/envs/airflow_env/lib/python3.10/site-packages/airflow/example_dags/example_dag_decorator.py
[2025-06-25T22:27:46.051-0400] {processor.py:840} INFO - DAG(s) 'example_dag_decorator' retrieved from /opt/anaconda3/envs/airflow_env/lib/python3.10/site-packages/airflow/example_dags/example_dag_decorator.py
[2025-06-25T22:27:46.108-0400] {logging_mixin.py:188} INFO - [2025-06-25T22:27:46.108-0400] {dag.py:3096} INFO - Sync 1 DAGs
[2025-06-25T22:27:46.111-0400] {logging_mixin.py:188} INFO - [2025-06-25T22:27:46.111-0400] {dag.py:3954} INFO - Setting next_dagrun for example_dag_decorator to None, run_after=None
[2025-06-25T22:27:46.118-0400] {processor.py:183} INFO - Processing /opt/anaconda3/envs/airflow_env/lib/python3.10/site-packages/airflow/example_dags/example_dag_decorator.py took 0.155 seconds
[2025-06-25T22:28:13.850-0400] {processor.py:161} INFO - Started process (PID=76133) to work on /opt/anaconda3/envs/airflow_env/lib/python3.10/site-packages/airflow/example_dags/example_dag_decorator.py
[2025-06-25T22:28:13.850-0400] {processor.py:830} INFO - Processing file /opt/anaconda3/envs/airflow_env/lib/python3.10/site-packages/airflow/example_dags/example_dag_decorator.py for tasks to queue
[2025-06-25T22:28:13.851-0400] {logging_mixin.py:188} INFO - [2025-06-25T22:28:13.851-0400] {dagbag.py:545} INFO - Filling up the DagBag from /opt/anaconda3/envs/airflow_env/lib/python3.10/site-packages/airflow/example_dags/example_dag_decorator.py
[2025-06-25T22:28:13.922-0400] {processor.py:840} INFO - DAG(s) 'example_dag_decorator' retrieved from /opt/anaconda3/envs/airflow_env/lib/python3.10/site-packages/airflow/example_dags/example_dag_decorator.py
[2025-06-25T22:28:13.926-0400] {logging_mixin.py:188} INFO - [2025-06-25T22:28:13.925-0400] {dag.py:3096} INFO - Sync 1 DAGs
[2025-06-25T22:28:13.953-0400] {logging_mixin.py:188} INFO - [2025-06-25T22:28:13.953-0400] {dag.py:3954} INFO - Setting next_dagrun for example_dag_decorator to None, run_after=None
[2025-06-25T22:28:13.959-0400] {processor.py:183} INFO - Processing /opt/anaconda3/envs/airflow_env/lib/python3.10/site-packages/airflow/example_dags/example_dag_decorator.py took 0.111 seconds
[2025-06-25T22:29:33.820-0400] {processor.py:161} INFO - Started process (PID=76294) to work on /opt/anaconda3/envs/airflow_env/lib/python3.10/site-packages/airflow/example_dags/example_dag_decorator.py
[2025-06-25T22:29:33.821-0400] {processor.py:830} INFO - Processing file /opt/anaconda3/envs/airflow_env/lib/python3.10/site-packages/airflow/example_dags/example_dag_decorator.py for tasks to queue
[2025-06-25T22:29:33.821-0400] {logging_mixin.py:188} INFO - [2025-06-25T22:29:33.821-0400] {dagbag.py:545} INFO - Filling up the DagBag from /opt/anaconda3/envs/airflow_env/lib/python3.10/site-packages/airflow/example_dags/example_dag_decorator.py
[2025-06-25T22:29:33.946-0400] {processor.py:840} INFO - DAG(s) 'example_dag_decorator' retrieved from /opt/anaconda3/envs/airflow_env/lib/python3.10/site-packages/airflow/example_dags/example_dag_decorator.py
[2025-06-25T22:29:34.020-0400] {logging_mixin.py:188} INFO - [2025-06-25T22:29:34.020-0400] {dag.py:3096} INFO - Sync 1 DAGs
[2025-06-25T22:29:34.024-0400] {logging_mixin.py:188} INFO - [2025-06-25T22:29:34.023-0400] {dag.py:3954} INFO - Setting next_dagrun for example_dag_decorator to None, run_after=None
[2025-06-25T22:29:34.033-0400] {processor.py:183} INFO - Processing /opt/anaconda3/envs/airflow_env/lib/python3.10/site-packages/airflow/example_dags/example_dag_decorator.py took 0.215 seconds
[2025-06-25T22:30:05.548-0400] {processor.py:161} INFO - Started process (PID=76338) to work on /opt/anaconda3/envs/airflow_env/lib/python3.10/site-packages/airflow/example_dags/example_dag_decorator.py
[2025-06-25T22:30:05.549-0400] {processor.py:830} INFO - Processing file /opt/anaconda3/envs/airflow_env/lib/python3.10/site-packages/airflow/example_dags/example_dag_decorator.py for tasks to queue
[2025-06-25T22:30:05.549-0400] {logging_mixin.py:188} INFO - [2025-06-25T22:30:05.549-0400] {dagbag.py:545} INFO - Filling up the DagBag from /opt/anaconda3/envs/airflow_env/lib/python3.10/site-packages/airflow/example_dags/example_dag_decorator.py
[2025-06-25T22:30:05.653-0400] {processor.py:840} INFO - DAG(s) 'example_dag_decorator' retrieved from /opt/anaconda3/envs/airflow_env/lib/python3.10/site-packages/airflow/example_dags/example_dag_decorator.py
[2025-06-25T22:30:05.725-0400] {logging_mixin.py:188} INFO - [2025-06-25T22:30:05.725-0400] {dag.py:3096} INFO - Sync 1 DAGs
[2025-06-25T22:30:05.728-0400] {logging_mixin.py:188} INFO - [2025-06-25T22:30:05.728-0400] {dag.py:3954} INFO - Setting next_dagrun for example_dag_decorator to None, run_after=None
[2025-06-25T22:30:05.735-0400] {processor.py:183} INFO - Processing /opt/anaconda3/envs/airflow_env/lib/python3.10/site-packages/airflow/example_dags/example_dag_decorator.py took 0.189 seconds
[2025-06-25T22:31:20.577-0400] {processor.py:161} INFO - Started process (PID=76461) to work on /opt/anaconda3/envs/airflow_env/lib/python3.10/site-packages/airflow/example_dags/example_dag_decorator.py
[2025-06-25T22:31:20.578-0400] {processor.py:830} INFO - Processing file /opt/anaconda3/envs/airflow_env/lib/python3.10/site-packages/airflow/example_dags/example_dag_decorator.py for tasks to queue
[2025-06-25T22:31:20.579-0400] {logging_mixin.py:188} INFO - [2025-06-25T22:31:20.579-0400] {dagbag.py:545} INFO - Filling up the DagBag from /opt/anaconda3/envs/airflow_env/lib/python3.10/site-packages/airflow/example_dags/example_dag_decorator.py
[2025-06-25T22:31:20.667-0400] {processor.py:840} INFO - DAG(s) 'example_dag_decorator' retrieved from /opt/anaconda3/envs/airflow_env/lib/python3.10/site-packages/airflow/example_dags/example_dag_decorator.py
[2025-06-25T22:31:20.727-0400] {logging_mixin.py:188} INFO - [2025-06-25T22:31:20.727-0400] {dag.py:3096} INFO - Sync 1 DAGs
[2025-06-25T22:31:20.730-0400] {logging_mixin.py:188} INFO - [2025-06-25T22:31:20.730-0400] {dag.py:3954} INFO - Setting next_dagrun for example_dag_decorator to None, run_after=None
[2025-06-25T22:31:20.737-0400] {processor.py:183} INFO - Processing /opt/anaconda3/envs/airflow_env/lib/python3.10/site-packages/airflow/example_dags/example_dag_decorator.py took 0.161 seconds
[2025-06-25T22:31:46.514-0400] {processor.py:161} INFO - Started process (PID=76495) to work on /opt/anaconda3/envs/airflow_env/lib/python3.10/site-packages/airflow/example_dags/example_dag_decorator.py
[2025-06-25T22:31:46.514-0400] {processor.py:830} INFO - Processing file /opt/anaconda3/envs/airflow_env/lib/python3.10/site-packages/airflow/example_dags/example_dag_decorator.py for tasks to queue
[2025-06-25T22:31:46.515-0400] {logging_mixin.py:188} INFO - [2025-06-25T22:31:46.515-0400] {dagbag.py:545} INFO - Filling up the DagBag from /opt/anaconda3/envs/airflow_env/lib/python3.10/site-packages/airflow/example_dags/example_dag_decorator.py
[2025-06-25T22:31:46.601-0400] {processor.py:840} INFO - DAG(s) 'example_dag_decorator' retrieved from /opt/anaconda3/envs/airflow_env/lib/python3.10/site-packages/airflow/example_dags/example_dag_decorator.py
[2025-06-25T22:31:46.605-0400] {logging_mixin.py:188} INFO - [2025-06-25T22:31:46.605-0400] {dag.py:3096} INFO - Sync 1 DAGs
[2025-06-25T22:31:46.635-0400] {logging_mixin.py:188} INFO - [2025-06-25T22:31:46.635-0400] {dag.py:3954} INFO - Setting next_dagrun for example_dag_decorator to None, run_after=None
[2025-06-25T22:31:46.642-0400] {processor.py:183} INFO - Processing /opt/anaconda3/envs/airflow_env/lib/python3.10/site-packages/airflow/example_dags/example_dag_decorator.py took 0.130 seconds
