[2025-06-25T20:00:09.122-0400] {processor.py:161} INFO - Started process (PID=54266) to work on /opt/anaconda3/envs/airflow_env/lib/python3.10/site-packages/airflow/example_dags/example_branch_python_dop_operator_3.py
[2025-06-25T20:00:09.123-0400] {processor.py:830} INFO - Processing file /opt/anaconda3/envs/airflow_env/lib/python3.10/site-packages/airflow/example_dags/example_branch_python_dop_operator_3.py for tasks to queue
[2025-06-25T20:00:09.123-0400] {logging_mixin.py:188} INFO - [2025-06-25T20:00:09.123-0400] {dagbag.py:545} INFO - Filling up the DagBag from /opt/anaconda3/envs/airflow_env/lib/python3.10/site-packages/airflow/example_dags/example_branch_python_dop_operator_3.py
[2025-06-25T20:00:09.138-0400] {processor.py:840} INFO - DAG(s) 'example_branch_dop_operator_v3' retrieved from /opt/anaconda3/envs/airflow_env/lib/python3.10/site-packages/airflow/example_dags/example_branch_python_dop_operator_3.py
[2025-06-25T20:00:09.172-0400] {logging_mixin.py:188} INFO - [2025-06-25T20:00:09.172-0400] {dag.py:3096} INFO - Sync 1 DAGs
[2025-06-25T20:00:09.201-0400] {logging_mixin.py:188} INFO - [2025-06-25T20:00:09.201-0400] {dag.py:3954} INFO - Setting next_dagrun for example_branch_dop_operator_v3 to 2025-06-25 23:59:00+00:00, run_after=2025-06-26 00:00:00+00:00
[2025-06-25T20:00:09.208-0400] {processor.py:183} INFO - Processing /opt/anaconda3/envs/airflow_env/lib/python3.10/site-packages/airflow/example_dags/example_branch_python_dop_operator_3.py took 0.087 seconds
[2025-06-25T20:01:57.289-0400] {processor.py:161} INFO - Started process (PID=59460) to work on /opt/anaconda3/envs/airflow_env/lib/python3.10/site-packages/airflow/example_dags/example_branch_python_dop_operator_3.py
[2025-06-25T20:01:57.289-0400] {processor.py:830} INFO - Processing file /opt/anaconda3/envs/airflow_env/lib/python3.10/site-packages/airflow/example_dags/example_branch_python_dop_operator_3.py for tasks to queue
[2025-06-25T20:01:57.290-0400] {logging_mixin.py:188} INFO - [2025-06-25T20:01:57.289-0400] {dagbag.py:545} INFO - Filling up the DagBag from /opt/anaconda3/envs/airflow_env/lib/python3.10/site-packages/airflow/example_dags/example_branch_python_dop_operator_3.py
[2025-06-25T20:01:57.306-0400] {processor.py:840} INFO - DAG(s) 'example_branch_dop_operator_v3' retrieved from /opt/anaconda3/envs/airflow_env/lib/python3.10/site-packages/airflow/example_dags/example_branch_python_dop_operator_3.py
[2025-06-25T20:01:57.341-0400] {logging_mixin.py:188} INFO - [2025-06-25T20:01:57.340-0400] {dag.py:3096} INFO - Sync 1 DAGs
[2025-06-25T20:01:57.373-0400] {logging_mixin.py:188} INFO - [2025-06-25T20:01:57.372-0400] {dag.py:3954} INFO - Setting next_dagrun for example_branch_dop_operator_v3 to 2025-06-26 00:00:00+00:00, run_after=2025-06-26 00:01:00+00:00
[2025-06-25T20:01:57.380-0400] {processor.py:183} INFO - Processing /opt/anaconda3/envs/airflow_env/lib/python3.10/site-packages/airflow/example_dags/example_branch_python_dop_operator_3.py took 0.093 seconds
[2025-06-25T20:03:28.526-0400] {processor.py:161} INFO - Started process (PID=60016) to work on /opt/anaconda3/envs/airflow_env/lib/python3.10/site-packages/airflow/example_dags/example_branch_python_dop_operator_3.py
[2025-06-25T20:03:28.526-0400] {processor.py:830} INFO - Processing file /opt/anaconda3/envs/airflow_env/lib/python3.10/site-packages/airflow/example_dags/example_branch_python_dop_operator_3.py for tasks to queue
[2025-06-25T20:03:28.527-0400] {logging_mixin.py:188} INFO - [2025-06-25T20:03:28.527-0400] {dagbag.py:545} INFO - Filling up the DagBag from /opt/anaconda3/envs/airflow_env/lib/python3.10/site-packages/airflow/example_dags/example_branch_python_dop_operator_3.py
[2025-06-25T20:03:28.542-0400] {processor.py:840} INFO - DAG(s) 'example_branch_dop_operator_v3' retrieved from /opt/anaconda3/envs/airflow_env/lib/python3.10/site-packages/airflow/example_dags/example_branch_python_dop_operator_3.py
[2025-06-25T20:03:28.574-0400] {logging_mixin.py:188} INFO - [2025-06-25T20:03:28.574-0400] {dag.py:3096} INFO - Sync 1 DAGs
[2025-06-25T20:03:28.601-0400] {logging_mixin.py:188} INFO - [2025-06-25T20:03:28.600-0400] {dag.py:3954} INFO - Setting next_dagrun for example_branch_dop_operator_v3 to 2025-06-26 00:02:00+00:00, run_after=2025-06-26 00:03:00+00:00
[2025-06-25T20:03:28.607-0400] {processor.py:183} INFO - Processing /opt/anaconda3/envs/airflow_env/lib/python3.10/site-packages/airflow/example_dags/example_branch_python_dop_operator_3.py took 0.083 seconds
[2025-06-25T20:05:32.129-0400] {processor.py:161} INFO - Started process (PID=60776) to work on /opt/anaconda3/envs/airflow_env/lib/python3.10/site-packages/airflow/example_dags/example_branch_python_dop_operator_3.py
[2025-06-25T20:05:32.130-0400] {processor.py:830} INFO - Processing file /opt/anaconda3/envs/airflow_env/lib/python3.10/site-packages/airflow/example_dags/example_branch_python_dop_operator_3.py for tasks to queue
[2025-06-25T20:05:32.130-0400] {logging_mixin.py:188} INFO - [2025-06-25T20:05:32.130-0400] {dagbag.py:545} INFO - Filling up the DagBag from /opt/anaconda3/envs/airflow_env/lib/python3.10/site-packages/airflow/example_dags/example_branch_python_dop_operator_3.py
[2025-06-25T20:05:32.145-0400] {processor.py:840} INFO - DAG(s) 'example_branch_dop_operator_v3' retrieved from /opt/anaconda3/envs/airflow_env/lib/python3.10/site-packages/airflow/example_dags/example_branch_python_dop_operator_3.py
[2025-06-25T20:05:32.180-0400] {logging_mixin.py:188} INFO - [2025-06-25T20:05:32.180-0400] {dag.py:3096} INFO - Sync 1 DAGs
[2025-06-25T20:05:32.210-0400] {logging_mixin.py:188} INFO - [2025-06-25T20:05:32.210-0400] {dag.py:3954} INFO - Setting next_dagrun for example_branch_dop_operator_v3 to 2025-06-26 00:04:00+00:00, run_after=2025-06-26 00:05:00+00:00
[2025-06-25T20:05:32.217-0400] {processor.py:183} INFO - Processing /opt/anaconda3/envs/airflow_env/lib/python3.10/site-packages/airflow/example_dags/example_branch_python_dop_operator_3.py took 0.089 seconds
[2025-06-25T20:06:35.919-0400] {processor.py:161} INFO - Started process (PID=60905) to work on /opt/anaconda3/envs/airflow_env/lib/python3.10/site-packages/airflow/example_dags/example_branch_python_dop_operator_3.py
[2025-06-25T20:06:35.919-0400] {processor.py:830} INFO - Processing file /opt/anaconda3/envs/airflow_env/lib/python3.10/site-packages/airflow/example_dags/example_branch_python_dop_operator_3.py for tasks to queue
[2025-06-25T20:06:35.920-0400] {logging_mixin.py:188} INFO - [2025-06-25T20:06:35.920-0400] {dagbag.py:545} INFO - Filling up the DagBag from /opt/anaconda3/envs/airflow_env/lib/python3.10/site-packages/airflow/example_dags/example_branch_python_dop_operator_3.py
[2025-06-25T20:06:35.934-0400] {processor.py:840} INFO - DAG(s) 'example_branch_dop_operator_v3' retrieved from /opt/anaconda3/envs/airflow_env/lib/python3.10/site-packages/airflow/example_dags/example_branch_python_dop_operator_3.py
[2025-06-25T20:06:35.969-0400] {logging_mixin.py:188} INFO - [2025-06-25T20:06:35.969-0400] {dag.py:3096} INFO - Sync 1 DAGs
[2025-06-25T20:06:35.999-0400] {logging_mixin.py:188} INFO - [2025-06-25T20:06:35.999-0400] {dag.py:3954} INFO - Setting next_dagrun for example_branch_dop_operator_v3 to 2025-06-26 00:05:00+00:00, run_after=2025-06-26 00:06:00+00:00
[2025-06-25T20:06:36.006-0400] {processor.py:183} INFO - Processing /opt/anaconda3/envs/airflow_env/lib/python3.10/site-packages/airflow/example_dags/example_branch_python_dop_operator_3.py took 0.089 seconds
[2025-06-25T20:07:24.491-0400] {processor.py:161} INFO - Started process (PID=61053) to work on /opt/anaconda3/envs/airflow_env/lib/python3.10/site-packages/airflow/example_dags/example_branch_python_dop_operator_3.py
[2025-06-25T20:07:24.491-0400] {processor.py:830} INFO - Processing file /opt/anaconda3/envs/airflow_env/lib/python3.10/site-packages/airflow/example_dags/example_branch_python_dop_operator_3.py for tasks to queue
[2025-06-25T20:07:24.491-0400] {logging_mixin.py:188} INFO - [2025-06-25T20:07:24.491-0400] {dagbag.py:545} INFO - Filling up the DagBag from /opt/anaconda3/envs/airflow_env/lib/python3.10/site-packages/airflow/example_dags/example_branch_python_dop_operator_3.py
[2025-06-25T20:07:24.510-0400] {processor.py:840} INFO - DAG(s) 'example_branch_dop_operator_v3' retrieved from /opt/anaconda3/envs/airflow_env/lib/python3.10/site-packages/airflow/example_dags/example_branch_python_dop_operator_3.py
[2025-06-25T20:07:24.575-0400] {logging_mixin.py:188} INFO - [2025-06-25T20:07:24.575-0400] {dag.py:3096} INFO - Sync 1 DAGs
[2025-06-25T20:07:24.625-0400] {logging_mixin.py:188} INFO - [2025-06-25T20:07:24.625-0400] {dag.py:3954} INFO - Setting next_dagrun for example_branch_dop_operator_v3 to 2025-06-26 00:06:00+00:00, run_after=2025-06-26 00:07:00+00:00
[2025-06-25T20:07:24.634-0400] {processor.py:183} INFO - Processing /opt/anaconda3/envs/airflow_env/lib/python3.10/site-packages/airflow/example_dags/example_branch_python_dop_operator_3.py took 0.145 seconds
[2025-06-25T20:08:44.708-0400] {processor.py:161} INFO - Started process (PID=61280) to work on /opt/anaconda3/envs/airflow_env/lib/python3.10/site-packages/airflow/example_dags/example_branch_python_dop_operator_3.py
[2025-06-25T20:08:44.708-0400] {processor.py:830} INFO - Processing file /opt/anaconda3/envs/airflow_env/lib/python3.10/site-packages/airflow/example_dags/example_branch_python_dop_operator_3.py for tasks to queue
[2025-06-25T20:08:44.708-0400] {logging_mixin.py:188} INFO - [2025-06-25T20:08:44.708-0400] {dagbag.py:545} INFO - Filling up the DagBag from /opt/anaconda3/envs/airflow_env/lib/python3.10/site-packages/airflow/example_dags/example_branch_python_dop_operator_3.py
[2025-06-25T20:08:44.725-0400] {processor.py:840} INFO - DAG(s) 'example_branch_dop_operator_v3' retrieved from /opt/anaconda3/envs/airflow_env/lib/python3.10/site-packages/airflow/example_dags/example_branch_python_dop_operator_3.py
[2025-06-25T20:08:44.760-0400] {logging_mixin.py:188} INFO - [2025-06-25T20:08:44.760-0400] {dag.py:3096} INFO - Sync 1 DAGs
[2025-06-25T20:08:44.793-0400] {logging_mixin.py:188} INFO - [2025-06-25T20:08:44.793-0400] {dag.py:3954} INFO - Setting next_dagrun for example_branch_dop_operator_v3 to 2025-06-26 00:07:00+00:00, run_after=2025-06-26 00:08:00+00:00
[2025-06-25T20:08:44.801-0400] {processor.py:183} INFO - Processing /opt/anaconda3/envs/airflow_env/lib/python3.10/site-packages/airflow/example_dags/example_branch_python_dop_operator_3.py took 0.096 seconds
[2025-06-25T20:10:03.127-0400] {processor.py:161} INFO - Started process (PID=61447) to work on /opt/anaconda3/envs/airflow_env/lib/python3.10/site-packages/airflow/example_dags/example_branch_python_dop_operator_3.py
[2025-06-25T20:10:03.127-0400] {processor.py:830} INFO - Processing file /opt/anaconda3/envs/airflow_env/lib/python3.10/site-packages/airflow/example_dags/example_branch_python_dop_operator_3.py for tasks to queue
[2025-06-25T20:10:03.127-0400] {logging_mixin.py:188} INFO - [2025-06-25T20:10:03.127-0400] {dagbag.py:545} INFO - Filling up the DagBag from /opt/anaconda3/envs/airflow_env/lib/python3.10/site-packages/airflow/example_dags/example_branch_python_dop_operator_3.py
[2025-06-25T20:10:03.143-0400] {processor.py:840} INFO - DAG(s) 'example_branch_dop_operator_v3' retrieved from /opt/anaconda3/envs/airflow_env/lib/python3.10/site-packages/airflow/example_dags/example_branch_python_dop_operator_3.py
[2025-06-25T20:10:03.177-0400] {logging_mixin.py:188} INFO - [2025-06-25T20:10:03.177-0400] {dag.py:3096} INFO - Sync 1 DAGs
[2025-06-25T20:10:03.212-0400] {logging_mixin.py:188} INFO - [2025-06-25T20:10:03.212-0400] {dag.py:3954} INFO - Setting next_dagrun for example_branch_dop_operator_v3 to 2025-06-26 00:09:00+00:00, run_after=2025-06-26 00:10:00+00:00
[2025-06-25T20:10:03.219-0400] {processor.py:183} INFO - Processing /opt/anaconda3/envs/airflow_env/lib/python3.10/site-packages/airflow/example_dags/example_branch_python_dop_operator_3.py took 0.095 seconds
[2025-06-25T20:11:02.315-0400] {processor.py:161} INFO - Started process (PID=61581) to work on /opt/anaconda3/envs/airflow_env/lib/python3.10/site-packages/airflow/example_dags/example_branch_python_dop_operator_3.py
[2025-06-25T20:11:02.316-0400] {processor.py:830} INFO - Processing file /opt/anaconda3/envs/airflow_env/lib/python3.10/site-packages/airflow/example_dags/example_branch_python_dop_operator_3.py for tasks to queue
[2025-06-25T20:11:02.316-0400] {logging_mixin.py:188} INFO - [2025-06-25T20:11:02.316-0400] {dagbag.py:545} INFO - Filling up the DagBag from /opt/anaconda3/envs/airflow_env/lib/python3.10/site-packages/airflow/example_dags/example_branch_python_dop_operator_3.py
[2025-06-25T20:11:02.333-0400] {processor.py:840} INFO - DAG(s) 'example_branch_dop_operator_v3' retrieved from /opt/anaconda3/envs/airflow_env/lib/python3.10/site-packages/airflow/example_dags/example_branch_python_dop_operator_3.py
[2025-06-25T20:11:02.376-0400] {logging_mixin.py:188} INFO - [2025-06-25T20:11:02.376-0400] {dag.py:3096} INFO - Sync 1 DAGs
[2025-06-25T20:11:02.418-0400] {logging_mixin.py:188} INFO - [2025-06-25T20:11:02.418-0400] {dag.py:3954} INFO - Setting next_dagrun for example_branch_dop_operator_v3 to 2025-06-26 00:10:00+00:00, run_after=2025-06-26 00:11:00+00:00
[2025-06-25T20:11:02.427-0400] {processor.py:183} INFO - Processing /opt/anaconda3/envs/airflow_env/lib/python3.10/site-packages/airflow/example_dags/example_branch_python_dop_operator_3.py took 0.114 seconds
[2025-06-25T20:12:25.280-0400] {processor.py:161} INFO - Started process (PID=61762) to work on /opt/anaconda3/envs/airflow_env/lib/python3.10/site-packages/airflow/example_dags/example_branch_python_dop_operator_3.py
[2025-06-25T20:12:25.281-0400] {processor.py:830} INFO - Processing file /opt/anaconda3/envs/airflow_env/lib/python3.10/site-packages/airflow/example_dags/example_branch_python_dop_operator_3.py for tasks to queue
[2025-06-25T20:12:25.281-0400] {logging_mixin.py:188} INFO - [2025-06-25T20:12:25.281-0400] {dagbag.py:545} INFO - Filling up the DagBag from /opt/anaconda3/envs/airflow_env/lib/python3.10/site-packages/airflow/example_dags/example_branch_python_dop_operator_3.py
[2025-06-25T20:12:25.295-0400] {processor.py:840} INFO - DAG(s) 'example_branch_dop_operator_v3' retrieved from /opt/anaconda3/envs/airflow_env/lib/python3.10/site-packages/airflow/example_dags/example_branch_python_dop_operator_3.py
[2025-06-25T20:12:25.331-0400] {logging_mixin.py:188} INFO - [2025-06-25T20:12:25.331-0400] {dag.py:3096} INFO - Sync 1 DAGs
[2025-06-25T20:12:25.359-0400] {logging_mixin.py:188} INFO - [2025-06-25T20:12:25.359-0400] {dag.py:3954} INFO - Setting next_dagrun for example_branch_dop_operator_v3 to 2025-06-26 00:11:00+00:00, run_after=2025-06-26 00:12:00+00:00
[2025-06-25T20:12:25.366-0400] {processor.py:183} INFO - Processing /opt/anaconda3/envs/airflow_env/lib/python3.10/site-packages/airflow/example_dags/example_branch_python_dop_operator_3.py took 0.088 seconds
[2025-06-25T20:12:45.392-0400] {processor.py:161} INFO - Started process (PID=61816) to work on /opt/anaconda3/envs/airflow_env/lib/python3.10/site-packages/airflow/example_dags/example_branch_python_dop_operator_3.py
[2025-06-25T20:12:45.392-0400] {processor.py:830} INFO - Processing file /opt/anaconda3/envs/airflow_env/lib/python3.10/site-packages/airflow/example_dags/example_branch_python_dop_operator_3.py for tasks to queue
[2025-06-25T20:12:45.392-0400] {logging_mixin.py:188} INFO - [2025-06-25T20:12:45.392-0400] {dagbag.py:545} INFO - Filling up the DagBag from /opt/anaconda3/envs/airflow_env/lib/python3.10/site-packages/airflow/example_dags/example_branch_python_dop_operator_3.py
[2025-06-25T20:12:45.406-0400] {processor.py:840} INFO - DAG(s) 'example_branch_dop_operator_v3' retrieved from /opt/anaconda3/envs/airflow_env/lib/python3.10/site-packages/airflow/example_dags/example_branch_python_dop_operator_3.py
[2025-06-25T20:12:45.437-0400] {logging_mixin.py:188} INFO - [2025-06-25T20:12:45.437-0400] {dag.py:3096} INFO - Sync 1 DAGs
[2025-06-25T20:12:45.464-0400] {logging_mixin.py:188} INFO - [2025-06-25T20:12:45.464-0400] {dag.py:3954} INFO - Setting next_dagrun for example_branch_dop_operator_v3 to 2025-06-26 00:11:00+00:00, run_after=2025-06-26 00:12:00+00:00
[2025-06-25T20:12:45.470-0400] {processor.py:183} INFO - Processing /opt/anaconda3/envs/airflow_env/lib/python3.10/site-packages/airflow/example_dags/example_branch_python_dop_operator_3.py took 0.080 seconds
[2025-06-25T20:14:01.511-0400] {processor.py:161} INFO - Started process (PID=61936) to work on /opt/anaconda3/envs/airflow_env/lib/python3.10/site-packages/airflow/example_dags/example_branch_python_dop_operator_3.py
[2025-06-25T20:14:01.512-0400] {processor.py:830} INFO - Processing file /opt/anaconda3/envs/airflow_env/lib/python3.10/site-packages/airflow/example_dags/example_branch_python_dop_operator_3.py for tasks to queue
[2025-06-25T20:14:01.512-0400] {logging_mixin.py:188} INFO - [2025-06-25T20:14:01.512-0400] {dagbag.py:545} INFO - Filling up the DagBag from /opt/anaconda3/envs/airflow_env/lib/python3.10/site-packages/airflow/example_dags/example_branch_python_dop_operator_3.py
[2025-06-25T20:14:01.527-0400] {processor.py:840} INFO - DAG(s) 'example_branch_dop_operator_v3' retrieved from /opt/anaconda3/envs/airflow_env/lib/python3.10/site-packages/airflow/example_dags/example_branch_python_dop_operator_3.py
[2025-06-25T20:14:01.562-0400] {logging_mixin.py:188} INFO - [2025-06-25T20:14:01.562-0400] {dag.py:3096} INFO - Sync 1 DAGs
[2025-06-25T20:14:01.595-0400] {logging_mixin.py:188} INFO - [2025-06-25T20:14:01.595-0400] {dag.py:3954} INFO - Setting next_dagrun for example_branch_dop_operator_v3 to 2025-06-26 00:13:00+00:00, run_after=2025-06-26 00:14:00+00:00
[2025-06-25T20:14:01.602-0400] {processor.py:183} INFO - Processing /opt/anaconda3/envs/airflow_env/lib/python3.10/site-packages/airflow/example_dags/example_branch_python_dop_operator_3.py took 0.093 seconds
[2025-06-25T20:14:27.343-0400] {processor.py:161} INFO - Started process (PID=61975) to work on /opt/anaconda3/envs/airflow_env/lib/python3.10/site-packages/airflow/example_dags/example_branch_python_dop_operator_3.py
[2025-06-25T20:14:27.344-0400] {processor.py:830} INFO - Processing file /opt/anaconda3/envs/airflow_env/lib/python3.10/site-packages/airflow/example_dags/example_branch_python_dop_operator_3.py for tasks to queue
[2025-06-25T20:14:27.344-0400] {logging_mixin.py:188} INFO - [2025-06-25T20:14:27.344-0400] {dagbag.py:545} INFO - Filling up the DagBag from /opt/anaconda3/envs/airflow_env/lib/python3.10/site-packages/airflow/example_dags/example_branch_python_dop_operator_3.py
[2025-06-25T20:14:27.359-0400] {processor.py:840} INFO - DAG(s) 'example_branch_dop_operator_v3' retrieved from /opt/anaconda3/envs/airflow_env/lib/python3.10/site-packages/airflow/example_dags/example_branch_python_dop_operator_3.py
[2025-06-25T20:14:27.392-0400] {logging_mixin.py:188} INFO - [2025-06-25T20:14:27.392-0400] {dag.py:3096} INFO - Sync 1 DAGs
[2025-06-25T20:14:27.420-0400] {logging_mixin.py:188} INFO - [2025-06-25T20:14:27.420-0400] {dag.py:3954} INFO - Setting next_dagrun for example_branch_dop_operator_v3 to 2025-06-26 00:13:00+00:00, run_after=2025-06-26 00:14:00+00:00
[2025-06-25T20:14:27.427-0400] {processor.py:183} INFO - Processing /opt/anaconda3/envs/airflow_env/lib/python3.10/site-packages/airflow/example_dags/example_branch_python_dop_operator_3.py took 0.086 seconds
[2025-06-25T20:15:36.750-0400] {processor.py:161} INFO - Started process (PID=62087) to work on /opt/anaconda3/envs/airflow_env/lib/python3.10/site-packages/airflow/example_dags/example_branch_python_dop_operator_3.py
[2025-06-25T20:15:36.751-0400] {processor.py:830} INFO - Processing file /opt/anaconda3/envs/airflow_env/lib/python3.10/site-packages/airflow/example_dags/example_branch_python_dop_operator_3.py for tasks to queue
[2025-06-25T20:15:36.751-0400] {logging_mixin.py:188} INFO - [2025-06-25T20:15:36.751-0400] {dagbag.py:545} INFO - Filling up the DagBag from /opt/anaconda3/envs/airflow_env/lib/python3.10/site-packages/airflow/example_dags/example_branch_python_dop_operator_3.py
[2025-06-25T20:15:36.768-0400] {processor.py:840} INFO - DAG(s) 'example_branch_dop_operator_v3' retrieved from /opt/anaconda3/envs/airflow_env/lib/python3.10/site-packages/airflow/example_dags/example_branch_python_dop_operator_3.py
[2025-06-25T20:15:36.802-0400] {logging_mixin.py:188} INFO - [2025-06-25T20:15:36.802-0400] {dag.py:3096} INFO - Sync 1 DAGs
[2025-06-25T20:15:36.837-0400] {logging_mixin.py:188} INFO - [2025-06-25T20:15:36.837-0400] {dag.py:3954} INFO - Setting next_dagrun for example_branch_dop_operator_v3 to 2025-06-26 00:14:00+00:00, run_after=2025-06-26 00:15:00+00:00
[2025-06-25T20:15:36.846-0400] {processor.py:183} INFO - Processing /opt/anaconda3/envs/airflow_env/lib/python3.10/site-packages/airflow/example_dags/example_branch_python_dop_operator_3.py took 0.098 seconds
[2025-06-25T20:16:05.499-0400] {processor.py:161} INFO - Started process (PID=62126) to work on /opt/anaconda3/envs/airflow_env/lib/python3.10/site-packages/airflow/example_dags/example_branch_python_dop_operator_3.py
[2025-06-25T20:16:05.499-0400] {processor.py:830} INFO - Processing file /opt/anaconda3/envs/airflow_env/lib/python3.10/site-packages/airflow/example_dags/example_branch_python_dop_operator_3.py for tasks to queue
[2025-06-25T20:16:05.499-0400] {logging_mixin.py:188} INFO - [2025-06-25T20:16:05.499-0400] {dagbag.py:545} INFO - Filling up the DagBag from /opt/anaconda3/envs/airflow_env/lib/python3.10/site-packages/airflow/example_dags/example_branch_python_dop_operator_3.py
[2025-06-25T20:16:05.514-0400] {processor.py:840} INFO - DAG(s) 'example_branch_dop_operator_v3' retrieved from /opt/anaconda3/envs/airflow_env/lib/python3.10/site-packages/airflow/example_dags/example_branch_python_dop_operator_3.py
[2025-06-25T20:16:05.546-0400] {logging_mixin.py:188} INFO - [2025-06-25T20:16:05.546-0400] {dag.py:3096} INFO - Sync 1 DAGs
[2025-06-25T20:16:05.574-0400] {logging_mixin.py:188} INFO - [2025-06-25T20:16:05.574-0400] {dag.py:3954} INFO - Setting next_dagrun for example_branch_dop_operator_v3 to 2025-06-26 00:15:00+00:00, run_after=2025-06-26 00:16:00+00:00
[2025-06-25T20:16:05.581-0400] {processor.py:183} INFO - Processing /opt/anaconda3/envs/airflow_env/lib/python3.10/site-packages/airflow/example_dags/example_branch_python_dop_operator_3.py took 0.084 seconds
[2025-06-25T20:17:16.967-0400] {processor.py:161} INFO - Started process (PID=62247) to work on /opt/anaconda3/envs/airflow_env/lib/python3.10/site-packages/airflow/example_dags/example_branch_python_dop_operator_3.py
[2025-06-25T20:17:16.968-0400] {processor.py:830} INFO - Processing file /opt/anaconda3/envs/airflow_env/lib/python3.10/site-packages/airflow/example_dags/example_branch_python_dop_operator_3.py for tasks to queue
[2025-06-25T20:17:16.968-0400] {logging_mixin.py:188} INFO - [2025-06-25T20:17:16.968-0400] {dagbag.py:545} INFO - Filling up the DagBag from /opt/anaconda3/envs/airflow_env/lib/python3.10/site-packages/airflow/example_dags/example_branch_python_dop_operator_3.py
[2025-06-25T20:17:16.982-0400] {processor.py:840} INFO - DAG(s) 'example_branch_dop_operator_v3' retrieved from /opt/anaconda3/envs/airflow_env/lib/python3.10/site-packages/airflow/example_dags/example_branch_python_dop_operator_3.py
[2025-06-25T20:17:17.016-0400] {logging_mixin.py:188} INFO - [2025-06-25T20:17:17.016-0400] {dag.py:3096} INFO - Sync 1 DAGs
[2025-06-25T20:17:17.044-0400] {logging_mixin.py:188} INFO - [2025-06-25T20:17:17.044-0400] {dag.py:3954} INFO - Setting next_dagrun for example_branch_dop_operator_v3 to 2025-06-26 00:16:00+00:00, run_after=2025-06-26 00:17:00+00:00
[2025-06-25T20:17:17.050-0400] {processor.py:183} INFO - Processing /opt/anaconda3/envs/airflow_env/lib/python3.10/site-packages/airflow/example_dags/example_branch_python_dop_operator_3.py took 0.084 seconds
[2025-06-25T20:17:39.952-0400] {processor.py:161} INFO - Started process (PID=62279) to work on /opt/anaconda3/envs/airflow_env/lib/python3.10/site-packages/airflow/example_dags/example_branch_python_dop_operator_3.py
[2025-06-25T20:17:39.952-0400] {processor.py:830} INFO - Processing file /opt/anaconda3/envs/airflow_env/lib/python3.10/site-packages/airflow/example_dags/example_branch_python_dop_operator_3.py for tasks to queue
[2025-06-25T20:17:39.952-0400] {logging_mixin.py:188} INFO - [2025-06-25T20:17:39.952-0400] {dagbag.py:545} INFO - Filling up the DagBag from /opt/anaconda3/envs/airflow_env/lib/python3.10/site-packages/airflow/example_dags/example_branch_python_dop_operator_3.py
[2025-06-25T20:17:39.967-0400] {processor.py:840} INFO - DAG(s) 'example_branch_dop_operator_v3' retrieved from /opt/anaconda3/envs/airflow_env/lib/python3.10/site-packages/airflow/example_dags/example_branch_python_dop_operator_3.py
[2025-06-25T20:17:40.002-0400] {logging_mixin.py:188} INFO - [2025-06-25T20:17:40.001-0400] {dag.py:3096} INFO - Sync 1 DAGs
[2025-06-25T20:17:40.029-0400] {logging_mixin.py:188} INFO - [2025-06-25T20:17:40.029-0400] {dag.py:3954} INFO - Setting next_dagrun for example_branch_dop_operator_v3 to 2025-06-26 00:16:00+00:00, run_after=2025-06-26 00:17:00+00:00
[2025-06-25T20:17:40.036-0400] {processor.py:183} INFO - Processing /opt/anaconda3/envs/airflow_env/lib/python3.10/site-packages/airflow/example_dags/example_branch_python_dop_operator_3.py took 0.086 seconds
[2025-06-25T20:19:20.446-0400] {processor.py:161} INFO - Started process (PID=62474) to work on /opt/anaconda3/envs/airflow_env/lib/python3.10/site-packages/airflow/example_dags/example_branch_python_dop_operator_3.py
[2025-06-25T20:19:20.446-0400] {processor.py:830} INFO - Processing file /opt/anaconda3/envs/airflow_env/lib/python3.10/site-packages/airflow/example_dags/example_branch_python_dop_operator_3.py for tasks to queue
[2025-06-25T20:19:20.447-0400] {logging_mixin.py:188} INFO - [2025-06-25T20:19:20.446-0400] {dagbag.py:545} INFO - Filling up the DagBag from /opt/anaconda3/envs/airflow_env/lib/python3.10/site-packages/airflow/example_dags/example_branch_python_dop_operator_3.py
[2025-06-25T20:19:20.461-0400] {processor.py:840} INFO - DAG(s) 'example_branch_dop_operator_v3' retrieved from /opt/anaconda3/envs/airflow_env/lib/python3.10/site-packages/airflow/example_dags/example_branch_python_dop_operator_3.py
[2025-06-25T20:19:20.501-0400] {logging_mixin.py:188} INFO - [2025-06-25T20:19:20.500-0400] {dag.py:3096} INFO - Sync 1 DAGs
[2025-06-25T20:19:20.528-0400] {logging_mixin.py:188} INFO - [2025-06-25T20:19:20.528-0400] {dag.py:3954} INFO - Setting next_dagrun for example_branch_dop_operator_v3 to 2025-06-26 00:18:00+00:00, run_after=2025-06-26 00:19:00+00:00
[2025-06-25T20:19:20.535-0400] {processor.py:183} INFO - Processing /opt/anaconda3/envs/airflow_env/lib/python3.10/site-packages/airflow/example_dags/example_branch_python_dop_operator_3.py took 0.092 seconds
[2025-06-25T20:19:52.865-0400] {processor.py:161} INFO - Started process (PID=62532) to work on /opt/anaconda3/envs/airflow_env/lib/python3.10/site-packages/airflow/example_dags/example_branch_python_dop_operator_3.py
[2025-06-25T20:19:52.866-0400] {processor.py:830} INFO - Processing file /opt/anaconda3/envs/airflow_env/lib/python3.10/site-packages/airflow/example_dags/example_branch_python_dop_operator_3.py for tasks to queue
[2025-06-25T20:19:52.866-0400] {logging_mixin.py:188} INFO - [2025-06-25T20:19:52.866-0400] {dagbag.py:545} INFO - Filling up the DagBag from /opt/anaconda3/envs/airflow_env/lib/python3.10/site-packages/airflow/example_dags/example_branch_python_dop_operator_3.py
[2025-06-25T20:19:52.880-0400] {processor.py:840} INFO - DAG(s) 'example_branch_dop_operator_v3' retrieved from /opt/anaconda3/envs/airflow_env/lib/python3.10/site-packages/airflow/example_dags/example_branch_python_dop_operator_3.py
[2025-06-25T20:19:52.913-0400] {logging_mixin.py:188} INFO - [2025-06-25T20:19:52.913-0400] {dag.py:3096} INFO - Sync 1 DAGs
[2025-06-25T20:19:52.942-0400] {logging_mixin.py:188} INFO - [2025-06-25T20:19:52.942-0400] {dag.py:3954} INFO - Setting next_dagrun for example_branch_dop_operator_v3 to 2025-06-26 00:18:00+00:00, run_after=2025-06-26 00:19:00+00:00
[2025-06-25T20:19:52.949-0400] {processor.py:183} INFO - Processing /opt/anaconda3/envs/airflow_env/lib/python3.10/site-packages/airflow/example_dags/example_branch_python_dop_operator_3.py took 0.085 seconds
[2025-06-25T20:21:12.083-0400] {processor.py:161} INFO - Started process (PID=62674) to work on /opt/anaconda3/envs/airflow_env/lib/python3.10/site-packages/airflow/example_dags/example_branch_python_dop_operator_3.py
[2025-06-25T20:21:12.083-0400] {processor.py:830} INFO - Processing file /opt/anaconda3/envs/airflow_env/lib/python3.10/site-packages/airflow/example_dags/example_branch_python_dop_operator_3.py for tasks to queue
[2025-06-25T20:21:12.084-0400] {logging_mixin.py:188} INFO - [2025-06-25T20:21:12.083-0400] {dagbag.py:545} INFO - Filling up the DagBag from /opt/anaconda3/envs/airflow_env/lib/python3.10/site-packages/airflow/example_dags/example_branch_python_dop_operator_3.py
[2025-06-25T20:21:12.098-0400] {processor.py:840} INFO - DAG(s) 'example_branch_dop_operator_v3' retrieved from /opt/anaconda3/envs/airflow_env/lib/python3.10/site-packages/airflow/example_dags/example_branch_python_dop_operator_3.py
[2025-06-25T20:21:12.136-0400] {logging_mixin.py:188} INFO - [2025-06-25T20:21:12.136-0400] {dag.py:3096} INFO - Sync 1 DAGs
[2025-06-25T20:21:12.167-0400] {logging_mixin.py:188} INFO - [2025-06-25T20:21:12.167-0400] {dag.py:3954} INFO - Setting next_dagrun for example_branch_dop_operator_v3 to 2025-06-26 00:20:00+00:00, run_after=2025-06-26 00:21:00+00:00
[2025-06-25T20:21:12.175-0400] {processor.py:183} INFO - Processing /opt/anaconda3/envs/airflow_env/lib/python3.10/site-packages/airflow/example_dags/example_branch_python_dop_operator_3.py took 0.094 seconds
[2025-06-25T20:21:31.637-0400] {processor.py:161} INFO - Started process (PID=62702) to work on /opt/anaconda3/envs/airflow_env/lib/python3.10/site-packages/airflow/example_dags/example_branch_python_dop_operator_3.py
[2025-06-25T20:21:31.637-0400] {processor.py:830} INFO - Processing file /opt/anaconda3/envs/airflow_env/lib/python3.10/site-packages/airflow/example_dags/example_branch_python_dop_operator_3.py for tasks to queue
[2025-06-25T20:21:31.638-0400] {logging_mixin.py:188} INFO - [2025-06-25T20:21:31.638-0400] {dagbag.py:545} INFO - Filling up the DagBag from /opt/anaconda3/envs/airflow_env/lib/python3.10/site-packages/airflow/example_dags/example_branch_python_dop_operator_3.py
[2025-06-25T20:21:31.651-0400] {processor.py:840} INFO - DAG(s) 'example_branch_dop_operator_v3' retrieved from /opt/anaconda3/envs/airflow_env/lib/python3.10/site-packages/airflow/example_dags/example_branch_python_dop_operator_3.py
[2025-06-25T20:21:31.682-0400] {logging_mixin.py:188} INFO - [2025-06-25T20:21:31.682-0400] {dag.py:3096} INFO - Sync 1 DAGs
[2025-06-25T20:21:31.708-0400] {logging_mixin.py:188} INFO - [2025-06-25T20:21:31.708-0400] {dag.py:3954} INFO - Setting next_dagrun for example_branch_dop_operator_v3 to 2025-06-26 00:20:00+00:00, run_after=2025-06-26 00:21:00+00:00
[2025-06-25T20:21:31.715-0400] {processor.py:183} INFO - Processing /opt/anaconda3/envs/airflow_env/lib/python3.10/site-packages/airflow/example_dags/example_branch_python_dop_operator_3.py took 0.079 seconds
[2025-06-25T20:22:47.597-0400] {processor.py:161} INFO - Started process (PID=62843) to work on /opt/anaconda3/envs/airflow_env/lib/python3.10/site-packages/airflow/example_dags/example_branch_python_dop_operator_3.py
[2025-06-25T20:22:47.597-0400] {processor.py:830} INFO - Processing file /opt/anaconda3/envs/airflow_env/lib/python3.10/site-packages/airflow/example_dags/example_branch_python_dop_operator_3.py for tasks to queue
[2025-06-25T20:22:47.597-0400] {logging_mixin.py:188} INFO - [2025-06-25T20:22:47.597-0400] {dagbag.py:545} INFO - Filling up the DagBag from /opt/anaconda3/envs/airflow_env/lib/python3.10/site-packages/airflow/example_dags/example_branch_python_dop_operator_3.py
[2025-06-25T20:22:47.614-0400] {processor.py:840} INFO - DAG(s) 'example_branch_dop_operator_v3' retrieved from /opt/anaconda3/envs/airflow_env/lib/python3.10/site-packages/airflow/example_dags/example_branch_python_dop_operator_3.py
[2025-06-25T20:22:47.647-0400] {logging_mixin.py:188} INFO - [2025-06-25T20:22:47.647-0400] {dag.py:3096} INFO - Sync 1 DAGs
[2025-06-25T20:22:47.676-0400] {logging_mixin.py:188} INFO - [2025-06-25T20:22:47.676-0400] {dag.py:3954} INFO - Setting next_dagrun for example_branch_dop_operator_v3 to 2025-06-26 00:21:00+00:00, run_after=2025-06-26 00:22:00+00:00
[2025-06-25T20:22:47.683-0400] {processor.py:183} INFO - Processing /opt/anaconda3/envs/airflow_env/lib/python3.10/site-packages/airflow/example_dags/example_branch_python_dop_operator_3.py took 0.088 seconds
[2025-06-25T20:23:08.817-0400] {processor.py:161} INFO - Started process (PID=62896) to work on /opt/anaconda3/envs/airflow_env/lib/python3.10/site-packages/airflow/example_dags/example_branch_python_dop_operator_3.py
[2025-06-25T20:23:08.818-0400] {processor.py:830} INFO - Processing file /opt/anaconda3/envs/airflow_env/lib/python3.10/site-packages/airflow/example_dags/example_branch_python_dop_operator_3.py for tasks to queue
[2025-06-25T20:23:08.818-0400] {logging_mixin.py:188} INFO - [2025-06-25T20:23:08.818-0400] {dagbag.py:545} INFO - Filling up the DagBag from /opt/anaconda3/envs/airflow_env/lib/python3.10/site-packages/airflow/example_dags/example_branch_python_dop_operator_3.py
[2025-06-25T20:23:08.835-0400] {processor.py:840} INFO - DAG(s) 'example_branch_dop_operator_v3' retrieved from /opt/anaconda3/envs/airflow_env/lib/python3.10/site-packages/airflow/example_dags/example_branch_python_dop_operator_3.py
[2025-06-25T20:23:08.874-0400] {logging_mixin.py:188} INFO - [2025-06-25T20:23:08.874-0400] {dag.py:3096} INFO - Sync 1 DAGs
[2025-06-25T20:23:08.923-0400] {logging_mixin.py:188} INFO - [2025-06-25T20:23:08.923-0400] {dag.py:3954} INFO - Setting next_dagrun for example_branch_dop_operator_v3 to 2025-06-26 00:22:00+00:00, run_after=2025-06-26 00:23:00+00:00
[2025-06-25T20:23:08.932-0400] {processor.py:183} INFO - Processing /opt/anaconda3/envs/airflow_env/lib/python3.10/site-packages/airflow/example_dags/example_branch_python_dop_operator_3.py took 0.117 seconds
[2025-06-25T20:24:53.196-0400] {processor.py:161} INFO - Started process (PID=63093) to work on /opt/anaconda3/envs/airflow_env/lib/python3.10/site-packages/airflow/example_dags/example_branch_python_dop_operator_3.py
[2025-06-25T20:24:53.197-0400] {processor.py:830} INFO - Processing file /opt/anaconda3/envs/airflow_env/lib/python3.10/site-packages/airflow/example_dags/example_branch_python_dop_operator_3.py for tasks to queue
[2025-06-25T20:24:53.197-0400] {logging_mixin.py:188} INFO - [2025-06-25T20:24:53.197-0400] {dagbag.py:545} INFO - Filling up the DagBag from /opt/anaconda3/envs/airflow_env/lib/python3.10/site-packages/airflow/example_dags/example_branch_python_dop_operator_3.py
[2025-06-25T20:24:53.213-0400] {processor.py:840} INFO - DAG(s) 'example_branch_dop_operator_v3' retrieved from /opt/anaconda3/envs/airflow_env/lib/python3.10/site-packages/airflow/example_dags/example_branch_python_dop_operator_3.py
[2025-06-25T20:24:53.247-0400] {logging_mixin.py:188} INFO - [2025-06-25T20:24:53.246-0400] {dag.py:3096} INFO - Sync 1 DAGs
[2025-06-25T20:24:53.278-0400] {logging_mixin.py:188} INFO - [2025-06-25T20:24:53.278-0400] {dag.py:3954} INFO - Setting next_dagrun for example_branch_dop_operator_v3 to 2025-06-26 00:23:00+00:00, run_after=2025-06-26 00:24:00+00:00
[2025-06-25T20:24:53.284-0400] {processor.py:183} INFO - Processing /opt/anaconda3/envs/airflow_env/lib/python3.10/site-packages/airflow/example_dags/example_branch_python_dop_operator_3.py took 0.091 seconds
[2025-06-25T20:25:10.800-0400] {processor.py:161} INFO - Started process (PID=63131) to work on /opt/anaconda3/envs/airflow_env/lib/python3.10/site-packages/airflow/example_dags/example_branch_python_dop_operator_3.py
[2025-06-25T20:25:10.800-0400] {processor.py:830} INFO - Processing file /opt/anaconda3/envs/airflow_env/lib/python3.10/site-packages/airflow/example_dags/example_branch_python_dop_operator_3.py for tasks to queue
[2025-06-25T20:25:10.801-0400] {logging_mixin.py:188} INFO - [2025-06-25T20:25:10.801-0400] {dagbag.py:545} INFO - Filling up the DagBag from /opt/anaconda3/envs/airflow_env/lib/python3.10/site-packages/airflow/example_dags/example_branch_python_dop_operator_3.py
[2025-06-25T20:25:10.814-0400] {processor.py:840} INFO - DAG(s) 'example_branch_dop_operator_v3' retrieved from /opt/anaconda3/envs/airflow_env/lib/python3.10/site-packages/airflow/example_dags/example_branch_python_dop_operator_3.py
[2025-06-25T20:25:10.845-0400] {logging_mixin.py:188} INFO - [2025-06-25T20:25:10.845-0400] {dag.py:3096} INFO - Sync 1 DAGs
[2025-06-25T20:25:10.872-0400] {logging_mixin.py:188} INFO - [2025-06-25T20:25:10.872-0400] {dag.py:3954} INFO - Setting next_dagrun for example_branch_dop_operator_v3 to 2025-06-26 00:24:00+00:00, run_after=2025-06-26 00:25:00+00:00
[2025-06-25T20:25:10.878-0400] {processor.py:183} INFO - Processing /opt/anaconda3/envs/airflow_env/lib/python3.10/site-packages/airflow/example_dags/example_branch_python_dop_operator_3.py took 0.080 seconds
[2025-06-25T20:26:34.367-0400] {processor.py:161} INFO - Started process (PID=63286) to work on /opt/anaconda3/envs/airflow_env/lib/python3.10/site-packages/airflow/example_dags/example_branch_python_dop_operator_3.py
[2025-06-25T20:26:34.368-0400] {processor.py:830} INFO - Processing file /opt/anaconda3/envs/airflow_env/lib/python3.10/site-packages/airflow/example_dags/example_branch_python_dop_operator_3.py for tasks to queue
[2025-06-25T20:26:34.368-0400] {logging_mixin.py:188} INFO - [2025-06-25T20:26:34.368-0400] {dagbag.py:545} INFO - Filling up the DagBag from /opt/anaconda3/envs/airflow_env/lib/python3.10/site-packages/airflow/example_dags/example_branch_python_dop_operator_3.py
[2025-06-25T20:26:34.384-0400] {processor.py:840} INFO - DAG(s) 'example_branch_dop_operator_v3' retrieved from /opt/anaconda3/envs/airflow_env/lib/python3.10/site-packages/airflow/example_dags/example_branch_python_dop_operator_3.py
[2025-06-25T20:26:34.420-0400] {logging_mixin.py:188} INFO - [2025-06-25T20:26:34.419-0400] {dag.py:3096} INFO - Sync 1 DAGs
[2025-06-25T20:26:34.449-0400] {logging_mixin.py:188} INFO - [2025-06-25T20:26:34.449-0400] {dag.py:3954} INFO - Setting next_dagrun for example_branch_dop_operator_v3 to 2025-06-26 00:25:00+00:00, run_after=2025-06-26 00:26:00+00:00
[2025-06-25T20:26:34.458-0400] {processor.py:183} INFO - Processing /opt/anaconda3/envs/airflow_env/lib/python3.10/site-packages/airflow/example_dags/example_branch_python_dop_operator_3.py took 0.093 seconds
[2025-06-25T20:26:50.494-0400] {processor.py:161} INFO - Started process (PID=63320) to work on /opt/anaconda3/envs/airflow_env/lib/python3.10/site-packages/airflow/example_dags/example_branch_python_dop_operator_3.py
[2025-06-25T20:26:50.495-0400] {processor.py:830} INFO - Processing file /opt/anaconda3/envs/airflow_env/lib/python3.10/site-packages/airflow/example_dags/example_branch_python_dop_operator_3.py for tasks to queue
[2025-06-25T20:26:50.495-0400] {logging_mixin.py:188} INFO - [2025-06-25T20:26:50.495-0400] {dagbag.py:545} INFO - Filling up the DagBag from /opt/anaconda3/envs/airflow_env/lib/python3.10/site-packages/airflow/example_dags/example_branch_python_dop_operator_3.py
[2025-06-25T20:26:50.509-0400] {processor.py:840} INFO - DAG(s) 'example_branch_dop_operator_v3' retrieved from /opt/anaconda3/envs/airflow_env/lib/python3.10/site-packages/airflow/example_dags/example_branch_python_dop_operator_3.py
[2025-06-25T20:26:50.540-0400] {logging_mixin.py:188} INFO - [2025-06-25T20:26:50.540-0400] {dag.py:3096} INFO - Sync 1 DAGs
[2025-06-25T20:26:50.566-0400] {logging_mixin.py:188} INFO - [2025-06-25T20:26:50.566-0400] {dag.py:3954} INFO - Setting next_dagrun for example_branch_dop_operator_v3 to 2025-06-26 00:25:00+00:00, run_after=2025-06-26 00:26:00+00:00
[2025-06-25T20:26:50.573-0400] {processor.py:183} INFO - Processing /opt/anaconda3/envs/airflow_env/lib/python3.10/site-packages/airflow/example_dags/example_branch_python_dop_operator_3.py took 0.080 seconds
[2025-06-25T20:28:11.424-0400] {processor.py:161} INFO - Started process (PID=63472) to work on /opt/anaconda3/envs/airflow_env/lib/python3.10/site-packages/airflow/example_dags/example_branch_python_dop_operator_3.py
[2025-06-25T20:28:11.424-0400] {processor.py:830} INFO - Processing file /opt/anaconda3/envs/airflow_env/lib/python3.10/site-packages/airflow/example_dags/example_branch_python_dop_operator_3.py for tasks to queue
[2025-06-25T20:28:11.424-0400] {logging_mixin.py:188} INFO - [2025-06-25T20:28:11.424-0400] {dagbag.py:545} INFO - Filling up the DagBag from /opt/anaconda3/envs/airflow_env/lib/python3.10/site-packages/airflow/example_dags/example_branch_python_dop_operator_3.py
[2025-06-25T20:28:11.439-0400] {processor.py:840} INFO - DAG(s) 'example_branch_dop_operator_v3' retrieved from /opt/anaconda3/envs/airflow_env/lib/python3.10/site-packages/airflow/example_dags/example_branch_python_dop_operator_3.py
[2025-06-25T20:28:11.473-0400] {logging_mixin.py:188} INFO - [2025-06-25T20:28:11.472-0400] {dag.py:3096} INFO - Sync 1 DAGs
[2025-06-25T20:28:11.510-0400] {logging_mixin.py:188} INFO - [2025-06-25T20:28:11.510-0400] {dag.py:3954} INFO - Setting next_dagrun for example_branch_dop_operator_v3 to 2025-06-26 00:27:00+00:00, run_after=2025-06-26 00:28:00+00:00
[2025-06-25T20:28:11.518-0400] {processor.py:183} INFO - Processing /opt/anaconda3/envs/airflow_env/lib/python3.10/site-packages/airflow/example_dags/example_branch_python_dop_operator_3.py took 0.096 seconds
[2025-06-25T20:28:26.314-0400] {processor.py:161} INFO - Started process (PID=63515) to work on /opt/anaconda3/envs/airflow_env/lib/python3.10/site-packages/airflow/example_dags/example_branch_python_dop_operator_3.py
[2025-06-25T20:28:26.314-0400] {processor.py:830} INFO - Processing file /opt/anaconda3/envs/airflow_env/lib/python3.10/site-packages/airflow/example_dags/example_branch_python_dop_operator_3.py for tasks to queue
[2025-06-25T20:28:26.314-0400] {logging_mixin.py:188} INFO - [2025-06-25T20:28:26.314-0400] {dagbag.py:545} INFO - Filling up the DagBag from /opt/anaconda3/envs/airflow_env/lib/python3.10/site-packages/airflow/example_dags/example_branch_python_dop_operator_3.py
[2025-06-25T20:28:26.328-0400] {processor.py:840} INFO - DAG(s) 'example_branch_dop_operator_v3' retrieved from /opt/anaconda3/envs/airflow_env/lib/python3.10/site-packages/airflow/example_dags/example_branch_python_dop_operator_3.py
[2025-06-25T20:28:26.359-0400] {logging_mixin.py:188} INFO - [2025-06-25T20:28:26.359-0400] {dag.py:3096} INFO - Sync 1 DAGs
[2025-06-25T20:28:26.385-0400] {logging_mixin.py:188} INFO - [2025-06-25T20:28:26.385-0400] {dag.py:3954} INFO - Setting next_dagrun for example_branch_dop_operator_v3 to 2025-06-26 00:27:00+00:00, run_after=2025-06-26 00:28:00+00:00
[2025-06-25T20:28:26.392-0400] {processor.py:183} INFO - Processing /opt/anaconda3/envs/airflow_env/lib/python3.10/site-packages/airflow/example_dags/example_branch_python_dop_operator_3.py took 0.079 seconds
[2025-06-25T20:29:49.778-0400] {processor.py:161} INFO - Started process (PID=63710) to work on /opt/anaconda3/envs/airflow_env/lib/python3.10/site-packages/airflow/example_dags/example_branch_python_dop_operator_3.py
[2025-06-25T20:29:49.778-0400] {processor.py:830} INFO - Processing file /opt/anaconda3/envs/airflow_env/lib/python3.10/site-packages/airflow/example_dags/example_branch_python_dop_operator_3.py for tasks to queue
[2025-06-25T20:29:49.779-0400] {logging_mixin.py:188} INFO - [2025-06-25T20:29:49.779-0400] {dagbag.py:545} INFO - Filling up the DagBag from /opt/anaconda3/envs/airflow_env/lib/python3.10/site-packages/airflow/example_dags/example_branch_python_dop_operator_3.py
[2025-06-25T20:29:49.793-0400] {processor.py:840} INFO - DAG(s) 'example_branch_dop_operator_v3' retrieved from /opt/anaconda3/envs/airflow_env/lib/python3.10/site-packages/airflow/example_dags/example_branch_python_dop_operator_3.py
[2025-06-25T20:29:49.826-0400] {logging_mixin.py:188} INFO - [2025-06-25T20:29:49.826-0400] {dag.py:3096} INFO - Sync 1 DAGs
[2025-06-25T20:29:49.861-0400] {logging_mixin.py:188} INFO - [2025-06-25T20:29:49.861-0400] {dag.py:3954} INFO - Setting next_dagrun for example_branch_dop_operator_v3 to 2025-06-26 00:28:00+00:00, run_after=2025-06-26 00:29:00+00:00
[2025-06-25T20:29:49.868-0400] {processor.py:183} INFO - Processing /opt/anaconda3/envs/airflow_env/lib/python3.10/site-packages/airflow/example_dags/example_branch_python_dop_operator_3.py took 0.092 seconds
[2025-06-25T20:30:49.851-0400] {processor.py:161} INFO - Started process (PID=63853) to work on /opt/anaconda3/envs/airflow_env/lib/python3.10/site-packages/airflow/example_dags/example_branch_python_dop_operator_3.py
[2025-06-25T20:30:49.851-0400] {processor.py:830} INFO - Processing file /opt/anaconda3/envs/airflow_env/lib/python3.10/site-packages/airflow/example_dags/example_branch_python_dop_operator_3.py for tasks to queue
[2025-06-25T20:30:49.852-0400] {logging_mixin.py:188} INFO - [2025-06-25T20:30:49.852-0400] {dagbag.py:545} INFO - Filling up the DagBag from /opt/anaconda3/envs/airflow_env/lib/python3.10/site-packages/airflow/example_dags/example_branch_python_dop_operator_3.py
[2025-06-25T20:30:49.868-0400] {processor.py:840} INFO - DAG(s) 'example_branch_dop_operator_v3' retrieved from /opt/anaconda3/envs/airflow_env/lib/python3.10/site-packages/airflow/example_dags/example_branch_python_dop_operator_3.py
[2025-06-25T20:30:49.908-0400] {logging_mixin.py:188} INFO - [2025-06-25T20:30:49.908-0400] {dag.py:3096} INFO - Sync 1 DAGs
[2025-06-25T20:30:49.946-0400] {logging_mixin.py:188} INFO - [2025-06-25T20:30:49.946-0400] {dag.py:3954} INFO - Setting next_dagrun for example_branch_dop_operator_v3 to 2025-06-26 00:29:00+00:00, run_after=2025-06-26 00:30:00+00:00
[2025-06-25T20:30:49.954-0400] {processor.py:183} INFO - Processing /opt/anaconda3/envs/airflow_env/lib/python3.10/site-packages/airflow/example_dags/example_branch_python_dop_operator_3.py took 0.105 seconds
[2025-06-25T20:31:43.321-0400] {processor.py:161} INFO - Started process (PID=63986) to work on /opt/anaconda3/envs/airflow_env/lib/python3.10/site-packages/airflow/example_dags/example_branch_python_dop_operator_3.py
[2025-06-25T20:31:43.321-0400] {processor.py:830} INFO - Processing file /opt/anaconda3/envs/airflow_env/lib/python3.10/site-packages/airflow/example_dags/example_branch_python_dop_operator_3.py for tasks to queue
[2025-06-25T20:31:43.321-0400] {logging_mixin.py:188} INFO - [2025-06-25T20:31:43.321-0400] {dagbag.py:545} INFO - Filling up the DagBag from /opt/anaconda3/envs/airflow_env/lib/python3.10/site-packages/airflow/example_dags/example_branch_python_dop_operator_3.py
[2025-06-25T20:31:43.335-0400] {processor.py:840} INFO - DAG(s) 'example_branch_dop_operator_v3' retrieved from /opt/anaconda3/envs/airflow_env/lib/python3.10/site-packages/airflow/example_dags/example_branch_python_dop_operator_3.py
[2025-06-25T20:31:43.366-0400] {logging_mixin.py:188} INFO - [2025-06-25T20:31:43.366-0400] {dag.py:3096} INFO - Sync 1 DAGs
[2025-06-25T20:31:43.392-0400] {logging_mixin.py:188} INFO - [2025-06-25T20:31:43.392-0400] {dag.py:3954} INFO - Setting next_dagrun for example_branch_dop_operator_v3 to 2025-06-26 00:30:00+00:00, run_after=2025-06-26 00:31:00+00:00
[2025-06-25T20:31:43.399-0400] {processor.py:183} INFO - Processing /opt/anaconda3/envs/airflow_env/lib/python3.10/site-packages/airflow/example_dags/example_branch_python_dop_operator_3.py took 0.080 seconds
[2025-06-25T20:33:12.420-0400] {processor.py:161} INFO - Started process (PID=64143) to work on /opt/anaconda3/envs/airflow_env/lib/python3.10/site-packages/airflow/example_dags/example_branch_python_dop_operator_3.py
[2025-06-25T20:33:12.421-0400] {processor.py:830} INFO - Processing file /opt/anaconda3/envs/airflow_env/lib/python3.10/site-packages/airflow/example_dags/example_branch_python_dop_operator_3.py for tasks to queue
[2025-06-25T20:33:12.421-0400] {logging_mixin.py:188} INFO - [2025-06-25T20:33:12.421-0400] {dagbag.py:545} INFO - Filling up the DagBag from /opt/anaconda3/envs/airflow_env/lib/python3.10/site-packages/airflow/example_dags/example_branch_python_dop_operator_3.py
[2025-06-25T20:33:12.435-0400] {processor.py:840} INFO - DAG(s) 'example_branch_dop_operator_v3' retrieved from /opt/anaconda3/envs/airflow_env/lib/python3.10/site-packages/airflow/example_dags/example_branch_python_dop_operator_3.py
[2025-06-25T20:33:12.466-0400] {logging_mixin.py:188} INFO - [2025-06-25T20:33:12.466-0400] {dag.py:3096} INFO - Sync 1 DAGs
[2025-06-25T20:33:12.493-0400] {logging_mixin.py:188} INFO - [2025-06-25T20:33:12.493-0400] {dag.py:3954} INFO - Setting next_dagrun for example_branch_dop_operator_v3 to 2025-06-26 00:32:00+00:00, run_after=2025-06-26 00:33:00+00:00
[2025-06-25T20:33:12.502-0400] {processor.py:183} INFO - Processing /opt/anaconda3/envs/airflow_env/lib/python3.10/site-packages/airflow/example_dags/example_branch_python_dop_operator_3.py took 0.083 seconds
[2025-06-25T20:33:49.232-0400] {processor.py:161} INFO - Started process (PID=64208) to work on /opt/anaconda3/envs/airflow_env/lib/python3.10/site-packages/airflow/example_dags/example_branch_python_dop_operator_3.py
[2025-06-25T20:33:49.233-0400] {processor.py:830} INFO - Processing file /opt/anaconda3/envs/airflow_env/lib/python3.10/site-packages/airflow/example_dags/example_branch_python_dop_operator_3.py for tasks to queue
[2025-06-25T20:33:49.233-0400] {logging_mixin.py:188} INFO - [2025-06-25T20:33:49.233-0400] {dagbag.py:545} INFO - Filling up the DagBag from /opt/anaconda3/envs/airflow_env/lib/python3.10/site-packages/airflow/example_dags/example_branch_python_dop_operator_3.py
[2025-06-25T20:33:49.246-0400] {processor.py:840} INFO - DAG(s) 'example_branch_dop_operator_v3' retrieved from /opt/anaconda3/envs/airflow_env/lib/python3.10/site-packages/airflow/example_dags/example_branch_python_dop_operator_3.py
[2025-06-25T20:33:49.278-0400] {logging_mixin.py:188} INFO - [2025-06-25T20:33:49.278-0400] {dag.py:3096} INFO - Sync 1 DAGs
[2025-06-25T20:33:49.304-0400] {logging_mixin.py:188} INFO - [2025-06-25T20:33:49.304-0400] {dag.py:3954} INFO - Setting next_dagrun for example_branch_dop_operator_v3 to 2025-06-26 00:32:00+00:00, run_after=2025-06-26 00:33:00+00:00
[2025-06-25T20:33:49.310-0400] {processor.py:183} INFO - Processing /opt/anaconda3/envs/airflow_env/lib/python3.10/site-packages/airflow/example_dags/example_branch_python_dop_operator_3.py took 0.080 seconds
[2025-06-25T20:34:56.789-0400] {processor.py:161} INFO - Started process (PID=64324) to work on /opt/anaconda3/envs/airflow_env/lib/python3.10/site-packages/airflow/example_dags/example_branch_python_dop_operator_3.py
[2025-06-25T20:34:56.789-0400] {processor.py:830} INFO - Processing file /opt/anaconda3/envs/airflow_env/lib/python3.10/site-packages/airflow/example_dags/example_branch_python_dop_operator_3.py for tasks to queue
[2025-06-25T20:34:56.789-0400] {logging_mixin.py:188} INFO - [2025-06-25T20:34:56.789-0400] {dagbag.py:545} INFO - Filling up the DagBag from /opt/anaconda3/envs/airflow_env/lib/python3.10/site-packages/airflow/example_dags/example_branch_python_dop_operator_3.py
[2025-06-25T20:34:56.809-0400] {processor.py:840} INFO - DAG(s) 'example_branch_dop_operator_v3' retrieved from /opt/anaconda3/envs/airflow_env/lib/python3.10/site-packages/airflow/example_dags/example_branch_python_dop_operator_3.py
[2025-06-25T20:34:56.846-0400] {logging_mixin.py:188} INFO - [2025-06-25T20:34:56.846-0400] {dag.py:3096} INFO - Sync 1 DAGs
[2025-06-25T20:34:56.886-0400] {logging_mixin.py:188} INFO - [2025-06-25T20:34:56.886-0400] {dag.py:3954} INFO - Setting next_dagrun for example_branch_dop_operator_v3 to 2025-06-26 00:33:00+00:00, run_after=2025-06-26 00:34:00+00:00
[2025-06-25T20:34:56.895-0400] {processor.py:183} INFO - Processing /opt/anaconda3/envs/airflow_env/lib/python3.10/site-packages/airflow/example_dags/example_branch_python_dop_operator_3.py took 0.109 seconds
[2025-06-25T20:35:28.750-0400] {processor.py:161} INFO - Started process (PID=64386) to work on /opt/anaconda3/envs/airflow_env/lib/python3.10/site-packages/airflow/example_dags/example_branch_python_dop_operator_3.py
[2025-06-25T20:35:28.750-0400] {processor.py:830} INFO - Processing file /opt/anaconda3/envs/airflow_env/lib/python3.10/site-packages/airflow/example_dags/example_branch_python_dop_operator_3.py for tasks to queue
[2025-06-25T20:35:28.751-0400] {logging_mixin.py:188} INFO - [2025-06-25T20:35:28.751-0400] {dagbag.py:545} INFO - Filling up the DagBag from /opt/anaconda3/envs/airflow_env/lib/python3.10/site-packages/airflow/example_dags/example_branch_python_dop_operator_3.py
[2025-06-25T20:35:28.766-0400] {processor.py:840} INFO - DAG(s) 'example_branch_dop_operator_v3' retrieved from /opt/anaconda3/envs/airflow_env/lib/python3.10/site-packages/airflow/example_dags/example_branch_python_dop_operator_3.py
[2025-06-25T20:35:28.804-0400] {logging_mixin.py:188} INFO - [2025-06-25T20:35:28.803-0400] {dag.py:3096} INFO - Sync 1 DAGs
[2025-06-25T20:35:28.837-0400] {logging_mixin.py:188} INFO - [2025-06-25T20:35:28.837-0400] {dag.py:3954} INFO - Setting next_dagrun for example_branch_dop_operator_v3 to 2025-06-26 00:34:00+00:00, run_after=2025-06-26 00:35:00+00:00
[2025-06-25T20:35:28.844-0400] {processor.py:183} INFO - Processing /opt/anaconda3/envs/airflow_env/lib/python3.10/site-packages/airflow/example_dags/example_branch_python_dop_operator_3.py took 0.096 seconds
[2025-06-25T20:36:36.510-0400] {processor.py:161} INFO - Started process (PID=64511) to work on /opt/anaconda3/envs/airflow_env/lib/python3.10/site-packages/airflow/example_dags/example_branch_python_dop_operator_3.py
[2025-06-25T20:36:36.511-0400] {processor.py:830} INFO - Processing file /opt/anaconda3/envs/airflow_env/lib/python3.10/site-packages/airflow/example_dags/example_branch_python_dop_operator_3.py for tasks to queue
[2025-06-25T20:36:36.511-0400] {logging_mixin.py:188} INFO - [2025-06-25T20:36:36.511-0400] {dagbag.py:545} INFO - Filling up the DagBag from /opt/anaconda3/envs/airflow_env/lib/python3.10/site-packages/airflow/example_dags/example_branch_python_dop_operator_3.py
[2025-06-25T20:36:36.525-0400] {processor.py:840} INFO - DAG(s) 'example_branch_dop_operator_v3' retrieved from /opt/anaconda3/envs/airflow_env/lib/python3.10/site-packages/airflow/example_dags/example_branch_python_dop_operator_3.py
[2025-06-25T20:36:36.558-0400] {logging_mixin.py:188} INFO - [2025-06-25T20:36:36.558-0400] {dag.py:3096} INFO - Sync 1 DAGs
[2025-06-25T20:36:36.586-0400] {logging_mixin.py:188} INFO - [2025-06-25T20:36:36.586-0400] {dag.py:3954} INFO - Setting next_dagrun for example_branch_dop_operator_v3 to 2025-06-26 00:35:00+00:00, run_after=2025-06-26 00:36:00+00:00
[2025-06-25T20:36:36.593-0400] {processor.py:183} INFO - Processing /opt/anaconda3/envs/airflow_env/lib/python3.10/site-packages/airflow/example_dags/example_branch_python_dop_operator_3.py took 0.085 seconds
[2025-06-25T20:37:04.715-0400] {processor.py:161} INFO - Started process (PID=64570) to work on /opt/anaconda3/envs/airflow_env/lib/python3.10/site-packages/airflow/example_dags/example_branch_python_dop_operator_3.py
[2025-06-25T20:37:04.716-0400] {processor.py:830} INFO - Processing file /opt/anaconda3/envs/airflow_env/lib/python3.10/site-packages/airflow/example_dags/example_branch_python_dop_operator_3.py for tasks to queue
[2025-06-25T20:37:04.716-0400] {logging_mixin.py:188} INFO - [2025-06-25T20:37:04.716-0400] {dagbag.py:545} INFO - Filling up the DagBag from /opt/anaconda3/envs/airflow_env/lib/python3.10/site-packages/airflow/example_dags/example_branch_python_dop_operator_3.py
[2025-06-25T20:37:04.731-0400] {processor.py:840} INFO - DAG(s) 'example_branch_dop_operator_v3' retrieved from /opt/anaconda3/envs/airflow_env/lib/python3.10/site-packages/airflow/example_dags/example_branch_python_dop_operator_3.py
[2025-06-25T20:37:04.766-0400] {logging_mixin.py:188} INFO - [2025-06-25T20:37:04.766-0400] {dag.py:3096} INFO - Sync 1 DAGs
[2025-06-25T20:37:04.794-0400] {logging_mixin.py:188} INFO - [2025-06-25T20:37:04.793-0400] {dag.py:3954} INFO - Setting next_dagrun for example_branch_dop_operator_v3 to 2025-06-26 00:36:00+00:00, run_after=2025-06-26 00:37:00+00:00
[2025-06-25T20:37:04.800-0400] {processor.py:183} INFO - Processing /opt/anaconda3/envs/airflow_env/lib/python3.10/site-packages/airflow/example_dags/example_branch_python_dop_operator_3.py took 0.087 seconds
[2025-06-25T20:38:49.362-0400] {processor.py:161} INFO - Started process (PID=64810) to work on /opt/anaconda3/envs/airflow_env/lib/python3.10/site-packages/airflow/example_dags/example_branch_python_dop_operator_3.py
[2025-06-25T20:38:49.362-0400] {processor.py:830} INFO - Processing file /opt/anaconda3/envs/airflow_env/lib/python3.10/site-packages/airflow/example_dags/example_branch_python_dop_operator_3.py for tasks to queue
[2025-06-25T20:38:49.362-0400] {logging_mixin.py:188} INFO - [2025-06-25T20:38:49.362-0400] {dagbag.py:545} INFO - Filling up the DagBag from /opt/anaconda3/envs/airflow_env/lib/python3.10/site-packages/airflow/example_dags/example_branch_python_dop_operator_3.py
[2025-06-25T20:38:49.377-0400] {processor.py:840} INFO - DAG(s) 'example_branch_dop_operator_v3' retrieved from /opt/anaconda3/envs/airflow_env/lib/python3.10/site-packages/airflow/example_dags/example_branch_python_dop_operator_3.py
[2025-06-25T20:38:49.411-0400] {logging_mixin.py:188} INFO - [2025-06-25T20:38:49.411-0400] {dag.py:3096} INFO - Sync 1 DAGs
[2025-06-25T20:38:49.444-0400] {logging_mixin.py:188} INFO - [2025-06-25T20:38:49.444-0400] {dag.py:3954} INFO - Setting next_dagrun for example_branch_dop_operator_v3 to 2025-06-26 00:37:00+00:00, run_after=2025-06-26 00:38:00+00:00
[2025-06-25T20:38:49.450-0400] {processor.py:183} INFO - Processing /opt/anaconda3/envs/airflow_env/lib/python3.10/site-packages/airflow/example_dags/example_branch_python_dop_operator_3.py took 0.091 seconds
[2025-06-25T20:39:10.334-0400] {processor.py:161} INFO - Started process (PID=64855) to work on /opt/anaconda3/envs/airflow_env/lib/python3.10/site-packages/airflow/example_dags/example_branch_python_dop_operator_3.py
[2025-06-25T20:39:10.334-0400] {processor.py:830} INFO - Processing file /opt/anaconda3/envs/airflow_env/lib/python3.10/site-packages/airflow/example_dags/example_branch_python_dop_operator_3.py for tasks to queue
[2025-06-25T20:39:10.334-0400] {logging_mixin.py:188} INFO - [2025-06-25T20:39:10.334-0400] {dagbag.py:545} INFO - Filling up the DagBag from /opt/anaconda3/envs/airflow_env/lib/python3.10/site-packages/airflow/example_dags/example_branch_python_dop_operator_3.py
[2025-06-25T20:39:10.350-0400] {processor.py:840} INFO - DAG(s) 'example_branch_dop_operator_v3' retrieved from /opt/anaconda3/envs/airflow_env/lib/python3.10/site-packages/airflow/example_dags/example_branch_python_dop_operator_3.py
[2025-06-25T20:39:10.384-0400] {logging_mixin.py:188} INFO - [2025-06-25T20:39:10.384-0400] {dag.py:3096} INFO - Sync 1 DAGs
[2025-06-25T20:39:10.413-0400] {logging_mixin.py:188} INFO - [2025-06-25T20:39:10.413-0400] {dag.py:3954} INFO - Setting next_dagrun for example_branch_dop_operator_v3 to 2025-06-26 00:38:00+00:00, run_after=2025-06-26 00:39:00+00:00
[2025-06-25T20:39:10.420-0400] {processor.py:183} INFO - Processing /opt/anaconda3/envs/airflow_env/lib/python3.10/site-packages/airflow/example_dags/example_branch_python_dop_operator_3.py took 0.089 seconds
[2025-06-25T20:40:37.330-0400] {processor.py:161} INFO - Started process (PID=65033) to work on /opt/anaconda3/envs/airflow_env/lib/python3.10/site-packages/airflow/example_dags/example_branch_python_dop_operator_3.py
[2025-06-25T20:40:37.331-0400] {processor.py:830} INFO - Processing file /opt/anaconda3/envs/airflow_env/lib/python3.10/site-packages/airflow/example_dags/example_branch_python_dop_operator_3.py for tasks to queue
[2025-06-25T20:40:37.331-0400] {logging_mixin.py:188} INFO - [2025-06-25T20:40:37.331-0400] {dagbag.py:545} INFO - Filling up the DagBag from /opt/anaconda3/envs/airflow_env/lib/python3.10/site-packages/airflow/example_dags/example_branch_python_dop_operator_3.py
[2025-06-25T20:40:37.345-0400] {processor.py:840} INFO - DAG(s) 'example_branch_dop_operator_v3' retrieved from /opt/anaconda3/envs/airflow_env/lib/python3.10/site-packages/airflow/example_dags/example_branch_python_dop_operator_3.py
[2025-06-25T20:40:37.378-0400] {logging_mixin.py:188} INFO - [2025-06-25T20:40:37.378-0400] {dag.py:3096} INFO - Sync 1 DAGs
[2025-06-25T20:40:37.406-0400] {logging_mixin.py:188} INFO - [2025-06-25T20:40:37.406-0400] {dag.py:3954} INFO - Setting next_dagrun for example_branch_dop_operator_v3 to 2025-06-26 00:39:00+00:00, run_after=2025-06-26 00:40:00+00:00
[2025-06-25T20:40:37.414-0400] {processor.py:183} INFO - Processing /opt/anaconda3/envs/airflow_env/lib/python3.10/site-packages/airflow/example_dags/example_branch_python_dop_operator_3.py took 0.085 seconds
[2025-06-25T20:40:45.656-0400] {processor.py:161} INFO - Started process (PID=65050) to work on /opt/anaconda3/envs/airflow_env/lib/python3.10/site-packages/airflow/example_dags/example_branch_python_dop_operator_3.py
[2025-06-25T20:40:45.657-0400] {processor.py:830} INFO - Processing file /opt/anaconda3/envs/airflow_env/lib/python3.10/site-packages/airflow/example_dags/example_branch_python_dop_operator_3.py for tasks to queue
[2025-06-25T20:40:45.657-0400] {logging_mixin.py:188} INFO - [2025-06-25T20:40:45.657-0400] {dagbag.py:545} INFO - Filling up the DagBag from /opt/anaconda3/envs/airflow_env/lib/python3.10/site-packages/airflow/example_dags/example_branch_python_dop_operator_3.py
[2025-06-25T20:40:45.671-0400] {processor.py:840} INFO - DAG(s) 'example_branch_dop_operator_v3' retrieved from /opt/anaconda3/envs/airflow_env/lib/python3.10/site-packages/airflow/example_dags/example_branch_python_dop_operator_3.py
[2025-06-25T20:40:45.706-0400] {logging_mixin.py:188} INFO - [2025-06-25T20:40:45.706-0400] {dag.py:3096} INFO - Sync 1 DAGs
[2025-06-25T20:40:45.734-0400] {logging_mixin.py:188} INFO - [2025-06-25T20:40:45.734-0400] {dag.py:3954} INFO - Setting next_dagrun for example_branch_dop_operator_v3 to 2025-06-26 00:39:00+00:00, run_after=2025-06-26 00:40:00+00:00
[2025-06-25T20:40:45.741-0400] {processor.py:183} INFO - Processing /opt/anaconda3/envs/airflow_env/lib/python3.10/site-packages/airflow/example_dags/example_branch_python_dop_operator_3.py took 0.086 seconds
[2025-06-25T20:42:19.008-0400] {processor.py:161} INFO - Started process (PID=65236) to work on /opt/anaconda3/envs/airflow_env/lib/python3.10/site-packages/airflow/example_dags/example_branch_python_dop_operator_3.py
[2025-06-25T20:42:19.008-0400] {processor.py:830} INFO - Processing file /opt/anaconda3/envs/airflow_env/lib/python3.10/site-packages/airflow/example_dags/example_branch_python_dop_operator_3.py for tasks to queue
[2025-06-25T20:42:19.009-0400] {logging_mixin.py:188} INFO - [2025-06-25T20:42:19.009-0400] {dagbag.py:545} INFO - Filling up the DagBag from /opt/anaconda3/envs/airflow_env/lib/python3.10/site-packages/airflow/example_dags/example_branch_python_dop_operator_3.py
[2025-06-25T20:42:19.023-0400] {processor.py:840} INFO - DAG(s) 'example_branch_dop_operator_v3' retrieved from /opt/anaconda3/envs/airflow_env/lib/python3.10/site-packages/airflow/example_dags/example_branch_python_dop_operator_3.py
[2025-06-25T20:42:19.054-0400] {logging_mixin.py:188} INFO - [2025-06-25T20:42:19.054-0400] {dag.py:3096} INFO - Sync 1 DAGs
[2025-06-25T20:42:19.080-0400] {logging_mixin.py:188} INFO - [2025-06-25T20:42:19.080-0400] {dag.py:3954} INFO - Setting next_dagrun for example_branch_dop_operator_v3 to 2025-06-26 00:41:00+00:00, run_after=2025-06-26 00:42:00+00:00
[2025-06-25T20:42:19.087-0400] {processor.py:183} INFO - Processing /opt/anaconda3/envs/airflow_env/lib/python3.10/site-packages/airflow/example_dags/example_branch_python_dop_operator_3.py took 0.081 seconds
[2025-06-25T20:42:23.340-0400] {processor.py:161} INFO - Started process (PID=65244) to work on /opt/anaconda3/envs/airflow_env/lib/python3.10/site-packages/airflow/example_dags/example_branch_python_dop_operator_3.py
[2025-06-25T20:42:23.340-0400] {processor.py:830} INFO - Processing file /opt/anaconda3/envs/airflow_env/lib/python3.10/site-packages/airflow/example_dags/example_branch_python_dop_operator_3.py for tasks to queue
[2025-06-25T20:42:23.340-0400] {logging_mixin.py:188} INFO - [2025-06-25T20:42:23.340-0400] {dagbag.py:545} INFO - Filling up the DagBag from /opt/anaconda3/envs/airflow_env/lib/python3.10/site-packages/airflow/example_dags/example_branch_python_dop_operator_3.py
[2025-06-25T20:42:23.355-0400] {processor.py:840} INFO - DAG(s) 'example_branch_dop_operator_v3' retrieved from /opt/anaconda3/envs/airflow_env/lib/python3.10/site-packages/airflow/example_dags/example_branch_python_dop_operator_3.py
[2025-06-25T20:42:23.390-0400] {logging_mixin.py:188} INFO - [2025-06-25T20:42:23.390-0400] {dag.py:3096} INFO - Sync 1 DAGs
[2025-06-25T20:42:23.429-0400] {logging_mixin.py:188} INFO - [2025-06-25T20:42:23.429-0400] {dag.py:3954} INFO - Setting next_dagrun for example_branch_dop_operator_v3 to 2025-06-26 00:41:00+00:00, run_after=2025-06-26 00:42:00+00:00
[2025-06-25T20:42:23.436-0400] {processor.py:183} INFO - Processing /opt/anaconda3/envs/airflow_env/lib/python3.10/site-packages/airflow/example_dags/example_branch_python_dop_operator_3.py took 0.098 seconds
[2025-06-25T20:43:53.752-0400] {processor.py:161} INFO - Started process (PID=65481) to work on /opt/anaconda3/envs/airflow_env/lib/python3.10/site-packages/airflow/example_dags/example_branch_python_dop_operator_3.py
[2025-06-25T20:43:53.753-0400] {processor.py:830} INFO - Processing file /opt/anaconda3/envs/airflow_env/lib/python3.10/site-packages/airflow/example_dags/example_branch_python_dop_operator_3.py for tasks to queue
[2025-06-25T20:43:53.753-0400] {logging_mixin.py:188} INFO - [2025-06-25T20:43:53.753-0400] {dagbag.py:545} INFO - Filling up the DagBag from /opt/anaconda3/envs/airflow_env/lib/python3.10/site-packages/airflow/example_dags/example_branch_python_dop_operator_3.py
[2025-06-25T20:43:53.767-0400] {processor.py:840} INFO - DAG(s) 'example_branch_dop_operator_v3' retrieved from /opt/anaconda3/envs/airflow_env/lib/python3.10/site-packages/airflow/example_dags/example_branch_python_dop_operator_3.py
[2025-06-25T20:43:53.799-0400] {logging_mixin.py:188} INFO - [2025-06-25T20:43:53.799-0400] {dag.py:3096} INFO - Sync 1 DAGs
[2025-06-25T20:43:53.828-0400] {logging_mixin.py:188} INFO - [2025-06-25T20:43:53.828-0400] {dag.py:3954} INFO - Setting next_dagrun for example_branch_dop_operator_v3 to 2025-06-26 00:42:00+00:00, run_after=2025-06-26 00:43:00+00:00
[2025-06-25T20:43:53.835-0400] {processor.py:183} INFO - Processing /opt/anaconda3/envs/airflow_env/lib/python3.10/site-packages/airflow/example_dags/example_branch_python_dop_operator_3.py took 0.085 seconds
[2025-06-25T20:44:03.897-0400] {processor.py:161} INFO - Started process (PID=65505) to work on /opt/anaconda3/envs/airflow_env/lib/python3.10/site-packages/airflow/example_dags/example_branch_python_dop_operator_3.py
[2025-06-25T20:44:03.899-0400] {processor.py:830} INFO - Processing file /opt/anaconda3/envs/airflow_env/lib/python3.10/site-packages/airflow/example_dags/example_branch_python_dop_operator_3.py for tasks to queue
[2025-06-25T20:44:03.899-0400] {logging_mixin.py:188} INFO - [2025-06-25T20:44:03.899-0400] {dagbag.py:545} INFO - Filling up the DagBag from /opt/anaconda3/envs/airflow_env/lib/python3.10/site-packages/airflow/example_dags/example_branch_python_dop_operator_3.py
[2025-06-25T20:44:03.913-0400] {processor.py:840} INFO - DAG(s) 'example_branch_dop_operator_v3' retrieved from /opt/anaconda3/envs/airflow_env/lib/python3.10/site-packages/airflow/example_dags/example_branch_python_dop_operator_3.py
[2025-06-25T20:44:03.944-0400] {logging_mixin.py:188} INFO - [2025-06-25T20:44:03.944-0400] {dag.py:3096} INFO - Sync 1 DAGs
[2025-06-25T20:44:03.971-0400] {logging_mixin.py:188} INFO - [2025-06-25T20:44:03.971-0400] {dag.py:3954} INFO - Setting next_dagrun for example_branch_dop_operator_v3 to 2025-06-26 00:43:00+00:00, run_after=2025-06-26 00:44:00+00:00
[2025-06-25T20:44:03.978-0400] {processor.py:183} INFO - Processing /opt/anaconda3/envs/airflow_env/lib/python3.10/site-packages/airflow/example_dags/example_branch_python_dop_operator_3.py took 0.083 seconds
[2025-06-25T20:45:29.247-0400] {processor.py:161} INFO - Started process (PID=65709) to work on /opt/anaconda3/envs/airflow_env/lib/python3.10/site-packages/airflow/example_dags/example_branch_python_dop_operator_3.py
[2025-06-25T20:45:29.248-0400] {processor.py:830} INFO - Processing file /opt/anaconda3/envs/airflow_env/lib/python3.10/site-packages/airflow/example_dags/example_branch_python_dop_operator_3.py for tasks to queue
[2025-06-25T20:45:29.249-0400] {logging_mixin.py:188} INFO - [2025-06-25T20:45:29.249-0400] {dagbag.py:545} INFO - Filling up the DagBag from /opt/anaconda3/envs/airflow_env/lib/python3.10/site-packages/airflow/example_dags/example_branch_python_dop_operator_3.py
[2025-06-25T20:45:29.263-0400] {processor.py:840} INFO - DAG(s) 'example_branch_dop_operator_v3' retrieved from /opt/anaconda3/envs/airflow_env/lib/python3.10/site-packages/airflow/example_dags/example_branch_python_dop_operator_3.py
[2025-06-25T20:45:29.294-0400] {logging_mixin.py:188} INFO - [2025-06-25T20:45:29.294-0400] {dag.py:3096} INFO - Sync 1 DAGs
[2025-06-25T20:45:29.321-0400] {logging_mixin.py:188} INFO - [2025-06-25T20:45:29.320-0400] {dag.py:3954} INFO - Setting next_dagrun for example_branch_dop_operator_v3 to 2025-06-26 00:44:00+00:00, run_after=2025-06-26 00:45:00+00:00
[2025-06-25T20:45:29.327-0400] {processor.py:183} INFO - Processing /opt/anaconda3/envs/airflow_env/lib/python3.10/site-packages/airflow/example_dags/example_branch_python_dop_operator_3.py took 0.081 seconds
[2025-06-25T20:45:44.347-0400] {processor.py:161} INFO - Started process (PID=65754) to work on /opt/anaconda3/envs/airflow_env/lib/python3.10/site-packages/airflow/example_dags/example_branch_python_dop_operator_3.py
[2025-06-25T20:45:44.348-0400] {processor.py:830} INFO - Processing file /opt/anaconda3/envs/airflow_env/lib/python3.10/site-packages/airflow/example_dags/example_branch_python_dop_operator_3.py for tasks to queue
[2025-06-25T20:45:44.348-0400] {logging_mixin.py:188} INFO - [2025-06-25T20:45:44.348-0400] {dagbag.py:545} INFO - Filling up the DagBag from /opt/anaconda3/envs/airflow_env/lib/python3.10/site-packages/airflow/example_dags/example_branch_python_dop_operator_3.py
[2025-06-25T20:45:44.365-0400] {processor.py:840} INFO - DAG(s) 'example_branch_dop_operator_v3' retrieved from /opt/anaconda3/envs/airflow_env/lib/python3.10/site-packages/airflow/example_dags/example_branch_python_dop_operator_3.py
[2025-06-25T20:45:44.405-0400] {logging_mixin.py:188} INFO - [2025-06-25T20:45:44.405-0400] {dag.py:3096} INFO - Sync 1 DAGs
[2025-06-25T20:45:44.451-0400] {logging_mixin.py:188} INFO - [2025-06-25T20:45:44.450-0400] {dag.py:3954} INFO - Setting next_dagrun for example_branch_dop_operator_v3 to 2025-06-26 00:44:00+00:00, run_after=2025-06-26 00:45:00+00:00
[2025-06-25T20:45:44.460-0400] {processor.py:183} INFO - Processing /opt/anaconda3/envs/airflow_env/lib/python3.10/site-packages/airflow/example_dags/example_branch_python_dop_operator_3.py took 0.116 seconds
[2025-06-25T20:47:37.238-0400] {processor.py:161} INFO - Started process (PID=65983) to work on /opt/anaconda3/envs/airflow_env/lib/python3.10/site-packages/airflow/example_dags/example_branch_python_dop_operator_3.py
[2025-06-25T20:47:37.239-0400] {processor.py:830} INFO - Processing file /opt/anaconda3/envs/airflow_env/lib/python3.10/site-packages/airflow/example_dags/example_branch_python_dop_operator_3.py for tasks to queue
[2025-06-25T20:47:37.240-0400] {logging_mixin.py:188} INFO - [2025-06-25T20:47:37.240-0400] {dagbag.py:545} INFO - Filling up the DagBag from /opt/anaconda3/envs/airflow_env/lib/python3.10/site-packages/airflow/example_dags/example_branch_python_dop_operator_3.py
[2025-06-25T20:47:37.256-0400] {processor.py:840} INFO - DAG(s) 'example_branch_dop_operator_v3' retrieved from /opt/anaconda3/envs/airflow_env/lib/python3.10/site-packages/airflow/example_dags/example_branch_python_dop_operator_3.py
[2025-06-25T20:47:37.290-0400] {logging_mixin.py:188} INFO - [2025-06-25T20:47:37.290-0400] {dag.py:3096} INFO - Sync 1 DAGs
[2025-06-25T20:47:37.319-0400] {logging_mixin.py:188} INFO - [2025-06-25T20:47:37.319-0400] {dag.py:3954} INFO - Setting next_dagrun for example_branch_dop_operator_v3 to 2025-06-26 00:46:00+00:00, run_after=2025-06-26 00:47:00+00:00
[2025-06-25T20:47:37.326-0400] {processor.py:183} INFO - Processing /opt/anaconda3/envs/airflow_env/lib/python3.10/site-packages/airflow/example_dags/example_branch_python_dop_operator_3.py took 0.090 seconds
[2025-06-25T20:47:58.593-0400] {processor.py:161} INFO - Started process (PID=66060) to work on /opt/anaconda3/envs/airflow_env/lib/python3.10/site-packages/airflow/example_dags/example_branch_python_dop_operator_3.py
[2025-06-25T20:47:58.593-0400] {processor.py:830} INFO - Processing file /opt/anaconda3/envs/airflow_env/lib/python3.10/site-packages/airflow/example_dags/example_branch_python_dop_operator_3.py for tasks to queue
[2025-06-25T20:47:58.593-0400] {logging_mixin.py:188} INFO - [2025-06-25T20:47:58.593-0400] {dagbag.py:545} INFO - Filling up the DagBag from /opt/anaconda3/envs/airflow_env/lib/python3.10/site-packages/airflow/example_dags/example_branch_python_dop_operator_3.py
[2025-06-25T20:47:58.607-0400] {processor.py:840} INFO - DAG(s) 'example_branch_dop_operator_v3' retrieved from /opt/anaconda3/envs/airflow_env/lib/python3.10/site-packages/airflow/example_dags/example_branch_python_dop_operator_3.py
[2025-06-25T20:47:58.640-0400] {logging_mixin.py:188} INFO - [2025-06-25T20:47:58.640-0400] {dag.py:3096} INFO - Sync 1 DAGs
[2025-06-25T20:47:58.668-0400] {logging_mixin.py:188} INFO - [2025-06-25T20:47:58.668-0400] {dag.py:3954} INFO - Setting next_dagrun for example_branch_dop_operator_v3 to 2025-06-26 00:46:00+00:00, run_after=2025-06-26 00:47:00+00:00
[2025-06-25T20:47:58.675-0400] {processor.py:183} INFO - Processing /opt/anaconda3/envs/airflow_env/lib/python3.10/site-packages/airflow/example_dags/example_branch_python_dop_operator_3.py took 0.084 seconds
[2025-06-25T20:49:24.762-0400] {processor.py:161} INFO - Started process (PID=66240) to work on /opt/anaconda3/envs/airflow_env/lib/python3.10/site-packages/airflow/example_dags/example_branch_python_dop_operator_3.py
[2025-06-25T20:49:24.762-0400] {processor.py:830} INFO - Processing file /opt/anaconda3/envs/airflow_env/lib/python3.10/site-packages/airflow/example_dags/example_branch_python_dop_operator_3.py for tasks to queue
[2025-06-25T20:49:24.763-0400] {logging_mixin.py:188} INFO - [2025-06-25T20:49:24.763-0400] {dagbag.py:545} INFO - Filling up the DagBag from /opt/anaconda3/envs/airflow_env/lib/python3.10/site-packages/airflow/example_dags/example_branch_python_dop_operator_3.py
[2025-06-25T20:49:24.778-0400] {processor.py:840} INFO - DAG(s) 'example_branch_dop_operator_v3' retrieved from /opt/anaconda3/envs/airflow_env/lib/python3.10/site-packages/airflow/example_dags/example_branch_python_dop_operator_3.py
[2025-06-25T20:49:24.810-0400] {logging_mixin.py:188} INFO - [2025-06-25T20:49:24.810-0400] {dag.py:3096} INFO - Sync 1 DAGs
[2025-06-25T20:49:24.836-0400] {logging_mixin.py:188} INFO - [2025-06-25T20:49:24.836-0400] {dag.py:3954} INFO - Setting next_dagrun for example_branch_dop_operator_v3 to 2025-06-26 00:48:00+00:00, run_after=2025-06-26 00:49:00+00:00
[2025-06-25T20:49:24.842-0400] {processor.py:183} INFO - Processing /opt/anaconda3/envs/airflow_env/lib/python3.10/site-packages/airflow/example_dags/example_branch_python_dop_operator_3.py took 0.082 seconds
[2025-06-25T20:49:36.963-0400] {processor.py:161} INFO - Started process (PID=66279) to work on /opt/anaconda3/envs/airflow_env/lib/python3.10/site-packages/airflow/example_dags/example_branch_python_dop_operator_3.py
[2025-06-25T20:49:36.963-0400] {processor.py:830} INFO - Processing file /opt/anaconda3/envs/airflow_env/lib/python3.10/site-packages/airflow/example_dags/example_branch_python_dop_operator_3.py for tasks to queue
[2025-06-25T20:49:36.964-0400] {logging_mixin.py:188} INFO - [2025-06-25T20:49:36.964-0400] {dagbag.py:545} INFO - Filling up the DagBag from /opt/anaconda3/envs/airflow_env/lib/python3.10/site-packages/airflow/example_dags/example_branch_python_dop_operator_3.py
[2025-06-25T20:49:36.979-0400] {processor.py:840} INFO - DAG(s) 'example_branch_dop_operator_v3' retrieved from /opt/anaconda3/envs/airflow_env/lib/python3.10/site-packages/airflow/example_dags/example_branch_python_dop_operator_3.py
[2025-06-25T20:49:37.013-0400] {logging_mixin.py:188} INFO - [2025-06-25T20:49:37.012-0400] {dag.py:3096} INFO - Sync 1 DAGs
[2025-06-25T20:49:37.050-0400] {logging_mixin.py:188} INFO - [2025-06-25T20:49:37.050-0400] {dag.py:3954} INFO - Setting next_dagrun for example_branch_dop_operator_v3 to 2025-06-26 00:48:00+00:00, run_after=2025-06-26 00:49:00+00:00
[2025-06-25T20:49:37.058-0400] {processor.py:183} INFO - Processing /opt/anaconda3/envs/airflow_env/lib/python3.10/site-packages/airflow/example_dags/example_branch_python_dop_operator_3.py took 0.096 seconds
[2025-06-25T20:51:41.867-0400] {processor.py:161} INFO - Started process (PID=66553) to work on /opt/anaconda3/envs/airflow_env/lib/python3.10/site-packages/airflow/example_dags/example_branch_python_dop_operator_3.py
[2025-06-25T20:51:41.868-0400] {processor.py:830} INFO - Processing file /opt/anaconda3/envs/airflow_env/lib/python3.10/site-packages/airflow/example_dags/example_branch_python_dop_operator_3.py for tasks to queue
[2025-06-25T20:51:41.868-0400] {logging_mixin.py:188} INFO - [2025-06-25T20:51:41.868-0400] {dagbag.py:545} INFO - Filling up the DagBag from /opt/anaconda3/envs/airflow_env/lib/python3.10/site-packages/airflow/example_dags/example_branch_python_dop_operator_3.py
[2025-06-25T20:51:41.882-0400] {processor.py:840} INFO - DAG(s) 'example_branch_dop_operator_v3' retrieved from /opt/anaconda3/envs/airflow_env/lib/python3.10/site-packages/airflow/example_dags/example_branch_python_dop_operator_3.py
[2025-06-25T20:51:41.916-0400] {logging_mixin.py:188} INFO - [2025-06-25T20:51:41.916-0400] {dag.py:3096} INFO - Sync 1 DAGs
[2025-06-25T20:51:41.945-0400] {logging_mixin.py:188} INFO - [2025-06-25T20:51:41.945-0400] {dag.py:3954} INFO - Setting next_dagrun for example_branch_dop_operator_v3 to 2025-06-26 00:50:00+00:00, run_after=2025-06-26 00:51:00+00:00
[2025-06-25T20:51:41.953-0400] {processor.py:183} INFO - Processing /opt/anaconda3/envs/airflow_env/lib/python3.10/site-packages/airflow/example_dags/example_branch_python_dop_operator_3.py took 0.088 seconds
[2025-06-25T20:51:50.806-0400] {processor.py:161} INFO - Started process (PID=66574) to work on /opt/anaconda3/envs/airflow_env/lib/python3.10/site-packages/airflow/example_dags/example_branch_python_dop_operator_3.py
[2025-06-25T20:51:50.806-0400] {processor.py:830} INFO - Processing file /opt/anaconda3/envs/airflow_env/lib/python3.10/site-packages/airflow/example_dags/example_branch_python_dop_operator_3.py for tasks to queue
[2025-06-25T20:51:50.807-0400] {logging_mixin.py:188} INFO - [2025-06-25T20:51:50.806-0400] {dagbag.py:545} INFO - Filling up the DagBag from /opt/anaconda3/envs/airflow_env/lib/python3.10/site-packages/airflow/example_dags/example_branch_python_dop_operator_3.py
[2025-06-25T20:51:50.823-0400] {processor.py:840} INFO - DAG(s) 'example_branch_dop_operator_v3' retrieved from /opt/anaconda3/envs/airflow_env/lib/python3.10/site-packages/airflow/example_dags/example_branch_python_dop_operator_3.py
[2025-06-25T20:51:50.860-0400] {logging_mixin.py:188} INFO - [2025-06-25T20:51:50.860-0400] {dag.py:3096} INFO - Sync 1 DAGs
[2025-06-25T20:51:50.896-0400] {logging_mixin.py:188} INFO - [2025-06-25T20:51:50.896-0400] {dag.py:3954} INFO - Setting next_dagrun for example_branch_dop_operator_v3 to 2025-06-26 00:50:00+00:00, run_after=2025-06-26 00:51:00+00:00
[2025-06-25T20:51:50.905-0400] {processor.py:183} INFO - Processing /opt/anaconda3/envs/airflow_env/lib/python3.10/site-packages/airflow/example_dags/example_branch_python_dop_operator_3.py took 0.102 seconds
[2025-06-25T20:54:02.730-0400] {processor.py:161} INFO - Started process (PID=66878) to work on /opt/anaconda3/envs/airflow_env/lib/python3.10/site-packages/airflow/example_dags/example_branch_python_dop_operator_3.py
[2025-06-25T20:54:02.731-0400] {processor.py:830} INFO - Processing file /opt/anaconda3/envs/airflow_env/lib/python3.10/site-packages/airflow/example_dags/example_branch_python_dop_operator_3.py for tasks to queue
[2025-06-25T20:54:02.731-0400] {logging_mixin.py:188} INFO - [2025-06-25T20:54:02.731-0400] {dagbag.py:545} INFO - Filling up the DagBag from /opt/anaconda3/envs/airflow_env/lib/python3.10/site-packages/airflow/example_dags/example_branch_python_dop_operator_3.py
[2025-06-25T20:54:02.746-0400] {processor.py:840} INFO - DAG(s) 'example_branch_dop_operator_v3' retrieved from /opt/anaconda3/envs/airflow_env/lib/python3.10/site-packages/airflow/example_dags/example_branch_python_dop_operator_3.py
[2025-06-25T20:54:02.780-0400] {logging_mixin.py:188} INFO - [2025-06-25T20:54:02.780-0400] {dag.py:3096} INFO - Sync 1 DAGs
[2025-06-25T20:54:02.810-0400] {logging_mixin.py:188} INFO - [2025-06-25T20:54:02.810-0400] {dag.py:3954} INFO - Setting next_dagrun for example_branch_dop_operator_v3 to 2025-06-26 00:53:00+00:00, run_after=2025-06-26 00:54:00+00:00
[2025-06-25T20:54:02.817-0400] {processor.py:183} INFO - Processing /opt/anaconda3/envs/airflow_env/lib/python3.10/site-packages/airflow/example_dags/example_branch_python_dop_operator_3.py took 0.089 seconds
[2025-06-25T20:54:35.637-0400] {processor.py:161} INFO - Started process (PID=66940) to work on /opt/anaconda3/envs/airflow_env/lib/python3.10/site-packages/airflow/example_dags/example_branch_python_dop_operator_3.py
[2025-06-25T20:54:35.637-0400] {processor.py:830} INFO - Processing file /opt/anaconda3/envs/airflow_env/lib/python3.10/site-packages/airflow/example_dags/example_branch_python_dop_operator_3.py for tasks to queue
[2025-06-25T20:54:35.637-0400] {logging_mixin.py:188} INFO - [2025-06-25T20:54:35.637-0400] {dagbag.py:545} INFO - Filling up the DagBag from /opt/anaconda3/envs/airflow_env/lib/python3.10/site-packages/airflow/example_dags/example_branch_python_dop_operator_3.py
[2025-06-25T20:54:35.653-0400] {processor.py:840} INFO - DAG(s) 'example_branch_dop_operator_v3' retrieved from /opt/anaconda3/envs/airflow_env/lib/python3.10/site-packages/airflow/example_dags/example_branch_python_dop_operator_3.py
[2025-06-25T20:54:35.689-0400] {logging_mixin.py:188} INFO - [2025-06-25T20:54:35.689-0400] {dag.py:3096} INFO - Sync 1 DAGs
[2025-06-25T20:54:35.723-0400] {logging_mixin.py:188} INFO - [2025-06-25T20:54:35.723-0400] {dag.py:3954} INFO - Setting next_dagrun for example_branch_dop_operator_v3 to 2025-06-26 00:53:00+00:00, run_after=2025-06-26 00:54:00+00:00
[2025-06-25T20:54:35.731-0400] {processor.py:183} INFO - Processing /opt/anaconda3/envs/airflow_env/lib/python3.10/site-packages/airflow/example_dags/example_branch_python_dop_operator_3.py took 0.097 seconds
[2025-06-25T20:55:56.273-0400] {processor.py:161} INFO - Started process (PID=67122) to work on /opt/anaconda3/envs/airflow_env/lib/python3.10/site-packages/airflow/example_dags/example_branch_python_dop_operator_3.py
[2025-06-25T20:55:56.274-0400] {processor.py:830} INFO - Processing file /opt/anaconda3/envs/airflow_env/lib/python3.10/site-packages/airflow/example_dags/example_branch_python_dop_operator_3.py for tasks to queue
[2025-06-25T20:55:56.275-0400] {logging_mixin.py:188} INFO - [2025-06-25T20:55:56.274-0400] {dagbag.py:545} INFO - Filling up the DagBag from /opt/anaconda3/envs/airflow_env/lib/python3.10/site-packages/airflow/example_dags/example_branch_python_dop_operator_3.py
[2025-06-25T20:55:56.288-0400] {processor.py:840} INFO - DAG(s) 'example_branch_dop_operator_v3' retrieved from /opt/anaconda3/envs/airflow_env/lib/python3.10/site-packages/airflow/example_dags/example_branch_python_dop_operator_3.py
[2025-06-25T20:55:56.319-0400] {logging_mixin.py:188} INFO - [2025-06-25T20:55:56.319-0400] {dag.py:3096} INFO - Sync 1 DAGs
[2025-06-25T20:55:56.345-0400] {logging_mixin.py:188} INFO - [2025-06-25T20:55:56.345-0400] {dag.py:3954} INFO - Setting next_dagrun for example_branch_dop_operator_v3 to 2025-06-26 00:54:00+00:00, run_after=2025-06-26 00:55:00+00:00
[2025-06-25T20:55:56.351-0400] {processor.py:183} INFO - Processing /opt/anaconda3/envs/airflow_env/lib/python3.10/site-packages/airflow/example_dags/example_branch_python_dop_operator_3.py took 0.080 seconds
[2025-06-25T20:56:23.050-0400] {processor.py:161} INFO - Started process (PID=67162) to work on /opt/anaconda3/envs/airflow_env/lib/python3.10/site-packages/airflow/example_dags/example_branch_python_dop_operator_3.py
[2025-06-25T20:56:23.051-0400] {processor.py:830} INFO - Processing file /opt/anaconda3/envs/airflow_env/lib/python3.10/site-packages/airflow/example_dags/example_branch_python_dop_operator_3.py for tasks to queue
[2025-06-25T20:56:23.051-0400] {logging_mixin.py:188} INFO - [2025-06-25T20:56:23.051-0400] {dagbag.py:545} INFO - Filling up the DagBag from /opt/anaconda3/envs/airflow_env/lib/python3.10/site-packages/airflow/example_dags/example_branch_python_dop_operator_3.py
[2025-06-25T20:56:23.065-0400] {processor.py:840} INFO - DAG(s) 'example_branch_dop_operator_v3' retrieved from /opt/anaconda3/envs/airflow_env/lib/python3.10/site-packages/airflow/example_dags/example_branch_python_dop_operator_3.py
[2025-06-25T20:56:23.096-0400] {logging_mixin.py:188} INFO - [2025-06-25T20:56:23.096-0400] {dag.py:3096} INFO - Sync 1 DAGs
[2025-06-25T20:56:23.122-0400] {logging_mixin.py:188} INFO - [2025-06-25T20:56:23.122-0400] {dag.py:3954} INFO - Setting next_dagrun for example_branch_dop_operator_v3 to 2025-06-26 00:55:00+00:00, run_after=2025-06-26 00:56:00+00:00
[2025-06-25T20:56:23.129-0400] {processor.py:183} INFO - Processing /opt/anaconda3/envs/airflow_env/lib/python3.10/site-packages/airflow/example_dags/example_branch_python_dop_operator_3.py took 0.080 seconds
[2025-06-25T20:57:29.935-0400] {processor.py:161} INFO - Started process (PID=67278) to work on /opt/anaconda3/envs/airflow_env/lib/python3.10/site-packages/airflow/example_dags/example_branch_python_dop_operator_3.py
[2025-06-25T20:57:29.936-0400] {processor.py:830} INFO - Processing file /opt/anaconda3/envs/airflow_env/lib/python3.10/site-packages/airflow/example_dags/example_branch_python_dop_operator_3.py for tasks to queue
[2025-06-25T20:57:29.936-0400] {logging_mixin.py:188} INFO - [2025-06-25T20:57:29.936-0400] {dagbag.py:545} INFO - Filling up the DagBag from /opt/anaconda3/envs/airflow_env/lib/python3.10/site-packages/airflow/example_dags/example_branch_python_dop_operator_3.py
[2025-06-25T20:57:29.951-0400] {processor.py:840} INFO - DAG(s) 'example_branch_dop_operator_v3' retrieved from /opt/anaconda3/envs/airflow_env/lib/python3.10/site-packages/airflow/example_dags/example_branch_python_dop_operator_3.py
[2025-06-25T20:57:29.984-0400] {logging_mixin.py:188} INFO - [2025-06-25T20:57:29.984-0400] {dag.py:3096} INFO - Sync 1 DAGs
[2025-06-25T20:57:30.013-0400] {logging_mixin.py:188} INFO - [2025-06-25T20:57:30.013-0400] {dag.py:3954} INFO - Setting next_dagrun for example_branch_dop_operator_v3 to 2025-06-26 00:56:00+00:00, run_after=2025-06-26 00:57:00+00:00
[2025-06-25T20:57:30.020-0400] {processor.py:183} INFO - Processing /opt/anaconda3/envs/airflow_env/lib/python3.10/site-packages/airflow/example_dags/example_branch_python_dop_operator_3.py took 0.087 seconds
[2025-06-25T20:57:58.996-0400] {processor.py:161} INFO - Started process (PID=67349) to work on /opt/anaconda3/envs/airflow_env/lib/python3.10/site-packages/airflow/example_dags/example_branch_python_dop_operator_3.py
[2025-06-25T20:57:58.997-0400] {processor.py:830} INFO - Processing file /opt/anaconda3/envs/airflow_env/lib/python3.10/site-packages/airflow/example_dags/example_branch_python_dop_operator_3.py for tasks to queue
[2025-06-25T20:57:58.997-0400] {logging_mixin.py:188} INFO - [2025-06-25T20:57:58.997-0400] {dagbag.py:545} INFO - Filling up the DagBag from /opt/anaconda3/envs/airflow_env/lib/python3.10/site-packages/airflow/example_dags/example_branch_python_dop_operator_3.py
[2025-06-25T20:57:59.012-0400] {processor.py:840} INFO - DAG(s) 'example_branch_dop_operator_v3' retrieved from /opt/anaconda3/envs/airflow_env/lib/python3.10/site-packages/airflow/example_dags/example_branch_python_dop_operator_3.py
[2025-06-25T20:57:59.045-0400] {logging_mixin.py:188} INFO - [2025-06-25T20:57:59.045-0400] {dag.py:3096} INFO - Sync 1 DAGs
[2025-06-25T20:57:59.073-0400] {logging_mixin.py:188} INFO - [2025-06-25T20:57:59.073-0400] {dag.py:3954} INFO - Setting next_dagrun for example_branch_dop_operator_v3 to 2025-06-26 00:56:00+00:00, run_after=2025-06-26 00:57:00+00:00
[2025-06-25T20:57:59.080-0400] {processor.py:183} INFO - Processing /opt/anaconda3/envs/airflow_env/lib/python3.10/site-packages/airflow/example_dags/example_branch_python_dop_operator_3.py took 0.085 seconds
[2025-06-25T20:59:08.013-0400] {processor.py:161} INFO - Started process (PID=67470) to work on /opt/anaconda3/envs/airflow_env/lib/python3.10/site-packages/airflow/example_dags/example_branch_python_dop_operator_3.py
[2025-06-25T20:59:08.013-0400] {processor.py:830} INFO - Processing file /opt/anaconda3/envs/airflow_env/lib/python3.10/site-packages/airflow/example_dags/example_branch_python_dop_operator_3.py for tasks to queue
[2025-06-25T20:59:08.014-0400] {logging_mixin.py:188} INFO - [2025-06-25T20:59:08.014-0400] {dagbag.py:545} INFO - Filling up the DagBag from /opt/anaconda3/envs/airflow_env/lib/python3.10/site-packages/airflow/example_dags/example_branch_python_dop_operator_3.py
[2025-06-25T20:59:08.028-0400] {processor.py:840} INFO - DAG(s) 'example_branch_dop_operator_v3' retrieved from /opt/anaconda3/envs/airflow_env/lib/python3.10/site-packages/airflow/example_dags/example_branch_python_dop_operator_3.py
[2025-06-25T20:59:08.061-0400] {logging_mixin.py:188} INFO - [2025-06-25T20:59:08.061-0400] {dag.py:3096} INFO - Sync 1 DAGs
[2025-06-25T20:59:08.087-0400] {logging_mixin.py:188} INFO - [2025-06-25T20:59:08.087-0400] {dag.py:3954} INFO - Setting next_dagrun for example_branch_dop_operator_v3 to 2025-06-26 00:58:00+00:00, run_after=2025-06-26 00:59:00+00:00
[2025-06-25T20:59:08.094-0400] {processor.py:183} INFO - Processing /opt/anaconda3/envs/airflow_env/lib/python3.10/site-packages/airflow/example_dags/example_branch_python_dop_operator_3.py took 0.082 seconds
[2025-06-25T20:59:34.475-0400] {processor.py:161} INFO - Started process (PID=67521) to work on /opt/anaconda3/envs/airflow_env/lib/python3.10/site-packages/airflow/example_dags/example_branch_python_dop_operator_3.py
[2025-06-25T20:59:34.476-0400] {processor.py:830} INFO - Processing file /opt/anaconda3/envs/airflow_env/lib/python3.10/site-packages/airflow/example_dags/example_branch_python_dop_operator_3.py for tasks to queue
[2025-06-25T20:59:34.477-0400] {logging_mixin.py:188} INFO - [2025-06-25T20:59:34.477-0400] {dagbag.py:545} INFO - Filling up the DagBag from /opt/anaconda3/envs/airflow_env/lib/python3.10/site-packages/airflow/example_dags/example_branch_python_dop_operator_3.py
[2025-06-25T20:59:34.490-0400] {processor.py:840} INFO - DAG(s) 'example_branch_dop_operator_v3' retrieved from /opt/anaconda3/envs/airflow_env/lib/python3.10/site-packages/airflow/example_dags/example_branch_python_dop_operator_3.py
[2025-06-25T20:59:34.522-0400] {logging_mixin.py:188} INFO - [2025-06-25T20:59:34.522-0400] {dag.py:3096} INFO - Sync 1 DAGs
[2025-06-25T20:59:34.548-0400] {logging_mixin.py:188} INFO - [2025-06-25T20:59:34.548-0400] {dag.py:3954} INFO - Setting next_dagrun for example_branch_dop_operator_v3 to 2025-06-26 00:58:00+00:00, run_after=2025-06-26 00:59:00+00:00
[2025-06-25T20:59:34.554-0400] {processor.py:183} INFO - Processing /opt/anaconda3/envs/airflow_env/lib/python3.10/site-packages/airflow/example_dags/example_branch_python_dop_operator_3.py took 0.081 seconds
[2025-06-25T21:00:47.324-0400] {processor.py:161} INFO - Started process (PID=67658) to work on /opt/anaconda3/envs/airflow_env/lib/python3.10/site-packages/airflow/example_dags/example_branch_python_dop_operator_3.py
[2025-06-25T21:00:47.325-0400] {processor.py:830} INFO - Processing file /opt/anaconda3/envs/airflow_env/lib/python3.10/site-packages/airflow/example_dags/example_branch_python_dop_operator_3.py for tasks to queue
[2025-06-25T21:00:47.325-0400] {logging_mixin.py:188} INFO - [2025-06-25T21:00:47.325-0400] {dagbag.py:545} INFO - Filling up the DagBag from /opt/anaconda3/envs/airflow_env/lib/python3.10/site-packages/airflow/example_dags/example_branch_python_dop_operator_3.py
[2025-06-25T21:00:47.338-0400] {processor.py:840} INFO - DAG(s) 'example_branch_dop_operator_v3' retrieved from /opt/anaconda3/envs/airflow_env/lib/python3.10/site-packages/airflow/example_dags/example_branch_python_dop_operator_3.py
[2025-06-25T21:00:47.369-0400] {logging_mixin.py:188} INFO - [2025-06-25T21:00:47.369-0400] {dag.py:3096} INFO - Sync 1 DAGs
[2025-06-25T21:00:47.394-0400] {logging_mixin.py:188} INFO - [2025-06-25T21:00:47.394-0400] {dag.py:3954} INFO - Setting next_dagrun for example_branch_dop_operator_v3 to 2025-06-26 00:59:00+00:00, run_after=2025-06-26 01:00:00+00:00
[2025-06-25T21:00:47.401-0400] {processor.py:183} INFO - Processing /opt/anaconda3/envs/airflow_env/lib/python3.10/site-packages/airflow/example_dags/example_branch_python_dop_operator_3.py took 0.078 seconds
[2025-06-25T21:01:08.654-0400] {processor.py:161} INFO - Started process (PID=67687) to work on /opt/anaconda3/envs/airflow_env/lib/python3.10/site-packages/airflow/example_dags/example_branch_python_dop_operator_3.py
[2025-06-25T21:01:08.655-0400] {processor.py:830} INFO - Processing file /opt/anaconda3/envs/airflow_env/lib/python3.10/site-packages/airflow/example_dags/example_branch_python_dop_operator_3.py for tasks to queue
[2025-06-25T21:01:08.655-0400] {logging_mixin.py:188} INFO - [2025-06-25T21:01:08.655-0400] {dagbag.py:545} INFO - Filling up the DagBag from /opt/anaconda3/envs/airflow_env/lib/python3.10/site-packages/airflow/example_dags/example_branch_python_dop_operator_3.py
[2025-06-25T21:01:08.670-0400] {processor.py:840} INFO - DAG(s) 'example_branch_dop_operator_v3' retrieved from /opt/anaconda3/envs/airflow_env/lib/python3.10/site-packages/airflow/example_dags/example_branch_python_dop_operator_3.py
[2025-06-25T21:01:08.705-0400] {logging_mixin.py:188} INFO - [2025-06-25T21:01:08.705-0400] {dag.py:3096} INFO - Sync 1 DAGs
[2025-06-25T21:01:08.744-0400] {logging_mixin.py:188} INFO - [2025-06-25T21:01:08.744-0400] {dag.py:3954} INFO - Setting next_dagrun for example_branch_dop_operator_v3 to 2025-06-26 01:00:00+00:00, run_after=2025-06-26 01:01:00+00:00
[2025-06-25T21:01:08.751-0400] {processor.py:183} INFO - Processing /opt/anaconda3/envs/airflow_env/lib/python3.10/site-packages/airflow/example_dags/example_branch_python_dop_operator_3.py took 0.098 seconds
[2025-06-25T21:02:20.763-0400] {processor.py:161} INFO - Started process (PID=67791) to work on /opt/anaconda3/envs/airflow_env/lib/python3.10/site-packages/airflow/example_dags/example_branch_python_dop_operator_3.py
[2025-06-25T21:02:20.763-0400] {processor.py:830} INFO - Processing file /opt/anaconda3/envs/airflow_env/lib/python3.10/site-packages/airflow/example_dags/example_branch_python_dop_operator_3.py for tasks to queue
[2025-06-25T21:02:20.763-0400] {logging_mixin.py:188} INFO - [2025-06-25T21:02:20.763-0400] {dagbag.py:545} INFO - Filling up the DagBag from /opt/anaconda3/envs/airflow_env/lib/python3.10/site-packages/airflow/example_dags/example_branch_python_dop_operator_3.py
[2025-06-25T21:02:20.777-0400] {processor.py:840} INFO - DAG(s) 'example_branch_dop_operator_v3' retrieved from /opt/anaconda3/envs/airflow_env/lib/python3.10/site-packages/airflow/example_dags/example_branch_python_dop_operator_3.py
[2025-06-25T21:02:20.808-0400] {logging_mixin.py:188} INFO - [2025-06-25T21:02:20.808-0400] {dag.py:3096} INFO - Sync 1 DAGs
[2025-06-25T21:02:20.834-0400] {logging_mixin.py:188} INFO - [2025-06-25T21:02:20.833-0400] {dag.py:3954} INFO - Setting next_dagrun for example_branch_dop_operator_v3 to 2025-06-26 01:01:00+00:00, run_after=2025-06-26 01:02:00+00:00
[2025-06-25T21:02:20.840-0400] {processor.py:183} INFO - Processing /opt/anaconda3/envs/airflow_env/lib/python3.10/site-packages/airflow/example_dags/example_branch_python_dop_operator_3.py took 0.079 seconds
[2025-06-25T21:02:39.974-0400] {processor.py:161} INFO - Started process (PID=67819) to work on /opt/anaconda3/envs/airflow_env/lib/python3.10/site-packages/airflow/example_dags/example_branch_python_dop_operator_3.py
[2025-06-25T21:02:39.974-0400] {processor.py:830} INFO - Processing file /opt/anaconda3/envs/airflow_env/lib/python3.10/site-packages/airflow/example_dags/example_branch_python_dop_operator_3.py for tasks to queue
[2025-06-25T21:02:39.974-0400] {logging_mixin.py:188} INFO - [2025-06-25T21:02:39.974-0400] {dagbag.py:545} INFO - Filling up the DagBag from /opt/anaconda3/envs/airflow_env/lib/python3.10/site-packages/airflow/example_dags/example_branch_python_dop_operator_3.py
[2025-06-25T21:02:39.988-0400] {processor.py:840} INFO - DAG(s) 'example_branch_dop_operator_v3' retrieved from /opt/anaconda3/envs/airflow_env/lib/python3.10/site-packages/airflow/example_dags/example_branch_python_dop_operator_3.py
[2025-06-25T21:02:40.020-0400] {logging_mixin.py:188} INFO - [2025-06-25T21:02:40.020-0400] {dag.py:3096} INFO - Sync 1 DAGs
[2025-06-25T21:02:40.046-0400] {logging_mixin.py:188} INFO - [2025-06-25T21:02:40.046-0400] {dag.py:3954} INFO - Setting next_dagrun for example_branch_dop_operator_v3 to 2025-06-26 01:01:00+00:00, run_after=2025-06-26 01:02:00+00:00
[2025-06-25T21:02:40.053-0400] {processor.py:183} INFO - Processing /opt/anaconda3/envs/airflow_env/lib/python3.10/site-packages/airflow/example_dags/example_branch_python_dop_operator_3.py took 0.081 seconds
[2025-06-25T21:03:53.588-0400] {processor.py:161} INFO - Started process (PID=67927) to work on /opt/anaconda3/envs/airflow_env/lib/python3.10/site-packages/airflow/example_dags/example_branch_python_dop_operator_3.py
[2025-06-25T21:03:53.589-0400] {processor.py:830} INFO - Processing file /opt/anaconda3/envs/airflow_env/lib/python3.10/site-packages/airflow/example_dags/example_branch_python_dop_operator_3.py for tasks to queue
[2025-06-25T21:03:53.589-0400] {logging_mixin.py:188} INFO - [2025-06-25T21:03:53.589-0400] {dagbag.py:545} INFO - Filling up the DagBag from /opt/anaconda3/envs/airflow_env/lib/python3.10/site-packages/airflow/example_dags/example_branch_python_dop_operator_3.py
[2025-06-25T21:03:53.607-0400] {processor.py:840} INFO - DAG(s) 'example_branch_dop_operator_v3' retrieved from /opt/anaconda3/envs/airflow_env/lib/python3.10/site-packages/airflow/example_dags/example_branch_python_dop_operator_3.py
[2025-06-25T21:03:53.655-0400] {logging_mixin.py:188} INFO - [2025-06-25T21:03:53.655-0400] {dag.py:3096} INFO - Sync 1 DAGs
[2025-06-25T21:03:53.694-0400] {logging_mixin.py:188} INFO - [2025-06-25T21:03:53.694-0400] {dag.py:3954} INFO - Setting next_dagrun for example_branch_dop_operator_v3 to 2025-06-26 01:02:00+00:00, run_after=2025-06-26 01:03:00+00:00
[2025-06-25T21:03:53.701-0400] {processor.py:183} INFO - Processing /opt/anaconda3/envs/airflow_env/lib/python3.10/site-packages/airflow/example_dags/example_branch_python_dop_operator_3.py took 0.116 seconds
[2025-06-25T21:04:13.457-0400] {processor.py:161} INFO - Started process (PID=67968) to work on /opt/anaconda3/envs/airflow_env/lib/python3.10/site-packages/airflow/example_dags/example_branch_python_dop_operator_3.py
[2025-06-25T21:04:13.457-0400] {processor.py:830} INFO - Processing file /opt/anaconda3/envs/airflow_env/lib/python3.10/site-packages/airflow/example_dags/example_branch_python_dop_operator_3.py for tasks to queue
[2025-06-25T21:04:13.458-0400] {logging_mixin.py:188} INFO - [2025-06-25T21:04:13.458-0400] {dagbag.py:545} INFO - Filling up the DagBag from /opt/anaconda3/envs/airflow_env/lib/python3.10/site-packages/airflow/example_dags/example_branch_python_dop_operator_3.py
[2025-06-25T21:04:13.472-0400] {processor.py:840} INFO - DAG(s) 'example_branch_dop_operator_v3' retrieved from /opt/anaconda3/envs/airflow_env/lib/python3.10/site-packages/airflow/example_dags/example_branch_python_dop_operator_3.py
[2025-06-25T21:04:13.505-0400] {logging_mixin.py:188} INFO - [2025-06-25T21:04:13.505-0400] {dag.py:3096} INFO - Sync 1 DAGs
[2025-06-25T21:04:13.533-0400] {logging_mixin.py:188} INFO - [2025-06-25T21:04:13.533-0400] {dag.py:3954} INFO - Setting next_dagrun for example_branch_dop_operator_v3 to 2025-06-26 01:03:00+00:00, run_after=2025-06-26 01:04:00+00:00
[2025-06-25T21:04:13.541-0400] {processor.py:183} INFO - Processing /opt/anaconda3/envs/airflow_env/lib/python3.10/site-packages/airflow/example_dags/example_branch_python_dop_operator_3.py took 0.085 seconds
[2025-06-25T21:05:32.137-0400] {processor.py:161} INFO - Started process (PID=68105) to work on /opt/anaconda3/envs/airflow_env/lib/python3.10/site-packages/airflow/example_dags/example_branch_python_dop_operator_3.py
[2025-06-25T21:05:32.139-0400] {processor.py:830} INFO - Processing file /opt/anaconda3/envs/airflow_env/lib/python3.10/site-packages/airflow/example_dags/example_branch_python_dop_operator_3.py for tasks to queue
[2025-06-25T21:05:32.139-0400] {logging_mixin.py:188} INFO - [2025-06-25T21:05:32.139-0400] {dagbag.py:545} INFO - Filling up the DagBag from /opt/anaconda3/envs/airflow_env/lib/python3.10/site-packages/airflow/example_dags/example_branch_python_dop_operator_3.py
[2025-06-25T21:05:32.157-0400] {processor.py:840} INFO - DAG(s) 'example_branch_dop_operator_v3' retrieved from /opt/anaconda3/envs/airflow_env/lib/python3.10/site-packages/airflow/example_dags/example_branch_python_dop_operator_3.py
[2025-06-25T21:05:32.190-0400] {logging_mixin.py:188} INFO - [2025-06-25T21:05:32.190-0400] {dag.py:3096} INFO - Sync 1 DAGs
[2025-06-25T21:05:32.220-0400] {logging_mixin.py:188} INFO - [2025-06-25T21:05:32.220-0400] {dag.py:3954} INFO - Setting next_dagrun for example_branch_dop_operator_v3 to 2025-06-26 01:04:00+00:00, run_after=2025-06-26 01:05:00+00:00
[2025-06-25T21:05:32.227-0400] {processor.py:183} INFO - Processing /opt/anaconda3/envs/airflow_env/lib/python3.10/site-packages/airflow/example_dags/example_branch_python_dop_operator_3.py took 0.092 seconds
[2025-06-25T21:06:00.897-0400] {processor.py:161} INFO - Started process (PID=68142) to work on /opt/anaconda3/envs/airflow_env/lib/python3.10/site-packages/airflow/example_dags/example_branch_python_dop_operator_3.py
[2025-06-25T21:06:00.898-0400] {processor.py:830} INFO - Processing file /opt/anaconda3/envs/airflow_env/lib/python3.10/site-packages/airflow/example_dags/example_branch_python_dop_operator_3.py for tasks to queue
[2025-06-25T21:06:00.898-0400] {logging_mixin.py:188} INFO - [2025-06-25T21:06:00.898-0400] {dagbag.py:545} INFO - Filling up the DagBag from /opt/anaconda3/envs/airflow_env/lib/python3.10/site-packages/airflow/example_dags/example_branch_python_dop_operator_3.py
[2025-06-25T21:06:00.914-0400] {processor.py:840} INFO - DAG(s) 'example_branch_dop_operator_v3' retrieved from /opt/anaconda3/envs/airflow_env/lib/python3.10/site-packages/airflow/example_dags/example_branch_python_dop_operator_3.py
[2025-06-25T21:06:00.948-0400] {logging_mixin.py:188} INFO - [2025-06-25T21:06:00.948-0400] {dag.py:3096} INFO - Sync 1 DAGs
[2025-06-25T21:06:00.979-0400] {logging_mixin.py:188} INFO - [2025-06-25T21:06:00.979-0400] {dag.py:3954} INFO - Setting next_dagrun for example_branch_dop_operator_v3 to 2025-06-26 01:05:00+00:00, run_after=2025-06-26 01:06:00+00:00
[2025-06-25T21:06:00.987-0400] {processor.py:183} INFO - Processing /opt/anaconda3/envs/airflow_env/lib/python3.10/site-packages/airflow/example_dags/example_branch_python_dop_operator_3.py took 0.092 seconds
[2025-06-25T21:07:19.061-0400] {processor.py:161} INFO - Started process (PID=68270) to work on /opt/anaconda3/envs/airflow_env/lib/python3.10/site-packages/airflow/example_dags/example_branch_python_dop_operator_3.py
[2025-06-25T21:07:19.062-0400] {processor.py:830} INFO - Processing file /opt/anaconda3/envs/airflow_env/lib/python3.10/site-packages/airflow/example_dags/example_branch_python_dop_operator_3.py for tasks to queue
[2025-06-25T21:07:19.062-0400] {logging_mixin.py:188} INFO - [2025-06-25T21:07:19.062-0400] {dagbag.py:545} INFO - Filling up the DagBag from /opt/anaconda3/envs/airflow_env/lib/python3.10/site-packages/airflow/example_dags/example_branch_python_dop_operator_3.py
[2025-06-25T21:07:19.078-0400] {processor.py:840} INFO - DAG(s) 'example_branch_dop_operator_v3' retrieved from /opt/anaconda3/envs/airflow_env/lib/python3.10/site-packages/airflow/example_dags/example_branch_python_dop_operator_3.py
[2025-06-25T21:07:19.113-0400] {logging_mixin.py:188} INFO - [2025-06-25T21:07:19.113-0400] {dag.py:3096} INFO - Sync 1 DAGs
[2025-06-25T21:07:19.152-0400] {logging_mixin.py:188} INFO - [2025-06-25T21:07:19.152-0400] {dag.py:3954} INFO - Setting next_dagrun for example_branch_dop_operator_v3 to 2025-06-26 01:06:00+00:00, run_after=2025-06-26 01:07:00+00:00
[2025-06-25T21:07:19.161-0400] {processor.py:183} INFO - Processing /opt/anaconda3/envs/airflow_env/lib/python3.10/site-packages/airflow/example_dags/example_branch_python_dop_operator_3.py took 0.102 seconds
[2025-06-25T21:07:45.962-0400] {processor.py:161} INFO - Started process (PID=68317) to work on /opt/anaconda3/envs/airflow_env/lib/python3.10/site-packages/airflow/example_dags/example_branch_python_dop_operator_3.py
[2025-06-25T21:07:45.963-0400] {processor.py:830} INFO - Processing file /opt/anaconda3/envs/airflow_env/lib/python3.10/site-packages/airflow/example_dags/example_branch_python_dop_operator_3.py for tasks to queue
[2025-06-25T21:07:45.964-0400] {logging_mixin.py:188} INFO - [2025-06-25T21:07:45.963-0400] {dagbag.py:545} INFO - Filling up the DagBag from /opt/anaconda3/envs/airflow_env/lib/python3.10/site-packages/airflow/example_dags/example_branch_python_dop_operator_3.py
[2025-06-25T21:07:45.978-0400] {processor.py:840} INFO - DAG(s) 'example_branch_dop_operator_v3' retrieved from /opt/anaconda3/envs/airflow_env/lib/python3.10/site-packages/airflow/example_dags/example_branch_python_dop_operator_3.py
[2025-06-25T21:07:46.011-0400] {logging_mixin.py:188} INFO - [2025-06-25T21:07:46.011-0400] {dag.py:3096} INFO - Sync 1 DAGs
[2025-06-25T21:07:46.049-0400] {logging_mixin.py:188} INFO - [2025-06-25T21:07:46.049-0400] {dag.py:3954} INFO - Setting next_dagrun for example_branch_dop_operator_v3 to 2025-06-26 01:06:00+00:00, run_after=2025-06-26 01:07:00+00:00
[2025-06-25T21:07:46.059-0400] {processor.py:183} INFO - Processing /opt/anaconda3/envs/airflow_env/lib/python3.10/site-packages/airflow/example_dags/example_branch_python_dop_operator_3.py took 0.099 seconds
[2025-06-25T21:09:02.103-0400] {processor.py:161} INFO - Started process (PID=68429) to work on /opt/anaconda3/envs/airflow_env/lib/python3.10/site-packages/airflow/example_dags/example_branch_python_dop_operator_3.py
[2025-06-25T21:09:02.105-0400] {processor.py:830} INFO - Processing file /opt/anaconda3/envs/airflow_env/lib/python3.10/site-packages/airflow/example_dags/example_branch_python_dop_operator_3.py for tasks to queue
[2025-06-25T21:09:02.105-0400] {logging_mixin.py:188} INFO - [2025-06-25T21:09:02.105-0400] {dagbag.py:545} INFO - Filling up the DagBag from /opt/anaconda3/envs/airflow_env/lib/python3.10/site-packages/airflow/example_dags/example_branch_python_dop_operator_3.py
[2025-06-25T21:09:02.120-0400] {processor.py:840} INFO - DAG(s) 'example_branch_dop_operator_v3' retrieved from /opt/anaconda3/envs/airflow_env/lib/python3.10/site-packages/airflow/example_dags/example_branch_python_dop_operator_3.py
[2025-06-25T21:09:02.153-0400] {logging_mixin.py:188} INFO - [2025-06-25T21:09:02.153-0400] {dag.py:3096} INFO - Sync 1 DAGs
[2025-06-25T21:09:02.187-0400] {logging_mixin.py:188} INFO - [2025-06-25T21:09:02.187-0400] {dag.py:3954} INFO - Setting next_dagrun for example_branch_dop_operator_v3 to 2025-06-26 01:08:00+00:00, run_after=2025-06-26 01:09:00+00:00
[2025-06-25T21:09:02.195-0400] {processor.py:183} INFO - Processing /opt/anaconda3/envs/airflow_env/lib/python3.10/site-packages/airflow/example_dags/example_branch_python_dop_operator_3.py took 0.093 seconds
[2025-06-25T21:09:30.292-0400] {processor.py:161} INFO - Started process (PID=68479) to work on /opt/anaconda3/envs/airflow_env/lib/python3.10/site-packages/airflow/example_dags/example_branch_python_dop_operator_3.py
[2025-06-25T21:09:30.293-0400] {processor.py:830} INFO - Processing file /opt/anaconda3/envs/airflow_env/lib/python3.10/site-packages/airflow/example_dags/example_branch_python_dop_operator_3.py for tasks to queue
[2025-06-25T21:09:30.293-0400] {logging_mixin.py:188} INFO - [2025-06-25T21:09:30.293-0400] {dagbag.py:545} INFO - Filling up the DagBag from /opt/anaconda3/envs/airflow_env/lib/python3.10/site-packages/airflow/example_dags/example_branch_python_dop_operator_3.py
[2025-06-25T21:09:30.308-0400] {processor.py:840} INFO - DAG(s) 'example_branch_dop_operator_v3' retrieved from /opt/anaconda3/envs/airflow_env/lib/python3.10/site-packages/airflow/example_dags/example_branch_python_dop_operator_3.py
[2025-06-25T21:09:30.343-0400] {logging_mixin.py:188} INFO - [2025-06-25T21:09:30.343-0400] {dag.py:3096} INFO - Sync 1 DAGs
[2025-06-25T21:09:30.380-0400] {logging_mixin.py:188} INFO - [2025-06-25T21:09:30.380-0400] {dag.py:3954} INFO - Setting next_dagrun for example_branch_dop_operator_v3 to 2025-06-26 01:08:00+00:00, run_after=2025-06-26 01:09:00+00:00
[2025-06-25T21:09:30.387-0400] {processor.py:183} INFO - Processing /opt/anaconda3/envs/airflow_env/lib/python3.10/site-packages/airflow/example_dags/example_branch_python_dop_operator_3.py took 0.096 seconds
[2025-06-25T21:10:42.704-0400] {processor.py:161} INFO - Started process (PID=68627) to work on /opt/anaconda3/envs/airflow_env/lib/python3.10/site-packages/airflow/example_dags/example_branch_python_dop_operator_3.py
[2025-06-25T21:10:42.705-0400] {processor.py:830} INFO - Processing file /opt/anaconda3/envs/airflow_env/lib/python3.10/site-packages/airflow/example_dags/example_branch_python_dop_operator_3.py for tasks to queue
[2025-06-25T21:10:42.705-0400] {logging_mixin.py:188} INFO - [2025-06-25T21:10:42.705-0400] {dagbag.py:545} INFO - Filling up the DagBag from /opt/anaconda3/envs/airflow_env/lib/python3.10/site-packages/airflow/example_dags/example_branch_python_dop_operator_3.py
[2025-06-25T21:10:42.727-0400] {processor.py:840} INFO - DAG(s) 'example_branch_dop_operator_v3' retrieved from /opt/anaconda3/envs/airflow_env/lib/python3.10/site-packages/airflow/example_dags/example_branch_python_dop_operator_3.py
[2025-06-25T21:10:42.766-0400] {logging_mixin.py:188} INFO - [2025-06-25T21:10:42.766-0400] {dag.py:3096} INFO - Sync 1 DAGs
[2025-06-25T21:10:42.802-0400] {logging_mixin.py:188} INFO - [2025-06-25T21:10:42.802-0400] {dag.py:3954} INFO - Setting next_dagrun for example_branch_dop_operator_v3 to 2025-06-26 01:09:00+00:00, run_after=2025-06-26 01:10:00+00:00
[2025-06-25T21:10:42.809-0400] {processor.py:183} INFO - Processing /opt/anaconda3/envs/airflow_env/lib/python3.10/site-packages/airflow/example_dags/example_branch_python_dop_operator_3.py took 0.107 seconds
[2025-06-25T21:11:15.571-0400] {processor.py:161} INFO - Started process (PID=68722) to work on /opt/anaconda3/envs/airflow_env/lib/python3.10/site-packages/airflow/example_dags/example_branch_python_dop_operator_3.py
[2025-06-25T21:11:15.572-0400] {processor.py:830} INFO - Processing file /opt/anaconda3/envs/airflow_env/lib/python3.10/site-packages/airflow/example_dags/example_branch_python_dop_operator_3.py for tasks to queue
[2025-06-25T21:11:15.572-0400] {logging_mixin.py:188} INFO - [2025-06-25T21:11:15.572-0400] {dagbag.py:545} INFO - Filling up the DagBag from /opt/anaconda3/envs/airflow_env/lib/python3.10/site-packages/airflow/example_dags/example_branch_python_dop_operator_3.py
[2025-06-25T21:11:15.587-0400] {processor.py:840} INFO - DAG(s) 'example_branch_dop_operator_v3' retrieved from /opt/anaconda3/envs/airflow_env/lib/python3.10/site-packages/airflow/example_dags/example_branch_python_dop_operator_3.py
[2025-06-25T21:11:15.618-0400] {logging_mixin.py:188} INFO - [2025-06-25T21:11:15.618-0400] {dag.py:3096} INFO - Sync 1 DAGs
[2025-06-25T21:11:15.646-0400] {logging_mixin.py:188} INFO - [2025-06-25T21:11:15.646-0400] {dag.py:3954} INFO - Setting next_dagrun for example_branch_dop_operator_v3 to 2025-06-26 01:10:00+00:00, run_after=2025-06-26 01:11:00+00:00
[2025-06-25T21:11:15.653-0400] {processor.py:183} INFO - Processing /opt/anaconda3/envs/airflow_env/lib/python3.10/site-packages/airflow/example_dags/example_branch_python_dop_operator_3.py took 0.084 seconds
[2025-06-25T21:12:45.959-0400] {processor.py:161} INFO - Started process (PID=68906) to work on /opt/anaconda3/envs/airflow_env/lib/python3.10/site-packages/airflow/example_dags/example_branch_python_dop_operator_3.py
[2025-06-25T21:12:45.960-0400] {processor.py:830} INFO - Processing file /opt/anaconda3/envs/airflow_env/lib/python3.10/site-packages/airflow/example_dags/example_branch_python_dop_operator_3.py for tasks to queue
[2025-06-25T21:12:45.960-0400] {logging_mixin.py:188} INFO - [2025-06-25T21:12:45.960-0400] {dagbag.py:545} INFO - Filling up the DagBag from /opt/anaconda3/envs/airflow_env/lib/python3.10/site-packages/airflow/example_dags/example_branch_python_dop_operator_3.py
[2025-06-25T21:12:45.977-0400] {processor.py:840} INFO - DAG(s) 'example_branch_dop_operator_v3' retrieved from /opt/anaconda3/envs/airflow_env/lib/python3.10/site-packages/airflow/example_dags/example_branch_python_dop_operator_3.py
[2025-06-25T21:12:46.024-0400] {logging_mixin.py:188} INFO - [2025-06-25T21:12:46.024-0400] {dag.py:3096} INFO - Sync 1 DAGs
[2025-06-25T21:12:46.058-0400] {logging_mixin.py:188} INFO - [2025-06-25T21:12:46.057-0400] {dag.py:3954} INFO - Setting next_dagrun for example_branch_dop_operator_v3 to 2025-06-26 01:11:00+00:00, run_after=2025-06-26 01:12:00+00:00
[2025-06-25T21:12:46.065-0400] {processor.py:183} INFO - Processing /opt/anaconda3/envs/airflow_env/lib/python3.10/site-packages/airflow/example_dags/example_branch_python_dop_operator_3.py took 0.110 seconds
[2025-06-25T21:13:08.909-0400] {processor.py:161} INFO - Started process (PID=68936) to work on /opt/anaconda3/envs/airflow_env/lib/python3.10/site-packages/airflow/example_dags/example_branch_python_dop_operator_3.py
[2025-06-25T21:13:08.909-0400] {processor.py:830} INFO - Processing file /opt/anaconda3/envs/airflow_env/lib/python3.10/site-packages/airflow/example_dags/example_branch_python_dop_operator_3.py for tasks to queue
[2025-06-25T21:13:08.910-0400] {logging_mixin.py:188} INFO - [2025-06-25T21:13:08.910-0400] {dagbag.py:545} INFO - Filling up the DagBag from /opt/anaconda3/envs/airflow_env/lib/python3.10/site-packages/airflow/example_dags/example_branch_python_dop_operator_3.py
[2025-06-25T21:13:08.930-0400] {processor.py:840} INFO - DAG(s) 'example_branch_dop_operator_v3' retrieved from /opt/anaconda3/envs/airflow_env/lib/python3.10/site-packages/airflow/example_dags/example_branch_python_dop_operator_3.py
[2025-06-25T21:13:08.973-0400] {logging_mixin.py:188} INFO - [2025-06-25T21:13:08.973-0400] {dag.py:3096} INFO - Sync 1 DAGs
[2025-06-25T21:13:09.020-0400] {logging_mixin.py:188} INFO - [2025-06-25T21:13:09.019-0400] {dag.py:3954} INFO - Setting next_dagrun for example_branch_dop_operator_v3 to 2025-06-26 01:12:00+00:00, run_after=2025-06-26 01:13:00+00:00
[2025-06-25T21:13:09.044-0400] {processor.py:183} INFO - Processing /opt/anaconda3/envs/airflow_env/lib/python3.10/site-packages/airflow/example_dags/example_branch_python_dop_operator_3.py took 0.138 seconds
[2025-06-25T21:14:43.987-0400] {processor.py:161} INFO - Started process (PID=69112) to work on /opt/anaconda3/envs/airflow_env/lib/python3.10/site-packages/airflow/example_dags/example_branch_python_dop_operator_3.py
[2025-06-25T21:14:43.988-0400] {processor.py:830} INFO - Processing file /opt/anaconda3/envs/airflow_env/lib/python3.10/site-packages/airflow/example_dags/example_branch_python_dop_operator_3.py for tasks to queue
[2025-06-25T21:14:43.988-0400] {logging_mixin.py:188} INFO - [2025-06-25T21:14:43.988-0400] {dagbag.py:545} INFO - Filling up the DagBag from /opt/anaconda3/envs/airflow_env/lib/python3.10/site-packages/airflow/example_dags/example_branch_python_dop_operator_3.py
[2025-06-25T21:14:44.011-0400] {processor.py:840} INFO - DAG(s) 'example_branch_dop_operator_v3' retrieved from /opt/anaconda3/envs/airflow_env/lib/python3.10/site-packages/airflow/example_dags/example_branch_python_dop_operator_3.py
[2025-06-25T21:14:44.066-0400] {logging_mixin.py:188} INFO - [2025-06-25T21:14:44.065-0400] {dag.py:3096} INFO - Sync 1 DAGs
[2025-06-25T21:14:44.115-0400] {logging_mixin.py:188} INFO - [2025-06-25T21:14:44.114-0400] {dag.py:3954} INFO - Setting next_dagrun for example_branch_dop_operator_v3 to 2025-06-26 01:13:00+00:00, run_after=2025-06-26 01:14:00+00:00
[2025-06-25T21:14:44.122-0400] {processor.py:183} INFO - Processing /opt/anaconda3/envs/airflow_env/lib/python3.10/site-packages/airflow/example_dags/example_branch_python_dop_operator_3.py took 0.138 seconds
[2025-06-25T21:15:05.038-0400] {processor.py:161} INFO - Started process (PID=69148) to work on /opt/anaconda3/envs/airflow_env/lib/python3.10/site-packages/airflow/example_dags/example_branch_python_dop_operator_3.py
[2025-06-25T21:15:05.039-0400] {processor.py:830} INFO - Processing file /opt/anaconda3/envs/airflow_env/lib/python3.10/site-packages/airflow/example_dags/example_branch_python_dop_operator_3.py for tasks to queue
[2025-06-25T21:15:05.040-0400] {logging_mixin.py:188} INFO - [2025-06-25T21:15:05.040-0400] {dagbag.py:545} INFO - Filling up the DagBag from /opt/anaconda3/envs/airflow_env/lib/python3.10/site-packages/airflow/example_dags/example_branch_python_dop_operator_3.py
[2025-06-25T21:15:05.057-0400] {processor.py:840} INFO - DAG(s) 'example_branch_dop_operator_v3' retrieved from /opt/anaconda3/envs/airflow_env/lib/python3.10/site-packages/airflow/example_dags/example_branch_python_dop_operator_3.py
[2025-06-25T21:15:05.094-0400] {logging_mixin.py:188} INFO - [2025-06-25T21:15:05.094-0400] {dag.py:3096} INFO - Sync 1 DAGs
[2025-06-25T21:15:05.125-0400] {logging_mixin.py:188} INFO - [2025-06-25T21:15:05.125-0400] {dag.py:3954} INFO - Setting next_dagrun for example_branch_dop_operator_v3 to 2025-06-26 01:14:00+00:00, run_after=2025-06-26 01:15:00+00:00
[2025-06-25T21:15:05.132-0400] {processor.py:183} INFO - Processing /opt/anaconda3/envs/airflow_env/lib/python3.10/site-packages/airflow/example_dags/example_branch_python_dop_operator_3.py took 0.096 seconds
[2025-06-25T21:16:23.439-0400] {processor.py:161} INFO - Started process (PID=69275) to work on /opt/anaconda3/envs/airflow_env/lib/python3.10/site-packages/airflow/example_dags/example_branch_python_dop_operator_3.py
[2025-06-25T21:16:23.441-0400] {processor.py:830} INFO - Processing file /opt/anaconda3/envs/airflow_env/lib/python3.10/site-packages/airflow/example_dags/example_branch_python_dop_operator_3.py for tasks to queue
[2025-06-25T21:16:23.441-0400] {logging_mixin.py:188} INFO - [2025-06-25T21:16:23.441-0400] {dagbag.py:545} INFO - Filling up the DagBag from /opt/anaconda3/envs/airflow_env/lib/python3.10/site-packages/airflow/example_dags/example_branch_python_dop_operator_3.py
[2025-06-25T21:16:23.455-0400] {processor.py:840} INFO - DAG(s) 'example_branch_dop_operator_v3' retrieved from /opt/anaconda3/envs/airflow_env/lib/python3.10/site-packages/airflow/example_dags/example_branch_python_dop_operator_3.py
[2025-06-25T21:16:23.486-0400] {logging_mixin.py:188} INFO - [2025-06-25T21:16:23.486-0400] {dag.py:3096} INFO - Sync 1 DAGs
[2025-06-25T21:16:23.514-0400] {logging_mixin.py:188} INFO - [2025-06-25T21:16:23.514-0400] {dag.py:3954} INFO - Setting next_dagrun for example_branch_dop_operator_v3 to 2025-06-26 01:15:00+00:00, run_after=2025-06-26 01:16:00+00:00
[2025-06-25T21:16:23.521-0400] {processor.py:183} INFO - Processing /opt/anaconda3/envs/airflow_env/lib/python3.10/site-packages/airflow/example_dags/example_branch_python_dop_operator_3.py took 0.083 seconds
[2025-06-25T21:16:55.905-0400] {processor.py:161} INFO - Started process (PID=69331) to work on /opt/anaconda3/envs/airflow_env/lib/python3.10/site-packages/airflow/example_dags/example_branch_python_dop_operator_3.py
[2025-06-25T21:16:55.907-0400] {processor.py:830} INFO - Processing file /opt/anaconda3/envs/airflow_env/lib/python3.10/site-packages/airflow/example_dags/example_branch_python_dop_operator_3.py for tasks to queue
[2025-06-25T21:16:55.907-0400] {logging_mixin.py:188} INFO - [2025-06-25T21:16:55.907-0400] {dagbag.py:545} INFO - Filling up the DagBag from /opt/anaconda3/envs/airflow_env/lib/python3.10/site-packages/airflow/example_dags/example_branch_python_dop_operator_3.py
[2025-06-25T21:16:55.936-0400] {processor.py:840} INFO - DAG(s) 'example_branch_dop_operator_v3' retrieved from /opt/anaconda3/envs/airflow_env/lib/python3.10/site-packages/airflow/example_dags/example_branch_python_dop_operator_3.py
[2025-06-25T21:16:56.003-0400] {logging_mixin.py:188} INFO - [2025-06-25T21:16:56.003-0400] {dag.py:3096} INFO - Sync 1 DAGs
[2025-06-25T21:16:56.048-0400] {logging_mixin.py:188} INFO - [2025-06-25T21:16:56.048-0400] {dag.py:3954} INFO - Setting next_dagrun for example_branch_dop_operator_v3 to 2025-06-26 01:15:00+00:00, run_after=2025-06-26 01:16:00+00:00
[2025-06-25T21:16:56.061-0400] {processor.py:183} INFO - Processing /opt/anaconda3/envs/airflow_env/lib/python3.10/site-packages/airflow/example_dags/example_branch_python_dop_operator_3.py took 0.159 seconds
[2025-06-25T21:20:14.580-0400] {processor.py:161} INFO - Started process (PID=69553) to work on /opt/anaconda3/envs/airflow_env/lib/python3.10/site-packages/airflow/example_dags/example_branch_python_dop_operator_3.py
[2025-06-25T21:20:14.580-0400] {processor.py:830} INFO - Processing file /opt/anaconda3/envs/airflow_env/lib/python3.10/site-packages/airflow/example_dags/example_branch_python_dop_operator_3.py for tasks to queue
[2025-06-25T21:20:14.581-0400] {logging_mixin.py:188} INFO - [2025-06-25T21:20:14.581-0400] {dagbag.py:545} INFO - Filling up the DagBag from /opt/anaconda3/envs/airflow_env/lib/python3.10/site-packages/airflow/example_dags/example_branch_python_dop_operator_3.py
[2025-06-25T21:20:14.596-0400] {processor.py:840} INFO - DAG(s) 'example_branch_dop_operator_v3' retrieved from /opt/anaconda3/envs/airflow_env/lib/python3.10/site-packages/airflow/example_dags/example_branch_python_dop_operator_3.py
[2025-06-25T21:20:14.632-0400] {logging_mixin.py:188} INFO - [2025-06-25T21:20:14.632-0400] {dag.py:3096} INFO - Sync 1 DAGs
[2025-06-25T21:20:14.672-0400] {logging_mixin.py:188} INFO - [2025-06-25T21:20:14.672-0400] {dag.py:3954} INFO - Setting next_dagrun for example_branch_dop_operator_v3 to 2025-06-26 01:19:00+00:00, run_after=2025-06-26 01:20:00+00:00
[2025-06-25T21:20:14.683-0400] {processor.py:183} INFO - Processing /opt/anaconda3/envs/airflow_env/lib/python3.10/site-packages/airflow/example_dags/example_branch_python_dop_operator_3.py took 0.106 seconds
[2025-06-25T21:20:24.052-0400] {processor.py:161} INFO - Started process (PID=69565) to work on /opt/anaconda3/envs/airflow_env/lib/python3.10/site-packages/airflow/example_dags/example_branch_python_dop_operator_3.py
[2025-06-25T21:20:24.052-0400] {processor.py:830} INFO - Processing file /opt/anaconda3/envs/airflow_env/lib/python3.10/site-packages/airflow/example_dags/example_branch_python_dop_operator_3.py for tasks to queue
[2025-06-25T21:20:24.053-0400] {logging_mixin.py:188} INFO - [2025-06-25T21:20:24.052-0400] {dagbag.py:545} INFO - Filling up the DagBag from /opt/anaconda3/envs/airflow_env/lib/python3.10/site-packages/airflow/example_dags/example_branch_python_dop_operator_3.py
[2025-06-25T21:20:24.072-0400] {processor.py:840} INFO - DAG(s) 'example_branch_dop_operator_v3' retrieved from /opt/anaconda3/envs/airflow_env/lib/python3.10/site-packages/airflow/example_dags/example_branch_python_dop_operator_3.py
[2025-06-25T21:20:24.108-0400] {logging_mixin.py:188} INFO - [2025-06-25T21:20:24.108-0400] {dag.py:3096} INFO - Sync 1 DAGs
[2025-06-25T21:20:24.147-0400] {logging_mixin.py:188} INFO - [2025-06-25T21:20:24.147-0400] {dag.py:3954} INFO - Setting next_dagrun for example_branch_dop_operator_v3 to 2025-06-26 01:19:00+00:00, run_after=2025-06-26 01:20:00+00:00
[2025-06-25T21:20:24.154-0400] {processor.py:183} INFO - Processing /opt/anaconda3/envs/airflow_env/lib/python3.10/site-packages/airflow/example_dags/example_branch_python_dop_operator_3.py took 0.105 seconds
[2025-06-25T21:22:09.476-0400] {processor.py:161} INFO - Started process (PID=69721) to work on /opt/anaconda3/envs/airflow_env/lib/python3.10/site-packages/airflow/example_dags/example_branch_python_dop_operator_3.py
[2025-06-25T21:22:09.477-0400] {processor.py:830} INFO - Processing file /opt/anaconda3/envs/airflow_env/lib/python3.10/site-packages/airflow/example_dags/example_branch_python_dop_operator_3.py for tasks to queue
[2025-06-25T21:22:09.477-0400] {logging_mixin.py:188} INFO - [2025-06-25T21:22:09.477-0400] {dagbag.py:545} INFO - Filling up the DagBag from /opt/anaconda3/envs/airflow_env/lib/python3.10/site-packages/airflow/example_dags/example_branch_python_dop_operator_3.py
[2025-06-25T21:22:09.496-0400] {processor.py:840} INFO - DAG(s) 'example_branch_dop_operator_v3' retrieved from /opt/anaconda3/envs/airflow_env/lib/python3.10/site-packages/airflow/example_dags/example_branch_python_dop_operator_3.py
[2025-06-25T21:22:09.535-0400] {logging_mixin.py:188} INFO - [2025-06-25T21:22:09.535-0400] {dag.py:3096} INFO - Sync 1 DAGs
[2025-06-25T21:22:09.591-0400] {logging_mixin.py:188} INFO - [2025-06-25T21:22:09.591-0400] {dag.py:3954} INFO - Setting next_dagrun for example_branch_dop_operator_v3 to 2025-06-26 01:21:00+00:00, run_after=2025-06-26 01:22:00+00:00
[2025-06-25T21:22:09.598-0400] {processor.py:183} INFO - Processing /opt/anaconda3/envs/airflow_env/lib/python3.10/site-packages/airflow/example_dags/example_branch_python_dop_operator_3.py took 0.125 seconds
[2025-06-25T21:22:25.668-0400] {processor.py:161} INFO - Started process (PID=69739) to work on /opt/anaconda3/envs/airflow_env/lib/python3.10/site-packages/airflow/example_dags/example_branch_python_dop_operator_3.py
[2025-06-25T21:22:25.669-0400] {processor.py:830} INFO - Processing file /opt/anaconda3/envs/airflow_env/lib/python3.10/site-packages/airflow/example_dags/example_branch_python_dop_operator_3.py for tasks to queue
[2025-06-25T21:22:25.669-0400] {logging_mixin.py:188} INFO - [2025-06-25T21:22:25.669-0400] {dagbag.py:545} INFO - Filling up the DagBag from /opt/anaconda3/envs/airflow_env/lib/python3.10/site-packages/airflow/example_dags/example_branch_python_dop_operator_3.py
[2025-06-25T21:22:25.687-0400] {processor.py:840} INFO - DAG(s) 'example_branch_dop_operator_v3' retrieved from /opt/anaconda3/envs/airflow_env/lib/python3.10/site-packages/airflow/example_dags/example_branch_python_dop_operator_3.py
[2025-06-25T21:22:25.726-0400] {logging_mixin.py:188} INFO - [2025-06-25T21:22:25.726-0400] {dag.py:3096} INFO - Sync 1 DAGs
[2025-06-25T21:22:25.768-0400] {logging_mixin.py:188} INFO - [2025-06-25T21:22:25.767-0400] {dag.py:3954} INFO - Setting next_dagrun for example_branch_dop_operator_v3 to 2025-06-26 01:21:00+00:00, run_after=2025-06-26 01:22:00+00:00
[2025-06-25T21:22:25.776-0400] {processor.py:183} INFO - Processing /opt/anaconda3/envs/airflow_env/lib/python3.10/site-packages/airflow/example_dags/example_branch_python_dop_operator_3.py took 0.111 seconds
[2025-06-25T21:24:10.542-0400] {processor.py:161} INFO - Started process (PID=69917) to work on /opt/anaconda3/envs/airflow_env/lib/python3.10/site-packages/airflow/example_dags/example_branch_python_dop_operator_3.py
[2025-06-25T21:24:10.543-0400] {processor.py:830} INFO - Processing file /opt/anaconda3/envs/airflow_env/lib/python3.10/site-packages/airflow/example_dags/example_branch_python_dop_operator_3.py for tasks to queue
[2025-06-25T21:24:10.543-0400] {logging_mixin.py:188} INFO - [2025-06-25T21:24:10.543-0400] {dagbag.py:545} INFO - Filling up the DagBag from /opt/anaconda3/envs/airflow_env/lib/python3.10/site-packages/airflow/example_dags/example_branch_python_dop_operator_3.py
[2025-06-25T21:24:10.558-0400] {processor.py:840} INFO - DAG(s) 'example_branch_dop_operator_v3' retrieved from /opt/anaconda3/envs/airflow_env/lib/python3.10/site-packages/airflow/example_dags/example_branch_python_dop_operator_3.py
[2025-06-25T21:24:10.591-0400] {logging_mixin.py:188} INFO - [2025-06-25T21:24:10.591-0400] {dag.py:3096} INFO - Sync 1 DAGs
[2025-06-25T21:24:10.619-0400] {logging_mixin.py:188} INFO - [2025-06-25T21:24:10.619-0400] {dag.py:3954} INFO - Setting next_dagrun for example_branch_dop_operator_v3 to 2025-06-26 01:23:00+00:00, run_after=2025-06-26 01:24:00+00:00
[2025-06-25T21:24:10.626-0400] {processor.py:183} INFO - Processing /opt/anaconda3/envs/airflow_env/lib/python3.10/site-packages/airflow/example_dags/example_branch_python_dop_operator_3.py took 0.086 seconds
[2025-06-25T21:24:25.357-0400] {processor.py:161} INFO - Started process (PID=69934) to work on /opt/anaconda3/envs/airflow_env/lib/python3.10/site-packages/airflow/example_dags/example_branch_python_dop_operator_3.py
[2025-06-25T21:24:25.358-0400] {processor.py:830} INFO - Processing file /opt/anaconda3/envs/airflow_env/lib/python3.10/site-packages/airflow/example_dags/example_branch_python_dop_operator_3.py for tasks to queue
[2025-06-25T21:24:25.358-0400] {logging_mixin.py:188} INFO - [2025-06-25T21:24:25.358-0400] {dagbag.py:545} INFO - Filling up the DagBag from /opt/anaconda3/envs/airflow_env/lib/python3.10/site-packages/airflow/example_dags/example_branch_python_dop_operator_3.py
[2025-06-25T21:24:25.379-0400] {processor.py:840} INFO - DAG(s) 'example_branch_dop_operator_v3' retrieved from /opt/anaconda3/envs/airflow_env/lib/python3.10/site-packages/airflow/example_dags/example_branch_python_dop_operator_3.py
[2025-06-25T21:24:25.433-0400] {logging_mixin.py:188} INFO - [2025-06-25T21:24:25.432-0400] {dag.py:3096} INFO - Sync 1 DAGs
[2025-06-25T21:24:25.480-0400] {logging_mixin.py:188} INFO - [2025-06-25T21:24:25.480-0400] {dag.py:3954} INFO - Setting next_dagrun for example_branch_dop_operator_v3 to 2025-06-26 01:23:00+00:00, run_after=2025-06-26 01:24:00+00:00
[2025-06-25T21:24:25.490-0400] {processor.py:183} INFO - Processing /opt/anaconda3/envs/airflow_env/lib/python3.10/site-packages/airflow/example_dags/example_branch_python_dop_operator_3.py took 0.135 seconds
[2025-06-25T21:26:06.361-0400] {processor.py:161} INFO - Started process (PID=70100) to work on /opt/anaconda3/envs/airflow_env/lib/python3.10/site-packages/airflow/example_dags/example_branch_python_dop_operator_3.py
[2025-06-25T21:26:06.362-0400] {processor.py:830} INFO - Processing file /opt/anaconda3/envs/airflow_env/lib/python3.10/site-packages/airflow/example_dags/example_branch_python_dop_operator_3.py for tasks to queue
[2025-06-25T21:26:06.363-0400] {logging_mixin.py:188} INFO - [2025-06-25T21:26:06.363-0400] {dagbag.py:545} INFO - Filling up the DagBag from /opt/anaconda3/envs/airflow_env/lib/python3.10/site-packages/airflow/example_dags/example_branch_python_dop_operator_3.py
[2025-06-25T21:26:06.377-0400] {processor.py:840} INFO - DAG(s) 'example_branch_dop_operator_v3' retrieved from /opt/anaconda3/envs/airflow_env/lib/python3.10/site-packages/airflow/example_dags/example_branch_python_dop_operator_3.py
[2025-06-25T21:26:06.409-0400] {logging_mixin.py:188} INFO - [2025-06-25T21:26:06.409-0400] {dag.py:3096} INFO - Sync 1 DAGs
[2025-06-25T21:26:06.435-0400] {logging_mixin.py:188} INFO - [2025-06-25T21:26:06.435-0400] {dag.py:3954} INFO - Setting next_dagrun for example_branch_dop_operator_v3 to 2025-06-26 01:25:00+00:00, run_after=2025-06-26 01:26:00+00:00
[2025-06-25T21:26:06.442-0400] {processor.py:183} INFO - Processing /opt/anaconda3/envs/airflow_env/lib/python3.10/site-packages/airflow/example_dags/example_branch_python_dop_operator_3.py took 0.083 seconds
[2025-06-25T21:26:23.407-0400] {processor.py:161} INFO - Started process (PID=70122) to work on /opt/anaconda3/envs/airflow_env/lib/python3.10/site-packages/airflow/example_dags/example_branch_python_dop_operator_3.py
[2025-06-25T21:26:23.408-0400] {processor.py:830} INFO - Processing file /opt/anaconda3/envs/airflow_env/lib/python3.10/site-packages/airflow/example_dags/example_branch_python_dop_operator_3.py for tasks to queue
[2025-06-25T21:26:23.409-0400] {logging_mixin.py:188} INFO - [2025-06-25T21:26:23.408-0400] {dagbag.py:545} INFO - Filling up the DagBag from /opt/anaconda3/envs/airflow_env/lib/python3.10/site-packages/airflow/example_dags/example_branch_python_dop_operator_3.py
[2025-06-25T21:26:23.425-0400] {processor.py:840} INFO - DAG(s) 'example_branch_dop_operator_v3' retrieved from /opt/anaconda3/envs/airflow_env/lib/python3.10/site-packages/airflow/example_dags/example_branch_python_dop_operator_3.py
[2025-06-25T21:26:23.460-0400] {logging_mixin.py:188} INFO - [2025-06-25T21:26:23.460-0400] {dag.py:3096} INFO - Sync 1 DAGs
[2025-06-25T21:26:23.494-0400] {logging_mixin.py:188} INFO - [2025-06-25T21:26:23.494-0400] {dag.py:3954} INFO - Setting next_dagrun for example_branch_dop_operator_v3 to 2025-06-26 01:25:00+00:00, run_after=2025-06-26 01:26:00+00:00
[2025-06-25T21:26:23.502-0400] {processor.py:183} INFO - Processing /opt/anaconda3/envs/airflow_env/lib/python3.10/site-packages/airflow/example_dags/example_branch_python_dop_operator_3.py took 0.097 seconds
[2025-06-25T21:28:03.039-0400] {processor.py:161} INFO - Started process (PID=70283) to work on /opt/anaconda3/envs/airflow_env/lib/python3.10/site-packages/airflow/example_dags/example_branch_python_dop_operator_3.py
[2025-06-25T21:28:03.041-0400] {processor.py:830} INFO - Processing file /opt/anaconda3/envs/airflow_env/lib/python3.10/site-packages/airflow/example_dags/example_branch_python_dop_operator_3.py for tasks to queue
[2025-06-25T21:28:03.041-0400] {logging_mixin.py:188} INFO - [2025-06-25T21:28:03.041-0400] {dagbag.py:545} INFO - Filling up the DagBag from /opt/anaconda3/envs/airflow_env/lib/python3.10/site-packages/airflow/example_dags/example_branch_python_dop_operator_3.py
[2025-06-25T21:28:03.058-0400] {processor.py:840} INFO - DAG(s) 'example_branch_dop_operator_v3' retrieved from /opt/anaconda3/envs/airflow_env/lib/python3.10/site-packages/airflow/example_dags/example_branch_python_dop_operator_3.py
[2025-06-25T21:28:03.097-0400] {logging_mixin.py:188} INFO - [2025-06-25T21:28:03.097-0400] {dag.py:3096} INFO - Sync 1 DAGs
[2025-06-25T21:28:03.134-0400] {logging_mixin.py:188} INFO - [2025-06-25T21:28:03.134-0400] {dag.py:3954} INFO - Setting next_dagrun for example_branch_dop_operator_v3 to 2025-06-26 01:27:00+00:00, run_after=2025-06-26 01:28:00+00:00
[2025-06-25T21:28:03.142-0400] {processor.py:183} INFO - Processing /opt/anaconda3/envs/airflow_env/lib/python3.10/site-packages/airflow/example_dags/example_branch_python_dop_operator_3.py took 0.105 seconds
[2025-06-25T21:28:26.869-0400] {processor.py:161} INFO - Started process (PID=70331) to work on /opt/anaconda3/envs/airflow_env/lib/python3.10/site-packages/airflow/example_dags/example_branch_python_dop_operator_3.py
[2025-06-25T21:28:26.870-0400] {processor.py:830} INFO - Processing file /opt/anaconda3/envs/airflow_env/lib/python3.10/site-packages/airflow/example_dags/example_branch_python_dop_operator_3.py for tasks to queue
[2025-06-25T21:28:26.870-0400] {logging_mixin.py:188} INFO - [2025-06-25T21:28:26.870-0400] {dagbag.py:545} INFO - Filling up the DagBag from /opt/anaconda3/envs/airflow_env/lib/python3.10/site-packages/airflow/example_dags/example_branch_python_dop_operator_3.py
[2025-06-25T21:28:26.891-0400] {processor.py:840} INFO - DAG(s) 'example_branch_dop_operator_v3' retrieved from /opt/anaconda3/envs/airflow_env/lib/python3.10/site-packages/airflow/example_dags/example_branch_python_dop_operator_3.py
[2025-06-25T21:28:26.929-0400] {logging_mixin.py:188} INFO - [2025-06-25T21:28:26.929-0400] {dag.py:3096} INFO - Sync 1 DAGs
[2025-06-25T21:28:26.963-0400] {logging_mixin.py:188} INFO - [2025-06-25T21:28:26.963-0400] {dag.py:3954} INFO - Setting next_dagrun for example_branch_dop_operator_v3 to 2025-06-26 01:27:00+00:00, run_after=2025-06-26 01:28:00+00:00
[2025-06-25T21:28:26.970-0400] {processor.py:183} INFO - Processing /opt/anaconda3/envs/airflow_env/lib/python3.10/site-packages/airflow/example_dags/example_branch_python_dop_operator_3.py took 0.104 seconds
[2025-06-25T21:30:05.020-0400] {processor.py:161} INFO - Started process (PID=70477) to work on /opt/anaconda3/envs/airflow_env/lib/python3.10/site-packages/airflow/example_dags/example_branch_python_dop_operator_3.py
[2025-06-25T21:30:05.021-0400] {processor.py:830} INFO - Processing file /opt/anaconda3/envs/airflow_env/lib/python3.10/site-packages/airflow/example_dags/example_branch_python_dop_operator_3.py for tasks to queue
[2025-06-25T21:30:05.021-0400] {logging_mixin.py:188} INFO - [2025-06-25T21:30:05.021-0400] {dagbag.py:545} INFO - Filling up the DagBag from /opt/anaconda3/envs/airflow_env/lib/python3.10/site-packages/airflow/example_dags/example_branch_python_dop_operator_3.py
[2025-06-25T21:30:05.035-0400] {processor.py:840} INFO - DAG(s) 'example_branch_dop_operator_v3' retrieved from /opt/anaconda3/envs/airflow_env/lib/python3.10/site-packages/airflow/example_dags/example_branch_python_dop_operator_3.py
[2025-06-25T21:30:05.069-0400] {logging_mixin.py:188} INFO - [2025-06-25T21:30:05.069-0400] {dag.py:3096} INFO - Sync 1 DAGs
[2025-06-25T21:30:05.102-0400] {logging_mixin.py:188} INFO - [2025-06-25T21:30:05.102-0400] {dag.py:3954} INFO - Setting next_dagrun for example_branch_dop_operator_v3 to 2025-06-26 01:29:00+00:00, run_after=2025-06-26 01:30:00+00:00
[2025-06-25T21:30:05.110-0400] {processor.py:183} INFO - Processing /opt/anaconda3/envs/airflow_env/lib/python3.10/site-packages/airflow/example_dags/example_branch_python_dop_operator_3.py took 0.092 seconds
[2025-06-25T21:30:21.912-0400] {processor.py:161} INFO - Started process (PID=70504) to work on /opt/anaconda3/envs/airflow_env/lib/python3.10/site-packages/airflow/example_dags/example_branch_python_dop_operator_3.py
[2025-06-25T21:30:21.913-0400] {processor.py:830} INFO - Processing file /opt/anaconda3/envs/airflow_env/lib/python3.10/site-packages/airflow/example_dags/example_branch_python_dop_operator_3.py for tasks to queue
[2025-06-25T21:30:21.914-0400] {logging_mixin.py:188} INFO - [2025-06-25T21:30:21.914-0400] {dagbag.py:545} INFO - Filling up the DagBag from /opt/anaconda3/envs/airflow_env/lib/python3.10/site-packages/airflow/example_dags/example_branch_python_dop_operator_3.py
[2025-06-25T21:30:21.929-0400] {processor.py:840} INFO - DAG(s) 'example_branch_dop_operator_v3' retrieved from /opt/anaconda3/envs/airflow_env/lib/python3.10/site-packages/airflow/example_dags/example_branch_python_dop_operator_3.py
[2025-06-25T21:30:21.964-0400] {logging_mixin.py:188} INFO - [2025-06-25T21:30:21.964-0400] {dag.py:3096} INFO - Sync 1 DAGs
[2025-06-25T21:30:21.996-0400] {logging_mixin.py:188} INFO - [2025-06-25T21:30:21.996-0400] {dag.py:3954} INFO - Setting next_dagrun for example_branch_dop_operator_v3 to 2025-06-26 01:29:00+00:00, run_after=2025-06-26 01:30:00+00:00
[2025-06-25T21:30:22.003-0400] {processor.py:183} INFO - Processing /opt/anaconda3/envs/airflow_env/lib/python3.10/site-packages/airflow/example_dags/example_branch_python_dop_operator_3.py took 0.093 seconds
[2025-06-25T21:32:01.087-0400] {processor.py:161} INFO - Started process (PID=70659) to work on /opt/anaconda3/envs/airflow_env/lib/python3.10/site-packages/airflow/example_dags/example_branch_python_dop_operator_3.py
[2025-06-25T21:32:01.087-0400] {processor.py:830} INFO - Processing file /opt/anaconda3/envs/airflow_env/lib/python3.10/site-packages/airflow/example_dags/example_branch_python_dop_operator_3.py for tasks to queue
[2025-06-25T21:32:01.088-0400] {logging_mixin.py:188} INFO - [2025-06-25T21:32:01.087-0400] {dagbag.py:545} INFO - Filling up the DagBag from /opt/anaconda3/envs/airflow_env/lib/python3.10/site-packages/airflow/example_dags/example_branch_python_dop_operator_3.py
[2025-06-25T21:32:01.105-0400] {processor.py:840} INFO - DAG(s) 'example_branch_dop_operator_v3' retrieved from /opt/anaconda3/envs/airflow_env/lib/python3.10/site-packages/airflow/example_dags/example_branch_python_dop_operator_3.py
[2025-06-25T21:32:01.144-0400] {logging_mixin.py:188} INFO - [2025-06-25T21:32:01.144-0400] {dag.py:3096} INFO - Sync 1 DAGs
[2025-06-25T21:32:01.181-0400] {logging_mixin.py:188} INFO - [2025-06-25T21:32:01.181-0400] {dag.py:3954} INFO - Setting next_dagrun for example_branch_dop_operator_v3 to 2025-06-26 01:31:00+00:00, run_after=2025-06-26 01:32:00+00:00
[2025-06-25T21:32:01.190-0400] {processor.py:183} INFO - Processing /opt/anaconda3/envs/airflow_env/lib/python3.10/site-packages/airflow/example_dags/example_branch_python_dop_operator_3.py took 0.106 seconds
[2025-06-25T21:32:15.810-0400] {processor.py:161} INFO - Started process (PID=70684) to work on /opt/anaconda3/envs/airflow_env/lib/python3.10/site-packages/airflow/example_dags/example_branch_python_dop_operator_3.py
[2025-06-25T21:32:15.811-0400] {processor.py:830} INFO - Processing file /opt/anaconda3/envs/airflow_env/lib/python3.10/site-packages/airflow/example_dags/example_branch_python_dop_operator_3.py for tasks to queue
[2025-06-25T21:32:15.811-0400] {logging_mixin.py:188} INFO - [2025-06-25T21:32:15.811-0400] {dagbag.py:545} INFO - Filling up the DagBag from /opt/anaconda3/envs/airflow_env/lib/python3.10/site-packages/airflow/example_dags/example_branch_python_dop_operator_3.py
[2025-06-25T21:32:15.828-0400] {processor.py:840} INFO - DAG(s) 'example_branch_dop_operator_v3' retrieved from /opt/anaconda3/envs/airflow_env/lib/python3.10/site-packages/airflow/example_dags/example_branch_python_dop_operator_3.py
[2025-06-25T21:32:15.867-0400] {logging_mixin.py:188} INFO - [2025-06-25T21:32:15.866-0400] {dag.py:3096} INFO - Sync 1 DAGs
[2025-06-25T21:32:15.904-0400] {logging_mixin.py:188} INFO - [2025-06-25T21:32:15.904-0400] {dag.py:3954} INFO - Setting next_dagrun for example_branch_dop_operator_v3 to 2025-06-26 01:31:00+00:00, run_after=2025-06-26 01:32:00+00:00
[2025-06-25T21:32:15.917-0400] {processor.py:183} INFO - Processing /opt/anaconda3/envs/airflow_env/lib/python3.10/site-packages/airflow/example_dags/example_branch_python_dop_operator_3.py took 0.109 seconds
[2025-06-25T21:33:51.924-0400] {processor.py:161} INFO - Started process (PID=70820) to work on /opt/anaconda3/envs/airflow_env/lib/python3.10/site-packages/airflow/example_dags/example_branch_python_dop_operator_3.py
[2025-06-25T21:33:51.925-0400] {processor.py:830} INFO - Processing file /opt/anaconda3/envs/airflow_env/lib/python3.10/site-packages/airflow/example_dags/example_branch_python_dop_operator_3.py for tasks to queue
[2025-06-25T21:33:51.926-0400] {logging_mixin.py:188} INFO - [2025-06-25T21:33:51.926-0400] {dagbag.py:545} INFO - Filling up the DagBag from /opt/anaconda3/envs/airflow_env/lib/python3.10/site-packages/airflow/example_dags/example_branch_python_dop_operator_3.py
[2025-06-25T21:33:51.939-0400] {processor.py:840} INFO - DAG(s) 'example_branch_dop_operator_v3' retrieved from /opt/anaconda3/envs/airflow_env/lib/python3.10/site-packages/airflow/example_dags/example_branch_python_dop_operator_3.py
[2025-06-25T21:33:51.970-0400] {logging_mixin.py:188} INFO - [2025-06-25T21:33:51.970-0400] {dag.py:3096} INFO - Sync 1 DAGs
[2025-06-25T21:33:51.995-0400] {logging_mixin.py:188} INFO - [2025-06-25T21:33:51.995-0400] {dag.py:3954} INFO - Setting next_dagrun for example_branch_dop_operator_v3 to 2025-06-26 01:32:00+00:00, run_after=2025-06-26 01:33:00+00:00
[2025-06-25T21:33:52.002-0400] {processor.py:183} INFO - Processing /opt/anaconda3/envs/airflow_env/lib/python3.10/site-packages/airflow/example_dags/example_branch_python_dop_operator_3.py took 0.079 seconds
[2025-06-25T21:34:07.462-0400] {processor.py:161} INFO - Started process (PID=70841) to work on /opt/anaconda3/envs/airflow_env/lib/python3.10/site-packages/airflow/example_dags/example_branch_python_dop_operator_3.py
[2025-06-25T21:34:07.462-0400] {processor.py:830} INFO - Processing file /opt/anaconda3/envs/airflow_env/lib/python3.10/site-packages/airflow/example_dags/example_branch_python_dop_operator_3.py for tasks to queue
[2025-06-25T21:34:07.462-0400] {logging_mixin.py:188} INFO - [2025-06-25T21:34:07.462-0400] {dagbag.py:545} INFO - Filling up the DagBag from /opt/anaconda3/envs/airflow_env/lib/python3.10/site-packages/airflow/example_dags/example_branch_python_dop_operator_3.py
[2025-06-25T21:34:07.476-0400] {processor.py:840} INFO - DAG(s) 'example_branch_dop_operator_v3' retrieved from /opt/anaconda3/envs/airflow_env/lib/python3.10/site-packages/airflow/example_dags/example_branch_python_dop_operator_3.py
[2025-06-25T21:34:07.507-0400] {logging_mixin.py:188} INFO - [2025-06-25T21:34:07.507-0400] {dag.py:3096} INFO - Sync 1 DAGs
[2025-06-25T21:34:07.533-0400] {logging_mixin.py:188} INFO - [2025-06-25T21:34:07.533-0400] {dag.py:3954} INFO - Setting next_dagrun for example_branch_dop_operator_v3 to 2025-06-26 01:33:00+00:00, run_after=2025-06-26 01:34:00+00:00
[2025-06-25T21:34:07.540-0400] {processor.py:183} INFO - Processing /opt/anaconda3/envs/airflow_env/lib/python3.10/site-packages/airflow/example_dags/example_branch_python_dop_operator_3.py took 0.080 seconds
[2025-06-25T21:35:40.703-0400] {processor.py:161} INFO - Started process (PID=70970) to work on /opt/anaconda3/envs/airflow_env/lib/python3.10/site-packages/airflow/example_dags/example_branch_python_dop_operator_3.py
[2025-06-25T21:35:40.703-0400] {processor.py:830} INFO - Processing file /opt/anaconda3/envs/airflow_env/lib/python3.10/site-packages/airflow/example_dags/example_branch_python_dop_operator_3.py for tasks to queue
[2025-06-25T21:35:40.704-0400] {logging_mixin.py:188} INFO - [2025-06-25T21:35:40.703-0400] {dagbag.py:545} INFO - Filling up the DagBag from /opt/anaconda3/envs/airflow_env/lib/python3.10/site-packages/airflow/example_dags/example_branch_python_dop_operator_3.py
[2025-06-25T21:35:40.720-0400] {processor.py:840} INFO - DAG(s) 'example_branch_dop_operator_v3' retrieved from /opt/anaconda3/envs/airflow_env/lib/python3.10/site-packages/airflow/example_dags/example_branch_python_dop_operator_3.py
[2025-06-25T21:35:40.754-0400] {logging_mixin.py:188} INFO - [2025-06-25T21:35:40.754-0400] {dag.py:3096} INFO - Sync 1 DAGs
[2025-06-25T21:35:40.787-0400] {logging_mixin.py:188} INFO - [2025-06-25T21:35:40.787-0400] {dag.py:3954} INFO - Setting next_dagrun for example_branch_dop_operator_v3 to 2025-06-26 01:34:00+00:00, run_after=2025-06-26 01:35:00+00:00
[2025-06-25T21:35:40.795-0400] {processor.py:183} INFO - Processing /opt/anaconda3/envs/airflow_env/lib/python3.10/site-packages/airflow/example_dags/example_branch_python_dop_operator_3.py took 0.094 seconds
[2025-06-25T21:35:53.253-0400] {processor.py:161} INFO - Started process (PID=70989) to work on /opt/anaconda3/envs/airflow_env/lib/python3.10/site-packages/airflow/example_dags/example_branch_python_dop_operator_3.py
[2025-06-25T21:35:53.254-0400] {processor.py:830} INFO - Processing file /opt/anaconda3/envs/airflow_env/lib/python3.10/site-packages/airflow/example_dags/example_branch_python_dop_operator_3.py for tasks to queue
[2025-06-25T21:35:53.254-0400] {logging_mixin.py:188} INFO - [2025-06-25T21:35:53.254-0400] {dagbag.py:545} INFO - Filling up the DagBag from /opt/anaconda3/envs/airflow_env/lib/python3.10/site-packages/airflow/example_dags/example_branch_python_dop_operator_3.py
[2025-06-25T21:35:53.270-0400] {processor.py:840} INFO - DAG(s) 'example_branch_dop_operator_v3' retrieved from /opt/anaconda3/envs/airflow_env/lib/python3.10/site-packages/airflow/example_dags/example_branch_python_dop_operator_3.py
[2025-06-25T21:35:53.305-0400] {logging_mixin.py:188} INFO - [2025-06-25T21:35:53.305-0400] {dag.py:3096} INFO - Sync 1 DAGs
[2025-06-25T21:35:53.339-0400] {logging_mixin.py:188} INFO - [2025-06-25T21:35:53.339-0400] {dag.py:3954} INFO - Setting next_dagrun for example_branch_dop_operator_v3 to 2025-06-26 01:34:00+00:00, run_after=2025-06-26 01:35:00+00:00
[2025-06-25T21:35:53.347-0400] {processor.py:183} INFO - Processing /opt/anaconda3/envs/airflow_env/lib/python3.10/site-packages/airflow/example_dags/example_branch_python_dop_operator_3.py took 0.095 seconds
[2025-06-25T21:37:21.204-0400] {processor.py:161} INFO - Started process (PID=71146) to work on /opt/anaconda3/envs/airflow_env/lib/python3.10/site-packages/airflow/example_dags/example_branch_python_dop_operator_3.py
[2025-06-25T21:37:21.204-0400] {processor.py:830} INFO - Processing file /opt/anaconda3/envs/airflow_env/lib/python3.10/site-packages/airflow/example_dags/example_branch_python_dop_operator_3.py for tasks to queue
[2025-06-25T21:37:21.204-0400] {logging_mixin.py:188} INFO - [2025-06-25T21:37:21.204-0400] {dagbag.py:545} INFO - Filling up the DagBag from /opt/anaconda3/envs/airflow_env/lib/python3.10/site-packages/airflow/example_dags/example_branch_python_dop_operator_3.py
[2025-06-25T21:37:21.218-0400] {processor.py:840} INFO - DAG(s) 'example_branch_dop_operator_v3' retrieved from /opt/anaconda3/envs/airflow_env/lib/python3.10/site-packages/airflow/example_dags/example_branch_python_dop_operator_3.py
[2025-06-25T21:37:21.252-0400] {logging_mixin.py:188} INFO - [2025-06-25T21:37:21.252-0400] {dag.py:3096} INFO - Sync 1 DAGs
[2025-06-25T21:37:21.280-0400] {logging_mixin.py:188} INFO - [2025-06-25T21:37:21.280-0400] {dag.py:3954} INFO - Setting next_dagrun for example_branch_dop_operator_v3 to 2025-06-26 01:36:00+00:00, run_after=2025-06-26 01:37:00+00:00
[2025-06-25T21:37:21.287-0400] {processor.py:183} INFO - Processing /opt/anaconda3/envs/airflow_env/lib/python3.10/site-packages/airflow/example_dags/example_branch_python_dop_operator_3.py took 0.085 seconds
[2025-06-25T21:37:27.863-0400] {processor.py:161} INFO - Started process (PID=71154) to work on /opt/anaconda3/envs/airflow_env/lib/python3.10/site-packages/airflow/example_dags/example_branch_python_dop_operator_3.py
[2025-06-25T21:37:27.863-0400] {processor.py:830} INFO - Processing file /opt/anaconda3/envs/airflow_env/lib/python3.10/site-packages/airflow/example_dags/example_branch_python_dop_operator_3.py for tasks to queue
[2025-06-25T21:37:27.863-0400] {logging_mixin.py:188} INFO - [2025-06-25T21:37:27.863-0400] {dagbag.py:545} INFO - Filling up the DagBag from /opt/anaconda3/envs/airflow_env/lib/python3.10/site-packages/airflow/example_dags/example_branch_python_dop_operator_3.py
[2025-06-25T21:37:27.878-0400] {processor.py:840} INFO - DAG(s) 'example_branch_dop_operator_v3' retrieved from /opt/anaconda3/envs/airflow_env/lib/python3.10/site-packages/airflow/example_dags/example_branch_python_dop_operator_3.py
[2025-06-25T21:37:27.909-0400] {logging_mixin.py:188} INFO - [2025-06-25T21:37:27.909-0400] {dag.py:3096} INFO - Sync 1 DAGs
[2025-06-25T21:37:27.938-0400] {logging_mixin.py:188} INFO - [2025-06-25T21:37:27.938-0400] {dag.py:3954} INFO - Setting next_dagrun for example_branch_dop_operator_v3 to 2025-06-26 01:36:00+00:00, run_after=2025-06-26 01:37:00+00:00
[2025-06-25T21:37:27.945-0400] {processor.py:183} INFO - Processing /opt/anaconda3/envs/airflow_env/lib/python3.10/site-packages/airflow/example_dags/example_branch_python_dop_operator_3.py took 0.084 seconds
[2025-06-25T21:39:07.717-0400] {processor.py:161} INFO - Started process (PID=71313) to work on /opt/anaconda3/envs/airflow_env/lib/python3.10/site-packages/airflow/example_dags/example_branch_python_dop_operator_3.py
[2025-06-25T21:39:07.717-0400] {processor.py:830} INFO - Processing file /opt/anaconda3/envs/airflow_env/lib/python3.10/site-packages/airflow/example_dags/example_branch_python_dop_operator_3.py for tasks to queue
[2025-06-25T21:39:07.718-0400] {logging_mixin.py:188} INFO - [2025-06-25T21:39:07.718-0400] {dagbag.py:545} INFO - Filling up the DagBag from /opt/anaconda3/envs/airflow_env/lib/python3.10/site-packages/airflow/example_dags/example_branch_python_dop_operator_3.py
[2025-06-25T21:39:07.735-0400] {processor.py:840} INFO - DAG(s) 'example_branch_dop_operator_v3' retrieved from /opt/anaconda3/envs/airflow_env/lib/python3.10/site-packages/airflow/example_dags/example_branch_python_dop_operator_3.py
[2025-06-25T21:39:07.773-0400] {logging_mixin.py:188} INFO - [2025-06-25T21:39:07.772-0400] {dag.py:3096} INFO - Sync 1 DAGs
[2025-06-25T21:39:07.811-0400] {logging_mixin.py:188} INFO - [2025-06-25T21:39:07.811-0400] {dag.py:3954} INFO - Setting next_dagrun for example_branch_dop_operator_v3 to 2025-06-26 01:38:00+00:00, run_after=2025-06-26 01:39:00+00:00
[2025-06-25T21:39:07.819-0400] {processor.py:183} INFO - Processing /opt/anaconda3/envs/airflow_env/lib/python3.10/site-packages/airflow/example_dags/example_branch_python_dop_operator_3.py took 0.104 seconds
[2025-06-25T21:39:13.107-0400] {processor.py:161} INFO - Started process (PID=71321) to work on /opt/anaconda3/envs/airflow_env/lib/python3.10/site-packages/airflow/example_dags/example_branch_python_dop_operator_3.py
[2025-06-25T21:39:13.107-0400] {processor.py:830} INFO - Processing file /opt/anaconda3/envs/airflow_env/lib/python3.10/site-packages/airflow/example_dags/example_branch_python_dop_operator_3.py for tasks to queue
[2025-06-25T21:39:13.108-0400] {logging_mixin.py:188} INFO - [2025-06-25T21:39:13.107-0400] {dagbag.py:545} INFO - Filling up the DagBag from /opt/anaconda3/envs/airflow_env/lib/python3.10/site-packages/airflow/example_dags/example_branch_python_dop_operator_3.py
[2025-06-25T21:39:13.121-0400] {processor.py:840} INFO - DAG(s) 'example_branch_dop_operator_v3' retrieved from /opt/anaconda3/envs/airflow_env/lib/python3.10/site-packages/airflow/example_dags/example_branch_python_dop_operator_3.py
[2025-06-25T21:39:13.153-0400] {logging_mixin.py:188} INFO - [2025-06-25T21:39:13.153-0400] {dag.py:3096} INFO - Sync 1 DAGs
[2025-06-25T21:39:13.179-0400] {logging_mixin.py:188} INFO - [2025-06-25T21:39:13.179-0400] {dag.py:3954} INFO - Setting next_dagrun for example_branch_dop_operator_v3 to 2025-06-26 01:38:00+00:00, run_after=2025-06-26 01:39:00+00:00
[2025-06-25T21:39:13.186-0400] {processor.py:183} INFO - Processing /opt/anaconda3/envs/airflow_env/lib/python3.10/site-packages/airflow/example_dags/example_branch_python_dop_operator_3.py took 0.080 seconds
[2025-06-25T21:40:39.926-0400] {processor.py:161} INFO - Started process (PID=71499) to work on /opt/anaconda3/envs/airflow_env/lib/python3.10/site-packages/airflow/example_dags/example_branch_python_dop_operator_3.py
[2025-06-25T21:40:39.926-0400] {processor.py:830} INFO - Processing file /opt/anaconda3/envs/airflow_env/lib/python3.10/site-packages/airflow/example_dags/example_branch_python_dop_operator_3.py for tasks to queue
[2025-06-25T21:40:39.927-0400] {logging_mixin.py:188} INFO - [2025-06-25T21:40:39.927-0400] {dagbag.py:545} INFO - Filling up the DagBag from /opt/anaconda3/envs/airflow_env/lib/python3.10/site-packages/airflow/example_dags/example_branch_python_dop_operator_3.py
[2025-06-25T21:40:39.943-0400] {processor.py:840} INFO - DAG(s) 'example_branch_dop_operator_v3' retrieved from /opt/anaconda3/envs/airflow_env/lib/python3.10/site-packages/airflow/example_dags/example_branch_python_dop_operator_3.py
[2025-06-25T21:40:39.981-0400] {logging_mixin.py:188} INFO - [2025-06-25T21:40:39.981-0400] {dag.py:3096} INFO - Sync 1 DAGs
[2025-06-25T21:40:40.015-0400] {logging_mixin.py:188} INFO - [2025-06-25T21:40:40.015-0400] {dag.py:3954} INFO - Setting next_dagrun for example_branch_dop_operator_v3 to 2025-06-26 01:39:00+00:00, run_after=2025-06-26 01:40:00+00:00
[2025-06-25T21:40:40.022-0400] {processor.py:183} INFO - Processing /opt/anaconda3/envs/airflow_env/lib/python3.10/site-packages/airflow/example_dags/example_branch_python_dop_operator_3.py took 0.098 seconds
[2025-06-25T21:40:52.198-0400] {processor.py:161} INFO - Started process (PID=71515) to work on /opt/anaconda3/envs/airflow_env/lib/python3.10/site-packages/airflow/example_dags/example_branch_python_dop_operator_3.py
[2025-06-25T21:40:52.198-0400] {processor.py:830} INFO - Processing file /opt/anaconda3/envs/airflow_env/lib/python3.10/site-packages/airflow/example_dags/example_branch_python_dop_operator_3.py for tasks to queue
[2025-06-25T21:40:52.198-0400] {logging_mixin.py:188} INFO - [2025-06-25T21:40:52.198-0400] {dagbag.py:545} INFO - Filling up the DagBag from /opt/anaconda3/envs/airflow_env/lib/python3.10/site-packages/airflow/example_dags/example_branch_python_dop_operator_3.py
[2025-06-25T21:40:52.213-0400] {processor.py:840} INFO - DAG(s) 'example_branch_dop_operator_v3' retrieved from /opt/anaconda3/envs/airflow_env/lib/python3.10/site-packages/airflow/example_dags/example_branch_python_dop_operator_3.py
[2025-06-25T21:40:52.245-0400] {logging_mixin.py:188} INFO - [2025-06-25T21:40:52.245-0400] {dag.py:3096} INFO - Sync 1 DAGs
[2025-06-25T21:40:52.275-0400] {logging_mixin.py:188} INFO - [2025-06-25T21:40:52.275-0400] {dag.py:3954} INFO - Setting next_dagrun for example_branch_dop_operator_v3 to 2025-06-26 01:39:00+00:00, run_after=2025-06-26 01:40:00+00:00
[2025-06-25T21:40:52.282-0400] {processor.py:183} INFO - Processing /opt/anaconda3/envs/airflow_env/lib/python3.10/site-packages/airflow/example_dags/example_branch_python_dop_operator_3.py took 0.086 seconds
[2025-06-25T21:42:16.181-0400] {processor.py:161} INFO - Started process (PID=71696) to work on /opt/anaconda3/envs/airflow_env/lib/python3.10/site-packages/airflow/example_dags/example_branch_python_dop_operator_3.py
[2025-06-25T21:42:16.182-0400] {processor.py:830} INFO - Processing file /opt/anaconda3/envs/airflow_env/lib/python3.10/site-packages/airflow/example_dags/example_branch_python_dop_operator_3.py for tasks to queue
[2025-06-25T21:42:16.182-0400] {logging_mixin.py:188} INFO - [2025-06-25T21:42:16.182-0400] {dagbag.py:545} INFO - Filling up the DagBag from /opt/anaconda3/envs/airflow_env/lib/python3.10/site-packages/airflow/example_dags/example_branch_python_dop_operator_3.py
[2025-06-25T21:42:16.196-0400] {processor.py:840} INFO - DAG(s) 'example_branch_dop_operator_v3' retrieved from /opt/anaconda3/envs/airflow_env/lib/python3.10/site-packages/airflow/example_dags/example_branch_python_dop_operator_3.py
[2025-06-25T21:42:16.227-0400] {logging_mixin.py:188} INFO - [2025-06-25T21:42:16.227-0400] {dag.py:3096} INFO - Sync 1 DAGs
[2025-06-25T21:42:16.254-0400] {logging_mixin.py:188} INFO - [2025-06-25T21:42:16.254-0400] {dag.py:3954} INFO - Setting next_dagrun for example_branch_dop_operator_v3 to 2025-06-26 01:41:00+00:00, run_after=2025-06-26 01:42:00+00:00
[2025-06-25T21:42:16.261-0400] {processor.py:183} INFO - Processing /opt/anaconda3/envs/airflow_env/lib/python3.10/site-packages/airflow/example_dags/example_branch_python_dop_operator_3.py took 0.081 seconds
[2025-06-25T21:42:28.193-0400] {processor.py:161} INFO - Started process (PID=71722) to work on /opt/anaconda3/envs/airflow_env/lib/python3.10/site-packages/airflow/example_dags/example_branch_python_dop_operator_3.py
[2025-06-25T21:42:28.193-0400] {processor.py:830} INFO - Processing file /opt/anaconda3/envs/airflow_env/lib/python3.10/site-packages/airflow/example_dags/example_branch_python_dop_operator_3.py for tasks to queue
[2025-06-25T21:42:28.194-0400] {logging_mixin.py:188} INFO - [2025-06-25T21:42:28.194-0400] {dagbag.py:545} INFO - Filling up the DagBag from /opt/anaconda3/envs/airflow_env/lib/python3.10/site-packages/airflow/example_dags/example_branch_python_dop_operator_3.py
[2025-06-25T21:42:28.207-0400] {processor.py:840} INFO - DAG(s) 'example_branch_dop_operator_v3' retrieved from /opt/anaconda3/envs/airflow_env/lib/python3.10/site-packages/airflow/example_dags/example_branch_python_dop_operator_3.py
[2025-06-25T21:42:28.239-0400] {logging_mixin.py:188} INFO - [2025-06-25T21:42:28.239-0400] {dag.py:3096} INFO - Sync 1 DAGs
[2025-06-25T21:42:28.266-0400] {logging_mixin.py:188} INFO - [2025-06-25T21:42:28.266-0400] {dag.py:3954} INFO - Setting next_dagrun for example_branch_dop_operator_v3 to 2025-06-26 01:41:00+00:00, run_after=2025-06-26 01:42:00+00:00
[2025-06-25T21:42:28.273-0400] {processor.py:183} INFO - Processing /opt/anaconda3/envs/airflow_env/lib/python3.10/site-packages/airflow/example_dags/example_branch_python_dop_operator_3.py took 0.082 seconds
[2025-06-25T21:43:54.656-0400] {processor.py:161} INFO - Started process (PID=71930) to work on /opt/anaconda3/envs/airflow_env/lib/python3.10/site-packages/airflow/example_dags/example_branch_python_dop_operator_3.py
[2025-06-25T21:43:54.656-0400] {processor.py:830} INFO - Processing file /opt/anaconda3/envs/airflow_env/lib/python3.10/site-packages/airflow/example_dags/example_branch_python_dop_operator_3.py for tasks to queue
[2025-06-25T21:43:54.656-0400] {logging_mixin.py:188} INFO - [2025-06-25T21:43:54.656-0400] {dagbag.py:545} INFO - Filling up the DagBag from /opt/anaconda3/envs/airflow_env/lib/python3.10/site-packages/airflow/example_dags/example_branch_python_dop_operator_3.py
[2025-06-25T21:43:54.670-0400] {processor.py:840} INFO - DAG(s) 'example_branch_dop_operator_v3' retrieved from /opt/anaconda3/envs/airflow_env/lib/python3.10/site-packages/airflow/example_dags/example_branch_python_dop_operator_3.py
[2025-06-25T21:43:54.702-0400] {logging_mixin.py:188} INFO - [2025-06-25T21:43:54.702-0400] {dag.py:3096} INFO - Sync 1 DAGs
[2025-06-25T21:43:54.729-0400] {logging_mixin.py:188} INFO - [2025-06-25T21:43:54.729-0400] {dag.py:3954} INFO - Setting next_dagrun for example_branch_dop_operator_v3 to 2025-06-26 01:42:00+00:00, run_after=2025-06-26 01:43:00+00:00
[2025-06-25T21:43:54.736-0400] {processor.py:183} INFO - Processing /opt/anaconda3/envs/airflow_env/lib/python3.10/site-packages/airflow/example_dags/example_branch_python_dop_operator_3.py took 0.082 seconds
[2025-06-25T21:44:09.630-0400] {processor.py:161} INFO - Started process (PID=71953) to work on /opt/anaconda3/envs/airflow_env/lib/python3.10/site-packages/airflow/example_dags/example_branch_python_dop_operator_3.py
[2025-06-25T21:44:09.631-0400] {processor.py:830} INFO - Processing file /opt/anaconda3/envs/airflow_env/lib/python3.10/site-packages/airflow/example_dags/example_branch_python_dop_operator_3.py for tasks to queue
[2025-06-25T21:44:09.631-0400] {logging_mixin.py:188} INFO - [2025-06-25T21:44:09.631-0400] {dagbag.py:545} INFO - Filling up the DagBag from /opt/anaconda3/envs/airflow_env/lib/python3.10/site-packages/airflow/example_dags/example_branch_python_dop_operator_3.py
[2025-06-25T21:44:09.646-0400] {processor.py:840} INFO - DAG(s) 'example_branch_dop_operator_v3' retrieved from /opt/anaconda3/envs/airflow_env/lib/python3.10/site-packages/airflow/example_dags/example_branch_python_dop_operator_3.py
[2025-06-25T21:44:09.679-0400] {logging_mixin.py:188} INFO - [2025-06-25T21:44:09.679-0400] {dag.py:3096} INFO - Sync 1 DAGs
[2025-06-25T21:44:09.712-0400] {logging_mixin.py:188} INFO - [2025-06-25T21:44:09.712-0400] {dag.py:3954} INFO - Setting next_dagrun for example_branch_dop_operator_v3 to 2025-06-26 01:43:00+00:00, run_after=2025-06-26 01:44:00+00:00
[2025-06-25T21:44:09.719-0400] {processor.py:183} INFO - Processing /opt/anaconda3/envs/airflow_env/lib/python3.10/site-packages/airflow/example_dags/example_branch_python_dop_operator_3.py took 0.090 seconds
[2025-06-25T21:45:38.591-0400] {processor.py:161} INFO - Started process (PID=72123) to work on /opt/anaconda3/envs/airflow_env/lib/python3.10/site-packages/airflow/example_dags/example_branch_python_dop_operator_3.py
[2025-06-25T21:45:38.592-0400] {processor.py:830} INFO - Processing file /opt/anaconda3/envs/airflow_env/lib/python3.10/site-packages/airflow/example_dags/example_branch_python_dop_operator_3.py for tasks to queue
[2025-06-25T21:45:38.592-0400] {logging_mixin.py:188} INFO - [2025-06-25T21:45:38.592-0400] {dagbag.py:545} INFO - Filling up the DagBag from /opt/anaconda3/envs/airflow_env/lib/python3.10/site-packages/airflow/example_dags/example_branch_python_dop_operator_3.py
[2025-06-25T21:45:38.605-0400] {processor.py:840} INFO - DAG(s) 'example_branch_dop_operator_v3' retrieved from /opt/anaconda3/envs/airflow_env/lib/python3.10/site-packages/airflow/example_dags/example_branch_python_dop_operator_3.py
[2025-06-25T21:45:38.636-0400] {logging_mixin.py:188} INFO - [2025-06-25T21:45:38.636-0400] {dag.py:3096} INFO - Sync 1 DAGs
[2025-06-25T21:45:38.663-0400] {logging_mixin.py:188} INFO - [2025-06-25T21:45:38.663-0400] {dag.py:3954} INFO - Setting next_dagrun for example_branch_dop_operator_v3 to 2025-06-26 01:44:00+00:00, run_after=2025-06-26 01:45:00+00:00
[2025-06-25T21:45:38.670-0400] {processor.py:183} INFO - Processing /opt/anaconda3/envs/airflow_env/lib/python3.10/site-packages/airflow/example_dags/example_branch_python_dop_operator_3.py took 0.081 seconds
[2025-06-25T21:45:52.379-0400] {processor.py:161} INFO - Started process (PID=72154) to work on /opt/anaconda3/envs/airflow_env/lib/python3.10/site-packages/airflow/example_dags/example_branch_python_dop_operator_3.py
[2025-06-25T21:45:52.380-0400] {processor.py:830} INFO - Processing file /opt/anaconda3/envs/airflow_env/lib/python3.10/site-packages/airflow/example_dags/example_branch_python_dop_operator_3.py for tasks to queue
[2025-06-25T21:45:52.380-0400] {logging_mixin.py:188} INFO - [2025-06-25T21:45:52.380-0400] {dagbag.py:545} INFO - Filling up the DagBag from /opt/anaconda3/envs/airflow_env/lib/python3.10/site-packages/airflow/example_dags/example_branch_python_dop_operator_3.py
[2025-06-25T21:45:52.394-0400] {processor.py:840} INFO - DAG(s) 'example_branch_dop_operator_v3' retrieved from /opt/anaconda3/envs/airflow_env/lib/python3.10/site-packages/airflow/example_dags/example_branch_python_dop_operator_3.py
[2025-06-25T21:45:52.425-0400] {logging_mixin.py:188} INFO - [2025-06-25T21:45:52.425-0400] {dag.py:3096} INFO - Sync 1 DAGs
[2025-06-25T21:45:52.451-0400] {logging_mixin.py:188} INFO - [2025-06-25T21:45:52.451-0400] {dag.py:3954} INFO - Setting next_dagrun for example_branch_dop_operator_v3 to 2025-06-26 01:44:00+00:00, run_after=2025-06-26 01:45:00+00:00
[2025-06-25T21:45:52.458-0400] {processor.py:183} INFO - Processing /opt/anaconda3/envs/airflow_env/lib/python3.10/site-packages/airflow/example_dags/example_branch_python_dop_operator_3.py took 0.080 seconds
[2025-06-25T21:47:16.885-0400] {processor.py:161} INFO - Started process (PID=72299) to work on /opt/anaconda3/envs/airflow_env/lib/python3.10/site-packages/airflow/example_dags/example_branch_python_dop_operator_3.py
[2025-06-25T21:47:16.885-0400] {processor.py:830} INFO - Processing file /opt/anaconda3/envs/airflow_env/lib/python3.10/site-packages/airflow/example_dags/example_branch_python_dop_operator_3.py for tasks to queue
[2025-06-25T21:47:16.885-0400] {logging_mixin.py:188} INFO - [2025-06-25T21:47:16.885-0400] {dagbag.py:545} INFO - Filling up the DagBag from /opt/anaconda3/envs/airflow_env/lib/python3.10/site-packages/airflow/example_dags/example_branch_python_dop_operator_3.py
[2025-06-25T21:47:16.901-0400] {processor.py:840} INFO - DAG(s) 'example_branch_dop_operator_v3' retrieved from /opt/anaconda3/envs/airflow_env/lib/python3.10/site-packages/airflow/example_dags/example_branch_python_dop_operator_3.py
[2025-06-25T21:47:16.937-0400] {logging_mixin.py:188} INFO - [2025-06-25T21:47:16.936-0400] {dag.py:3096} INFO - Sync 1 DAGs
[2025-06-25T21:47:16.978-0400] {logging_mixin.py:188} INFO - [2025-06-25T21:47:16.978-0400] {dag.py:3954} INFO - Setting next_dagrun for example_branch_dop_operator_v3 to 2025-06-26 01:46:00+00:00, run_after=2025-06-26 01:47:00+00:00
[2025-06-25T21:47:16.985-0400] {processor.py:183} INFO - Processing /opt/anaconda3/envs/airflow_env/lib/python3.10/site-packages/airflow/example_dags/example_branch_python_dop_operator_3.py took 0.103 seconds
[2025-06-25T21:47:33.178-0400] {processor.py:161} INFO - Started process (PID=72342) to work on /opt/anaconda3/envs/airflow_env/lib/python3.10/site-packages/airflow/example_dags/example_branch_python_dop_operator_3.py
[2025-06-25T21:47:33.178-0400] {processor.py:830} INFO - Processing file /opt/anaconda3/envs/airflow_env/lib/python3.10/site-packages/airflow/example_dags/example_branch_python_dop_operator_3.py for tasks to queue
[2025-06-25T21:47:33.179-0400] {logging_mixin.py:188} INFO - [2025-06-25T21:47:33.179-0400] {dagbag.py:545} INFO - Filling up the DagBag from /opt/anaconda3/envs/airflow_env/lib/python3.10/site-packages/airflow/example_dags/example_branch_python_dop_operator_3.py
[2025-06-25T21:47:33.204-0400] {processor.py:840} INFO - DAG(s) 'example_branch_dop_operator_v3' retrieved from /opt/anaconda3/envs/airflow_env/lib/python3.10/site-packages/airflow/example_dags/example_branch_python_dop_operator_3.py
[2025-06-25T21:47:33.260-0400] {logging_mixin.py:188} INFO - [2025-06-25T21:47:33.259-0400] {dag.py:3096} INFO - Sync 1 DAGs
[2025-06-25T21:47:33.309-0400] {logging_mixin.py:188} INFO - [2025-06-25T21:47:33.309-0400] {dag.py:3954} INFO - Setting next_dagrun for example_branch_dop_operator_v3 to 2025-06-26 01:46:00+00:00, run_after=2025-06-26 01:47:00+00:00
[2025-06-25T21:47:33.316-0400] {processor.py:183} INFO - Processing /opt/anaconda3/envs/airflow_env/lib/python3.10/site-packages/airflow/example_dags/example_branch_python_dop_operator_3.py took 0.140 seconds
[2025-06-25T21:49:06.137-0400] {processor.py:161} INFO - Started process (PID=72499) to work on /opt/anaconda3/envs/airflow_env/lib/python3.10/site-packages/airflow/example_dags/example_branch_python_dop_operator_3.py
[2025-06-25T21:49:06.138-0400] {processor.py:830} INFO - Processing file /opt/anaconda3/envs/airflow_env/lib/python3.10/site-packages/airflow/example_dags/example_branch_python_dop_operator_3.py for tasks to queue
[2025-06-25T21:49:06.138-0400] {logging_mixin.py:188} INFO - [2025-06-25T21:49:06.138-0400] {dagbag.py:545} INFO - Filling up the DagBag from /opt/anaconda3/envs/airflow_env/lib/python3.10/site-packages/airflow/example_dags/example_branch_python_dop_operator_3.py
[2025-06-25T21:49:06.154-0400] {processor.py:840} INFO - DAG(s) 'example_branch_dop_operator_v3' retrieved from /opt/anaconda3/envs/airflow_env/lib/python3.10/site-packages/airflow/example_dags/example_branch_python_dop_operator_3.py
[2025-06-25T21:49:06.197-0400] {logging_mixin.py:188} INFO - [2025-06-25T21:49:06.197-0400] {dag.py:3096} INFO - Sync 1 DAGs
[2025-06-25T21:49:06.237-0400] {logging_mixin.py:188} INFO - [2025-06-25T21:49:06.237-0400] {dag.py:3954} INFO - Setting next_dagrun for example_branch_dop_operator_v3 to 2025-06-26 01:48:00+00:00, run_after=2025-06-26 01:49:00+00:00
[2025-06-25T21:49:06.246-0400] {processor.py:183} INFO - Processing /opt/anaconda3/envs/airflow_env/lib/python3.10/site-packages/airflow/example_dags/example_branch_python_dop_operator_3.py took 0.111 seconds
[2025-06-25T21:49:22.505-0400] {processor.py:161} INFO - Started process (PID=72525) to work on /opt/anaconda3/envs/airflow_env/lib/python3.10/site-packages/airflow/example_dags/example_branch_python_dop_operator_3.py
[2025-06-25T21:49:22.506-0400] {processor.py:830} INFO - Processing file /opt/anaconda3/envs/airflow_env/lib/python3.10/site-packages/airflow/example_dags/example_branch_python_dop_operator_3.py for tasks to queue
[2025-06-25T21:49:22.506-0400] {logging_mixin.py:188} INFO - [2025-06-25T21:49:22.506-0400] {dagbag.py:545} INFO - Filling up the DagBag from /opt/anaconda3/envs/airflow_env/lib/python3.10/site-packages/airflow/example_dags/example_branch_python_dop_operator_3.py
[2025-06-25T21:49:22.522-0400] {processor.py:840} INFO - DAG(s) 'example_branch_dop_operator_v3' retrieved from /opt/anaconda3/envs/airflow_env/lib/python3.10/site-packages/airflow/example_dags/example_branch_python_dop_operator_3.py
[2025-06-25T21:49:22.554-0400] {logging_mixin.py:188} INFO - [2025-06-25T21:49:22.553-0400] {dag.py:3096} INFO - Sync 1 DAGs
[2025-06-25T21:49:22.588-0400] {logging_mixin.py:188} INFO - [2025-06-25T21:49:22.587-0400] {dag.py:3954} INFO - Setting next_dagrun for example_branch_dop_operator_v3 to 2025-06-26 01:48:00+00:00, run_after=2025-06-26 01:49:00+00:00
[2025-06-25T21:49:22.595-0400] {processor.py:183} INFO - Processing /opt/anaconda3/envs/airflow_env/lib/python3.10/site-packages/airflow/example_dags/example_branch_python_dop_operator_3.py took 0.092 seconds
[2025-06-25T21:50:47.241-0400] {processor.py:161} INFO - Started process (PID=72648) to work on /opt/anaconda3/envs/airflow_env/lib/python3.10/site-packages/airflow/example_dags/example_branch_python_dop_operator_3.py
[2025-06-25T21:50:47.241-0400] {processor.py:830} INFO - Processing file /opt/anaconda3/envs/airflow_env/lib/python3.10/site-packages/airflow/example_dags/example_branch_python_dop_operator_3.py for tasks to queue
[2025-06-25T21:50:47.241-0400] {logging_mixin.py:188} INFO - [2025-06-25T21:50:47.241-0400] {dagbag.py:545} INFO - Filling up the DagBag from /opt/anaconda3/envs/airflow_env/lib/python3.10/site-packages/airflow/example_dags/example_branch_python_dop_operator_3.py
[2025-06-25T21:50:47.255-0400] {processor.py:840} INFO - DAG(s) 'example_branch_dop_operator_v3' retrieved from /opt/anaconda3/envs/airflow_env/lib/python3.10/site-packages/airflow/example_dags/example_branch_python_dop_operator_3.py
[2025-06-25T21:50:47.286-0400] {logging_mixin.py:188} INFO - [2025-06-25T21:50:47.286-0400] {dag.py:3096} INFO - Sync 1 DAGs
[2025-06-25T21:50:47.312-0400] {logging_mixin.py:188} INFO - [2025-06-25T21:50:47.312-0400] {dag.py:3954} INFO - Setting next_dagrun for example_branch_dop_operator_v3 to 2025-06-26 01:49:00+00:00, run_after=2025-06-26 01:50:00+00:00
[2025-06-25T21:50:47.319-0400] {processor.py:183} INFO - Processing /opt/anaconda3/envs/airflow_env/lib/python3.10/site-packages/airflow/example_dags/example_branch_python_dop_operator_3.py took 0.080 seconds
[2025-06-25T21:50:59.623-0400] {processor.py:161} INFO - Started process (PID=72664) to work on /opt/anaconda3/envs/airflow_env/lib/python3.10/site-packages/airflow/example_dags/example_branch_python_dop_operator_3.py
[2025-06-25T21:50:59.623-0400] {processor.py:830} INFO - Processing file /opt/anaconda3/envs/airflow_env/lib/python3.10/site-packages/airflow/example_dags/example_branch_python_dop_operator_3.py for tasks to queue
[2025-06-25T21:50:59.623-0400] {logging_mixin.py:188} INFO - [2025-06-25T21:50:59.623-0400] {dagbag.py:545} INFO - Filling up the DagBag from /opt/anaconda3/envs/airflow_env/lib/python3.10/site-packages/airflow/example_dags/example_branch_python_dop_operator_3.py
[2025-06-25T21:50:59.638-0400] {processor.py:840} INFO - DAG(s) 'example_branch_dop_operator_v3' retrieved from /opt/anaconda3/envs/airflow_env/lib/python3.10/site-packages/airflow/example_dags/example_branch_python_dop_operator_3.py
[2025-06-25T21:50:59.675-0400] {logging_mixin.py:188} INFO - [2025-06-25T21:50:59.675-0400] {dag.py:3096} INFO - Sync 1 DAGs
[2025-06-25T21:50:59.709-0400] {logging_mixin.py:188} INFO - [2025-06-25T21:50:59.709-0400] {dag.py:3954} INFO - Setting next_dagrun for example_branch_dop_operator_v3 to 2025-06-26 01:49:00+00:00, run_after=2025-06-26 01:50:00+00:00
[2025-06-25T21:50:59.716-0400] {processor.py:183} INFO - Processing /opt/anaconda3/envs/airflow_env/lib/python3.10/site-packages/airflow/example_dags/example_branch_python_dop_operator_3.py took 0.095 seconds
[2025-06-25T21:52:28.671-0400] {processor.py:161} INFO - Started process (PID=72805) to work on /opt/anaconda3/envs/airflow_env/lib/python3.10/site-packages/airflow/example_dags/example_branch_python_dop_operator_3.py
[2025-06-25T21:52:28.672-0400] {processor.py:830} INFO - Processing file /opt/anaconda3/envs/airflow_env/lib/python3.10/site-packages/airflow/example_dags/example_branch_python_dop_operator_3.py for tasks to queue
[2025-06-25T21:52:28.672-0400] {logging_mixin.py:188} INFO - [2025-06-25T21:52:28.672-0400] {dagbag.py:545} INFO - Filling up the DagBag from /opt/anaconda3/envs/airflow_env/lib/python3.10/site-packages/airflow/example_dags/example_branch_python_dop_operator_3.py
[2025-06-25T21:52:28.689-0400] {processor.py:840} INFO - DAG(s) 'example_branch_dop_operator_v3' retrieved from /opt/anaconda3/envs/airflow_env/lib/python3.10/site-packages/airflow/example_dags/example_branch_python_dop_operator_3.py
[2025-06-25T21:52:28.729-0400] {logging_mixin.py:188} INFO - [2025-06-25T21:52:28.729-0400] {dag.py:3096} INFO - Sync 1 DAGs
[2025-06-25T21:52:28.762-0400] {logging_mixin.py:188} INFO - [2025-06-25T21:52:28.762-0400] {dag.py:3954} INFO - Setting next_dagrun for example_branch_dop_operator_v3 to 2025-06-26 01:51:00+00:00, run_after=2025-06-26 01:52:00+00:00
[2025-06-25T21:52:28.769-0400] {processor.py:183} INFO - Processing /opt/anaconda3/envs/airflow_env/lib/python3.10/site-packages/airflow/example_dags/example_branch_python_dop_operator_3.py took 0.100 seconds
[2025-06-25T21:52:44.042-0400] {processor.py:161} INFO - Started process (PID=72828) to work on /opt/anaconda3/envs/airflow_env/lib/python3.10/site-packages/airflow/example_dags/example_branch_python_dop_operator_3.py
[2025-06-25T21:52:44.043-0400] {processor.py:830} INFO - Processing file /opt/anaconda3/envs/airflow_env/lib/python3.10/site-packages/airflow/example_dags/example_branch_python_dop_operator_3.py for tasks to queue
[2025-06-25T21:52:44.043-0400] {logging_mixin.py:188} INFO - [2025-06-25T21:52:44.043-0400] {dagbag.py:545} INFO - Filling up the DagBag from /opt/anaconda3/envs/airflow_env/lib/python3.10/site-packages/airflow/example_dags/example_branch_python_dop_operator_3.py
[2025-06-25T21:52:44.061-0400] {processor.py:840} INFO - DAG(s) 'example_branch_dop_operator_v3' retrieved from /opt/anaconda3/envs/airflow_env/lib/python3.10/site-packages/airflow/example_dags/example_branch_python_dop_operator_3.py
[2025-06-25T21:52:44.094-0400] {logging_mixin.py:188} INFO - [2025-06-25T21:52:44.094-0400] {dag.py:3096} INFO - Sync 1 DAGs
[2025-06-25T21:52:44.124-0400] {logging_mixin.py:188} INFO - [2025-06-25T21:52:44.124-0400] {dag.py:3954} INFO - Setting next_dagrun for example_branch_dop_operator_v3 to 2025-06-26 01:51:00+00:00, run_after=2025-06-26 01:52:00+00:00
[2025-06-25T21:52:44.130-0400] {processor.py:183} INFO - Processing /opt/anaconda3/envs/airflow_env/lib/python3.10/site-packages/airflow/example_dags/example_branch_python_dop_operator_3.py took 0.090 seconds
[2025-06-25T21:54:04.178-0400] {processor.py:161} INFO - Started process (PID=72993) to work on /opt/anaconda3/envs/airflow_env/lib/python3.10/site-packages/airflow/example_dags/example_branch_python_dop_operator_3.py
[2025-06-25T21:54:04.178-0400] {processor.py:830} INFO - Processing file /opt/anaconda3/envs/airflow_env/lib/python3.10/site-packages/airflow/example_dags/example_branch_python_dop_operator_3.py for tasks to queue
[2025-06-25T21:54:04.179-0400] {logging_mixin.py:188} INFO - [2025-06-25T21:54:04.179-0400] {dagbag.py:545} INFO - Filling up the DagBag from /opt/anaconda3/envs/airflow_env/lib/python3.10/site-packages/airflow/example_dags/example_branch_python_dop_operator_3.py
[2025-06-25T21:54:04.192-0400] {processor.py:840} INFO - DAG(s) 'example_branch_dop_operator_v3' retrieved from /opt/anaconda3/envs/airflow_env/lib/python3.10/site-packages/airflow/example_dags/example_branch_python_dop_operator_3.py
[2025-06-25T21:54:04.225-0400] {logging_mixin.py:188} INFO - [2025-06-25T21:54:04.225-0400] {dag.py:3096} INFO - Sync 1 DAGs
[2025-06-25T21:54:04.251-0400] {logging_mixin.py:188} INFO - [2025-06-25T21:54:04.251-0400] {dag.py:3954} INFO - Setting next_dagrun for example_branch_dop_operator_v3 to 2025-06-26 01:53:00+00:00, run_after=2025-06-26 01:54:00+00:00
[2025-06-25T21:54:04.258-0400] {processor.py:183} INFO - Processing /opt/anaconda3/envs/airflow_env/lib/python3.10/site-packages/airflow/example_dags/example_branch_python_dop_operator_3.py took 0.081 seconds
[2025-06-25T21:54:21.495-0400] {processor.py:161} INFO - Started process (PID=73027) to work on /opt/anaconda3/envs/airflow_env/lib/python3.10/site-packages/airflow/example_dags/example_branch_python_dop_operator_3.py
[2025-06-25T21:54:21.495-0400] {processor.py:830} INFO - Processing file /opt/anaconda3/envs/airflow_env/lib/python3.10/site-packages/airflow/example_dags/example_branch_python_dop_operator_3.py for tasks to queue
[2025-06-25T21:54:21.496-0400] {logging_mixin.py:188} INFO - [2025-06-25T21:54:21.496-0400] {dagbag.py:545} INFO - Filling up the DagBag from /opt/anaconda3/envs/airflow_env/lib/python3.10/site-packages/airflow/example_dags/example_branch_python_dop_operator_3.py
[2025-06-25T21:54:21.509-0400] {processor.py:840} INFO - DAG(s) 'example_branch_dop_operator_v3' retrieved from /opt/anaconda3/envs/airflow_env/lib/python3.10/site-packages/airflow/example_dags/example_branch_python_dop_operator_3.py
[2025-06-25T21:54:21.540-0400] {logging_mixin.py:188} INFO - [2025-06-25T21:54:21.540-0400] {dag.py:3096} INFO - Sync 1 DAGs
[2025-06-25T21:54:21.566-0400] {logging_mixin.py:188} INFO - [2025-06-25T21:54:21.566-0400] {dag.py:3954} INFO - Setting next_dagrun for example_branch_dop_operator_v3 to 2025-06-26 01:53:00+00:00, run_after=2025-06-26 01:54:00+00:00
[2025-06-25T21:54:21.573-0400] {processor.py:183} INFO - Processing /opt/anaconda3/envs/airflow_env/lib/python3.10/site-packages/airflow/example_dags/example_branch_python_dop_operator_3.py took 0.079 seconds
[2025-06-25T21:55:46.339-0400] {processor.py:161} INFO - Started process (PID=73179) to work on /opt/anaconda3/envs/airflow_env/lib/python3.10/site-packages/airflow/example_dags/example_branch_python_dop_operator_3.py
[2025-06-25T21:55:46.340-0400] {processor.py:830} INFO - Processing file /opt/anaconda3/envs/airflow_env/lib/python3.10/site-packages/airflow/example_dags/example_branch_python_dop_operator_3.py for tasks to queue
[2025-06-25T21:55:46.340-0400] {logging_mixin.py:188} INFO - [2025-06-25T21:55:46.340-0400] {dagbag.py:545} INFO - Filling up the DagBag from /opt/anaconda3/envs/airflow_env/lib/python3.10/site-packages/airflow/example_dags/example_branch_python_dop_operator_3.py
[2025-06-25T21:55:46.354-0400] {processor.py:840} INFO - DAG(s) 'example_branch_dop_operator_v3' retrieved from /opt/anaconda3/envs/airflow_env/lib/python3.10/site-packages/airflow/example_dags/example_branch_python_dop_operator_3.py
[2025-06-25T21:55:46.384-0400] {logging_mixin.py:188} INFO - [2025-06-25T21:55:46.384-0400] {dag.py:3096} INFO - Sync 1 DAGs
[2025-06-25T21:55:46.410-0400] {logging_mixin.py:188} INFO - [2025-06-25T21:55:46.410-0400] {dag.py:3954} INFO - Setting next_dagrun for example_branch_dop_operator_v3 to 2025-06-26 01:54:00+00:00, run_after=2025-06-26 01:55:00+00:00
[2025-06-25T21:55:46.417-0400] {processor.py:183} INFO - Processing /opt/anaconda3/envs/airflow_env/lib/python3.10/site-packages/airflow/example_dags/example_branch_python_dop_operator_3.py took 0.080 seconds
[2025-06-25T21:56:01.699-0400] {processor.py:161} INFO - Started process (PID=73199) to work on /opt/anaconda3/envs/airflow_env/lib/python3.10/site-packages/airflow/example_dags/example_branch_python_dop_operator_3.py
[2025-06-25T21:56:01.700-0400] {processor.py:830} INFO - Processing file /opt/anaconda3/envs/airflow_env/lib/python3.10/site-packages/airflow/example_dags/example_branch_python_dop_operator_3.py for tasks to queue
[2025-06-25T21:56:01.700-0400] {logging_mixin.py:188} INFO - [2025-06-25T21:56:01.700-0400] {dagbag.py:545} INFO - Filling up the DagBag from /opt/anaconda3/envs/airflow_env/lib/python3.10/site-packages/airflow/example_dags/example_branch_python_dop_operator_3.py
[2025-06-25T21:56:01.720-0400] {processor.py:840} INFO - DAG(s) 'example_branch_dop_operator_v3' retrieved from /opt/anaconda3/envs/airflow_env/lib/python3.10/site-packages/airflow/example_dags/example_branch_python_dop_operator_3.py
[2025-06-25T21:56:01.755-0400] {logging_mixin.py:188} INFO - [2025-06-25T21:56:01.755-0400] {dag.py:3096} INFO - Sync 1 DAGs
[2025-06-25T21:56:01.792-0400] {logging_mixin.py:188} INFO - [2025-06-25T21:56:01.791-0400] {dag.py:3954} INFO - Setting next_dagrun for example_branch_dop_operator_v3 to 2025-06-26 01:55:00+00:00, run_after=2025-06-26 01:56:00+00:00
[2025-06-25T21:56:01.799-0400] {processor.py:183} INFO - Processing /opt/anaconda3/envs/airflow_env/lib/python3.10/site-packages/airflow/example_dags/example_branch_python_dop_operator_3.py took 0.105 seconds
[2025-06-25T21:57:33.325-0400] {processor.py:161} INFO - Started process (PID=73332) to work on /opt/anaconda3/envs/airflow_env/lib/python3.10/site-packages/airflow/example_dags/example_branch_python_dop_operator_3.py
[2025-06-25T21:57:33.326-0400] {processor.py:830} INFO - Processing file /opt/anaconda3/envs/airflow_env/lib/python3.10/site-packages/airflow/example_dags/example_branch_python_dop_operator_3.py for tasks to queue
[2025-06-25T21:57:33.326-0400] {logging_mixin.py:188} INFO - [2025-06-25T21:57:33.326-0400] {dagbag.py:545} INFO - Filling up the DagBag from /opt/anaconda3/envs/airflow_env/lib/python3.10/site-packages/airflow/example_dags/example_branch_python_dop_operator_3.py
[2025-06-25T21:57:33.341-0400] {processor.py:840} INFO - DAG(s) 'example_branch_dop_operator_v3' retrieved from /opt/anaconda3/envs/airflow_env/lib/python3.10/site-packages/airflow/example_dags/example_branch_python_dop_operator_3.py
[2025-06-25T21:57:33.375-0400] {logging_mixin.py:188} INFO - [2025-06-25T21:57:33.375-0400] {dag.py:3096} INFO - Sync 1 DAGs
[2025-06-25T21:57:33.404-0400] {logging_mixin.py:188} INFO - [2025-06-25T21:57:33.404-0400] {dag.py:3954} INFO - Setting next_dagrun for example_branch_dop_operator_v3 to 2025-06-26 01:56:00+00:00, run_after=2025-06-26 01:57:00+00:00
[2025-06-25T21:57:33.411-0400] {processor.py:183} INFO - Processing /opt/anaconda3/envs/airflow_env/lib/python3.10/site-packages/airflow/example_dags/example_branch_python_dop_operator_3.py took 0.088 seconds
[2025-06-25T21:57:44.525-0400] {processor.py:161} INFO - Started process (PID=73346) to work on /opt/anaconda3/envs/airflow_env/lib/python3.10/site-packages/airflow/example_dags/example_branch_python_dop_operator_3.py
[2025-06-25T21:57:44.526-0400] {processor.py:830} INFO - Processing file /opt/anaconda3/envs/airflow_env/lib/python3.10/site-packages/airflow/example_dags/example_branch_python_dop_operator_3.py for tasks to queue
[2025-06-25T21:57:44.526-0400] {logging_mixin.py:188} INFO - [2025-06-25T21:57:44.526-0400] {dagbag.py:545} INFO - Filling up the DagBag from /opt/anaconda3/envs/airflow_env/lib/python3.10/site-packages/airflow/example_dags/example_branch_python_dop_operator_3.py
[2025-06-25T21:57:44.540-0400] {processor.py:840} INFO - DAG(s) 'example_branch_dop_operator_v3' retrieved from /opt/anaconda3/envs/airflow_env/lib/python3.10/site-packages/airflow/example_dags/example_branch_python_dop_operator_3.py
[2025-06-25T21:57:44.571-0400] {logging_mixin.py:188} INFO - [2025-06-25T21:57:44.571-0400] {dag.py:3096} INFO - Sync 1 DAGs
[2025-06-25T21:57:44.601-0400] {logging_mixin.py:188} INFO - [2025-06-25T21:57:44.601-0400] {dag.py:3954} INFO - Setting next_dagrun for example_branch_dop_operator_v3 to 2025-06-26 01:56:00+00:00, run_after=2025-06-26 01:57:00+00:00
[2025-06-25T21:57:44.608-0400] {processor.py:183} INFO - Processing /opt/anaconda3/envs/airflow_env/lib/python3.10/site-packages/airflow/example_dags/example_branch_python_dop_operator_3.py took 0.084 seconds
[2025-06-25T21:59:20.090-0400] {processor.py:161} INFO - Started process (PID=73497) to work on /opt/anaconda3/envs/airflow_env/lib/python3.10/site-packages/airflow/example_dags/example_branch_python_dop_operator_3.py
[2025-06-25T21:59:20.091-0400] {processor.py:830} INFO - Processing file /opt/anaconda3/envs/airflow_env/lib/python3.10/site-packages/airflow/example_dags/example_branch_python_dop_operator_3.py for tasks to queue
[2025-06-25T21:59:20.091-0400] {logging_mixin.py:188} INFO - [2025-06-25T21:59:20.091-0400] {dagbag.py:545} INFO - Filling up the DagBag from /opt/anaconda3/envs/airflow_env/lib/python3.10/site-packages/airflow/example_dags/example_branch_python_dop_operator_3.py
[2025-06-25T21:59:20.106-0400] {processor.py:840} INFO - DAG(s) 'example_branch_dop_operator_v3' retrieved from /opt/anaconda3/envs/airflow_env/lib/python3.10/site-packages/airflow/example_dags/example_branch_python_dop_operator_3.py
[2025-06-25T21:59:20.142-0400] {logging_mixin.py:188} INFO - [2025-06-25T21:59:20.142-0400] {dag.py:3096} INFO - Sync 1 DAGs
[2025-06-25T21:59:20.177-0400] {logging_mixin.py:188} INFO - [2025-06-25T21:59:20.177-0400] {dag.py:3954} INFO - Setting next_dagrun for example_branch_dop_operator_v3 to 2025-06-26 01:58:00+00:00, run_after=2025-06-26 01:59:00+00:00
[2025-06-25T21:59:20.185-0400] {processor.py:183} INFO - Processing /opt/anaconda3/envs/airflow_env/lib/python3.10/site-packages/airflow/example_dags/example_branch_python_dop_operator_3.py took 0.097 seconds
[2025-06-25T21:59:40.984-0400] {processor.py:161} INFO - Started process (PID=73528) to work on /opt/anaconda3/envs/airflow_env/lib/python3.10/site-packages/airflow/example_dags/example_branch_python_dop_operator_3.py
[2025-06-25T21:59:40.985-0400] {processor.py:830} INFO - Processing file /opt/anaconda3/envs/airflow_env/lib/python3.10/site-packages/airflow/example_dags/example_branch_python_dop_operator_3.py for tasks to queue
[2025-06-25T21:59:40.985-0400] {logging_mixin.py:188} INFO - [2025-06-25T21:59:40.985-0400] {dagbag.py:545} INFO - Filling up the DagBag from /opt/anaconda3/envs/airflow_env/lib/python3.10/site-packages/airflow/example_dags/example_branch_python_dop_operator_3.py
[2025-06-25T21:59:41.002-0400] {processor.py:840} INFO - DAG(s) 'example_branch_dop_operator_v3' retrieved from /opt/anaconda3/envs/airflow_env/lib/python3.10/site-packages/airflow/example_dags/example_branch_python_dop_operator_3.py
[2025-06-25T21:59:41.036-0400] {logging_mixin.py:188} INFO - [2025-06-25T21:59:41.035-0400] {dag.py:3096} INFO - Sync 1 DAGs
[2025-06-25T21:59:41.065-0400] {logging_mixin.py:188} INFO - [2025-06-25T21:59:41.065-0400] {dag.py:3954} INFO - Setting next_dagrun for example_branch_dop_operator_v3 to 2025-06-26 01:58:00+00:00, run_after=2025-06-26 01:59:00+00:00
[2025-06-25T21:59:41.096-0400] {processor.py:183} INFO - Processing /opt/anaconda3/envs/airflow_env/lib/python3.10/site-packages/airflow/example_dags/example_branch_python_dop_operator_3.py took 0.114 seconds
[2025-06-25T22:01:13.009-0400] {processor.py:161} INFO - Started process (PID=73661) to work on /opt/anaconda3/envs/airflow_env/lib/python3.10/site-packages/airflow/example_dags/example_branch_python_dop_operator_3.py
[2025-06-25T22:01:13.010-0400] {processor.py:830} INFO - Processing file /opt/anaconda3/envs/airflow_env/lib/python3.10/site-packages/airflow/example_dags/example_branch_python_dop_operator_3.py for tasks to queue
[2025-06-25T22:01:13.011-0400] {logging_mixin.py:188} INFO - [2025-06-25T22:01:13.011-0400] {dagbag.py:545} INFO - Filling up the DagBag from /opt/anaconda3/envs/airflow_env/lib/python3.10/site-packages/airflow/example_dags/example_branch_python_dop_operator_3.py
[2025-06-25T22:01:13.025-0400] {processor.py:840} INFO - DAG(s) 'example_branch_dop_operator_v3' retrieved from /opt/anaconda3/envs/airflow_env/lib/python3.10/site-packages/airflow/example_dags/example_branch_python_dop_operator_3.py
[2025-06-25T22:01:13.057-0400] {logging_mixin.py:188} INFO - [2025-06-25T22:01:13.057-0400] {dag.py:3096} INFO - Sync 1 DAGs
[2025-06-25T22:01:13.083-0400] {logging_mixin.py:188} INFO - [2025-06-25T22:01:13.083-0400] {dag.py:3954} INFO - Setting next_dagrun for example_branch_dop_operator_v3 to 2025-06-26 02:00:00+00:00, run_after=2025-06-26 02:01:00+00:00
[2025-06-25T22:01:13.090-0400] {processor.py:183} INFO - Processing /opt/anaconda3/envs/airflow_env/lib/python3.10/site-packages/airflow/example_dags/example_branch_python_dop_operator_3.py took 0.082 seconds
[2025-06-25T22:01:27.942-0400] {processor.py:161} INFO - Started process (PID=73680) to work on /opt/anaconda3/envs/airflow_env/lib/python3.10/site-packages/airflow/example_dags/example_branch_python_dop_operator_3.py
[2025-06-25T22:01:27.942-0400] {processor.py:830} INFO - Processing file /opt/anaconda3/envs/airflow_env/lib/python3.10/site-packages/airflow/example_dags/example_branch_python_dop_operator_3.py for tasks to queue
[2025-06-25T22:01:27.942-0400] {logging_mixin.py:188} INFO - [2025-06-25T22:01:27.942-0400] {dagbag.py:545} INFO - Filling up the DagBag from /opt/anaconda3/envs/airflow_env/lib/python3.10/site-packages/airflow/example_dags/example_branch_python_dop_operator_3.py
[2025-06-25T22:01:27.956-0400] {processor.py:840} INFO - DAG(s) 'example_branch_dop_operator_v3' retrieved from /opt/anaconda3/envs/airflow_env/lib/python3.10/site-packages/airflow/example_dags/example_branch_python_dop_operator_3.py
[2025-06-25T22:01:27.987-0400] {logging_mixin.py:188} INFO - [2025-06-25T22:01:27.987-0400] {dag.py:3096} INFO - Sync 1 DAGs
[2025-06-25T22:01:28.013-0400] {logging_mixin.py:188} INFO - [2025-06-25T22:01:28.013-0400] {dag.py:3954} INFO - Setting next_dagrun for example_branch_dop_operator_v3 to 2025-06-26 02:00:00+00:00, run_after=2025-06-26 02:01:00+00:00
[2025-06-25T22:01:28.020-0400] {processor.py:183} INFO - Processing /opt/anaconda3/envs/airflow_env/lib/python3.10/site-packages/airflow/example_dags/example_branch_python_dop_operator_3.py took 0.080 seconds
[2025-06-25T22:02:50.612-0400] {processor.py:161} INFO - Started process (PID=73826) to work on /opt/anaconda3/envs/airflow_env/lib/python3.10/site-packages/airflow/example_dags/example_branch_python_dop_operator_3.py
[2025-06-25T22:02:50.613-0400] {processor.py:830} INFO - Processing file /opt/anaconda3/envs/airflow_env/lib/python3.10/site-packages/airflow/example_dags/example_branch_python_dop_operator_3.py for tasks to queue
[2025-06-25T22:02:50.613-0400] {logging_mixin.py:188} INFO - [2025-06-25T22:02:50.613-0400] {dagbag.py:545} INFO - Filling up the DagBag from /opt/anaconda3/envs/airflow_env/lib/python3.10/site-packages/airflow/example_dags/example_branch_python_dop_operator_3.py
[2025-06-25T22:02:50.631-0400] {processor.py:840} INFO - DAG(s) 'example_branch_dop_operator_v3' retrieved from /opt/anaconda3/envs/airflow_env/lib/python3.10/site-packages/airflow/example_dags/example_branch_python_dop_operator_3.py
[2025-06-25T22:02:50.670-0400] {logging_mixin.py:188} INFO - [2025-06-25T22:02:50.669-0400] {dag.py:3096} INFO - Sync 1 DAGs
[2025-06-25T22:02:50.709-0400] {logging_mixin.py:188} INFO - [2025-06-25T22:02:50.709-0400] {dag.py:3954} INFO - Setting next_dagrun for example_branch_dop_operator_v3 to 2025-06-26 02:01:00+00:00, run_after=2025-06-26 02:02:00+00:00
[2025-06-25T22:02:50.716-0400] {processor.py:183} INFO - Processing /opt/anaconda3/envs/airflow_env/lib/python3.10/site-packages/airflow/example_dags/example_branch_python_dop_operator_3.py took 0.106 seconds
[2025-06-25T22:03:08.632-0400] {processor.py:161} INFO - Started process (PID=73849) to work on /opt/anaconda3/envs/airflow_env/lib/python3.10/site-packages/airflow/example_dags/example_branch_python_dop_operator_3.py
[2025-06-25T22:03:08.633-0400] {processor.py:830} INFO - Processing file /opt/anaconda3/envs/airflow_env/lib/python3.10/site-packages/airflow/example_dags/example_branch_python_dop_operator_3.py for tasks to queue
[2025-06-25T22:03:08.633-0400] {logging_mixin.py:188} INFO - [2025-06-25T22:03:08.633-0400] {dagbag.py:545} INFO - Filling up the DagBag from /opt/anaconda3/envs/airflow_env/lib/python3.10/site-packages/airflow/example_dags/example_branch_python_dop_operator_3.py
[2025-06-25T22:03:08.651-0400] {processor.py:840} INFO - DAG(s) 'example_branch_dop_operator_v3' retrieved from /opt/anaconda3/envs/airflow_env/lib/python3.10/site-packages/airflow/example_dags/example_branch_python_dop_operator_3.py
[2025-06-25T22:03:08.684-0400] {logging_mixin.py:188} INFO - [2025-06-25T22:03:08.684-0400] {dag.py:3096} INFO - Sync 1 DAGs
[2025-06-25T22:03:08.714-0400] {logging_mixin.py:188} INFO - [2025-06-25T22:03:08.714-0400] {dag.py:3954} INFO - Setting next_dagrun for example_branch_dop_operator_v3 to 2025-06-26 02:02:00+00:00, run_after=2025-06-26 02:03:00+00:00
[2025-06-25T22:03:08.721-0400] {processor.py:183} INFO - Processing /opt/anaconda3/envs/airflow_env/lib/python3.10/site-packages/airflow/example_dags/example_branch_python_dop_operator_3.py took 0.091 seconds
[2025-06-25T22:04:34.728-0400] {processor.py:161} INFO - Started process (PID=73974) to work on /opt/anaconda3/envs/airflow_env/lib/python3.10/site-packages/airflow/example_dags/example_branch_python_dop_operator_3.py
[2025-06-25T22:04:34.729-0400] {processor.py:830} INFO - Processing file /opt/anaconda3/envs/airflow_env/lib/python3.10/site-packages/airflow/example_dags/example_branch_python_dop_operator_3.py for tasks to queue
[2025-06-25T22:04:34.729-0400] {logging_mixin.py:188} INFO - [2025-06-25T22:04:34.729-0400] {dagbag.py:545} INFO - Filling up the DagBag from /opt/anaconda3/envs/airflow_env/lib/python3.10/site-packages/airflow/example_dags/example_branch_python_dop_operator_3.py
[2025-06-25T22:04:34.743-0400] {processor.py:840} INFO - DAG(s) 'example_branch_dop_operator_v3' retrieved from /opt/anaconda3/envs/airflow_env/lib/python3.10/site-packages/airflow/example_dags/example_branch_python_dop_operator_3.py
[2025-06-25T22:04:34.776-0400] {logging_mixin.py:188} INFO - [2025-06-25T22:04:34.775-0400] {dag.py:3096} INFO - Sync 1 DAGs
[2025-06-25T22:04:34.804-0400] {logging_mixin.py:188} INFO - [2025-06-25T22:04:34.803-0400] {dag.py:3954} INFO - Setting next_dagrun for example_branch_dop_operator_v3 to 2025-06-26 02:03:00+00:00, run_after=2025-06-26 02:04:00+00:00
[2025-06-25T22:04:34.810-0400] {processor.py:183} INFO - Processing /opt/anaconda3/envs/airflow_env/lib/python3.10/site-packages/airflow/example_dags/example_branch_python_dop_operator_3.py took 0.085 seconds
[2025-06-25T22:04:44.969-0400] {processor.py:161} INFO - Started process (PID=73989) to work on /opt/anaconda3/envs/airflow_env/lib/python3.10/site-packages/airflow/example_dags/example_branch_python_dop_operator_3.py
[2025-06-25T22:04:44.969-0400] {processor.py:830} INFO - Processing file /opt/anaconda3/envs/airflow_env/lib/python3.10/site-packages/airflow/example_dags/example_branch_python_dop_operator_3.py for tasks to queue
[2025-06-25T22:04:44.970-0400] {logging_mixin.py:188} INFO - [2025-06-25T22:04:44.969-0400] {dagbag.py:545} INFO - Filling up the DagBag from /opt/anaconda3/envs/airflow_env/lib/python3.10/site-packages/airflow/example_dags/example_branch_python_dop_operator_3.py
[2025-06-25T22:04:44.984-0400] {processor.py:840} INFO - DAG(s) 'example_branch_dop_operator_v3' retrieved from /opt/anaconda3/envs/airflow_env/lib/python3.10/site-packages/airflow/example_dags/example_branch_python_dop_operator_3.py
[2025-06-25T22:04:45.016-0400] {logging_mixin.py:188} INFO - [2025-06-25T22:04:45.016-0400] {dag.py:3096} INFO - Sync 1 DAGs
[2025-06-25T22:04:45.045-0400] {logging_mixin.py:188} INFO - [2025-06-25T22:04:45.045-0400] {dag.py:3954} INFO - Setting next_dagrun for example_branch_dop_operator_v3 to 2025-06-26 02:03:00+00:00, run_after=2025-06-26 02:04:00+00:00
[2025-06-25T22:04:45.053-0400] {processor.py:183} INFO - Processing /opt/anaconda3/envs/airflow_env/lib/python3.10/site-packages/airflow/example_dags/example_branch_python_dop_operator_3.py took 0.085 seconds
[2025-06-25T22:06:15.884-0400] {processor.py:161} INFO - Started process (PID=74120) to work on /opt/anaconda3/envs/airflow_env/lib/python3.10/site-packages/airflow/example_dags/example_branch_python_dop_operator_3.py
[2025-06-25T22:06:15.884-0400] {processor.py:830} INFO - Processing file /opt/anaconda3/envs/airflow_env/lib/python3.10/site-packages/airflow/example_dags/example_branch_python_dop_operator_3.py for tasks to queue
[2025-06-25T22:06:15.885-0400] {logging_mixin.py:188} INFO - [2025-06-25T22:06:15.884-0400] {dagbag.py:545} INFO - Filling up the DagBag from /opt/anaconda3/envs/airflow_env/lib/python3.10/site-packages/airflow/example_dags/example_branch_python_dop_operator_3.py
[2025-06-25T22:06:15.901-0400] {processor.py:840} INFO - DAG(s) 'example_branch_dop_operator_v3' retrieved from /opt/anaconda3/envs/airflow_env/lib/python3.10/site-packages/airflow/example_dags/example_branch_python_dop_operator_3.py
[2025-06-25T22:06:15.936-0400] {logging_mixin.py:188} INFO - [2025-06-25T22:06:15.936-0400] {dag.py:3096} INFO - Sync 1 DAGs
[2025-06-25T22:06:15.972-0400] {logging_mixin.py:188} INFO - [2025-06-25T22:06:15.972-0400] {dag.py:3954} INFO - Setting next_dagrun for example_branch_dop_operator_v3 to 2025-06-26 02:05:00+00:00, run_after=2025-06-26 02:06:00+00:00
[2025-06-25T22:06:15.979-0400] {processor.py:183} INFO - Processing /opt/anaconda3/envs/airflow_env/lib/python3.10/site-packages/airflow/example_dags/example_branch_python_dop_operator_3.py took 0.098 seconds
[2025-06-25T22:06:26.512-0400] {processor.py:161} INFO - Started process (PID=74138) to work on /opt/anaconda3/envs/airflow_env/lib/python3.10/site-packages/airflow/example_dags/example_branch_python_dop_operator_3.py
[2025-06-25T22:06:26.513-0400] {processor.py:830} INFO - Processing file /opt/anaconda3/envs/airflow_env/lib/python3.10/site-packages/airflow/example_dags/example_branch_python_dop_operator_3.py for tasks to queue
[2025-06-25T22:06:26.513-0400] {logging_mixin.py:188} INFO - [2025-06-25T22:06:26.513-0400] {dagbag.py:545} INFO - Filling up the DagBag from /opt/anaconda3/envs/airflow_env/lib/python3.10/site-packages/airflow/example_dags/example_branch_python_dop_operator_3.py
[2025-06-25T22:06:26.530-0400] {processor.py:840} INFO - DAG(s) 'example_branch_dop_operator_v3' retrieved from /opt/anaconda3/envs/airflow_env/lib/python3.10/site-packages/airflow/example_dags/example_branch_python_dop_operator_3.py
[2025-06-25T22:06:26.565-0400] {logging_mixin.py:188} INFO - [2025-06-25T22:06:26.565-0400] {dag.py:3096} INFO - Sync 1 DAGs
[2025-06-25T22:06:26.597-0400] {logging_mixin.py:188} INFO - [2025-06-25T22:06:26.597-0400] {dag.py:3954} INFO - Setting next_dagrun for example_branch_dop_operator_v3 to 2025-06-26 02:05:00+00:00, run_after=2025-06-26 02:06:00+00:00
[2025-06-25T22:06:26.605-0400] {processor.py:183} INFO - Processing /opt/anaconda3/envs/airflow_env/lib/python3.10/site-packages/airflow/example_dags/example_branch_python_dop_operator_3.py took 0.095 seconds
[2025-06-25T22:07:52.915-0400] {processor.py:161} INFO - Started process (PID=74281) to work on /opt/anaconda3/envs/airflow_env/lib/python3.10/site-packages/airflow/example_dags/example_branch_python_dop_operator_3.py
[2025-06-25T22:07:52.916-0400] {processor.py:830} INFO - Processing file /opt/anaconda3/envs/airflow_env/lib/python3.10/site-packages/airflow/example_dags/example_branch_python_dop_operator_3.py for tasks to queue
[2025-06-25T22:07:52.916-0400] {logging_mixin.py:188} INFO - [2025-06-25T22:07:52.916-0400] {dagbag.py:545} INFO - Filling up the DagBag from /opt/anaconda3/envs/airflow_env/lib/python3.10/site-packages/airflow/example_dags/example_branch_python_dop_operator_3.py
[2025-06-25T22:07:52.930-0400] {processor.py:840} INFO - DAG(s) 'example_branch_dop_operator_v3' retrieved from /opt/anaconda3/envs/airflow_env/lib/python3.10/site-packages/airflow/example_dags/example_branch_python_dop_operator_3.py
[2025-06-25T22:07:52.962-0400] {logging_mixin.py:188} INFO - [2025-06-25T22:07:52.962-0400] {dag.py:3096} INFO - Sync 1 DAGs
[2025-06-25T22:07:52.989-0400] {logging_mixin.py:188} INFO - [2025-06-25T22:07:52.989-0400] {dag.py:3954} INFO - Setting next_dagrun for example_branch_dop_operator_v3 to 2025-06-26 02:06:00+00:00, run_after=2025-06-26 02:07:00+00:00
[2025-06-25T22:07:52.996-0400] {processor.py:183} INFO - Processing /opt/anaconda3/envs/airflow_env/lib/python3.10/site-packages/airflow/example_dags/example_branch_python_dop_operator_3.py took 0.083 seconds
[2025-06-25T22:08:06.668-0400] {processor.py:161} INFO - Started process (PID=74305) to work on /opt/anaconda3/envs/airflow_env/lib/python3.10/site-packages/airflow/example_dags/example_branch_python_dop_operator_3.py
[2025-06-25T22:08:06.668-0400] {processor.py:830} INFO - Processing file /opt/anaconda3/envs/airflow_env/lib/python3.10/site-packages/airflow/example_dags/example_branch_python_dop_operator_3.py for tasks to queue
[2025-06-25T22:08:06.669-0400] {logging_mixin.py:188} INFO - [2025-06-25T22:08:06.669-0400] {dagbag.py:545} INFO - Filling up the DagBag from /opt/anaconda3/envs/airflow_env/lib/python3.10/site-packages/airflow/example_dags/example_branch_python_dop_operator_3.py
[2025-06-25T22:08:06.686-0400] {processor.py:840} INFO - DAG(s) 'example_branch_dop_operator_v3' retrieved from /opt/anaconda3/envs/airflow_env/lib/python3.10/site-packages/airflow/example_dags/example_branch_python_dop_operator_3.py
[2025-06-25T22:08:06.720-0400] {logging_mixin.py:188} INFO - [2025-06-25T22:08:06.720-0400] {dag.py:3096} INFO - Sync 1 DAGs
[2025-06-25T22:08:06.747-0400] {logging_mixin.py:188} INFO - [2025-06-25T22:08:06.747-0400] {dag.py:3954} INFO - Setting next_dagrun for example_branch_dop_operator_v3 to 2025-06-26 02:07:00+00:00, run_after=2025-06-26 02:08:00+00:00
[2025-06-25T22:08:06.753-0400] {processor.py:183} INFO - Processing /opt/anaconda3/envs/airflow_env/lib/python3.10/site-packages/airflow/example_dags/example_branch_python_dop_operator_3.py took 0.088 seconds
[2025-06-25T22:09:31.227-0400] {processor.py:161} INFO - Started process (PID=74429) to work on /opt/anaconda3/envs/airflow_env/lib/python3.10/site-packages/airflow/example_dags/example_branch_python_dop_operator_3.py
[2025-06-25T22:09:31.228-0400] {processor.py:830} INFO - Processing file /opt/anaconda3/envs/airflow_env/lib/python3.10/site-packages/airflow/example_dags/example_branch_python_dop_operator_3.py for tasks to queue
[2025-06-25T22:09:31.228-0400] {logging_mixin.py:188} INFO - [2025-06-25T22:09:31.228-0400] {dagbag.py:545} INFO - Filling up the DagBag from /opt/anaconda3/envs/airflow_env/lib/python3.10/site-packages/airflow/example_dags/example_branch_python_dop_operator_3.py
[2025-06-25T22:09:31.243-0400] {processor.py:840} INFO - DAG(s) 'example_branch_dop_operator_v3' retrieved from /opt/anaconda3/envs/airflow_env/lib/python3.10/site-packages/airflow/example_dags/example_branch_python_dop_operator_3.py
[2025-06-25T22:09:31.279-0400] {logging_mixin.py:188} INFO - [2025-06-25T22:09:31.278-0400] {dag.py:3096} INFO - Sync 1 DAGs
[2025-06-25T22:09:31.308-0400] {logging_mixin.py:188} INFO - [2025-06-25T22:09:31.308-0400] {dag.py:3954} INFO - Setting next_dagrun for example_branch_dop_operator_v3 to 2025-06-26 02:08:00+00:00, run_after=2025-06-26 02:09:00+00:00
[2025-06-25T22:09:31.315-0400] {processor.py:183} INFO - Processing /opt/anaconda3/envs/airflow_env/lib/python3.10/site-packages/airflow/example_dags/example_branch_python_dop_operator_3.py took 0.089 seconds
[2025-06-25T22:09:44.709-0400] {processor.py:161} INFO - Started process (PID=74449) to work on /opt/anaconda3/envs/airflow_env/lib/python3.10/site-packages/airflow/example_dags/example_branch_python_dop_operator_3.py
[2025-06-25T22:09:44.709-0400] {processor.py:830} INFO - Processing file /opt/anaconda3/envs/airflow_env/lib/python3.10/site-packages/airflow/example_dags/example_branch_python_dop_operator_3.py for tasks to queue
[2025-06-25T22:09:44.709-0400] {logging_mixin.py:188} INFO - [2025-06-25T22:09:44.709-0400] {dagbag.py:545} INFO - Filling up the DagBag from /opt/anaconda3/envs/airflow_env/lib/python3.10/site-packages/airflow/example_dags/example_branch_python_dop_operator_3.py
[2025-06-25T22:09:44.726-0400] {processor.py:840} INFO - DAG(s) 'example_branch_dop_operator_v3' retrieved from /opt/anaconda3/envs/airflow_env/lib/python3.10/site-packages/airflow/example_dags/example_branch_python_dop_operator_3.py
[2025-06-25T22:09:44.762-0400] {logging_mixin.py:188} INFO - [2025-06-25T22:09:44.762-0400] {dag.py:3096} INFO - Sync 1 DAGs
[2025-06-25T22:09:44.789-0400] {logging_mixin.py:188} INFO - [2025-06-25T22:09:44.789-0400] {dag.py:3954} INFO - Setting next_dagrun for example_branch_dop_operator_v3 to 2025-06-26 02:08:00+00:00, run_after=2025-06-26 02:09:00+00:00
[2025-06-25T22:09:44.796-0400] {processor.py:183} INFO - Processing /opt/anaconda3/envs/airflow_env/lib/python3.10/site-packages/airflow/example_dags/example_branch_python_dop_operator_3.py took 0.090 seconds
[2025-06-25T22:11:16.889-0400] {processor.py:161} INFO - Started process (PID=74576) to work on /opt/anaconda3/envs/airflow_env/lib/python3.10/site-packages/airflow/example_dags/example_branch_python_dop_operator_3.py
[2025-06-25T22:11:16.889-0400] {processor.py:830} INFO - Processing file /opt/anaconda3/envs/airflow_env/lib/python3.10/site-packages/airflow/example_dags/example_branch_python_dop_operator_3.py for tasks to queue
[2025-06-25T22:11:16.890-0400] {logging_mixin.py:188} INFO - [2025-06-25T22:11:16.890-0400] {dagbag.py:545} INFO - Filling up the DagBag from /opt/anaconda3/envs/airflow_env/lib/python3.10/site-packages/airflow/example_dags/example_branch_python_dop_operator_3.py
[2025-06-25T22:11:16.911-0400] {processor.py:840} INFO - DAG(s) 'example_branch_dop_operator_v3' retrieved from /opt/anaconda3/envs/airflow_env/lib/python3.10/site-packages/airflow/example_dags/example_branch_python_dop_operator_3.py
[2025-06-25T22:11:16.959-0400] {logging_mixin.py:188} INFO - [2025-06-25T22:11:16.959-0400] {dag.py:3096} INFO - Sync 1 DAGs
[2025-06-25T22:11:17.001-0400] {logging_mixin.py:188} INFO - [2025-06-25T22:11:17.001-0400] {dag.py:3954} INFO - Setting next_dagrun for example_branch_dop_operator_v3 to 2025-06-26 02:10:00+00:00, run_after=2025-06-26 02:11:00+00:00
[2025-06-25T22:11:17.009-0400] {processor.py:183} INFO - Processing /opt/anaconda3/envs/airflow_env/lib/python3.10/site-packages/airflow/example_dags/example_branch_python_dop_operator_3.py took 0.125 seconds
[2025-06-25T22:11:28.664-0400] {processor.py:161} INFO - Started process (PID=74597) to work on /opt/anaconda3/envs/airflow_env/lib/python3.10/site-packages/airflow/example_dags/example_branch_python_dop_operator_3.py
[2025-06-25T22:11:28.665-0400] {processor.py:830} INFO - Processing file /opt/anaconda3/envs/airflow_env/lib/python3.10/site-packages/airflow/example_dags/example_branch_python_dop_operator_3.py for tasks to queue
[2025-06-25T22:11:28.666-0400] {logging_mixin.py:188} INFO - [2025-06-25T22:11:28.666-0400] {dagbag.py:545} INFO - Filling up the DagBag from /opt/anaconda3/envs/airflow_env/lib/python3.10/site-packages/airflow/example_dags/example_branch_python_dop_operator_3.py
[2025-06-25T22:11:28.682-0400] {processor.py:840} INFO - DAG(s) 'example_branch_dop_operator_v3' retrieved from /opt/anaconda3/envs/airflow_env/lib/python3.10/site-packages/airflow/example_dags/example_branch_python_dop_operator_3.py
[2025-06-25T22:11:28.720-0400] {logging_mixin.py:188} INFO - [2025-06-25T22:11:28.720-0400] {dag.py:3096} INFO - Sync 1 DAGs
[2025-06-25T22:11:28.751-0400] {logging_mixin.py:188} INFO - [2025-06-25T22:11:28.751-0400] {dag.py:3954} INFO - Setting next_dagrun for example_branch_dop_operator_v3 to 2025-06-26 02:10:00+00:00, run_after=2025-06-26 02:11:00+00:00
[2025-06-25T22:11:28.759-0400] {processor.py:183} INFO - Processing /opt/anaconda3/envs/airflow_env/lib/python3.10/site-packages/airflow/example_dags/example_branch_python_dop_operator_3.py took 0.097 seconds
[2025-06-25T22:13:13.302-0400] {processor.py:161} INFO - Started process (PID=74777) to work on /opt/anaconda3/envs/airflow_env/lib/python3.10/site-packages/airflow/example_dags/example_branch_python_dop_operator_3.py
[2025-06-25T22:13:13.303-0400] {processor.py:830} INFO - Processing file /opt/anaconda3/envs/airflow_env/lib/python3.10/site-packages/airflow/example_dags/example_branch_python_dop_operator_3.py for tasks to queue
[2025-06-25T22:13:13.304-0400] {logging_mixin.py:188} INFO - [2025-06-25T22:13:13.304-0400] {dagbag.py:545} INFO - Filling up the DagBag from /opt/anaconda3/envs/airflow_env/lib/python3.10/site-packages/airflow/example_dags/example_branch_python_dop_operator_3.py
[2025-06-25T22:13:13.317-0400] {processor.py:840} INFO - DAG(s) 'example_branch_dop_operator_v3' retrieved from /opt/anaconda3/envs/airflow_env/lib/python3.10/site-packages/airflow/example_dags/example_branch_python_dop_operator_3.py
[2025-06-25T22:13:13.349-0400] {logging_mixin.py:188} INFO - [2025-06-25T22:13:13.349-0400] {dag.py:3096} INFO - Sync 1 DAGs
[2025-06-25T22:13:13.377-0400] {logging_mixin.py:188} INFO - [2025-06-25T22:13:13.377-0400] {dag.py:3954} INFO - Setting next_dagrun for example_branch_dop_operator_v3 to 2025-06-26 02:12:00+00:00, run_after=2025-06-26 02:13:00+00:00
[2025-06-25T22:13:13.384-0400] {processor.py:183} INFO - Processing /opt/anaconda3/envs/airflow_env/lib/python3.10/site-packages/airflow/example_dags/example_branch_python_dop_operator_3.py took 0.083 seconds
[2025-06-25T22:13:18.276-0400] {processor.py:161} INFO - Started process (PID=74784) to work on /opt/anaconda3/envs/airflow_env/lib/python3.10/site-packages/airflow/example_dags/example_branch_python_dop_operator_3.py
[2025-06-25T22:13:18.276-0400] {processor.py:830} INFO - Processing file /opt/anaconda3/envs/airflow_env/lib/python3.10/site-packages/airflow/example_dags/example_branch_python_dop_operator_3.py for tasks to queue
[2025-06-25T22:13:18.276-0400] {logging_mixin.py:188} INFO - [2025-06-25T22:13:18.276-0400] {dagbag.py:545} INFO - Filling up the DagBag from /opt/anaconda3/envs/airflow_env/lib/python3.10/site-packages/airflow/example_dags/example_branch_python_dop_operator_3.py
[2025-06-25T22:13:18.293-0400] {processor.py:840} INFO - DAG(s) 'example_branch_dop_operator_v3' retrieved from /opt/anaconda3/envs/airflow_env/lib/python3.10/site-packages/airflow/example_dags/example_branch_python_dop_operator_3.py
[2025-06-25T22:13:18.329-0400] {logging_mixin.py:188} INFO - [2025-06-25T22:13:18.329-0400] {dag.py:3096} INFO - Sync 1 DAGs
[2025-06-25T22:13:18.367-0400] {logging_mixin.py:188} INFO - [2025-06-25T22:13:18.367-0400] {dag.py:3954} INFO - Setting next_dagrun for example_branch_dop_operator_v3 to 2025-06-26 02:12:00+00:00, run_after=2025-06-26 02:13:00+00:00
[2025-06-25T22:13:18.375-0400] {processor.py:183} INFO - Processing /opt/anaconda3/envs/airflow_env/lib/python3.10/site-packages/airflow/example_dags/example_branch_python_dop_operator_3.py took 0.101 seconds
[2025-06-25T22:14:59.453-0400] {processor.py:161} INFO - Started process (PID=74925) to work on /opt/anaconda3/envs/airflow_env/lib/python3.10/site-packages/airflow/example_dags/example_branch_python_dop_operator_3.py
[2025-06-25T22:14:59.454-0400] {processor.py:830} INFO - Processing file /opt/anaconda3/envs/airflow_env/lib/python3.10/site-packages/airflow/example_dags/example_branch_python_dop_operator_3.py for tasks to queue
[2025-06-25T22:14:59.454-0400] {logging_mixin.py:188} INFO - [2025-06-25T22:14:59.454-0400] {dagbag.py:545} INFO - Filling up the DagBag from /opt/anaconda3/envs/airflow_env/lib/python3.10/site-packages/airflow/example_dags/example_branch_python_dop_operator_3.py
[2025-06-25T22:14:59.469-0400] {processor.py:840} INFO - DAG(s) 'example_branch_dop_operator_v3' retrieved from /opt/anaconda3/envs/airflow_env/lib/python3.10/site-packages/airflow/example_dags/example_branch_python_dop_operator_3.py
[2025-06-25T22:14:59.502-0400] {logging_mixin.py:188} INFO - [2025-06-25T22:14:59.502-0400] {dag.py:3096} INFO - Sync 1 DAGs
[2025-06-25T22:14:59.530-0400] {logging_mixin.py:188} INFO - [2025-06-25T22:14:59.529-0400] {dag.py:3954} INFO - Setting next_dagrun for example_branch_dop_operator_v3 to 2025-06-26 02:13:00+00:00, run_after=2025-06-26 02:14:00+00:00
[2025-06-25T22:14:59.536-0400] {processor.py:183} INFO - Processing /opt/anaconda3/envs/airflow_env/lib/python3.10/site-packages/airflow/example_dags/example_branch_python_dop_operator_3.py took 0.085 seconds
[2025-06-25T22:15:04.278-0400] {processor.py:161} INFO - Started process (PID=74932) to work on /opt/anaconda3/envs/airflow_env/lib/python3.10/site-packages/airflow/example_dags/example_branch_python_dop_operator_3.py
[2025-06-25T22:15:04.278-0400] {processor.py:830} INFO - Processing file /opt/anaconda3/envs/airflow_env/lib/python3.10/site-packages/airflow/example_dags/example_branch_python_dop_operator_3.py for tasks to queue
[2025-06-25T22:15:04.279-0400] {logging_mixin.py:188} INFO - [2025-06-25T22:15:04.279-0400] {dagbag.py:545} INFO - Filling up the DagBag from /opt/anaconda3/envs/airflow_env/lib/python3.10/site-packages/airflow/example_dags/example_branch_python_dop_operator_3.py
[2025-06-25T22:15:04.294-0400] {processor.py:840} INFO - DAG(s) 'example_branch_dop_operator_v3' retrieved from /opt/anaconda3/envs/airflow_env/lib/python3.10/site-packages/airflow/example_dags/example_branch_python_dop_operator_3.py
[2025-06-25T22:15:04.326-0400] {logging_mixin.py:188} INFO - [2025-06-25T22:15:04.326-0400] {dag.py:3096} INFO - Sync 1 DAGs
[2025-06-25T22:15:04.356-0400] {logging_mixin.py:188} INFO - [2025-06-25T22:15:04.356-0400] {dag.py:3954} INFO - Setting next_dagrun for example_branch_dop_operator_v3 to 2025-06-26 02:14:00+00:00, run_after=2025-06-26 02:15:00+00:00
[2025-06-25T22:15:04.364-0400] {processor.py:183} INFO - Processing /opt/anaconda3/envs/airflow_env/lib/python3.10/site-packages/airflow/example_dags/example_branch_python_dop_operator_3.py took 0.087 seconds
[2025-06-25T22:16:47.046-0400] {processor.py:161} INFO - Started process (PID=75076) to work on /opt/anaconda3/envs/airflow_env/lib/python3.10/site-packages/airflow/example_dags/example_branch_python_dop_operator_3.py
[2025-06-25T22:16:47.046-0400] {processor.py:830} INFO - Processing file /opt/anaconda3/envs/airflow_env/lib/python3.10/site-packages/airflow/example_dags/example_branch_python_dop_operator_3.py for tasks to queue
[2025-06-25T22:16:47.046-0400] {logging_mixin.py:188} INFO - [2025-06-25T22:16:47.046-0400] {dagbag.py:545} INFO - Filling up the DagBag from /opt/anaconda3/envs/airflow_env/lib/python3.10/site-packages/airflow/example_dags/example_branch_python_dop_operator_3.py
[2025-06-25T22:16:47.062-0400] {processor.py:840} INFO - DAG(s) 'example_branch_dop_operator_v3' retrieved from /opt/anaconda3/envs/airflow_env/lib/python3.10/site-packages/airflow/example_dags/example_branch_python_dop_operator_3.py
[2025-06-25T22:16:47.095-0400] {logging_mixin.py:188} INFO - [2025-06-25T22:16:47.094-0400] {dag.py:3096} INFO - Sync 1 DAGs
[2025-06-25T22:16:47.120-0400] {logging_mixin.py:188} INFO - [2025-06-25T22:16:47.120-0400] {dag.py:3954} INFO - Setting next_dagrun for example_branch_dop_operator_v3 to 2025-06-26 02:15:00+00:00, run_after=2025-06-26 02:16:00+00:00
[2025-06-25T22:16:47.127-0400] {processor.py:183} INFO - Processing /opt/anaconda3/envs/airflow_env/lib/python3.10/site-packages/airflow/example_dags/example_branch_python_dop_operator_3.py took 0.084 seconds
[2025-06-25T22:16:50.419-0400] {processor.py:161} INFO - Started process (PID=75083) to work on /opt/anaconda3/envs/airflow_env/lib/python3.10/site-packages/airflow/example_dags/example_branch_python_dop_operator_3.py
[2025-06-25T22:16:50.419-0400] {processor.py:830} INFO - Processing file /opt/anaconda3/envs/airflow_env/lib/python3.10/site-packages/airflow/example_dags/example_branch_python_dop_operator_3.py for tasks to queue
[2025-06-25T22:16:50.419-0400] {logging_mixin.py:188} INFO - [2025-06-25T22:16:50.419-0400] {dagbag.py:545} INFO - Filling up the DagBag from /opt/anaconda3/envs/airflow_env/lib/python3.10/site-packages/airflow/example_dags/example_branch_python_dop_operator_3.py
[2025-06-25T22:16:50.434-0400] {processor.py:840} INFO - DAG(s) 'example_branch_dop_operator_v3' retrieved from /opt/anaconda3/envs/airflow_env/lib/python3.10/site-packages/airflow/example_dags/example_branch_python_dop_operator_3.py
[2025-06-25T22:16:50.471-0400] {logging_mixin.py:188} INFO - [2025-06-25T22:16:50.471-0400] {dag.py:3096} INFO - Sync 1 DAGs
[2025-06-25T22:16:50.503-0400] {logging_mixin.py:188} INFO - [2025-06-25T22:16:50.503-0400] {dag.py:3954} INFO - Setting next_dagrun for example_branch_dop_operator_v3 to 2025-06-26 02:15:00+00:00, run_after=2025-06-26 02:16:00+00:00
[2025-06-25T22:16:50.509-0400] {processor.py:183} INFO - Processing /opt/anaconda3/envs/airflow_env/lib/python3.10/site-packages/airflow/example_dags/example_branch_python_dop_operator_3.py took 0.093 seconds
[2025-06-25T22:18:45.494-0400] {processor.py:161} INFO - Started process (PID=75238) to work on /opt/anaconda3/envs/airflow_env/lib/python3.10/site-packages/airflow/example_dags/example_branch_python_dop_operator_3.py
[2025-06-25T22:18:45.496-0400] {processor.py:830} INFO - Processing file /opt/anaconda3/envs/airflow_env/lib/python3.10/site-packages/airflow/example_dags/example_branch_python_dop_operator_3.py for tasks to queue
[2025-06-25T22:18:45.496-0400] {logging_mixin.py:188} INFO - [2025-06-25T22:18:45.496-0400] {dagbag.py:545} INFO - Filling up the DagBag from /opt/anaconda3/envs/airflow_env/lib/python3.10/site-packages/airflow/example_dags/example_branch_python_dop_operator_3.py
[2025-06-25T22:18:45.517-0400] {processor.py:840} INFO - DAG(s) 'example_branch_dop_operator_v3' retrieved from /opt/anaconda3/envs/airflow_env/lib/python3.10/site-packages/airflow/example_dags/example_branch_python_dop_operator_3.py
[2025-06-25T22:18:45.554-0400] {logging_mixin.py:188} INFO - [2025-06-25T22:18:45.554-0400] {dag.py:3096} INFO - Sync 1 DAGs
[2025-06-25T22:18:45.591-0400] {logging_mixin.py:188} INFO - [2025-06-25T22:18:45.590-0400] {dag.py:3954} INFO - Setting next_dagrun for example_branch_dop_operator_v3 to 2025-06-26 02:17:00+00:00, run_after=2025-06-26 02:18:00+00:00
[2025-06-25T22:18:45.598-0400] {processor.py:183} INFO - Processing /opt/anaconda3/envs/airflow_env/lib/python3.10/site-packages/airflow/example_dags/example_branch_python_dop_operator_3.py took 0.106 seconds
[2025-06-25T22:18:46.639-0400] {processor.py:161} INFO - Started process (PID=75240) to work on /opt/anaconda3/envs/airflow_env/lib/python3.10/site-packages/airflow/example_dags/example_branch_python_dop_operator_3.py
[2025-06-25T22:18:46.639-0400] {processor.py:830} INFO - Processing file /opt/anaconda3/envs/airflow_env/lib/python3.10/site-packages/airflow/example_dags/example_branch_python_dop_operator_3.py for tasks to queue
[2025-06-25T22:18:46.640-0400] {logging_mixin.py:188} INFO - [2025-06-25T22:18:46.640-0400] {dagbag.py:545} INFO - Filling up the DagBag from /opt/anaconda3/envs/airflow_env/lib/python3.10/site-packages/airflow/example_dags/example_branch_python_dop_operator_3.py
[2025-06-25T22:18:46.654-0400] {processor.py:840} INFO - DAG(s) 'example_branch_dop_operator_v3' retrieved from /opt/anaconda3/envs/airflow_env/lib/python3.10/site-packages/airflow/example_dags/example_branch_python_dop_operator_3.py
[2025-06-25T22:18:46.691-0400] {logging_mixin.py:188} INFO - [2025-06-25T22:18:46.691-0400] {dag.py:3096} INFO - Sync 1 DAGs
[2025-06-25T22:18:46.723-0400] {logging_mixin.py:188} INFO - [2025-06-25T22:18:46.722-0400] {dag.py:3954} INFO - Setting next_dagrun for example_branch_dop_operator_v3 to 2025-06-26 02:17:00+00:00, run_after=2025-06-26 02:18:00+00:00
[2025-06-25T22:18:46.732-0400] {processor.py:183} INFO - Processing /opt/anaconda3/envs/airflow_env/lib/python3.10/site-packages/airflow/example_dags/example_branch_python_dop_operator_3.py took 0.095 seconds
[2025-06-25T22:20:37.884-0400] {processor.py:161} INFO - Started process (PID=75386) to work on /opt/anaconda3/envs/airflow_env/lib/python3.10/site-packages/airflow/example_dags/example_branch_python_dop_operator_3.py
[2025-06-25T22:20:37.885-0400] {processor.py:830} INFO - Processing file /opt/anaconda3/envs/airflow_env/lib/python3.10/site-packages/airflow/example_dags/example_branch_python_dop_operator_3.py for tasks to queue
[2025-06-25T22:20:37.886-0400] {logging_mixin.py:188} INFO - [2025-06-25T22:20:37.885-0400] {dagbag.py:545} INFO - Filling up the DagBag from /opt/anaconda3/envs/airflow_env/lib/python3.10/site-packages/airflow/example_dags/example_branch_python_dop_operator_3.py
[2025-06-25T22:20:37.899-0400] {processor.py:840} INFO - DAG(s) 'example_branch_dop_operator_v3' retrieved from /opt/anaconda3/envs/airflow_env/lib/python3.10/site-packages/airflow/example_dags/example_branch_python_dop_operator_3.py
[2025-06-25T22:20:37.931-0400] {logging_mixin.py:188} INFO - [2025-06-25T22:20:37.931-0400] {dag.py:3096} INFO - Sync 1 DAGs
[2025-06-25T22:20:37.958-0400] {logging_mixin.py:188} INFO - [2025-06-25T22:20:37.958-0400] {dag.py:3954} INFO - Setting next_dagrun for example_branch_dop_operator_v3 to 2025-06-26 02:19:00+00:00, run_after=2025-06-26 02:20:00+00:00
[2025-06-25T22:20:37.964-0400] {processor.py:183} INFO - Processing /opt/anaconda3/envs/airflow_env/lib/python3.10/site-packages/airflow/example_dags/example_branch_python_dop_operator_3.py took 0.082 seconds
[2025-06-25T22:20:39.301-0400] {processor.py:161} INFO - Started process (PID=75387) to work on /opt/anaconda3/envs/airflow_env/lib/python3.10/site-packages/airflow/example_dags/example_branch_python_dop_operator_3.py
[2025-06-25T22:20:39.301-0400] {processor.py:830} INFO - Processing file /opt/anaconda3/envs/airflow_env/lib/python3.10/site-packages/airflow/example_dags/example_branch_python_dop_operator_3.py for tasks to queue
[2025-06-25T22:20:39.301-0400] {logging_mixin.py:188} INFO - [2025-06-25T22:20:39.301-0400] {dagbag.py:545} INFO - Filling up the DagBag from /opt/anaconda3/envs/airflow_env/lib/python3.10/site-packages/airflow/example_dags/example_branch_python_dop_operator_3.py
[2025-06-25T22:20:39.316-0400] {processor.py:840} INFO - DAG(s) 'example_branch_dop_operator_v3' retrieved from /opt/anaconda3/envs/airflow_env/lib/python3.10/site-packages/airflow/example_dags/example_branch_python_dop_operator_3.py
[2025-06-25T22:20:39.349-0400] {logging_mixin.py:188} INFO - [2025-06-25T22:20:39.349-0400] {dag.py:3096} INFO - Sync 1 DAGs
[2025-06-25T22:20:39.382-0400] {logging_mixin.py:188} INFO - [2025-06-25T22:20:39.382-0400] {dag.py:3954} INFO - Setting next_dagrun for example_branch_dop_operator_v3 to 2025-06-26 02:19:00+00:00, run_after=2025-06-26 02:20:00+00:00
[2025-06-25T22:20:39.390-0400] {processor.py:183} INFO - Processing /opt/anaconda3/envs/airflow_env/lib/python3.10/site-packages/airflow/example_dags/example_branch_python_dop_operator_3.py took 0.091 seconds
[2025-06-25T22:22:21.860-0400] {processor.py:161} INFO - Started process (PID=75576) to work on /opt/anaconda3/envs/airflow_env/lib/python3.10/site-packages/airflow/example_dags/example_branch_python_dop_operator_3.py
[2025-06-25T22:22:21.861-0400] {processor.py:830} INFO - Processing file /opt/anaconda3/envs/airflow_env/lib/python3.10/site-packages/airflow/example_dags/example_branch_python_dop_operator_3.py for tasks to queue
[2025-06-25T22:22:21.861-0400] {logging_mixin.py:188} INFO - [2025-06-25T22:22:21.861-0400] {dagbag.py:545} INFO - Filling up the DagBag from /opt/anaconda3/envs/airflow_env/lib/python3.10/site-packages/airflow/example_dags/example_branch_python_dop_operator_3.py
[2025-06-25T22:22:21.876-0400] {processor.py:840} INFO - DAG(s) 'example_branch_dop_operator_v3' retrieved from /opt/anaconda3/envs/airflow_env/lib/python3.10/site-packages/airflow/example_dags/example_branch_python_dop_operator_3.py
[2025-06-25T22:22:21.910-0400] {logging_mixin.py:188} INFO - [2025-06-25T22:22:21.910-0400] {dag.py:3096} INFO - Sync 1 DAGs
[2025-06-25T22:22:21.937-0400] {logging_mixin.py:188} INFO - [2025-06-25T22:22:21.937-0400] {dag.py:3954} INFO - Setting next_dagrun for example_branch_dop_operator_v3 to 2025-06-26 02:21:00+00:00, run_after=2025-06-26 02:22:00+00:00
[2025-06-25T22:22:21.944-0400] {processor.py:183} INFO - Processing /opt/anaconda3/envs/airflow_env/lib/python3.10/site-packages/airflow/example_dags/example_branch_python_dop_operator_3.py took 0.086 seconds
[2025-06-25T22:22:24.657-0400] {processor.py:161} INFO - Started process (PID=75579) to work on /opt/anaconda3/envs/airflow_env/lib/python3.10/site-packages/airflow/example_dags/example_branch_python_dop_operator_3.py
[2025-06-25T22:22:24.658-0400] {processor.py:830} INFO - Processing file /opt/anaconda3/envs/airflow_env/lib/python3.10/site-packages/airflow/example_dags/example_branch_python_dop_operator_3.py for tasks to queue
[2025-06-25T22:22:24.658-0400] {logging_mixin.py:188} INFO - [2025-06-25T22:22:24.658-0400] {dagbag.py:545} INFO - Filling up the DagBag from /opt/anaconda3/envs/airflow_env/lib/python3.10/site-packages/airflow/example_dags/example_branch_python_dop_operator_3.py
[2025-06-25T22:22:24.673-0400] {processor.py:840} INFO - DAG(s) 'example_branch_dop_operator_v3' retrieved from /opt/anaconda3/envs/airflow_env/lib/python3.10/site-packages/airflow/example_dags/example_branch_python_dop_operator_3.py
[2025-06-25T22:22:24.711-0400] {logging_mixin.py:188} INFO - [2025-06-25T22:22:24.711-0400] {dag.py:3096} INFO - Sync 1 DAGs
[2025-06-25T22:22:24.740-0400] {logging_mixin.py:188} INFO - [2025-06-25T22:22:24.740-0400] {dag.py:3954} INFO - Setting next_dagrun for example_branch_dop_operator_v3 to 2025-06-26 02:21:00+00:00, run_after=2025-06-26 02:22:00+00:00
[2025-06-25T22:22:24.747-0400] {processor.py:183} INFO - Processing /opt/anaconda3/envs/airflow_env/lib/python3.10/site-packages/airflow/example_dags/example_branch_python_dop_operator_3.py took 0.092 seconds
[2025-06-25T22:24:09.677-0400] {processor.py:161} INFO - Started process (PID=75756) to work on /opt/anaconda3/envs/airflow_env/lib/python3.10/site-packages/airflow/example_dags/example_branch_python_dop_operator_3.py
[2025-06-25T22:24:09.678-0400] {processor.py:830} INFO - Processing file /opt/anaconda3/envs/airflow_env/lib/python3.10/site-packages/airflow/example_dags/example_branch_python_dop_operator_3.py for tasks to queue
[2025-06-25T22:24:09.678-0400] {logging_mixin.py:188} INFO - [2025-06-25T22:24:09.678-0400] {dagbag.py:545} INFO - Filling up the DagBag from /opt/anaconda3/envs/airflow_env/lib/python3.10/site-packages/airflow/example_dags/example_branch_python_dop_operator_3.py
[2025-06-25T22:24:09.697-0400] {processor.py:840} INFO - DAG(s) 'example_branch_dop_operator_v3' retrieved from /opt/anaconda3/envs/airflow_env/lib/python3.10/site-packages/airflow/example_dags/example_branch_python_dop_operator_3.py
[2025-06-25T22:24:09.735-0400] {logging_mixin.py:188} INFO - [2025-06-25T22:24:09.734-0400] {dag.py:3096} INFO - Sync 1 DAGs
[2025-06-25T22:24:09.768-0400] {logging_mixin.py:188} INFO - [2025-06-25T22:24:09.768-0400] {dag.py:3954} INFO - Setting next_dagrun for example_branch_dop_operator_v3 to 2025-06-26 02:23:00+00:00, run_after=2025-06-26 02:24:00+00:00
[2025-06-25T22:24:09.775-0400] {processor.py:183} INFO - Processing /opt/anaconda3/envs/airflow_env/lib/python3.10/site-packages/airflow/example_dags/example_branch_python_dop_operator_3.py took 0.101 seconds
[2025-06-25T22:24:18.259-0400] {processor.py:161} INFO - Started process (PID=75765) to work on /opt/anaconda3/envs/airflow_env/lib/python3.10/site-packages/airflow/example_dags/example_branch_python_dop_operator_3.py
[2025-06-25T22:24:18.259-0400] {processor.py:830} INFO - Processing file /opt/anaconda3/envs/airflow_env/lib/python3.10/site-packages/airflow/example_dags/example_branch_python_dop_operator_3.py for tasks to queue
[2025-06-25T22:24:18.260-0400] {logging_mixin.py:188} INFO - [2025-06-25T22:24:18.259-0400] {dagbag.py:545} INFO - Filling up the DagBag from /opt/anaconda3/envs/airflow_env/lib/python3.10/site-packages/airflow/example_dags/example_branch_python_dop_operator_3.py
[2025-06-25T22:24:18.275-0400] {processor.py:840} INFO - DAG(s) 'example_branch_dop_operator_v3' retrieved from /opt/anaconda3/envs/airflow_env/lib/python3.10/site-packages/airflow/example_dags/example_branch_python_dop_operator_3.py
[2025-06-25T22:24:18.310-0400] {logging_mixin.py:188} INFO - [2025-06-25T22:24:18.310-0400] {dag.py:3096} INFO - Sync 1 DAGs
[2025-06-25T22:24:18.340-0400] {logging_mixin.py:188} INFO - [2025-06-25T22:24:18.340-0400] {dag.py:3954} INFO - Setting next_dagrun for example_branch_dop_operator_v3 to 2025-06-26 02:23:00+00:00, run_after=2025-06-26 02:24:00+00:00
[2025-06-25T22:24:18.350-0400] {processor.py:183} INFO - Processing /opt/anaconda3/envs/airflow_env/lib/python3.10/site-packages/airflow/example_dags/example_branch_python_dop_operator_3.py took 0.094 seconds
[2025-06-25T22:25:55.145-0400] {processor.py:161} INFO - Started process (PID=75921) to work on /opt/anaconda3/envs/airflow_env/lib/python3.10/site-packages/airflow/example_dags/example_branch_python_dop_operator_3.py
[2025-06-25T22:25:55.145-0400] {processor.py:830} INFO - Processing file /opt/anaconda3/envs/airflow_env/lib/python3.10/site-packages/airflow/example_dags/example_branch_python_dop_operator_3.py for tasks to queue
[2025-06-25T22:25:55.145-0400] {logging_mixin.py:188} INFO - [2025-06-25T22:25:55.145-0400] {dagbag.py:545} INFO - Filling up the DagBag from /opt/anaconda3/envs/airflow_env/lib/python3.10/site-packages/airflow/example_dags/example_branch_python_dop_operator_3.py
[2025-06-25T22:25:55.160-0400] {processor.py:840} INFO - DAG(s) 'example_branch_dop_operator_v3' retrieved from /opt/anaconda3/envs/airflow_env/lib/python3.10/site-packages/airflow/example_dags/example_branch_python_dop_operator_3.py
[2025-06-25T22:25:55.192-0400] {logging_mixin.py:188} INFO - [2025-06-25T22:25:55.192-0400] {dag.py:3096} INFO - Sync 1 DAGs
[2025-06-25T22:25:55.219-0400] {logging_mixin.py:188} INFO - [2025-06-25T22:25:55.219-0400] {dag.py:3954} INFO - Setting next_dagrun for example_branch_dop_operator_v3 to 2025-06-26 02:24:00+00:00, run_after=2025-06-26 02:25:00+00:00
[2025-06-25T22:25:55.226-0400] {processor.py:183} INFO - Processing /opt/anaconda3/envs/airflow_env/lib/python3.10/site-packages/airflow/example_dags/example_branch_python_dop_operator_3.py took 0.083 seconds
[2025-06-25T22:26:11.895-0400] {processor.py:161} INFO - Started process (PID=75945) to work on /opt/anaconda3/envs/airflow_env/lib/python3.10/site-packages/airflow/example_dags/example_branch_python_dop_operator_3.py
[2025-06-25T22:26:11.896-0400] {processor.py:830} INFO - Processing file /opt/anaconda3/envs/airflow_env/lib/python3.10/site-packages/airflow/example_dags/example_branch_python_dop_operator_3.py for tasks to queue
[2025-06-25T22:26:11.896-0400] {logging_mixin.py:188} INFO - [2025-06-25T22:26:11.896-0400] {dagbag.py:545} INFO - Filling up the DagBag from /opt/anaconda3/envs/airflow_env/lib/python3.10/site-packages/airflow/example_dags/example_branch_python_dop_operator_3.py
[2025-06-25T22:26:11.911-0400] {processor.py:840} INFO - DAG(s) 'example_branch_dop_operator_v3' retrieved from /opt/anaconda3/envs/airflow_env/lib/python3.10/site-packages/airflow/example_dags/example_branch_python_dop_operator_3.py
[2025-06-25T22:26:11.944-0400] {logging_mixin.py:188} INFO - [2025-06-25T22:26:11.944-0400] {dag.py:3096} INFO - Sync 1 DAGs
[2025-06-25T22:26:11.976-0400] {logging_mixin.py:188} INFO - [2025-06-25T22:26:11.976-0400] {dag.py:3954} INFO - Setting next_dagrun for example_branch_dop_operator_v3 to 2025-06-26 02:25:00+00:00, run_after=2025-06-26 02:26:00+00:00
[2025-06-25T22:26:11.986-0400] {processor.py:183} INFO - Processing /opt/anaconda3/envs/airflow_env/lib/python3.10/site-packages/airflow/example_dags/example_branch_python_dop_operator_3.py took 0.093 seconds
[2025-06-25T22:27:29.851-0400] {processor.py:161} INFO - Started process (PID=76067) to work on /opt/anaconda3/envs/airflow_env/lib/python3.10/site-packages/airflow/example_dags/example_branch_python_dop_operator_3.py
[2025-06-25T22:27:29.852-0400] {processor.py:830} INFO - Processing file /opt/anaconda3/envs/airflow_env/lib/python3.10/site-packages/airflow/example_dags/example_branch_python_dop_operator_3.py for tasks to queue
[2025-06-25T22:27:29.852-0400] {logging_mixin.py:188} INFO - [2025-06-25T22:27:29.852-0400] {dagbag.py:545} INFO - Filling up the DagBag from /opt/anaconda3/envs/airflow_env/lib/python3.10/site-packages/airflow/example_dags/example_branch_python_dop_operator_3.py
[2025-06-25T22:27:29.866-0400] {processor.py:840} INFO - DAG(s) 'example_branch_dop_operator_v3' retrieved from /opt/anaconda3/envs/airflow_env/lib/python3.10/site-packages/airflow/example_dags/example_branch_python_dop_operator_3.py
[2025-06-25T22:27:29.897-0400] {logging_mixin.py:188} INFO - [2025-06-25T22:27:29.897-0400] {dag.py:3096} INFO - Sync 1 DAGs
[2025-06-25T22:27:29.923-0400] {logging_mixin.py:188} INFO - [2025-06-25T22:27:29.923-0400] {dag.py:3954} INFO - Setting next_dagrun for example_branch_dop_operator_v3 to 2025-06-26 02:26:00+00:00, run_after=2025-06-26 02:27:00+00:00
[2025-06-25T22:27:29.930-0400] {processor.py:183} INFO - Processing /opt/anaconda3/envs/airflow_env/lib/python3.10/site-packages/airflow/example_dags/example_branch_python_dop_operator_3.py took 0.081 seconds
[2025-06-25T22:27:48.371-0400] {processor.py:161} INFO - Started process (PID=76099) to work on /opt/anaconda3/envs/airflow_env/lib/python3.10/site-packages/airflow/example_dags/example_branch_python_dop_operator_3.py
[2025-06-25T22:27:48.371-0400] {processor.py:830} INFO - Processing file /opt/anaconda3/envs/airflow_env/lib/python3.10/site-packages/airflow/example_dags/example_branch_python_dop_operator_3.py for tasks to queue
[2025-06-25T22:27:48.371-0400] {logging_mixin.py:188} INFO - [2025-06-25T22:27:48.371-0400] {dagbag.py:545} INFO - Filling up the DagBag from /opt/anaconda3/envs/airflow_env/lib/python3.10/site-packages/airflow/example_dags/example_branch_python_dop_operator_3.py
[2025-06-25T22:27:48.385-0400] {processor.py:840} INFO - DAG(s) 'example_branch_dop_operator_v3' retrieved from /opt/anaconda3/envs/airflow_env/lib/python3.10/site-packages/airflow/example_dags/example_branch_python_dop_operator_3.py
[2025-06-25T22:27:48.419-0400] {logging_mixin.py:188} INFO - [2025-06-25T22:27:48.419-0400] {dag.py:3096} INFO - Sync 1 DAGs
[2025-06-25T22:27:48.450-0400] {logging_mixin.py:188} INFO - [2025-06-25T22:27:48.450-0400] {dag.py:3954} INFO - Setting next_dagrun for example_branch_dop_operator_v3 to 2025-06-26 02:26:00+00:00, run_after=2025-06-26 02:27:00+00:00
[2025-06-25T22:27:48.457-0400] {processor.py:183} INFO - Processing /opt/anaconda3/envs/airflow_env/lib/python3.10/site-packages/airflow/example_dags/example_branch_python_dop_operator_3.py took 0.088 seconds
[2025-06-25T22:29:13.182-0400] {processor.py:161} INFO - Started process (PID=76249) to work on /opt/anaconda3/envs/airflow_env/lib/python3.10/site-packages/airflow/example_dags/example_branch_python_dop_operator_3.py
[2025-06-25T22:29:13.182-0400] {processor.py:830} INFO - Processing file /opt/anaconda3/envs/airflow_env/lib/python3.10/site-packages/airflow/example_dags/example_branch_python_dop_operator_3.py for tasks to queue
[2025-06-25T22:29:13.183-0400] {logging_mixin.py:188} INFO - [2025-06-25T22:29:13.183-0400] {dagbag.py:545} INFO - Filling up the DagBag from /opt/anaconda3/envs/airflow_env/lib/python3.10/site-packages/airflow/example_dags/example_branch_python_dop_operator_3.py
[2025-06-25T22:29:13.198-0400] {processor.py:840} INFO - DAG(s) 'example_branch_dop_operator_v3' retrieved from /opt/anaconda3/envs/airflow_env/lib/python3.10/site-packages/airflow/example_dags/example_branch_python_dop_operator_3.py
[2025-06-25T22:29:13.236-0400] {logging_mixin.py:188} INFO - [2025-06-25T22:29:13.235-0400] {dag.py:3096} INFO - Sync 1 DAGs
[2025-06-25T22:29:13.274-0400] {logging_mixin.py:188} INFO - [2025-06-25T22:29:13.273-0400] {dag.py:3954} INFO - Setting next_dagrun for example_branch_dop_operator_v3 to 2025-06-26 02:28:00+00:00, run_after=2025-06-26 02:29:00+00:00
[2025-06-25T22:29:13.283-0400] {processor.py:183} INFO - Processing /opt/anaconda3/envs/airflow_env/lib/python3.10/site-packages/airflow/example_dags/example_branch_python_dop_operator_3.py took 0.103 seconds
[2025-06-25T22:29:37.375-0400] {processor.py:161} INFO - Started process (PID=76298) to work on /opt/anaconda3/envs/airflow_env/lib/python3.10/site-packages/airflow/example_dags/example_branch_python_dop_operator_3.py
[2025-06-25T22:29:37.377-0400] {processor.py:830} INFO - Processing file /opt/anaconda3/envs/airflow_env/lib/python3.10/site-packages/airflow/example_dags/example_branch_python_dop_operator_3.py for tasks to queue
[2025-06-25T22:29:37.377-0400] {logging_mixin.py:188} INFO - [2025-06-25T22:29:37.377-0400] {dagbag.py:545} INFO - Filling up the DagBag from /opt/anaconda3/envs/airflow_env/lib/python3.10/site-packages/airflow/example_dags/example_branch_python_dop_operator_3.py
[2025-06-25T22:29:37.396-0400] {processor.py:840} INFO - DAG(s) 'example_branch_dop_operator_v3' retrieved from /opt/anaconda3/envs/airflow_env/lib/python3.10/site-packages/airflow/example_dags/example_branch_python_dop_operator_3.py
[2025-06-25T22:29:37.434-0400] {logging_mixin.py:188} INFO - [2025-06-25T22:29:37.434-0400] {dag.py:3096} INFO - Sync 1 DAGs
[2025-06-25T22:29:37.469-0400] {logging_mixin.py:188} INFO - [2025-06-25T22:29:37.469-0400] {dag.py:3954} INFO - Setting next_dagrun for example_branch_dop_operator_v3 to 2025-06-26 02:28:00+00:00, run_after=2025-06-26 02:29:00+00:00
[2025-06-25T22:29:37.477-0400] {processor.py:183} INFO - Processing /opt/anaconda3/envs/airflow_env/lib/python3.10/site-packages/airflow/example_dags/example_branch_python_dop_operator_3.py took 0.104 seconds
[2025-06-25T22:31:00.307-0400] {processor.py:161} INFO - Started process (PID=76433) to work on /opt/anaconda3/envs/airflow_env/lib/python3.10/site-packages/airflow/example_dags/example_branch_python_dop_operator_3.py
[2025-06-25T22:31:00.308-0400] {processor.py:830} INFO - Processing file /opt/anaconda3/envs/airflow_env/lib/python3.10/site-packages/airflow/example_dags/example_branch_python_dop_operator_3.py for tasks to queue
[2025-06-25T22:31:00.308-0400] {logging_mixin.py:188} INFO - [2025-06-25T22:31:00.308-0400] {dagbag.py:545} INFO - Filling up the DagBag from /opt/anaconda3/envs/airflow_env/lib/python3.10/site-packages/airflow/example_dags/example_branch_python_dop_operator_3.py
[2025-06-25T22:31:00.324-0400] {processor.py:840} INFO - DAG(s) 'example_branch_dop_operator_v3' retrieved from /opt/anaconda3/envs/airflow_env/lib/python3.10/site-packages/airflow/example_dags/example_branch_python_dop_operator_3.py
[2025-06-25T22:31:00.359-0400] {logging_mixin.py:188} INFO - [2025-06-25T22:31:00.359-0400] {dag.py:3096} INFO - Sync 1 DAGs
[2025-06-25T22:31:00.392-0400] {logging_mixin.py:188} INFO - [2025-06-25T22:31:00.392-0400] {dag.py:3954} INFO - Setting next_dagrun for example_branch_dop_operator_v3 to 2025-06-26 02:30:00+00:00, run_after=2025-06-26 02:31:00+00:00
[2025-06-25T22:31:00.399-0400] {processor.py:183} INFO - Processing /opt/anaconda3/envs/airflow_env/lib/python3.10/site-packages/airflow/example_dags/example_branch_python_dop_operator_3.py took 0.094 seconds
[2025-06-25T22:31:23.938-0400] {processor.py:161} INFO - Started process (PID=76465) to work on /opt/anaconda3/envs/airflow_env/lib/python3.10/site-packages/airflow/example_dags/example_branch_python_dop_operator_3.py
[2025-06-25T22:31:23.938-0400] {processor.py:830} INFO - Processing file /opt/anaconda3/envs/airflow_env/lib/python3.10/site-packages/airflow/example_dags/example_branch_python_dop_operator_3.py for tasks to queue
[2025-06-25T22:31:23.938-0400] {logging_mixin.py:188} INFO - [2025-06-25T22:31:23.938-0400] {dagbag.py:545} INFO - Filling up the DagBag from /opt/anaconda3/envs/airflow_env/lib/python3.10/site-packages/airflow/example_dags/example_branch_python_dop_operator_3.py
[2025-06-25T22:31:23.952-0400] {processor.py:840} INFO - DAG(s) 'example_branch_dop_operator_v3' retrieved from /opt/anaconda3/envs/airflow_env/lib/python3.10/site-packages/airflow/example_dags/example_branch_python_dop_operator_3.py
[2025-06-25T22:31:23.983-0400] {logging_mixin.py:188} INFO - [2025-06-25T22:31:23.982-0400] {dag.py:3096} INFO - Sync 1 DAGs
[2025-06-25T22:31:24.008-0400] {logging_mixin.py:188} INFO - [2025-06-25T22:31:24.008-0400] {dag.py:3954} INFO - Setting next_dagrun for example_branch_dop_operator_v3 to 2025-06-26 02:30:00+00:00, run_after=2025-06-26 02:31:00+00:00
[2025-06-25T22:31:24.015-0400] {processor.py:183} INFO - Processing /opt/anaconda3/envs/airflow_env/lib/python3.10/site-packages/airflow/example_dags/example_branch_python_dop_operator_3.py took 0.079 seconds
