[2025-06-25T20:01:00.001-0400] {processor.py:161} INFO - Started process (PID=55847) to work on /opt/anaconda3/envs/airflow_env/lib/python3.10/site-packages/airflow/example_dags/example_sensors.py
[2025-06-25T20:01:00.001-0400] {processor.py:830} INFO - Processing file /opt/anaconda3/envs/airflow_env/lib/python3.10/site-packages/airflow/example_dags/example_sensors.py for tasks to queue
[2025-06-25T20:01:00.002-0400] {logging_mixin.py:188} INFO - [2025-06-25T20:01:00.002-0400] {dagbag.py:545} INFO - Filling up the DagBag from /opt/anaconda3/envs/airflow_env/lib/python3.10/site-packages/airflow/example_dags/example_sensors.py
[2025-06-25T20:01:00.007-0400] {processor.py:840} INFO - DAG(s) 'example_sensors' retrieved from /opt/anaconda3/envs/airflow_env/lib/python3.10/site-packages/airflow/example_dags/example_sensors.py
[2025-06-25T20:01:00.048-0400] {logging_mixin.py:188} INFO - [2025-06-25T20:01:00.048-0400] {dag.py:3096} INFO - Sync 1 DAGs
[2025-06-25T20:01:00.052-0400] {logging_mixin.py:188} INFO - [2025-06-25T20:01:00.051-0400] {dag.py:3954} INFO - Setting next_dagrun for example_sensors to None, run_after=None
[2025-06-25T20:01:00.058-0400] {processor.py:183} INFO - Processing /opt/anaconda3/envs/airflow_env/lib/python3.10/site-packages/airflow/example_dags/example_sensors.py took 0.059 seconds
[2025-06-25T20:02:41.526-0400] {processor.py:161} INFO - Started process (PID=59978) to work on /opt/anaconda3/envs/airflow_env/lib/python3.10/site-packages/airflow/example_dags/example_sensors.py
[2025-06-25T20:02:41.527-0400] {processor.py:830} INFO - Processing file /opt/anaconda3/envs/airflow_env/lib/python3.10/site-packages/airflow/example_dags/example_sensors.py for tasks to queue
[2025-06-25T20:02:41.527-0400] {logging_mixin.py:188} INFO - [2025-06-25T20:02:41.527-0400] {dagbag.py:545} INFO - Filling up the DagBag from /opt/anaconda3/envs/airflow_env/lib/python3.10/site-packages/airflow/example_dags/example_sensors.py
[2025-06-25T20:02:41.533-0400] {processor.py:840} INFO - DAG(s) 'example_sensors' retrieved from /opt/anaconda3/envs/airflow_env/lib/python3.10/site-packages/airflow/example_dags/example_sensors.py
[2025-06-25T20:02:41.572-0400] {logging_mixin.py:188} INFO - [2025-06-25T20:02:41.572-0400] {dag.py:3096} INFO - Sync 1 DAGs
[2025-06-25T20:02:41.575-0400] {logging_mixin.py:188} INFO - [2025-06-25T20:02:41.575-0400] {dag.py:3954} INFO - Setting next_dagrun for example_sensors to None, run_after=None
[2025-06-25T20:02:41.581-0400] {processor.py:183} INFO - Processing /opt/anaconda3/envs/airflow_env/lib/python3.10/site-packages/airflow/example_dags/example_sensors.py took 0.057 seconds
[2025-06-25T20:04:11.480-0400] {processor.py:161} INFO - Started process (PID=60049) to work on /opt/anaconda3/envs/airflow_env/lib/python3.10/site-packages/airflow/example_dags/example_sensors.py
[2025-06-25T20:04:11.481-0400] {processor.py:830} INFO - Processing file /opt/anaconda3/envs/airflow_env/lib/python3.10/site-packages/airflow/example_dags/example_sensors.py for tasks to queue
[2025-06-25T20:04:11.481-0400] {logging_mixin.py:188} INFO - [2025-06-25T20:04:11.481-0400] {dagbag.py:545} INFO - Filling up the DagBag from /opt/anaconda3/envs/airflow_env/lib/python3.10/site-packages/airflow/example_dags/example_sensors.py
[2025-06-25T20:04:11.487-0400] {processor.py:840} INFO - DAG(s) 'example_sensors' retrieved from /opt/anaconda3/envs/airflow_env/lib/python3.10/site-packages/airflow/example_dags/example_sensors.py
[2025-06-25T20:04:11.527-0400] {logging_mixin.py:188} INFO - [2025-06-25T20:04:11.527-0400] {dag.py:3096} INFO - Sync 1 DAGs
[2025-06-25T20:04:11.531-0400] {logging_mixin.py:188} INFO - [2025-06-25T20:04:11.531-0400] {dag.py:3954} INFO - Setting next_dagrun for example_sensors to None, run_after=None
[2025-06-25T20:04:11.537-0400] {processor.py:183} INFO - Processing /opt/anaconda3/envs/airflow_env/lib/python3.10/site-packages/airflow/example_dags/example_sensors.py took 0.059 seconds
[2025-06-25T20:06:04.705-0400] {processor.py:161} INFO - Started process (PID=60836) to work on /opt/anaconda3/envs/airflow_env/lib/python3.10/site-packages/airflow/example_dags/example_sensors.py
[2025-06-25T20:06:04.706-0400] {processor.py:830} INFO - Processing file /opt/anaconda3/envs/airflow_env/lib/python3.10/site-packages/airflow/example_dags/example_sensors.py for tasks to queue
[2025-06-25T20:06:04.706-0400] {logging_mixin.py:188} INFO - [2025-06-25T20:06:04.706-0400] {dagbag.py:545} INFO - Filling up the DagBag from /opt/anaconda3/envs/airflow_env/lib/python3.10/site-packages/airflow/example_dags/example_sensors.py
[2025-06-25T20:06:04.711-0400] {processor.py:840} INFO - DAG(s) 'example_sensors' retrieved from /opt/anaconda3/envs/airflow_env/lib/python3.10/site-packages/airflow/example_dags/example_sensors.py
[2025-06-25T20:06:04.768-0400] {logging_mixin.py:188} INFO - [2025-06-25T20:06:04.768-0400] {dag.py:3096} INFO - Sync 1 DAGs
[2025-06-25T20:06:04.772-0400] {logging_mixin.py:188} INFO - [2025-06-25T20:06:04.772-0400] {dag.py:3954} INFO - Setting next_dagrun for example_sensors to None, run_after=None
[2025-06-25T20:06:04.779-0400] {processor.py:183} INFO - Processing /opt/anaconda3/envs/airflow_env/lib/python3.10/site-packages/airflow/example_dags/example_sensors.py took 0.076 seconds
[2025-06-25T20:06:50.094-0400] {processor.py:161} INFO - Started process (PID=60951) to work on /opt/anaconda3/envs/airflow_env/lib/python3.10/site-packages/airflow/example_dags/example_sensors.py
[2025-06-25T20:06:50.095-0400] {processor.py:830} INFO - Processing file /opt/anaconda3/envs/airflow_env/lib/python3.10/site-packages/airflow/example_dags/example_sensors.py for tasks to queue
[2025-06-25T20:06:50.095-0400] {logging_mixin.py:188} INFO - [2025-06-25T20:06:50.095-0400] {dagbag.py:545} INFO - Filling up the DagBag from /opt/anaconda3/envs/airflow_env/lib/python3.10/site-packages/airflow/example_dags/example_sensors.py
[2025-06-25T20:06:50.101-0400] {processor.py:840} INFO - DAG(s) 'example_sensors' retrieved from /opt/anaconda3/envs/airflow_env/lib/python3.10/site-packages/airflow/example_dags/example_sensors.py
[2025-06-25T20:06:50.155-0400] {logging_mixin.py:188} INFO - [2025-06-25T20:06:50.155-0400] {dag.py:3096} INFO - Sync 1 DAGs
[2025-06-25T20:06:50.158-0400] {logging_mixin.py:188} INFO - [2025-06-25T20:06:50.158-0400] {dag.py:3954} INFO - Setting next_dagrun for example_sensors to None, run_after=None
[2025-06-25T20:06:50.165-0400] {processor.py:183} INFO - Processing /opt/anaconda3/envs/airflow_env/lib/python3.10/site-packages/airflow/example_dags/example_sensors.py took 0.072 seconds
[2025-06-25T20:07:28.615-0400] {processor.py:161} INFO - Started process (PID=61065) to work on /opt/anaconda3/envs/airflow_env/lib/python3.10/site-packages/airflow/example_dags/example_sensors.py
[2025-06-25T20:07:28.615-0400] {processor.py:830} INFO - Processing file /opt/anaconda3/envs/airflow_env/lib/python3.10/site-packages/airflow/example_dags/example_sensors.py for tasks to queue
[2025-06-25T20:07:28.616-0400] {logging_mixin.py:188} INFO - [2025-06-25T20:07:28.616-0400] {dagbag.py:545} INFO - Filling up the DagBag from /opt/anaconda3/envs/airflow_env/lib/python3.10/site-packages/airflow/example_dags/example_sensors.py
[2025-06-25T20:07:28.624-0400] {processor.py:840} INFO - DAG(s) 'example_sensors' retrieved from /opt/anaconda3/envs/airflow_env/lib/python3.10/site-packages/airflow/example_dags/example_sensors.py
[2025-06-25T20:07:28.691-0400] {logging_mixin.py:188} INFO - [2025-06-25T20:07:28.691-0400] {dag.py:3096} INFO - Sync 1 DAGs
[2025-06-25T20:07:28.696-0400] {logging_mixin.py:188} INFO - [2025-06-25T20:07:28.696-0400] {dag.py:3954} INFO - Setting next_dagrun for example_sensors to None, run_after=None
[2025-06-25T20:07:28.707-0400] {processor.py:183} INFO - Processing /opt/anaconda3/envs/airflow_env/lib/python3.10/site-packages/airflow/example_dags/example_sensors.py took 0.094 seconds
[2025-06-25T20:08:24.830-0400] {processor.py:161} INFO - Started process (PID=61201) to work on /opt/anaconda3/envs/airflow_env/lib/python3.10/site-packages/airflow/example_dags/example_sensors.py
[2025-06-25T20:08:24.831-0400] {processor.py:830} INFO - Processing file /opt/anaconda3/envs/airflow_env/lib/python3.10/site-packages/airflow/example_dags/example_sensors.py for tasks to queue
[2025-06-25T20:08:24.831-0400] {logging_mixin.py:188} INFO - [2025-06-25T20:08:24.831-0400] {dagbag.py:545} INFO - Filling up the DagBag from /opt/anaconda3/envs/airflow_env/lib/python3.10/site-packages/airflow/example_dags/example_sensors.py
[2025-06-25T20:08:24.836-0400] {processor.py:840} INFO - DAG(s) 'example_sensors' retrieved from /opt/anaconda3/envs/airflow_env/lib/python3.10/site-packages/airflow/example_dags/example_sensors.py
[2025-06-25T20:08:24.873-0400] {logging_mixin.py:188} INFO - [2025-06-25T20:08:24.873-0400] {dag.py:3096} INFO - Sync 1 DAGs
[2025-06-25T20:08:24.876-0400] {logging_mixin.py:188} INFO - [2025-06-25T20:08:24.876-0400] {dag.py:3954} INFO - Setting next_dagrun for example_sensors to None, run_after=None
[2025-06-25T20:08:24.882-0400] {processor.py:183} INFO - Processing /opt/anaconda3/envs/airflow_env/lib/python3.10/site-packages/airflow/example_dags/example_sensors.py took 0.054 seconds
[2025-06-25T20:09:51.934-0400] {processor.py:161} INFO - Started process (PID=61429) to work on /opt/anaconda3/envs/airflow_env/lib/python3.10/site-packages/airflow/example_dags/example_sensors.py
[2025-06-25T20:09:51.934-0400] {processor.py:830} INFO - Processing file /opt/anaconda3/envs/airflow_env/lib/python3.10/site-packages/airflow/example_dags/example_sensors.py for tasks to queue
[2025-06-25T20:09:51.935-0400] {logging_mixin.py:188} INFO - [2025-06-25T20:09:51.935-0400] {dagbag.py:545} INFO - Filling up the DagBag from /opt/anaconda3/envs/airflow_env/lib/python3.10/site-packages/airflow/example_dags/example_sensors.py
[2025-06-25T20:09:51.940-0400] {processor.py:840} INFO - DAG(s) 'example_sensors' retrieved from /opt/anaconda3/envs/airflow_env/lib/python3.10/site-packages/airflow/example_dags/example_sensors.py
[2025-06-25T20:09:51.981-0400] {logging_mixin.py:188} INFO - [2025-06-25T20:09:51.981-0400] {dag.py:3096} INFO - Sync 1 DAGs
[2025-06-25T20:09:51.985-0400] {logging_mixin.py:188} INFO - [2025-06-25T20:09:51.985-0400] {dag.py:3954} INFO - Setting next_dagrun for example_sensors to None, run_after=None
[2025-06-25T20:09:51.993-0400] {processor.py:183} INFO - Processing /opt/anaconda3/envs/airflow_env/lib/python3.10/site-packages/airflow/example_dags/example_sensors.py took 0.060 seconds
[2025-06-25T20:10:52.392-0400] {processor.py:161} INFO - Started process (PID=61559) to work on /opt/anaconda3/envs/airflow_env/lib/python3.10/site-packages/airflow/example_dags/example_sensors.py
[2025-06-25T20:10:52.392-0400] {processor.py:830} INFO - Processing file /opt/anaconda3/envs/airflow_env/lib/python3.10/site-packages/airflow/example_dags/example_sensors.py for tasks to queue
[2025-06-25T20:10:52.393-0400] {logging_mixin.py:188} INFO - [2025-06-25T20:10:52.393-0400] {dagbag.py:545} INFO - Filling up the DagBag from /opt/anaconda3/envs/airflow_env/lib/python3.10/site-packages/airflow/example_dags/example_sensors.py
[2025-06-25T20:10:52.400-0400] {processor.py:840} INFO - DAG(s) 'example_sensors' retrieved from /opt/anaconda3/envs/airflow_env/lib/python3.10/site-packages/airflow/example_dags/example_sensors.py
[2025-06-25T20:10:52.446-0400] {logging_mixin.py:188} INFO - [2025-06-25T20:10:52.446-0400] {dag.py:3096} INFO - Sync 1 DAGs
[2025-06-25T20:10:52.450-0400] {logging_mixin.py:188} INFO - [2025-06-25T20:10:52.450-0400] {dag.py:3954} INFO - Setting next_dagrun for example_sensors to None, run_after=None
[2025-06-25T20:10:52.458-0400] {processor.py:183} INFO - Processing /opt/anaconda3/envs/airflow_env/lib/python3.10/site-packages/airflow/example_dags/example_sensors.py took 0.068 seconds
[2025-06-25T20:12:14.493-0400] {processor.py:161} INFO - Started process (PID=61733) to work on /opt/anaconda3/envs/airflow_env/lib/python3.10/site-packages/airflow/example_dags/example_sensors.py
[2025-06-25T20:12:14.493-0400] {processor.py:830} INFO - Processing file /opt/anaconda3/envs/airflow_env/lib/python3.10/site-packages/airflow/example_dags/example_sensors.py for tasks to queue
[2025-06-25T20:12:14.493-0400] {logging_mixin.py:188} INFO - [2025-06-25T20:12:14.493-0400] {dagbag.py:545} INFO - Filling up the DagBag from /opt/anaconda3/envs/airflow_env/lib/python3.10/site-packages/airflow/example_dags/example_sensors.py
[2025-06-25T20:12:14.498-0400] {processor.py:840} INFO - DAG(s) 'example_sensors' retrieved from /opt/anaconda3/envs/airflow_env/lib/python3.10/site-packages/airflow/example_dags/example_sensors.py
[2025-06-25T20:12:14.538-0400] {logging_mixin.py:188} INFO - [2025-06-25T20:12:14.538-0400] {dag.py:3096} INFO - Sync 1 DAGs
[2025-06-25T20:12:14.541-0400] {logging_mixin.py:188} INFO - [2025-06-25T20:12:14.541-0400] {dag.py:3954} INFO - Setting next_dagrun for example_sensors to None, run_after=None
[2025-06-25T20:12:14.548-0400] {processor.py:183} INFO - Processing /opt/anaconda3/envs/airflow_env/lib/python3.10/site-packages/airflow/example_dags/example_sensors.py took 0.057 seconds
[2025-06-25T20:12:15.892-0400] {processor.py:161} INFO - Started process (PID=61735) to work on /opt/anaconda3/envs/airflow_env/lib/python3.10/site-packages/airflow/example_dags/example_sensors.py
[2025-06-25T20:12:15.893-0400] {processor.py:830} INFO - Processing file /opt/anaconda3/envs/airflow_env/lib/python3.10/site-packages/airflow/example_dags/example_sensors.py for tasks to queue
[2025-06-25T20:12:15.893-0400] {logging_mixin.py:188} INFO - [2025-06-25T20:12:15.893-0400] {dagbag.py:545} INFO - Filling up the DagBag from /opt/anaconda3/envs/airflow_env/lib/python3.10/site-packages/airflow/example_dags/example_sensors.py
[2025-06-25T20:12:15.899-0400] {processor.py:840} INFO - DAG(s) 'example_sensors' retrieved from /opt/anaconda3/envs/airflow_env/lib/python3.10/site-packages/airflow/example_dags/example_sensors.py
[2025-06-25T20:12:15.940-0400] {logging_mixin.py:188} INFO - [2025-06-25T20:12:15.940-0400] {dag.py:3096} INFO - Sync 1 DAGs
[2025-06-25T20:12:15.943-0400] {logging_mixin.py:188} INFO - [2025-06-25T20:12:15.943-0400] {dag.py:3954} INFO - Setting next_dagrun for example_sensors to None, run_after=None
[2025-06-25T20:12:15.950-0400] {processor.py:183} INFO - Processing /opt/anaconda3/envs/airflow_env/lib/python3.10/site-packages/airflow/example_dags/example_sensors.py took 0.060 seconds
[2025-06-25T20:13:26.913-0400] {processor.py:161} INFO - Started process (PID=61886) to work on /opt/anaconda3/envs/airflow_env/lib/python3.10/site-packages/airflow/example_dags/example_sensors.py
[2025-06-25T20:13:26.913-0400] {processor.py:830} INFO - Processing file /opt/anaconda3/envs/airflow_env/lib/python3.10/site-packages/airflow/example_dags/example_sensors.py for tasks to queue
[2025-06-25T20:13:26.914-0400] {logging_mixin.py:188} INFO - [2025-06-25T20:13:26.914-0400] {dagbag.py:545} INFO - Filling up the DagBag from /opt/anaconda3/envs/airflow_env/lib/python3.10/site-packages/airflow/example_dags/example_sensors.py
[2025-06-25T20:13:26.919-0400] {processor.py:840} INFO - DAG(s) 'example_sensors' retrieved from /opt/anaconda3/envs/airflow_env/lib/python3.10/site-packages/airflow/example_dags/example_sensors.py
[2025-06-25T20:13:26.962-0400] {logging_mixin.py:188} INFO - [2025-06-25T20:13:26.961-0400] {dag.py:3096} INFO - Sync 1 DAGs
[2025-06-25T20:13:26.965-0400] {logging_mixin.py:188} INFO - [2025-06-25T20:13:26.965-0400] {dag.py:3954} INFO - Setting next_dagrun for example_sensors to None, run_after=None
[2025-06-25T20:13:26.973-0400] {processor.py:183} INFO - Processing /opt/anaconda3/envs/airflow_env/lib/python3.10/site-packages/airflow/example_dags/example_sensors.py took 0.062 seconds
[2025-06-25T20:13:50.630-0400] {processor.py:161} INFO - Started process (PID=61920) to work on /opt/anaconda3/envs/airflow_env/lib/python3.10/site-packages/airflow/example_dags/example_sensors.py
[2025-06-25T20:13:50.631-0400] {processor.py:830} INFO - Processing file /opt/anaconda3/envs/airflow_env/lib/python3.10/site-packages/airflow/example_dags/example_sensors.py for tasks to queue
[2025-06-25T20:13:50.631-0400] {logging_mixin.py:188} INFO - [2025-06-25T20:13:50.631-0400] {dagbag.py:545} INFO - Filling up the DagBag from /opt/anaconda3/envs/airflow_env/lib/python3.10/site-packages/airflow/example_dags/example_sensors.py
[2025-06-25T20:13:50.636-0400] {processor.py:840} INFO - DAG(s) 'example_sensors' retrieved from /opt/anaconda3/envs/airflow_env/lib/python3.10/site-packages/airflow/example_dags/example_sensors.py
[2025-06-25T20:13:50.679-0400] {logging_mixin.py:188} INFO - [2025-06-25T20:13:50.679-0400] {dag.py:3096} INFO - Sync 1 DAGs
[2025-06-25T20:13:50.683-0400] {logging_mixin.py:188} INFO - [2025-06-25T20:13:50.683-0400] {dag.py:3954} INFO - Setting next_dagrun for example_sensors to None, run_after=None
[2025-06-25T20:13:50.690-0400] {processor.py:183} INFO - Processing /opt/anaconda3/envs/airflow_env/lib/python3.10/site-packages/airflow/example_dags/example_sensors.py took 0.062 seconds
[2025-06-25T20:15:07.558-0400] {processor.py:161} INFO - Started process (PID=62042) to work on /opt/anaconda3/envs/airflow_env/lib/python3.10/site-packages/airflow/example_dags/example_sensors.py
[2025-06-25T20:15:07.558-0400] {processor.py:830} INFO - Processing file /opt/anaconda3/envs/airflow_env/lib/python3.10/site-packages/airflow/example_dags/example_sensors.py for tasks to queue
[2025-06-25T20:15:07.558-0400] {logging_mixin.py:188} INFO - [2025-06-25T20:15:07.558-0400] {dagbag.py:545} INFO - Filling up the DagBag from /opt/anaconda3/envs/airflow_env/lib/python3.10/site-packages/airflow/example_dags/example_sensors.py
[2025-06-25T20:15:07.563-0400] {processor.py:840} INFO - DAG(s) 'example_sensors' retrieved from /opt/anaconda3/envs/airflow_env/lib/python3.10/site-packages/airflow/example_dags/example_sensors.py
[2025-06-25T20:15:07.601-0400] {logging_mixin.py:188} INFO - [2025-06-25T20:15:07.601-0400] {dag.py:3096} INFO - Sync 1 DAGs
[2025-06-25T20:15:07.604-0400] {logging_mixin.py:188} INFO - [2025-06-25T20:15:07.604-0400] {dag.py:3954} INFO - Setting next_dagrun for example_sensors to None, run_after=None
[2025-06-25T20:15:07.610-0400] {processor.py:183} INFO - Processing /opt/anaconda3/envs/airflow_env/lib/python3.10/site-packages/airflow/example_dags/example_sensors.py took 0.054 seconds
[2025-06-25T20:15:26.881-0400] {processor.py:161} INFO - Started process (PID=62072) to work on /opt/anaconda3/envs/airflow_env/lib/python3.10/site-packages/airflow/example_dags/example_sensors.py
[2025-06-25T20:15:26.882-0400] {processor.py:830} INFO - Processing file /opt/anaconda3/envs/airflow_env/lib/python3.10/site-packages/airflow/example_dags/example_sensors.py for tasks to queue
[2025-06-25T20:15:26.882-0400] {logging_mixin.py:188} INFO - [2025-06-25T20:15:26.882-0400] {dagbag.py:545} INFO - Filling up the DagBag from /opt/anaconda3/envs/airflow_env/lib/python3.10/site-packages/airflow/example_dags/example_sensors.py
[2025-06-25T20:15:26.887-0400] {processor.py:840} INFO - DAG(s) 'example_sensors' retrieved from /opt/anaconda3/envs/airflow_env/lib/python3.10/site-packages/airflow/example_dags/example_sensors.py
[2025-06-25T20:15:26.925-0400] {logging_mixin.py:188} INFO - [2025-06-25T20:15:26.925-0400] {dag.py:3096} INFO - Sync 1 DAGs
[2025-06-25T20:15:26.928-0400] {logging_mixin.py:188} INFO - [2025-06-25T20:15:26.928-0400] {dag.py:3954} INFO - Setting next_dagrun for example_sensors to None, run_after=None
[2025-06-25T20:15:26.934-0400] {processor.py:183} INFO - Processing /opt/anaconda3/envs/airflow_env/lib/python3.10/site-packages/airflow/example_dags/example_sensors.py took 0.054 seconds
[2025-06-25T20:16:45.399-0400] {processor.py:161} INFO - Started process (PID=62204) to work on /opt/anaconda3/envs/airflow_env/lib/python3.10/site-packages/airflow/example_dags/example_sensors.py
[2025-06-25T20:16:45.400-0400] {processor.py:830} INFO - Processing file /opt/anaconda3/envs/airflow_env/lib/python3.10/site-packages/airflow/example_dags/example_sensors.py for tasks to queue
[2025-06-25T20:16:45.400-0400] {logging_mixin.py:188} INFO - [2025-06-25T20:16:45.400-0400] {dagbag.py:545} INFO - Filling up the DagBag from /opt/anaconda3/envs/airflow_env/lib/python3.10/site-packages/airflow/example_dags/example_sensors.py
[2025-06-25T20:16:45.405-0400] {processor.py:840} INFO - DAG(s) 'example_sensors' retrieved from /opt/anaconda3/envs/airflow_env/lib/python3.10/site-packages/airflow/example_dags/example_sensors.py
[2025-06-25T20:16:45.444-0400] {logging_mixin.py:188} INFO - [2025-06-25T20:16:45.444-0400] {dag.py:3096} INFO - Sync 1 DAGs
[2025-06-25T20:16:45.447-0400] {logging_mixin.py:188} INFO - [2025-06-25T20:16:45.447-0400] {dag.py:3954} INFO - Setting next_dagrun for example_sensors to None, run_after=None
[2025-06-25T20:16:45.454-0400] {processor.py:183} INFO - Processing /opt/anaconda3/envs/airflow_env/lib/python3.10/site-packages/airflow/example_dags/example_sensors.py took 0.056 seconds
[2025-06-25T20:17:06.322-0400] {processor.py:161} INFO - Started process (PID=62232) to work on /opt/anaconda3/envs/airflow_env/lib/python3.10/site-packages/airflow/example_dags/example_sensors.py
[2025-06-25T20:17:06.322-0400] {processor.py:830} INFO - Processing file /opt/anaconda3/envs/airflow_env/lib/python3.10/site-packages/airflow/example_dags/example_sensors.py for tasks to queue
[2025-06-25T20:17:06.323-0400] {logging_mixin.py:188} INFO - [2025-06-25T20:17:06.323-0400] {dagbag.py:545} INFO - Filling up the DagBag from /opt/anaconda3/envs/airflow_env/lib/python3.10/site-packages/airflow/example_dags/example_sensors.py
[2025-06-25T20:17:06.328-0400] {processor.py:840} INFO - DAG(s) 'example_sensors' retrieved from /opt/anaconda3/envs/airflow_env/lib/python3.10/site-packages/airflow/example_dags/example_sensors.py
[2025-06-25T20:17:06.366-0400] {logging_mixin.py:188} INFO - [2025-06-25T20:17:06.366-0400] {dag.py:3096} INFO - Sync 1 DAGs
[2025-06-25T20:17:06.369-0400] {logging_mixin.py:188} INFO - [2025-06-25T20:17:06.369-0400] {dag.py:3954} INFO - Setting next_dagrun for example_sensors to None, run_after=None
[2025-06-25T20:17:06.376-0400] {processor.py:183} INFO - Processing /opt/anaconda3/envs/airflow_env/lib/python3.10/site-packages/airflow/example_dags/example_sensors.py took 0.056 seconds
[2025-06-25T20:18:20.978-0400] {processor.py:161} INFO - Started process (PID=62349) to work on /opt/anaconda3/envs/airflow_env/lib/python3.10/site-packages/airflow/example_dags/example_sensors.py
[2025-06-25T20:18:20.978-0400] {processor.py:830} INFO - Processing file /opt/anaconda3/envs/airflow_env/lib/python3.10/site-packages/airflow/example_dags/example_sensors.py for tasks to queue
[2025-06-25T20:18:20.978-0400] {logging_mixin.py:188} INFO - [2025-06-25T20:18:20.978-0400] {dagbag.py:545} INFO - Filling up the DagBag from /opt/anaconda3/envs/airflow_env/lib/python3.10/site-packages/airflow/example_dags/example_sensors.py
[2025-06-25T20:18:20.985-0400] {processor.py:840} INFO - DAG(s) 'example_sensors' retrieved from /opt/anaconda3/envs/airflow_env/lib/python3.10/site-packages/airflow/example_dags/example_sensors.py
[2025-06-25T20:18:21.031-0400] {logging_mixin.py:188} INFO - [2025-06-25T20:18:21.031-0400] {dag.py:3096} INFO - Sync 1 DAGs
[2025-06-25T20:18:21.035-0400] {logging_mixin.py:188} INFO - [2025-06-25T20:18:21.035-0400] {dag.py:3954} INFO - Setting next_dagrun for example_sensors to None, run_after=None
[2025-06-25T20:18:21.043-0400] {processor.py:183} INFO - Processing /opt/anaconda3/envs/airflow_env/lib/python3.10/site-packages/airflow/example_dags/example_sensors.py took 0.067 seconds
[2025-06-25T20:19:09.712-0400] {processor.py:161} INFO - Started process (PID=62445) to work on /opt/anaconda3/envs/airflow_env/lib/python3.10/site-packages/airflow/example_dags/example_sensors.py
[2025-06-25T20:19:09.713-0400] {processor.py:830} INFO - Processing file /opt/anaconda3/envs/airflow_env/lib/python3.10/site-packages/airflow/example_dags/example_sensors.py for tasks to queue
[2025-06-25T20:19:09.713-0400] {logging_mixin.py:188} INFO - [2025-06-25T20:19:09.713-0400] {dagbag.py:545} INFO - Filling up the DagBag from /opt/anaconda3/envs/airflow_env/lib/python3.10/site-packages/airflow/example_dags/example_sensors.py
[2025-06-25T20:19:09.719-0400] {processor.py:840} INFO - DAG(s) 'example_sensors' retrieved from /opt/anaconda3/envs/airflow_env/lib/python3.10/site-packages/airflow/example_dags/example_sensors.py
[2025-06-25T20:19:09.766-0400] {logging_mixin.py:188} INFO - [2025-06-25T20:19:09.766-0400] {dag.py:3096} INFO - Sync 1 DAGs
[2025-06-25T20:19:09.769-0400] {logging_mixin.py:188} INFO - [2025-06-25T20:19:09.769-0400] {dag.py:3954} INFO - Setting next_dagrun for example_sensors to None, run_after=None
[2025-06-25T20:19:09.777-0400] {processor.py:183} INFO - Processing /opt/anaconda3/envs/airflow_env/lib/python3.10/site-packages/airflow/example_dags/example_sensors.py took 0.067 seconds
[2025-06-25T20:20:30.642-0400] {processor.py:161} INFO - Started process (PID=62615) to work on /opt/anaconda3/envs/airflow_env/lib/python3.10/site-packages/airflow/example_dags/example_sensors.py
[2025-06-25T20:20:30.642-0400] {processor.py:830} INFO - Processing file /opt/anaconda3/envs/airflow_env/lib/python3.10/site-packages/airflow/example_dags/example_sensors.py for tasks to queue
[2025-06-25T20:20:30.642-0400] {logging_mixin.py:188} INFO - [2025-06-25T20:20:30.642-0400] {dagbag.py:545} INFO - Filling up the DagBag from /opt/anaconda3/envs/airflow_env/lib/python3.10/site-packages/airflow/example_dags/example_sensors.py
[2025-06-25T20:20:30.647-0400] {processor.py:840} INFO - DAG(s) 'example_sensors' retrieved from /opt/anaconda3/envs/airflow_env/lib/python3.10/site-packages/airflow/example_dags/example_sensors.py
[2025-06-25T20:20:30.686-0400] {logging_mixin.py:188} INFO - [2025-06-25T20:20:30.686-0400] {dag.py:3096} INFO - Sync 1 DAGs
[2025-06-25T20:20:30.689-0400] {logging_mixin.py:188} INFO - [2025-06-25T20:20:30.689-0400] {dag.py:3954} INFO - Setting next_dagrun for example_sensors to None, run_after=None
[2025-06-25T20:20:30.695-0400] {processor.py:183} INFO - Processing /opt/anaconda3/envs/airflow_env/lib/python3.10/site-packages/airflow/example_dags/example_sensors.py took 0.055 seconds
[2025-06-25T20:21:00.011-0400] {processor.py:161} INFO - Started process (PID=62657) to work on /opt/anaconda3/envs/airflow_env/lib/python3.10/site-packages/airflow/example_dags/example_sensors.py
[2025-06-25T20:21:00.012-0400] {processor.py:830} INFO - Processing file /opt/anaconda3/envs/airflow_env/lib/python3.10/site-packages/airflow/example_dags/example_sensors.py for tasks to queue
[2025-06-25T20:21:00.013-0400] {logging_mixin.py:188} INFO - [2025-06-25T20:21:00.013-0400] {dagbag.py:545} INFO - Filling up the DagBag from /opt/anaconda3/envs/airflow_env/lib/python3.10/site-packages/airflow/example_dags/example_sensors.py
[2025-06-25T20:21:00.018-0400] {processor.py:840} INFO - DAG(s) 'example_sensors' retrieved from /opt/anaconda3/envs/airflow_env/lib/python3.10/site-packages/airflow/example_dags/example_sensors.py
[2025-06-25T20:21:00.060-0400] {logging_mixin.py:188} INFO - [2025-06-25T20:21:00.060-0400] {dag.py:3096} INFO - Sync 1 DAGs
[2025-06-25T20:21:00.063-0400] {logging_mixin.py:188} INFO - [2025-06-25T20:21:00.063-0400] {dag.py:3954} INFO - Setting next_dagrun for example_sensors to None, run_after=None
[2025-06-25T20:21:00.070-0400] {processor.py:183} INFO - Processing /opt/anaconda3/envs/airflow_env/lib/python3.10/site-packages/airflow/example_dags/example_sensors.py took 0.061 seconds
[2025-06-25T20:22:10.695-0400] {processor.py:161} INFO - Started process (PID=62760) to work on /opt/anaconda3/envs/airflow_env/lib/python3.10/site-packages/airflow/example_dags/example_sensors.py
[2025-06-25T20:22:10.695-0400] {processor.py:830} INFO - Processing file /opt/anaconda3/envs/airflow_env/lib/python3.10/site-packages/airflow/example_dags/example_sensors.py for tasks to queue
[2025-06-25T20:22:10.696-0400] {logging_mixin.py:188} INFO - [2025-06-25T20:22:10.696-0400] {dagbag.py:545} INFO - Filling up the DagBag from /opt/anaconda3/envs/airflow_env/lib/python3.10/site-packages/airflow/example_dags/example_sensors.py
[2025-06-25T20:22:10.701-0400] {processor.py:840} INFO - DAG(s) 'example_sensors' retrieved from /opt/anaconda3/envs/airflow_env/lib/python3.10/site-packages/airflow/example_dags/example_sensors.py
[2025-06-25T20:22:10.740-0400] {logging_mixin.py:188} INFO - [2025-06-25T20:22:10.739-0400] {dag.py:3096} INFO - Sync 1 DAGs
[2025-06-25T20:22:10.743-0400] {logging_mixin.py:188} INFO - [2025-06-25T20:22:10.743-0400] {dag.py:3954} INFO - Setting next_dagrun for example_sensors to None, run_after=None
[2025-06-25T20:22:10.749-0400] {processor.py:183} INFO - Processing /opt/anaconda3/envs/airflow_env/lib/python3.10/site-packages/airflow/example_dags/example_sensors.py took 0.056 seconds
[2025-06-25T20:22:37.261-0400] {processor.py:161} INFO - Started process (PID=62815) to work on /opt/anaconda3/envs/airflow_env/lib/python3.10/site-packages/airflow/example_dags/example_sensors.py
[2025-06-25T20:22:37.261-0400] {processor.py:830} INFO - Processing file /opt/anaconda3/envs/airflow_env/lib/python3.10/site-packages/airflow/example_dags/example_sensors.py for tasks to queue
[2025-06-25T20:22:37.261-0400] {logging_mixin.py:188} INFO - [2025-06-25T20:22:37.261-0400] {dagbag.py:545} INFO - Filling up the DagBag from /opt/anaconda3/envs/airflow_env/lib/python3.10/site-packages/airflow/example_dags/example_sensors.py
[2025-06-25T20:22:37.266-0400] {processor.py:840} INFO - DAG(s) 'example_sensors' retrieved from /opt/anaconda3/envs/airflow_env/lib/python3.10/site-packages/airflow/example_dags/example_sensors.py
[2025-06-25T20:22:37.307-0400] {logging_mixin.py:188} INFO - [2025-06-25T20:22:37.307-0400] {dag.py:3096} INFO - Sync 1 DAGs
[2025-06-25T20:22:37.311-0400] {logging_mixin.py:188} INFO - [2025-06-25T20:22:37.311-0400] {dag.py:3954} INFO - Setting next_dagrun for example_sensors to None, run_after=None
[2025-06-25T20:22:37.319-0400] {processor.py:183} INFO - Processing /opt/anaconda3/envs/airflow_env/lib/python3.10/site-packages/airflow/example_dags/example_sensors.py took 0.060 seconds
[2025-06-25T20:23:49.417-0400] {processor.py:161} INFO - Started process (PID=62968) to work on /opt/anaconda3/envs/airflow_env/lib/python3.10/site-packages/airflow/example_dags/example_sensors.py
[2025-06-25T20:23:49.419-0400] {processor.py:830} INFO - Processing file /opt/anaconda3/envs/airflow_env/lib/python3.10/site-packages/airflow/example_dags/example_sensors.py for tasks to queue
[2025-06-25T20:23:49.419-0400] {logging_mixin.py:188} INFO - [2025-06-25T20:23:49.419-0400] {dagbag.py:545} INFO - Filling up the DagBag from /opt/anaconda3/envs/airflow_env/lib/python3.10/site-packages/airflow/example_dags/example_sensors.py
[2025-06-25T20:23:49.428-0400] {processor.py:840} INFO - DAG(s) 'example_sensors' retrieved from /opt/anaconda3/envs/airflow_env/lib/python3.10/site-packages/airflow/example_dags/example_sensors.py
[2025-06-25T20:23:49.491-0400] {logging_mixin.py:188} INFO - [2025-06-25T20:23:49.490-0400] {dag.py:3096} INFO - Sync 1 DAGs
[2025-06-25T20:23:49.495-0400] {logging_mixin.py:188} INFO - [2025-06-25T20:23:49.494-0400] {dag.py:3954} INFO - Setting next_dagrun for example_sensors to None, run_after=None
[2025-06-25T20:23:49.501-0400] {processor.py:183} INFO - Processing /opt/anaconda3/envs/airflow_env/lib/python3.10/site-packages/airflow/example_dags/example_sensors.py took 0.086 seconds
[2025-06-25T20:25:00.456-0400] {processor.py:161} INFO - Started process (PID=63106) to work on /opt/anaconda3/envs/airflow_env/lib/python3.10/site-packages/airflow/example_dags/example_sensors.py
[2025-06-25T20:25:00.457-0400] {processor.py:830} INFO - Processing file /opt/anaconda3/envs/airflow_env/lib/python3.10/site-packages/airflow/example_dags/example_sensors.py for tasks to queue
[2025-06-25T20:25:00.457-0400] {logging_mixin.py:188} INFO - [2025-06-25T20:25:00.457-0400] {dagbag.py:545} INFO - Filling up the DagBag from /opt/anaconda3/envs/airflow_env/lib/python3.10/site-packages/airflow/example_dags/example_sensors.py
[2025-06-25T20:25:00.462-0400] {processor.py:840} INFO - DAG(s) 'example_sensors' retrieved from /opt/anaconda3/envs/airflow_env/lib/python3.10/site-packages/airflow/example_dags/example_sensors.py
[2025-06-25T20:25:00.505-0400] {logging_mixin.py:188} INFO - [2025-06-25T20:25:00.505-0400] {dag.py:3096} INFO - Sync 1 DAGs
[2025-06-25T20:25:00.508-0400] {logging_mixin.py:188} INFO - [2025-06-25T20:25:00.508-0400] {dag.py:3954} INFO - Setting next_dagrun for example_sensors to None, run_after=None
[2025-06-25T20:25:00.515-0400] {processor.py:183} INFO - Processing /opt/anaconda3/envs/airflow_env/lib/python3.10/site-packages/airflow/example_dags/example_sensors.py took 0.061 seconds
[2025-06-25T20:25:31.417-0400] {processor.py:161} INFO - Started process (PID=63162) to work on /opt/anaconda3/envs/airflow_env/lib/python3.10/site-packages/airflow/example_dags/example_sensors.py
[2025-06-25T20:25:31.418-0400] {processor.py:830} INFO - Processing file /opt/anaconda3/envs/airflow_env/lib/python3.10/site-packages/airflow/example_dags/example_sensors.py for tasks to queue
[2025-06-25T20:25:31.418-0400] {logging_mixin.py:188} INFO - [2025-06-25T20:25:31.418-0400] {dagbag.py:545} INFO - Filling up the DagBag from /opt/anaconda3/envs/airflow_env/lib/python3.10/site-packages/airflow/example_dags/example_sensors.py
[2025-06-25T20:25:31.424-0400] {processor.py:840} INFO - DAG(s) 'example_sensors' retrieved from /opt/anaconda3/envs/airflow_env/lib/python3.10/site-packages/airflow/example_dags/example_sensors.py
[2025-06-25T20:25:31.463-0400] {logging_mixin.py:188} INFO - [2025-06-25T20:25:31.463-0400] {dag.py:3096} INFO - Sync 1 DAGs
[2025-06-25T20:25:31.467-0400] {logging_mixin.py:188} INFO - [2025-06-25T20:25:31.467-0400] {dag.py:3954} INFO - Setting next_dagrun for example_sensors to None, run_after=None
[2025-06-25T20:25:31.476-0400] {processor.py:183} INFO - Processing /opt/anaconda3/envs/airflow_env/lib/python3.10/site-packages/airflow/example_dags/example_sensors.py took 0.061 seconds
[2025-06-25T20:26:39.843-0400] {processor.py:161} INFO - Started process (PID=63298) to work on /opt/anaconda3/envs/airflow_env/lib/python3.10/site-packages/airflow/example_dags/example_sensors.py
[2025-06-25T20:26:39.843-0400] {processor.py:830} INFO - Processing file /opt/anaconda3/envs/airflow_env/lib/python3.10/site-packages/airflow/example_dags/example_sensors.py for tasks to queue
[2025-06-25T20:26:39.844-0400] {logging_mixin.py:188} INFO - [2025-06-25T20:26:39.844-0400] {dagbag.py:545} INFO - Filling up the DagBag from /opt/anaconda3/envs/airflow_env/lib/python3.10/site-packages/airflow/example_dags/example_sensors.py
[2025-06-25T20:26:39.848-0400] {processor.py:840} INFO - DAG(s) 'example_sensors' retrieved from /opt/anaconda3/envs/airflow_env/lib/python3.10/site-packages/airflow/example_dags/example_sensors.py
[2025-06-25T20:26:39.886-0400] {logging_mixin.py:188} INFO - [2025-06-25T20:26:39.886-0400] {dag.py:3096} INFO - Sync 1 DAGs
[2025-06-25T20:26:39.889-0400] {logging_mixin.py:188} INFO - [2025-06-25T20:26:39.889-0400] {dag.py:3954} INFO - Setting next_dagrun for example_sensors to None, run_after=None
[2025-06-25T20:26:39.896-0400] {processor.py:183} INFO - Processing /opt/anaconda3/envs/airflow_env/lib/python3.10/site-packages/airflow/example_dags/example_sensors.py took 0.054 seconds
[2025-06-25T20:27:11.578-0400] {processor.py:161} INFO - Started process (PID=63366) to work on /opt/anaconda3/envs/airflow_env/lib/python3.10/site-packages/airflow/example_dags/example_sensors.py
[2025-06-25T20:27:11.578-0400] {processor.py:830} INFO - Processing file /opt/anaconda3/envs/airflow_env/lib/python3.10/site-packages/airflow/example_dags/example_sensors.py for tasks to queue
[2025-06-25T20:27:11.578-0400] {logging_mixin.py:188} INFO - [2025-06-25T20:27:11.578-0400] {dagbag.py:545} INFO - Filling up the DagBag from /opt/anaconda3/envs/airflow_env/lib/python3.10/site-packages/airflow/example_dags/example_sensors.py
[2025-06-25T20:27:11.583-0400] {processor.py:840} INFO - DAG(s) 'example_sensors' retrieved from /opt/anaconda3/envs/airflow_env/lib/python3.10/site-packages/airflow/example_dags/example_sensors.py
[2025-06-25T20:27:11.629-0400] {logging_mixin.py:188} INFO - [2025-06-25T20:27:11.629-0400] {dag.py:3096} INFO - Sync 1 DAGs
[2025-06-25T20:27:11.634-0400] {logging_mixin.py:188} INFO - [2025-06-25T20:27:11.633-0400] {dag.py:3954} INFO - Setting next_dagrun for example_sensors to None, run_after=None
[2025-06-25T20:27:11.641-0400] {processor.py:183} INFO - Processing /opt/anaconda3/envs/airflow_env/lib/python3.10/site-packages/airflow/example_dags/example_sensors.py took 0.067 seconds
[2025-06-25T20:28:15.730-0400] {processor.py:161} INFO - Started process (PID=63489) to work on /opt/anaconda3/envs/airflow_env/lib/python3.10/site-packages/airflow/example_dags/example_sensors.py
[2025-06-25T20:28:15.731-0400] {processor.py:830} INFO - Processing file /opt/anaconda3/envs/airflow_env/lib/python3.10/site-packages/airflow/example_dags/example_sensors.py for tasks to queue
[2025-06-25T20:28:15.731-0400] {logging_mixin.py:188} INFO - [2025-06-25T20:28:15.731-0400] {dagbag.py:545} INFO - Filling up the DagBag from /opt/anaconda3/envs/airflow_env/lib/python3.10/site-packages/airflow/example_dags/example_sensors.py
[2025-06-25T20:28:15.736-0400] {processor.py:840} INFO - DAG(s) 'example_sensors' retrieved from /opt/anaconda3/envs/airflow_env/lib/python3.10/site-packages/airflow/example_dags/example_sensors.py
[2025-06-25T20:28:15.784-0400] {logging_mixin.py:188} INFO - [2025-06-25T20:28:15.783-0400] {dag.py:3096} INFO - Sync 1 DAGs
[2025-06-25T20:28:15.788-0400] {logging_mixin.py:188} INFO - [2025-06-25T20:28:15.788-0400] {dag.py:3954} INFO - Setting next_dagrun for example_sensors to None, run_after=None
[2025-06-25T20:28:15.796-0400] {processor.py:183} INFO - Processing /opt/anaconda3/envs/airflow_env/lib/python3.10/site-packages/airflow/example_dags/example_sensors.py took 0.067 seconds
[2025-06-25T20:28:49.158-0400] {processor.py:161} INFO - Started process (PID=63575) to work on /opt/anaconda3/envs/airflow_env/lib/python3.10/site-packages/airflow/example_dags/example_sensors.py
[2025-06-25T20:28:49.158-0400] {processor.py:830} INFO - Processing file /opt/anaconda3/envs/airflow_env/lib/python3.10/site-packages/airflow/example_dags/example_sensors.py for tasks to queue
[2025-06-25T20:28:49.159-0400] {logging_mixin.py:188} INFO - [2025-06-25T20:28:49.158-0400] {dagbag.py:545} INFO - Filling up the DagBag from /opt/anaconda3/envs/airflow_env/lib/python3.10/site-packages/airflow/example_dags/example_sensors.py
[2025-06-25T20:28:49.163-0400] {processor.py:840} INFO - DAG(s) 'example_sensors' retrieved from /opt/anaconda3/envs/airflow_env/lib/python3.10/site-packages/airflow/example_dags/example_sensors.py
[2025-06-25T20:28:49.201-0400] {logging_mixin.py:188} INFO - [2025-06-25T20:28:49.200-0400] {dag.py:3096} INFO - Sync 1 DAGs
[2025-06-25T20:28:49.204-0400] {logging_mixin.py:188} INFO - [2025-06-25T20:28:49.204-0400] {dag.py:3954} INFO - Setting next_dagrun for example_sensors to None, run_after=None
[2025-06-25T20:28:49.210-0400] {processor.py:183} INFO - Processing /opt/anaconda3/envs/airflow_env/lib/python3.10/site-packages/airflow/example_dags/example_sensors.py took 0.053 seconds
[2025-06-25T20:30:13.695-0400] {processor.py:161} INFO - Started process (PID=63779) to work on /opt/anaconda3/envs/airflow_env/lib/python3.10/site-packages/airflow/example_dags/example_sensors.py
[2025-06-25T20:30:13.695-0400] {processor.py:830} INFO - Processing file /opt/anaconda3/envs/airflow_env/lib/python3.10/site-packages/airflow/example_dags/example_sensors.py for tasks to queue
[2025-06-25T20:30:13.696-0400] {logging_mixin.py:188} INFO - [2025-06-25T20:30:13.695-0400] {dagbag.py:545} INFO - Filling up the DagBag from /opt/anaconda3/envs/airflow_env/lib/python3.10/site-packages/airflow/example_dags/example_sensors.py
[2025-06-25T20:30:13.703-0400] {processor.py:840} INFO - DAG(s) 'example_sensors' retrieved from /opt/anaconda3/envs/airflow_env/lib/python3.10/site-packages/airflow/example_dags/example_sensors.py
[2025-06-25T20:30:13.746-0400] {logging_mixin.py:188} INFO - [2025-06-25T20:30:13.746-0400] {dag.py:3096} INFO - Sync 1 DAGs
[2025-06-25T20:30:13.749-0400] {logging_mixin.py:188} INFO - [2025-06-25T20:30:13.749-0400] {dag.py:3954} INFO - Setting next_dagrun for example_sensors to None, run_after=None
[2025-06-25T20:30:13.756-0400] {processor.py:183} INFO - Processing /opt/anaconda3/envs/airflow_env/lib/python3.10/site-packages/airflow/example_dags/example_sensors.py took 0.065 seconds
[2025-06-25T20:30:31.488-0400] {processor.py:161} INFO - Started process (PID=63821) to work on /opt/anaconda3/envs/airflow_env/lib/python3.10/site-packages/airflow/example_dags/example_sensors.py
[2025-06-25T20:30:31.489-0400] {processor.py:830} INFO - Processing file /opt/anaconda3/envs/airflow_env/lib/python3.10/site-packages/airflow/example_dags/example_sensors.py for tasks to queue
[2025-06-25T20:30:31.489-0400] {logging_mixin.py:188} INFO - [2025-06-25T20:30:31.489-0400] {dagbag.py:545} INFO - Filling up the DagBag from /opt/anaconda3/envs/airflow_env/lib/python3.10/site-packages/airflow/example_dags/example_sensors.py
[2025-06-25T20:30:31.494-0400] {processor.py:840} INFO - DAG(s) 'example_sensors' retrieved from /opt/anaconda3/envs/airflow_env/lib/python3.10/site-packages/airflow/example_dags/example_sensors.py
[2025-06-25T20:30:31.536-0400] {logging_mixin.py:188} INFO - [2025-06-25T20:30:31.536-0400] {dag.py:3096} INFO - Sync 1 DAGs
[2025-06-25T20:30:31.539-0400] {logging_mixin.py:188} INFO - [2025-06-25T20:30:31.539-0400] {dag.py:3954} INFO - Setting next_dagrun for example_sensors to None, run_after=None
[2025-06-25T20:30:31.546-0400] {processor.py:183} INFO - Processing /opt/anaconda3/envs/airflow_env/lib/python3.10/site-packages/airflow/example_dags/example_sensors.py took 0.059 seconds
[2025-06-25T20:31:33.761-0400] {processor.py:161} INFO - Started process (PID=63966) to work on /opt/anaconda3/envs/airflow_env/lib/python3.10/site-packages/airflow/example_dags/example_sensors.py
[2025-06-25T20:31:33.761-0400] {processor.py:830} INFO - Processing file /opt/anaconda3/envs/airflow_env/lib/python3.10/site-packages/airflow/example_dags/example_sensors.py for tasks to queue
[2025-06-25T20:31:33.761-0400] {logging_mixin.py:188} INFO - [2025-06-25T20:31:33.761-0400] {dagbag.py:545} INFO - Filling up the DagBag from /opt/anaconda3/envs/airflow_env/lib/python3.10/site-packages/airflow/example_dags/example_sensors.py
[2025-06-25T20:31:33.766-0400] {processor.py:840} INFO - DAG(s) 'example_sensors' retrieved from /opt/anaconda3/envs/airflow_env/lib/python3.10/site-packages/airflow/example_dags/example_sensors.py
[2025-06-25T20:31:33.806-0400] {logging_mixin.py:188} INFO - [2025-06-25T20:31:33.806-0400] {dag.py:3096} INFO - Sync 1 DAGs
[2025-06-25T20:31:33.810-0400] {logging_mixin.py:188} INFO - [2025-06-25T20:31:33.810-0400] {dag.py:3954} INFO - Setting next_dagrun for example_sensors to None, run_after=None
[2025-06-25T20:31:33.816-0400] {processor.py:183} INFO - Processing /opt/anaconda3/envs/airflow_env/lib/python3.10/site-packages/airflow/example_dags/example_sensors.py took 0.057 seconds
[2025-06-25T20:32:42.577-0400] {processor.py:161} INFO - Started process (PID=64103) to work on /opt/anaconda3/envs/airflow_env/lib/python3.10/site-packages/airflow/example_dags/example_sensors.py
[2025-06-25T20:32:42.578-0400] {processor.py:830} INFO - Processing file /opt/anaconda3/envs/airflow_env/lib/python3.10/site-packages/airflow/example_dags/example_sensors.py for tasks to queue
[2025-06-25T20:32:42.578-0400] {logging_mixin.py:188} INFO - [2025-06-25T20:32:42.578-0400] {dagbag.py:545} INFO - Filling up the DagBag from /opt/anaconda3/envs/airflow_env/lib/python3.10/site-packages/airflow/example_dags/example_sensors.py
[2025-06-25T20:32:42.584-0400] {processor.py:840} INFO - DAG(s) 'example_sensors' retrieved from /opt/anaconda3/envs/airflow_env/lib/python3.10/site-packages/airflow/example_dags/example_sensors.py
[2025-06-25T20:32:42.631-0400] {logging_mixin.py:188} INFO - [2025-06-25T20:32:42.631-0400] {dag.py:3096} INFO - Sync 1 DAGs
[2025-06-25T20:32:42.635-0400] {logging_mixin.py:188} INFO - [2025-06-25T20:32:42.635-0400] {dag.py:3954} INFO - Setting next_dagrun for example_sensors to None, run_after=None
[2025-06-25T20:32:42.642-0400] {processor.py:183} INFO - Processing /opt/anaconda3/envs/airflow_env/lib/python3.10/site-packages/airflow/example_dags/example_sensors.py took 0.066 seconds
[2025-06-25T20:33:48.904-0400] {processor.py:161} INFO - Started process (PID=64207) to work on /opt/anaconda3/envs/airflow_env/lib/python3.10/site-packages/airflow/example_dags/example_sensors.py
[2025-06-25T20:33:48.904-0400] {processor.py:830} INFO - Processing file /opt/anaconda3/envs/airflow_env/lib/python3.10/site-packages/airflow/example_dags/example_sensors.py for tasks to queue
[2025-06-25T20:33:48.904-0400] {logging_mixin.py:188} INFO - [2025-06-25T20:33:48.904-0400] {dagbag.py:545} INFO - Filling up the DagBag from /opt/anaconda3/envs/airflow_env/lib/python3.10/site-packages/airflow/example_dags/example_sensors.py
[2025-06-25T20:33:48.910-0400] {processor.py:840} INFO - DAG(s) 'example_sensors' retrieved from /opt/anaconda3/envs/airflow_env/lib/python3.10/site-packages/airflow/example_dags/example_sensors.py
[2025-06-25T20:33:48.949-0400] {logging_mixin.py:188} INFO - [2025-06-25T20:33:48.949-0400] {dag.py:3096} INFO - Sync 1 DAGs
[2025-06-25T20:33:48.952-0400] {logging_mixin.py:188} INFO - [2025-06-25T20:33:48.952-0400] {dag.py:3954} INFO - Setting next_dagrun for example_sensors to None, run_after=None
[2025-06-25T20:33:48.959-0400] {processor.py:183} INFO - Processing /opt/anaconda3/envs/airflow_env/lib/python3.10/site-packages/airflow/example_dags/example_sensors.py took 0.056 seconds
[2025-06-25T20:34:30.425-0400] {processor.py:161} INFO - Started process (PID=64289) to work on /opt/anaconda3/envs/airflow_env/lib/python3.10/site-packages/airflow/example_dags/example_sensors.py
[2025-06-25T20:34:30.425-0400] {processor.py:830} INFO - Processing file /opt/anaconda3/envs/airflow_env/lib/python3.10/site-packages/airflow/example_dags/example_sensors.py for tasks to queue
[2025-06-25T20:34:30.426-0400] {logging_mixin.py:188} INFO - [2025-06-25T20:34:30.426-0400] {dagbag.py:545} INFO - Filling up the DagBag from /opt/anaconda3/envs/airflow_env/lib/python3.10/site-packages/airflow/example_dags/example_sensors.py
[2025-06-25T20:34:30.431-0400] {processor.py:840} INFO - DAG(s) 'example_sensors' retrieved from /opt/anaconda3/envs/airflow_env/lib/python3.10/site-packages/airflow/example_dags/example_sensors.py
[2025-06-25T20:34:30.468-0400] {logging_mixin.py:188} INFO - [2025-06-25T20:34:30.468-0400] {dag.py:3096} INFO - Sync 1 DAGs
[2025-06-25T20:34:30.472-0400] {logging_mixin.py:188} INFO - [2025-06-25T20:34:30.472-0400] {dag.py:3954} INFO - Setting next_dagrun for example_sensors to None, run_after=None
[2025-06-25T20:34:30.478-0400] {processor.py:183} INFO - Processing /opt/anaconda3/envs/airflow_env/lib/python3.10/site-packages/airflow/example_dags/example_sensors.py took 0.055 seconds
[2025-06-25T20:35:25.672-0400] {processor.py:161} INFO - Started process (PID=64382) to work on /opt/anaconda3/envs/airflow_env/lib/python3.10/site-packages/airflow/example_dags/example_sensors.py
[2025-06-25T20:35:25.672-0400] {processor.py:830} INFO - Processing file /opt/anaconda3/envs/airflow_env/lib/python3.10/site-packages/airflow/example_dags/example_sensors.py for tasks to queue
[2025-06-25T20:35:25.672-0400] {logging_mixin.py:188} INFO - [2025-06-25T20:35:25.672-0400] {dagbag.py:545} INFO - Filling up the DagBag from /opt/anaconda3/envs/airflow_env/lib/python3.10/site-packages/airflow/example_dags/example_sensors.py
[2025-06-25T20:35:25.678-0400] {processor.py:840} INFO - DAG(s) 'example_sensors' retrieved from /opt/anaconda3/envs/airflow_env/lib/python3.10/site-packages/airflow/example_dags/example_sensors.py
[2025-06-25T20:35:25.720-0400] {logging_mixin.py:188} INFO - [2025-06-25T20:35:25.720-0400] {dag.py:3096} INFO - Sync 1 DAGs
[2025-06-25T20:35:25.724-0400] {logging_mixin.py:188} INFO - [2025-06-25T20:35:25.724-0400] {dag.py:3954} INFO - Setting next_dagrun for example_sensors to None, run_after=None
[2025-06-25T20:35:25.731-0400] {processor.py:183} INFO - Processing /opt/anaconda3/envs/airflow_env/lib/python3.10/site-packages/airflow/example_dags/example_sensors.py took 0.062 seconds
[2025-06-25T20:36:04.645-0400] {processor.py:161} INFO - Started process (PID=64440) to work on /opt/anaconda3/envs/airflow_env/lib/python3.10/site-packages/airflow/example_dags/example_sensors.py
[2025-06-25T20:36:04.646-0400] {processor.py:830} INFO - Processing file /opt/anaconda3/envs/airflow_env/lib/python3.10/site-packages/airflow/example_dags/example_sensors.py for tasks to queue
[2025-06-25T20:36:04.646-0400] {logging_mixin.py:188} INFO - [2025-06-25T20:36:04.646-0400] {dagbag.py:545} INFO - Filling up the DagBag from /opt/anaconda3/envs/airflow_env/lib/python3.10/site-packages/airflow/example_dags/example_sensors.py
[2025-06-25T20:36:04.651-0400] {processor.py:840} INFO - DAG(s) 'example_sensors' retrieved from /opt/anaconda3/envs/airflow_env/lib/python3.10/site-packages/airflow/example_dags/example_sensors.py
[2025-06-25T20:36:04.689-0400] {logging_mixin.py:188} INFO - [2025-06-25T20:36:04.689-0400] {dag.py:3096} INFO - Sync 1 DAGs
[2025-06-25T20:36:04.692-0400] {logging_mixin.py:188} INFO - [2025-06-25T20:36:04.692-0400] {dag.py:3954} INFO - Setting next_dagrun for example_sensors to None, run_after=None
[2025-06-25T20:36:04.698-0400] {processor.py:183} INFO - Processing /opt/anaconda3/envs/airflow_env/lib/python3.10/site-packages/airflow/example_dags/example_sensors.py took 0.054 seconds
[2025-06-25T20:37:04.598-0400] {processor.py:161} INFO - Started process (PID=64569) to work on /opt/anaconda3/envs/airflow_env/lib/python3.10/site-packages/airflow/example_dags/example_sensors.py
[2025-06-25T20:37:04.598-0400] {processor.py:830} INFO - Processing file /opt/anaconda3/envs/airflow_env/lib/python3.10/site-packages/airflow/example_dags/example_sensors.py for tasks to queue
[2025-06-25T20:37:04.599-0400] {logging_mixin.py:188} INFO - [2025-06-25T20:37:04.598-0400] {dagbag.py:545} INFO - Filling up the DagBag from /opt/anaconda3/envs/airflow_env/lib/python3.10/site-packages/airflow/example_dags/example_sensors.py
[2025-06-25T20:37:04.603-0400] {processor.py:840} INFO - DAG(s) 'example_sensors' retrieved from /opt/anaconda3/envs/airflow_env/lib/python3.10/site-packages/airflow/example_dags/example_sensors.py
[2025-06-25T20:37:04.642-0400] {logging_mixin.py:188} INFO - [2025-06-25T20:37:04.642-0400] {dag.py:3096} INFO - Sync 1 DAGs
[2025-06-25T20:37:04.646-0400] {logging_mixin.py:188} INFO - [2025-06-25T20:37:04.646-0400] {dag.py:3954} INFO - Setting next_dagrun for example_sensors to None, run_after=None
[2025-06-25T20:37:04.652-0400] {processor.py:183} INFO - Processing /opt/anaconda3/envs/airflow_env/lib/python3.10/site-packages/airflow/example_dags/example_sensors.py took 0.056 seconds
[2025-06-25T20:37:58.279-0400] {processor.py:161} INFO - Started process (PID=64719) to work on /opt/anaconda3/envs/airflow_env/lib/python3.10/site-packages/airflow/example_dags/example_sensors.py
[2025-06-25T20:37:58.280-0400] {processor.py:830} INFO - Processing file /opt/anaconda3/envs/airflow_env/lib/python3.10/site-packages/airflow/example_dags/example_sensors.py for tasks to queue
[2025-06-25T20:37:58.280-0400] {logging_mixin.py:188} INFO - [2025-06-25T20:37:58.280-0400] {dagbag.py:545} INFO - Filling up the DagBag from /opt/anaconda3/envs/airflow_env/lib/python3.10/site-packages/airflow/example_dags/example_sensors.py
[2025-06-25T20:37:58.286-0400] {processor.py:840} INFO - DAG(s) 'example_sensors' retrieved from /opt/anaconda3/envs/airflow_env/lib/python3.10/site-packages/airflow/example_dags/example_sensors.py
[2025-06-25T20:37:58.335-0400] {logging_mixin.py:188} INFO - [2025-06-25T20:37:58.335-0400] {dag.py:3096} INFO - Sync 1 DAGs
[2025-06-25T20:37:58.339-0400] {logging_mixin.py:188} INFO - [2025-06-25T20:37:58.339-0400] {dag.py:3954} INFO - Setting next_dagrun for example_sensors to None, run_after=None
[2025-06-25T20:37:58.347-0400] {processor.py:183} INFO - Processing /opt/anaconda3/envs/airflow_env/lib/python3.10/site-packages/airflow/example_dags/example_sensors.py took 0.070 seconds
[2025-06-25T20:39:21.697-0400] {processor.py:161} INFO - Started process (PID=64874) to work on /opt/anaconda3/envs/airflow_env/lib/python3.10/site-packages/airflow/example_dags/example_sensors.py
[2025-06-25T20:39:21.698-0400] {processor.py:830} INFO - Processing file /opt/anaconda3/envs/airflow_env/lib/python3.10/site-packages/airflow/example_dags/example_sensors.py for tasks to queue
[2025-06-25T20:39:21.698-0400] {logging_mixin.py:188} INFO - [2025-06-25T20:39:21.698-0400] {dagbag.py:545} INFO - Filling up the DagBag from /opt/anaconda3/envs/airflow_env/lib/python3.10/site-packages/airflow/example_dags/example_sensors.py
[2025-06-25T20:39:21.704-0400] {processor.py:840} INFO - DAG(s) 'example_sensors' retrieved from /opt/anaconda3/envs/airflow_env/lib/python3.10/site-packages/airflow/example_dags/example_sensors.py
[2025-06-25T20:39:21.747-0400] {logging_mixin.py:188} INFO - [2025-06-25T20:39:21.746-0400] {dag.py:3096} INFO - Sync 1 DAGs
[2025-06-25T20:39:21.750-0400] {logging_mixin.py:188} INFO - [2025-06-25T20:39:21.750-0400] {dag.py:3954} INFO - Setting next_dagrun for example_sensors to None, run_after=None
[2025-06-25T20:39:21.757-0400] {processor.py:183} INFO - Processing /opt/anaconda3/envs/airflow_env/lib/python3.10/site-packages/airflow/example_dags/example_sensors.py took 0.062 seconds
[2025-06-25T20:39:48.835-0400] {processor.py:161} INFO - Started process (PID=64921) to work on /opt/anaconda3/envs/airflow_env/lib/python3.10/site-packages/airflow/example_dags/example_sensors.py
[2025-06-25T20:39:48.836-0400] {processor.py:830} INFO - Processing file /opt/anaconda3/envs/airflow_env/lib/python3.10/site-packages/airflow/example_dags/example_sensors.py for tasks to queue
[2025-06-25T20:39:48.836-0400] {logging_mixin.py:188} INFO - [2025-06-25T20:39:48.836-0400] {dagbag.py:545} INFO - Filling up the DagBag from /opt/anaconda3/envs/airflow_env/lib/python3.10/site-packages/airflow/example_dags/example_sensors.py
[2025-06-25T20:39:48.841-0400] {processor.py:840} INFO - DAG(s) 'example_sensors' retrieved from /opt/anaconda3/envs/airflow_env/lib/python3.10/site-packages/airflow/example_dags/example_sensors.py
[2025-06-25T20:39:48.879-0400] {logging_mixin.py:188} INFO - [2025-06-25T20:39:48.879-0400] {dag.py:3096} INFO - Sync 1 DAGs
[2025-06-25T20:39:48.882-0400] {logging_mixin.py:188} INFO - [2025-06-25T20:39:48.882-0400] {dag.py:3954} INFO - Setting next_dagrun for example_sensors to None, run_after=None
[2025-06-25T20:39:48.889-0400] {processor.py:183} INFO - Processing /opt/anaconda3/envs/airflow_env/lib/python3.10/site-packages/airflow/example_dags/example_sensors.py took 0.055 seconds
[2025-06-25T20:40:28.865-0400] {processor.py:161} INFO - Started process (PID=65018) to work on /opt/anaconda3/envs/airflow_env/lib/python3.10/site-packages/airflow/example_dags/example_sensors.py
[2025-06-25T20:40:28.865-0400] {processor.py:830} INFO - Processing file /opt/anaconda3/envs/airflow_env/lib/python3.10/site-packages/airflow/example_dags/example_sensors.py for tasks to queue
[2025-06-25T20:40:28.865-0400] {logging_mixin.py:188} INFO - [2025-06-25T20:40:28.865-0400] {dagbag.py:545} INFO - Filling up the DagBag from /opt/anaconda3/envs/airflow_env/lib/python3.10/site-packages/airflow/example_dags/example_sensors.py
[2025-06-25T20:40:28.872-0400] {processor.py:840} INFO - DAG(s) 'example_sensors' retrieved from /opt/anaconda3/envs/airflow_env/lib/python3.10/site-packages/airflow/example_dags/example_sensors.py
[2025-06-25T20:40:28.912-0400] {logging_mixin.py:188} INFO - [2025-06-25T20:40:28.912-0400] {dag.py:3096} INFO - Sync 1 DAGs
[2025-06-25T20:40:28.915-0400] {logging_mixin.py:188} INFO - [2025-06-25T20:40:28.915-0400] {dag.py:3954} INFO - Setting next_dagrun for example_sensors to None, run_after=None
[2025-06-25T20:40:28.922-0400] {processor.py:183} INFO - Processing /opt/anaconda3/envs/airflow_env/lib/python3.10/site-packages/airflow/example_dags/example_sensors.py took 0.059 seconds
[2025-06-25T20:41:22.078-0400] {processor.py:161} INFO - Started process (PID=65124) to work on /opt/anaconda3/envs/airflow_env/lib/python3.10/site-packages/airflow/example_dags/example_sensors.py
[2025-06-25T20:41:22.079-0400] {processor.py:830} INFO - Processing file /opt/anaconda3/envs/airflow_env/lib/python3.10/site-packages/airflow/example_dags/example_sensors.py for tasks to queue
[2025-06-25T20:41:22.079-0400] {logging_mixin.py:188} INFO - [2025-06-25T20:41:22.079-0400] {dagbag.py:545} INFO - Filling up the DagBag from /opt/anaconda3/envs/airflow_env/lib/python3.10/site-packages/airflow/example_dags/example_sensors.py
[2025-06-25T20:41:22.086-0400] {processor.py:840} INFO - DAG(s) 'example_sensors' retrieved from /opt/anaconda3/envs/airflow_env/lib/python3.10/site-packages/airflow/example_dags/example_sensors.py
[2025-06-25T20:41:22.137-0400] {logging_mixin.py:188} INFO - [2025-06-25T20:41:22.137-0400] {dag.py:3096} INFO - Sync 1 DAGs
[2025-06-25T20:41:22.141-0400] {logging_mixin.py:188} INFO - [2025-06-25T20:41:22.141-0400] {dag.py:3954} INFO - Setting next_dagrun for example_sensors to None, run_after=None
[2025-06-25T20:41:22.148-0400] {processor.py:183} INFO - Processing /opt/anaconda3/envs/airflow_env/lib/python3.10/site-packages/airflow/example_dags/example_sensors.py took 0.072 seconds
[2025-06-25T20:42:11.226-0400] {processor.py:161} INFO - Started process (PID=65215) to work on /opt/anaconda3/envs/airflow_env/lib/python3.10/site-packages/airflow/example_dags/example_sensors.py
[2025-06-25T20:42:11.227-0400] {processor.py:830} INFO - Processing file /opt/anaconda3/envs/airflow_env/lib/python3.10/site-packages/airflow/example_dags/example_sensors.py for tasks to queue
[2025-06-25T20:42:11.228-0400] {logging_mixin.py:188} INFO - [2025-06-25T20:42:11.227-0400] {dagbag.py:545} INFO - Filling up the DagBag from /opt/anaconda3/envs/airflow_env/lib/python3.10/site-packages/airflow/example_dags/example_sensors.py
[2025-06-25T20:42:11.234-0400] {processor.py:840} INFO - DAG(s) 'example_sensors' retrieved from /opt/anaconda3/envs/airflow_env/lib/python3.10/site-packages/airflow/example_dags/example_sensors.py
[2025-06-25T20:42:11.293-0400] {logging_mixin.py:188} INFO - [2025-06-25T20:42:11.293-0400] {dag.py:3096} INFO - Sync 1 DAGs
[2025-06-25T20:42:11.297-0400] {logging_mixin.py:188} INFO - [2025-06-25T20:42:11.296-0400] {dag.py:3954} INFO - Setting next_dagrun for example_sensors to None, run_after=None
[2025-06-25T20:42:11.305-0400] {processor.py:183} INFO - Processing /opt/anaconda3/envs/airflow_env/lib/python3.10/site-packages/airflow/example_dags/example_sensors.py took 0.082 seconds
[2025-06-25T20:43:02.930-0400] {processor.py:161} INFO - Started process (PID=65340) to work on /opt/anaconda3/envs/airflow_env/lib/python3.10/site-packages/airflow/example_dags/example_sensors.py
[2025-06-25T20:43:02.930-0400] {processor.py:830} INFO - Processing file /opt/anaconda3/envs/airflow_env/lib/python3.10/site-packages/airflow/example_dags/example_sensors.py for tasks to queue
[2025-06-25T20:43:02.930-0400] {logging_mixin.py:188} INFO - [2025-06-25T20:43:02.930-0400] {dagbag.py:545} INFO - Filling up the DagBag from /opt/anaconda3/envs/airflow_env/lib/python3.10/site-packages/airflow/example_dags/example_sensors.py
[2025-06-25T20:43:02.937-0400] {processor.py:840} INFO - DAG(s) 'example_sensors' retrieved from /opt/anaconda3/envs/airflow_env/lib/python3.10/site-packages/airflow/example_dags/example_sensors.py
[2025-06-25T20:43:02.979-0400] {logging_mixin.py:188} INFO - [2025-06-25T20:43:02.979-0400] {dag.py:3096} INFO - Sync 1 DAGs
[2025-06-25T20:43:02.982-0400] {logging_mixin.py:188} INFO - [2025-06-25T20:43:02.982-0400] {dag.py:3954} INFO - Setting next_dagrun for example_sensors to None, run_after=None
[2025-06-25T20:43:02.989-0400] {processor.py:183} INFO - Processing /opt/anaconda3/envs/airflow_env/lib/python3.10/site-packages/airflow/example_dags/example_sensors.py took 0.061 seconds
[2025-06-25T20:43:46.414-0400] {processor.py:161} INFO - Started process (PID=65465) to work on /opt/anaconda3/envs/airflow_env/lib/python3.10/site-packages/airflow/example_dags/example_sensors.py
[2025-06-25T20:43:46.415-0400] {processor.py:830} INFO - Processing file /opt/anaconda3/envs/airflow_env/lib/python3.10/site-packages/airflow/example_dags/example_sensors.py for tasks to queue
[2025-06-25T20:43:46.415-0400] {logging_mixin.py:188} INFO - [2025-06-25T20:43:46.415-0400] {dagbag.py:545} INFO - Filling up the DagBag from /opt/anaconda3/envs/airflow_env/lib/python3.10/site-packages/airflow/example_dags/example_sensors.py
[2025-06-25T20:43:46.421-0400] {processor.py:840} INFO - DAG(s) 'example_sensors' retrieved from /opt/anaconda3/envs/airflow_env/lib/python3.10/site-packages/airflow/example_dags/example_sensors.py
[2025-06-25T20:43:46.460-0400] {logging_mixin.py:188} INFO - [2025-06-25T20:43:46.460-0400] {dag.py:3096} INFO - Sync 1 DAGs
[2025-06-25T20:43:46.463-0400] {logging_mixin.py:188} INFO - [2025-06-25T20:43:46.463-0400] {dag.py:3954} INFO - Setting next_dagrun for example_sensors to None, run_after=None
[2025-06-25T20:43:46.469-0400] {processor.py:183} INFO - Processing /opt/anaconda3/envs/airflow_env/lib/python3.10/site-packages/airflow/example_dags/example_sensors.py took 0.057 seconds
[2025-06-25T20:44:40.432-0400] {processor.py:161} INFO - Started process (PID=65591) to work on /opt/anaconda3/envs/airflow_env/lib/python3.10/site-packages/airflow/example_dags/example_sensors.py
[2025-06-25T20:44:40.433-0400] {processor.py:830} INFO - Processing file /opt/anaconda3/envs/airflow_env/lib/python3.10/site-packages/airflow/example_dags/example_sensors.py for tasks to queue
[2025-06-25T20:44:40.433-0400] {logging_mixin.py:188} INFO - [2025-06-25T20:44:40.433-0400] {dagbag.py:545} INFO - Filling up the DagBag from /opt/anaconda3/envs/airflow_env/lib/python3.10/site-packages/airflow/example_dags/example_sensors.py
[2025-06-25T20:44:40.439-0400] {processor.py:840} INFO - DAG(s) 'example_sensors' retrieved from /opt/anaconda3/envs/airflow_env/lib/python3.10/site-packages/airflow/example_dags/example_sensors.py
[2025-06-25T20:44:40.478-0400] {logging_mixin.py:188} INFO - [2025-06-25T20:44:40.478-0400] {dag.py:3096} INFO - Sync 1 DAGs
[2025-06-25T20:44:40.481-0400] {logging_mixin.py:188} INFO - [2025-06-25T20:44:40.481-0400] {dag.py:3954} INFO - Setting next_dagrun for example_sensors to None, run_after=None
[2025-06-25T20:44:40.489-0400] {processor.py:183} INFO - Processing /opt/anaconda3/envs/airflow_env/lib/python3.10/site-packages/airflow/example_dags/example_sensors.py took 0.059 seconds
[2025-06-25T20:45:21.870-0400] {processor.py:161} INFO - Started process (PID=65691) to work on /opt/anaconda3/envs/airflow_env/lib/python3.10/site-packages/airflow/example_dags/example_sensors.py
[2025-06-25T20:45:21.871-0400] {processor.py:830} INFO - Processing file /opt/anaconda3/envs/airflow_env/lib/python3.10/site-packages/airflow/example_dags/example_sensors.py for tasks to queue
[2025-06-25T20:45:21.871-0400] {logging_mixin.py:188} INFO - [2025-06-25T20:45:21.871-0400] {dagbag.py:545} INFO - Filling up the DagBag from /opt/anaconda3/envs/airflow_env/lib/python3.10/site-packages/airflow/example_dags/example_sensors.py
[2025-06-25T20:45:21.877-0400] {processor.py:840} INFO - DAG(s) 'example_sensors' retrieved from /opt/anaconda3/envs/airflow_env/lib/python3.10/site-packages/airflow/example_dags/example_sensors.py
[2025-06-25T20:45:21.920-0400] {logging_mixin.py:188} INFO - [2025-06-25T20:45:21.920-0400] {dag.py:3096} INFO - Sync 1 DAGs
[2025-06-25T20:45:21.924-0400] {logging_mixin.py:188} INFO - [2025-06-25T20:45:21.924-0400] {dag.py:3954} INFO - Setting next_dagrun for example_sensors to None, run_after=None
[2025-06-25T20:45:21.931-0400] {processor.py:183} INFO - Processing /opt/anaconda3/envs/airflow_env/lib/python3.10/site-packages/airflow/example_dags/example_sensors.py took 0.062 seconds
[2025-06-25T20:46:29.484-0400] {processor.py:161} INFO - Started process (PID=65847) to work on /opt/anaconda3/envs/airflow_env/lib/python3.10/site-packages/airflow/example_dags/example_sensors.py
[2025-06-25T20:46:29.486-0400] {processor.py:830} INFO - Processing file /opt/anaconda3/envs/airflow_env/lib/python3.10/site-packages/airflow/example_dags/example_sensors.py for tasks to queue
[2025-06-25T20:46:29.486-0400] {logging_mixin.py:188} INFO - [2025-06-25T20:46:29.486-0400] {dagbag.py:545} INFO - Filling up the DagBag from /opt/anaconda3/envs/airflow_env/lib/python3.10/site-packages/airflow/example_dags/example_sensors.py
[2025-06-25T20:46:29.493-0400] {processor.py:840} INFO - DAG(s) 'example_sensors' retrieved from /opt/anaconda3/envs/airflow_env/lib/python3.10/site-packages/airflow/example_dags/example_sensors.py
[2025-06-25T20:46:29.548-0400] {logging_mixin.py:188} INFO - [2025-06-25T20:46:29.547-0400] {dag.py:3096} INFO - Sync 1 DAGs
[2025-06-25T20:46:29.552-0400] {logging_mixin.py:188} INFO - [2025-06-25T20:46:29.552-0400] {dag.py:3954} INFO - Setting next_dagrun for example_sensors to None, run_after=None
[2025-06-25T20:46:29.562-0400] {processor.py:183} INFO - Processing /opt/anaconda3/envs/airflow_env/lib/python3.10/site-packages/airflow/example_dags/example_sensors.py took 0.080 seconds
[2025-06-25T20:47:49.922-0400] {processor.py:161} INFO - Started process (PID=66036) to work on /opt/anaconda3/envs/airflow_env/lib/python3.10/site-packages/airflow/example_dags/example_sensors.py
[2025-06-25T20:47:49.922-0400] {processor.py:830} INFO - Processing file /opt/anaconda3/envs/airflow_env/lib/python3.10/site-packages/airflow/example_dags/example_sensors.py for tasks to queue
[2025-06-25T20:47:49.923-0400] {logging_mixin.py:188} INFO - [2025-06-25T20:47:49.922-0400] {dagbag.py:545} INFO - Filling up the DagBag from /opt/anaconda3/envs/airflow_env/lib/python3.10/site-packages/airflow/example_dags/example_sensors.py
[2025-06-25T20:47:49.929-0400] {processor.py:840} INFO - DAG(s) 'example_sensors' retrieved from /opt/anaconda3/envs/airflow_env/lib/python3.10/site-packages/airflow/example_dags/example_sensors.py
[2025-06-25T20:47:49.976-0400] {logging_mixin.py:188} INFO - [2025-06-25T20:47:49.976-0400] {dag.py:3096} INFO - Sync 1 DAGs
[2025-06-25T20:47:49.980-0400] {logging_mixin.py:188} INFO - [2025-06-25T20:47:49.980-0400] {dag.py:3954} INFO - Setting next_dagrun for example_sensors to None, run_after=None
[2025-06-25T20:47:49.988-0400] {processor.py:183} INFO - Processing /opt/anaconda3/envs/airflow_env/lib/python3.10/site-packages/airflow/example_dags/example_sensors.py took 0.069 seconds
[2025-06-25T20:48:17.731-0400] {processor.py:161} INFO - Started process (PID=66105) to work on /opt/anaconda3/envs/airflow_env/lib/python3.10/site-packages/airflow/example_dags/example_sensors.py
[2025-06-25T20:48:17.731-0400] {processor.py:830} INFO - Processing file /opt/anaconda3/envs/airflow_env/lib/python3.10/site-packages/airflow/example_dags/example_sensors.py for tasks to queue
[2025-06-25T20:48:17.732-0400] {logging_mixin.py:188} INFO - [2025-06-25T20:48:17.732-0400] {dagbag.py:545} INFO - Filling up the DagBag from /opt/anaconda3/envs/airflow_env/lib/python3.10/site-packages/airflow/example_dags/example_sensors.py
[2025-06-25T20:48:17.737-0400] {processor.py:840} INFO - DAG(s) 'example_sensors' retrieved from /opt/anaconda3/envs/airflow_env/lib/python3.10/site-packages/airflow/example_dags/example_sensors.py
[2025-06-25T20:48:17.778-0400] {logging_mixin.py:188} INFO - [2025-06-25T20:48:17.777-0400] {dag.py:3096} INFO - Sync 1 DAGs
[2025-06-25T20:48:17.781-0400] {logging_mixin.py:188} INFO - [2025-06-25T20:48:17.781-0400] {dag.py:3954} INFO - Setting next_dagrun for example_sensors to None, run_after=None
[2025-06-25T20:48:17.788-0400] {processor.py:183} INFO - Processing /opt/anaconda3/envs/airflow_env/lib/python3.10/site-packages/airflow/example_dags/example_sensors.py took 0.059 seconds
[2025-06-25T20:49:28.123-0400] {processor.py:161} INFO - Started process (PID=66247) to work on /opt/anaconda3/envs/airflow_env/lib/python3.10/site-packages/airflow/example_dags/example_sensors.py
[2025-06-25T20:49:28.123-0400] {processor.py:830} INFO - Processing file /opt/anaconda3/envs/airflow_env/lib/python3.10/site-packages/airflow/example_dags/example_sensors.py for tasks to queue
[2025-06-25T20:49:28.124-0400] {logging_mixin.py:188} INFO - [2025-06-25T20:49:28.124-0400] {dagbag.py:545} INFO - Filling up the DagBag from /opt/anaconda3/envs/airflow_env/lib/python3.10/site-packages/airflow/example_dags/example_sensors.py
[2025-06-25T20:49:28.129-0400] {processor.py:840} INFO - DAG(s) 'example_sensors' retrieved from /opt/anaconda3/envs/airflow_env/lib/python3.10/site-packages/airflow/example_dags/example_sensors.py
[2025-06-25T20:49:28.171-0400] {logging_mixin.py:188} INFO - [2025-06-25T20:49:28.171-0400] {dag.py:3096} INFO - Sync 1 DAGs
[2025-06-25T20:49:28.175-0400] {logging_mixin.py:188} INFO - [2025-06-25T20:49:28.175-0400] {dag.py:3954} INFO - Setting next_dagrun for example_sensors to None, run_after=None
[2025-06-25T20:49:28.182-0400] {processor.py:183} INFO - Processing /opt/anaconda3/envs/airflow_env/lib/python3.10/site-packages/airflow/example_dags/example_sensors.py took 0.061 seconds
[2025-06-25T20:50:33.542-0400] {processor.py:161} INFO - Started process (PID=66404) to work on /opt/anaconda3/envs/airflow_env/lib/python3.10/site-packages/airflow/example_dags/example_sensors.py
[2025-06-25T20:50:33.543-0400] {processor.py:830} INFO - Processing file /opt/anaconda3/envs/airflow_env/lib/python3.10/site-packages/airflow/example_dags/example_sensors.py for tasks to queue
[2025-06-25T20:50:33.543-0400] {logging_mixin.py:188} INFO - [2025-06-25T20:50:33.543-0400] {dagbag.py:545} INFO - Filling up the DagBag from /opt/anaconda3/envs/airflow_env/lib/python3.10/site-packages/airflow/example_dags/example_sensors.py
[2025-06-25T20:50:33.548-0400] {processor.py:840} INFO - DAG(s) 'example_sensors' retrieved from /opt/anaconda3/envs/airflow_env/lib/python3.10/site-packages/airflow/example_dags/example_sensors.py
[2025-06-25T20:50:33.585-0400] {logging_mixin.py:188} INFO - [2025-06-25T20:50:33.585-0400] {dag.py:3096} INFO - Sync 1 DAGs
[2025-06-25T20:50:33.589-0400] {logging_mixin.py:188} INFO - [2025-06-25T20:50:33.589-0400] {dag.py:3954} INFO - Setting next_dagrun for example_sensors to None, run_after=None
[2025-06-25T20:50:33.595-0400] {processor.py:183} INFO - Processing /opt/anaconda3/envs/airflow_env/lib/python3.10/site-packages/airflow/example_dags/example_sensors.py took 0.055 seconds
[2025-06-25T20:51:41.968-0400] {processor.py:161} INFO - Started process (PID=66554) to work on /opt/anaconda3/envs/airflow_env/lib/python3.10/site-packages/airflow/example_dags/example_sensors.py
[2025-06-25T20:51:41.968-0400] {processor.py:830} INFO - Processing file /opt/anaconda3/envs/airflow_env/lib/python3.10/site-packages/airflow/example_dags/example_sensors.py for tasks to queue
[2025-06-25T20:51:41.969-0400] {logging_mixin.py:188} INFO - [2025-06-25T20:51:41.969-0400] {dagbag.py:545} INFO - Filling up the DagBag from /opt/anaconda3/envs/airflow_env/lib/python3.10/site-packages/airflow/example_dags/example_sensors.py
[2025-06-25T20:51:41.974-0400] {processor.py:840} INFO - DAG(s) 'example_sensors' retrieved from /opt/anaconda3/envs/airflow_env/lib/python3.10/site-packages/airflow/example_dags/example_sensors.py
[2025-06-25T20:51:42.017-0400] {logging_mixin.py:188} INFO - [2025-06-25T20:51:42.017-0400] {dag.py:3096} INFO - Sync 1 DAGs
[2025-06-25T20:51:42.022-0400] {logging_mixin.py:188} INFO - [2025-06-25T20:51:42.021-0400] {dag.py:3954} INFO - Setting next_dagrun for example_sensors to None, run_after=None
[2025-06-25T20:51:42.029-0400] {processor.py:183} INFO - Processing /opt/anaconda3/envs/airflow_env/lib/python3.10/site-packages/airflow/example_dags/example_sensors.py took 0.063 seconds
[2025-06-25T20:52:39.834-0400] {processor.py:161} INFO - Started process (PID=66673) to work on /opt/anaconda3/envs/airflow_env/lib/python3.10/site-packages/airflow/example_dags/example_sensors.py
[2025-06-25T20:52:39.835-0400] {processor.py:830} INFO - Processing file /opt/anaconda3/envs/airflow_env/lib/python3.10/site-packages/airflow/example_dags/example_sensors.py for tasks to queue
[2025-06-25T20:52:39.835-0400] {logging_mixin.py:188} INFO - [2025-06-25T20:52:39.835-0400] {dagbag.py:545} INFO - Filling up the DagBag from /opt/anaconda3/envs/airflow_env/lib/python3.10/site-packages/airflow/example_dags/example_sensors.py
[2025-06-25T20:52:39.840-0400] {processor.py:840} INFO - DAG(s) 'example_sensors' retrieved from /opt/anaconda3/envs/airflow_env/lib/python3.10/site-packages/airflow/example_dags/example_sensors.py
[2025-06-25T20:52:39.882-0400] {logging_mixin.py:188} INFO - [2025-06-25T20:52:39.882-0400] {dag.py:3096} INFO - Sync 1 DAGs
[2025-06-25T20:52:39.885-0400] {logging_mixin.py:188} INFO - [2025-06-25T20:52:39.885-0400] {dag.py:3954} INFO - Setting next_dagrun for example_sensors to None, run_after=None
[2025-06-25T20:52:39.892-0400] {processor.py:183} INFO - Processing /opt/anaconda3/envs/airflow_env/lib/python3.10/site-packages/airflow/example_dags/example_sensors.py took 0.060 seconds
[2025-06-25T20:54:26.731-0400] {processor.py:161} INFO - Started process (PID=66923) to work on /opt/anaconda3/envs/airflow_env/lib/python3.10/site-packages/airflow/example_dags/example_sensors.py
[2025-06-25T20:54:26.732-0400] {processor.py:830} INFO - Processing file /opt/anaconda3/envs/airflow_env/lib/python3.10/site-packages/airflow/example_dags/example_sensors.py for tasks to queue
[2025-06-25T20:54:26.732-0400] {logging_mixin.py:188} INFO - [2025-06-25T20:54:26.732-0400] {dagbag.py:545} INFO - Filling up the DagBag from /opt/anaconda3/envs/airflow_env/lib/python3.10/site-packages/airflow/example_dags/example_sensors.py
[2025-06-25T20:54:26.738-0400] {processor.py:840} INFO - DAG(s) 'example_sensors' retrieved from /opt/anaconda3/envs/airflow_env/lib/python3.10/site-packages/airflow/example_dags/example_sensors.py
[2025-06-25T20:54:26.779-0400] {logging_mixin.py:188} INFO - [2025-06-25T20:54:26.778-0400] {dag.py:3096} INFO - Sync 1 DAGs
[2025-06-25T20:54:26.782-0400] {logging_mixin.py:188} INFO - [2025-06-25T20:54:26.782-0400] {dag.py:3954} INFO - Setting next_dagrun for example_sensors to None, run_after=None
[2025-06-25T20:54:26.788-0400] {processor.py:183} INFO - Processing /opt/anaconda3/envs/airflow_env/lib/python3.10/site-packages/airflow/example_dags/example_sensors.py took 0.060 seconds
[2025-06-25T20:54:46.271-0400] {processor.py:161} INFO - Started process (PID=66964) to work on /opt/anaconda3/envs/airflow_env/lib/python3.10/site-packages/airflow/example_dags/example_sensors.py
[2025-06-25T20:54:46.272-0400] {processor.py:830} INFO - Processing file /opt/anaconda3/envs/airflow_env/lib/python3.10/site-packages/airflow/example_dags/example_sensors.py for tasks to queue
[2025-06-25T20:54:46.273-0400] {logging_mixin.py:188} INFO - [2025-06-25T20:54:46.273-0400] {dagbag.py:545} INFO - Filling up the DagBag from /opt/anaconda3/envs/airflow_env/lib/python3.10/site-packages/airflow/example_dags/example_sensors.py
[2025-06-25T20:54:46.279-0400] {processor.py:840} INFO - DAG(s) 'example_sensors' retrieved from /opt/anaconda3/envs/airflow_env/lib/python3.10/site-packages/airflow/example_dags/example_sensors.py
[2025-06-25T20:54:46.316-0400] {logging_mixin.py:188} INFO - [2025-06-25T20:54:46.316-0400] {dag.py:3096} INFO - Sync 1 DAGs
[2025-06-25T20:54:46.319-0400] {logging_mixin.py:188} INFO - [2025-06-25T20:54:46.319-0400] {dag.py:3954} INFO - Setting next_dagrun for example_sensors to None, run_after=None
[2025-06-25T20:54:46.325-0400] {processor.py:183} INFO - Processing /opt/anaconda3/envs/airflow_env/lib/python3.10/site-packages/airflow/example_dags/example_sensors.py took 0.055 seconds
[2025-06-25T20:56:15.791-0400] {processor.py:161} INFO - Started process (PID=67151) to work on /opt/anaconda3/envs/airflow_env/lib/python3.10/site-packages/airflow/example_dags/example_sensors.py
[2025-06-25T20:56:15.792-0400] {processor.py:830} INFO - Processing file /opt/anaconda3/envs/airflow_env/lib/python3.10/site-packages/airflow/example_dags/example_sensors.py for tasks to queue
[2025-06-25T20:56:15.792-0400] {logging_mixin.py:188} INFO - [2025-06-25T20:56:15.792-0400] {dagbag.py:545} INFO - Filling up the DagBag from /opt/anaconda3/envs/airflow_env/lib/python3.10/site-packages/airflow/example_dags/example_sensors.py
[2025-06-25T20:56:15.797-0400] {processor.py:840} INFO - DAG(s) 'example_sensors' retrieved from /opt/anaconda3/envs/airflow_env/lib/python3.10/site-packages/airflow/example_dags/example_sensors.py
[2025-06-25T20:56:15.836-0400] {logging_mixin.py:188} INFO - [2025-06-25T20:56:15.836-0400] {dag.py:3096} INFO - Sync 1 DAGs
[2025-06-25T20:56:15.840-0400] {logging_mixin.py:188} INFO - [2025-06-25T20:56:15.840-0400] {dag.py:3954} INFO - Setting next_dagrun for example_sensors to None, run_after=None
[2025-06-25T20:56:15.846-0400] {processor.py:183} INFO - Processing /opt/anaconda3/envs/airflow_env/lib/python3.10/site-packages/airflow/example_dags/example_sensors.py took 0.057 seconds
[2025-06-25T20:56:23.865-0400] {processor.py:161} INFO - Started process (PID=67163) to work on /opt/anaconda3/envs/airflow_env/lib/python3.10/site-packages/airflow/example_dags/example_sensors.py
[2025-06-25T20:56:23.865-0400] {processor.py:830} INFO - Processing file /opt/anaconda3/envs/airflow_env/lib/python3.10/site-packages/airflow/example_dags/example_sensors.py for tasks to queue
[2025-06-25T20:56:23.865-0400] {logging_mixin.py:188} INFO - [2025-06-25T20:56:23.865-0400] {dagbag.py:545} INFO - Filling up the DagBag from /opt/anaconda3/envs/airflow_env/lib/python3.10/site-packages/airflow/example_dags/example_sensors.py
[2025-06-25T20:56:23.870-0400] {processor.py:840} INFO - DAG(s) 'example_sensors' retrieved from /opt/anaconda3/envs/airflow_env/lib/python3.10/site-packages/airflow/example_dags/example_sensors.py
[2025-06-25T20:56:23.909-0400] {logging_mixin.py:188} INFO - [2025-06-25T20:56:23.909-0400] {dag.py:3096} INFO - Sync 1 DAGs
[2025-06-25T20:56:23.912-0400] {logging_mixin.py:188} INFO - [2025-06-25T20:56:23.912-0400] {dag.py:3954} INFO - Setting next_dagrun for example_sensors to None, run_after=None
[2025-06-25T20:56:23.918-0400] {processor.py:183} INFO - Processing /opt/anaconda3/envs/airflow_env/lib/python3.10/site-packages/airflow/example_dags/example_sensors.py took 0.055 seconds
[2025-06-25T20:57:50.232-0400] {processor.py:161} INFO - Started process (PID=67325) to work on /opt/anaconda3/envs/airflow_env/lib/python3.10/site-packages/airflow/example_dags/example_sensors.py
[2025-06-25T20:57:50.233-0400] {processor.py:830} INFO - Processing file /opt/anaconda3/envs/airflow_env/lib/python3.10/site-packages/airflow/example_dags/example_sensors.py for tasks to queue
[2025-06-25T20:57:50.233-0400] {logging_mixin.py:188} INFO - [2025-06-25T20:57:50.233-0400] {dagbag.py:545} INFO - Filling up the DagBag from /opt/anaconda3/envs/airflow_env/lib/python3.10/site-packages/airflow/example_dags/example_sensors.py
[2025-06-25T20:57:50.240-0400] {processor.py:840} INFO - DAG(s) 'example_sensors' retrieved from /opt/anaconda3/envs/airflow_env/lib/python3.10/site-packages/airflow/example_dags/example_sensors.py
[2025-06-25T20:57:50.282-0400] {logging_mixin.py:188} INFO - [2025-06-25T20:57:50.282-0400] {dag.py:3096} INFO - Sync 1 DAGs
[2025-06-25T20:57:50.286-0400] {logging_mixin.py:188} INFO - [2025-06-25T20:57:50.286-0400] {dag.py:3954} INFO - Setting next_dagrun for example_sensors to None, run_after=None
[2025-06-25T20:57:50.292-0400] {processor.py:183} INFO - Processing /opt/anaconda3/envs/airflow_env/lib/python3.10/site-packages/airflow/example_dags/example_sensors.py took 0.063 seconds
[2025-06-25T20:57:59.299-0400] {processor.py:161} INFO - Started process (PID=67350) to work on /opt/anaconda3/envs/airflow_env/lib/python3.10/site-packages/airflow/example_dags/example_sensors.py
[2025-06-25T20:57:59.300-0400] {processor.py:830} INFO - Processing file /opt/anaconda3/envs/airflow_env/lib/python3.10/site-packages/airflow/example_dags/example_sensors.py for tasks to queue
[2025-06-25T20:57:59.300-0400] {logging_mixin.py:188} INFO - [2025-06-25T20:57:59.300-0400] {dagbag.py:545} INFO - Filling up the DagBag from /opt/anaconda3/envs/airflow_env/lib/python3.10/site-packages/airflow/example_dags/example_sensors.py
[2025-06-25T20:57:59.305-0400] {processor.py:840} INFO - DAG(s) 'example_sensors' retrieved from /opt/anaconda3/envs/airflow_env/lib/python3.10/site-packages/airflow/example_dags/example_sensors.py
[2025-06-25T20:57:59.341-0400] {logging_mixin.py:188} INFO - [2025-06-25T20:57:59.341-0400] {dag.py:3096} INFO - Sync 1 DAGs
[2025-06-25T20:57:59.344-0400] {logging_mixin.py:188} INFO - [2025-06-25T20:57:59.344-0400] {dag.py:3954} INFO - Setting next_dagrun for example_sensors to None, run_after=None
[2025-06-25T20:57:59.351-0400] {processor.py:183} INFO - Processing /opt/anaconda3/envs/airflow_env/lib/python3.10/site-packages/airflow/example_dags/example_sensors.py took 0.053 seconds
[2025-06-25T20:59:27.672-0400] {processor.py:161} INFO - Started process (PID=67508) to work on /opt/anaconda3/envs/airflow_env/lib/python3.10/site-packages/airflow/example_dags/example_sensors.py
[2025-06-25T20:59:27.673-0400] {processor.py:830} INFO - Processing file /opt/anaconda3/envs/airflow_env/lib/python3.10/site-packages/airflow/example_dags/example_sensors.py for tasks to queue
[2025-06-25T20:59:27.673-0400] {logging_mixin.py:188} INFO - [2025-06-25T20:59:27.673-0400] {dagbag.py:545} INFO - Filling up the DagBag from /opt/anaconda3/envs/airflow_env/lib/python3.10/site-packages/airflow/example_dags/example_sensors.py
[2025-06-25T20:59:27.679-0400] {processor.py:840} INFO - DAG(s) 'example_sensors' retrieved from /opt/anaconda3/envs/airflow_env/lib/python3.10/site-packages/airflow/example_dags/example_sensors.py
[2025-06-25T20:59:27.718-0400] {logging_mixin.py:188} INFO - [2025-06-25T20:59:27.718-0400] {dag.py:3096} INFO - Sync 1 DAGs
[2025-06-25T20:59:27.721-0400] {logging_mixin.py:188} INFO - [2025-06-25T20:59:27.721-0400] {dag.py:3954} INFO - Setting next_dagrun for example_sensors to None, run_after=None
[2025-06-25T20:59:27.728-0400] {processor.py:183} INFO - Processing /opt/anaconda3/envs/airflow_env/lib/python3.10/site-packages/airflow/example_dags/example_sensors.py took 0.058 seconds
[2025-06-25T20:59:39.415-0400] {processor.py:161} INFO - Started process (PID=67532) to work on /opt/anaconda3/envs/airflow_env/lib/python3.10/site-packages/airflow/example_dags/example_sensors.py
[2025-06-25T20:59:39.415-0400] {processor.py:830} INFO - Processing file /opt/anaconda3/envs/airflow_env/lib/python3.10/site-packages/airflow/example_dags/example_sensors.py for tasks to queue
[2025-06-25T20:59:39.415-0400] {logging_mixin.py:188} INFO - [2025-06-25T20:59:39.415-0400] {dagbag.py:545} INFO - Filling up the DagBag from /opt/anaconda3/envs/airflow_env/lib/python3.10/site-packages/airflow/example_dags/example_sensors.py
[2025-06-25T20:59:39.422-0400] {processor.py:840} INFO - DAG(s) 'example_sensors' retrieved from /opt/anaconda3/envs/airflow_env/lib/python3.10/site-packages/airflow/example_dags/example_sensors.py
[2025-06-25T20:59:39.462-0400] {logging_mixin.py:188} INFO - [2025-06-25T20:59:39.462-0400] {dag.py:3096} INFO - Sync 1 DAGs
[2025-06-25T20:59:39.465-0400] {logging_mixin.py:188} INFO - [2025-06-25T20:59:39.465-0400] {dag.py:3954} INFO - Setting next_dagrun for example_sensors to None, run_after=None
[2025-06-25T20:59:39.471-0400] {processor.py:183} INFO - Processing /opt/anaconda3/envs/airflow_env/lib/python3.10/site-packages/airflow/example_dags/example_sensors.py took 0.058 seconds
[2025-06-25T21:01:01.269-0400] {processor.py:161} INFO - Started process (PID=67676) to work on /opt/anaconda3/envs/airflow_env/lib/python3.10/site-packages/airflow/example_dags/example_sensors.py
[2025-06-25T21:01:01.270-0400] {processor.py:830} INFO - Processing file /opt/anaconda3/envs/airflow_env/lib/python3.10/site-packages/airflow/example_dags/example_sensors.py for tasks to queue
[2025-06-25T21:01:01.271-0400] {logging_mixin.py:188} INFO - [2025-06-25T21:01:01.271-0400] {dagbag.py:545} INFO - Filling up the DagBag from /opt/anaconda3/envs/airflow_env/lib/python3.10/site-packages/airflow/example_dags/example_sensors.py
[2025-06-25T21:01:01.276-0400] {processor.py:840} INFO - DAG(s) 'example_sensors' retrieved from /opt/anaconda3/envs/airflow_env/lib/python3.10/site-packages/airflow/example_dags/example_sensors.py
[2025-06-25T21:01:01.315-0400] {logging_mixin.py:188} INFO - [2025-06-25T21:01:01.315-0400] {dag.py:3096} INFO - Sync 1 DAGs
[2025-06-25T21:01:01.318-0400] {logging_mixin.py:188} INFO - [2025-06-25T21:01:01.318-0400] {dag.py:3954} INFO - Setting next_dagrun for example_sensors to None, run_after=None
[2025-06-25T21:01:01.348-0400] {processor.py:183} INFO - Processing /opt/anaconda3/envs/airflow_env/lib/python3.10/site-packages/airflow/example_dags/example_sensors.py took 0.081 seconds
[2025-06-25T21:01:15.245-0400] {processor.py:161} INFO - Started process (PID=67697) to work on /opt/anaconda3/envs/airflow_env/lib/python3.10/site-packages/airflow/example_dags/example_sensors.py
[2025-06-25T21:01:15.246-0400] {processor.py:830} INFO - Processing file /opt/anaconda3/envs/airflow_env/lib/python3.10/site-packages/airflow/example_dags/example_sensors.py for tasks to queue
[2025-06-25T21:01:15.246-0400] {logging_mixin.py:188} INFO - [2025-06-25T21:01:15.246-0400] {dagbag.py:545} INFO - Filling up the DagBag from /opt/anaconda3/envs/airflow_env/lib/python3.10/site-packages/airflow/example_dags/example_sensors.py
[2025-06-25T21:01:15.251-0400] {processor.py:840} INFO - DAG(s) 'example_sensors' retrieved from /opt/anaconda3/envs/airflow_env/lib/python3.10/site-packages/airflow/example_dags/example_sensors.py
[2025-06-25T21:01:15.288-0400] {logging_mixin.py:188} INFO - [2025-06-25T21:01:15.288-0400] {dag.py:3096} INFO - Sync 1 DAGs
[2025-06-25T21:01:15.291-0400] {logging_mixin.py:188} INFO - [2025-06-25T21:01:15.291-0400] {dag.py:3954} INFO - Setting next_dagrun for example_sensors to None, run_after=None
[2025-06-25T21:01:15.297-0400] {processor.py:183} INFO - Processing /opt/anaconda3/envs/airflow_env/lib/python3.10/site-packages/airflow/example_dags/example_sensors.py took 0.054 seconds
[2025-06-25T21:02:32.702-0400] {processor.py:161} INFO - Started process (PID=67807) to work on /opt/anaconda3/envs/airflow_env/lib/python3.10/site-packages/airflow/example_dags/example_sensors.py
[2025-06-25T21:02:32.702-0400] {processor.py:830} INFO - Processing file /opt/anaconda3/envs/airflow_env/lib/python3.10/site-packages/airflow/example_dags/example_sensors.py for tasks to queue
[2025-06-25T21:02:32.702-0400] {logging_mixin.py:188} INFO - [2025-06-25T21:02:32.702-0400] {dagbag.py:545} INFO - Filling up the DagBag from /opt/anaconda3/envs/airflow_env/lib/python3.10/site-packages/airflow/example_dags/example_sensors.py
[2025-06-25T21:02:32.707-0400] {processor.py:840} INFO - DAG(s) 'example_sensors' retrieved from /opt/anaconda3/envs/airflow_env/lib/python3.10/site-packages/airflow/example_dags/example_sensors.py
[2025-06-25T21:02:32.745-0400] {logging_mixin.py:188} INFO - [2025-06-25T21:02:32.745-0400] {dag.py:3096} INFO - Sync 1 DAGs
[2025-06-25T21:02:32.749-0400] {logging_mixin.py:188} INFO - [2025-06-25T21:02:32.748-0400] {dag.py:3954} INFO - Setting next_dagrun for example_sensors to None, run_after=None
[2025-06-25T21:02:32.755-0400] {processor.py:183} INFO - Processing /opt/anaconda3/envs/airflow_env/lib/python3.10/site-packages/airflow/example_dags/example_sensors.py took 0.055 seconds
[2025-06-25T21:02:48.101-0400] {processor.py:161} INFO - Started process (PID=67834) to work on /opt/anaconda3/envs/airflow_env/lib/python3.10/site-packages/airflow/example_dags/example_sensors.py
[2025-06-25T21:02:48.101-0400] {processor.py:830} INFO - Processing file /opt/anaconda3/envs/airflow_env/lib/python3.10/site-packages/airflow/example_dags/example_sensors.py for tasks to queue
[2025-06-25T21:02:48.102-0400] {logging_mixin.py:188} INFO - [2025-06-25T21:02:48.102-0400] {dagbag.py:545} INFO - Filling up the DagBag from /opt/anaconda3/envs/airflow_env/lib/python3.10/site-packages/airflow/example_dags/example_sensors.py
[2025-06-25T21:02:48.107-0400] {processor.py:840} INFO - DAG(s) 'example_sensors' retrieved from /opt/anaconda3/envs/airflow_env/lib/python3.10/site-packages/airflow/example_dags/example_sensors.py
[2025-06-25T21:02:48.147-0400] {logging_mixin.py:188} INFO - [2025-06-25T21:02:48.147-0400] {dag.py:3096} INFO - Sync 1 DAGs
[2025-06-25T21:02:48.151-0400] {logging_mixin.py:188} INFO - [2025-06-25T21:02:48.151-0400] {dag.py:3954} INFO - Setting next_dagrun for example_sensors to None, run_after=None
[2025-06-25T21:02:48.159-0400] {processor.py:183} INFO - Processing /opt/anaconda3/envs/airflow_env/lib/python3.10/site-packages/airflow/example_dags/example_sensors.py took 0.060 seconds
[2025-06-25T21:04:05.306-0400] {processor.py:161} INFO - Started process (PID=67943) to work on /opt/anaconda3/envs/airflow_env/lib/python3.10/site-packages/airflow/example_dags/example_sensors.py
[2025-06-25T21:04:05.307-0400] {processor.py:830} INFO - Processing file /opt/anaconda3/envs/airflow_env/lib/python3.10/site-packages/airflow/example_dags/example_sensors.py for tasks to queue
[2025-06-25T21:04:05.308-0400] {logging_mixin.py:188} INFO - [2025-06-25T21:04:05.307-0400] {dagbag.py:545} INFO - Filling up the DagBag from /opt/anaconda3/envs/airflow_env/lib/python3.10/site-packages/airflow/example_dags/example_sensors.py
[2025-06-25T21:04:05.321-0400] {processor.py:840} INFO - DAG(s) 'example_sensors' retrieved from /opt/anaconda3/envs/airflow_env/lib/python3.10/site-packages/airflow/example_dags/example_sensors.py
[2025-06-25T21:04:05.371-0400] {logging_mixin.py:188} INFO - [2025-06-25T21:04:05.370-0400] {dag.py:3096} INFO - Sync 1 DAGs
[2025-06-25T21:04:05.374-0400] {logging_mixin.py:188} INFO - [2025-06-25T21:04:05.374-0400] {dag.py:3954} INFO - Setting next_dagrun for example_sensors to None, run_after=None
[2025-06-25T21:04:05.381-0400] {processor.py:183} INFO - Processing /opt/anaconda3/envs/airflow_env/lib/python3.10/site-packages/airflow/example_dags/example_sensors.py took 0.078 seconds
[2025-06-25T21:04:22.692-0400] {processor.py:161} INFO - Started process (PID=67985) to work on /opt/anaconda3/envs/airflow_env/lib/python3.10/site-packages/airflow/example_dags/example_sensors.py
[2025-06-25T21:04:22.692-0400] {processor.py:830} INFO - Processing file /opt/anaconda3/envs/airflow_env/lib/python3.10/site-packages/airflow/example_dags/example_sensors.py for tasks to queue
[2025-06-25T21:04:22.693-0400] {logging_mixin.py:188} INFO - [2025-06-25T21:04:22.693-0400] {dagbag.py:545} INFO - Filling up the DagBag from /opt/anaconda3/envs/airflow_env/lib/python3.10/site-packages/airflow/example_dags/example_sensors.py
[2025-06-25T21:04:22.699-0400] {processor.py:840} INFO - DAG(s) 'example_sensors' retrieved from /opt/anaconda3/envs/airflow_env/lib/python3.10/site-packages/airflow/example_dags/example_sensors.py
[2025-06-25T21:04:22.740-0400] {logging_mixin.py:188} INFO - [2025-06-25T21:04:22.739-0400] {dag.py:3096} INFO - Sync 1 DAGs
[2025-06-25T21:04:22.743-0400] {logging_mixin.py:188} INFO - [2025-06-25T21:04:22.743-0400] {dag.py:3954} INFO - Setting next_dagrun for example_sensors to None, run_after=None
[2025-06-25T21:04:22.750-0400] {processor.py:183} INFO - Processing /opt/anaconda3/envs/airflow_env/lib/python3.10/site-packages/airflow/example_dags/example_sensors.py took 0.059 seconds
[2025-06-25T21:05:52.527-0400] {processor.py:161} INFO - Started process (PID=68132) to work on /opt/anaconda3/envs/airflow_env/lib/python3.10/site-packages/airflow/example_dags/example_sensors.py
[2025-06-25T21:05:52.528-0400] {processor.py:830} INFO - Processing file /opt/anaconda3/envs/airflow_env/lib/python3.10/site-packages/airflow/example_dags/example_sensors.py for tasks to queue
[2025-06-25T21:05:52.528-0400] {logging_mixin.py:188} INFO - [2025-06-25T21:05:52.528-0400] {dagbag.py:545} INFO - Filling up the DagBag from /opt/anaconda3/envs/airflow_env/lib/python3.10/site-packages/airflow/example_dags/example_sensors.py
[2025-06-25T21:05:52.534-0400] {processor.py:840} INFO - DAG(s) 'example_sensors' retrieved from /opt/anaconda3/envs/airflow_env/lib/python3.10/site-packages/airflow/example_dags/example_sensors.py
[2025-06-25T21:05:52.572-0400] {logging_mixin.py:188} INFO - [2025-06-25T21:05:52.572-0400] {dag.py:3096} INFO - Sync 1 DAGs
[2025-06-25T21:05:52.576-0400] {logging_mixin.py:188} INFO - [2025-06-25T21:05:52.576-0400] {dag.py:3954} INFO - Setting next_dagrun for example_sensors to None, run_after=None
[2025-06-25T21:05:52.582-0400] {processor.py:183} INFO - Processing /opt/anaconda3/envs/airflow_env/lib/python3.10/site-packages/airflow/example_dags/example_sensors.py took 0.057 seconds
[2025-06-25T21:06:05.743-0400] {processor.py:161} INFO - Started process (PID=68147) to work on /opt/anaconda3/envs/airflow_env/lib/python3.10/site-packages/airflow/example_dags/example_sensors.py
[2025-06-25T21:06:05.744-0400] {processor.py:830} INFO - Processing file /opt/anaconda3/envs/airflow_env/lib/python3.10/site-packages/airflow/example_dags/example_sensors.py for tasks to queue
[2025-06-25T21:06:05.744-0400] {logging_mixin.py:188} INFO - [2025-06-25T21:06:05.744-0400] {dagbag.py:545} INFO - Filling up the DagBag from /opt/anaconda3/envs/airflow_env/lib/python3.10/site-packages/airflow/example_dags/example_sensors.py
[2025-06-25T21:06:05.749-0400] {processor.py:840} INFO - DAG(s) 'example_sensors' retrieved from /opt/anaconda3/envs/airflow_env/lib/python3.10/site-packages/airflow/example_dags/example_sensors.py
[2025-06-25T21:06:05.788-0400] {logging_mixin.py:188} INFO - [2025-06-25T21:06:05.788-0400] {dag.py:3096} INFO - Sync 1 DAGs
[2025-06-25T21:06:05.791-0400] {logging_mixin.py:188} INFO - [2025-06-25T21:06:05.791-0400] {dag.py:3954} INFO - Setting next_dagrun for example_sensors to None, run_after=None
[2025-06-25T21:06:05.797-0400] {processor.py:183} INFO - Processing /opt/anaconda3/envs/airflow_env/lib/python3.10/site-packages/airflow/example_dags/example_sensors.py took 0.056 seconds
[2025-06-25T21:07:37.745-0400] {processor.py:161} INFO - Started process (PID=68302) to work on /opt/anaconda3/envs/airflow_env/lib/python3.10/site-packages/airflow/example_dags/example_sensors.py
[2025-06-25T21:07:37.746-0400] {processor.py:830} INFO - Processing file /opt/anaconda3/envs/airflow_env/lib/python3.10/site-packages/airflow/example_dags/example_sensors.py for tasks to queue
[2025-06-25T21:07:37.747-0400] {logging_mixin.py:188} INFO - [2025-06-25T21:07:37.747-0400] {dagbag.py:545} INFO - Filling up the DagBag from /opt/anaconda3/envs/airflow_env/lib/python3.10/site-packages/airflow/example_dags/example_sensors.py
[2025-06-25T21:07:37.752-0400] {processor.py:840} INFO - DAG(s) 'example_sensors' retrieved from /opt/anaconda3/envs/airflow_env/lib/python3.10/site-packages/airflow/example_dags/example_sensors.py
[2025-06-25T21:07:37.789-0400] {logging_mixin.py:188} INFO - [2025-06-25T21:07:37.789-0400] {dag.py:3096} INFO - Sync 1 DAGs
[2025-06-25T21:07:37.792-0400] {logging_mixin.py:188} INFO - [2025-06-25T21:07:37.792-0400] {dag.py:3954} INFO - Setting next_dagrun for example_sensors to None, run_after=None
[2025-06-25T21:07:37.798-0400] {processor.py:183} INFO - Processing /opt/anaconda3/envs/airflow_env/lib/python3.10/site-packages/airflow/example_dags/example_sensors.py took 0.055 seconds
[2025-06-25T21:07:52.341-0400] {processor.py:161} INFO - Started process (PID=68325) to work on /opt/anaconda3/envs/airflow_env/lib/python3.10/site-packages/airflow/example_dags/example_sensors.py
[2025-06-25T21:07:52.341-0400] {processor.py:830} INFO - Processing file /opt/anaconda3/envs/airflow_env/lib/python3.10/site-packages/airflow/example_dags/example_sensors.py for tasks to queue
[2025-06-25T21:07:52.342-0400] {logging_mixin.py:188} INFO - [2025-06-25T21:07:52.342-0400] {dagbag.py:545} INFO - Filling up the DagBag from /opt/anaconda3/envs/airflow_env/lib/python3.10/site-packages/airflow/example_dags/example_sensors.py
[2025-06-25T21:07:52.349-0400] {processor.py:840} INFO - DAG(s) 'example_sensors' retrieved from /opt/anaconda3/envs/airflow_env/lib/python3.10/site-packages/airflow/example_dags/example_sensors.py
[2025-06-25T21:07:52.389-0400] {logging_mixin.py:188} INFO - [2025-06-25T21:07:52.389-0400] {dag.py:3096} INFO - Sync 1 DAGs
[2025-06-25T21:07:52.393-0400] {logging_mixin.py:188} INFO - [2025-06-25T21:07:52.393-0400] {dag.py:3954} INFO - Setting next_dagrun for example_sensors to None, run_after=None
[2025-06-25T21:07:52.400-0400] {processor.py:183} INFO - Processing /opt/anaconda3/envs/airflow_env/lib/python3.10/site-packages/airflow/example_dags/example_sensors.py took 0.061 seconds
[2025-06-25T21:09:22.925-0400] {processor.py:161} INFO - Started process (PID=68469) to work on /opt/anaconda3/envs/airflow_env/lib/python3.10/site-packages/airflow/example_dags/example_sensors.py
[2025-06-25T21:09:22.926-0400] {processor.py:830} INFO - Processing file /opt/anaconda3/envs/airflow_env/lib/python3.10/site-packages/airflow/example_dags/example_sensors.py for tasks to queue
[2025-06-25T21:09:22.927-0400] {logging_mixin.py:188} INFO - [2025-06-25T21:09:22.927-0400] {dagbag.py:545} INFO - Filling up the DagBag from /opt/anaconda3/envs/airflow_env/lib/python3.10/site-packages/airflow/example_dags/example_sensors.py
[2025-06-25T21:09:22.933-0400] {processor.py:840} INFO - DAG(s) 'example_sensors' retrieved from /opt/anaconda3/envs/airflow_env/lib/python3.10/site-packages/airflow/example_dags/example_sensors.py
[2025-06-25T21:09:22.971-0400] {logging_mixin.py:188} INFO - [2025-06-25T21:09:22.970-0400] {dag.py:3096} INFO - Sync 1 DAGs
[2025-06-25T21:09:22.974-0400] {logging_mixin.py:188} INFO - [2025-06-25T21:09:22.974-0400] {dag.py:3954} INFO - Setting next_dagrun for example_sensors to None, run_after=None
[2025-06-25T21:09:22.980-0400] {processor.py:183} INFO - Processing /opt/anaconda3/envs/airflow_env/lib/python3.10/site-packages/airflow/example_dags/example_sensors.py took 0.056 seconds
[2025-06-25T21:09:31.885-0400] {processor.py:161} INFO - Started process (PID=68481) to work on /opt/anaconda3/envs/airflow_env/lib/python3.10/site-packages/airflow/example_dags/example_sensors.py
[2025-06-25T21:09:31.886-0400] {processor.py:830} INFO - Processing file /opt/anaconda3/envs/airflow_env/lib/python3.10/site-packages/airflow/example_dags/example_sensors.py for tasks to queue
[2025-06-25T21:09:31.886-0400] {logging_mixin.py:188} INFO - [2025-06-25T21:09:31.886-0400] {dagbag.py:545} INFO - Filling up the DagBag from /opt/anaconda3/envs/airflow_env/lib/python3.10/site-packages/airflow/example_dags/example_sensors.py
[2025-06-25T21:09:31.899-0400] {processor.py:840} INFO - DAG(s) 'example_sensors' retrieved from /opt/anaconda3/envs/airflow_env/lib/python3.10/site-packages/airflow/example_dags/example_sensors.py
[2025-06-25T21:09:31.952-0400] {logging_mixin.py:188} INFO - [2025-06-25T21:09:31.952-0400] {dag.py:3096} INFO - Sync 1 DAGs
[2025-06-25T21:09:31.956-0400] {logging_mixin.py:188} INFO - [2025-06-25T21:09:31.956-0400] {dag.py:3954} INFO - Setting next_dagrun for example_sensors to None, run_after=None
[2025-06-25T21:09:31.968-0400] {processor.py:183} INFO - Processing /opt/anaconda3/envs/airflow_env/lib/python3.10/site-packages/airflow/example_dags/example_sensors.py took 0.086 seconds
[2025-06-25T21:11:07.694-0400] {processor.py:161} INFO - Started process (PID=68699) to work on /opt/anaconda3/envs/airflow_env/lib/python3.10/site-packages/airflow/example_dags/example_sensors.py
[2025-06-25T21:11:07.694-0400] {processor.py:830} INFO - Processing file /opt/anaconda3/envs/airflow_env/lib/python3.10/site-packages/airflow/example_dags/example_sensors.py for tasks to queue
[2025-06-25T21:11:07.694-0400] {logging_mixin.py:188} INFO - [2025-06-25T21:11:07.694-0400] {dagbag.py:545} INFO - Filling up the DagBag from /opt/anaconda3/envs/airflow_env/lib/python3.10/site-packages/airflow/example_dags/example_sensors.py
[2025-06-25T21:11:07.702-0400] {processor.py:840} INFO - DAG(s) 'example_sensors' retrieved from /opt/anaconda3/envs/airflow_env/lib/python3.10/site-packages/airflow/example_dags/example_sensors.py
[2025-06-25T21:11:07.751-0400] {logging_mixin.py:188} INFO - [2025-06-25T21:11:07.751-0400] {dag.py:3096} INFO - Sync 1 DAGs
[2025-06-25T21:11:07.756-0400] {logging_mixin.py:188} INFO - [2025-06-25T21:11:07.756-0400] {dag.py:3954} INFO - Setting next_dagrun for example_sensors to None, run_after=None
[2025-06-25T21:11:07.764-0400] {processor.py:183} INFO - Processing /opt/anaconda3/envs/airflow_env/lib/python3.10/site-packages/airflow/example_dags/example_sensors.py took 0.072 seconds
[2025-06-25T21:11:20.035-0400] {processor.py:161} INFO - Started process (PID=68729) to work on /opt/anaconda3/envs/airflow_env/lib/python3.10/site-packages/airflow/example_dags/example_sensors.py
[2025-06-25T21:11:20.035-0400] {processor.py:830} INFO - Processing file /opt/anaconda3/envs/airflow_env/lib/python3.10/site-packages/airflow/example_dags/example_sensors.py for tasks to queue
[2025-06-25T21:11:20.036-0400] {logging_mixin.py:188} INFO - [2025-06-25T21:11:20.036-0400] {dagbag.py:545} INFO - Filling up the DagBag from /opt/anaconda3/envs/airflow_env/lib/python3.10/site-packages/airflow/example_dags/example_sensors.py
[2025-06-25T21:11:20.042-0400] {processor.py:840} INFO - DAG(s) 'example_sensors' retrieved from /opt/anaconda3/envs/airflow_env/lib/python3.10/site-packages/airflow/example_dags/example_sensors.py
[2025-06-25T21:11:20.094-0400] {logging_mixin.py:188} INFO - [2025-06-25T21:11:20.094-0400] {dag.py:3096} INFO - Sync 1 DAGs
[2025-06-25T21:11:20.098-0400] {logging_mixin.py:188} INFO - [2025-06-25T21:11:20.098-0400] {dag.py:3954} INFO - Setting next_dagrun for example_sensors to None, run_after=None
[2025-06-25T21:11:20.106-0400] {processor.py:183} INFO - Processing /opt/anaconda3/envs/airflow_env/lib/python3.10/site-packages/airflow/example_dags/example_sensors.py took 0.073 seconds
[2025-06-25T21:12:59.077-0400] {processor.py:161} INFO - Started process (PID=68923) to work on /opt/anaconda3/envs/airflow_env/lib/python3.10/site-packages/airflow/example_dags/example_sensors.py
[2025-06-25T21:12:59.079-0400] {processor.py:830} INFO - Processing file /opt/anaconda3/envs/airflow_env/lib/python3.10/site-packages/airflow/example_dags/example_sensors.py for tasks to queue
[2025-06-25T21:12:59.079-0400] {logging_mixin.py:188} INFO - [2025-06-25T21:12:59.079-0400] {dagbag.py:545} INFO - Filling up the DagBag from /opt/anaconda3/envs/airflow_env/lib/python3.10/site-packages/airflow/example_dags/example_sensors.py
[2025-06-25T21:12:59.085-0400] {processor.py:840} INFO - DAG(s) 'example_sensors' retrieved from /opt/anaconda3/envs/airflow_env/lib/python3.10/site-packages/airflow/example_dags/example_sensors.py
[2025-06-25T21:12:59.128-0400] {logging_mixin.py:188} INFO - [2025-06-25T21:12:59.128-0400] {dag.py:3096} INFO - Sync 1 DAGs
[2025-06-25T21:12:59.131-0400] {logging_mixin.py:188} INFO - [2025-06-25T21:12:59.131-0400] {dag.py:3954} INFO - Setting next_dagrun for example_sensors to None, run_after=None
[2025-06-25T21:12:59.138-0400] {processor.py:183} INFO - Processing /opt/anaconda3/envs/airflow_env/lib/python3.10/site-packages/airflow/example_dags/example_sensors.py took 0.064 seconds
[2025-06-25T21:13:22.029-0400] {processor.py:161} INFO - Started process (PID=68960) to work on /opt/anaconda3/envs/airflow_env/lib/python3.10/site-packages/airflow/example_dags/example_sensors.py
[2025-06-25T21:13:22.030-0400] {processor.py:830} INFO - Processing file /opt/anaconda3/envs/airflow_env/lib/python3.10/site-packages/airflow/example_dags/example_sensors.py for tasks to queue
[2025-06-25T21:13:22.030-0400] {logging_mixin.py:188} INFO - [2025-06-25T21:13:22.030-0400] {dagbag.py:545} INFO - Filling up the DagBag from /opt/anaconda3/envs/airflow_env/lib/python3.10/site-packages/airflow/example_dags/example_sensors.py
[2025-06-25T21:13:22.037-0400] {processor.py:840} INFO - DAG(s) 'example_sensors' retrieved from /opt/anaconda3/envs/airflow_env/lib/python3.10/site-packages/airflow/example_dags/example_sensors.py
[2025-06-25T21:13:22.092-0400] {logging_mixin.py:188} INFO - [2025-06-25T21:13:22.092-0400] {dag.py:3096} INFO - Sync 1 DAGs
[2025-06-25T21:13:22.096-0400] {logging_mixin.py:188} INFO - [2025-06-25T21:13:22.096-0400] {dag.py:3954} INFO - Setting next_dagrun for example_sensors to None, run_after=None
[2025-06-25T21:13:22.105-0400] {processor.py:183} INFO - Processing /opt/anaconda3/envs/airflow_env/lib/python3.10/site-packages/airflow/example_dags/example_sensors.py took 0.079 seconds
[2025-06-25T21:14:56.077-0400] {processor.py:161} INFO - Started process (PID=69129) to work on /opt/anaconda3/envs/airflow_env/lib/python3.10/site-packages/airflow/example_dags/example_sensors.py
[2025-06-25T21:14:56.078-0400] {processor.py:830} INFO - Processing file /opt/anaconda3/envs/airflow_env/lib/python3.10/site-packages/airflow/example_dags/example_sensors.py for tasks to queue
[2025-06-25T21:14:56.079-0400] {logging_mixin.py:188} INFO - [2025-06-25T21:14:56.079-0400] {dagbag.py:545} INFO - Filling up the DagBag from /opt/anaconda3/envs/airflow_env/lib/python3.10/site-packages/airflow/example_dags/example_sensors.py
[2025-06-25T21:14:56.085-0400] {processor.py:840} INFO - DAG(s) 'example_sensors' retrieved from /opt/anaconda3/envs/airflow_env/lib/python3.10/site-packages/airflow/example_dags/example_sensors.py
[2025-06-25T21:14:56.122-0400] {logging_mixin.py:188} INFO - [2025-06-25T21:14:56.122-0400] {dag.py:3096} INFO - Sync 1 DAGs
[2025-06-25T21:14:56.125-0400] {logging_mixin.py:188} INFO - [2025-06-25T21:14:56.125-0400] {dag.py:3954} INFO - Setting next_dagrun for example_sensors to None, run_after=None
[2025-06-25T21:14:56.133-0400] {processor.py:183} INFO - Processing /opt/anaconda3/envs/airflow_env/lib/python3.10/site-packages/airflow/example_dags/example_sensors.py took 0.057 seconds
[2025-06-25T21:15:17.122-0400] {processor.py:161} INFO - Started process (PID=69169) to work on /opt/anaconda3/envs/airflow_env/lib/python3.10/site-packages/airflow/example_dags/example_sensors.py
[2025-06-25T21:15:17.123-0400] {processor.py:830} INFO - Processing file /opt/anaconda3/envs/airflow_env/lib/python3.10/site-packages/airflow/example_dags/example_sensors.py for tasks to queue
[2025-06-25T21:15:17.123-0400] {logging_mixin.py:188} INFO - [2025-06-25T21:15:17.123-0400] {dagbag.py:545} INFO - Filling up the DagBag from /opt/anaconda3/envs/airflow_env/lib/python3.10/site-packages/airflow/example_dags/example_sensors.py
[2025-06-25T21:15:17.129-0400] {processor.py:840} INFO - DAG(s) 'example_sensors' retrieved from /opt/anaconda3/envs/airflow_env/lib/python3.10/site-packages/airflow/example_dags/example_sensors.py
[2025-06-25T21:15:17.179-0400] {logging_mixin.py:188} INFO - [2025-06-25T21:15:17.179-0400] {dag.py:3096} INFO - Sync 1 DAGs
[2025-06-25T21:15:17.184-0400] {logging_mixin.py:188} INFO - [2025-06-25T21:15:17.184-0400] {dag.py:3954} INFO - Setting next_dagrun for example_sensors to None, run_after=None
[2025-06-25T21:15:17.192-0400] {processor.py:183} INFO - Processing /opt/anaconda3/envs/airflow_env/lib/python3.10/site-packages/airflow/example_dags/example_sensors.py took 0.071 seconds
[2025-06-25T21:16:44.065-0400] {processor.py:161} INFO - Started process (PID=69319) to work on /opt/anaconda3/envs/airflow_env/lib/python3.10/site-packages/airflow/example_dags/example_sensors.py
[2025-06-25T21:16:44.065-0400] {processor.py:830} INFO - Processing file /opt/anaconda3/envs/airflow_env/lib/python3.10/site-packages/airflow/example_dags/example_sensors.py for tasks to queue
[2025-06-25T21:16:44.066-0400] {logging_mixin.py:188} INFO - [2025-06-25T21:16:44.066-0400] {dagbag.py:545} INFO - Filling up the DagBag from /opt/anaconda3/envs/airflow_env/lib/python3.10/site-packages/airflow/example_dags/example_sensors.py
[2025-06-25T21:16:44.073-0400] {processor.py:840} INFO - DAG(s) 'example_sensors' retrieved from /opt/anaconda3/envs/airflow_env/lib/python3.10/site-packages/airflow/example_dags/example_sensors.py
[2025-06-25T21:16:44.126-0400] {logging_mixin.py:188} INFO - [2025-06-25T21:16:44.126-0400] {dag.py:3096} INFO - Sync 1 DAGs
[2025-06-25T21:16:44.130-0400] {logging_mixin.py:188} INFO - [2025-06-25T21:16:44.130-0400] {dag.py:3954} INFO - Setting next_dagrun for example_sensors to None, run_after=None
[2025-06-25T21:16:44.138-0400] {processor.py:183} INFO - Processing /opt/anaconda3/envs/airflow_env/lib/python3.10/site-packages/airflow/example_dags/example_sensors.py took 0.076 seconds
[2025-06-25T21:17:03.450-0400] {processor.py:161} INFO - Started process (PID=69338) to work on /opt/anaconda3/envs/airflow_env/lib/python3.10/site-packages/airflow/example_dags/example_sensors.py
[2025-06-25T21:17:03.451-0400] {processor.py:830} INFO - Processing file /opt/anaconda3/envs/airflow_env/lib/python3.10/site-packages/airflow/example_dags/example_sensors.py for tasks to queue
[2025-06-25T21:17:03.451-0400] {logging_mixin.py:188} INFO - [2025-06-25T21:17:03.451-0400] {dagbag.py:545} INFO - Filling up the DagBag from /opt/anaconda3/envs/airflow_env/lib/python3.10/site-packages/airflow/example_dags/example_sensors.py
[2025-06-25T21:17:03.462-0400] {processor.py:840} INFO - DAG(s) 'example_sensors' retrieved from /opt/anaconda3/envs/airflow_env/lib/python3.10/site-packages/airflow/example_dags/example_sensors.py
[2025-06-25T21:17:03.543-0400] {logging_mixin.py:188} INFO - [2025-06-25T21:17:03.542-0400] {dag.py:3096} INFO - Sync 1 DAGs
[2025-06-25T21:17:03.549-0400] {logging_mixin.py:188} INFO - [2025-06-25T21:17:03.549-0400] {dag.py:3954} INFO - Setting next_dagrun for example_sensors to None, run_after=None
[2025-06-25T21:17:03.561-0400] {processor.py:183} INFO - Processing /opt/anaconda3/envs/airflow_env/lib/python3.10/site-packages/airflow/example_dags/example_sensors.py took 0.115 seconds
[2025-06-25T21:19:40.939-0400] {processor.py:161} INFO - Started process (PID=69475) to work on /opt/anaconda3/envs/airflow_env/lib/python3.10/site-packages/airflow/example_dags/example_sensors.py
[2025-06-25T21:19:40.941-0400] {processor.py:830} INFO - Processing file /opt/anaconda3/envs/airflow_env/lib/python3.10/site-packages/airflow/example_dags/example_sensors.py for tasks to queue
[2025-06-25T21:19:40.941-0400] {logging_mixin.py:188} INFO - [2025-06-25T21:19:40.941-0400] {dagbag.py:545} INFO - Filling up the DagBag from /opt/anaconda3/envs/airflow_env/lib/python3.10/site-packages/airflow/example_dags/example_sensors.py
[2025-06-25T21:19:40.948-0400] {processor.py:840} INFO - DAG(s) 'example_sensors' retrieved from /opt/anaconda3/envs/airflow_env/lib/python3.10/site-packages/airflow/example_dags/example_sensors.py
[2025-06-25T21:19:40.999-0400] {logging_mixin.py:188} INFO - [2025-06-25T21:19:40.999-0400] {dag.py:3096} INFO - Sync 1 DAGs
[2025-06-25T21:19:41.004-0400] {logging_mixin.py:188} INFO - [2025-06-25T21:19:41.004-0400] {dag.py:3954} INFO - Setting next_dagrun for example_sensors to None, run_after=None
[2025-06-25T21:19:41.013-0400] {processor.py:183} INFO - Processing /opt/anaconda3/envs/airflow_env/lib/python3.10/site-packages/airflow/example_dags/example_sensors.py took 0.076 seconds
[2025-06-25T21:20:14.747-0400] {processor.py:161} INFO - Started process (PID=69554) to work on /opt/anaconda3/envs/airflow_env/lib/python3.10/site-packages/airflow/example_dags/example_sensors.py
[2025-06-25T21:20:14.748-0400] {processor.py:830} INFO - Processing file /opt/anaconda3/envs/airflow_env/lib/python3.10/site-packages/airflow/example_dags/example_sensors.py for tasks to queue
[2025-06-25T21:20:14.748-0400] {logging_mixin.py:188} INFO - [2025-06-25T21:20:14.748-0400] {dagbag.py:545} INFO - Filling up the DagBag from /opt/anaconda3/envs/airflow_env/lib/python3.10/site-packages/airflow/example_dags/example_sensors.py
[2025-06-25T21:20:14.756-0400] {processor.py:840} INFO - DAG(s) 'example_sensors' retrieved from /opt/anaconda3/envs/airflow_env/lib/python3.10/site-packages/airflow/example_dags/example_sensors.py
[2025-06-25T21:20:14.806-0400] {logging_mixin.py:188} INFO - [2025-06-25T21:20:14.806-0400] {dag.py:3096} INFO - Sync 1 DAGs
[2025-06-25T21:20:14.810-0400] {logging_mixin.py:188} INFO - [2025-06-25T21:20:14.810-0400] {dag.py:3954} INFO - Setting next_dagrun for example_sensors to None, run_after=None
[2025-06-25T21:20:14.821-0400] {processor.py:183} INFO - Processing /opt/anaconda3/envs/airflow_env/lib/python3.10/site-packages/airflow/example_dags/example_sensors.py took 0.077 seconds
[2025-06-25T21:20:59.283-0400] {processor.py:161} INFO - Started process (PID=69627) to work on /opt/anaconda3/envs/airflow_env/lib/python3.10/site-packages/airflow/example_dags/example_sensors.py
[2025-06-25T21:20:59.284-0400] {processor.py:830} INFO - Processing file /opt/anaconda3/envs/airflow_env/lib/python3.10/site-packages/airflow/example_dags/example_sensors.py for tasks to queue
[2025-06-25T21:20:59.284-0400] {logging_mixin.py:188} INFO - [2025-06-25T21:20:59.284-0400] {dagbag.py:545} INFO - Filling up the DagBag from /opt/anaconda3/envs/airflow_env/lib/python3.10/site-packages/airflow/example_dags/example_sensors.py
[2025-06-25T21:20:59.290-0400] {processor.py:840} INFO - DAG(s) 'example_sensors' retrieved from /opt/anaconda3/envs/airflow_env/lib/python3.10/site-packages/airflow/example_dags/example_sensors.py
[2025-06-25T21:20:59.331-0400] {logging_mixin.py:188} INFO - [2025-06-25T21:20:59.331-0400] {dag.py:3096} INFO - Sync 1 DAGs
[2025-06-25T21:20:59.335-0400] {logging_mixin.py:188} INFO - [2025-06-25T21:20:59.335-0400] {dag.py:3954} INFO - Setting next_dagrun for example_sensors to None, run_after=None
[2025-06-25T21:20:59.343-0400] {processor.py:183} INFO - Processing /opt/anaconda3/envs/airflow_env/lib/python3.10/site-packages/airflow/example_dags/example_sensors.py took 0.062 seconds
[2025-06-25T21:22:16.174-0400] {processor.py:161} INFO - Started process (PID=69728) to work on /opt/anaconda3/envs/airflow_env/lib/python3.10/site-packages/airflow/example_dags/example_sensors.py
[2025-06-25T21:22:16.176-0400] {processor.py:830} INFO - Processing file /opt/anaconda3/envs/airflow_env/lib/python3.10/site-packages/airflow/example_dags/example_sensors.py for tasks to queue
[2025-06-25T21:22:16.176-0400] {logging_mixin.py:188} INFO - [2025-06-25T21:22:16.176-0400] {dagbag.py:545} INFO - Filling up the DagBag from /opt/anaconda3/envs/airflow_env/lib/python3.10/site-packages/airflow/example_dags/example_sensors.py
[2025-06-25T21:22:16.183-0400] {processor.py:840} INFO - DAG(s) 'example_sensors' retrieved from /opt/anaconda3/envs/airflow_env/lib/python3.10/site-packages/airflow/example_dags/example_sensors.py
[2025-06-25T21:22:16.225-0400] {logging_mixin.py:188} INFO - [2025-06-25T21:22:16.225-0400] {dag.py:3096} INFO - Sync 1 DAGs
[2025-06-25T21:22:16.228-0400] {logging_mixin.py:188} INFO - [2025-06-25T21:22:16.228-0400] {dag.py:3954} INFO - Setting next_dagrun for example_sensors to None, run_after=None
[2025-06-25T21:22:16.234-0400] {processor.py:183} INFO - Processing /opt/anaconda3/envs/airflow_env/lib/python3.10/site-packages/airflow/example_dags/example_sensors.py took 0.062 seconds
[2025-06-25T21:22:57.328-0400] {processor.py:161} INFO - Started process (PID=69805) to work on /opt/anaconda3/envs/airflow_env/lib/python3.10/site-packages/airflow/example_dags/example_sensors.py
[2025-06-25T21:22:57.328-0400] {processor.py:830} INFO - Processing file /opt/anaconda3/envs/airflow_env/lib/python3.10/site-packages/airflow/example_dags/example_sensors.py for tasks to queue
[2025-06-25T21:22:57.329-0400] {logging_mixin.py:188} INFO - [2025-06-25T21:22:57.329-0400] {dagbag.py:545} INFO - Filling up the DagBag from /opt/anaconda3/envs/airflow_env/lib/python3.10/site-packages/airflow/example_dags/example_sensors.py
[2025-06-25T21:22:57.337-0400] {processor.py:840} INFO - DAG(s) 'example_sensors' retrieved from /opt/anaconda3/envs/airflow_env/lib/python3.10/site-packages/airflow/example_dags/example_sensors.py
[2025-06-25T21:22:57.386-0400] {logging_mixin.py:188} INFO - [2025-06-25T21:22:57.386-0400] {dag.py:3096} INFO - Sync 1 DAGs
[2025-06-25T21:22:57.390-0400] {logging_mixin.py:188} INFO - [2025-06-25T21:22:57.390-0400] {dag.py:3954} INFO - Setting next_dagrun for example_sensors to None, run_after=None
[2025-06-25T21:22:57.400-0400] {processor.py:183} INFO - Processing /opt/anaconda3/envs/airflow_env/lib/python3.10/site-packages/airflow/example_dags/example_sensors.py took 0.075 seconds
[2025-06-25T21:24:14.309-0400] {processor.py:161} INFO - Started process (PID=69922) to work on /opt/anaconda3/envs/airflow_env/lib/python3.10/site-packages/airflow/example_dags/example_sensors.py
[2025-06-25T21:24:14.310-0400] {processor.py:830} INFO - Processing file /opt/anaconda3/envs/airflow_env/lib/python3.10/site-packages/airflow/example_dags/example_sensors.py for tasks to queue
[2025-06-25T21:24:14.310-0400] {logging_mixin.py:188} INFO - [2025-06-25T21:24:14.310-0400] {dagbag.py:545} INFO - Filling up the DagBag from /opt/anaconda3/envs/airflow_env/lib/python3.10/site-packages/airflow/example_dags/example_sensors.py
[2025-06-25T21:24:14.318-0400] {processor.py:840} INFO - DAG(s) 'example_sensors' retrieved from /opt/anaconda3/envs/airflow_env/lib/python3.10/site-packages/airflow/example_dags/example_sensors.py
[2025-06-25T21:24:14.364-0400] {logging_mixin.py:188} INFO - [2025-06-25T21:24:14.364-0400] {dag.py:3096} INFO - Sync 1 DAGs
[2025-06-25T21:24:14.368-0400] {logging_mixin.py:188} INFO - [2025-06-25T21:24:14.368-0400] {dag.py:3954} INFO - Setting next_dagrun for example_sensors to None, run_after=None
[2025-06-25T21:24:14.376-0400] {processor.py:183} INFO - Processing /opt/anaconda3/envs/airflow_env/lib/python3.10/site-packages/airflow/example_dags/example_sensors.py took 0.070 seconds
[2025-06-25T21:24:58.291-0400] {processor.py:161} INFO - Started process (PID=69995) to work on /opt/anaconda3/envs/airflow_env/lib/python3.10/site-packages/airflow/example_dags/example_sensors.py
[2025-06-25T21:24:58.292-0400] {processor.py:830} INFO - Processing file /opt/anaconda3/envs/airflow_env/lib/python3.10/site-packages/airflow/example_dags/example_sensors.py for tasks to queue
[2025-06-25T21:24:58.292-0400] {logging_mixin.py:188} INFO - [2025-06-25T21:24:58.292-0400] {dagbag.py:545} INFO - Filling up the DagBag from /opt/anaconda3/envs/airflow_env/lib/python3.10/site-packages/airflow/example_dags/example_sensors.py
[2025-06-25T21:24:58.299-0400] {processor.py:840} INFO - DAG(s) 'example_sensors' retrieved from /opt/anaconda3/envs/airflow_env/lib/python3.10/site-packages/airflow/example_dags/example_sensors.py
[2025-06-25T21:24:58.339-0400] {logging_mixin.py:188} INFO - [2025-06-25T21:24:58.339-0400] {dag.py:3096} INFO - Sync 1 DAGs
[2025-06-25T21:24:58.343-0400] {logging_mixin.py:188} INFO - [2025-06-25T21:24:58.343-0400] {dag.py:3954} INFO - Setting next_dagrun for example_sensors to None, run_after=None
[2025-06-25T21:24:58.350-0400] {processor.py:183} INFO - Processing /opt/anaconda3/envs/airflow_env/lib/python3.10/site-packages/airflow/example_dags/example_sensors.py took 0.060 seconds
[2025-06-25T21:26:12.831-0400] {processor.py:161} INFO - Started process (PID=70108) to work on /opt/anaconda3/envs/airflow_env/lib/python3.10/site-packages/airflow/example_dags/example_sensors.py
[2025-06-25T21:26:12.832-0400] {processor.py:830} INFO - Processing file /opt/anaconda3/envs/airflow_env/lib/python3.10/site-packages/airflow/example_dags/example_sensors.py for tasks to queue
[2025-06-25T21:26:12.832-0400] {logging_mixin.py:188} INFO - [2025-06-25T21:26:12.832-0400] {dagbag.py:545} INFO - Filling up the DagBag from /opt/anaconda3/envs/airflow_env/lib/python3.10/site-packages/airflow/example_dags/example_sensors.py
[2025-06-25T21:26:12.838-0400] {processor.py:840} INFO - DAG(s) 'example_sensors' retrieved from /opt/anaconda3/envs/airflow_env/lib/python3.10/site-packages/airflow/example_dags/example_sensors.py
[2025-06-25T21:26:12.878-0400] {logging_mixin.py:188} INFO - [2025-06-25T21:26:12.878-0400] {dag.py:3096} INFO - Sync 1 DAGs
[2025-06-25T21:26:12.882-0400] {logging_mixin.py:188} INFO - [2025-06-25T21:26:12.881-0400] {dag.py:3954} INFO - Setting next_dagrun for example_sensors to None, run_after=None
[2025-06-25T21:26:12.888-0400] {processor.py:183} INFO - Processing /opt/anaconda3/envs/airflow_env/lib/python3.10/site-packages/airflow/example_dags/example_sensors.py took 0.058 seconds
[2025-06-25T21:26:51.423-0400] {processor.py:161} INFO - Started process (PID=70161) to work on /opt/anaconda3/envs/airflow_env/lib/python3.10/site-packages/airflow/example_dags/example_sensors.py
[2025-06-25T21:26:51.423-0400] {processor.py:830} INFO - Processing file /opt/anaconda3/envs/airflow_env/lib/python3.10/site-packages/airflow/example_dags/example_sensors.py for tasks to queue
[2025-06-25T21:26:51.424-0400] {logging_mixin.py:188} INFO - [2025-06-25T21:26:51.424-0400] {dagbag.py:545} INFO - Filling up the DagBag from /opt/anaconda3/envs/airflow_env/lib/python3.10/site-packages/airflow/example_dags/example_sensors.py
[2025-06-25T21:26:51.431-0400] {processor.py:840} INFO - DAG(s) 'example_sensors' retrieved from /opt/anaconda3/envs/airflow_env/lib/python3.10/site-packages/airflow/example_dags/example_sensors.py
[2025-06-25T21:26:51.476-0400] {logging_mixin.py:188} INFO - [2025-06-25T21:26:51.476-0400] {dag.py:3096} INFO - Sync 1 DAGs
[2025-06-25T21:26:51.481-0400] {logging_mixin.py:188} INFO - [2025-06-25T21:26:51.481-0400] {dag.py:3954} INFO - Setting next_dagrun for example_sensors to None, run_after=None
[2025-06-25T21:26:51.488-0400] {processor.py:183} INFO - Processing /opt/anaconda3/envs/airflow_env/lib/python3.10/site-packages/airflow/example_dags/example_sensors.py took 0.067 seconds
[2025-06-25T21:28:14.154-0400] {processor.py:161} INFO - Started process (PID=70311) to work on /opt/anaconda3/envs/airflow_env/lib/python3.10/site-packages/airflow/example_dags/example_sensors.py
[2025-06-25T21:28:14.155-0400] {processor.py:830} INFO - Processing file /opt/anaconda3/envs/airflow_env/lib/python3.10/site-packages/airflow/example_dags/example_sensors.py for tasks to queue
[2025-06-25T21:28:14.155-0400] {logging_mixin.py:188} INFO - [2025-06-25T21:28:14.155-0400] {dagbag.py:545} INFO - Filling up the DagBag from /opt/anaconda3/envs/airflow_env/lib/python3.10/site-packages/airflow/example_dags/example_sensors.py
[2025-06-25T21:28:14.164-0400] {processor.py:840} INFO - DAG(s) 'example_sensors' retrieved from /opt/anaconda3/envs/airflow_env/lib/python3.10/site-packages/airflow/example_dags/example_sensors.py
[2025-06-25T21:28:14.227-0400] {logging_mixin.py:188} INFO - [2025-06-25T21:28:14.227-0400] {dag.py:3096} INFO - Sync 1 DAGs
[2025-06-25T21:28:14.231-0400] {logging_mixin.py:188} INFO - [2025-06-25T21:28:14.231-0400] {dag.py:3954} INFO - Setting next_dagrun for example_sensors to None, run_after=None
[2025-06-25T21:28:14.239-0400] {processor.py:183} INFO - Processing /opt/anaconda3/envs/airflow_env/lib/python3.10/site-packages/airflow/example_dags/example_sensors.py took 0.088 seconds
[2025-06-25T21:28:53.893-0400] {processor.py:161} INFO - Started process (PID=70376) to work on /opt/anaconda3/envs/airflow_env/lib/python3.10/site-packages/airflow/example_dags/example_sensors.py
[2025-06-25T21:28:53.894-0400] {processor.py:830} INFO - Processing file /opt/anaconda3/envs/airflow_env/lib/python3.10/site-packages/airflow/example_dags/example_sensors.py for tasks to queue
[2025-06-25T21:28:53.895-0400] {logging_mixin.py:188} INFO - [2025-06-25T21:28:53.895-0400] {dagbag.py:545} INFO - Filling up the DagBag from /opt/anaconda3/envs/airflow_env/lib/python3.10/site-packages/airflow/example_dags/example_sensors.py
[2025-06-25T21:28:53.907-0400] {processor.py:840} INFO - DAG(s) 'example_sensors' retrieved from /opt/anaconda3/envs/airflow_env/lib/python3.10/site-packages/airflow/example_dags/example_sensors.py
[2025-06-25T21:28:53.972-0400] {logging_mixin.py:188} INFO - [2025-06-25T21:28:53.972-0400] {dag.py:3096} INFO - Sync 1 DAGs
[2025-06-25T21:28:53.976-0400] {logging_mixin.py:188} INFO - [2025-06-25T21:28:53.976-0400] {dag.py:3954} INFO - Setting next_dagrun for example_sensors to None, run_after=None
[2025-06-25T21:28:53.986-0400] {processor.py:183} INFO - Processing /opt/anaconda3/envs/airflow_env/lib/python3.10/site-packages/airflow/example_dags/example_sensors.py took 0.106 seconds
[2025-06-25T21:30:11.040-0400] {processor.py:161} INFO - Started process (PID=70485) to work on /opt/anaconda3/envs/airflow_env/lib/python3.10/site-packages/airflow/example_dags/example_sensors.py
[2025-06-25T21:30:11.041-0400] {processor.py:830} INFO - Processing file /opt/anaconda3/envs/airflow_env/lib/python3.10/site-packages/airflow/example_dags/example_sensors.py for tasks to queue
[2025-06-25T21:30:11.041-0400] {logging_mixin.py:188} INFO - [2025-06-25T21:30:11.041-0400] {dagbag.py:545} INFO - Filling up the DagBag from /opt/anaconda3/envs/airflow_env/lib/python3.10/site-packages/airflow/example_dags/example_sensors.py
[2025-06-25T21:30:11.048-0400] {processor.py:840} INFO - DAG(s) 'example_sensors' retrieved from /opt/anaconda3/envs/airflow_env/lib/python3.10/site-packages/airflow/example_dags/example_sensors.py
[2025-06-25T21:30:11.093-0400] {logging_mixin.py:188} INFO - [2025-06-25T21:30:11.093-0400] {dag.py:3096} INFO - Sync 1 DAGs
[2025-06-25T21:30:11.097-0400] {logging_mixin.py:188} INFO - [2025-06-25T21:30:11.097-0400] {dag.py:3954} INFO - Setting next_dagrun for example_sensors to None, run_after=None
[2025-06-25T21:30:11.104-0400] {processor.py:183} INFO - Processing /opt/anaconda3/envs/airflow_env/lib/python3.10/site-packages/airflow/example_dags/example_sensors.py took 0.067 seconds
[2025-06-25T21:30:51.647-0400] {processor.py:161} INFO - Started process (PID=70547) to work on /opt/anaconda3/envs/airflow_env/lib/python3.10/site-packages/airflow/example_dags/example_sensors.py
[2025-06-25T21:30:51.648-0400] {processor.py:830} INFO - Processing file /opt/anaconda3/envs/airflow_env/lib/python3.10/site-packages/airflow/example_dags/example_sensors.py for tasks to queue
[2025-06-25T21:30:51.648-0400] {logging_mixin.py:188} INFO - [2025-06-25T21:30:51.648-0400] {dagbag.py:545} INFO - Filling up the DagBag from /opt/anaconda3/envs/airflow_env/lib/python3.10/site-packages/airflow/example_dags/example_sensors.py
[2025-06-25T21:30:51.656-0400] {processor.py:840} INFO - DAG(s) 'example_sensors' retrieved from /opt/anaconda3/envs/airflow_env/lib/python3.10/site-packages/airflow/example_dags/example_sensors.py
[2025-06-25T21:30:51.699-0400] {logging_mixin.py:188} INFO - [2025-06-25T21:30:51.698-0400] {dag.py:3096} INFO - Sync 1 DAGs
[2025-06-25T21:30:51.702-0400] {logging_mixin.py:188} INFO - [2025-06-25T21:30:51.702-0400] {dag.py:3954} INFO - Setting next_dagrun for example_sensors to None, run_after=None
[2025-06-25T21:30:51.709-0400] {processor.py:183} INFO - Processing /opt/anaconda3/envs/airflow_env/lib/python3.10/site-packages/airflow/example_dags/example_sensors.py took 0.065 seconds
[2025-06-25T21:32:03.170-0400] {processor.py:161} INFO - Started process (PID=70662) to work on /opt/anaconda3/envs/airflow_env/lib/python3.10/site-packages/airflow/example_dags/example_sensors.py
[2025-06-25T21:32:03.171-0400] {processor.py:830} INFO - Processing file /opt/anaconda3/envs/airflow_env/lib/python3.10/site-packages/airflow/example_dags/example_sensors.py for tasks to queue
[2025-06-25T21:32:03.171-0400] {logging_mixin.py:188} INFO - [2025-06-25T21:32:03.171-0400] {dagbag.py:545} INFO - Filling up the DagBag from /opt/anaconda3/envs/airflow_env/lib/python3.10/site-packages/airflow/example_dags/example_sensors.py
[2025-06-25T21:32:03.178-0400] {processor.py:840} INFO - DAG(s) 'example_sensors' retrieved from /opt/anaconda3/envs/airflow_env/lib/python3.10/site-packages/airflow/example_dags/example_sensors.py
[2025-06-25T21:32:03.222-0400] {logging_mixin.py:188} INFO - [2025-06-25T21:32:03.222-0400] {dag.py:3096} INFO - Sync 1 DAGs
[2025-06-25T21:32:03.226-0400] {logging_mixin.py:188} INFO - [2025-06-25T21:32:03.225-0400] {dag.py:3954} INFO - Setting next_dagrun for example_sensors to None, run_after=None
[2025-06-25T21:32:03.233-0400] {processor.py:183} INFO - Processing /opt/anaconda3/envs/airflow_env/lib/python3.10/site-packages/airflow/example_dags/example_sensors.py took 0.064 seconds
[2025-06-25T21:32:47.809-0400] {processor.py:161} INFO - Started process (PID=70727) to work on /opt/anaconda3/envs/airflow_env/lib/python3.10/site-packages/airflow/example_dags/example_sensors.py
[2025-06-25T21:32:47.810-0400] {processor.py:830} INFO - Processing file /opt/anaconda3/envs/airflow_env/lib/python3.10/site-packages/airflow/example_dags/example_sensors.py for tasks to queue
[2025-06-25T21:32:47.810-0400] {logging_mixin.py:188} INFO - [2025-06-25T21:32:47.810-0400] {dagbag.py:545} INFO - Filling up the DagBag from /opt/anaconda3/envs/airflow_env/lib/python3.10/site-packages/airflow/example_dags/example_sensors.py
[2025-06-25T21:32:47.818-0400] {processor.py:840} INFO - DAG(s) 'example_sensors' retrieved from /opt/anaconda3/envs/airflow_env/lib/python3.10/site-packages/airflow/example_dags/example_sensors.py
[2025-06-25T21:32:47.864-0400] {logging_mixin.py:188} INFO - [2025-06-25T21:32:47.864-0400] {dag.py:3096} INFO - Sync 1 DAGs
[2025-06-25T21:32:47.868-0400] {logging_mixin.py:188} INFO - [2025-06-25T21:32:47.868-0400] {dag.py:3954} INFO - Setting next_dagrun for example_sensors to None, run_after=None
[2025-06-25T21:32:47.875-0400] {processor.py:183} INFO - Processing /opt/anaconda3/envs/airflow_env/lib/python3.10/site-packages/airflow/example_dags/example_sensors.py took 0.067 seconds
[2025-06-25T21:33:56.813-0400] {processor.py:161} INFO - Started process (PID=70827) to work on /opt/anaconda3/envs/airflow_env/lib/python3.10/site-packages/airflow/example_dags/example_sensors.py
[2025-06-25T21:33:56.814-0400] {processor.py:830} INFO - Processing file /opt/anaconda3/envs/airflow_env/lib/python3.10/site-packages/airflow/example_dags/example_sensors.py for tasks to queue
[2025-06-25T21:33:56.814-0400] {logging_mixin.py:188} INFO - [2025-06-25T21:33:56.814-0400] {dagbag.py:545} INFO - Filling up the DagBag from /opt/anaconda3/envs/airflow_env/lib/python3.10/site-packages/airflow/example_dags/example_sensors.py
[2025-06-25T21:33:56.819-0400] {processor.py:840} INFO - DAG(s) 'example_sensors' retrieved from /opt/anaconda3/envs/airflow_env/lib/python3.10/site-packages/airflow/example_dags/example_sensors.py
[2025-06-25T21:33:56.856-0400] {logging_mixin.py:188} INFO - [2025-06-25T21:33:56.856-0400] {dag.py:3096} INFO - Sync 1 DAGs
[2025-06-25T21:33:56.859-0400] {logging_mixin.py:188} INFO - [2025-06-25T21:33:56.859-0400] {dag.py:3954} INFO - Setting next_dagrun for example_sensors to None, run_after=None
[2025-06-25T21:33:56.865-0400] {processor.py:183} INFO - Processing /opt/anaconda3/envs/airflow_env/lib/python3.10/site-packages/airflow/example_dags/example_sensors.py took 0.053 seconds
[2025-06-25T21:34:32.001-0400] {processor.py:161} INFO - Started process (PID=70871) to work on /opt/anaconda3/envs/airflow_env/lib/python3.10/site-packages/airflow/example_dags/example_sensors.py
[2025-06-25T21:34:32.002-0400] {processor.py:830} INFO - Processing file /opt/anaconda3/envs/airflow_env/lib/python3.10/site-packages/airflow/example_dags/example_sensors.py for tasks to queue
[2025-06-25T21:34:32.002-0400] {logging_mixin.py:188} INFO - [2025-06-25T21:34:32.002-0400] {dagbag.py:545} INFO - Filling up the DagBag from /opt/anaconda3/envs/airflow_env/lib/python3.10/site-packages/airflow/example_dags/example_sensors.py
[2025-06-25T21:34:32.007-0400] {processor.py:840} INFO - DAG(s) 'example_sensors' retrieved from /opt/anaconda3/envs/airflow_env/lib/python3.10/site-packages/airflow/example_dags/example_sensors.py
[2025-06-25T21:34:32.050-0400] {logging_mixin.py:188} INFO - [2025-06-25T21:34:32.050-0400] {dag.py:3096} INFO - Sync 1 DAGs
[2025-06-25T21:34:32.056-0400] {logging_mixin.py:188} INFO - [2025-06-25T21:34:32.056-0400] {dag.py:3954} INFO - Setting next_dagrun for example_sensors to None, run_after=None
[2025-06-25T21:34:32.063-0400] {processor.py:183} INFO - Processing /opt/anaconda3/envs/airflow_env/lib/python3.10/site-packages/airflow/example_dags/example_sensors.py took 0.065 seconds
[2025-06-25T21:35:42.354-0400] {processor.py:161} INFO - Started process (PID=70974) to work on /opt/anaconda3/envs/airflow_env/lib/python3.10/site-packages/airflow/example_dags/example_sensors.py
[2025-06-25T21:35:42.354-0400] {processor.py:830} INFO - Processing file /opt/anaconda3/envs/airflow_env/lib/python3.10/site-packages/airflow/example_dags/example_sensors.py for tasks to queue
[2025-06-25T21:35:42.355-0400] {logging_mixin.py:188} INFO - [2025-06-25T21:35:42.355-0400] {dagbag.py:545} INFO - Filling up the DagBag from /opt/anaconda3/envs/airflow_env/lib/python3.10/site-packages/airflow/example_dags/example_sensors.py
[2025-06-25T21:35:42.360-0400] {processor.py:840} INFO - DAG(s) 'example_sensors' retrieved from /opt/anaconda3/envs/airflow_env/lib/python3.10/site-packages/airflow/example_dags/example_sensors.py
[2025-06-25T21:35:42.401-0400] {logging_mixin.py:188} INFO - [2025-06-25T21:35:42.401-0400] {dag.py:3096} INFO - Sync 1 DAGs
[2025-06-25T21:35:42.404-0400] {logging_mixin.py:188} INFO - [2025-06-25T21:35:42.404-0400] {dag.py:3954} INFO - Setting next_dagrun for example_sensors to None, run_after=None
[2025-06-25T21:35:42.412-0400] {processor.py:183} INFO - Processing /opt/anaconda3/envs/airflow_env/lib/python3.10/site-packages/airflow/example_dags/example_sensors.py took 0.060 seconds
[2025-06-25T21:36:21.243-0400] {processor.py:161} INFO - Started process (PID=71027) to work on /opt/anaconda3/envs/airflow_env/lib/python3.10/site-packages/airflow/example_dags/example_sensors.py
[2025-06-25T21:36:21.244-0400] {processor.py:830} INFO - Processing file /opt/anaconda3/envs/airflow_env/lib/python3.10/site-packages/airflow/example_dags/example_sensors.py for tasks to queue
[2025-06-25T21:36:21.244-0400] {logging_mixin.py:188} INFO - [2025-06-25T21:36:21.244-0400] {dagbag.py:545} INFO - Filling up the DagBag from /opt/anaconda3/envs/airflow_env/lib/python3.10/site-packages/airflow/example_dags/example_sensors.py
[2025-06-25T21:36:21.249-0400] {processor.py:840} INFO - DAG(s) 'example_sensors' retrieved from /opt/anaconda3/envs/airflow_env/lib/python3.10/site-packages/airflow/example_dags/example_sensors.py
[2025-06-25T21:36:21.286-0400] {logging_mixin.py:188} INFO - [2025-06-25T21:36:21.286-0400] {dag.py:3096} INFO - Sync 1 DAGs
[2025-06-25T21:36:21.289-0400] {logging_mixin.py:188} INFO - [2025-06-25T21:36:21.289-0400] {dag.py:3954} INFO - Setting next_dagrun for example_sensors to None, run_after=None
[2025-06-25T21:36:21.295-0400] {processor.py:183} INFO - Processing /opt/anaconda3/envs/airflow_env/lib/python3.10/site-packages/airflow/example_dags/example_sensors.py took 0.053 seconds
[2025-06-25T21:37:17.215-0400] {processor.py:161} INFO - Started process (PID=71141) to work on /opt/anaconda3/envs/airflow_env/lib/python3.10/site-packages/airflow/example_dags/example_sensors.py
[2025-06-25T21:37:17.215-0400] {processor.py:830} INFO - Processing file /opt/anaconda3/envs/airflow_env/lib/python3.10/site-packages/airflow/example_dags/example_sensors.py for tasks to queue
[2025-06-25T21:37:17.215-0400] {logging_mixin.py:188} INFO - [2025-06-25T21:37:17.215-0400] {dagbag.py:545} INFO - Filling up the DagBag from /opt/anaconda3/envs/airflow_env/lib/python3.10/site-packages/airflow/example_dags/example_sensors.py
[2025-06-25T21:37:17.220-0400] {processor.py:840} INFO - DAG(s) 'example_sensors' retrieved from /opt/anaconda3/envs/airflow_env/lib/python3.10/site-packages/airflow/example_dags/example_sensors.py
[2025-06-25T21:37:17.257-0400] {logging_mixin.py:188} INFO - [2025-06-25T21:37:17.257-0400] {dag.py:3096} INFO - Sync 1 DAGs
[2025-06-25T21:37:17.260-0400] {logging_mixin.py:188} INFO - [2025-06-25T21:37:17.260-0400] {dag.py:3954} INFO - Setting next_dagrun for example_sensors to None, run_after=None
[2025-06-25T21:37:17.267-0400] {processor.py:183} INFO - Processing /opt/anaconda3/envs/airflow_env/lib/python3.10/site-packages/airflow/example_dags/example_sensors.py took 0.054 seconds
[2025-06-25T21:38:01.574-0400] {processor.py:161} INFO - Started process (PID=71216) to work on /opt/anaconda3/envs/airflow_env/lib/python3.10/site-packages/airflow/example_dags/example_sensors.py
[2025-06-25T21:38:01.575-0400] {processor.py:830} INFO - Processing file /opt/anaconda3/envs/airflow_env/lib/python3.10/site-packages/airflow/example_dags/example_sensors.py for tasks to queue
[2025-06-25T21:38:01.575-0400] {logging_mixin.py:188} INFO - [2025-06-25T21:38:01.575-0400] {dagbag.py:545} INFO - Filling up the DagBag from /opt/anaconda3/envs/airflow_env/lib/python3.10/site-packages/airflow/example_dags/example_sensors.py
[2025-06-25T21:38:01.587-0400] {processor.py:840} INFO - DAG(s) 'example_sensors' retrieved from /opt/anaconda3/envs/airflow_env/lib/python3.10/site-packages/airflow/example_dags/example_sensors.py
[2025-06-25T21:38:01.643-0400] {logging_mixin.py:188} INFO - [2025-06-25T21:38:01.642-0400] {dag.py:3096} INFO - Sync 1 DAGs
[2025-06-25T21:38:01.647-0400] {logging_mixin.py:188} INFO - [2025-06-25T21:38:01.646-0400] {dag.py:3954} INFO - Setting next_dagrun for example_sensors to None, run_after=None
[2025-06-25T21:38:01.654-0400] {processor.py:183} INFO - Processing /opt/anaconda3/envs/airflow_env/lib/python3.10/site-packages/airflow/example_dags/example_sensors.py took 0.082 seconds
[2025-06-25T21:39:02.827-0400] {processor.py:161} INFO - Started process (PID=71305) to work on /opt/anaconda3/envs/airflow_env/lib/python3.10/site-packages/airflow/example_dags/example_sensors.py
[2025-06-25T21:39:02.827-0400] {processor.py:830} INFO - Processing file /opt/anaconda3/envs/airflow_env/lib/python3.10/site-packages/airflow/example_dags/example_sensors.py for tasks to queue
[2025-06-25T21:39:02.828-0400] {logging_mixin.py:188} INFO - [2025-06-25T21:39:02.828-0400] {dagbag.py:545} INFO - Filling up the DagBag from /opt/anaconda3/envs/airflow_env/lib/python3.10/site-packages/airflow/example_dags/example_sensors.py
[2025-06-25T21:39:02.833-0400] {processor.py:840} INFO - DAG(s) 'example_sensors' retrieved from /opt/anaconda3/envs/airflow_env/lib/python3.10/site-packages/airflow/example_dags/example_sensors.py
[2025-06-25T21:39:02.872-0400] {logging_mixin.py:188} INFO - [2025-06-25T21:39:02.872-0400] {dag.py:3096} INFO - Sync 1 DAGs
[2025-06-25T21:39:02.875-0400] {logging_mixin.py:188} INFO - [2025-06-25T21:39:02.875-0400] {dag.py:3954} INFO - Setting next_dagrun for example_sensors to None, run_after=None
[2025-06-25T21:39:02.882-0400] {processor.py:183} INFO - Processing /opt/anaconda3/envs/airflow_env/lib/python3.10/site-packages/airflow/example_dags/example_sensors.py took 0.057 seconds
[2025-06-25T21:39:44.050-0400] {processor.py:161} INFO - Started process (PID=71368) to work on /opt/anaconda3/envs/airflow_env/lib/python3.10/site-packages/airflow/example_dags/example_sensors.py
[2025-06-25T21:39:44.051-0400] {processor.py:830} INFO - Processing file /opt/anaconda3/envs/airflow_env/lib/python3.10/site-packages/airflow/example_dags/example_sensors.py for tasks to queue
[2025-06-25T21:39:44.051-0400] {logging_mixin.py:188} INFO - [2025-06-25T21:39:44.051-0400] {dagbag.py:545} INFO - Filling up the DagBag from /opt/anaconda3/envs/airflow_env/lib/python3.10/site-packages/airflow/example_dags/example_sensors.py
[2025-06-25T21:39:44.056-0400] {processor.py:840} INFO - DAG(s) 'example_sensors' retrieved from /opt/anaconda3/envs/airflow_env/lib/python3.10/site-packages/airflow/example_dags/example_sensors.py
[2025-06-25T21:39:44.095-0400] {logging_mixin.py:188} INFO - [2025-06-25T21:39:44.095-0400] {dag.py:3096} INFO - Sync 1 DAGs
[2025-06-25T21:39:44.098-0400] {logging_mixin.py:188} INFO - [2025-06-25T21:39:44.098-0400] {dag.py:3954} INFO - Setting next_dagrun for example_sensors to None, run_after=None
[2025-06-25T21:39:44.105-0400] {processor.py:183} INFO - Processing /opt/anaconda3/envs/airflow_env/lib/python3.10/site-packages/airflow/example_dags/example_sensors.py took 0.056 seconds
[2025-06-25T21:40:41.521-0400] {processor.py:161} INFO - Started process (PID=71501) to work on /opt/anaconda3/envs/airflow_env/lib/python3.10/site-packages/airflow/example_dags/example_sensors.py
[2025-06-25T21:40:41.521-0400] {processor.py:830} INFO - Processing file /opt/anaconda3/envs/airflow_env/lib/python3.10/site-packages/airflow/example_dags/example_sensors.py for tasks to queue
[2025-06-25T21:40:41.522-0400] {logging_mixin.py:188} INFO - [2025-06-25T21:40:41.522-0400] {dagbag.py:545} INFO - Filling up the DagBag from /opt/anaconda3/envs/airflow_env/lib/python3.10/site-packages/airflow/example_dags/example_sensors.py
[2025-06-25T21:40:41.527-0400] {processor.py:840} INFO - DAG(s) 'example_sensors' retrieved from /opt/anaconda3/envs/airflow_env/lib/python3.10/site-packages/airflow/example_dags/example_sensors.py
[2025-06-25T21:40:41.566-0400] {logging_mixin.py:188} INFO - [2025-06-25T21:40:41.566-0400] {dag.py:3096} INFO - Sync 1 DAGs
[2025-06-25T21:40:41.569-0400] {logging_mixin.py:188} INFO - [2025-06-25T21:40:41.569-0400] {dag.py:3954} INFO - Setting next_dagrun for example_sensors to None, run_after=None
[2025-06-25T21:40:41.576-0400] {processor.py:183} INFO - Processing /opt/anaconda3/envs/airflow_env/lib/python3.10/site-packages/airflow/example_dags/example_sensors.py took 0.057 seconds
[2025-06-25T21:41:17.725-0400] {processor.py:161} INFO - Started process (PID=71555) to work on /opt/anaconda3/envs/airflow_env/lib/python3.10/site-packages/airflow/example_dags/example_sensors.py
[2025-06-25T21:41:17.726-0400] {processor.py:830} INFO - Processing file /opt/anaconda3/envs/airflow_env/lib/python3.10/site-packages/airflow/example_dags/example_sensors.py for tasks to queue
[2025-06-25T21:41:17.726-0400] {logging_mixin.py:188} INFO - [2025-06-25T21:41:17.726-0400] {dagbag.py:545} INFO - Filling up the DagBag from /opt/anaconda3/envs/airflow_env/lib/python3.10/site-packages/airflow/example_dags/example_sensors.py
[2025-06-25T21:41:17.732-0400] {processor.py:840} INFO - DAG(s) 'example_sensors' retrieved from /opt/anaconda3/envs/airflow_env/lib/python3.10/site-packages/airflow/example_dags/example_sensors.py
[2025-06-25T21:41:17.772-0400] {logging_mixin.py:188} INFO - [2025-06-25T21:41:17.772-0400] {dag.py:3096} INFO - Sync 1 DAGs
[2025-06-25T21:41:17.776-0400] {logging_mixin.py:188} INFO - [2025-06-25T21:41:17.775-0400] {dag.py:3954} INFO - Setting next_dagrun for example_sensors to None, run_after=None
[2025-06-25T21:41:17.782-0400] {processor.py:183} INFO - Processing /opt/anaconda3/envs/airflow_env/lib/python3.10/site-packages/airflow/example_dags/example_sensors.py took 0.059 seconds
[2025-06-25T21:42:17.491-0400] {processor.py:161} INFO - Started process (PID=71697) to work on /opt/anaconda3/envs/airflow_env/lib/python3.10/site-packages/airflow/example_dags/example_sensors.py
[2025-06-25T21:42:17.491-0400] {processor.py:830} INFO - Processing file /opt/anaconda3/envs/airflow_env/lib/python3.10/site-packages/airflow/example_dags/example_sensors.py for tasks to queue
[2025-06-25T21:42:17.491-0400] {logging_mixin.py:188} INFO - [2025-06-25T21:42:17.491-0400] {dagbag.py:545} INFO - Filling up the DagBag from /opt/anaconda3/envs/airflow_env/lib/python3.10/site-packages/airflow/example_dags/example_sensors.py
[2025-06-25T21:42:17.496-0400] {processor.py:840} INFO - DAG(s) 'example_sensors' retrieved from /opt/anaconda3/envs/airflow_env/lib/python3.10/site-packages/airflow/example_dags/example_sensors.py
[2025-06-25T21:42:17.537-0400] {logging_mixin.py:188} INFO - [2025-06-25T21:42:17.536-0400] {dag.py:3096} INFO - Sync 1 DAGs
[2025-06-25T21:42:17.540-0400] {logging_mixin.py:188} INFO - [2025-06-25T21:42:17.540-0400] {dag.py:3954} INFO - Setting next_dagrun for example_sensors to None, run_after=None
[2025-06-25T21:42:17.547-0400] {processor.py:183} INFO - Processing /opt/anaconda3/envs/airflow_env/lib/python3.10/site-packages/airflow/example_dags/example_sensors.py took 0.058 seconds
[2025-06-25T21:42:55.815-0400] {processor.py:161} INFO - Started process (PID=71790) to work on /opt/anaconda3/envs/airflow_env/lib/python3.10/site-packages/airflow/example_dags/example_sensors.py
[2025-06-25T21:42:55.815-0400] {processor.py:830} INFO - Processing file /opt/anaconda3/envs/airflow_env/lib/python3.10/site-packages/airflow/example_dags/example_sensors.py for tasks to queue
[2025-06-25T21:42:55.815-0400] {logging_mixin.py:188} INFO - [2025-06-25T21:42:55.815-0400] {dagbag.py:545} INFO - Filling up the DagBag from /opt/anaconda3/envs/airflow_env/lib/python3.10/site-packages/airflow/example_dags/example_sensors.py
[2025-06-25T21:42:55.820-0400] {processor.py:840} INFO - DAG(s) 'example_sensors' retrieved from /opt/anaconda3/envs/airflow_env/lib/python3.10/site-packages/airflow/example_dags/example_sensors.py
[2025-06-25T21:42:55.861-0400] {logging_mixin.py:188} INFO - [2025-06-25T21:42:55.861-0400] {dag.py:3096} INFO - Sync 1 DAGs
[2025-06-25T21:42:55.864-0400] {logging_mixin.py:188} INFO - [2025-06-25T21:42:55.864-0400] {dag.py:3954} INFO - Setting next_dagrun for example_sensors to None, run_after=None
[2025-06-25T21:42:55.871-0400] {processor.py:183} INFO - Processing /opt/anaconda3/envs/airflow_env/lib/python3.10/site-packages/airflow/example_dags/example_sensors.py took 0.058 seconds
[2025-06-25T21:43:59.542-0400] {processor.py:161} INFO - Started process (PID=71939) to work on /opt/anaconda3/envs/airflow_env/lib/python3.10/site-packages/airflow/example_dags/example_sensors.py
[2025-06-25T21:43:59.543-0400] {processor.py:830} INFO - Processing file /opt/anaconda3/envs/airflow_env/lib/python3.10/site-packages/airflow/example_dags/example_sensors.py for tasks to queue
[2025-06-25T21:43:59.543-0400] {logging_mixin.py:188} INFO - [2025-06-25T21:43:59.543-0400] {dagbag.py:545} INFO - Filling up the DagBag from /opt/anaconda3/envs/airflow_env/lib/python3.10/site-packages/airflow/example_dags/example_sensors.py
[2025-06-25T21:43:59.548-0400] {processor.py:840} INFO - DAG(s) 'example_sensors' retrieved from /opt/anaconda3/envs/airflow_env/lib/python3.10/site-packages/airflow/example_dags/example_sensors.py
[2025-06-25T21:43:59.591-0400] {logging_mixin.py:188} INFO - [2025-06-25T21:43:59.591-0400] {dag.py:3096} INFO - Sync 1 DAGs
[2025-06-25T21:43:59.595-0400] {logging_mixin.py:188} INFO - [2025-06-25T21:43:59.594-0400] {dag.py:3954} INFO - Setting next_dagrun for example_sensors to None, run_after=None
[2025-06-25T21:43:59.601-0400] {processor.py:183} INFO - Processing /opt/anaconda3/envs/airflow_env/lib/python3.10/site-packages/airflow/example_dags/example_sensors.py took 0.061 seconds
[2025-06-25T21:44:35.893-0400] {processor.py:161} INFO - Started process (PID=72006) to work on /opt/anaconda3/envs/airflow_env/lib/python3.10/site-packages/airflow/example_dags/example_sensors.py
[2025-06-25T21:44:35.893-0400] {processor.py:830} INFO - Processing file /opt/anaconda3/envs/airflow_env/lib/python3.10/site-packages/airflow/example_dags/example_sensors.py for tasks to queue
[2025-06-25T21:44:35.893-0400] {logging_mixin.py:188} INFO - [2025-06-25T21:44:35.893-0400] {dagbag.py:545} INFO - Filling up the DagBag from /opt/anaconda3/envs/airflow_env/lib/python3.10/site-packages/airflow/example_dags/example_sensors.py
[2025-06-25T21:44:35.899-0400] {processor.py:840} INFO - DAG(s) 'example_sensors' retrieved from /opt/anaconda3/envs/airflow_env/lib/python3.10/site-packages/airflow/example_dags/example_sensors.py
[2025-06-25T21:44:35.940-0400] {logging_mixin.py:188} INFO - [2025-06-25T21:44:35.940-0400] {dag.py:3096} INFO - Sync 1 DAGs
[2025-06-25T21:44:35.944-0400] {logging_mixin.py:188} INFO - [2025-06-25T21:44:35.944-0400] {dag.py:3954} INFO - Setting next_dagrun for example_sensors to None, run_after=None
[2025-06-25T21:44:35.950-0400] {processor.py:183} INFO - Processing /opt/anaconda3/envs/airflow_env/lib/python3.10/site-packages/airflow/example_dags/example_sensors.py took 0.059 seconds
[2025-06-25T21:45:40.963-0400] {processor.py:161} INFO - Started process (PID=72130) to work on /opt/anaconda3/envs/airflow_env/lib/python3.10/site-packages/airflow/example_dags/example_sensors.py
[2025-06-25T21:45:40.964-0400] {processor.py:830} INFO - Processing file /opt/anaconda3/envs/airflow_env/lib/python3.10/site-packages/airflow/example_dags/example_sensors.py for tasks to queue
[2025-06-25T21:45:40.964-0400] {logging_mixin.py:188} INFO - [2025-06-25T21:45:40.964-0400] {dagbag.py:545} INFO - Filling up the DagBag from /opt/anaconda3/envs/airflow_env/lib/python3.10/site-packages/airflow/example_dags/example_sensors.py
[2025-06-25T21:45:40.969-0400] {processor.py:840} INFO - DAG(s) 'example_sensors' retrieved from /opt/anaconda3/envs/airflow_env/lib/python3.10/site-packages/airflow/example_dags/example_sensors.py
[2025-06-25T21:45:41.009-0400] {logging_mixin.py:188} INFO - [2025-06-25T21:45:41.009-0400] {dag.py:3096} INFO - Sync 1 DAGs
[2025-06-25T21:45:41.012-0400] {logging_mixin.py:188} INFO - [2025-06-25T21:45:41.012-0400] {dag.py:3954} INFO - Setting next_dagrun for example_sensors to None, run_after=None
[2025-06-25T21:45:41.019-0400] {processor.py:183} INFO - Processing /opt/anaconda3/envs/airflow_env/lib/python3.10/site-packages/airflow/example_dags/example_sensors.py took 0.057 seconds
[2025-06-25T21:46:17.965-0400] {processor.py:161} INFO - Started process (PID=72201) to work on /opt/anaconda3/envs/airflow_env/lib/python3.10/site-packages/airflow/example_dags/example_sensors.py
[2025-06-25T21:46:17.965-0400] {processor.py:830} INFO - Processing file /opt/anaconda3/envs/airflow_env/lib/python3.10/site-packages/airflow/example_dags/example_sensors.py for tasks to queue
[2025-06-25T21:46:17.966-0400] {logging_mixin.py:188} INFO - [2025-06-25T21:46:17.966-0400] {dagbag.py:545} INFO - Filling up the DagBag from /opt/anaconda3/envs/airflow_env/lib/python3.10/site-packages/airflow/example_dags/example_sensors.py
[2025-06-25T21:46:17.972-0400] {processor.py:840} INFO - DAG(s) 'example_sensors' retrieved from /opt/anaconda3/envs/airflow_env/lib/python3.10/site-packages/airflow/example_dags/example_sensors.py
[2025-06-25T21:46:18.012-0400] {logging_mixin.py:188} INFO - [2025-06-25T21:46:18.012-0400] {dag.py:3096} INFO - Sync 1 DAGs
[2025-06-25T21:46:18.015-0400] {logging_mixin.py:188} INFO - [2025-06-25T21:46:18.015-0400] {dag.py:3954} INFO - Setting next_dagrun for example_sensors to None, run_after=None
[2025-06-25T21:46:18.022-0400] {processor.py:183} INFO - Processing /opt/anaconda3/envs/airflow_env/lib/python3.10/site-packages/airflow/example_dags/example_sensors.py took 0.060 seconds
[2025-06-25T21:47:20.905-0400] {processor.py:161} INFO - Started process (PID=72312) to work on /opt/anaconda3/envs/airflow_env/lib/python3.10/site-packages/airflow/example_dags/example_sensors.py
[2025-06-25T21:47:20.906-0400] {processor.py:830} INFO - Processing file /opt/anaconda3/envs/airflow_env/lib/python3.10/site-packages/airflow/example_dags/example_sensors.py for tasks to queue
[2025-06-25T21:47:20.906-0400] {logging_mixin.py:188} INFO - [2025-06-25T21:47:20.906-0400] {dagbag.py:545} INFO - Filling up the DagBag from /opt/anaconda3/envs/airflow_env/lib/python3.10/site-packages/airflow/example_dags/example_sensors.py
[2025-06-25T21:47:20.911-0400] {processor.py:840} INFO - DAG(s) 'example_sensors' retrieved from /opt/anaconda3/envs/airflow_env/lib/python3.10/site-packages/airflow/example_dags/example_sensors.py
[2025-06-25T21:47:20.955-0400] {logging_mixin.py:188} INFO - [2025-06-25T21:47:20.955-0400] {dag.py:3096} INFO - Sync 1 DAGs
[2025-06-25T21:47:20.961-0400] {logging_mixin.py:188} INFO - [2025-06-25T21:47:20.960-0400] {dag.py:3954} INFO - Setting next_dagrun for example_sensors to None, run_after=None
[2025-06-25T21:47:20.968-0400] {processor.py:183} INFO - Processing /opt/anaconda3/envs/airflow_env/lib/python3.10/site-packages/airflow/example_dags/example_sensors.py took 0.064 seconds
[2025-06-25T21:48:00.136-0400] {processor.py:161} INFO - Started process (PID=72415) to work on /opt/anaconda3/envs/airflow_env/lib/python3.10/site-packages/airflow/example_dags/example_sensors.py
[2025-06-25T21:48:00.137-0400] {processor.py:830} INFO - Processing file /opt/anaconda3/envs/airflow_env/lib/python3.10/site-packages/airflow/example_dags/example_sensors.py for tasks to queue
[2025-06-25T21:48:00.137-0400] {logging_mixin.py:188} INFO - [2025-06-25T21:48:00.137-0400] {dagbag.py:545} INFO - Filling up the DagBag from /opt/anaconda3/envs/airflow_env/lib/python3.10/site-packages/airflow/example_dags/example_sensors.py
[2025-06-25T21:48:00.143-0400] {processor.py:840} INFO - DAG(s) 'example_sensors' retrieved from /opt/anaconda3/envs/airflow_env/lib/python3.10/site-packages/airflow/example_dags/example_sensors.py
[2025-06-25T21:48:00.183-0400] {logging_mixin.py:188} INFO - [2025-06-25T21:48:00.183-0400] {dag.py:3096} INFO - Sync 1 DAGs
[2025-06-25T21:48:00.187-0400] {logging_mixin.py:188} INFO - [2025-06-25T21:48:00.186-0400] {dag.py:3954} INFO - Setting next_dagrun for example_sensors to None, run_after=None
[2025-06-25T21:48:00.193-0400] {processor.py:183} INFO - Processing /opt/anaconda3/envs/airflow_env/lib/python3.10/site-packages/airflow/example_dags/example_sensors.py took 0.060 seconds
[2025-06-25T21:49:11.387-0400] {processor.py:161} INFO - Started process (PID=72508) to work on /opt/anaconda3/envs/airflow_env/lib/python3.10/site-packages/airflow/example_dags/example_sensors.py
[2025-06-25T21:49:11.388-0400] {processor.py:830} INFO - Processing file /opt/anaconda3/envs/airflow_env/lib/python3.10/site-packages/airflow/example_dags/example_sensors.py for tasks to queue
[2025-06-25T21:49:11.388-0400] {logging_mixin.py:188} INFO - [2025-06-25T21:49:11.388-0400] {dagbag.py:545} INFO - Filling up the DagBag from /opt/anaconda3/envs/airflow_env/lib/python3.10/site-packages/airflow/example_dags/example_sensors.py
[2025-06-25T21:49:11.394-0400] {processor.py:840} INFO - DAG(s) 'example_sensors' retrieved from /opt/anaconda3/envs/airflow_env/lib/python3.10/site-packages/airflow/example_dags/example_sensors.py
[2025-06-25T21:49:11.431-0400] {logging_mixin.py:188} INFO - [2025-06-25T21:49:11.431-0400] {dag.py:3096} INFO - Sync 1 DAGs
[2025-06-25T21:49:11.434-0400] {logging_mixin.py:188} INFO - [2025-06-25T21:49:11.434-0400] {dag.py:3954} INFO - Setting next_dagrun for example_sensors to None, run_after=None
[2025-06-25T21:49:11.440-0400] {processor.py:183} INFO - Processing /opt/anaconda3/envs/airflow_env/lib/python3.10/site-packages/airflow/example_dags/example_sensors.py took 0.055 seconds
[2025-06-25T21:49:46.803-0400] {processor.py:161} INFO - Started process (PID=72561) to work on /opt/anaconda3/envs/airflow_env/lib/python3.10/site-packages/airflow/example_dags/example_sensors.py
[2025-06-25T21:49:46.803-0400] {processor.py:830} INFO - Processing file /opt/anaconda3/envs/airflow_env/lib/python3.10/site-packages/airflow/example_dags/example_sensors.py for tasks to queue
[2025-06-25T21:49:46.804-0400] {logging_mixin.py:188} INFO - [2025-06-25T21:49:46.804-0400] {dagbag.py:545} INFO - Filling up the DagBag from /opt/anaconda3/envs/airflow_env/lib/python3.10/site-packages/airflow/example_dags/example_sensors.py
[2025-06-25T21:49:46.810-0400] {processor.py:840} INFO - DAG(s) 'example_sensors' retrieved from /opt/anaconda3/envs/airflow_env/lib/python3.10/site-packages/airflow/example_dags/example_sensors.py
[2025-06-25T21:49:46.847-0400] {logging_mixin.py:188} INFO - [2025-06-25T21:49:46.847-0400] {dag.py:3096} INFO - Sync 1 DAGs
[2025-06-25T21:49:46.850-0400] {logging_mixin.py:188} INFO - [2025-06-25T21:49:46.850-0400] {dag.py:3954} INFO - Setting next_dagrun for example_sensors to None, run_after=None
[2025-06-25T21:49:46.856-0400] {processor.py:183} INFO - Processing /opt/anaconda3/envs/airflow_env/lib/python3.10/site-packages/airflow/example_dags/example_sensors.py took 0.055 seconds
[2025-06-25T21:50:48.772-0400] {processor.py:161} INFO - Started process (PID=72650) to work on /opt/anaconda3/envs/airflow_env/lib/python3.10/site-packages/airflow/example_dags/example_sensors.py
[2025-06-25T21:50:48.773-0400] {processor.py:830} INFO - Processing file /opt/anaconda3/envs/airflow_env/lib/python3.10/site-packages/airflow/example_dags/example_sensors.py for tasks to queue
[2025-06-25T21:50:48.773-0400] {logging_mixin.py:188} INFO - [2025-06-25T21:50:48.773-0400] {dagbag.py:545} INFO - Filling up the DagBag from /opt/anaconda3/envs/airflow_env/lib/python3.10/site-packages/airflow/example_dags/example_sensors.py
[2025-06-25T21:50:48.778-0400] {processor.py:840} INFO - DAG(s) 'example_sensors' retrieved from /opt/anaconda3/envs/airflow_env/lib/python3.10/site-packages/airflow/example_dags/example_sensors.py
[2025-06-25T21:50:48.818-0400] {logging_mixin.py:188} INFO - [2025-06-25T21:50:48.818-0400] {dag.py:3096} INFO - Sync 1 DAGs
[2025-06-25T21:50:48.821-0400] {logging_mixin.py:188} INFO - [2025-06-25T21:50:48.821-0400] {dag.py:3954} INFO - Setting next_dagrun for example_sensors to None, run_after=None
[2025-06-25T21:50:48.828-0400] {processor.py:183} INFO - Processing /opt/anaconda3/envs/airflow_env/lib/python3.10/site-packages/airflow/example_dags/example_sensors.py took 0.058 seconds
[2025-06-25T21:51:27.655-0400] {processor.py:161} INFO - Started process (PID=72719) to work on /opt/anaconda3/envs/airflow_env/lib/python3.10/site-packages/airflow/example_dags/example_sensors.py
[2025-06-25T21:51:27.657-0400] {processor.py:830} INFO - Processing file /opt/anaconda3/envs/airflow_env/lib/python3.10/site-packages/airflow/example_dags/example_sensors.py for tasks to queue
[2025-06-25T21:51:27.657-0400] {logging_mixin.py:188} INFO - [2025-06-25T21:51:27.657-0400] {dagbag.py:545} INFO - Filling up the DagBag from /opt/anaconda3/envs/airflow_env/lib/python3.10/site-packages/airflow/example_dags/example_sensors.py
[2025-06-25T21:51:27.665-0400] {processor.py:840} INFO - DAG(s) 'example_sensors' retrieved from /opt/anaconda3/envs/airflow_env/lib/python3.10/site-packages/airflow/example_dags/example_sensors.py
[2025-06-25T21:51:27.711-0400] {logging_mixin.py:188} INFO - [2025-06-25T21:51:27.711-0400] {dag.py:3096} INFO - Sync 1 DAGs
[2025-06-25T21:51:27.714-0400] {logging_mixin.py:188} INFO - [2025-06-25T21:51:27.714-0400] {dag.py:3954} INFO - Setting next_dagrun for example_sensors to None, run_after=None
[2025-06-25T21:51:27.722-0400] {processor.py:183} INFO - Processing /opt/anaconda3/envs/airflow_env/lib/python3.10/site-packages/airflow/example_dags/example_sensors.py took 0.071 seconds
[2025-06-25T21:52:33.392-0400] {processor.py:161} INFO - Started process (PID=72811) to work on /opt/anaconda3/envs/airflow_env/lib/python3.10/site-packages/airflow/example_dags/example_sensors.py
[2025-06-25T21:52:33.392-0400] {processor.py:830} INFO - Processing file /opt/anaconda3/envs/airflow_env/lib/python3.10/site-packages/airflow/example_dags/example_sensors.py for tasks to queue
[2025-06-25T21:52:33.392-0400] {logging_mixin.py:188} INFO - [2025-06-25T21:52:33.392-0400] {dagbag.py:545} INFO - Filling up the DagBag from /opt/anaconda3/envs/airflow_env/lib/python3.10/site-packages/airflow/example_dags/example_sensors.py
[2025-06-25T21:52:33.398-0400] {processor.py:840} INFO - DAG(s) 'example_sensors' retrieved from /opt/anaconda3/envs/airflow_env/lib/python3.10/site-packages/airflow/example_dags/example_sensors.py
[2025-06-25T21:52:33.435-0400] {logging_mixin.py:188} INFO - [2025-06-25T21:52:33.435-0400] {dag.py:3096} INFO - Sync 1 DAGs
[2025-06-25T21:52:33.438-0400] {logging_mixin.py:188} INFO - [2025-06-25T21:52:33.438-0400] {dag.py:3954} INFO - Setting next_dagrun for example_sensors to None, run_after=None
[2025-06-25T21:52:33.444-0400] {processor.py:183} INFO - Processing /opt/anaconda3/envs/airflow_env/lib/python3.10/site-packages/airflow/example_dags/example_sensors.py took 0.054 seconds
[2025-06-25T21:53:06.390-0400] {processor.py:161} INFO - Started process (PID=72861) to work on /opt/anaconda3/envs/airflow_env/lib/python3.10/site-packages/airflow/example_dags/example_sensors.py
[2025-06-25T21:53:06.391-0400] {processor.py:830} INFO - Processing file /opt/anaconda3/envs/airflow_env/lib/python3.10/site-packages/airflow/example_dags/example_sensors.py for tasks to queue
[2025-06-25T21:53:06.391-0400] {logging_mixin.py:188} INFO - [2025-06-25T21:53:06.391-0400] {dagbag.py:545} INFO - Filling up the DagBag from /opt/anaconda3/envs/airflow_env/lib/python3.10/site-packages/airflow/example_dags/example_sensors.py
[2025-06-25T21:53:06.397-0400] {processor.py:840} INFO - DAG(s) 'example_sensors' retrieved from /opt/anaconda3/envs/airflow_env/lib/python3.10/site-packages/airflow/example_dags/example_sensors.py
[2025-06-25T21:53:06.434-0400] {logging_mixin.py:188} INFO - [2025-06-25T21:53:06.434-0400] {dag.py:3096} INFO - Sync 1 DAGs
[2025-06-25T21:53:06.437-0400] {logging_mixin.py:188} INFO - [2025-06-25T21:53:06.437-0400] {dag.py:3954} INFO - Setting next_dagrun for example_sensors to None, run_after=None
[2025-06-25T21:53:06.443-0400] {processor.py:183} INFO - Processing /opt/anaconda3/envs/airflow_env/lib/python3.10/site-packages/airflow/example_dags/example_sensors.py took 0.055 seconds
[2025-06-25T21:54:10.889-0400] {processor.py:161} INFO - Started process (PID=73005) to work on /opt/anaconda3/envs/airflow_env/lib/python3.10/site-packages/airflow/example_dags/example_sensors.py
[2025-06-25T21:54:10.890-0400] {processor.py:830} INFO - Processing file /opt/anaconda3/envs/airflow_env/lib/python3.10/site-packages/airflow/example_dags/example_sensors.py for tasks to queue
[2025-06-25T21:54:10.890-0400] {logging_mixin.py:188} INFO - [2025-06-25T21:54:10.890-0400] {dagbag.py:545} INFO - Filling up the DagBag from /opt/anaconda3/envs/airflow_env/lib/python3.10/site-packages/airflow/example_dags/example_sensors.py
[2025-06-25T21:54:10.895-0400] {processor.py:840} INFO - DAG(s) 'example_sensors' retrieved from /opt/anaconda3/envs/airflow_env/lib/python3.10/site-packages/airflow/example_dags/example_sensors.py
[2025-06-25T21:54:10.934-0400] {logging_mixin.py:188} INFO - [2025-06-25T21:54:10.934-0400] {dag.py:3096} INFO - Sync 1 DAGs
[2025-06-25T21:54:10.937-0400] {logging_mixin.py:188} INFO - [2025-06-25T21:54:10.937-0400] {dag.py:3954} INFO - Setting next_dagrun for example_sensors to None, run_after=None
[2025-06-25T21:54:10.944-0400] {processor.py:183} INFO - Processing /opt/anaconda3/envs/airflow_env/lib/python3.10/site-packages/airflow/example_dags/example_sensors.py took 0.056 seconds
[2025-06-25T21:54:44.310-0400] {processor.py:161} INFO - Started process (PID=73074) to work on /opt/anaconda3/envs/airflow_env/lib/python3.10/site-packages/airflow/example_dags/example_sensors.py
[2025-06-25T21:54:44.311-0400] {processor.py:830} INFO - Processing file /opt/anaconda3/envs/airflow_env/lib/python3.10/site-packages/airflow/example_dags/example_sensors.py for tasks to queue
[2025-06-25T21:54:44.311-0400] {logging_mixin.py:188} INFO - [2025-06-25T21:54:44.311-0400] {dagbag.py:545} INFO - Filling up the DagBag from /opt/anaconda3/envs/airflow_env/lib/python3.10/site-packages/airflow/example_dags/example_sensors.py
[2025-06-25T21:54:44.316-0400] {processor.py:840} INFO - DAG(s) 'example_sensors' retrieved from /opt/anaconda3/envs/airflow_env/lib/python3.10/site-packages/airflow/example_dags/example_sensors.py
[2025-06-25T21:54:44.355-0400] {logging_mixin.py:188} INFO - [2025-06-25T21:54:44.355-0400] {dag.py:3096} INFO - Sync 1 DAGs
[2025-06-25T21:54:44.359-0400] {logging_mixin.py:188} INFO - [2025-06-25T21:54:44.359-0400] {dag.py:3954} INFO - Setting next_dagrun for example_sensors to None, run_after=None
[2025-06-25T21:54:44.365-0400] {processor.py:183} INFO - Processing /opt/anaconda3/envs/airflow_env/lib/python3.10/site-packages/airflow/example_dags/example_sensors.py took 0.057 seconds
[2025-06-25T21:55:49.220-0400] {processor.py:161} INFO - Started process (PID=73183) to work on /opt/anaconda3/envs/airflow_env/lib/python3.10/site-packages/airflow/example_dags/example_sensors.py
[2025-06-25T21:55:49.220-0400] {processor.py:830} INFO - Processing file /opt/anaconda3/envs/airflow_env/lib/python3.10/site-packages/airflow/example_dags/example_sensors.py for tasks to queue
[2025-06-25T21:55:49.221-0400] {logging_mixin.py:188} INFO - [2025-06-25T21:55:49.221-0400] {dagbag.py:545} INFO - Filling up the DagBag from /opt/anaconda3/envs/airflow_env/lib/python3.10/site-packages/airflow/example_dags/example_sensors.py
[2025-06-25T21:55:49.227-0400] {processor.py:840} INFO - DAG(s) 'example_sensors' retrieved from /opt/anaconda3/envs/airflow_env/lib/python3.10/site-packages/airflow/example_dags/example_sensors.py
[2025-06-25T21:55:49.267-0400] {logging_mixin.py:188} INFO - [2025-06-25T21:55:49.267-0400] {dag.py:3096} INFO - Sync 1 DAGs
[2025-06-25T21:55:49.270-0400] {logging_mixin.py:188} INFO - [2025-06-25T21:55:49.270-0400] {dag.py:3954} INFO - Setting next_dagrun for example_sensors to None, run_after=None
[2025-06-25T21:55:49.276-0400] {processor.py:183} INFO - Processing /opt/anaconda3/envs/airflow_env/lib/python3.10/site-packages/airflow/example_dags/example_sensors.py took 0.058 seconds
[2025-06-25T21:56:29.492-0400] {processor.py:161} INFO - Started process (PID=73236) to work on /opt/anaconda3/envs/airflow_env/lib/python3.10/site-packages/airflow/example_dags/example_sensors.py
[2025-06-25T21:56:29.493-0400] {processor.py:830} INFO - Processing file /opt/anaconda3/envs/airflow_env/lib/python3.10/site-packages/airflow/example_dags/example_sensors.py for tasks to queue
[2025-06-25T21:56:29.494-0400] {logging_mixin.py:188} INFO - [2025-06-25T21:56:29.493-0400] {dagbag.py:545} INFO - Filling up the DagBag from /opt/anaconda3/envs/airflow_env/lib/python3.10/site-packages/airflow/example_dags/example_sensors.py
[2025-06-25T21:56:29.500-0400] {processor.py:840} INFO - DAG(s) 'example_sensors' retrieved from /opt/anaconda3/envs/airflow_env/lib/python3.10/site-packages/airflow/example_dags/example_sensors.py
[2025-06-25T21:56:29.548-0400] {logging_mixin.py:188} INFO - [2025-06-25T21:56:29.548-0400] {dag.py:3096} INFO - Sync 1 DAGs
[2025-06-25T21:56:29.552-0400] {logging_mixin.py:188} INFO - [2025-06-25T21:56:29.552-0400] {dag.py:3954} INFO - Setting next_dagrun for example_sensors to None, run_after=None
[2025-06-25T21:56:29.560-0400] {processor.py:183} INFO - Processing /opt/anaconda3/envs/airflow_env/lib/python3.10/site-packages/airflow/example_dags/example_sensors.py took 0.071 seconds
[2025-06-25T21:57:32.320-0400] {processor.py:161} INFO - Started process (PID=73331) to work on /opt/anaconda3/envs/airflow_env/lib/python3.10/site-packages/airflow/example_dags/example_sensors.py
[2025-06-25T21:57:32.322-0400] {processor.py:830} INFO - Processing file /opt/anaconda3/envs/airflow_env/lib/python3.10/site-packages/airflow/example_dags/example_sensors.py for tasks to queue
[2025-06-25T21:57:32.322-0400] {logging_mixin.py:188} INFO - [2025-06-25T21:57:32.322-0400] {dagbag.py:545} INFO - Filling up the DagBag from /opt/anaconda3/envs/airflow_env/lib/python3.10/site-packages/airflow/example_dags/example_sensors.py
[2025-06-25T21:57:32.329-0400] {processor.py:840} INFO - DAG(s) 'example_sensors' retrieved from /opt/anaconda3/envs/airflow_env/lib/python3.10/site-packages/airflow/example_dags/example_sensors.py
[2025-06-25T21:57:32.369-0400] {logging_mixin.py:188} INFO - [2025-06-25T21:57:32.369-0400] {dag.py:3096} INFO - Sync 1 DAGs
[2025-06-25T21:57:32.373-0400] {logging_mixin.py:188} INFO - [2025-06-25T21:57:32.372-0400] {dag.py:3954} INFO - Setting next_dagrun for example_sensors to None, run_after=None
[2025-06-25T21:57:32.379-0400] {processor.py:183} INFO - Processing /opt/anaconda3/envs/airflow_env/lib/python3.10/site-packages/airflow/example_dags/example_sensors.py took 0.061 seconds
[2025-06-25T21:58:15.862-0400] {processor.py:161} INFO - Started process (PID=73412) to work on /opt/anaconda3/envs/airflow_env/lib/python3.10/site-packages/airflow/example_dags/example_sensors.py
[2025-06-25T21:58:15.863-0400] {processor.py:830} INFO - Processing file /opt/anaconda3/envs/airflow_env/lib/python3.10/site-packages/airflow/example_dags/example_sensors.py for tasks to queue
[2025-06-25T21:58:15.863-0400] {logging_mixin.py:188} INFO - [2025-06-25T21:58:15.863-0400] {dagbag.py:545} INFO - Filling up the DagBag from /opt/anaconda3/envs/airflow_env/lib/python3.10/site-packages/airflow/example_dags/example_sensors.py
[2025-06-25T21:58:15.869-0400] {processor.py:840} INFO - DAG(s) 'example_sensors' retrieved from /opt/anaconda3/envs/airflow_env/lib/python3.10/site-packages/airflow/example_dags/example_sensors.py
[2025-06-25T21:58:15.908-0400] {logging_mixin.py:188} INFO - [2025-06-25T21:58:15.908-0400] {dag.py:3096} INFO - Sync 1 DAGs
[2025-06-25T21:58:15.911-0400] {logging_mixin.py:188} INFO - [2025-06-25T21:58:15.911-0400] {dag.py:3954} INFO - Setting next_dagrun for example_sensors to None, run_after=None
[2025-06-25T21:58:15.917-0400] {processor.py:183} INFO - Processing /opt/anaconda3/envs/airflow_env/lib/python3.10/site-packages/airflow/example_dags/example_sensors.py took 0.057 seconds
[2025-06-25T21:59:28.759-0400] {processor.py:161} INFO - Started process (PID=73507) to work on /opt/anaconda3/envs/airflow_env/lib/python3.10/site-packages/airflow/example_dags/example_sensors.py
[2025-06-25T21:59:28.759-0400] {processor.py:830} INFO - Processing file /opt/anaconda3/envs/airflow_env/lib/python3.10/site-packages/airflow/example_dags/example_sensors.py for tasks to queue
[2025-06-25T21:59:28.760-0400] {logging_mixin.py:188} INFO - [2025-06-25T21:59:28.759-0400] {dagbag.py:545} INFO - Filling up the DagBag from /opt/anaconda3/envs/airflow_env/lib/python3.10/site-packages/airflow/example_dags/example_sensors.py
[2025-06-25T21:59:28.766-0400] {processor.py:840} INFO - DAG(s) 'example_sensors' retrieved from /opt/anaconda3/envs/airflow_env/lib/python3.10/site-packages/airflow/example_dags/example_sensors.py
[2025-06-25T21:59:28.809-0400] {logging_mixin.py:188} INFO - [2025-06-25T21:59:28.809-0400] {dag.py:3096} INFO - Sync 1 DAGs
[2025-06-25T21:59:28.812-0400] {logging_mixin.py:188} INFO - [2025-06-25T21:59:28.812-0400] {dag.py:3954} INFO - Setting next_dagrun for example_sensors to None, run_after=None
[2025-06-25T21:59:28.819-0400] {processor.py:183} INFO - Processing /opt/anaconda3/envs/airflow_env/lib/python3.10/site-packages/airflow/example_dags/example_sensors.py took 0.062 seconds
[2025-06-25T22:00:07.588-0400] {processor.py:161} INFO - Started process (PID=73562) to work on /opt/anaconda3/envs/airflow_env/lib/python3.10/site-packages/airflow/example_dags/example_sensors.py
[2025-06-25T22:00:07.589-0400] {processor.py:830} INFO - Processing file /opt/anaconda3/envs/airflow_env/lib/python3.10/site-packages/airflow/example_dags/example_sensors.py for tasks to queue
[2025-06-25T22:00:07.589-0400] {logging_mixin.py:188} INFO - [2025-06-25T22:00:07.589-0400] {dagbag.py:545} INFO - Filling up the DagBag from /opt/anaconda3/envs/airflow_env/lib/python3.10/site-packages/airflow/example_dags/example_sensors.py
[2025-06-25T22:00:07.596-0400] {processor.py:840} INFO - DAG(s) 'example_sensors' retrieved from /opt/anaconda3/envs/airflow_env/lib/python3.10/site-packages/airflow/example_dags/example_sensors.py
[2025-06-25T22:00:07.647-0400] {logging_mixin.py:188} INFO - [2025-06-25T22:00:07.646-0400] {dag.py:3096} INFO - Sync 1 DAGs
[2025-06-25T22:00:07.651-0400] {logging_mixin.py:188} INFO - [2025-06-25T22:00:07.651-0400] {dag.py:3954} INFO - Setting next_dagrun for example_sensors to None, run_after=None
[2025-06-25T22:00:07.658-0400] {processor.py:183} INFO - Processing /opt/anaconda3/envs/airflow_env/lib/python3.10/site-packages/airflow/example_dags/example_sensors.py took 0.072 seconds
[2025-06-25T22:01:15.947-0400] {processor.py:161} INFO - Started process (PID=73665) to work on /opt/anaconda3/envs/airflow_env/lib/python3.10/site-packages/airflow/example_dags/example_sensors.py
[2025-06-25T22:01:15.948-0400] {processor.py:830} INFO - Processing file /opt/anaconda3/envs/airflow_env/lib/python3.10/site-packages/airflow/example_dags/example_sensors.py for tasks to queue
[2025-06-25T22:01:15.948-0400] {logging_mixin.py:188} INFO - [2025-06-25T22:01:15.948-0400] {dagbag.py:545} INFO - Filling up the DagBag from /opt/anaconda3/envs/airflow_env/lib/python3.10/site-packages/airflow/example_dags/example_sensors.py
[2025-06-25T22:01:15.954-0400] {processor.py:840} INFO - DAG(s) 'example_sensors' retrieved from /opt/anaconda3/envs/airflow_env/lib/python3.10/site-packages/airflow/example_dags/example_sensors.py
[2025-06-25T22:01:15.994-0400] {logging_mixin.py:188} INFO - [2025-06-25T22:01:15.994-0400] {dag.py:3096} INFO - Sync 1 DAGs
[2025-06-25T22:01:15.997-0400] {logging_mixin.py:188} INFO - [2025-06-25T22:01:15.997-0400] {dag.py:3954} INFO - Setting next_dagrun for example_sensors to None, run_after=None
[2025-06-25T22:01:16.003-0400] {processor.py:183} INFO - Processing /opt/anaconda3/envs/airflow_env/lib/python3.10/site-packages/airflow/example_dags/example_sensors.py took 0.058 seconds
[2025-06-25T22:01:50.984-0400] {processor.py:161} INFO - Started process (PID=73723) to work on /opt/anaconda3/envs/airflow_env/lib/python3.10/site-packages/airflow/example_dags/example_sensors.py
[2025-06-25T22:01:50.985-0400] {processor.py:830} INFO - Processing file /opt/anaconda3/envs/airflow_env/lib/python3.10/site-packages/airflow/example_dags/example_sensors.py for tasks to queue
[2025-06-25T22:01:50.986-0400] {logging_mixin.py:188} INFO - [2025-06-25T22:01:50.985-0400] {dagbag.py:545} INFO - Filling up the DagBag from /opt/anaconda3/envs/airflow_env/lib/python3.10/site-packages/airflow/example_dags/example_sensors.py
[2025-06-25T22:01:50.993-0400] {processor.py:840} INFO - DAG(s) 'example_sensors' retrieved from /opt/anaconda3/envs/airflow_env/lib/python3.10/site-packages/airflow/example_dags/example_sensors.py
[2025-06-25T22:01:51.034-0400] {logging_mixin.py:188} INFO - [2025-06-25T22:01:51.033-0400] {dag.py:3096} INFO - Sync 1 DAGs
[2025-06-25T22:01:51.037-0400] {logging_mixin.py:188} INFO - [2025-06-25T22:01:51.037-0400] {dag.py:3954} INFO - Setting next_dagrun for example_sensors to None, run_after=None
[2025-06-25T22:01:51.043-0400] {processor.py:183} INFO - Processing /opt/anaconda3/envs/airflow_env/lib/python3.10/site-packages/airflow/example_dags/example_sensors.py took 0.061 seconds
[2025-06-25T22:02:58.580-0400] {processor.py:161} INFO - Started process (PID=73836) to work on /opt/anaconda3/envs/airflow_env/lib/python3.10/site-packages/airflow/example_dags/example_sensors.py
[2025-06-25T22:02:58.581-0400] {processor.py:830} INFO - Processing file /opt/anaconda3/envs/airflow_env/lib/python3.10/site-packages/airflow/example_dags/example_sensors.py for tasks to queue
[2025-06-25T22:02:58.581-0400] {logging_mixin.py:188} INFO - [2025-06-25T22:02:58.581-0400] {dagbag.py:545} INFO - Filling up the DagBag from /opt/anaconda3/envs/airflow_env/lib/python3.10/site-packages/airflow/example_dags/example_sensors.py
[2025-06-25T22:02:58.589-0400] {processor.py:840} INFO - DAG(s) 'example_sensors' retrieved from /opt/anaconda3/envs/airflow_env/lib/python3.10/site-packages/airflow/example_dags/example_sensors.py
[2025-06-25T22:02:58.630-0400] {logging_mixin.py:188} INFO - [2025-06-25T22:02:58.630-0400] {dag.py:3096} INFO - Sync 1 DAGs
[2025-06-25T22:02:58.633-0400] {logging_mixin.py:188} INFO - [2025-06-25T22:02:58.633-0400] {dag.py:3954} INFO - Setting next_dagrun for example_sensors to None, run_after=None
[2025-06-25T22:02:58.639-0400] {processor.py:183} INFO - Processing /opt/anaconda3/envs/airflow_env/lib/python3.10/site-packages/airflow/example_dags/example_sensors.py took 0.063 seconds
[2025-06-25T22:03:30.583-0400] {processor.py:161} INFO - Started process (PID=73877) to work on /opt/anaconda3/envs/airflow_env/lib/python3.10/site-packages/airflow/example_dags/example_sensors.py
[2025-06-25T22:03:30.584-0400] {processor.py:830} INFO - Processing file /opt/anaconda3/envs/airflow_env/lib/python3.10/site-packages/airflow/example_dags/example_sensors.py for tasks to queue
[2025-06-25T22:03:30.584-0400] {logging_mixin.py:188} INFO - [2025-06-25T22:03:30.584-0400] {dagbag.py:545} INFO - Filling up the DagBag from /opt/anaconda3/envs/airflow_env/lib/python3.10/site-packages/airflow/example_dags/example_sensors.py
[2025-06-25T22:03:30.592-0400] {processor.py:840} INFO - DAG(s) 'example_sensors' retrieved from /opt/anaconda3/envs/airflow_env/lib/python3.10/site-packages/airflow/example_dags/example_sensors.py
[2025-06-25T22:03:30.647-0400] {logging_mixin.py:188} INFO - [2025-06-25T22:03:30.647-0400] {dag.py:3096} INFO - Sync 1 DAGs
[2025-06-25T22:03:30.651-0400] {logging_mixin.py:188} INFO - [2025-06-25T22:03:30.651-0400] {dag.py:3954} INFO - Setting next_dagrun for example_sensors to None, run_after=None
[2025-06-25T22:03:30.658-0400] {processor.py:183} INFO - Processing /opt/anaconda3/envs/airflow_env/lib/python3.10/site-packages/airflow/example_dags/example_sensors.py took 0.079 seconds
[2025-06-25T22:04:36.169-0400] {processor.py:161} INFO - Started process (PID=73975) to work on /opt/anaconda3/envs/airflow_env/lib/python3.10/site-packages/airflow/example_dags/example_sensors.py
[2025-06-25T22:04:36.170-0400] {processor.py:830} INFO - Processing file /opt/anaconda3/envs/airflow_env/lib/python3.10/site-packages/airflow/example_dags/example_sensors.py for tasks to queue
[2025-06-25T22:04:36.170-0400] {logging_mixin.py:188} INFO - [2025-06-25T22:04:36.170-0400] {dagbag.py:545} INFO - Filling up the DagBag from /opt/anaconda3/envs/airflow_env/lib/python3.10/site-packages/airflow/example_dags/example_sensors.py
[2025-06-25T22:04:36.176-0400] {processor.py:840} INFO - DAG(s) 'example_sensors' retrieved from /opt/anaconda3/envs/airflow_env/lib/python3.10/site-packages/airflow/example_dags/example_sensors.py
[2025-06-25T22:04:36.217-0400] {logging_mixin.py:188} INFO - [2025-06-25T22:04:36.216-0400] {dag.py:3096} INFO - Sync 1 DAGs
[2025-06-25T22:04:36.220-0400] {logging_mixin.py:188} INFO - [2025-06-25T22:04:36.220-0400] {dag.py:3954} INFO - Setting next_dagrun for example_sensors to None, run_after=None
[2025-06-25T22:04:36.226-0400] {processor.py:183} INFO - Processing /opt/anaconda3/envs/airflow_env/lib/python3.10/site-packages/airflow/example_dags/example_sensors.py took 0.059 seconds
[2025-06-25T22:05:15.110-0400] {processor.py:161} INFO - Started process (PID=74031) to work on /opt/anaconda3/envs/airflow_env/lib/python3.10/site-packages/airflow/example_dags/example_sensors.py
[2025-06-25T22:05:15.111-0400] {processor.py:830} INFO - Processing file /opt/anaconda3/envs/airflow_env/lib/python3.10/site-packages/airflow/example_dags/example_sensors.py for tasks to queue
[2025-06-25T22:05:15.111-0400] {logging_mixin.py:188} INFO - [2025-06-25T22:05:15.111-0400] {dagbag.py:545} INFO - Filling up the DagBag from /opt/anaconda3/envs/airflow_env/lib/python3.10/site-packages/airflow/example_dags/example_sensors.py
[2025-06-25T22:05:15.117-0400] {processor.py:840} INFO - DAG(s) 'example_sensors' retrieved from /opt/anaconda3/envs/airflow_env/lib/python3.10/site-packages/airflow/example_dags/example_sensors.py
[2025-06-25T22:05:15.154-0400] {logging_mixin.py:188} INFO - [2025-06-25T22:05:15.154-0400] {dag.py:3096} INFO - Sync 1 DAGs
[2025-06-25T22:05:15.157-0400] {logging_mixin.py:188} INFO - [2025-06-25T22:05:15.157-0400] {dag.py:3954} INFO - Setting next_dagrun for example_sensors to None, run_after=None
[2025-06-25T22:05:15.163-0400] {processor.py:183} INFO - Processing /opt/anaconda3/envs/airflow_env/lib/python3.10/site-packages/airflow/example_dags/example_sensors.py took 0.055 seconds
[2025-06-25T22:06:15.808-0400] {processor.py:161} INFO - Started process (PID=74119) to work on /opt/anaconda3/envs/airflow_env/lib/python3.10/site-packages/airflow/example_dags/example_sensors.py
[2025-06-25T22:06:15.809-0400] {processor.py:830} INFO - Processing file /opt/anaconda3/envs/airflow_env/lib/python3.10/site-packages/airflow/example_dags/example_sensors.py for tasks to queue
[2025-06-25T22:06:15.809-0400] {logging_mixin.py:188} INFO - [2025-06-25T22:06:15.809-0400] {dagbag.py:545} INFO - Filling up the DagBag from /opt/anaconda3/envs/airflow_env/lib/python3.10/site-packages/airflow/example_dags/example_sensors.py
[2025-06-25T22:06:15.815-0400] {processor.py:840} INFO - DAG(s) 'example_sensors' retrieved from /opt/anaconda3/envs/airflow_env/lib/python3.10/site-packages/airflow/example_dags/example_sensors.py
[2025-06-25T22:06:15.855-0400] {logging_mixin.py:188} INFO - [2025-06-25T22:06:15.855-0400] {dag.py:3096} INFO - Sync 1 DAGs
[2025-06-25T22:06:15.858-0400] {logging_mixin.py:188} INFO - [2025-06-25T22:06:15.858-0400] {dag.py:3954} INFO - Setting next_dagrun for example_sensors to None, run_after=None
[2025-06-25T22:06:15.866-0400] {processor.py:183} INFO - Processing /opt/anaconda3/envs/airflow_env/lib/python3.10/site-packages/airflow/example_dags/example_sensors.py took 0.060 seconds
[2025-06-25T22:06:57.118-0400] {processor.py:161} INFO - Started process (PID=74185) to work on /opt/anaconda3/envs/airflow_env/lib/python3.10/site-packages/airflow/example_dags/example_sensors.py
[2025-06-25T22:06:57.119-0400] {processor.py:830} INFO - Processing file /opt/anaconda3/envs/airflow_env/lib/python3.10/site-packages/airflow/example_dags/example_sensors.py for tasks to queue
[2025-06-25T22:06:57.120-0400] {logging_mixin.py:188} INFO - [2025-06-25T22:06:57.120-0400] {dagbag.py:545} INFO - Filling up the DagBag from /opt/anaconda3/envs/airflow_env/lib/python3.10/site-packages/airflow/example_dags/example_sensors.py
[2025-06-25T22:06:57.126-0400] {processor.py:840} INFO - DAG(s) 'example_sensors' retrieved from /opt/anaconda3/envs/airflow_env/lib/python3.10/site-packages/airflow/example_dags/example_sensors.py
[2025-06-25T22:06:57.164-0400] {logging_mixin.py:188} INFO - [2025-06-25T22:06:57.164-0400] {dag.py:3096} INFO - Sync 1 DAGs
[2025-06-25T22:06:57.167-0400] {logging_mixin.py:188} INFO - [2025-06-25T22:06:57.167-0400] {dag.py:3954} INFO - Setting next_dagrun for example_sensors to None, run_after=None
[2025-06-25T22:06:57.173-0400] {processor.py:183} INFO - Processing /opt/anaconda3/envs/airflow_env/lib/python3.10/site-packages/airflow/example_dags/example_sensors.py took 0.056 seconds
[2025-06-25T22:07:56.105-0400] {processor.py:161} INFO - Started process (PID=74289) to work on /opt/anaconda3/envs/airflow_env/lib/python3.10/site-packages/airflow/example_dags/example_sensors.py
[2025-06-25T22:07:56.106-0400] {processor.py:830} INFO - Processing file /opt/anaconda3/envs/airflow_env/lib/python3.10/site-packages/airflow/example_dags/example_sensors.py for tasks to queue
[2025-06-25T22:07:56.106-0400] {logging_mixin.py:188} INFO - [2025-06-25T22:07:56.106-0400] {dagbag.py:545} INFO - Filling up the DagBag from /opt/anaconda3/envs/airflow_env/lib/python3.10/site-packages/airflow/example_dags/example_sensors.py
[2025-06-25T22:07:56.112-0400] {processor.py:840} INFO - DAG(s) 'example_sensors' retrieved from /opt/anaconda3/envs/airflow_env/lib/python3.10/site-packages/airflow/example_dags/example_sensors.py
[2025-06-25T22:07:56.149-0400] {logging_mixin.py:188} INFO - [2025-06-25T22:07:56.149-0400] {dag.py:3096} INFO - Sync 1 DAGs
[2025-06-25T22:07:56.152-0400] {logging_mixin.py:188} INFO - [2025-06-25T22:07:56.152-0400] {dag.py:3954} INFO - Setting next_dagrun for example_sensors to None, run_after=None
[2025-06-25T22:07:56.158-0400] {processor.py:183} INFO - Processing /opt/anaconda3/envs/airflow_env/lib/python3.10/site-packages/airflow/example_dags/example_sensors.py took 0.055 seconds
[2025-06-25T22:08:30.035-0400] {processor.py:161} INFO - Started process (PID=74343) to work on /opt/anaconda3/envs/airflow_env/lib/python3.10/site-packages/airflow/example_dags/example_sensors.py
[2025-06-25T22:08:30.035-0400] {processor.py:830} INFO - Processing file /opt/anaconda3/envs/airflow_env/lib/python3.10/site-packages/airflow/example_dags/example_sensors.py for tasks to queue
[2025-06-25T22:08:30.035-0400] {logging_mixin.py:188} INFO - [2025-06-25T22:08:30.035-0400] {dagbag.py:545} INFO - Filling up the DagBag from /opt/anaconda3/envs/airflow_env/lib/python3.10/site-packages/airflow/example_dags/example_sensors.py
[2025-06-25T22:08:30.040-0400] {processor.py:840} INFO - DAG(s) 'example_sensors' retrieved from /opt/anaconda3/envs/airflow_env/lib/python3.10/site-packages/airflow/example_dags/example_sensors.py
[2025-06-25T22:08:30.089-0400] {logging_mixin.py:188} INFO - [2025-06-25T22:08:30.089-0400] {dag.py:3096} INFO - Sync 1 DAGs
[2025-06-25T22:08:30.093-0400] {logging_mixin.py:188} INFO - [2025-06-25T22:08:30.093-0400] {dag.py:3954} INFO - Setting next_dagrun for example_sensors to None, run_after=None
[2025-06-25T22:08:30.102-0400] {processor.py:183} INFO - Processing /opt/anaconda3/envs/airflow_env/lib/python3.10/site-packages/airflow/example_dags/example_sensors.py took 0.069 seconds
[2025-06-25T22:09:34.135-0400] {processor.py:161} INFO - Started process (PID=74434) to work on /opt/anaconda3/envs/airflow_env/lib/python3.10/site-packages/airflow/example_dags/example_sensors.py
[2025-06-25T22:09:34.136-0400] {processor.py:830} INFO - Processing file /opt/anaconda3/envs/airflow_env/lib/python3.10/site-packages/airflow/example_dags/example_sensors.py for tasks to queue
[2025-06-25T22:09:34.136-0400] {logging_mixin.py:188} INFO - [2025-06-25T22:09:34.136-0400] {dagbag.py:545} INFO - Filling up the DagBag from /opt/anaconda3/envs/airflow_env/lib/python3.10/site-packages/airflow/example_dags/example_sensors.py
[2025-06-25T22:09:34.141-0400] {processor.py:840} INFO - DAG(s) 'example_sensors' retrieved from /opt/anaconda3/envs/airflow_env/lib/python3.10/site-packages/airflow/example_dags/example_sensors.py
[2025-06-25T22:09:34.178-0400] {logging_mixin.py:188} INFO - [2025-06-25T22:09:34.178-0400] {dag.py:3096} INFO - Sync 1 DAGs
[2025-06-25T22:09:34.181-0400] {logging_mixin.py:188} INFO - [2025-06-25T22:09:34.181-0400] {dag.py:3954} INFO - Setting next_dagrun for example_sensors to None, run_after=None
[2025-06-25T22:09:34.187-0400] {processor.py:183} INFO - Processing /opt/anaconda3/envs/airflow_env/lib/python3.10/site-packages/airflow/example_dags/example_sensors.py took 0.054 seconds
[2025-06-25T22:10:09.533-0400] {processor.py:161} INFO - Started process (PID=74482) to work on /opt/anaconda3/envs/airflow_env/lib/python3.10/site-packages/airflow/example_dags/example_sensors.py
[2025-06-25T22:10:09.534-0400] {processor.py:830} INFO - Processing file /opt/anaconda3/envs/airflow_env/lib/python3.10/site-packages/airflow/example_dags/example_sensors.py for tasks to queue
[2025-06-25T22:10:09.534-0400] {logging_mixin.py:188} INFO - [2025-06-25T22:10:09.534-0400] {dagbag.py:545} INFO - Filling up the DagBag from /opt/anaconda3/envs/airflow_env/lib/python3.10/site-packages/airflow/example_dags/example_sensors.py
[2025-06-25T22:10:09.539-0400] {processor.py:840} INFO - DAG(s) 'example_sensors' retrieved from /opt/anaconda3/envs/airflow_env/lib/python3.10/site-packages/airflow/example_dags/example_sensors.py
[2025-06-25T22:10:09.582-0400] {logging_mixin.py:188} INFO - [2025-06-25T22:10:09.582-0400] {dag.py:3096} INFO - Sync 1 DAGs
[2025-06-25T22:10:09.586-0400] {logging_mixin.py:188} INFO - [2025-06-25T22:10:09.586-0400] {dag.py:3954} INFO - Setting next_dagrun for example_sensors to None, run_after=None
[2025-06-25T22:10:09.595-0400] {processor.py:183} INFO - Processing /opt/anaconda3/envs/airflow_env/lib/python3.10/site-packages/airflow/example_dags/example_sensors.py took 0.064 seconds
[2025-06-25T22:11:16.776-0400] {processor.py:161} INFO - Started process (PID=74575) to work on /opt/anaconda3/envs/airflow_env/lib/python3.10/site-packages/airflow/example_dags/example_sensors.py
[2025-06-25T22:11:16.777-0400] {processor.py:830} INFO - Processing file /opt/anaconda3/envs/airflow_env/lib/python3.10/site-packages/airflow/example_dags/example_sensors.py for tasks to queue
[2025-06-25T22:11:16.777-0400] {logging_mixin.py:188} INFO - [2025-06-25T22:11:16.777-0400] {dagbag.py:545} INFO - Filling up the DagBag from /opt/anaconda3/envs/airflow_env/lib/python3.10/site-packages/airflow/example_dags/example_sensors.py
[2025-06-25T22:11:16.785-0400] {processor.py:840} INFO - DAG(s) 'example_sensors' retrieved from /opt/anaconda3/envs/airflow_env/lib/python3.10/site-packages/airflow/example_dags/example_sensors.py
[2025-06-25T22:11:16.835-0400] {logging_mixin.py:188} INFO - [2025-06-25T22:11:16.835-0400] {dag.py:3096} INFO - Sync 1 DAGs
[2025-06-25T22:11:16.840-0400] {logging_mixin.py:188} INFO - [2025-06-25T22:11:16.840-0400] {dag.py:3954} INFO - Setting next_dagrun for example_sensors to None, run_after=None
[2025-06-25T22:11:16.848-0400] {processor.py:183} INFO - Processing /opt/anaconda3/envs/airflow_env/lib/python3.10/site-packages/airflow/example_dags/example_sensors.py took 0.075 seconds
[2025-06-25T22:12:04.370-0400] {processor.py:161} INFO - Started process (PID=74678) to work on /opt/anaconda3/envs/airflow_env/lib/python3.10/site-packages/airflow/example_dags/example_sensors.py
[2025-06-25T22:12:04.371-0400] {processor.py:830} INFO - Processing file /opt/anaconda3/envs/airflow_env/lib/python3.10/site-packages/airflow/example_dags/example_sensors.py for tasks to queue
[2025-06-25T22:12:04.372-0400] {logging_mixin.py:188} INFO - [2025-06-25T22:12:04.372-0400] {dagbag.py:545} INFO - Filling up the DagBag from /opt/anaconda3/envs/airflow_env/lib/python3.10/site-packages/airflow/example_dags/example_sensors.py
[2025-06-25T22:12:04.378-0400] {processor.py:840} INFO - DAG(s) 'example_sensors' retrieved from /opt/anaconda3/envs/airflow_env/lib/python3.10/site-packages/airflow/example_dags/example_sensors.py
[2025-06-25T22:12:04.422-0400] {logging_mixin.py:188} INFO - [2025-06-25T22:12:04.422-0400] {dag.py:3096} INFO - Sync 1 DAGs
[2025-06-25T22:12:04.425-0400] {logging_mixin.py:188} INFO - [2025-06-25T22:12:04.425-0400] {dag.py:3954} INFO - Setting next_dagrun for example_sensors to None, run_after=None
[2025-06-25T22:12:04.433-0400] {processor.py:183} INFO - Processing /opt/anaconda3/envs/airflow_env/lib/python3.10/site-packages/airflow/example_dags/example_sensors.py took 0.065 seconds
[2025-06-25T22:13:08.318-0400] {processor.py:161} INFO - Started process (PID=74770) to work on /opt/anaconda3/envs/airflow_env/lib/python3.10/site-packages/airflow/example_dags/example_sensors.py
[2025-06-25T22:13:08.319-0400] {processor.py:830} INFO - Processing file /opt/anaconda3/envs/airflow_env/lib/python3.10/site-packages/airflow/example_dags/example_sensors.py for tasks to queue
[2025-06-25T22:13:08.319-0400] {logging_mixin.py:188} INFO - [2025-06-25T22:13:08.319-0400] {dagbag.py:545} INFO - Filling up the DagBag from /opt/anaconda3/envs/airflow_env/lib/python3.10/site-packages/airflow/example_dags/example_sensors.py
[2025-06-25T22:13:08.326-0400] {processor.py:840} INFO - DAG(s) 'example_sensors' retrieved from /opt/anaconda3/envs/airflow_env/lib/python3.10/site-packages/airflow/example_dags/example_sensors.py
[2025-06-25T22:13:08.364-0400] {logging_mixin.py:188} INFO - [2025-06-25T22:13:08.364-0400] {dag.py:3096} INFO - Sync 1 DAGs
[2025-06-25T22:13:08.368-0400] {logging_mixin.py:188} INFO - [2025-06-25T22:13:08.368-0400] {dag.py:3954} INFO - Setting next_dagrun for example_sensors to None, run_after=None
[2025-06-25T22:13:08.374-0400] {processor.py:183} INFO - Processing /opt/anaconda3/envs/airflow_env/lib/python3.10/site-packages/airflow/example_dags/example_sensors.py took 0.058 seconds
[2025-06-25T22:13:56.268-0400] {processor.py:161} INFO - Started process (PID=74837) to work on /opt/anaconda3/envs/airflow_env/lib/python3.10/site-packages/airflow/example_dags/example_sensors.py
[2025-06-25T22:13:56.269-0400] {processor.py:830} INFO - Processing file /opt/anaconda3/envs/airflow_env/lib/python3.10/site-packages/airflow/example_dags/example_sensors.py for tasks to queue
[2025-06-25T22:13:56.269-0400] {logging_mixin.py:188} INFO - [2025-06-25T22:13:56.269-0400] {dagbag.py:545} INFO - Filling up the DagBag from /opt/anaconda3/envs/airflow_env/lib/python3.10/site-packages/airflow/example_dags/example_sensors.py
[2025-06-25T22:13:56.277-0400] {processor.py:840} INFO - DAG(s) 'example_sensors' retrieved from /opt/anaconda3/envs/airflow_env/lib/python3.10/site-packages/airflow/example_dags/example_sensors.py
[2025-06-25T22:13:56.317-0400] {logging_mixin.py:188} INFO - [2025-06-25T22:13:56.317-0400] {dag.py:3096} INFO - Sync 1 DAGs
[2025-06-25T22:13:56.321-0400] {logging_mixin.py:188} INFO - [2025-06-25T22:13:56.321-0400] {dag.py:3954} INFO - Setting next_dagrun for example_sensors to None, run_after=None
[2025-06-25T22:13:56.329-0400] {processor.py:183} INFO - Processing /opt/anaconda3/envs/airflow_env/lib/python3.10/site-packages/airflow/example_dags/example_sensors.py took 0.064 seconds
[2025-06-25T22:14:52.085-0400] {processor.py:161} INFO - Started process (PID=74916) to work on /opt/anaconda3/envs/airflow_env/lib/python3.10/site-packages/airflow/example_dags/example_sensors.py
[2025-06-25T22:14:52.086-0400] {processor.py:830} INFO - Processing file /opt/anaconda3/envs/airflow_env/lib/python3.10/site-packages/airflow/example_dags/example_sensors.py for tasks to queue
[2025-06-25T22:14:52.086-0400] {logging_mixin.py:188} INFO - [2025-06-25T22:14:52.086-0400] {dagbag.py:545} INFO - Filling up the DagBag from /opt/anaconda3/envs/airflow_env/lib/python3.10/site-packages/airflow/example_dags/example_sensors.py
[2025-06-25T22:14:52.093-0400] {processor.py:840} INFO - DAG(s) 'example_sensors' retrieved from /opt/anaconda3/envs/airflow_env/lib/python3.10/site-packages/airflow/example_dags/example_sensors.py
[2025-06-25T22:14:52.138-0400] {logging_mixin.py:188} INFO - [2025-06-25T22:14:52.138-0400] {dag.py:3096} INFO - Sync 1 DAGs
[2025-06-25T22:14:52.141-0400] {logging_mixin.py:188} INFO - [2025-06-25T22:14:52.141-0400] {dag.py:3954} INFO - Setting next_dagrun for example_sensors to None, run_after=None
[2025-06-25T22:14:52.148-0400] {processor.py:183} INFO - Processing /opt/anaconda3/envs/airflow_env/lib/python3.10/site-packages/airflow/example_dags/example_sensors.py took 0.065 seconds
[2025-06-25T22:15:40.064-0400] {processor.py:161} INFO - Started process (PID=74982) to work on /opt/anaconda3/envs/airflow_env/lib/python3.10/site-packages/airflow/example_dags/example_sensors.py
[2025-06-25T22:15:40.065-0400] {processor.py:830} INFO - Processing file /opt/anaconda3/envs/airflow_env/lib/python3.10/site-packages/airflow/example_dags/example_sensors.py for tasks to queue
[2025-06-25T22:15:40.065-0400] {logging_mixin.py:188} INFO - [2025-06-25T22:15:40.065-0400] {dagbag.py:545} INFO - Filling up the DagBag from /opt/anaconda3/envs/airflow_env/lib/python3.10/site-packages/airflow/example_dags/example_sensors.py
[2025-06-25T22:15:40.071-0400] {processor.py:840} INFO - DAG(s) 'example_sensors' retrieved from /opt/anaconda3/envs/airflow_env/lib/python3.10/site-packages/airflow/example_dags/example_sensors.py
[2025-06-25T22:15:40.111-0400] {logging_mixin.py:188} INFO - [2025-06-25T22:15:40.110-0400] {dag.py:3096} INFO - Sync 1 DAGs
[2025-06-25T22:15:40.114-0400] {logging_mixin.py:188} INFO - [2025-06-25T22:15:40.114-0400] {dag.py:3954} INFO - Setting next_dagrun for example_sensors to None, run_after=None
[2025-06-25T22:15:40.120-0400] {processor.py:183} INFO - Processing /opt/anaconda3/envs/airflow_env/lib/python3.10/site-packages/airflow/example_dags/example_sensors.py took 0.059 seconds
[2025-06-25T22:16:40.701-0400] {processor.py:161} INFO - Started process (PID=75067) to work on /opt/anaconda3/envs/airflow_env/lib/python3.10/site-packages/airflow/example_dags/example_sensors.py
[2025-06-25T22:16:40.701-0400] {processor.py:830} INFO - Processing file /opt/anaconda3/envs/airflow_env/lib/python3.10/site-packages/airflow/example_dags/example_sensors.py for tasks to queue
[2025-06-25T22:16:40.702-0400] {logging_mixin.py:188} INFO - [2025-06-25T22:16:40.702-0400] {dagbag.py:545} INFO - Filling up the DagBag from /opt/anaconda3/envs/airflow_env/lib/python3.10/site-packages/airflow/example_dags/example_sensors.py
[2025-06-25T22:16:40.707-0400] {processor.py:840} INFO - DAG(s) 'example_sensors' retrieved from /opt/anaconda3/envs/airflow_env/lib/python3.10/site-packages/airflow/example_dags/example_sensors.py
[2025-06-25T22:16:40.747-0400] {logging_mixin.py:188} INFO - [2025-06-25T22:16:40.747-0400] {dag.py:3096} INFO - Sync 1 DAGs
[2025-06-25T22:16:40.751-0400] {logging_mixin.py:188} INFO - [2025-06-25T22:16:40.751-0400] {dag.py:3954} INFO - Setting next_dagrun for example_sensors to None, run_after=None
[2025-06-25T22:16:40.758-0400] {processor.py:183} INFO - Processing /opt/anaconda3/envs/airflow_env/lib/python3.10/site-packages/airflow/example_dags/example_sensors.py took 0.059 seconds
[2025-06-25T22:17:33.086-0400] {processor.py:161} INFO - Started process (PID=75140) to work on /opt/anaconda3/envs/airflow_env/lib/python3.10/site-packages/airflow/example_dags/example_sensors.py
[2025-06-25T22:17:33.086-0400] {processor.py:830} INFO - Processing file /opt/anaconda3/envs/airflow_env/lib/python3.10/site-packages/airflow/example_dags/example_sensors.py for tasks to queue
[2025-06-25T22:17:33.087-0400] {logging_mixin.py:188} INFO - [2025-06-25T22:17:33.087-0400] {dagbag.py:545} INFO - Filling up the DagBag from /opt/anaconda3/envs/airflow_env/lib/python3.10/site-packages/airflow/example_dags/example_sensors.py
[2025-06-25T22:17:33.094-0400] {processor.py:840} INFO - DAG(s) 'example_sensors' retrieved from /opt/anaconda3/envs/airflow_env/lib/python3.10/site-packages/airflow/example_dags/example_sensors.py
[2025-06-25T22:17:33.145-0400] {logging_mixin.py:188} INFO - [2025-06-25T22:17:33.145-0400] {dag.py:3096} INFO - Sync 1 DAGs
[2025-06-25T22:17:33.149-0400] {logging_mixin.py:188} INFO - [2025-06-25T22:17:33.149-0400] {dag.py:3954} INFO - Setting next_dagrun for example_sensors to None, run_after=None
[2025-06-25T22:17:33.157-0400] {processor.py:183} INFO - Processing /opt/anaconda3/envs/airflow_env/lib/python3.10/site-packages/airflow/example_dags/example_sensors.py took 0.074 seconds
[2025-06-25T22:18:35.662-0400] {processor.py:161} INFO - Started process (PID=75226) to work on /opt/anaconda3/envs/airflow_env/lib/python3.10/site-packages/airflow/example_dags/example_sensors.py
[2025-06-25T22:18:35.663-0400] {processor.py:830} INFO - Processing file /opt/anaconda3/envs/airflow_env/lib/python3.10/site-packages/airflow/example_dags/example_sensors.py for tasks to queue
[2025-06-25T22:18:35.664-0400] {logging_mixin.py:188} INFO - [2025-06-25T22:18:35.664-0400] {dagbag.py:545} INFO - Filling up the DagBag from /opt/anaconda3/envs/airflow_env/lib/python3.10/site-packages/airflow/example_dags/example_sensors.py
[2025-06-25T22:18:35.670-0400] {processor.py:840} INFO - DAG(s) 'example_sensors' retrieved from /opt/anaconda3/envs/airflow_env/lib/python3.10/site-packages/airflow/example_dags/example_sensors.py
[2025-06-25T22:18:35.711-0400] {logging_mixin.py:188} INFO - [2025-06-25T22:18:35.710-0400] {dag.py:3096} INFO - Sync 1 DAGs
[2025-06-25T22:18:35.714-0400] {logging_mixin.py:188} INFO - [2025-06-25T22:18:35.714-0400] {dag.py:3954} INFO - Setting next_dagrun for example_sensors to None, run_after=None
[2025-06-25T22:18:35.722-0400] {processor.py:183} INFO - Processing /opt/anaconda3/envs/airflow_env/lib/python3.10/site-packages/airflow/example_dags/example_sensors.py took 0.061 seconds
[2025-06-25T22:19:33.744-0400] {processor.py:161} INFO - Started process (PID=75303) to work on /opt/anaconda3/envs/airflow_env/lib/python3.10/site-packages/airflow/example_dags/example_sensors.py
[2025-06-25T22:19:33.745-0400] {processor.py:830} INFO - Processing file /opt/anaconda3/envs/airflow_env/lib/python3.10/site-packages/airflow/example_dags/example_sensors.py for tasks to queue
[2025-06-25T22:19:33.745-0400] {logging_mixin.py:188} INFO - [2025-06-25T22:19:33.745-0400] {dagbag.py:545} INFO - Filling up the DagBag from /opt/anaconda3/envs/airflow_env/lib/python3.10/site-packages/airflow/example_dags/example_sensors.py
[2025-06-25T22:19:33.753-0400] {processor.py:840} INFO - DAG(s) 'example_sensors' retrieved from /opt/anaconda3/envs/airflow_env/lib/python3.10/site-packages/airflow/example_dags/example_sensors.py
[2025-06-25T22:19:33.802-0400] {logging_mixin.py:188} INFO - [2025-06-25T22:19:33.802-0400] {dag.py:3096} INFO - Sync 1 DAGs
[2025-06-25T22:19:33.806-0400] {logging_mixin.py:188} INFO - [2025-06-25T22:19:33.806-0400] {dag.py:3954} INFO - Setting next_dagrun for example_sensors to None, run_after=None
[2025-06-25T22:19:33.813-0400] {processor.py:183} INFO - Processing /opt/anaconda3/envs/airflow_env/lib/python3.10/site-packages/airflow/example_dags/example_sensors.py took 0.071 seconds
[2025-06-25T22:20:27.052-0400] {processor.py:161} INFO - Started process (PID=75372) to work on /opt/anaconda3/envs/airflow_env/lib/python3.10/site-packages/airflow/example_dags/example_sensors.py
[2025-06-25T22:20:27.053-0400] {processor.py:830} INFO - Processing file /opt/anaconda3/envs/airflow_env/lib/python3.10/site-packages/airflow/example_dags/example_sensors.py for tasks to queue
[2025-06-25T22:20:27.053-0400] {logging_mixin.py:188} INFO - [2025-06-25T22:20:27.053-0400] {dagbag.py:545} INFO - Filling up the DagBag from /opt/anaconda3/envs/airflow_env/lib/python3.10/site-packages/airflow/example_dags/example_sensors.py
[2025-06-25T22:20:27.059-0400] {processor.py:840} INFO - DAG(s) 'example_sensors' retrieved from /opt/anaconda3/envs/airflow_env/lib/python3.10/site-packages/airflow/example_dags/example_sensors.py
[2025-06-25T22:20:27.100-0400] {logging_mixin.py:188} INFO - [2025-06-25T22:20:27.100-0400] {dag.py:3096} INFO - Sync 1 DAGs
[2025-06-25T22:20:27.103-0400] {logging_mixin.py:188} INFO - [2025-06-25T22:20:27.103-0400] {dag.py:3954} INFO - Setting next_dagrun for example_sensors to None, run_after=None
[2025-06-25T22:20:27.109-0400] {processor.py:183} INFO - Processing /opt/anaconda3/envs/airflow_env/lib/python3.10/site-packages/airflow/example_dags/example_sensors.py took 0.060 seconds
[2025-06-25T22:21:18.123-0400] {processor.py:161} INFO - Started process (PID=75440) to work on /opt/anaconda3/envs/airflow_env/lib/python3.10/site-packages/airflow/example_dags/example_sensors.py
[2025-06-25T22:21:18.124-0400] {processor.py:830} INFO - Processing file /opt/anaconda3/envs/airflow_env/lib/python3.10/site-packages/airflow/example_dags/example_sensors.py for tasks to queue
[2025-06-25T22:21:18.124-0400] {logging_mixin.py:188} INFO - [2025-06-25T22:21:18.124-0400] {dagbag.py:545} INFO - Filling up the DagBag from /opt/anaconda3/envs/airflow_env/lib/python3.10/site-packages/airflow/example_dags/example_sensors.py
[2025-06-25T22:21:18.130-0400] {processor.py:840} INFO - DAG(s) 'example_sensors' retrieved from /opt/anaconda3/envs/airflow_env/lib/python3.10/site-packages/airflow/example_dags/example_sensors.py
[2025-06-25T22:21:18.169-0400] {logging_mixin.py:188} INFO - [2025-06-25T22:21:18.169-0400] {dag.py:3096} INFO - Sync 1 DAGs
[2025-06-25T22:21:18.172-0400] {logging_mixin.py:188} INFO - [2025-06-25T22:21:18.172-0400] {dag.py:3954} INFO - Setting next_dagrun for example_sensors to None, run_after=None
[2025-06-25T22:21:18.179-0400] {processor.py:183} INFO - Processing /opt/anaconda3/envs/airflow_env/lib/python3.10/site-packages/airflow/example_dags/example_sensors.py took 0.058 seconds
[2025-06-25T22:22:12.525-0400] {processor.py:161} INFO - Started process (PID=75562) to work on /opt/anaconda3/envs/airflow_env/lib/python3.10/site-packages/airflow/example_dags/example_sensors.py
[2025-06-25T22:22:12.528-0400] {processor.py:830} INFO - Processing file /opt/anaconda3/envs/airflow_env/lib/python3.10/site-packages/airflow/example_dags/example_sensors.py for tasks to queue
[2025-06-25T22:22:12.528-0400] {logging_mixin.py:188} INFO - [2025-06-25T22:22:12.528-0400] {dagbag.py:545} INFO - Filling up the DagBag from /opt/anaconda3/envs/airflow_env/lib/python3.10/site-packages/airflow/example_dags/example_sensors.py
[2025-06-25T22:22:12.534-0400] {processor.py:840} INFO - DAG(s) 'example_sensors' retrieved from /opt/anaconda3/envs/airflow_env/lib/python3.10/site-packages/airflow/example_dags/example_sensors.py
[2025-06-25T22:22:12.573-0400] {logging_mixin.py:188} INFO - [2025-06-25T22:22:12.573-0400] {dag.py:3096} INFO - Sync 1 DAGs
[2025-06-25T22:22:12.576-0400] {logging_mixin.py:188} INFO - [2025-06-25T22:22:12.576-0400] {dag.py:3954} INFO - Setting next_dagrun for example_sensors to None, run_after=None
[2025-06-25T22:22:12.583-0400] {processor.py:183} INFO - Processing /opt/anaconda3/envs/airflow_env/lib/python3.10/site-packages/airflow/example_dags/example_sensors.py took 0.060 seconds
[2025-06-25T22:23:05.571-0400] {processor.py:161} INFO - Started process (PID=75661) to work on /opt/anaconda3/envs/airflow_env/lib/python3.10/site-packages/airflow/example_dags/example_sensors.py
[2025-06-25T22:23:05.572-0400] {processor.py:830} INFO - Processing file /opt/anaconda3/envs/airflow_env/lib/python3.10/site-packages/airflow/example_dags/example_sensors.py for tasks to queue
[2025-06-25T22:23:05.573-0400] {logging_mixin.py:188} INFO - [2025-06-25T22:23:05.573-0400] {dagbag.py:545} INFO - Filling up the DagBag from /opt/anaconda3/envs/airflow_env/lib/python3.10/site-packages/airflow/example_dags/example_sensors.py
[2025-06-25T22:23:05.582-0400] {processor.py:840} INFO - DAG(s) 'example_sensors' retrieved from /opt/anaconda3/envs/airflow_env/lib/python3.10/site-packages/airflow/example_dags/example_sensors.py
[2025-06-25T22:23:05.630-0400] {logging_mixin.py:188} INFO - [2025-06-25T22:23:05.630-0400] {dag.py:3096} INFO - Sync 1 DAGs
[2025-06-25T22:23:05.634-0400] {logging_mixin.py:188} INFO - [2025-06-25T22:23:05.634-0400] {dag.py:3954} INFO - Setting next_dagrun for example_sensors to None, run_after=None
[2025-06-25T22:23:05.641-0400] {processor.py:183} INFO - Processing /opt/anaconda3/envs/airflow_env/lib/python3.10/site-packages/airflow/example_dags/example_sensors.py took 0.073 seconds
[2025-06-25T22:23:57.657-0400] {processor.py:161} INFO - Started process (PID=75740) to work on /opt/anaconda3/envs/airflow_env/lib/python3.10/site-packages/airflow/example_dags/example_sensors.py
[2025-06-25T22:23:57.660-0400] {processor.py:830} INFO - Processing file /opt/anaconda3/envs/airflow_env/lib/python3.10/site-packages/airflow/example_dags/example_sensors.py for tasks to queue
[2025-06-25T22:23:57.660-0400] {logging_mixin.py:188} INFO - [2025-06-25T22:23:57.660-0400] {dagbag.py:545} INFO - Filling up the DagBag from /opt/anaconda3/envs/airflow_env/lib/python3.10/site-packages/airflow/example_dags/example_sensors.py
[2025-06-25T22:23:57.669-0400] {processor.py:840} INFO - DAG(s) 'example_sensors' retrieved from /opt/anaconda3/envs/airflow_env/lib/python3.10/site-packages/airflow/example_dags/example_sensors.py
[2025-06-25T22:23:57.715-0400] {logging_mixin.py:188} INFO - [2025-06-25T22:23:57.715-0400] {dag.py:3096} INFO - Sync 1 DAGs
[2025-06-25T22:23:57.718-0400] {logging_mixin.py:188} INFO - [2025-06-25T22:23:57.718-0400] {dag.py:3954} INFO - Setting next_dagrun for example_sensors to None, run_after=None
[2025-06-25T22:23:57.725-0400] {processor.py:183} INFO - Processing /opt/anaconda3/envs/airflow_env/lib/python3.10/site-packages/airflow/example_dags/example_sensors.py took 0.071 seconds
[2025-06-25T22:25:06.827-0400] {processor.py:161} INFO - Started process (PID=75841) to work on /opt/anaconda3/envs/airflow_env/lib/python3.10/site-packages/airflow/example_dags/example_sensors.py
[2025-06-25T22:25:06.828-0400] {processor.py:830} INFO - Processing file /opt/anaconda3/envs/airflow_env/lib/python3.10/site-packages/airflow/example_dags/example_sensors.py for tasks to queue
[2025-06-25T22:25:06.828-0400] {logging_mixin.py:188} INFO - [2025-06-25T22:25:06.828-0400] {dagbag.py:545} INFO - Filling up the DagBag from /opt/anaconda3/envs/airflow_env/lib/python3.10/site-packages/airflow/example_dags/example_sensors.py
[2025-06-25T22:25:06.835-0400] {processor.py:840} INFO - DAG(s) 'example_sensors' retrieved from /opt/anaconda3/envs/airflow_env/lib/python3.10/site-packages/airflow/example_dags/example_sensors.py
[2025-06-25T22:25:06.880-0400] {logging_mixin.py:188} INFO - [2025-06-25T22:25:06.880-0400] {dag.py:3096} INFO - Sync 1 DAGs
[2025-06-25T22:25:06.884-0400] {logging_mixin.py:188} INFO - [2025-06-25T22:25:06.884-0400] {dag.py:3954} INFO - Setting next_dagrun for example_sensors to None, run_after=None
[2025-06-25T22:25:06.891-0400] {processor.py:183} INFO - Processing /opt/anaconda3/envs/airflow_env/lib/python3.10/site-packages/airflow/example_dags/example_sensors.py took 0.067 seconds
[2025-06-25T22:25:44.477-0400] {processor.py:161} INFO - Started process (PID=75904) to work on /opt/anaconda3/envs/airflow_env/lib/python3.10/site-packages/airflow/example_dags/example_sensors.py
[2025-06-25T22:25:44.477-0400] {processor.py:830} INFO - Processing file /opt/anaconda3/envs/airflow_env/lib/python3.10/site-packages/airflow/example_dags/example_sensors.py for tasks to queue
[2025-06-25T22:25:44.478-0400] {logging_mixin.py:188} INFO - [2025-06-25T22:25:44.478-0400] {dagbag.py:545} INFO - Filling up the DagBag from /opt/anaconda3/envs/airflow_env/lib/python3.10/site-packages/airflow/example_dags/example_sensors.py
[2025-06-25T22:25:44.484-0400] {processor.py:840} INFO - DAG(s) 'example_sensors' retrieved from /opt/anaconda3/envs/airflow_env/lib/python3.10/site-packages/airflow/example_dags/example_sensors.py
[2025-06-25T22:25:44.524-0400] {logging_mixin.py:188} INFO - [2025-06-25T22:25:44.524-0400] {dag.py:3096} INFO - Sync 1 DAGs
[2025-06-25T22:25:44.527-0400] {logging_mixin.py:188} INFO - [2025-06-25T22:25:44.527-0400] {dag.py:3954} INFO - Setting next_dagrun for example_sensors to None, run_after=None
[2025-06-25T22:25:44.535-0400] {processor.py:183} INFO - Processing /opt/anaconda3/envs/airflow_env/lib/python3.10/site-packages/airflow/example_dags/example_sensors.py took 0.060 seconds
[2025-06-25T22:26:49.124-0400] {processor.py:161} INFO - Started process (PID=76004) to work on /opt/anaconda3/envs/airflow_env/lib/python3.10/site-packages/airflow/example_dags/example_sensors.py
[2025-06-25T22:26:49.125-0400] {processor.py:830} INFO - Processing file /opt/anaconda3/envs/airflow_env/lib/python3.10/site-packages/airflow/example_dags/example_sensors.py for tasks to queue
[2025-06-25T22:26:49.125-0400] {logging_mixin.py:188} INFO - [2025-06-25T22:26:49.125-0400] {dagbag.py:545} INFO - Filling up the DagBag from /opt/anaconda3/envs/airflow_env/lib/python3.10/site-packages/airflow/example_dags/example_sensors.py
[2025-06-25T22:26:49.131-0400] {processor.py:840} INFO - DAG(s) 'example_sensors' retrieved from /opt/anaconda3/envs/airflow_env/lib/python3.10/site-packages/airflow/example_dags/example_sensors.py
[2025-06-25T22:26:49.172-0400] {logging_mixin.py:188} INFO - [2025-06-25T22:26:49.172-0400] {dag.py:3096} INFO - Sync 1 DAGs
[2025-06-25T22:26:49.175-0400] {logging_mixin.py:188} INFO - [2025-06-25T22:26:49.175-0400] {dag.py:3954} INFO - Setting next_dagrun for example_sensors to None, run_after=None
[2025-06-25T22:26:49.181-0400] {processor.py:183} INFO - Processing /opt/anaconda3/envs/airflow_env/lib/python3.10/site-packages/airflow/example_dags/example_sensors.py took 0.059 seconds
[2025-06-25T22:27:20.397-0400] {processor.py:161} INFO - Started process (PID=76053) to work on /opt/anaconda3/envs/airflow_env/lib/python3.10/site-packages/airflow/example_dags/example_sensors.py
[2025-06-25T22:27:20.398-0400] {processor.py:830} INFO - Processing file /opt/anaconda3/envs/airflow_env/lib/python3.10/site-packages/airflow/example_dags/example_sensors.py for tasks to queue
[2025-06-25T22:27:20.398-0400] {logging_mixin.py:188} INFO - [2025-06-25T22:27:20.398-0400] {dagbag.py:545} INFO - Filling up the DagBag from /opt/anaconda3/envs/airflow_env/lib/python3.10/site-packages/airflow/example_dags/example_sensors.py
[2025-06-25T22:27:20.403-0400] {processor.py:840} INFO - DAG(s) 'example_sensors' retrieved from /opt/anaconda3/envs/airflow_env/lib/python3.10/site-packages/airflow/example_dags/example_sensors.py
[2025-06-25T22:27:20.443-0400] {logging_mixin.py:188} INFO - [2025-06-25T22:27:20.442-0400] {dag.py:3096} INFO - Sync 1 DAGs
[2025-06-25T22:27:20.446-0400] {logging_mixin.py:188} INFO - [2025-06-25T22:27:20.446-0400] {dag.py:3954} INFO - Setting next_dagrun for example_sensors to None, run_after=None
[2025-06-25T22:27:20.452-0400] {processor.py:183} INFO - Processing /opt/anaconda3/envs/airflow_env/lib/python3.10/site-packages/airflow/example_dags/example_sensors.py took 0.056 seconds
[2025-06-25T22:28:29.452-0400] {processor.py:161} INFO - Started process (PID=76167) to work on /opt/anaconda3/envs/airflow_env/lib/python3.10/site-packages/airflow/example_dags/example_sensors.py
[2025-06-25T22:28:29.454-0400] {processor.py:830} INFO - Processing file /opt/anaconda3/envs/airflow_env/lib/python3.10/site-packages/airflow/example_dags/example_sensors.py for tasks to queue
[2025-06-25T22:28:29.454-0400] {logging_mixin.py:188} INFO - [2025-06-25T22:28:29.454-0400] {dagbag.py:545} INFO - Filling up the DagBag from /opt/anaconda3/envs/airflow_env/lib/python3.10/site-packages/airflow/example_dags/example_sensors.py
[2025-06-25T22:28:29.462-0400] {processor.py:840} INFO - DAG(s) 'example_sensors' retrieved from /opt/anaconda3/envs/airflow_env/lib/python3.10/site-packages/airflow/example_dags/example_sensors.py
[2025-06-25T22:28:29.504-0400] {logging_mixin.py:188} INFO - [2025-06-25T22:28:29.504-0400] {dag.py:3096} INFO - Sync 1 DAGs
[2025-06-25T22:28:29.508-0400] {logging_mixin.py:188} INFO - [2025-06-25T22:28:29.508-0400] {dag.py:3954} INFO - Setting next_dagrun for example_sensors to None, run_after=None
[2025-06-25T22:28:29.514-0400] {processor.py:183} INFO - Processing /opt/anaconda3/envs/airflow_env/lib/python3.10/site-packages/airflow/example_dags/example_sensors.py took 0.066 seconds
[2025-06-25T22:29:01.629-0400] {processor.py:161} INFO - Started process (PID=76232) to work on /opt/anaconda3/envs/airflow_env/lib/python3.10/site-packages/airflow/example_dags/example_sensors.py
[2025-06-25T22:29:01.631-0400] {processor.py:830} INFO - Processing file /opt/anaconda3/envs/airflow_env/lib/python3.10/site-packages/airflow/example_dags/example_sensors.py for tasks to queue
[2025-06-25T22:29:01.631-0400] {logging_mixin.py:188} INFO - [2025-06-25T22:29:01.631-0400] {dagbag.py:545} INFO - Filling up the DagBag from /opt/anaconda3/envs/airflow_env/lib/python3.10/site-packages/airflow/example_dags/example_sensors.py
[2025-06-25T22:29:01.637-0400] {processor.py:840} INFO - DAG(s) 'example_sensors' retrieved from /opt/anaconda3/envs/airflow_env/lib/python3.10/site-packages/airflow/example_dags/example_sensors.py
[2025-06-25T22:29:01.725-0400] {logging_mixin.py:188} INFO - [2025-06-25T22:29:01.725-0400] {dag.py:3096} INFO - Sync 1 DAGs
[2025-06-25T22:29:01.728-0400] {logging_mixin.py:188} INFO - [2025-06-25T22:29:01.728-0400] {dag.py:3954} INFO - Setting next_dagrun for example_sensors to None, run_after=None
[2025-06-25T22:29:01.736-0400] {processor.py:183} INFO - Processing /opt/anaconda3/envs/airflow_env/lib/python3.10/site-packages/airflow/example_dags/example_sensors.py took 0.109 seconds
[2025-06-25T22:30:20.476-0400] {processor.py:161} INFO - Started process (PID=76364) to work on /opt/anaconda3/envs/airflow_env/lib/python3.10/site-packages/airflow/example_dags/example_sensors.py
[2025-06-25T22:30:20.477-0400] {processor.py:830} INFO - Processing file /opt/anaconda3/envs/airflow_env/lib/python3.10/site-packages/airflow/example_dags/example_sensors.py for tasks to queue
[2025-06-25T22:30:20.477-0400] {logging_mixin.py:188} INFO - [2025-06-25T22:30:20.477-0400] {dagbag.py:545} INFO - Filling up the DagBag from /opt/anaconda3/envs/airflow_env/lib/python3.10/site-packages/airflow/example_dags/example_sensors.py
[2025-06-25T22:30:20.483-0400] {processor.py:840} INFO - DAG(s) 'example_sensors' retrieved from /opt/anaconda3/envs/airflow_env/lib/python3.10/site-packages/airflow/example_dags/example_sensors.py
[2025-06-25T22:30:20.525-0400] {logging_mixin.py:188} INFO - [2025-06-25T22:30:20.525-0400] {dag.py:3096} INFO - Sync 1 DAGs
[2025-06-25T22:30:20.528-0400] {logging_mixin.py:188} INFO - [2025-06-25T22:30:20.528-0400] {dag.py:3954} INFO - Setting next_dagrun for example_sensors to None, run_after=None
[2025-06-25T22:30:20.535-0400] {processor.py:183} INFO - Processing /opt/anaconda3/envs/airflow_env/lib/python3.10/site-packages/airflow/example_dags/example_sensors.py took 0.061 seconds
[2025-06-25T22:30:50.652-0400] {processor.py:161} INFO - Started process (PID=76418) to work on /opt/anaconda3/envs/airflow_env/lib/python3.10/site-packages/airflow/example_dags/example_sensors.py
[2025-06-25T22:30:50.654-0400] {processor.py:830} INFO - Processing file /opt/anaconda3/envs/airflow_env/lib/python3.10/site-packages/airflow/example_dags/example_sensors.py for tasks to queue
[2025-06-25T22:30:50.654-0400] {logging_mixin.py:188} INFO - [2025-06-25T22:30:50.654-0400] {dagbag.py:545} INFO - Filling up the DagBag from /opt/anaconda3/envs/airflow_env/lib/python3.10/site-packages/airflow/example_dags/example_sensors.py
[2025-06-25T22:30:50.660-0400] {processor.py:840} INFO - DAG(s) 'example_sensors' retrieved from /opt/anaconda3/envs/airflow_env/lib/python3.10/site-packages/airflow/example_dags/example_sensors.py
[2025-06-25T22:30:50.704-0400] {logging_mixin.py:188} INFO - [2025-06-25T22:30:50.704-0400] {dag.py:3096} INFO - Sync 1 DAGs
[2025-06-25T22:30:50.707-0400] {logging_mixin.py:188} INFO - [2025-06-25T22:30:50.707-0400] {dag.py:3954} INFO - Setting next_dagrun for example_sensors to None, run_after=None
[2025-06-25T22:30:50.714-0400] {processor.py:183} INFO - Processing /opt/anaconda3/envs/airflow_env/lib/python3.10/site-packages/airflow/example_dags/example_sensors.py took 0.063 seconds
[2025-06-25T22:32:04.813-0400] {processor.py:161} INFO - Started process (PID=76546) to work on /opt/anaconda3/envs/airflow_env/lib/python3.10/site-packages/airflow/example_dags/example_sensors.py
[2025-06-25T22:32:04.813-0400] {processor.py:830} INFO - Processing file /opt/anaconda3/envs/airflow_env/lib/python3.10/site-packages/airflow/example_dags/example_sensors.py for tasks to queue
[2025-06-25T22:32:04.813-0400] {logging_mixin.py:188} INFO - [2025-06-25T22:32:04.813-0400] {dagbag.py:545} INFO - Filling up the DagBag from /opt/anaconda3/envs/airflow_env/lib/python3.10/site-packages/airflow/example_dags/example_sensors.py
[2025-06-25T22:32:04.818-0400] {processor.py:840} INFO - DAG(s) 'example_sensors' retrieved from /opt/anaconda3/envs/airflow_env/lib/python3.10/site-packages/airflow/example_dags/example_sensors.py
[2025-06-25T22:32:04.858-0400] {logging_mixin.py:188} INFO - [2025-06-25T22:32:04.858-0400] {dag.py:3096} INFO - Sync 1 DAGs
[2025-06-25T22:32:04.861-0400] {logging_mixin.py:188} INFO - [2025-06-25T22:32:04.861-0400] {dag.py:3954} INFO - Setting next_dagrun for example_sensors to None, run_after=None
[2025-06-25T22:32:04.868-0400] {processor.py:183} INFO - Processing /opt/anaconda3/envs/airflow_env/lib/python3.10/site-packages/airflow/example_dags/example_sensors.py took 0.057 seconds
