[2025-06-25T20:00:10.820-0400] {processor.py:161} INFO - Started process (PID=54271) to work on /opt/anaconda3/envs/airflow_env/lib/python3.10/site-packages/airflow/example_dags/example_branch_operator_decorator.py
[2025-06-25T20:00:10.821-0400] {processor.py:830} INFO - Processing file /opt/anaconda3/envs/airflow_env/lib/python3.10/site-packages/airflow/example_dags/example_branch_operator_decorator.py for tasks to queue
[2025-06-25T20:00:10.821-0400] {logging_mixin.py:188} INFO - [2025-06-25T20:00:10.821-0400] {dagbag.py:545} INFO - Filling up the DagBag from /opt/anaconda3/envs/airflow_env/lib/python3.10/site-packages/airflow/example_dags/example_branch_operator_decorator.py
[2025-06-25T20:00:10.840-0400] {processor.py:840} INFO - DAG(s) 'example_branch_python_operator_decorator' retrieved from /opt/anaconda3/envs/airflow_env/lib/python3.10/site-packages/airflow/example_dags/example_branch_operator_decorator.py
[2025-06-25T20:00:10.929-0400] {logging_mixin.py:188} INFO - [2025-06-25T20:00:10.929-0400] {dag.py:3096} INFO - Sync 1 DAGs
[2025-06-25T20:00:10.936-0400] {logging_mixin.py:188} INFO - [2025-06-25T20:00:10.936-0400] {dag.py:3954} INFO - Setting next_dagrun for example_branch_python_operator_decorator to 2025-06-25 00:00:00+00:00, run_after=2025-06-26 00:00:00+00:00
[2025-06-25T20:00:10.943-0400] {processor.py:183} INFO - Processing /opt/anaconda3/envs/airflow_env/lib/python3.10/site-packages/airflow/example_dags/example_branch_operator_decorator.py took 0.124 seconds
[2025-06-25T20:01:59.068-0400] {processor.py:161} INFO - Started process (PID=59607) to work on /opt/anaconda3/envs/airflow_env/lib/python3.10/site-packages/airflow/example_dags/example_branch_operator_decorator.py
[2025-06-25T20:01:59.069-0400] {processor.py:830} INFO - Processing file /opt/anaconda3/envs/airflow_env/lib/python3.10/site-packages/airflow/example_dags/example_branch_operator_decorator.py for tasks to queue
[2025-06-25T20:01:59.070-0400] {logging_mixin.py:188} INFO - [2025-06-25T20:01:59.069-0400] {dagbag.py:545} INFO - Filling up the DagBag from /opt/anaconda3/envs/airflow_env/lib/python3.10/site-packages/airflow/example_dags/example_branch_operator_decorator.py
[2025-06-25T20:01:59.094-0400] {processor.py:840} INFO - DAG(s) 'example_branch_python_operator_decorator' retrieved from /opt/anaconda3/envs/airflow_env/lib/python3.10/site-packages/airflow/example_dags/example_branch_operator_decorator.py
[2025-06-25T20:01:59.203-0400] {logging_mixin.py:188} INFO - [2025-06-25T20:01:59.203-0400] {dag.py:3096} INFO - Sync 1 DAGs
[2025-06-25T20:01:59.211-0400] {logging_mixin.py:188} INFO - [2025-06-25T20:01:59.211-0400] {dag.py:3954} INFO - Setting next_dagrun for example_branch_python_operator_decorator to 2025-06-25 00:00:00+00:00, run_after=2025-06-26 00:00:00+00:00
[2025-06-25T20:01:59.223-0400] {processor.py:183} INFO - Processing /opt/anaconda3/envs/airflow_env/lib/python3.10/site-packages/airflow/example_dags/example_branch_operator_decorator.py took 0.158 seconds
[2025-06-25T20:03:30.203-0400] {processor.py:161} INFO - Started process (PID=60017) to work on /opt/anaconda3/envs/airflow_env/lib/python3.10/site-packages/airflow/example_dags/example_branch_operator_decorator.py
[2025-06-25T20:03:30.204-0400] {processor.py:830} INFO - Processing file /opt/anaconda3/envs/airflow_env/lib/python3.10/site-packages/airflow/example_dags/example_branch_operator_decorator.py for tasks to queue
[2025-06-25T20:03:30.204-0400] {logging_mixin.py:188} INFO - [2025-06-25T20:03:30.204-0400] {dagbag.py:545} INFO - Filling up the DagBag from /opt/anaconda3/envs/airflow_env/lib/python3.10/site-packages/airflow/example_dags/example_branch_operator_decorator.py
[2025-06-25T20:03:30.223-0400] {processor.py:840} INFO - DAG(s) 'example_branch_python_operator_decorator' retrieved from /opt/anaconda3/envs/airflow_env/lib/python3.10/site-packages/airflow/example_dags/example_branch_operator_decorator.py
[2025-06-25T20:03:30.308-0400] {logging_mixin.py:188} INFO - [2025-06-25T20:03:30.307-0400] {dag.py:3096} INFO - Sync 1 DAGs
[2025-06-25T20:03:30.314-0400] {logging_mixin.py:188} INFO - [2025-06-25T20:03:30.314-0400] {dag.py:3954} INFO - Setting next_dagrun for example_branch_python_operator_decorator to 2025-06-25 00:00:00+00:00, run_after=2025-06-26 00:00:00+00:00
[2025-06-25T20:03:30.321-0400] {processor.py:183} INFO - Processing /opt/anaconda3/envs/airflow_env/lib/python3.10/site-packages/airflow/example_dags/example_branch_operator_decorator.py took 0.119 seconds
[2025-06-25T20:05:33.842-0400] {processor.py:161} INFO - Started process (PID=60777) to work on /opt/anaconda3/envs/airflow_env/lib/python3.10/site-packages/airflow/example_dags/example_branch_operator_decorator.py
[2025-06-25T20:05:33.843-0400] {processor.py:830} INFO - Processing file /opt/anaconda3/envs/airflow_env/lib/python3.10/site-packages/airflow/example_dags/example_branch_operator_decorator.py for tasks to queue
[2025-06-25T20:05:33.843-0400] {logging_mixin.py:188} INFO - [2025-06-25T20:05:33.843-0400] {dagbag.py:545} INFO - Filling up the DagBag from /opt/anaconda3/envs/airflow_env/lib/python3.10/site-packages/airflow/example_dags/example_branch_operator_decorator.py
[2025-06-25T20:05:33.862-0400] {processor.py:840} INFO - DAG(s) 'example_branch_python_operator_decorator' retrieved from /opt/anaconda3/envs/airflow_env/lib/python3.10/site-packages/airflow/example_dags/example_branch_operator_decorator.py
[2025-06-25T20:05:33.949-0400] {logging_mixin.py:188} INFO - [2025-06-25T20:05:33.949-0400] {dag.py:3096} INFO - Sync 1 DAGs
[2025-06-25T20:05:33.956-0400] {logging_mixin.py:188} INFO - [2025-06-25T20:05:33.956-0400] {dag.py:3954} INFO - Setting next_dagrun for example_branch_python_operator_decorator to 2025-06-25 00:00:00+00:00, run_after=2025-06-26 00:00:00+00:00
[2025-06-25T20:05:33.965-0400] {processor.py:183} INFO - Processing /opt/anaconda3/envs/airflow_env/lib/python3.10/site-packages/airflow/example_dags/example_branch_operator_decorator.py took 0.125 seconds
[2025-06-25T20:06:36.657-0400] {processor.py:161} INFO - Started process (PID=60909) to work on /opt/anaconda3/envs/airflow_env/lib/python3.10/site-packages/airflow/example_dags/example_branch_operator_decorator.py
[2025-06-25T20:06:36.657-0400] {processor.py:830} INFO - Processing file /opt/anaconda3/envs/airflow_env/lib/python3.10/site-packages/airflow/example_dags/example_branch_operator_decorator.py for tasks to queue
[2025-06-25T20:06:36.657-0400] {logging_mixin.py:188} INFO - [2025-06-25T20:06:36.657-0400] {dagbag.py:545} INFO - Filling up the DagBag from /opt/anaconda3/envs/airflow_env/lib/python3.10/site-packages/airflow/example_dags/example_branch_operator_decorator.py
[2025-06-25T20:06:36.675-0400] {processor.py:840} INFO - DAG(s) 'example_branch_python_operator_decorator' retrieved from /opt/anaconda3/envs/airflow_env/lib/python3.10/site-packages/airflow/example_dags/example_branch_operator_decorator.py
[2025-06-25T20:06:36.757-0400] {logging_mixin.py:188} INFO - [2025-06-25T20:06:36.757-0400] {dag.py:3096} INFO - Sync 1 DAGs
[2025-06-25T20:06:36.763-0400] {logging_mixin.py:188} INFO - [2025-06-25T20:06:36.763-0400] {dag.py:3954} INFO - Setting next_dagrun for example_branch_python_operator_decorator to 2025-06-25 00:00:00+00:00, run_after=2025-06-26 00:00:00+00:00
[2025-06-25T20:06:36.771-0400] {processor.py:183} INFO - Processing /opt/anaconda3/envs/airflow_env/lib/python3.10/site-packages/airflow/example_dags/example_branch_operator_decorator.py took 0.116 seconds
[2025-06-25T20:07:40.381-0400] {processor.py:161} INFO - Started process (PID=61095) to work on /opt/anaconda3/envs/airflow_env/lib/python3.10/site-packages/airflow/example_dags/example_branch_operator_decorator.py
[2025-06-25T20:07:40.381-0400] {processor.py:830} INFO - Processing file /opt/anaconda3/envs/airflow_env/lib/python3.10/site-packages/airflow/example_dags/example_branch_operator_decorator.py for tasks to queue
[2025-06-25T20:07:40.381-0400] {logging_mixin.py:188} INFO - [2025-06-25T20:07:40.381-0400] {dagbag.py:545} INFO - Filling up the DagBag from /opt/anaconda3/envs/airflow_env/lib/python3.10/site-packages/airflow/example_dags/example_branch_operator_decorator.py
[2025-06-25T20:07:40.400-0400] {processor.py:840} INFO - DAG(s) 'example_branch_python_operator_decorator' retrieved from /opt/anaconda3/envs/airflow_env/lib/python3.10/site-packages/airflow/example_dags/example_branch_operator_decorator.py
[2025-06-25T20:07:40.487-0400] {logging_mixin.py:188} INFO - [2025-06-25T20:07:40.487-0400] {dag.py:3096} INFO - Sync 1 DAGs
[2025-06-25T20:07:40.493-0400] {logging_mixin.py:188} INFO - [2025-06-25T20:07:40.493-0400] {dag.py:3954} INFO - Setting next_dagrun for example_branch_python_operator_decorator to 2025-06-25 00:00:00+00:00, run_after=2025-06-26 00:00:00+00:00
[2025-06-25T20:07:40.500-0400] {processor.py:183} INFO - Processing /opt/anaconda3/envs/airflow_env/lib/python3.10/site-packages/airflow/example_dags/example_branch_operator_decorator.py took 0.121 seconds
[2025-06-25T20:08:46.399-0400] {processor.py:161} INFO - Started process (PID=61282) to work on /opt/anaconda3/envs/airflow_env/lib/python3.10/site-packages/airflow/example_dags/example_branch_operator_decorator.py
[2025-06-25T20:08:46.399-0400] {processor.py:830} INFO - Processing file /opt/anaconda3/envs/airflow_env/lib/python3.10/site-packages/airflow/example_dags/example_branch_operator_decorator.py for tasks to queue
[2025-06-25T20:08:46.399-0400] {logging_mixin.py:188} INFO - [2025-06-25T20:08:46.399-0400] {dagbag.py:545} INFO - Filling up the DagBag from /opt/anaconda3/envs/airflow_env/lib/python3.10/site-packages/airflow/example_dags/example_branch_operator_decorator.py
[2025-06-25T20:08:46.419-0400] {processor.py:840} INFO - DAG(s) 'example_branch_python_operator_decorator' retrieved from /opt/anaconda3/envs/airflow_env/lib/python3.10/site-packages/airflow/example_dags/example_branch_operator_decorator.py
[2025-06-25T20:08:46.521-0400] {logging_mixin.py:188} INFO - [2025-06-25T20:08:46.521-0400] {dag.py:3096} INFO - Sync 1 DAGs
[2025-06-25T20:08:46.527-0400] {logging_mixin.py:188} INFO - [2025-06-25T20:08:46.527-0400] {dag.py:3954} INFO - Setting next_dagrun for example_branch_python_operator_decorator to 2025-06-25 00:00:00+00:00, run_after=2025-06-26 00:00:00+00:00
[2025-06-25T20:08:46.534-0400] {processor.py:183} INFO - Processing /opt/anaconda3/envs/airflow_env/lib/python3.10/site-packages/airflow/example_dags/example_branch_operator_decorator.py took 0.137 seconds
[2025-06-25T20:10:04.835-0400] {processor.py:161} INFO - Started process (PID=61453) to work on /opt/anaconda3/envs/airflow_env/lib/python3.10/site-packages/airflow/example_dags/example_branch_operator_decorator.py
[2025-06-25T20:10:04.836-0400] {processor.py:830} INFO - Processing file /opt/anaconda3/envs/airflow_env/lib/python3.10/site-packages/airflow/example_dags/example_branch_operator_decorator.py for tasks to queue
[2025-06-25T20:10:04.836-0400] {logging_mixin.py:188} INFO - [2025-06-25T20:10:04.836-0400] {dagbag.py:545} INFO - Filling up the DagBag from /opt/anaconda3/envs/airflow_env/lib/python3.10/site-packages/airflow/example_dags/example_branch_operator_decorator.py
[2025-06-25T20:10:04.855-0400] {processor.py:840} INFO - DAG(s) 'example_branch_python_operator_decorator' retrieved from /opt/anaconda3/envs/airflow_env/lib/python3.10/site-packages/airflow/example_dags/example_branch_operator_decorator.py
[2025-06-25T20:10:04.944-0400] {logging_mixin.py:188} INFO - [2025-06-25T20:10:04.944-0400] {dag.py:3096} INFO - Sync 1 DAGs
[2025-06-25T20:10:04.950-0400] {logging_mixin.py:188} INFO - [2025-06-25T20:10:04.950-0400] {dag.py:3954} INFO - Setting next_dagrun for example_branch_python_operator_decorator to 2025-06-25 00:00:00+00:00, run_after=2025-06-26 00:00:00+00:00
[2025-06-25T20:10:04.957-0400] {processor.py:183} INFO - Processing /opt/anaconda3/envs/airflow_env/lib/python3.10/site-packages/airflow/example_dags/example_branch_operator_decorator.py took 0.123 seconds
[2025-06-25T20:11:04.150-0400] {processor.py:161} INFO - Started process (PID=61587) to work on /opt/anaconda3/envs/airflow_env/lib/python3.10/site-packages/airflow/example_dags/example_branch_operator_decorator.py
[2025-06-25T20:11:04.150-0400] {processor.py:830} INFO - Processing file /opt/anaconda3/envs/airflow_env/lib/python3.10/site-packages/airflow/example_dags/example_branch_operator_decorator.py for tasks to queue
[2025-06-25T20:11:04.151-0400] {logging_mixin.py:188} INFO - [2025-06-25T20:11:04.151-0400] {dagbag.py:545} INFO - Filling up the DagBag from /opt/anaconda3/envs/airflow_env/lib/python3.10/site-packages/airflow/example_dags/example_branch_operator_decorator.py
[2025-06-25T20:11:04.174-0400] {processor.py:840} INFO - DAG(s) 'example_branch_python_operator_decorator' retrieved from /opt/anaconda3/envs/airflow_env/lib/python3.10/site-packages/airflow/example_dags/example_branch_operator_decorator.py
[2025-06-25T20:11:04.274-0400] {logging_mixin.py:188} INFO - [2025-06-25T20:11:04.274-0400] {dag.py:3096} INFO - Sync 1 DAGs
[2025-06-25T20:11:04.281-0400] {logging_mixin.py:188} INFO - [2025-06-25T20:11:04.281-0400] {dag.py:3954} INFO - Setting next_dagrun for example_branch_python_operator_decorator to 2025-06-25 00:00:00+00:00, run_after=2025-06-26 00:00:00+00:00
[2025-06-25T20:11:04.288-0400] {processor.py:183} INFO - Processing /opt/anaconda3/envs/airflow_env/lib/python3.10/site-packages/airflow/example_dags/example_branch_operator_decorator.py took 0.140 seconds
[2025-06-25T20:12:26.973-0400] {processor.py:161} INFO - Started process (PID=61764) to work on /opt/anaconda3/envs/airflow_env/lib/python3.10/site-packages/airflow/example_dags/example_branch_operator_decorator.py
[2025-06-25T20:12:26.973-0400] {processor.py:830} INFO - Processing file /opt/anaconda3/envs/airflow_env/lib/python3.10/site-packages/airflow/example_dags/example_branch_operator_decorator.py for tasks to queue
[2025-06-25T20:12:26.973-0400] {logging_mixin.py:188} INFO - [2025-06-25T20:12:26.973-0400] {dagbag.py:545} INFO - Filling up the DagBag from /opt/anaconda3/envs/airflow_env/lib/python3.10/site-packages/airflow/example_dags/example_branch_operator_decorator.py
[2025-06-25T20:12:26.993-0400] {processor.py:840} INFO - DAG(s) 'example_branch_python_operator_decorator' retrieved from /opt/anaconda3/envs/airflow_env/lib/python3.10/site-packages/airflow/example_dags/example_branch_operator_decorator.py
[2025-06-25T20:12:27.080-0400] {logging_mixin.py:188} INFO - [2025-06-25T20:12:27.080-0400] {dag.py:3096} INFO - Sync 1 DAGs
[2025-06-25T20:12:27.086-0400] {logging_mixin.py:188} INFO - [2025-06-25T20:12:27.086-0400] {dag.py:3954} INFO - Setting next_dagrun for example_branch_python_operator_decorator to 2025-06-25 00:00:00+00:00, run_after=2025-06-26 00:00:00+00:00
[2025-06-25T20:12:27.093-0400] {processor.py:183} INFO - Processing /opt/anaconda3/envs/airflow_env/lib/python3.10/site-packages/airflow/example_dags/example_branch_operator_decorator.py took 0.122 seconds
[2025-06-25T20:12:47.078-0400] {processor.py:161} INFO - Started process (PID=61818) to work on /opt/anaconda3/envs/airflow_env/lib/python3.10/site-packages/airflow/example_dags/example_branch_operator_decorator.py
[2025-06-25T20:12:47.079-0400] {processor.py:830} INFO - Processing file /opt/anaconda3/envs/airflow_env/lib/python3.10/site-packages/airflow/example_dags/example_branch_operator_decorator.py for tasks to queue
[2025-06-25T20:12:47.079-0400] {logging_mixin.py:188} INFO - [2025-06-25T20:12:47.079-0400] {dagbag.py:545} INFO - Filling up the DagBag from /opt/anaconda3/envs/airflow_env/lib/python3.10/site-packages/airflow/example_dags/example_branch_operator_decorator.py
[2025-06-25T20:12:47.099-0400] {processor.py:840} INFO - DAG(s) 'example_branch_python_operator_decorator' retrieved from /opt/anaconda3/envs/airflow_env/lib/python3.10/site-packages/airflow/example_dags/example_branch_operator_decorator.py
[2025-06-25T20:12:47.104-0400] {logging_mixin.py:188} INFO - [2025-06-25T20:12:47.103-0400] {dag.py:3096} INFO - Sync 1 DAGs
[2025-06-25T20:12:47.161-0400] {logging_mixin.py:188} INFO - [2025-06-25T20:12:47.161-0400] {dag.py:3954} INFO - Setting next_dagrun for example_branch_python_operator_decorator to 2025-06-25 00:00:00+00:00, run_after=2025-06-26 00:00:00+00:00
[2025-06-25T20:12:47.168-0400] {processor.py:183} INFO - Processing /opt/anaconda3/envs/airflow_env/lib/python3.10/site-packages/airflow/example_dags/example_branch_operator_decorator.py took 0.092 seconds
[2025-06-25T20:14:03.244-0400] {processor.py:161} INFO - Started process (PID=61938) to work on /opt/anaconda3/envs/airflow_env/lib/python3.10/site-packages/airflow/example_dags/example_branch_operator_decorator.py
[2025-06-25T20:14:03.244-0400] {processor.py:830} INFO - Processing file /opt/anaconda3/envs/airflow_env/lib/python3.10/site-packages/airflow/example_dags/example_branch_operator_decorator.py for tasks to queue
[2025-06-25T20:14:03.245-0400] {logging_mixin.py:188} INFO - [2025-06-25T20:14:03.245-0400] {dagbag.py:545} INFO - Filling up the DagBag from /opt/anaconda3/envs/airflow_env/lib/python3.10/site-packages/airflow/example_dags/example_branch_operator_decorator.py
[2025-06-25T20:14:03.263-0400] {processor.py:840} INFO - DAG(s) 'example_branch_python_operator_decorator' retrieved from /opt/anaconda3/envs/airflow_env/lib/python3.10/site-packages/airflow/example_dags/example_branch_operator_decorator.py
[2025-06-25T20:14:03.350-0400] {logging_mixin.py:188} INFO - [2025-06-25T20:14:03.349-0400] {dag.py:3096} INFO - Sync 1 DAGs
[2025-06-25T20:14:03.356-0400] {logging_mixin.py:188} INFO - [2025-06-25T20:14:03.356-0400] {dag.py:3954} INFO - Setting next_dagrun for example_branch_python_operator_decorator to 2025-06-25 00:00:00+00:00, run_after=2025-06-26 00:00:00+00:00
[2025-06-25T20:14:03.362-0400] {processor.py:183} INFO - Processing /opt/anaconda3/envs/airflow_env/lib/python3.10/site-packages/airflow/example_dags/example_branch_operator_decorator.py took 0.120 seconds
[2025-06-25T20:14:29.056-0400] {processor.py:161} INFO - Started process (PID=61977) to work on /opt/anaconda3/envs/airflow_env/lib/python3.10/site-packages/airflow/example_dags/example_branch_operator_decorator.py
[2025-06-25T20:14:29.056-0400] {processor.py:830} INFO - Processing file /opt/anaconda3/envs/airflow_env/lib/python3.10/site-packages/airflow/example_dags/example_branch_operator_decorator.py for tasks to queue
[2025-06-25T20:14:29.056-0400] {logging_mixin.py:188} INFO - [2025-06-25T20:14:29.056-0400] {dagbag.py:545} INFO - Filling up the DagBag from /opt/anaconda3/envs/airflow_env/lib/python3.10/site-packages/airflow/example_dags/example_branch_operator_decorator.py
[2025-06-25T20:14:29.076-0400] {processor.py:840} INFO - DAG(s) 'example_branch_python_operator_decorator' retrieved from /opt/anaconda3/envs/airflow_env/lib/python3.10/site-packages/airflow/example_dags/example_branch_operator_decorator.py
[2025-06-25T20:14:29.080-0400] {logging_mixin.py:188} INFO - [2025-06-25T20:14:29.079-0400] {dag.py:3096} INFO - Sync 1 DAGs
[2025-06-25T20:14:29.134-0400] {logging_mixin.py:188} INFO - [2025-06-25T20:14:29.134-0400] {dag.py:3954} INFO - Setting next_dagrun for example_branch_python_operator_decorator to 2025-06-25 00:00:00+00:00, run_after=2025-06-26 00:00:00+00:00
[2025-06-25T20:14:29.142-0400] {processor.py:183} INFO - Processing /opt/anaconda3/envs/airflow_env/lib/python3.10/site-packages/airflow/example_dags/example_branch_operator_decorator.py took 0.088 seconds
[2025-06-25T20:15:38.528-0400] {processor.py:161} INFO - Started process (PID=62088) to work on /opt/anaconda3/envs/airflow_env/lib/python3.10/site-packages/airflow/example_dags/example_branch_operator_decorator.py
[2025-06-25T20:15:38.528-0400] {processor.py:830} INFO - Processing file /opt/anaconda3/envs/airflow_env/lib/python3.10/site-packages/airflow/example_dags/example_branch_operator_decorator.py for tasks to queue
[2025-06-25T20:15:38.528-0400] {logging_mixin.py:188} INFO - [2025-06-25T20:15:38.528-0400] {dagbag.py:545} INFO - Filling up the DagBag from /opt/anaconda3/envs/airflow_env/lib/python3.10/site-packages/airflow/example_dags/example_branch_operator_decorator.py
[2025-06-25T20:15:38.547-0400] {processor.py:840} INFO - DAG(s) 'example_branch_python_operator_decorator' retrieved from /opt/anaconda3/envs/airflow_env/lib/python3.10/site-packages/airflow/example_dags/example_branch_operator_decorator.py
[2025-06-25T20:15:38.642-0400] {logging_mixin.py:188} INFO - [2025-06-25T20:15:38.642-0400] {dag.py:3096} INFO - Sync 1 DAGs
[2025-06-25T20:15:38.651-0400] {logging_mixin.py:188} INFO - [2025-06-25T20:15:38.651-0400] {dag.py:3954} INFO - Setting next_dagrun for example_branch_python_operator_decorator to 2025-06-25 00:00:00+00:00, run_after=2025-06-26 00:00:00+00:00
[2025-06-25T20:15:38.659-0400] {processor.py:183} INFO - Processing /opt/anaconda3/envs/airflow_env/lib/python3.10/site-packages/airflow/example_dags/example_branch_operator_decorator.py took 0.134 seconds
[2025-06-25T20:16:07.199-0400] {processor.py:161} INFO - Started process (PID=62128) to work on /opt/anaconda3/envs/airflow_env/lib/python3.10/site-packages/airflow/example_dags/example_branch_operator_decorator.py
[2025-06-25T20:16:07.199-0400] {processor.py:830} INFO - Processing file /opt/anaconda3/envs/airflow_env/lib/python3.10/site-packages/airflow/example_dags/example_branch_operator_decorator.py for tasks to queue
[2025-06-25T20:16:07.199-0400] {logging_mixin.py:188} INFO - [2025-06-25T20:16:07.199-0400] {dagbag.py:545} INFO - Filling up the DagBag from /opt/anaconda3/envs/airflow_env/lib/python3.10/site-packages/airflow/example_dags/example_branch_operator_decorator.py
[2025-06-25T20:16:07.218-0400] {processor.py:840} INFO - DAG(s) 'example_branch_python_operator_decorator' retrieved from /opt/anaconda3/envs/airflow_env/lib/python3.10/site-packages/airflow/example_dags/example_branch_operator_decorator.py
[2025-06-25T20:16:07.222-0400] {logging_mixin.py:188} INFO - [2025-06-25T20:16:07.222-0400] {dag.py:3096} INFO - Sync 1 DAGs
[2025-06-25T20:16:07.274-0400] {logging_mixin.py:188} INFO - [2025-06-25T20:16:07.274-0400] {dag.py:3954} INFO - Setting next_dagrun for example_branch_python_operator_decorator to 2025-06-25 00:00:00+00:00, run_after=2025-06-26 00:00:00+00:00
[2025-06-25T20:16:07.282-0400] {processor.py:183} INFO - Processing /opt/anaconda3/envs/airflow_env/lib/python3.10/site-packages/airflow/example_dags/example_branch_operator_decorator.py took 0.084 seconds
[2025-06-25T20:17:18.027-0400] {processor.py:161} INFO - Started process (PID=62249) to work on /opt/anaconda3/envs/airflow_env/lib/python3.10/site-packages/airflow/example_dags/example_branch_operator_decorator.py
[2025-06-25T20:17:18.027-0400] {processor.py:830} INFO - Processing file /opt/anaconda3/envs/airflow_env/lib/python3.10/site-packages/airflow/example_dags/example_branch_operator_decorator.py for tasks to queue
[2025-06-25T20:17:18.027-0400] {logging_mixin.py:188} INFO - [2025-06-25T20:17:18.027-0400] {dagbag.py:545} INFO - Filling up the DagBag from /opt/anaconda3/envs/airflow_env/lib/python3.10/site-packages/airflow/example_dags/example_branch_operator_decorator.py
[2025-06-25T20:17:18.047-0400] {processor.py:840} INFO - DAG(s) 'example_branch_python_operator_decorator' retrieved from /opt/anaconda3/envs/airflow_env/lib/python3.10/site-packages/airflow/example_dags/example_branch_operator_decorator.py
[2025-06-25T20:17:18.140-0400] {logging_mixin.py:188} INFO - [2025-06-25T20:17:18.140-0400] {dag.py:3096} INFO - Sync 1 DAGs
[2025-06-25T20:17:18.147-0400] {logging_mixin.py:188} INFO - [2025-06-25T20:17:18.147-0400] {dag.py:3954} INFO - Setting next_dagrun for example_branch_python_operator_decorator to 2025-06-25 00:00:00+00:00, run_after=2025-06-26 00:00:00+00:00
[2025-06-25T20:17:18.155-0400] {processor.py:183} INFO - Processing /opt/anaconda3/envs/airflow_env/lib/python3.10/site-packages/airflow/example_dags/example_branch_operator_decorator.py took 0.130 seconds
[2025-06-25T20:17:41.657-0400] {processor.py:161} INFO - Started process (PID=62281) to work on /opt/anaconda3/envs/airflow_env/lib/python3.10/site-packages/airflow/example_dags/example_branch_operator_decorator.py
[2025-06-25T20:17:41.658-0400] {processor.py:830} INFO - Processing file /opt/anaconda3/envs/airflow_env/lib/python3.10/site-packages/airflow/example_dags/example_branch_operator_decorator.py for tasks to queue
[2025-06-25T20:17:41.658-0400] {logging_mixin.py:188} INFO - [2025-06-25T20:17:41.658-0400] {dagbag.py:545} INFO - Filling up the DagBag from /opt/anaconda3/envs/airflow_env/lib/python3.10/site-packages/airflow/example_dags/example_branch_operator_decorator.py
[2025-06-25T20:17:41.676-0400] {processor.py:840} INFO - DAG(s) 'example_branch_python_operator_decorator' retrieved from /opt/anaconda3/envs/airflow_env/lib/python3.10/site-packages/airflow/example_dags/example_branch_operator_decorator.py
[2025-06-25T20:17:41.680-0400] {logging_mixin.py:188} INFO - [2025-06-25T20:17:41.680-0400] {dag.py:3096} INFO - Sync 1 DAGs
[2025-06-25T20:17:41.735-0400] {logging_mixin.py:188} INFO - [2025-06-25T20:17:41.735-0400] {dag.py:3954} INFO - Setting next_dagrun for example_branch_python_operator_decorator to 2025-06-25 00:00:00+00:00, run_after=2025-06-26 00:00:00+00:00
[2025-06-25T20:17:41.742-0400] {processor.py:183} INFO - Processing /opt/anaconda3/envs/airflow_env/lib/python3.10/site-packages/airflow/example_dags/example_branch_operator_decorator.py took 0.086 seconds
[2025-06-25T20:19:22.154-0400] {processor.py:161} INFO - Started process (PID=62478) to work on /opt/anaconda3/envs/airflow_env/lib/python3.10/site-packages/airflow/example_dags/example_branch_operator_decorator.py
[2025-06-25T20:19:22.155-0400] {processor.py:830} INFO - Processing file /opt/anaconda3/envs/airflow_env/lib/python3.10/site-packages/airflow/example_dags/example_branch_operator_decorator.py for tasks to queue
[2025-06-25T20:19:22.155-0400] {logging_mixin.py:188} INFO - [2025-06-25T20:19:22.155-0400] {dagbag.py:545} INFO - Filling up the DagBag from /opt/anaconda3/envs/airflow_env/lib/python3.10/site-packages/airflow/example_dags/example_branch_operator_decorator.py
[2025-06-25T20:19:22.176-0400] {processor.py:840} INFO - DAG(s) 'example_branch_python_operator_decorator' retrieved from /opt/anaconda3/envs/airflow_env/lib/python3.10/site-packages/airflow/example_dags/example_branch_operator_decorator.py
[2025-06-25T20:19:22.275-0400] {logging_mixin.py:188} INFO - [2025-06-25T20:19:22.275-0400] {dag.py:3096} INFO - Sync 1 DAGs
[2025-06-25T20:19:22.281-0400] {logging_mixin.py:188} INFO - [2025-06-25T20:19:22.281-0400] {dag.py:3954} INFO - Setting next_dagrun for example_branch_python_operator_decorator to 2025-06-25 00:00:00+00:00, run_after=2025-06-26 00:00:00+00:00
[2025-06-25T20:19:22.288-0400] {processor.py:183} INFO - Processing /opt/anaconda3/envs/airflow_env/lib/python3.10/site-packages/airflow/example_dags/example_branch_operator_decorator.py took 0.136 seconds
[2025-06-25T20:19:54.595-0400] {processor.py:161} INFO - Started process (PID=62534) to work on /opt/anaconda3/envs/airflow_env/lib/python3.10/site-packages/airflow/example_dags/example_branch_operator_decorator.py
[2025-06-25T20:19:54.595-0400] {processor.py:830} INFO - Processing file /opt/anaconda3/envs/airflow_env/lib/python3.10/site-packages/airflow/example_dags/example_branch_operator_decorator.py for tasks to queue
[2025-06-25T20:19:54.596-0400] {logging_mixin.py:188} INFO - [2025-06-25T20:19:54.596-0400] {dagbag.py:545} INFO - Filling up the DagBag from /opt/anaconda3/envs/airflow_env/lib/python3.10/site-packages/airflow/example_dags/example_branch_operator_decorator.py
[2025-06-25T20:19:54.615-0400] {processor.py:840} INFO - DAG(s) 'example_branch_python_operator_decorator' retrieved from /opt/anaconda3/envs/airflow_env/lib/python3.10/site-packages/airflow/example_dags/example_branch_operator_decorator.py
[2025-06-25T20:19:54.711-0400] {logging_mixin.py:188} INFO - [2025-06-25T20:19:54.711-0400] {dag.py:3096} INFO - Sync 1 DAGs
[2025-06-25T20:19:54.718-0400] {logging_mixin.py:188} INFO - [2025-06-25T20:19:54.718-0400] {dag.py:3954} INFO - Setting next_dagrun for example_branch_python_operator_decorator to 2025-06-25 00:00:00+00:00, run_after=2025-06-26 00:00:00+00:00
[2025-06-25T20:19:54.725-0400] {processor.py:183} INFO - Processing /opt/anaconda3/envs/airflow_env/lib/python3.10/site-packages/airflow/example_dags/example_branch_operator_decorator.py took 0.132 seconds
[2025-06-25T20:21:13.862-0400] {processor.py:161} INFO - Started process (PID=62678) to work on /opt/anaconda3/envs/airflow_env/lib/python3.10/site-packages/airflow/example_dags/example_branch_operator_decorator.py
[2025-06-25T20:21:13.862-0400] {processor.py:830} INFO - Processing file /opt/anaconda3/envs/airflow_env/lib/python3.10/site-packages/airflow/example_dags/example_branch_operator_decorator.py for tasks to queue
[2025-06-25T20:21:13.863-0400] {logging_mixin.py:188} INFO - [2025-06-25T20:21:13.862-0400] {dagbag.py:545} INFO - Filling up the DagBag from /opt/anaconda3/envs/airflow_env/lib/python3.10/site-packages/airflow/example_dags/example_branch_operator_decorator.py
[2025-06-25T20:21:13.882-0400] {processor.py:840} INFO - DAG(s) 'example_branch_python_operator_decorator' retrieved from /opt/anaconda3/envs/airflow_env/lib/python3.10/site-packages/airflow/example_dags/example_branch_operator_decorator.py
[2025-06-25T20:21:13.970-0400] {logging_mixin.py:188} INFO - [2025-06-25T20:21:13.970-0400] {dag.py:3096} INFO - Sync 1 DAGs
[2025-06-25T20:21:13.976-0400] {logging_mixin.py:188} INFO - [2025-06-25T20:21:13.976-0400] {dag.py:3954} INFO - Setting next_dagrun for example_branch_python_operator_decorator to 2025-06-25 00:00:00+00:00, run_after=2025-06-26 00:00:00+00:00
[2025-06-25T20:21:13.983-0400] {processor.py:183} INFO - Processing /opt/anaconda3/envs/airflow_env/lib/python3.10/site-packages/airflow/example_dags/example_branch_operator_decorator.py took 0.123 seconds
[2025-06-25T20:21:32.291-0400] {processor.py:161} INFO - Started process (PID=62704) to work on /opt/anaconda3/envs/airflow_env/lib/python3.10/site-packages/airflow/example_dags/example_branch_operator_decorator.py
[2025-06-25T20:21:32.291-0400] {processor.py:830} INFO - Processing file /opt/anaconda3/envs/airflow_env/lib/python3.10/site-packages/airflow/example_dags/example_branch_operator_decorator.py for tasks to queue
[2025-06-25T20:21:32.292-0400] {logging_mixin.py:188} INFO - [2025-06-25T20:21:32.292-0400] {dagbag.py:545} INFO - Filling up the DagBag from /opt/anaconda3/envs/airflow_env/lib/python3.10/site-packages/airflow/example_dags/example_branch_operator_decorator.py
[2025-06-25T20:21:32.309-0400] {processor.py:840} INFO - DAG(s) 'example_branch_python_operator_decorator' retrieved from /opt/anaconda3/envs/airflow_env/lib/python3.10/site-packages/airflow/example_dags/example_branch_operator_decorator.py
[2025-06-25T20:21:32.313-0400] {logging_mixin.py:188} INFO - [2025-06-25T20:21:32.313-0400] {dag.py:3096} INFO - Sync 1 DAGs
[2025-06-25T20:21:32.361-0400] {logging_mixin.py:188} INFO - [2025-06-25T20:21:32.361-0400] {dag.py:3954} INFO - Setting next_dagrun for example_branch_python_operator_decorator to 2025-06-25 00:00:00+00:00, run_after=2025-06-26 00:00:00+00:00
[2025-06-25T20:21:32.367-0400] {processor.py:183} INFO - Processing /opt/anaconda3/envs/airflow_env/lib/python3.10/site-packages/airflow/example_dags/example_branch_operator_decorator.py took 0.078 seconds
[2025-06-25T20:22:49.319-0400] {processor.py:161} INFO - Started process (PID=62845) to work on /opt/anaconda3/envs/airflow_env/lib/python3.10/site-packages/airflow/example_dags/example_branch_operator_decorator.py
[2025-06-25T20:22:49.319-0400] {processor.py:830} INFO - Processing file /opt/anaconda3/envs/airflow_env/lib/python3.10/site-packages/airflow/example_dags/example_branch_operator_decorator.py for tasks to queue
[2025-06-25T20:22:49.319-0400] {logging_mixin.py:188} INFO - [2025-06-25T20:22:49.319-0400] {dagbag.py:545} INFO - Filling up the DagBag from /opt/anaconda3/envs/airflow_env/lib/python3.10/site-packages/airflow/example_dags/example_branch_operator_decorator.py
[2025-06-25T20:22:49.339-0400] {processor.py:840} INFO - DAG(s) 'example_branch_python_operator_decorator' retrieved from /opt/anaconda3/envs/airflow_env/lib/python3.10/site-packages/airflow/example_dags/example_branch_operator_decorator.py
[2025-06-25T20:22:49.433-0400] {logging_mixin.py:188} INFO - [2025-06-25T20:22:49.433-0400] {dag.py:3096} INFO - Sync 1 DAGs
[2025-06-25T20:22:49.440-0400] {logging_mixin.py:188} INFO - [2025-06-25T20:22:49.440-0400] {dag.py:3954} INFO - Setting next_dagrun for example_branch_python_operator_decorator to 2025-06-25 00:00:00+00:00, run_after=2025-06-26 00:00:00+00:00
[2025-06-25T20:22:49.447-0400] {processor.py:183} INFO - Processing /opt/anaconda3/envs/airflow_env/lib/python3.10/site-packages/airflow/example_dags/example_branch_operator_decorator.py took 0.131 seconds
[2025-06-25T20:23:10.692-0400] {processor.py:161} INFO - Started process (PID=62903) to work on /opt/anaconda3/envs/airflow_env/lib/python3.10/site-packages/airflow/example_dags/example_branch_operator_decorator.py
[2025-06-25T20:23:10.692-0400] {processor.py:830} INFO - Processing file /opt/anaconda3/envs/airflow_env/lib/python3.10/site-packages/airflow/example_dags/example_branch_operator_decorator.py for tasks to queue
[2025-06-25T20:23:10.692-0400] {logging_mixin.py:188} INFO - [2025-06-25T20:23:10.692-0400] {dagbag.py:545} INFO - Filling up the DagBag from /opt/anaconda3/envs/airflow_env/lib/python3.10/site-packages/airflow/example_dags/example_branch_operator_decorator.py
[2025-06-25T20:23:10.711-0400] {processor.py:840} INFO - DAG(s) 'example_branch_python_operator_decorator' retrieved from /opt/anaconda3/envs/airflow_env/lib/python3.10/site-packages/airflow/example_dags/example_branch_operator_decorator.py
[2025-06-25T20:23:10.715-0400] {logging_mixin.py:188} INFO - [2025-06-25T20:23:10.715-0400] {dag.py:3096} INFO - Sync 1 DAGs
[2025-06-25T20:23:10.773-0400] {logging_mixin.py:188} INFO - [2025-06-25T20:23:10.773-0400] {dag.py:3954} INFO - Setting next_dagrun for example_branch_python_operator_decorator to 2025-06-25 00:00:00+00:00, run_after=2025-06-26 00:00:00+00:00
[2025-06-25T20:23:10.780-0400] {processor.py:183} INFO - Processing /opt/anaconda3/envs/airflow_env/lib/python3.10/site-packages/airflow/example_dags/example_branch_operator_decorator.py took 0.090 seconds
[2025-06-25T20:24:54.492-0400] {processor.py:161} INFO - Started process (PID=63094) to work on /opt/anaconda3/envs/airflow_env/lib/python3.10/site-packages/airflow/example_dags/example_branch_operator_decorator.py
[2025-06-25T20:24:54.492-0400] {processor.py:830} INFO - Processing file /opt/anaconda3/envs/airflow_env/lib/python3.10/site-packages/airflow/example_dags/example_branch_operator_decorator.py for tasks to queue
[2025-06-25T20:24:54.492-0400] {logging_mixin.py:188} INFO - [2025-06-25T20:24:54.492-0400] {dagbag.py:545} INFO - Filling up the DagBag from /opt/anaconda3/envs/airflow_env/lib/python3.10/site-packages/airflow/example_dags/example_branch_operator_decorator.py
[2025-06-25T20:24:54.514-0400] {processor.py:840} INFO - DAG(s) 'example_branch_python_operator_decorator' retrieved from /opt/anaconda3/envs/airflow_env/lib/python3.10/site-packages/airflow/example_dags/example_branch_operator_decorator.py
[2025-06-25T20:24:54.616-0400] {logging_mixin.py:188} INFO - [2025-06-25T20:24:54.616-0400] {dag.py:3096} INFO - Sync 1 DAGs
[2025-06-25T20:24:54.624-0400] {logging_mixin.py:188} INFO - [2025-06-25T20:24:54.624-0400] {dag.py:3954} INFO - Setting next_dagrun for example_branch_python_operator_decorator to 2025-06-25 00:00:00+00:00, run_after=2025-06-26 00:00:00+00:00
[2025-06-25T20:24:54.631-0400] {processor.py:183} INFO - Processing /opt/anaconda3/envs/airflow_env/lib/python3.10/site-packages/airflow/example_dags/example_branch_operator_decorator.py took 0.160 seconds
[2025-06-25T20:25:11.957-0400] {processor.py:161} INFO - Started process (PID=63132) to work on /opt/anaconda3/envs/airflow_env/lib/python3.10/site-packages/airflow/example_dags/example_branch_operator_decorator.py
[2025-06-25T20:25:11.957-0400] {processor.py:830} INFO - Processing file /opt/anaconda3/envs/airflow_env/lib/python3.10/site-packages/airflow/example_dags/example_branch_operator_decorator.py for tasks to queue
[2025-06-25T20:25:11.957-0400] {logging_mixin.py:188} INFO - [2025-06-25T20:25:11.957-0400] {dagbag.py:545} INFO - Filling up the DagBag from /opt/anaconda3/envs/airflow_env/lib/python3.10/site-packages/airflow/example_dags/example_branch_operator_decorator.py
[2025-06-25T20:25:11.976-0400] {processor.py:840} INFO - DAG(s) 'example_branch_python_operator_decorator' retrieved from /opt/anaconda3/envs/airflow_env/lib/python3.10/site-packages/airflow/example_dags/example_branch_operator_decorator.py
[2025-06-25T20:25:11.980-0400] {logging_mixin.py:188} INFO - [2025-06-25T20:25:11.980-0400] {dag.py:3096} INFO - Sync 1 DAGs
[2025-06-25T20:25:12.035-0400] {logging_mixin.py:188} INFO - [2025-06-25T20:25:12.035-0400] {dag.py:3954} INFO - Setting next_dagrun for example_branch_python_operator_decorator to 2025-06-25 00:00:00+00:00, run_after=2025-06-26 00:00:00+00:00
[2025-06-25T20:25:12.042-0400] {processor.py:183} INFO - Processing /opt/anaconda3/envs/airflow_env/lib/python3.10/site-packages/airflow/example_dags/example_branch_operator_decorator.py took 0.087 seconds
[2025-06-25T20:26:36.096-0400] {processor.py:161} INFO - Started process (PID=63288) to work on /opt/anaconda3/envs/airflow_env/lib/python3.10/site-packages/airflow/example_dags/example_branch_operator_decorator.py
[2025-06-25T20:26:36.096-0400] {processor.py:830} INFO - Processing file /opt/anaconda3/envs/airflow_env/lib/python3.10/site-packages/airflow/example_dags/example_branch_operator_decorator.py for tasks to queue
[2025-06-25T20:26:36.097-0400] {logging_mixin.py:188} INFO - [2025-06-25T20:26:36.097-0400] {dagbag.py:545} INFO - Filling up the DagBag from /opt/anaconda3/envs/airflow_env/lib/python3.10/site-packages/airflow/example_dags/example_branch_operator_decorator.py
[2025-06-25T20:26:36.117-0400] {processor.py:840} INFO - DAG(s) 'example_branch_python_operator_decorator' retrieved from /opt/anaconda3/envs/airflow_env/lib/python3.10/site-packages/airflow/example_dags/example_branch_operator_decorator.py
[2025-06-25T20:26:36.205-0400] {logging_mixin.py:188} INFO - [2025-06-25T20:26:36.205-0400] {dag.py:3096} INFO - Sync 1 DAGs
[2025-06-25T20:26:36.211-0400] {logging_mixin.py:188} INFO - [2025-06-25T20:26:36.211-0400] {dag.py:3954} INFO - Setting next_dagrun for example_branch_python_operator_decorator to 2025-06-25 00:00:00+00:00, run_after=2025-06-26 00:00:00+00:00
[2025-06-25T20:26:36.218-0400] {processor.py:183} INFO - Processing /opt/anaconda3/envs/airflow_env/lib/python3.10/site-packages/airflow/example_dags/example_branch_operator_decorator.py took 0.124 seconds
[2025-06-25T20:26:51.389-0400] {processor.py:161} INFO - Started process (PID=63321) to work on /opt/anaconda3/envs/airflow_env/lib/python3.10/site-packages/airflow/example_dags/example_branch_operator_decorator.py
[2025-06-25T20:26:51.389-0400] {processor.py:830} INFO - Processing file /opt/anaconda3/envs/airflow_env/lib/python3.10/site-packages/airflow/example_dags/example_branch_operator_decorator.py for tasks to queue
[2025-06-25T20:26:51.389-0400] {logging_mixin.py:188} INFO - [2025-06-25T20:26:51.389-0400] {dagbag.py:545} INFO - Filling up the DagBag from /opt/anaconda3/envs/airflow_env/lib/python3.10/site-packages/airflow/example_dags/example_branch_operator_decorator.py
[2025-06-25T20:26:51.407-0400] {processor.py:840} INFO - DAG(s) 'example_branch_python_operator_decorator' retrieved from /opt/anaconda3/envs/airflow_env/lib/python3.10/site-packages/airflow/example_dags/example_branch_operator_decorator.py
[2025-06-25T20:26:51.411-0400] {logging_mixin.py:188} INFO - [2025-06-25T20:26:51.411-0400] {dag.py:3096} INFO - Sync 1 DAGs
[2025-06-25T20:26:51.465-0400] {logging_mixin.py:188} INFO - [2025-06-25T20:26:51.465-0400] {dag.py:3954} INFO - Setting next_dagrun for example_branch_python_operator_decorator to 2025-06-25 00:00:00+00:00, run_after=2025-06-26 00:00:00+00:00
[2025-06-25T20:26:51.472-0400] {processor.py:183} INFO - Processing /opt/anaconda3/envs/airflow_env/lib/python3.10/site-packages/airflow/example_dags/example_branch_operator_decorator.py took 0.085 seconds
[2025-06-25T20:28:13.198-0400] {processor.py:161} INFO - Started process (PID=63485) to work on /opt/anaconda3/envs/airflow_env/lib/python3.10/site-packages/airflow/example_dags/example_branch_operator_decorator.py
[2025-06-25T20:28:13.198-0400] {processor.py:830} INFO - Processing file /opt/anaconda3/envs/airflow_env/lib/python3.10/site-packages/airflow/example_dags/example_branch_operator_decorator.py for tasks to queue
[2025-06-25T20:28:13.199-0400] {logging_mixin.py:188} INFO - [2025-06-25T20:28:13.198-0400] {dagbag.py:545} INFO - Filling up the DagBag from /opt/anaconda3/envs/airflow_env/lib/python3.10/site-packages/airflow/example_dags/example_branch_operator_decorator.py
[2025-06-25T20:28:13.219-0400] {processor.py:840} INFO - DAG(s) 'example_branch_python_operator_decorator' retrieved from /opt/anaconda3/envs/airflow_env/lib/python3.10/site-packages/airflow/example_dags/example_branch_operator_decorator.py
[2025-06-25T20:28:13.318-0400] {logging_mixin.py:188} INFO - [2025-06-25T20:28:13.318-0400] {dag.py:3096} INFO - Sync 1 DAGs
[2025-06-25T20:28:13.324-0400] {logging_mixin.py:188} INFO - [2025-06-25T20:28:13.324-0400] {dag.py:3954} INFO - Setting next_dagrun for example_branch_python_operator_decorator to 2025-06-25 00:00:00+00:00, run_after=2025-06-26 00:00:00+00:00
[2025-06-25T20:28:13.332-0400] {processor.py:183} INFO - Processing /opt/anaconda3/envs/airflow_env/lib/python3.10/site-packages/airflow/example_dags/example_branch_operator_decorator.py took 0.136 seconds
[2025-06-25T20:28:27.956-0400] {processor.py:161} INFO - Started process (PID=63522) to work on /opt/anaconda3/envs/airflow_env/lib/python3.10/site-packages/airflow/example_dags/example_branch_operator_decorator.py
[2025-06-25T20:28:27.957-0400] {processor.py:830} INFO - Processing file /opt/anaconda3/envs/airflow_env/lib/python3.10/site-packages/airflow/example_dags/example_branch_operator_decorator.py for tasks to queue
[2025-06-25T20:28:27.957-0400] {logging_mixin.py:188} INFO - [2025-06-25T20:28:27.957-0400] {dagbag.py:545} INFO - Filling up the DagBag from /opt/anaconda3/envs/airflow_env/lib/python3.10/site-packages/airflow/example_dags/example_branch_operator_decorator.py
[2025-06-25T20:28:27.974-0400] {processor.py:840} INFO - DAG(s) 'example_branch_python_operator_decorator' retrieved from /opt/anaconda3/envs/airflow_env/lib/python3.10/site-packages/airflow/example_dags/example_branch_operator_decorator.py
[2025-06-25T20:28:27.978-0400] {logging_mixin.py:188} INFO - [2025-06-25T20:28:27.978-0400] {dag.py:3096} INFO - Sync 1 DAGs
[2025-06-25T20:28:28.028-0400] {logging_mixin.py:188} INFO - [2025-06-25T20:28:28.028-0400] {dag.py:3954} INFO - Setting next_dagrun for example_branch_python_operator_decorator to 2025-06-25 00:00:00+00:00, run_after=2025-06-26 00:00:00+00:00
[2025-06-25T20:28:28.034-0400] {processor.py:183} INFO - Processing /opt/anaconda3/envs/airflow_env/lib/python3.10/site-packages/airflow/example_dags/example_branch_operator_decorator.py took 0.080 seconds
[2025-06-25T20:29:51.505-0400] {processor.py:161} INFO - Started process (PID=63716) to work on /opt/anaconda3/envs/airflow_env/lib/python3.10/site-packages/airflow/example_dags/example_branch_operator_decorator.py
[2025-06-25T20:29:51.506-0400] {processor.py:830} INFO - Processing file /opt/anaconda3/envs/airflow_env/lib/python3.10/site-packages/airflow/example_dags/example_branch_operator_decorator.py for tasks to queue
[2025-06-25T20:29:51.506-0400] {logging_mixin.py:188} INFO - [2025-06-25T20:29:51.506-0400] {dagbag.py:545} INFO - Filling up the DagBag from /opt/anaconda3/envs/airflow_env/lib/python3.10/site-packages/airflow/example_dags/example_branch_operator_decorator.py
[2025-06-25T20:29:51.526-0400] {processor.py:840} INFO - DAG(s) 'example_branch_python_operator_decorator' retrieved from /opt/anaconda3/envs/airflow_env/lib/python3.10/site-packages/airflow/example_dags/example_branch_operator_decorator.py
[2025-06-25T20:29:51.627-0400] {logging_mixin.py:188} INFO - [2025-06-25T20:29:51.626-0400] {dag.py:3096} INFO - Sync 1 DAGs
[2025-06-25T20:29:51.633-0400] {logging_mixin.py:188} INFO - [2025-06-25T20:29:51.633-0400] {dag.py:3954} INFO - Setting next_dagrun for example_branch_python_operator_decorator to 2025-06-25 00:00:00+00:00, run_after=2025-06-26 00:00:00+00:00
[2025-06-25T20:29:51.641-0400] {processor.py:183} INFO - Processing /opt/anaconda3/envs/airflow_env/lib/python3.10/site-packages/airflow/example_dags/example_branch_operator_decorator.py took 0.138 seconds
[2025-06-25T20:30:51.636-0400] {processor.py:161} INFO - Started process (PID=63857) to work on /opt/anaconda3/envs/airflow_env/lib/python3.10/site-packages/airflow/example_dags/example_branch_operator_decorator.py
[2025-06-25T20:30:51.636-0400] {processor.py:830} INFO - Processing file /opt/anaconda3/envs/airflow_env/lib/python3.10/site-packages/airflow/example_dags/example_branch_operator_decorator.py for tasks to queue
[2025-06-25T20:30:51.636-0400] {logging_mixin.py:188} INFO - [2025-06-25T20:30:51.636-0400] {dagbag.py:545} INFO - Filling up the DagBag from /opt/anaconda3/envs/airflow_env/lib/python3.10/site-packages/airflow/example_dags/example_branch_operator_decorator.py
[2025-06-25T20:30:51.660-0400] {processor.py:840} INFO - DAG(s) 'example_branch_python_operator_decorator' retrieved from /opt/anaconda3/envs/airflow_env/lib/python3.10/site-packages/airflow/example_dags/example_branch_operator_decorator.py
[2025-06-25T20:30:51.751-0400] {logging_mixin.py:188} INFO - [2025-06-25T20:30:51.751-0400] {dag.py:3096} INFO - Sync 1 DAGs
[2025-06-25T20:30:51.758-0400] {logging_mixin.py:188} INFO - [2025-06-25T20:30:51.758-0400] {dag.py:3954} INFO - Setting next_dagrun for example_branch_python_operator_decorator to 2025-06-25 00:00:00+00:00, run_after=2025-06-26 00:00:00+00:00
[2025-06-25T20:30:51.765-0400] {processor.py:183} INFO - Processing /opt/anaconda3/envs/airflow_env/lib/python3.10/site-packages/airflow/example_dags/example_branch_operator_decorator.py took 0.131 seconds
[2025-06-25T20:31:44.963-0400] {processor.py:161} INFO - Started process (PID=63988) to work on /opt/anaconda3/envs/airflow_env/lib/python3.10/site-packages/airflow/example_dags/example_branch_operator_decorator.py
[2025-06-25T20:31:44.964-0400] {processor.py:830} INFO - Processing file /opt/anaconda3/envs/airflow_env/lib/python3.10/site-packages/airflow/example_dags/example_branch_operator_decorator.py for tasks to queue
[2025-06-25T20:31:44.964-0400] {logging_mixin.py:188} INFO - [2025-06-25T20:31:44.964-0400] {dagbag.py:545} INFO - Filling up the DagBag from /opt/anaconda3/envs/airflow_env/lib/python3.10/site-packages/airflow/example_dags/example_branch_operator_decorator.py
[2025-06-25T20:31:44.983-0400] {processor.py:840} INFO - DAG(s) 'example_branch_python_operator_decorator' retrieved from /opt/anaconda3/envs/airflow_env/lib/python3.10/site-packages/airflow/example_dags/example_branch_operator_decorator.py
[2025-06-25T20:31:45.070-0400] {logging_mixin.py:188} INFO - [2025-06-25T20:31:45.070-0400] {dag.py:3096} INFO - Sync 1 DAGs
[2025-06-25T20:31:45.076-0400] {logging_mixin.py:188} INFO - [2025-06-25T20:31:45.076-0400] {dag.py:3954} INFO - Setting next_dagrun for example_branch_python_operator_decorator to 2025-06-25 00:00:00+00:00, run_after=2025-06-26 00:00:00+00:00
[2025-06-25T20:31:45.083-0400] {processor.py:183} INFO - Processing /opt/anaconda3/envs/airflow_env/lib/python3.10/site-packages/airflow/example_dags/example_branch_operator_decorator.py took 0.122 seconds
[2025-06-25T20:33:14.087-0400] {processor.py:161} INFO - Started process (PID=64145) to work on /opt/anaconda3/envs/airflow_env/lib/python3.10/site-packages/airflow/example_dags/example_branch_operator_decorator.py
[2025-06-25T20:33:14.089-0400] {processor.py:830} INFO - Processing file /opt/anaconda3/envs/airflow_env/lib/python3.10/site-packages/airflow/example_dags/example_branch_operator_decorator.py for tasks to queue
[2025-06-25T20:33:14.089-0400] {logging_mixin.py:188} INFO - [2025-06-25T20:33:14.089-0400] {dagbag.py:545} INFO - Filling up the DagBag from /opt/anaconda3/envs/airflow_env/lib/python3.10/site-packages/airflow/example_dags/example_branch_operator_decorator.py
[2025-06-25T20:33:14.109-0400] {processor.py:840} INFO - DAG(s) 'example_branch_python_operator_decorator' retrieved from /opt/anaconda3/envs/airflow_env/lib/python3.10/site-packages/airflow/example_dags/example_branch_operator_decorator.py
[2025-06-25T20:33:14.193-0400] {logging_mixin.py:188} INFO - [2025-06-25T20:33:14.193-0400] {dag.py:3096} INFO - Sync 1 DAGs
[2025-06-25T20:33:14.199-0400] {logging_mixin.py:188} INFO - [2025-06-25T20:33:14.199-0400] {dag.py:3954} INFO - Setting next_dagrun for example_branch_python_operator_decorator to 2025-06-25 00:00:00+00:00, run_after=2025-06-26 00:00:00+00:00
[2025-06-25T20:33:14.206-0400] {processor.py:183} INFO - Processing /opt/anaconda3/envs/airflow_env/lib/python3.10/site-packages/airflow/example_dags/example_branch_operator_decorator.py took 0.120 seconds
[2025-06-25T20:33:50.893-0400] {processor.py:161} INFO - Started process (PID=64210) to work on /opt/anaconda3/envs/airflow_env/lib/python3.10/site-packages/airflow/example_dags/example_branch_operator_decorator.py
[2025-06-25T20:33:50.894-0400] {processor.py:830} INFO - Processing file /opt/anaconda3/envs/airflow_env/lib/python3.10/site-packages/airflow/example_dags/example_branch_operator_decorator.py for tasks to queue
[2025-06-25T20:33:50.894-0400] {logging_mixin.py:188} INFO - [2025-06-25T20:33:50.894-0400] {dagbag.py:545} INFO - Filling up the DagBag from /opt/anaconda3/envs/airflow_env/lib/python3.10/site-packages/airflow/example_dags/example_branch_operator_decorator.py
[2025-06-25T20:33:50.912-0400] {processor.py:840} INFO - DAG(s) 'example_branch_python_operator_decorator' retrieved from /opt/anaconda3/envs/airflow_env/lib/python3.10/site-packages/airflow/example_dags/example_branch_operator_decorator.py
[2025-06-25T20:33:50.994-0400] {logging_mixin.py:188} INFO - [2025-06-25T20:33:50.994-0400] {dag.py:3096} INFO - Sync 1 DAGs
[2025-06-25T20:33:51.000-0400] {logging_mixin.py:188} INFO - [2025-06-25T20:33:51.000-0400] {dag.py:3954} INFO - Setting next_dagrun for example_branch_python_operator_decorator to 2025-06-25 00:00:00+00:00, run_after=2025-06-26 00:00:00+00:00
[2025-06-25T20:33:51.007-0400] {processor.py:183} INFO - Processing /opt/anaconda3/envs/airflow_env/lib/python3.10/site-packages/airflow/example_dags/example_branch_operator_decorator.py took 0.116 seconds
[2025-06-25T20:34:58.650-0400] {processor.py:161} INFO - Started process (PID=64327) to work on /opt/anaconda3/envs/airflow_env/lib/python3.10/site-packages/airflow/example_dags/example_branch_operator_decorator.py
[2025-06-25T20:34:58.650-0400] {processor.py:830} INFO - Processing file /opt/anaconda3/envs/airflow_env/lib/python3.10/site-packages/airflow/example_dags/example_branch_operator_decorator.py for tasks to queue
[2025-06-25T20:34:58.651-0400] {logging_mixin.py:188} INFO - [2025-06-25T20:34:58.651-0400] {dagbag.py:545} INFO - Filling up the DagBag from /opt/anaconda3/envs/airflow_env/lib/python3.10/site-packages/airflow/example_dags/example_branch_operator_decorator.py
[2025-06-25T20:34:58.671-0400] {processor.py:840} INFO - DAG(s) 'example_branch_python_operator_decorator' retrieved from /opt/anaconda3/envs/airflow_env/lib/python3.10/site-packages/airflow/example_dags/example_branch_operator_decorator.py
[2025-06-25T20:34:58.767-0400] {logging_mixin.py:188} INFO - [2025-06-25T20:34:58.767-0400] {dag.py:3096} INFO - Sync 1 DAGs
[2025-06-25T20:34:58.774-0400] {logging_mixin.py:188} INFO - [2025-06-25T20:34:58.774-0400] {dag.py:3954} INFO - Setting next_dagrun for example_branch_python_operator_decorator to 2025-06-25 00:00:00+00:00, run_after=2025-06-26 00:00:00+00:00
[2025-06-25T20:34:58.782-0400] {processor.py:183} INFO - Processing /opt/anaconda3/envs/airflow_env/lib/python3.10/site-packages/airflow/example_dags/example_branch_operator_decorator.py took 0.134 seconds
[2025-06-25T20:35:30.498-0400] {processor.py:161} INFO - Started process (PID=64388) to work on /opt/anaconda3/envs/airflow_env/lib/python3.10/site-packages/airflow/example_dags/example_branch_operator_decorator.py
[2025-06-25T20:35:30.498-0400] {processor.py:830} INFO - Processing file /opt/anaconda3/envs/airflow_env/lib/python3.10/site-packages/airflow/example_dags/example_branch_operator_decorator.py for tasks to queue
[2025-06-25T20:35:30.498-0400] {logging_mixin.py:188} INFO - [2025-06-25T20:35:30.498-0400] {dagbag.py:545} INFO - Filling up the DagBag from /opt/anaconda3/envs/airflow_env/lib/python3.10/site-packages/airflow/example_dags/example_branch_operator_decorator.py
[2025-06-25T20:35:30.517-0400] {processor.py:840} INFO - DAG(s) 'example_branch_python_operator_decorator' retrieved from /opt/anaconda3/envs/airflow_env/lib/python3.10/site-packages/airflow/example_dags/example_branch_operator_decorator.py
[2025-06-25T20:35:30.605-0400] {logging_mixin.py:188} INFO - [2025-06-25T20:35:30.605-0400] {dag.py:3096} INFO - Sync 1 DAGs
[2025-06-25T20:35:30.611-0400] {logging_mixin.py:188} INFO - [2025-06-25T20:35:30.611-0400] {dag.py:3954} INFO - Setting next_dagrun for example_branch_python_operator_decorator to 2025-06-25 00:00:00+00:00, run_after=2025-06-26 00:00:00+00:00
[2025-06-25T20:35:30.618-0400] {processor.py:183} INFO - Processing /opt/anaconda3/envs/airflow_env/lib/python3.10/site-packages/airflow/example_dags/example_branch_operator_decorator.py took 0.122 seconds
[2025-06-25T20:36:38.174-0400] {processor.py:161} INFO - Started process (PID=64514) to work on /opt/anaconda3/envs/airflow_env/lib/python3.10/site-packages/airflow/example_dags/example_branch_operator_decorator.py
[2025-06-25T20:36:38.175-0400] {processor.py:830} INFO - Processing file /opt/anaconda3/envs/airflow_env/lib/python3.10/site-packages/airflow/example_dags/example_branch_operator_decorator.py for tasks to queue
[2025-06-25T20:36:38.175-0400] {logging_mixin.py:188} INFO - [2025-06-25T20:36:38.175-0400] {dagbag.py:545} INFO - Filling up the DagBag from /opt/anaconda3/envs/airflow_env/lib/python3.10/site-packages/airflow/example_dags/example_branch_operator_decorator.py
[2025-06-25T20:36:38.193-0400] {processor.py:840} INFO - DAG(s) 'example_branch_python_operator_decorator' retrieved from /opt/anaconda3/envs/airflow_env/lib/python3.10/site-packages/airflow/example_dags/example_branch_operator_decorator.py
[2025-06-25T20:36:38.274-0400] {logging_mixin.py:188} INFO - [2025-06-25T20:36:38.273-0400] {dag.py:3096} INFO - Sync 1 DAGs
[2025-06-25T20:36:38.280-0400] {logging_mixin.py:188} INFO - [2025-06-25T20:36:38.279-0400] {dag.py:3954} INFO - Setting next_dagrun for example_branch_python_operator_decorator to 2025-06-25 00:00:00+00:00, run_after=2025-06-26 00:00:00+00:00
[2025-06-25T20:36:38.286-0400] {processor.py:183} INFO - Processing /opt/anaconda3/envs/airflow_env/lib/python3.10/site-packages/airflow/example_dags/example_branch_operator_decorator.py took 0.113 seconds
[2025-06-25T20:37:06.391-0400] {processor.py:161} INFO - Started process (PID=64577) to work on /opt/anaconda3/envs/airflow_env/lib/python3.10/site-packages/airflow/example_dags/example_branch_operator_decorator.py
[2025-06-25T20:37:06.391-0400] {processor.py:830} INFO - Processing file /opt/anaconda3/envs/airflow_env/lib/python3.10/site-packages/airflow/example_dags/example_branch_operator_decorator.py for tasks to queue
[2025-06-25T20:37:06.391-0400] {logging_mixin.py:188} INFO - [2025-06-25T20:37:06.391-0400] {dagbag.py:545} INFO - Filling up the DagBag from /opt/anaconda3/envs/airflow_env/lib/python3.10/site-packages/airflow/example_dags/example_branch_operator_decorator.py
[2025-06-25T20:37:06.414-0400] {processor.py:840} INFO - DAG(s) 'example_branch_python_operator_decorator' retrieved from /opt/anaconda3/envs/airflow_env/lib/python3.10/site-packages/airflow/example_dags/example_branch_operator_decorator.py
[2025-06-25T20:37:06.419-0400] {logging_mixin.py:188} INFO - [2025-06-25T20:37:06.419-0400] {dag.py:3096} INFO - Sync 1 DAGs
[2025-06-25T20:37:06.480-0400] {logging_mixin.py:188} INFO - [2025-06-25T20:37:06.480-0400] {dag.py:3954} INFO - Setting next_dagrun for example_branch_python_operator_decorator to 2025-06-25 00:00:00+00:00, run_after=2025-06-26 00:00:00+00:00
[2025-06-25T20:37:06.487-0400] {processor.py:183} INFO - Processing /opt/anaconda3/envs/airflow_env/lib/python3.10/site-packages/airflow/example_dags/example_branch_operator_decorator.py took 0.099 seconds
[2025-06-25T20:38:51.106-0400] {processor.py:161} INFO - Started process (PID=64816) to work on /opt/anaconda3/envs/airflow_env/lib/python3.10/site-packages/airflow/example_dags/example_branch_operator_decorator.py
[2025-06-25T20:38:51.107-0400] {processor.py:830} INFO - Processing file /opt/anaconda3/envs/airflow_env/lib/python3.10/site-packages/airflow/example_dags/example_branch_operator_decorator.py for tasks to queue
[2025-06-25T20:38:51.107-0400] {logging_mixin.py:188} INFO - [2025-06-25T20:38:51.107-0400] {dagbag.py:545} INFO - Filling up the DagBag from /opt/anaconda3/envs/airflow_env/lib/python3.10/site-packages/airflow/example_dags/example_branch_operator_decorator.py
[2025-06-25T20:38:51.131-0400] {processor.py:840} INFO - DAG(s) 'example_branch_python_operator_decorator' retrieved from /opt/anaconda3/envs/airflow_env/lib/python3.10/site-packages/airflow/example_dags/example_branch_operator_decorator.py
[2025-06-25T20:38:51.223-0400] {logging_mixin.py:188} INFO - [2025-06-25T20:38:51.223-0400] {dag.py:3096} INFO - Sync 1 DAGs
[2025-06-25T20:38:51.230-0400] {logging_mixin.py:188} INFO - [2025-06-25T20:38:51.230-0400] {dag.py:3954} INFO - Setting next_dagrun for example_branch_python_operator_decorator to 2025-06-25 00:00:00+00:00, run_after=2025-06-26 00:00:00+00:00
[2025-06-25T20:38:51.237-0400] {processor.py:183} INFO - Processing /opt/anaconda3/envs/airflow_env/lib/python3.10/site-packages/airflow/example_dags/example_branch_operator_decorator.py took 0.133 seconds
[2025-06-25T20:39:11.748-0400] {processor.py:161} INFO - Started process (PID=64857) to work on /opt/anaconda3/envs/airflow_env/lib/python3.10/site-packages/airflow/example_dags/example_branch_operator_decorator.py
[2025-06-25T20:39:11.748-0400] {processor.py:830} INFO - Processing file /opt/anaconda3/envs/airflow_env/lib/python3.10/site-packages/airflow/example_dags/example_branch_operator_decorator.py for tasks to queue
[2025-06-25T20:39:11.748-0400] {logging_mixin.py:188} INFO - [2025-06-25T20:39:11.748-0400] {dagbag.py:545} INFO - Filling up the DagBag from /opt/anaconda3/envs/airflow_env/lib/python3.10/site-packages/airflow/example_dags/example_branch_operator_decorator.py
[2025-06-25T20:39:11.766-0400] {processor.py:840} INFO - DAG(s) 'example_branch_python_operator_decorator' retrieved from /opt/anaconda3/envs/airflow_env/lib/python3.10/site-packages/airflow/example_dags/example_branch_operator_decorator.py
[2025-06-25T20:39:11.770-0400] {logging_mixin.py:188} INFO - [2025-06-25T20:39:11.770-0400] {dag.py:3096} INFO - Sync 1 DAGs
[2025-06-25T20:39:11.819-0400] {logging_mixin.py:188} INFO - [2025-06-25T20:39:11.819-0400] {dag.py:3954} INFO - Setting next_dagrun for example_branch_python_operator_decorator to 2025-06-25 00:00:00+00:00, run_after=2025-06-26 00:00:00+00:00
[2025-06-25T20:39:11.826-0400] {processor.py:183} INFO - Processing /opt/anaconda3/envs/airflow_env/lib/python3.10/site-packages/airflow/example_dags/example_branch_operator_decorator.py took 0.079 seconds
[2025-06-25T20:40:39.009-0400] {processor.py:161} INFO - Started process (PID=65038) to work on /opt/anaconda3/envs/airflow_env/lib/python3.10/site-packages/airflow/example_dags/example_branch_operator_decorator.py
[2025-06-25T20:40:39.010-0400] {processor.py:830} INFO - Processing file /opt/anaconda3/envs/airflow_env/lib/python3.10/site-packages/airflow/example_dags/example_branch_operator_decorator.py for tasks to queue
[2025-06-25T20:40:39.010-0400] {logging_mixin.py:188} INFO - [2025-06-25T20:40:39.010-0400] {dagbag.py:545} INFO - Filling up the DagBag from /opt/anaconda3/envs/airflow_env/lib/python3.10/site-packages/airflow/example_dags/example_branch_operator_decorator.py
[2025-06-25T20:40:39.028-0400] {processor.py:840} INFO - DAG(s) 'example_branch_python_operator_decorator' retrieved from /opt/anaconda3/envs/airflow_env/lib/python3.10/site-packages/airflow/example_dags/example_branch_operator_decorator.py
[2025-06-25T20:40:39.111-0400] {logging_mixin.py:188} INFO - [2025-06-25T20:40:39.111-0400] {dag.py:3096} INFO - Sync 1 DAGs
[2025-06-25T20:40:39.118-0400] {logging_mixin.py:188} INFO - [2025-06-25T20:40:39.118-0400] {dag.py:3954} INFO - Setting next_dagrun for example_branch_python_operator_decorator to 2025-06-25 00:00:00+00:00, run_after=2025-06-26 00:00:00+00:00
[2025-06-25T20:40:39.126-0400] {processor.py:183} INFO - Processing /opt/anaconda3/envs/airflow_env/lib/python3.10/site-packages/airflow/example_dags/example_branch_operator_decorator.py took 0.119 seconds
[2025-06-25T20:40:47.348-0400] {processor.py:161} INFO - Started process (PID=65054) to work on /opt/anaconda3/envs/airflow_env/lib/python3.10/site-packages/airflow/example_dags/example_branch_operator_decorator.py
[2025-06-25T20:40:47.348-0400] {processor.py:830} INFO - Processing file /opt/anaconda3/envs/airflow_env/lib/python3.10/site-packages/airflow/example_dags/example_branch_operator_decorator.py for tasks to queue
[2025-06-25T20:40:47.349-0400] {logging_mixin.py:188} INFO - [2025-06-25T20:40:47.349-0400] {dagbag.py:545} INFO - Filling up the DagBag from /opt/anaconda3/envs/airflow_env/lib/python3.10/site-packages/airflow/example_dags/example_branch_operator_decorator.py
[2025-06-25T20:40:47.366-0400] {processor.py:840} INFO - DAG(s) 'example_branch_python_operator_decorator' retrieved from /opt/anaconda3/envs/airflow_env/lib/python3.10/site-packages/airflow/example_dags/example_branch_operator_decorator.py
[2025-06-25T20:40:47.370-0400] {logging_mixin.py:188} INFO - [2025-06-25T20:40:47.370-0400] {dag.py:3096} INFO - Sync 1 DAGs
[2025-06-25T20:40:47.419-0400] {logging_mixin.py:188} INFO - [2025-06-25T20:40:47.419-0400] {dag.py:3954} INFO - Setting next_dagrun for example_branch_python_operator_decorator to 2025-06-25 00:00:00+00:00, run_after=2025-06-26 00:00:00+00:00
[2025-06-25T20:40:47.425-0400] {processor.py:183} INFO - Processing /opt/anaconda3/envs/airflow_env/lib/python3.10/site-packages/airflow/example_dags/example_branch_operator_decorator.py took 0.078 seconds
[2025-06-25T20:42:20.641-0400] {processor.py:161} INFO - Started process (PID=65238) to work on /opt/anaconda3/envs/airflow_env/lib/python3.10/site-packages/airflow/example_dags/example_branch_operator_decorator.py
[2025-06-25T20:42:20.641-0400] {processor.py:830} INFO - Processing file /opt/anaconda3/envs/airflow_env/lib/python3.10/site-packages/airflow/example_dags/example_branch_operator_decorator.py for tasks to queue
[2025-06-25T20:42:20.642-0400] {logging_mixin.py:188} INFO - [2025-06-25T20:42:20.641-0400] {dagbag.py:545} INFO - Filling up the DagBag from /opt/anaconda3/envs/airflow_env/lib/python3.10/site-packages/airflow/example_dags/example_branch_operator_decorator.py
[2025-06-25T20:42:20.659-0400] {processor.py:840} INFO - DAG(s) 'example_branch_python_operator_decorator' retrieved from /opt/anaconda3/envs/airflow_env/lib/python3.10/site-packages/airflow/example_dags/example_branch_operator_decorator.py
[2025-06-25T20:42:20.741-0400] {logging_mixin.py:188} INFO - [2025-06-25T20:42:20.740-0400] {dag.py:3096} INFO - Sync 1 DAGs
[2025-06-25T20:42:20.747-0400] {logging_mixin.py:188} INFO - [2025-06-25T20:42:20.746-0400] {dag.py:3954} INFO - Setting next_dagrun for example_branch_python_operator_decorator to 2025-06-25 00:00:00+00:00, run_after=2025-06-26 00:00:00+00:00
[2025-06-25T20:42:20.753-0400] {processor.py:183} INFO - Processing /opt/anaconda3/envs/airflow_env/lib/python3.10/site-packages/airflow/example_dags/example_branch_operator_decorator.py took 0.114 seconds
[2025-06-25T20:42:25.038-0400] {processor.py:161} INFO - Started process (PID=65247) to work on /opt/anaconda3/envs/airflow_env/lib/python3.10/site-packages/airflow/example_dags/example_branch_operator_decorator.py
[2025-06-25T20:42:25.038-0400] {processor.py:830} INFO - Processing file /opt/anaconda3/envs/airflow_env/lib/python3.10/site-packages/airflow/example_dags/example_branch_operator_decorator.py for tasks to queue
[2025-06-25T20:42:25.039-0400] {logging_mixin.py:188} INFO - [2025-06-25T20:42:25.039-0400] {dagbag.py:545} INFO - Filling up the DagBag from /opt/anaconda3/envs/airflow_env/lib/python3.10/site-packages/airflow/example_dags/example_branch_operator_decorator.py
[2025-06-25T20:42:25.057-0400] {processor.py:840} INFO - DAG(s) 'example_branch_python_operator_decorator' retrieved from /opt/anaconda3/envs/airflow_env/lib/python3.10/site-packages/airflow/example_dags/example_branch_operator_decorator.py
[2025-06-25T20:42:25.060-0400] {logging_mixin.py:188} INFO - [2025-06-25T20:42:25.060-0400] {dag.py:3096} INFO - Sync 1 DAGs
[2025-06-25T20:42:25.109-0400] {logging_mixin.py:188} INFO - [2025-06-25T20:42:25.109-0400] {dag.py:3954} INFO - Setting next_dagrun for example_branch_python_operator_decorator to 2025-06-25 00:00:00+00:00, run_after=2025-06-26 00:00:00+00:00
[2025-06-25T20:42:25.116-0400] {processor.py:183} INFO - Processing /opt/anaconda3/envs/airflow_env/lib/python3.10/site-packages/airflow/example_dags/example_branch_operator_decorator.py took 0.079 seconds
[2025-06-25T20:43:55.482-0400] {processor.py:161} INFO - Started process (PID=65487) to work on /opt/anaconda3/envs/airflow_env/lib/python3.10/site-packages/airflow/example_dags/example_branch_operator_decorator.py
[2025-06-25T20:43:55.483-0400] {processor.py:830} INFO - Processing file /opt/anaconda3/envs/airflow_env/lib/python3.10/site-packages/airflow/example_dags/example_branch_operator_decorator.py for tasks to queue
[2025-06-25T20:43:55.483-0400] {logging_mixin.py:188} INFO - [2025-06-25T20:43:55.483-0400] {dagbag.py:545} INFO - Filling up the DagBag from /opt/anaconda3/envs/airflow_env/lib/python3.10/site-packages/airflow/example_dags/example_branch_operator_decorator.py
[2025-06-25T20:43:55.502-0400] {processor.py:840} INFO - DAG(s) 'example_branch_python_operator_decorator' retrieved from /opt/anaconda3/envs/airflow_env/lib/python3.10/site-packages/airflow/example_dags/example_branch_operator_decorator.py
[2025-06-25T20:43:55.592-0400] {logging_mixin.py:188} INFO - [2025-06-25T20:43:55.592-0400] {dag.py:3096} INFO - Sync 1 DAGs
[2025-06-25T20:43:55.598-0400] {logging_mixin.py:188} INFO - [2025-06-25T20:43:55.598-0400] {dag.py:3954} INFO - Setting next_dagrun for example_branch_python_operator_decorator to 2025-06-25 00:00:00+00:00, run_after=2025-06-26 00:00:00+00:00
[2025-06-25T20:43:55.606-0400] {processor.py:183} INFO - Processing /opt/anaconda3/envs/airflow_env/lib/python3.10/site-packages/airflow/example_dags/example_branch_operator_decorator.py took 0.125 seconds
[2025-06-25T20:44:04.950-0400] {processor.py:161} INFO - Started process (PID=65507) to work on /opt/anaconda3/envs/airflow_env/lib/python3.10/site-packages/airflow/example_dags/example_branch_operator_decorator.py
[2025-06-25T20:44:04.950-0400] {processor.py:830} INFO - Processing file /opt/anaconda3/envs/airflow_env/lib/python3.10/site-packages/airflow/example_dags/example_branch_operator_decorator.py for tasks to queue
[2025-06-25T20:44:04.951-0400] {logging_mixin.py:188} INFO - [2025-06-25T20:44:04.950-0400] {dagbag.py:545} INFO - Filling up the DagBag from /opt/anaconda3/envs/airflow_env/lib/python3.10/site-packages/airflow/example_dags/example_branch_operator_decorator.py
[2025-06-25T20:44:04.971-0400] {processor.py:840} INFO - DAG(s) 'example_branch_python_operator_decorator' retrieved from /opt/anaconda3/envs/airflow_env/lib/python3.10/site-packages/airflow/example_dags/example_branch_operator_decorator.py
[2025-06-25T20:44:04.975-0400] {logging_mixin.py:188} INFO - [2025-06-25T20:44:04.975-0400] {dag.py:3096} INFO - Sync 1 DAGs
[2025-06-25T20:44:05.040-0400] {logging_mixin.py:188} INFO - [2025-06-25T20:44:05.040-0400] {dag.py:3954} INFO - Setting next_dagrun for example_branch_python_operator_decorator to 2025-06-25 00:00:00+00:00, run_after=2025-06-26 00:00:00+00:00
[2025-06-25T20:44:05.048-0400] {processor.py:183} INFO - Processing /opt/anaconda3/envs/airflow_env/lib/python3.10/site-packages/airflow/example_dags/example_branch_operator_decorator.py took 0.100 seconds
[2025-06-25T20:45:30.945-0400] {processor.py:161} INFO - Started process (PID=65711) to work on /opt/anaconda3/envs/airflow_env/lib/python3.10/site-packages/airflow/example_dags/example_branch_operator_decorator.py
[2025-06-25T20:45:30.946-0400] {processor.py:830} INFO - Processing file /opt/anaconda3/envs/airflow_env/lib/python3.10/site-packages/airflow/example_dags/example_branch_operator_decorator.py for tasks to queue
[2025-06-25T20:45:30.946-0400] {logging_mixin.py:188} INFO - [2025-06-25T20:45:30.946-0400] {dagbag.py:545} INFO - Filling up the DagBag from /opt/anaconda3/envs/airflow_env/lib/python3.10/site-packages/airflow/example_dags/example_branch_operator_decorator.py
[2025-06-25T20:45:30.969-0400] {processor.py:840} INFO - DAG(s) 'example_branch_python_operator_decorator' retrieved from /opt/anaconda3/envs/airflow_env/lib/python3.10/site-packages/airflow/example_dags/example_branch_operator_decorator.py
[2025-06-25T20:45:31.070-0400] {logging_mixin.py:188} INFO - [2025-06-25T20:45:31.069-0400] {dag.py:3096} INFO - Sync 1 DAGs
[2025-06-25T20:45:31.077-0400] {logging_mixin.py:188} INFO - [2025-06-25T20:45:31.077-0400] {dag.py:3954} INFO - Setting next_dagrun for example_branch_python_operator_decorator to 2025-06-25 00:00:00+00:00, run_after=2025-06-26 00:00:00+00:00
[2025-06-25T20:45:31.085-0400] {processor.py:183} INFO - Processing /opt/anaconda3/envs/airflow_env/lib/python3.10/site-packages/airflow/example_dags/example_branch_operator_decorator.py took 0.142 seconds
[2025-06-25T20:45:46.224-0400] {processor.py:161} INFO - Started process (PID=65763) to work on /opt/anaconda3/envs/airflow_env/lib/python3.10/site-packages/airflow/example_dags/example_branch_operator_decorator.py
[2025-06-25T20:45:46.225-0400] {processor.py:830} INFO - Processing file /opt/anaconda3/envs/airflow_env/lib/python3.10/site-packages/airflow/example_dags/example_branch_operator_decorator.py for tasks to queue
[2025-06-25T20:45:46.225-0400] {logging_mixin.py:188} INFO - [2025-06-25T20:45:46.225-0400] {dagbag.py:545} INFO - Filling up the DagBag from /opt/anaconda3/envs/airflow_env/lib/python3.10/site-packages/airflow/example_dags/example_branch_operator_decorator.py
[2025-06-25T20:45:46.245-0400] {processor.py:840} INFO - DAG(s) 'example_branch_python_operator_decorator' retrieved from /opt/anaconda3/envs/airflow_env/lib/python3.10/site-packages/airflow/example_dags/example_branch_operator_decorator.py
[2025-06-25T20:45:46.249-0400] {logging_mixin.py:188} INFO - [2025-06-25T20:45:46.249-0400] {dag.py:3096} INFO - Sync 1 DAGs
[2025-06-25T20:45:46.309-0400] {logging_mixin.py:188} INFO - [2025-06-25T20:45:46.309-0400] {dag.py:3954} INFO - Setting next_dagrun for example_branch_python_operator_decorator to 2025-06-25 00:00:00+00:00, run_after=2025-06-26 00:00:00+00:00
[2025-06-25T20:45:46.316-0400] {processor.py:183} INFO - Processing /opt/anaconda3/envs/airflow_env/lib/python3.10/site-packages/airflow/example_dags/example_branch_operator_decorator.py took 0.094 seconds
[2025-06-25T20:47:38.943-0400] {processor.py:161} INFO - Started process (PID=65987) to work on /opt/anaconda3/envs/airflow_env/lib/python3.10/site-packages/airflow/example_dags/example_branch_operator_decorator.py
[2025-06-25T20:47:38.944-0400] {processor.py:830} INFO - Processing file /opt/anaconda3/envs/airflow_env/lib/python3.10/site-packages/airflow/example_dags/example_branch_operator_decorator.py for tasks to queue
[2025-06-25T20:47:38.944-0400] {logging_mixin.py:188} INFO - [2025-06-25T20:47:38.944-0400] {dagbag.py:545} INFO - Filling up the DagBag from /opt/anaconda3/envs/airflow_env/lib/python3.10/site-packages/airflow/example_dags/example_branch_operator_decorator.py
[2025-06-25T20:47:38.962-0400] {processor.py:840} INFO - DAG(s) 'example_branch_python_operator_decorator' retrieved from /opt/anaconda3/envs/airflow_env/lib/python3.10/site-packages/airflow/example_dags/example_branch_operator_decorator.py
[2025-06-25T20:47:39.051-0400] {logging_mixin.py:188} INFO - [2025-06-25T20:47:39.051-0400] {dag.py:3096} INFO - Sync 1 DAGs
[2025-06-25T20:47:39.057-0400] {logging_mixin.py:188} INFO - [2025-06-25T20:47:39.057-0400] {dag.py:3954} INFO - Setting next_dagrun for example_branch_python_operator_decorator to 2025-06-25 00:00:00+00:00, run_after=2025-06-26 00:00:00+00:00
[2025-06-25T20:47:39.064-0400] {processor.py:183} INFO - Processing /opt/anaconda3/envs/airflow_env/lib/python3.10/site-packages/airflow/example_dags/example_branch_operator_decorator.py took 0.123 seconds
[2025-06-25T20:48:00.093-0400] {processor.py:161} INFO - Started process (PID=66066) to work on /opt/anaconda3/envs/airflow_env/lib/python3.10/site-packages/airflow/example_dags/example_branch_operator_decorator.py
[2025-06-25T20:48:00.093-0400] {processor.py:830} INFO - Processing file /opt/anaconda3/envs/airflow_env/lib/python3.10/site-packages/airflow/example_dags/example_branch_operator_decorator.py for tasks to queue
[2025-06-25T20:48:00.093-0400] {logging_mixin.py:188} INFO - [2025-06-25T20:48:00.093-0400] {dagbag.py:545} INFO - Filling up the DagBag from /opt/anaconda3/envs/airflow_env/lib/python3.10/site-packages/airflow/example_dags/example_branch_operator_decorator.py
[2025-06-25T20:48:00.111-0400] {processor.py:840} INFO - DAG(s) 'example_branch_python_operator_decorator' retrieved from /opt/anaconda3/envs/airflow_env/lib/python3.10/site-packages/airflow/example_dags/example_branch_operator_decorator.py
[2025-06-25T20:48:00.115-0400] {logging_mixin.py:188} INFO - [2025-06-25T20:48:00.115-0400] {dag.py:3096} INFO - Sync 1 DAGs
[2025-06-25T20:48:00.166-0400] {logging_mixin.py:188} INFO - [2025-06-25T20:48:00.166-0400] {dag.py:3954} INFO - Setting next_dagrun for example_branch_python_operator_decorator to 2025-06-25 00:00:00+00:00, run_after=2025-06-26 00:00:00+00:00
[2025-06-25T20:48:00.172-0400] {processor.py:183} INFO - Processing /opt/anaconda3/envs/airflow_env/lib/python3.10/site-packages/airflow/example_dags/example_branch_operator_decorator.py took 0.081 seconds
[2025-06-25T20:49:26.530-0400] {processor.py:161} INFO - Started process (PID=66242) to work on /opt/anaconda3/envs/airflow_env/lib/python3.10/site-packages/airflow/example_dags/example_branch_operator_decorator.py
[2025-06-25T20:49:26.530-0400] {processor.py:830} INFO - Processing file /opt/anaconda3/envs/airflow_env/lib/python3.10/site-packages/airflow/example_dags/example_branch_operator_decorator.py for tasks to queue
[2025-06-25T20:49:26.531-0400] {logging_mixin.py:188} INFO - [2025-06-25T20:49:26.531-0400] {dagbag.py:545} INFO - Filling up the DagBag from /opt/anaconda3/envs/airflow_env/lib/python3.10/site-packages/airflow/example_dags/example_branch_operator_decorator.py
[2025-06-25T20:49:26.554-0400] {processor.py:840} INFO - DAG(s) 'example_branch_python_operator_decorator' retrieved from /opt/anaconda3/envs/airflow_env/lib/python3.10/site-packages/airflow/example_dags/example_branch_operator_decorator.py
[2025-06-25T20:49:26.656-0400] {logging_mixin.py:188} INFO - [2025-06-25T20:49:26.656-0400] {dag.py:3096} INFO - Sync 1 DAGs
[2025-06-25T20:49:26.663-0400] {logging_mixin.py:188} INFO - [2025-06-25T20:49:26.663-0400] {dag.py:3954} INFO - Setting next_dagrun for example_branch_python_operator_decorator to 2025-06-25 00:00:00+00:00, run_after=2025-06-26 00:00:00+00:00
[2025-06-25T20:49:26.671-0400] {processor.py:183} INFO - Processing /opt/anaconda3/envs/airflow_env/lib/python3.10/site-packages/airflow/example_dags/example_branch_operator_decorator.py took 0.143 seconds
[2025-06-25T20:49:38.869-0400] {processor.py:161} INFO - Started process (PID=66286) to work on /opt/anaconda3/envs/airflow_env/lib/python3.10/site-packages/airflow/example_dags/example_branch_operator_decorator.py
[2025-06-25T20:49:38.870-0400] {processor.py:830} INFO - Processing file /opt/anaconda3/envs/airflow_env/lib/python3.10/site-packages/airflow/example_dags/example_branch_operator_decorator.py for tasks to queue
[2025-06-25T20:49:38.870-0400] {logging_mixin.py:188} INFO - [2025-06-25T20:49:38.870-0400] {dagbag.py:545} INFO - Filling up the DagBag from /opt/anaconda3/envs/airflow_env/lib/python3.10/site-packages/airflow/example_dags/example_branch_operator_decorator.py
[2025-06-25T20:49:38.901-0400] {processor.py:840} INFO - DAG(s) 'example_branch_python_operator_decorator' retrieved from /opt/anaconda3/envs/airflow_env/lib/python3.10/site-packages/airflow/example_dags/example_branch_operator_decorator.py
[2025-06-25T20:49:38.906-0400] {logging_mixin.py:188} INFO - [2025-06-25T20:49:38.905-0400] {dag.py:3096} INFO - Sync 1 DAGs
[2025-06-25T20:49:38.998-0400] {logging_mixin.py:188} INFO - [2025-06-25T20:49:38.998-0400] {dag.py:3954} INFO - Setting next_dagrun for example_branch_python_operator_decorator to 2025-06-25 00:00:00+00:00, run_after=2025-06-26 00:00:00+00:00
[2025-06-25T20:49:39.009-0400] {processor.py:183} INFO - Processing /opt/anaconda3/envs/airflow_env/lib/python3.10/site-packages/airflow/example_dags/example_branch_operator_decorator.py took 0.142 seconds
[2025-06-25T20:51:43.673-0400] {processor.py:161} INFO - Started process (PID=66556) to work on /opt/anaconda3/envs/airflow_env/lib/python3.10/site-packages/airflow/example_dags/example_branch_operator_decorator.py
[2025-06-25T20:51:43.674-0400] {processor.py:830} INFO - Processing file /opt/anaconda3/envs/airflow_env/lib/python3.10/site-packages/airflow/example_dags/example_branch_operator_decorator.py for tasks to queue
[2025-06-25T20:51:43.674-0400] {logging_mixin.py:188} INFO - [2025-06-25T20:51:43.674-0400] {dagbag.py:545} INFO - Filling up the DagBag from /opt/anaconda3/envs/airflow_env/lib/python3.10/site-packages/airflow/example_dags/example_branch_operator_decorator.py
[2025-06-25T20:51:43.695-0400] {processor.py:840} INFO - DAG(s) 'example_branch_python_operator_decorator' retrieved from /opt/anaconda3/envs/airflow_env/lib/python3.10/site-packages/airflow/example_dags/example_branch_operator_decorator.py
[2025-06-25T20:51:43.798-0400] {logging_mixin.py:188} INFO - [2025-06-25T20:51:43.798-0400] {dag.py:3096} INFO - Sync 1 DAGs
[2025-06-25T20:51:43.806-0400] {logging_mixin.py:188} INFO - [2025-06-25T20:51:43.805-0400] {dag.py:3954} INFO - Setting next_dagrun for example_branch_python_operator_decorator to 2025-06-25 00:00:00+00:00, run_after=2025-06-26 00:00:00+00:00
[2025-06-25T20:51:43.814-0400] {processor.py:183} INFO - Processing /opt/anaconda3/envs/airflow_env/lib/python3.10/site-packages/airflow/example_dags/example_branch_operator_decorator.py took 0.143 seconds
[2025-06-25T20:51:52.620-0400] {processor.py:161} INFO - Started process (PID=66576) to work on /opt/anaconda3/envs/airflow_env/lib/python3.10/site-packages/airflow/example_dags/example_branch_operator_decorator.py
[2025-06-25T20:51:52.620-0400] {processor.py:830} INFO - Processing file /opt/anaconda3/envs/airflow_env/lib/python3.10/site-packages/airflow/example_dags/example_branch_operator_decorator.py for tasks to queue
[2025-06-25T20:51:52.620-0400] {logging_mixin.py:188} INFO - [2025-06-25T20:51:52.620-0400] {dagbag.py:545} INFO - Filling up the DagBag from /opt/anaconda3/envs/airflow_env/lib/python3.10/site-packages/airflow/example_dags/example_branch_operator_decorator.py
[2025-06-25T20:51:52.641-0400] {processor.py:840} INFO - DAG(s) 'example_branch_python_operator_decorator' retrieved from /opt/anaconda3/envs/airflow_env/lib/python3.10/site-packages/airflow/example_dags/example_branch_operator_decorator.py
[2025-06-25T20:51:52.645-0400] {logging_mixin.py:188} INFO - [2025-06-25T20:51:52.645-0400] {dag.py:3096} INFO - Sync 1 DAGs
[2025-06-25T20:51:52.707-0400] {logging_mixin.py:188} INFO - [2025-06-25T20:51:52.707-0400] {dag.py:3954} INFO - Setting next_dagrun for example_branch_python_operator_decorator to 2025-06-25 00:00:00+00:00, run_after=2025-06-26 00:00:00+00:00
[2025-06-25T20:51:52.714-0400] {processor.py:183} INFO - Processing /opt/anaconda3/envs/airflow_env/lib/python3.10/site-packages/airflow/example_dags/example_branch_operator_decorator.py took 0.097 seconds
[2025-06-25T20:54:04.035-0400] {processor.py:161} INFO - Started process (PID=66879) to work on /opt/anaconda3/envs/airflow_env/lib/python3.10/site-packages/airflow/example_dags/example_branch_operator_decorator.py
[2025-06-25T20:54:04.035-0400] {processor.py:830} INFO - Processing file /opt/anaconda3/envs/airflow_env/lib/python3.10/site-packages/airflow/example_dags/example_branch_operator_decorator.py for tasks to queue
[2025-06-25T20:54:04.036-0400] {logging_mixin.py:188} INFO - [2025-06-25T20:54:04.036-0400] {dagbag.py:545} INFO - Filling up the DagBag from /opt/anaconda3/envs/airflow_env/lib/python3.10/site-packages/airflow/example_dags/example_branch_operator_decorator.py
[2025-06-25T20:54:04.057-0400] {processor.py:840} INFO - DAG(s) 'example_branch_python_operator_decorator' retrieved from /opt/anaconda3/envs/airflow_env/lib/python3.10/site-packages/airflow/example_dags/example_branch_operator_decorator.py
[2025-06-25T20:54:04.149-0400] {logging_mixin.py:188} INFO - [2025-06-25T20:54:04.149-0400] {dag.py:3096} INFO - Sync 1 DAGs
[2025-06-25T20:54:04.156-0400] {logging_mixin.py:188} INFO - [2025-06-25T20:54:04.156-0400] {dag.py:3954} INFO - Setting next_dagrun for example_branch_python_operator_decorator to 2025-06-25 00:00:00+00:00, run_after=2025-06-26 00:00:00+00:00
[2025-06-25T20:54:04.163-0400] {processor.py:183} INFO - Processing /opt/anaconda3/envs/airflow_env/lib/python3.10/site-packages/airflow/example_dags/example_branch_operator_decorator.py took 0.130 seconds
[2025-06-25T20:54:37.393-0400] {processor.py:161} INFO - Started process (PID=66943) to work on /opt/anaconda3/envs/airflow_env/lib/python3.10/site-packages/airflow/example_dags/example_branch_operator_decorator.py
[2025-06-25T20:54:37.394-0400] {processor.py:830} INFO - Processing file /opt/anaconda3/envs/airflow_env/lib/python3.10/site-packages/airflow/example_dags/example_branch_operator_decorator.py for tasks to queue
[2025-06-25T20:54:37.394-0400] {logging_mixin.py:188} INFO - [2025-06-25T20:54:37.394-0400] {dagbag.py:545} INFO - Filling up the DagBag from /opt/anaconda3/envs/airflow_env/lib/python3.10/site-packages/airflow/example_dags/example_branch_operator_decorator.py
[2025-06-25T20:54:37.415-0400] {processor.py:840} INFO - DAG(s) 'example_branch_python_operator_decorator' retrieved from /opt/anaconda3/envs/airflow_env/lib/python3.10/site-packages/airflow/example_dags/example_branch_operator_decorator.py
[2025-06-25T20:54:37.512-0400] {logging_mixin.py:188} INFO - [2025-06-25T20:54:37.512-0400] {dag.py:3096} INFO - Sync 1 DAGs
[2025-06-25T20:54:37.519-0400] {logging_mixin.py:188} INFO - [2025-06-25T20:54:37.518-0400] {dag.py:3954} INFO - Setting next_dagrun for example_branch_python_operator_decorator to 2025-06-25 00:00:00+00:00, run_after=2025-06-26 00:00:00+00:00
[2025-06-25T20:54:37.526-0400] {processor.py:183} INFO - Processing /opt/anaconda3/envs/airflow_env/lib/python3.10/site-packages/airflow/example_dags/example_branch_operator_decorator.py took 0.135 seconds
[2025-06-25T20:55:57.979-0400] {processor.py:161} INFO - Started process (PID=67124) to work on /opt/anaconda3/envs/airflow_env/lib/python3.10/site-packages/airflow/example_dags/example_branch_operator_decorator.py
[2025-06-25T20:55:57.981-0400] {processor.py:830} INFO - Processing file /opt/anaconda3/envs/airflow_env/lib/python3.10/site-packages/airflow/example_dags/example_branch_operator_decorator.py for tasks to queue
[2025-06-25T20:55:57.981-0400] {logging_mixin.py:188} INFO - [2025-06-25T20:55:57.981-0400] {dagbag.py:545} INFO - Filling up the DagBag from /opt/anaconda3/envs/airflow_env/lib/python3.10/site-packages/airflow/example_dags/example_branch_operator_decorator.py
[2025-06-25T20:55:57.998-0400] {processor.py:840} INFO - DAG(s) 'example_branch_python_operator_decorator' retrieved from /opt/anaconda3/envs/airflow_env/lib/python3.10/site-packages/airflow/example_dags/example_branch_operator_decorator.py
[2025-06-25T20:55:58.080-0400] {logging_mixin.py:188} INFO - [2025-06-25T20:55:58.080-0400] {dag.py:3096} INFO - Sync 1 DAGs
[2025-06-25T20:55:58.086-0400] {logging_mixin.py:188} INFO - [2025-06-25T20:55:58.086-0400] {dag.py:3954} INFO - Setting next_dagrun for example_branch_python_operator_decorator to 2025-06-25 00:00:00+00:00, run_after=2025-06-26 00:00:00+00:00
[2025-06-25T20:55:58.093-0400] {processor.py:183} INFO - Processing /opt/anaconda3/envs/airflow_env/lib/python3.10/site-packages/airflow/example_dags/example_branch_operator_decorator.py took 0.115 seconds
[2025-06-25T20:56:24.740-0400] {processor.py:161} INFO - Started process (PID=67164) to work on /opt/anaconda3/envs/airflow_env/lib/python3.10/site-packages/airflow/example_dags/example_branch_operator_decorator.py
[2025-06-25T20:56:24.740-0400] {processor.py:830} INFO - Processing file /opt/anaconda3/envs/airflow_env/lib/python3.10/site-packages/airflow/example_dags/example_branch_operator_decorator.py for tasks to queue
[2025-06-25T20:56:24.741-0400] {logging_mixin.py:188} INFO - [2025-06-25T20:56:24.741-0400] {dagbag.py:545} INFO - Filling up the DagBag from /opt/anaconda3/envs/airflow_env/lib/python3.10/site-packages/airflow/example_dags/example_branch_operator_decorator.py
[2025-06-25T20:56:24.758-0400] {processor.py:840} INFO - DAG(s) 'example_branch_python_operator_decorator' retrieved from /opt/anaconda3/envs/airflow_env/lib/python3.10/site-packages/airflow/example_dags/example_branch_operator_decorator.py
[2025-06-25T20:56:24.762-0400] {logging_mixin.py:188} INFO - [2025-06-25T20:56:24.762-0400] {dag.py:3096} INFO - Sync 1 DAGs
[2025-06-25T20:56:24.810-0400] {logging_mixin.py:188} INFO - [2025-06-25T20:56:24.810-0400] {dag.py:3954} INFO - Setting next_dagrun for example_branch_python_operator_decorator to 2025-06-25 00:00:00+00:00, run_after=2025-06-26 00:00:00+00:00
[2025-06-25T20:56:24.816-0400] {processor.py:183} INFO - Processing /opt/anaconda3/envs/airflow_env/lib/python3.10/site-packages/airflow/example_dags/example_branch_operator_decorator.py took 0.078 seconds
[2025-06-25T20:57:31.689-0400] {processor.py:161} INFO - Started process (PID=67282) to work on /opt/anaconda3/envs/airflow_env/lib/python3.10/site-packages/airflow/example_dags/example_branch_operator_decorator.py
[2025-06-25T20:57:31.690-0400] {processor.py:830} INFO - Processing file /opt/anaconda3/envs/airflow_env/lib/python3.10/site-packages/airflow/example_dags/example_branch_operator_decorator.py for tasks to queue
[2025-06-25T20:57:31.690-0400] {logging_mixin.py:188} INFO - [2025-06-25T20:57:31.690-0400] {dagbag.py:545} INFO - Filling up the DagBag from /opt/anaconda3/envs/airflow_env/lib/python3.10/site-packages/airflow/example_dags/example_branch_operator_decorator.py
[2025-06-25T20:57:31.710-0400] {processor.py:840} INFO - DAG(s) 'example_branch_python_operator_decorator' retrieved from /opt/anaconda3/envs/airflow_env/lib/python3.10/site-packages/airflow/example_dags/example_branch_operator_decorator.py
[2025-06-25T20:57:31.805-0400] {logging_mixin.py:188} INFO - [2025-06-25T20:57:31.805-0400] {dag.py:3096} INFO - Sync 1 DAGs
[2025-06-25T20:57:31.811-0400] {logging_mixin.py:188} INFO - [2025-06-25T20:57:31.811-0400] {dag.py:3954} INFO - Setting next_dagrun for example_branch_python_operator_decorator to 2025-06-25 00:00:00+00:00, run_after=2025-06-26 00:00:00+00:00
[2025-06-25T20:57:31.818-0400] {processor.py:183} INFO - Processing /opt/anaconda3/envs/airflow_env/lib/python3.10/site-packages/airflow/example_dags/example_branch_operator_decorator.py took 0.131 seconds
[2025-06-25T20:58:00.665-0400] {processor.py:161} INFO - Started process (PID=67351) to work on /opt/anaconda3/envs/airflow_env/lib/python3.10/site-packages/airflow/example_dags/example_branch_operator_decorator.py
[2025-06-25T20:58:00.666-0400] {processor.py:830} INFO - Processing file /opt/anaconda3/envs/airflow_env/lib/python3.10/site-packages/airflow/example_dags/example_branch_operator_decorator.py for tasks to queue
[2025-06-25T20:58:00.666-0400] {logging_mixin.py:188} INFO - [2025-06-25T20:58:00.666-0400] {dagbag.py:545} INFO - Filling up the DagBag from /opt/anaconda3/envs/airflow_env/lib/python3.10/site-packages/airflow/example_dags/example_branch_operator_decorator.py
[2025-06-25T20:58:00.685-0400] {processor.py:840} INFO - DAG(s) 'example_branch_python_operator_decorator' retrieved from /opt/anaconda3/envs/airflow_env/lib/python3.10/site-packages/airflow/example_dags/example_branch_operator_decorator.py
[2025-06-25T20:58:00.689-0400] {logging_mixin.py:188} INFO - [2025-06-25T20:58:00.688-0400] {dag.py:3096} INFO - Sync 1 DAGs
[2025-06-25T20:58:00.739-0400] {logging_mixin.py:188} INFO - [2025-06-25T20:58:00.739-0400] {dag.py:3954} INFO - Setting next_dagrun for example_branch_python_operator_decorator to 2025-06-25 00:00:00+00:00, run_after=2025-06-26 00:00:00+00:00
[2025-06-25T20:58:00.746-0400] {processor.py:183} INFO - Processing /opt/anaconda3/envs/airflow_env/lib/python3.10/site-packages/airflow/example_dags/example_branch_operator_decorator.py took 0.083 seconds
[2025-06-25T20:59:09.567-0400] {processor.py:161} INFO - Started process (PID=67474) to work on /opt/anaconda3/envs/airflow_env/lib/python3.10/site-packages/airflow/example_dags/example_branch_operator_decorator.py
[2025-06-25T20:59:09.567-0400] {processor.py:830} INFO - Processing file /opt/anaconda3/envs/airflow_env/lib/python3.10/site-packages/airflow/example_dags/example_branch_operator_decorator.py for tasks to queue
[2025-06-25T20:59:09.567-0400] {logging_mixin.py:188} INFO - [2025-06-25T20:59:09.567-0400] {dagbag.py:545} INFO - Filling up the DagBag from /opt/anaconda3/envs/airflow_env/lib/python3.10/site-packages/airflow/example_dags/example_branch_operator_decorator.py
[2025-06-25T20:59:09.586-0400] {processor.py:840} INFO - DAG(s) 'example_branch_python_operator_decorator' retrieved from /opt/anaconda3/envs/airflow_env/lib/python3.10/site-packages/airflow/example_dags/example_branch_operator_decorator.py
[2025-06-25T20:59:09.677-0400] {logging_mixin.py:188} INFO - [2025-06-25T20:59:09.677-0400] {dag.py:3096} INFO - Sync 1 DAGs
[2025-06-25T20:59:09.683-0400] {logging_mixin.py:188} INFO - [2025-06-25T20:59:09.683-0400] {dag.py:3954} INFO - Setting next_dagrun for example_branch_python_operator_decorator to 2025-06-25 00:00:00+00:00, run_after=2025-06-26 00:00:00+00:00
[2025-06-25T20:59:09.689-0400] {processor.py:183} INFO - Processing /opt/anaconda3/envs/airflow_env/lib/python3.10/site-packages/airflow/example_dags/example_branch_operator_decorator.py took 0.124 seconds
[2025-06-25T20:59:36.155-0400] {processor.py:161} INFO - Started process (PID=67525) to work on /opt/anaconda3/envs/airflow_env/lib/python3.10/site-packages/airflow/example_dags/example_branch_operator_decorator.py
[2025-06-25T20:59:36.156-0400] {processor.py:830} INFO - Processing file /opt/anaconda3/envs/airflow_env/lib/python3.10/site-packages/airflow/example_dags/example_branch_operator_decorator.py for tasks to queue
[2025-06-25T20:59:36.157-0400] {logging_mixin.py:188} INFO - [2025-06-25T20:59:36.157-0400] {dagbag.py:545} INFO - Filling up the DagBag from /opt/anaconda3/envs/airflow_env/lib/python3.10/site-packages/airflow/example_dags/example_branch_operator_decorator.py
[2025-06-25T20:59:36.176-0400] {processor.py:840} INFO - DAG(s) 'example_branch_python_operator_decorator' retrieved from /opt/anaconda3/envs/airflow_env/lib/python3.10/site-packages/airflow/example_dags/example_branch_operator_decorator.py
[2025-06-25T20:59:36.180-0400] {logging_mixin.py:188} INFO - [2025-06-25T20:59:36.179-0400] {dag.py:3096} INFO - Sync 1 DAGs
[2025-06-25T20:59:36.230-0400] {logging_mixin.py:188} INFO - [2025-06-25T20:59:36.230-0400] {dag.py:3954} INFO - Setting next_dagrun for example_branch_python_operator_decorator to 2025-06-25 00:00:00+00:00, run_after=2025-06-26 00:00:00+00:00
[2025-06-25T20:59:36.237-0400] {processor.py:183} INFO - Processing /opt/anaconda3/envs/airflow_env/lib/python3.10/site-packages/airflow/example_dags/example_branch_operator_decorator.py took 0.083 seconds
[2025-06-25T21:00:48.983-0400] {processor.py:161} INFO - Started process (PID=67660) to work on /opt/anaconda3/envs/airflow_env/lib/python3.10/site-packages/airflow/example_dags/example_branch_operator_decorator.py
[2025-06-25T21:00:48.984-0400] {processor.py:830} INFO - Processing file /opt/anaconda3/envs/airflow_env/lib/python3.10/site-packages/airflow/example_dags/example_branch_operator_decorator.py for tasks to queue
[2025-06-25T21:00:48.984-0400] {logging_mixin.py:188} INFO - [2025-06-25T21:00:48.984-0400] {dagbag.py:545} INFO - Filling up the DagBag from /opt/anaconda3/envs/airflow_env/lib/python3.10/site-packages/airflow/example_dags/example_branch_operator_decorator.py
[2025-06-25T21:00:49.002-0400] {processor.py:840} INFO - DAG(s) 'example_branch_python_operator_decorator' retrieved from /opt/anaconda3/envs/airflow_env/lib/python3.10/site-packages/airflow/example_dags/example_branch_operator_decorator.py
[2025-06-25T21:00:49.084-0400] {logging_mixin.py:188} INFO - [2025-06-25T21:00:49.084-0400] {dag.py:3096} INFO - Sync 1 DAGs
[2025-06-25T21:00:49.090-0400] {logging_mixin.py:188} INFO - [2025-06-25T21:00:49.090-0400] {dag.py:3954} INFO - Setting next_dagrun for example_branch_python_operator_decorator to 2025-06-25 00:00:00+00:00, run_after=2025-06-26 00:00:00+00:00
[2025-06-25T21:00:49.097-0400] {processor.py:183} INFO - Processing /opt/anaconda3/envs/airflow_env/lib/python3.10/site-packages/airflow/example_dags/example_branch_operator_decorator.py took 0.116 seconds
[2025-06-25T21:01:10.404-0400] {processor.py:161} INFO - Started process (PID=67691) to work on /opt/anaconda3/envs/airflow_env/lib/python3.10/site-packages/airflow/example_dags/example_branch_operator_decorator.py
[2025-06-25T21:01:10.404-0400] {processor.py:830} INFO - Processing file /opt/anaconda3/envs/airflow_env/lib/python3.10/site-packages/airflow/example_dags/example_branch_operator_decorator.py for tasks to queue
[2025-06-25T21:01:10.404-0400] {logging_mixin.py:188} INFO - [2025-06-25T21:01:10.404-0400] {dagbag.py:545} INFO - Filling up the DagBag from /opt/anaconda3/envs/airflow_env/lib/python3.10/site-packages/airflow/example_dags/example_branch_operator_decorator.py
[2025-06-25T21:01:10.424-0400] {processor.py:840} INFO - DAG(s) 'example_branch_python_operator_decorator' retrieved from /opt/anaconda3/envs/airflow_env/lib/python3.10/site-packages/airflow/example_dags/example_branch_operator_decorator.py
[2025-06-25T21:01:10.427-0400] {logging_mixin.py:188} INFO - [2025-06-25T21:01:10.427-0400] {dag.py:3096} INFO - Sync 1 DAGs
[2025-06-25T21:01:10.486-0400] {logging_mixin.py:188} INFO - [2025-06-25T21:01:10.486-0400] {dag.py:3954} INFO - Setting next_dagrun for example_branch_python_operator_decorator to 2025-06-25 00:00:00+00:00, run_after=2025-06-26 00:00:00+00:00
[2025-06-25T21:01:10.495-0400] {processor.py:183} INFO - Processing /opt/anaconda3/envs/airflow_env/lib/python3.10/site-packages/airflow/example_dags/example_branch_operator_decorator.py took 0.094 seconds
[2025-06-25T21:02:22.423-0400] {processor.py:161} INFO - Started process (PID=67793) to work on /opt/anaconda3/envs/airflow_env/lib/python3.10/site-packages/airflow/example_dags/example_branch_operator_decorator.py
[2025-06-25T21:02:22.423-0400] {processor.py:830} INFO - Processing file /opt/anaconda3/envs/airflow_env/lib/python3.10/site-packages/airflow/example_dags/example_branch_operator_decorator.py for tasks to queue
[2025-06-25T21:02:22.423-0400] {logging_mixin.py:188} INFO - [2025-06-25T21:02:22.423-0400] {dagbag.py:545} INFO - Filling up the DagBag from /opt/anaconda3/envs/airflow_env/lib/python3.10/site-packages/airflow/example_dags/example_branch_operator_decorator.py
[2025-06-25T21:02:22.441-0400] {processor.py:840} INFO - DAG(s) 'example_branch_python_operator_decorator' retrieved from /opt/anaconda3/envs/airflow_env/lib/python3.10/site-packages/airflow/example_dags/example_branch_operator_decorator.py
[2025-06-25T21:02:22.521-0400] {logging_mixin.py:188} INFO - [2025-06-25T21:02:22.521-0400] {dag.py:3096} INFO - Sync 1 DAGs
[2025-06-25T21:02:22.527-0400] {logging_mixin.py:188} INFO - [2025-06-25T21:02:22.527-0400] {dag.py:3954} INFO - Setting next_dagrun for example_branch_python_operator_decorator to 2025-06-25 00:00:00+00:00, run_after=2025-06-26 00:00:00+00:00
[2025-06-25T21:02:22.534-0400] {processor.py:183} INFO - Processing /opt/anaconda3/envs/airflow_env/lib/python3.10/site-packages/airflow/example_dags/example_branch_operator_decorator.py took 0.112 seconds
[2025-06-25T21:02:41.630-0400] {processor.py:161} INFO - Started process (PID=67823) to work on /opt/anaconda3/envs/airflow_env/lib/python3.10/site-packages/airflow/example_dags/example_branch_operator_decorator.py
[2025-06-25T21:02:41.630-0400] {processor.py:830} INFO - Processing file /opt/anaconda3/envs/airflow_env/lib/python3.10/site-packages/airflow/example_dags/example_branch_operator_decorator.py for tasks to queue
[2025-06-25T21:02:41.630-0400] {logging_mixin.py:188} INFO - [2025-06-25T21:02:41.630-0400] {dagbag.py:545} INFO - Filling up the DagBag from /opt/anaconda3/envs/airflow_env/lib/python3.10/site-packages/airflow/example_dags/example_branch_operator_decorator.py
[2025-06-25T21:02:41.649-0400] {processor.py:840} INFO - DAG(s) 'example_branch_python_operator_decorator' retrieved from /opt/anaconda3/envs/airflow_env/lib/python3.10/site-packages/airflow/example_dags/example_branch_operator_decorator.py
[2025-06-25T21:02:41.652-0400] {logging_mixin.py:188} INFO - [2025-06-25T21:02:41.652-0400] {dag.py:3096} INFO - Sync 1 DAGs
[2025-06-25T21:02:41.700-0400] {logging_mixin.py:188} INFO - [2025-06-25T21:02:41.700-0400] {dag.py:3954} INFO - Setting next_dagrun for example_branch_python_operator_decorator to 2025-06-25 00:00:00+00:00, run_after=2025-06-26 00:00:00+00:00
[2025-06-25T21:02:41.707-0400] {processor.py:183} INFO - Processing /opt/anaconda3/envs/airflow_env/lib/python3.10/site-packages/airflow/example_dags/example_branch_operator_decorator.py took 0.079 seconds
[2025-06-25T21:03:55.358-0400] {processor.py:161} INFO - Started process (PID=67929) to work on /opt/anaconda3/envs/airflow_env/lib/python3.10/site-packages/airflow/example_dags/example_branch_operator_decorator.py
[2025-06-25T21:03:55.360-0400] {processor.py:830} INFO - Processing file /opt/anaconda3/envs/airflow_env/lib/python3.10/site-packages/airflow/example_dags/example_branch_operator_decorator.py for tasks to queue
[2025-06-25T21:03:55.360-0400] {logging_mixin.py:188} INFO - [2025-06-25T21:03:55.360-0400] {dagbag.py:545} INFO - Filling up the DagBag from /opt/anaconda3/envs/airflow_env/lib/python3.10/site-packages/airflow/example_dags/example_branch_operator_decorator.py
[2025-06-25T21:03:55.380-0400] {processor.py:840} INFO - DAG(s) 'example_branch_python_operator_decorator' retrieved from /opt/anaconda3/envs/airflow_env/lib/python3.10/site-packages/airflow/example_dags/example_branch_operator_decorator.py
[2025-06-25T21:03:55.480-0400] {logging_mixin.py:188} INFO - [2025-06-25T21:03:55.480-0400] {dag.py:3096} INFO - Sync 1 DAGs
[2025-06-25T21:03:55.487-0400] {logging_mixin.py:188} INFO - [2025-06-25T21:03:55.487-0400] {dag.py:3954} INFO - Setting next_dagrun for example_branch_python_operator_decorator to 2025-06-25 00:00:00+00:00, run_after=2025-06-26 00:00:00+00:00
[2025-06-25T21:03:55.495-0400] {processor.py:183} INFO - Processing /opt/anaconda3/envs/airflow_env/lib/python3.10/site-packages/airflow/example_dags/example_branch_operator_decorator.py took 0.138 seconds
[2025-06-25T21:04:14.880-0400] {processor.py:161} INFO - Started process (PID=67971) to work on /opt/anaconda3/envs/airflow_env/lib/python3.10/site-packages/airflow/example_dags/example_branch_operator_decorator.py
[2025-06-25T21:04:14.880-0400] {processor.py:830} INFO - Processing file /opt/anaconda3/envs/airflow_env/lib/python3.10/site-packages/airflow/example_dags/example_branch_operator_decorator.py for tasks to queue
[2025-06-25T21:04:14.881-0400] {logging_mixin.py:188} INFO - [2025-06-25T21:04:14.881-0400] {dagbag.py:545} INFO - Filling up the DagBag from /opt/anaconda3/envs/airflow_env/lib/python3.10/site-packages/airflow/example_dags/example_branch_operator_decorator.py
[2025-06-25T21:04:14.912-0400] {processor.py:840} INFO - DAG(s) 'example_branch_python_operator_decorator' retrieved from /opt/anaconda3/envs/airflow_env/lib/python3.10/site-packages/airflow/example_dags/example_branch_operator_decorator.py
[2025-06-25T21:04:14.917-0400] {logging_mixin.py:188} INFO - [2025-06-25T21:04:14.917-0400] {dag.py:3096} INFO - Sync 1 DAGs
[2025-06-25T21:04:15.017-0400] {logging_mixin.py:188} INFO - [2025-06-25T21:04:15.017-0400] {dag.py:3954} INFO - Setting next_dagrun for example_branch_python_operator_decorator to 2025-06-25 00:00:00+00:00, run_after=2025-06-26 00:00:00+00:00
[2025-06-25T21:04:15.031-0400] {processor.py:183} INFO - Processing /opt/anaconda3/envs/airflow_env/lib/python3.10/site-packages/airflow/example_dags/example_branch_operator_decorator.py took 0.154 seconds
[2025-06-25T21:05:33.910-0400] {processor.py:161} INFO - Started process (PID=68107) to work on /opt/anaconda3/envs/airflow_env/lib/python3.10/site-packages/airflow/example_dags/example_branch_operator_decorator.py
[2025-06-25T21:05:33.911-0400] {processor.py:830} INFO - Processing file /opt/anaconda3/envs/airflow_env/lib/python3.10/site-packages/airflow/example_dags/example_branch_operator_decorator.py for tasks to queue
[2025-06-25T21:05:33.912-0400] {logging_mixin.py:188} INFO - [2025-06-25T21:05:33.912-0400] {dagbag.py:545} INFO - Filling up the DagBag from /opt/anaconda3/envs/airflow_env/lib/python3.10/site-packages/airflow/example_dags/example_branch_operator_decorator.py
[2025-06-25T21:05:33.932-0400] {processor.py:840} INFO - DAG(s) 'example_branch_python_operator_decorator' retrieved from /opt/anaconda3/envs/airflow_env/lib/python3.10/site-packages/airflow/example_dags/example_branch_operator_decorator.py
[2025-06-25T21:05:34.038-0400] {logging_mixin.py:188} INFO - [2025-06-25T21:05:34.038-0400] {dag.py:3096} INFO - Sync 1 DAGs
[2025-06-25T21:05:34.044-0400] {logging_mixin.py:188} INFO - [2025-06-25T21:05:34.044-0400] {dag.py:3954} INFO - Setting next_dagrun for example_branch_python_operator_decorator to 2025-06-25 00:00:00+00:00, run_after=2025-06-26 00:00:00+00:00
[2025-06-25T21:05:34.052-0400] {processor.py:183} INFO - Processing /opt/anaconda3/envs/airflow_env/lib/python3.10/site-packages/airflow/example_dags/example_branch_operator_decorator.py took 0.144 seconds
[2025-06-25T21:06:02.571-0400] {processor.py:161} INFO - Started process (PID=68144) to work on /opt/anaconda3/envs/airflow_env/lib/python3.10/site-packages/airflow/example_dags/example_branch_operator_decorator.py
[2025-06-25T21:06:02.572-0400] {processor.py:830} INFO - Processing file /opt/anaconda3/envs/airflow_env/lib/python3.10/site-packages/airflow/example_dags/example_branch_operator_decorator.py for tasks to queue
[2025-06-25T21:06:02.572-0400] {logging_mixin.py:188} INFO - [2025-06-25T21:06:02.572-0400] {dagbag.py:545} INFO - Filling up the DagBag from /opt/anaconda3/envs/airflow_env/lib/python3.10/site-packages/airflow/example_dags/example_branch_operator_decorator.py
[2025-06-25T21:06:02.594-0400] {processor.py:840} INFO - DAG(s) 'example_branch_python_operator_decorator' retrieved from /opt/anaconda3/envs/airflow_env/lib/python3.10/site-packages/airflow/example_dags/example_branch_operator_decorator.py
[2025-06-25T21:06:02.598-0400] {logging_mixin.py:188} INFO - [2025-06-25T21:06:02.598-0400] {dag.py:3096} INFO - Sync 1 DAGs
[2025-06-25T21:06:02.657-0400] {logging_mixin.py:188} INFO - [2025-06-25T21:06:02.657-0400] {dag.py:3954} INFO - Setting next_dagrun for example_branch_python_operator_decorator to 2025-06-25 00:00:00+00:00, run_after=2025-06-26 00:00:00+00:00
[2025-06-25T21:06:02.665-0400] {processor.py:183} INFO - Processing /opt/anaconda3/envs/airflow_env/lib/python3.10/site-packages/airflow/example_dags/example_branch_operator_decorator.py took 0.095 seconds
[2025-06-25T21:07:20.773-0400] {processor.py:161} INFO - Started process (PID=68272) to work on /opt/anaconda3/envs/airflow_env/lib/python3.10/site-packages/airflow/example_dags/example_branch_operator_decorator.py
[2025-06-25T21:07:20.774-0400] {processor.py:830} INFO - Processing file /opt/anaconda3/envs/airflow_env/lib/python3.10/site-packages/airflow/example_dags/example_branch_operator_decorator.py for tasks to queue
[2025-06-25T21:07:20.774-0400] {logging_mixin.py:188} INFO - [2025-06-25T21:07:20.774-0400] {dagbag.py:545} INFO - Filling up the DagBag from /opt/anaconda3/envs/airflow_env/lib/python3.10/site-packages/airflow/example_dags/example_branch_operator_decorator.py
[2025-06-25T21:07:20.792-0400] {processor.py:840} INFO - DAG(s) 'example_branch_python_operator_decorator' retrieved from /opt/anaconda3/envs/airflow_env/lib/python3.10/site-packages/airflow/example_dags/example_branch_operator_decorator.py
[2025-06-25T21:07:20.887-0400] {logging_mixin.py:188} INFO - [2025-06-25T21:07:20.886-0400] {dag.py:3096} INFO - Sync 1 DAGs
[2025-06-25T21:07:20.893-0400] {logging_mixin.py:188} INFO - [2025-06-25T21:07:20.893-0400] {dag.py:3954} INFO - Setting next_dagrun for example_branch_python_operator_decorator to 2025-06-25 00:00:00+00:00, run_after=2025-06-26 00:00:00+00:00
[2025-06-25T21:07:20.900-0400] {processor.py:183} INFO - Processing /opt/anaconda3/envs/airflow_env/lib/python3.10/site-packages/airflow/example_dags/example_branch_operator_decorator.py took 0.129 seconds
[2025-06-25T21:07:47.771-0400] {processor.py:161} INFO - Started process (PID=68319) to work on /opt/anaconda3/envs/airflow_env/lib/python3.10/site-packages/airflow/example_dags/example_branch_operator_decorator.py
[2025-06-25T21:07:47.772-0400] {processor.py:830} INFO - Processing file /opt/anaconda3/envs/airflow_env/lib/python3.10/site-packages/airflow/example_dags/example_branch_operator_decorator.py for tasks to queue
[2025-06-25T21:07:47.772-0400] {logging_mixin.py:188} INFO - [2025-06-25T21:07:47.772-0400] {dagbag.py:545} INFO - Filling up the DagBag from /opt/anaconda3/envs/airflow_env/lib/python3.10/site-packages/airflow/example_dags/example_branch_operator_decorator.py
[2025-06-25T21:07:47.795-0400] {processor.py:840} INFO - DAG(s) 'example_branch_python_operator_decorator' retrieved from /opt/anaconda3/envs/airflow_env/lib/python3.10/site-packages/airflow/example_dags/example_branch_operator_decorator.py
[2025-06-25T21:07:47.800-0400] {logging_mixin.py:188} INFO - [2025-06-25T21:07:47.800-0400] {dag.py:3096} INFO - Sync 1 DAGs
[2025-06-25T21:07:47.868-0400] {logging_mixin.py:188} INFO - [2025-06-25T21:07:47.868-0400] {dag.py:3954} INFO - Setting next_dagrun for example_branch_python_operator_decorator to 2025-06-25 00:00:00+00:00, run_after=2025-06-26 00:00:00+00:00
[2025-06-25T21:07:47.877-0400] {processor.py:183} INFO - Processing /opt/anaconda3/envs/airflow_env/lib/python3.10/site-packages/airflow/example_dags/example_branch_operator_decorator.py took 0.109 seconds
[2025-06-25T21:09:03.801-0400] {processor.py:161} INFO - Started process (PID=68432) to work on /opt/anaconda3/envs/airflow_env/lib/python3.10/site-packages/airflow/example_dags/example_branch_operator_decorator.py
[2025-06-25T21:09:03.802-0400] {processor.py:830} INFO - Processing file /opt/anaconda3/envs/airflow_env/lib/python3.10/site-packages/airflow/example_dags/example_branch_operator_decorator.py for tasks to queue
[2025-06-25T21:09:03.802-0400] {logging_mixin.py:188} INFO - [2025-06-25T21:09:03.802-0400] {dagbag.py:545} INFO - Filling up the DagBag from /opt/anaconda3/envs/airflow_env/lib/python3.10/site-packages/airflow/example_dags/example_branch_operator_decorator.py
[2025-06-25T21:09:03.823-0400] {processor.py:840} INFO - DAG(s) 'example_branch_python_operator_decorator' retrieved from /opt/anaconda3/envs/airflow_env/lib/python3.10/site-packages/airflow/example_dags/example_branch_operator_decorator.py
[2025-06-25T21:09:03.914-0400] {logging_mixin.py:188} INFO - [2025-06-25T21:09:03.914-0400] {dag.py:3096} INFO - Sync 1 DAGs
[2025-06-25T21:09:03.920-0400] {logging_mixin.py:188} INFO - [2025-06-25T21:09:03.920-0400] {dag.py:3954} INFO - Setting next_dagrun for example_branch_python_operator_decorator to 2025-06-25 00:00:00+00:00, run_after=2025-06-26 00:00:00+00:00
[2025-06-25T21:09:03.927-0400] {processor.py:183} INFO - Processing /opt/anaconda3/envs/airflow_env/lib/python3.10/site-packages/airflow/example_dags/example_branch_operator_decorator.py took 0.127 seconds
[2025-06-25T21:09:32.085-0400] {processor.py:161} INFO - Started process (PID=68482) to work on /opt/anaconda3/envs/airflow_env/lib/python3.10/site-packages/airflow/example_dags/example_branch_operator_decorator.py
[2025-06-25T21:09:32.086-0400] {processor.py:830} INFO - Processing file /opt/anaconda3/envs/airflow_env/lib/python3.10/site-packages/airflow/example_dags/example_branch_operator_decorator.py for tasks to queue
[2025-06-25T21:09:32.087-0400] {logging_mixin.py:188} INFO - [2025-06-25T21:09:32.086-0400] {dagbag.py:545} INFO - Filling up the DagBag from /opt/anaconda3/envs/airflow_env/lib/python3.10/site-packages/airflow/example_dags/example_branch_operator_decorator.py
[2025-06-25T21:09:32.111-0400] {processor.py:840} INFO - DAG(s) 'example_branch_python_operator_decorator' retrieved from /opt/anaconda3/envs/airflow_env/lib/python3.10/site-packages/airflow/example_dags/example_branch_operator_decorator.py
[2025-06-25T21:09:32.116-0400] {logging_mixin.py:188} INFO - [2025-06-25T21:09:32.115-0400] {dag.py:3096} INFO - Sync 1 DAGs
[2025-06-25T21:09:32.191-0400] {logging_mixin.py:188} INFO - [2025-06-25T21:09:32.191-0400] {dag.py:3954} INFO - Setting next_dagrun for example_branch_python_operator_decorator to 2025-06-25 00:00:00+00:00, run_after=2025-06-26 00:00:00+00:00
[2025-06-25T21:09:32.198-0400] {processor.py:183} INFO - Processing /opt/anaconda3/envs/airflow_env/lib/python3.10/site-packages/airflow/example_dags/example_branch_operator_decorator.py took 0.116 seconds
[2025-06-25T21:10:44.493-0400] {processor.py:161} INFO - Started process (PID=68640) to work on /opt/anaconda3/envs/airflow_env/lib/python3.10/site-packages/airflow/example_dags/example_branch_operator_decorator.py
[2025-06-25T21:10:44.493-0400] {processor.py:830} INFO - Processing file /opt/anaconda3/envs/airflow_env/lib/python3.10/site-packages/airflow/example_dags/example_branch_operator_decorator.py for tasks to queue
[2025-06-25T21:10:44.494-0400] {logging_mixin.py:188} INFO - [2025-06-25T21:10:44.494-0400] {dagbag.py:545} INFO - Filling up the DagBag from /opt/anaconda3/envs/airflow_env/lib/python3.10/site-packages/airflow/example_dags/example_branch_operator_decorator.py
[2025-06-25T21:10:44.515-0400] {processor.py:840} INFO - DAG(s) 'example_branch_python_operator_decorator' retrieved from /opt/anaconda3/envs/airflow_env/lib/python3.10/site-packages/airflow/example_dags/example_branch_operator_decorator.py
[2025-06-25T21:10:44.613-0400] {logging_mixin.py:188} INFO - [2025-06-25T21:10:44.613-0400] {dag.py:3096} INFO - Sync 1 DAGs
[2025-06-25T21:10:44.619-0400] {logging_mixin.py:188} INFO - [2025-06-25T21:10:44.619-0400] {dag.py:3954} INFO - Setting next_dagrun for example_branch_python_operator_decorator to 2025-06-25 00:00:00+00:00, run_after=2025-06-26 00:00:00+00:00
[2025-06-25T21:10:44.625-0400] {processor.py:183} INFO - Processing /opt/anaconda3/envs/airflow_env/lib/python3.10/site-packages/airflow/example_dags/example_branch_operator_decorator.py took 0.135 seconds
[2025-06-25T21:11:16.680-0400] {processor.py:161} INFO - Started process (PID=68724) to work on /opt/anaconda3/envs/airflow_env/lib/python3.10/site-packages/airflow/example_dags/example_branch_operator_decorator.py
[2025-06-25T21:11:16.681-0400] {processor.py:830} INFO - Processing file /opt/anaconda3/envs/airflow_env/lib/python3.10/site-packages/airflow/example_dags/example_branch_operator_decorator.py for tasks to queue
[2025-06-25T21:11:16.682-0400] {logging_mixin.py:188} INFO - [2025-06-25T21:11:16.682-0400] {dagbag.py:545} INFO - Filling up the DagBag from /opt/anaconda3/envs/airflow_env/lib/python3.10/site-packages/airflow/example_dags/example_branch_operator_decorator.py
[2025-06-25T21:11:16.699-0400] {processor.py:840} INFO - DAG(s) 'example_branch_python_operator_decorator' retrieved from /opt/anaconda3/envs/airflow_env/lib/python3.10/site-packages/airflow/example_dags/example_branch_operator_decorator.py
[2025-06-25T21:11:16.789-0400] {logging_mixin.py:188} INFO - [2025-06-25T21:11:16.789-0400] {dag.py:3096} INFO - Sync 1 DAGs
[2025-06-25T21:11:16.795-0400] {logging_mixin.py:188} INFO - [2025-06-25T21:11:16.795-0400] {dag.py:3954} INFO - Setting next_dagrun for example_branch_python_operator_decorator to 2025-06-25 00:00:00+00:00, run_after=2025-06-26 00:00:00+00:00
[2025-06-25T21:11:16.802-0400] {processor.py:183} INFO - Processing /opt/anaconda3/envs/airflow_env/lib/python3.10/site-packages/airflow/example_dags/example_branch_operator_decorator.py took 0.123 seconds
[2025-06-25T21:12:47.750-0400] {processor.py:161} INFO - Started process (PID=68908) to work on /opt/anaconda3/envs/airflow_env/lib/python3.10/site-packages/airflow/example_dags/example_branch_operator_decorator.py
[2025-06-25T21:12:47.751-0400] {processor.py:830} INFO - Processing file /opt/anaconda3/envs/airflow_env/lib/python3.10/site-packages/airflow/example_dags/example_branch_operator_decorator.py for tasks to queue
[2025-06-25T21:12:47.751-0400] {logging_mixin.py:188} INFO - [2025-06-25T21:12:47.751-0400] {dagbag.py:545} INFO - Filling up the DagBag from /opt/anaconda3/envs/airflow_env/lib/python3.10/site-packages/airflow/example_dags/example_branch_operator_decorator.py
[2025-06-25T21:12:47.775-0400] {processor.py:840} INFO - DAG(s) 'example_branch_python_operator_decorator' retrieved from /opt/anaconda3/envs/airflow_env/lib/python3.10/site-packages/airflow/example_dags/example_branch_operator_decorator.py
[2025-06-25T21:12:47.897-0400] {logging_mixin.py:188} INFO - [2025-06-25T21:12:47.897-0400] {dag.py:3096} INFO - Sync 1 DAGs
[2025-06-25T21:12:47.904-0400] {logging_mixin.py:188} INFO - [2025-06-25T21:12:47.904-0400] {dag.py:3954} INFO - Setting next_dagrun for example_branch_python_operator_decorator to 2025-06-25 00:00:00+00:00, run_after=2025-06-26 00:00:00+00:00
[2025-06-25T21:12:47.913-0400] {processor.py:183} INFO - Processing /opt/anaconda3/envs/airflow_env/lib/python3.10/site-packages/airflow/example_dags/example_branch_operator_decorator.py took 0.165 seconds
[2025-06-25T21:13:10.873-0400] {processor.py:161} INFO - Started process (PID=68941) to work on /opt/anaconda3/envs/airflow_env/lib/python3.10/site-packages/airflow/example_dags/example_branch_operator_decorator.py
[2025-06-25T21:13:10.874-0400] {processor.py:830} INFO - Processing file /opt/anaconda3/envs/airflow_env/lib/python3.10/site-packages/airflow/example_dags/example_branch_operator_decorator.py for tasks to queue
[2025-06-25T21:13:10.874-0400] {logging_mixin.py:188} INFO - [2025-06-25T21:13:10.874-0400] {dagbag.py:545} INFO - Filling up the DagBag from /opt/anaconda3/envs/airflow_env/lib/python3.10/site-packages/airflow/example_dags/example_branch_operator_decorator.py
[2025-06-25T21:13:10.897-0400] {processor.py:840} INFO - DAG(s) 'example_branch_python_operator_decorator' retrieved from /opt/anaconda3/envs/airflow_env/lib/python3.10/site-packages/airflow/example_dags/example_branch_operator_decorator.py
[2025-06-25T21:13:10.900-0400] {logging_mixin.py:188} INFO - [2025-06-25T21:13:10.900-0400] {dag.py:3096} INFO - Sync 1 DAGs
[2025-06-25T21:13:10.997-0400] {logging_mixin.py:188} INFO - [2025-06-25T21:13:10.997-0400] {dag.py:3954} INFO - Setting next_dagrun for example_branch_python_operator_decorator to 2025-06-25 00:00:00+00:00, run_after=2025-06-26 00:00:00+00:00
[2025-06-25T21:13:11.012-0400] {processor.py:183} INFO - Processing /opt/anaconda3/envs/airflow_env/lib/python3.10/site-packages/airflow/example_dags/example_branch_operator_decorator.py took 0.141 seconds
[2025-06-25T21:14:46.024-0400] {processor.py:161} INFO - Started process (PID=69115) to work on /opt/anaconda3/envs/airflow_env/lib/python3.10/site-packages/airflow/example_dags/example_branch_operator_decorator.py
[2025-06-25T21:14:46.025-0400] {processor.py:830} INFO - Processing file /opt/anaconda3/envs/airflow_env/lib/python3.10/site-packages/airflow/example_dags/example_branch_operator_decorator.py for tasks to queue
[2025-06-25T21:14:46.025-0400] {logging_mixin.py:188} INFO - [2025-06-25T21:14:46.025-0400] {dagbag.py:545} INFO - Filling up the DagBag from /opt/anaconda3/envs/airflow_env/lib/python3.10/site-packages/airflow/example_dags/example_branch_operator_decorator.py
[2025-06-25T21:14:46.046-0400] {processor.py:840} INFO - DAG(s) 'example_branch_python_operator_decorator' retrieved from /opt/anaconda3/envs/airflow_env/lib/python3.10/site-packages/airflow/example_dags/example_branch_operator_decorator.py
[2025-06-25T21:14:46.148-0400] {logging_mixin.py:188} INFO - [2025-06-25T21:14:46.147-0400] {dag.py:3096} INFO - Sync 1 DAGs
[2025-06-25T21:14:46.154-0400] {logging_mixin.py:188} INFO - [2025-06-25T21:14:46.154-0400] {dag.py:3954} INFO - Setting next_dagrun for example_branch_python_operator_decorator to 2025-06-25 00:00:00+00:00, run_after=2025-06-26 00:00:00+00:00
[2025-06-25T21:14:46.164-0400] {processor.py:183} INFO - Processing /opt/anaconda3/envs/airflow_env/lib/python3.10/site-packages/airflow/example_dags/example_branch_operator_decorator.py took 0.143 seconds
[2025-06-25T21:15:06.792-0400] {processor.py:161} INFO - Started process (PID=69151) to work on /opt/anaconda3/envs/airflow_env/lib/python3.10/site-packages/airflow/example_dags/example_branch_operator_decorator.py
[2025-06-25T21:15:06.793-0400] {processor.py:830} INFO - Processing file /opt/anaconda3/envs/airflow_env/lib/python3.10/site-packages/airflow/example_dags/example_branch_operator_decorator.py for tasks to queue
[2025-06-25T21:15:06.793-0400] {logging_mixin.py:188} INFO - [2025-06-25T21:15:06.793-0400] {dagbag.py:545} INFO - Filling up the DagBag from /opt/anaconda3/envs/airflow_env/lib/python3.10/site-packages/airflow/example_dags/example_branch_operator_decorator.py
[2025-06-25T21:15:06.813-0400] {processor.py:840} INFO - DAG(s) 'example_branch_python_operator_decorator' retrieved from /opt/anaconda3/envs/airflow_env/lib/python3.10/site-packages/airflow/example_dags/example_branch_operator_decorator.py
[2025-06-25T21:15:06.817-0400] {logging_mixin.py:188} INFO - [2025-06-25T21:15:06.817-0400] {dag.py:3096} INFO - Sync 1 DAGs
[2025-06-25T21:15:06.872-0400] {logging_mixin.py:188} INFO - [2025-06-25T21:15:06.872-0400] {dag.py:3954} INFO - Setting next_dagrun for example_branch_python_operator_decorator to 2025-06-25 00:00:00+00:00, run_after=2025-06-26 00:00:00+00:00
[2025-06-25T21:15:06.879-0400] {processor.py:183} INFO - Processing /opt/anaconda3/envs/airflow_env/lib/python3.10/site-packages/airflow/example_dags/example_branch_operator_decorator.py took 0.089 seconds
[2025-06-25T21:16:25.134-0400] {processor.py:161} INFO - Started process (PID=69277) to work on /opt/anaconda3/envs/airflow_env/lib/python3.10/site-packages/airflow/example_dags/example_branch_operator_decorator.py
[2025-06-25T21:16:25.135-0400] {processor.py:830} INFO - Processing file /opt/anaconda3/envs/airflow_env/lib/python3.10/site-packages/airflow/example_dags/example_branch_operator_decorator.py for tasks to queue
[2025-06-25T21:16:25.135-0400] {logging_mixin.py:188} INFO - [2025-06-25T21:16:25.135-0400] {dagbag.py:545} INFO - Filling up the DagBag from /opt/anaconda3/envs/airflow_env/lib/python3.10/site-packages/airflow/example_dags/example_branch_operator_decorator.py
[2025-06-25T21:16:25.157-0400] {processor.py:840} INFO - DAG(s) 'example_branch_python_operator_decorator' retrieved from /opt/anaconda3/envs/airflow_env/lib/python3.10/site-packages/airflow/example_dags/example_branch_operator_decorator.py
[2025-06-25T21:16:25.261-0400] {logging_mixin.py:188} INFO - [2025-06-25T21:16:25.261-0400] {dag.py:3096} INFO - Sync 1 DAGs
[2025-06-25T21:16:25.267-0400] {logging_mixin.py:188} INFO - [2025-06-25T21:16:25.267-0400] {dag.py:3954} INFO - Setting next_dagrun for example_branch_python_operator_decorator to 2025-06-25 00:00:00+00:00, run_after=2025-06-26 00:00:00+00:00
[2025-06-25T21:16:25.274-0400] {processor.py:183} INFO - Processing /opt/anaconda3/envs/airflow_env/lib/python3.10/site-packages/airflow/example_dags/example_branch_operator_decorator.py took 0.142 seconds
[2025-06-25T21:16:58.033-0400] {processor.py:161} INFO - Started process (PID=69333) to work on /opt/anaconda3/envs/airflow_env/lib/python3.10/site-packages/airflow/example_dags/example_branch_operator_decorator.py
[2025-06-25T21:16:58.034-0400] {processor.py:830} INFO - Processing file /opt/anaconda3/envs/airflow_env/lib/python3.10/site-packages/airflow/example_dags/example_branch_operator_decorator.py for tasks to queue
[2025-06-25T21:16:58.034-0400] {logging_mixin.py:188} INFO - [2025-06-25T21:16:58.034-0400] {dagbag.py:545} INFO - Filling up the DagBag from /opt/anaconda3/envs/airflow_env/lib/python3.10/site-packages/airflow/example_dags/example_branch_operator_decorator.py
[2025-06-25T21:16:58.064-0400] {processor.py:840} INFO - DAG(s) 'example_branch_python_operator_decorator' retrieved from /opt/anaconda3/envs/airflow_env/lib/python3.10/site-packages/airflow/example_dags/example_branch_operator_decorator.py
[2025-06-25T21:16:58.216-0400] {logging_mixin.py:188} INFO - [2025-06-25T21:16:58.216-0400] {dag.py:3096} INFO - Sync 1 DAGs
[2025-06-25T21:16:58.226-0400] {logging_mixin.py:188} INFO - [2025-06-25T21:16:58.226-0400] {dag.py:3954} INFO - Setting next_dagrun for example_branch_python_operator_decorator to 2025-06-25 00:00:00+00:00, run_after=2025-06-26 00:00:00+00:00
[2025-06-25T21:16:58.237-0400] {processor.py:183} INFO - Processing /opt/anaconda3/envs/airflow_env/lib/python3.10/site-packages/airflow/example_dags/example_branch_operator_decorator.py took 0.207 seconds
[2025-06-25T21:20:16.419-0400] {processor.py:161} INFO - Started process (PID=69556) to work on /opt/anaconda3/envs/airflow_env/lib/python3.10/site-packages/airflow/example_dags/example_branch_operator_decorator.py
[2025-06-25T21:20:16.420-0400] {processor.py:830} INFO - Processing file /opt/anaconda3/envs/airflow_env/lib/python3.10/site-packages/airflow/example_dags/example_branch_operator_decorator.py for tasks to queue
[2025-06-25T21:20:16.421-0400] {logging_mixin.py:188} INFO - [2025-06-25T21:20:16.421-0400] {dagbag.py:545} INFO - Filling up the DagBag from /opt/anaconda3/envs/airflow_env/lib/python3.10/site-packages/airflow/example_dags/example_branch_operator_decorator.py
[2025-06-25T21:20:16.440-0400] {processor.py:840} INFO - DAG(s) 'example_branch_python_operator_decorator' retrieved from /opt/anaconda3/envs/airflow_env/lib/python3.10/site-packages/airflow/example_dags/example_branch_operator_decorator.py
[2025-06-25T21:20:16.534-0400] {logging_mixin.py:188} INFO - [2025-06-25T21:20:16.534-0400] {dag.py:3096} INFO - Sync 1 DAGs
[2025-06-25T21:20:16.541-0400] {logging_mixin.py:188} INFO - [2025-06-25T21:20:16.541-0400] {dag.py:3954} INFO - Setting next_dagrun for example_branch_python_operator_decorator to 2025-06-25 00:00:00+00:00, run_after=2025-06-26 00:00:00+00:00
[2025-06-25T21:20:16.552-0400] {processor.py:183} INFO - Processing /opt/anaconda3/envs/airflow_env/lib/python3.10/site-packages/airflow/example_dags/example_branch_operator_decorator.py took 0.135 seconds
[2025-06-25T21:20:25.876-0400] {processor.py:161} INFO - Started process (PID=69568) to work on /opt/anaconda3/envs/airflow_env/lib/python3.10/site-packages/airflow/example_dags/example_branch_operator_decorator.py
[2025-06-25T21:20:25.876-0400] {processor.py:830} INFO - Processing file /opt/anaconda3/envs/airflow_env/lib/python3.10/site-packages/airflow/example_dags/example_branch_operator_decorator.py for tasks to queue
[2025-06-25T21:20:25.877-0400] {logging_mixin.py:188} INFO - [2025-06-25T21:20:25.877-0400] {dagbag.py:545} INFO - Filling up the DagBag from /opt/anaconda3/envs/airflow_env/lib/python3.10/site-packages/airflow/example_dags/example_branch_operator_decorator.py
[2025-06-25T21:20:25.901-0400] {processor.py:840} INFO - DAG(s) 'example_branch_python_operator_decorator' retrieved from /opt/anaconda3/envs/airflow_env/lib/python3.10/site-packages/airflow/example_dags/example_branch_operator_decorator.py
[2025-06-25T21:20:25.905-0400] {logging_mixin.py:188} INFO - [2025-06-25T21:20:25.905-0400] {dag.py:3096} INFO - Sync 1 DAGs
[2025-06-25T21:20:25.977-0400] {logging_mixin.py:188} INFO - [2025-06-25T21:20:25.977-0400] {dag.py:3954} INFO - Setting next_dagrun for example_branch_python_operator_decorator to 2025-06-25 00:00:00+00:00, run_after=2025-06-26 00:00:00+00:00
[2025-06-25T21:20:25.986-0400] {processor.py:183} INFO - Processing /opt/anaconda3/envs/airflow_env/lib/python3.10/site-packages/airflow/example_dags/example_branch_operator_decorator.py took 0.112 seconds
[2025-06-25T21:22:11.310-0400] {processor.py:161} INFO - Started process (PID=69723) to work on /opt/anaconda3/envs/airflow_env/lib/python3.10/site-packages/airflow/example_dags/example_branch_operator_decorator.py
[2025-06-25T21:22:11.311-0400] {processor.py:830} INFO - Processing file /opt/anaconda3/envs/airflow_env/lib/python3.10/site-packages/airflow/example_dags/example_branch_operator_decorator.py for tasks to queue
[2025-06-25T21:22:11.311-0400] {logging_mixin.py:188} INFO - [2025-06-25T21:22:11.311-0400] {dagbag.py:545} INFO - Filling up the DagBag from /opt/anaconda3/envs/airflow_env/lib/python3.10/site-packages/airflow/example_dags/example_branch_operator_decorator.py
[2025-06-25T21:22:11.336-0400] {processor.py:840} INFO - DAG(s) 'example_branch_python_operator_decorator' retrieved from /opt/anaconda3/envs/airflow_env/lib/python3.10/site-packages/airflow/example_dags/example_branch_operator_decorator.py
[2025-06-25T21:22:11.464-0400] {logging_mixin.py:188} INFO - [2025-06-25T21:22:11.464-0400] {dag.py:3096} INFO - Sync 1 DAGs
[2025-06-25T21:22:11.472-0400] {logging_mixin.py:188} INFO - [2025-06-25T21:22:11.472-0400] {dag.py:3954} INFO - Setting next_dagrun for example_branch_python_operator_decorator to 2025-06-25 00:00:00+00:00, run_after=2025-06-26 00:00:00+00:00
[2025-06-25T21:22:11.479-0400] {processor.py:183} INFO - Processing /opt/anaconda3/envs/airflow_env/lib/python3.10/site-packages/airflow/example_dags/example_branch_operator_decorator.py took 0.172 seconds
[2025-06-25T21:22:26.967-0400] {processor.py:161} INFO - Started process (PID=69741) to work on /opt/anaconda3/envs/airflow_env/lib/python3.10/site-packages/airflow/example_dags/example_branch_operator_decorator.py
[2025-06-25T21:22:26.967-0400] {processor.py:830} INFO - Processing file /opt/anaconda3/envs/airflow_env/lib/python3.10/site-packages/airflow/example_dags/example_branch_operator_decorator.py for tasks to queue
[2025-06-25T21:22:26.967-0400] {logging_mixin.py:188} INFO - [2025-06-25T21:22:26.967-0400] {dagbag.py:545} INFO - Filling up the DagBag from /opt/anaconda3/envs/airflow_env/lib/python3.10/site-packages/airflow/example_dags/example_branch_operator_decorator.py
[2025-06-25T21:22:26.986-0400] {processor.py:840} INFO - DAG(s) 'example_branch_python_operator_decorator' retrieved from /opt/anaconda3/envs/airflow_env/lib/python3.10/site-packages/airflow/example_dags/example_branch_operator_decorator.py
[2025-06-25T21:22:26.989-0400] {logging_mixin.py:188} INFO - [2025-06-25T21:22:26.989-0400] {dag.py:3096} INFO - Sync 1 DAGs
[2025-06-25T21:22:27.043-0400] {logging_mixin.py:188} INFO - [2025-06-25T21:22:27.042-0400] {dag.py:3954} INFO - Setting next_dagrun for example_branch_python_operator_decorator to 2025-06-25 00:00:00+00:00, run_after=2025-06-26 00:00:00+00:00
[2025-06-25T21:22:27.049-0400] {processor.py:183} INFO - Processing /opt/anaconda3/envs/airflow_env/lib/python3.10/site-packages/airflow/example_dags/example_branch_operator_decorator.py took 0.084 seconds
[2025-06-25T21:24:12.313-0400] {processor.py:161} INFO - Started process (PID=69919) to work on /opt/anaconda3/envs/airflow_env/lib/python3.10/site-packages/airflow/example_dags/example_branch_operator_decorator.py
[2025-06-25T21:24:12.314-0400] {processor.py:830} INFO - Processing file /opt/anaconda3/envs/airflow_env/lib/python3.10/site-packages/airflow/example_dags/example_branch_operator_decorator.py for tasks to queue
[2025-06-25T21:24:12.315-0400] {logging_mixin.py:188} INFO - [2025-06-25T21:24:12.315-0400] {dagbag.py:545} INFO - Filling up the DagBag from /opt/anaconda3/envs/airflow_env/lib/python3.10/site-packages/airflow/example_dags/example_branch_operator_decorator.py
[2025-06-25T21:24:12.336-0400] {processor.py:840} INFO - DAG(s) 'example_branch_python_operator_decorator' retrieved from /opt/anaconda3/envs/airflow_env/lib/python3.10/site-packages/airflow/example_dags/example_branch_operator_decorator.py
[2025-06-25T21:24:12.435-0400] {logging_mixin.py:188} INFO - [2025-06-25T21:24:12.435-0400] {dag.py:3096} INFO - Sync 1 DAGs
[2025-06-25T21:24:12.443-0400] {logging_mixin.py:188} INFO - [2025-06-25T21:24:12.443-0400] {dag.py:3954} INFO - Setting next_dagrun for example_branch_python_operator_decorator to 2025-06-25 00:00:00+00:00, run_after=2025-06-26 00:00:00+00:00
[2025-06-25T21:24:12.451-0400] {processor.py:183} INFO - Processing /opt/anaconda3/envs/airflow_env/lib/python3.10/site-packages/airflow/example_dags/example_branch_operator_decorator.py took 0.140 seconds
[2025-06-25T21:24:27.269-0400] {processor.py:161} INFO - Started process (PID=69940) to work on /opt/anaconda3/envs/airflow_env/lib/python3.10/site-packages/airflow/example_dags/example_branch_operator_decorator.py
[2025-06-25T21:24:27.270-0400] {processor.py:830} INFO - Processing file /opt/anaconda3/envs/airflow_env/lib/python3.10/site-packages/airflow/example_dags/example_branch_operator_decorator.py for tasks to queue
[2025-06-25T21:24:27.270-0400] {logging_mixin.py:188} INFO - [2025-06-25T21:24:27.270-0400] {dagbag.py:545} INFO - Filling up the DagBag from /opt/anaconda3/envs/airflow_env/lib/python3.10/site-packages/airflow/example_dags/example_branch_operator_decorator.py
[2025-06-25T21:24:27.291-0400] {processor.py:840} INFO - DAG(s) 'example_branch_python_operator_decorator' retrieved from /opt/anaconda3/envs/airflow_env/lib/python3.10/site-packages/airflow/example_dags/example_branch_operator_decorator.py
[2025-06-25T21:24:27.295-0400] {logging_mixin.py:188} INFO - [2025-06-25T21:24:27.295-0400] {dag.py:3096} INFO - Sync 1 DAGs
[2025-06-25T21:24:27.351-0400] {logging_mixin.py:188} INFO - [2025-06-25T21:24:27.351-0400] {dag.py:3954} INFO - Setting next_dagrun for example_branch_python_operator_decorator to 2025-06-25 00:00:00+00:00, run_after=2025-06-26 00:00:00+00:00
[2025-06-25T21:24:27.359-0400] {processor.py:183} INFO - Processing /opt/anaconda3/envs/airflow_env/lib/python3.10/site-packages/airflow/example_dags/example_branch_operator_decorator.py took 0.092 seconds
[2025-06-25T21:26:08.046-0400] {processor.py:161} INFO - Started process (PID=70102) to work on /opt/anaconda3/envs/airflow_env/lib/python3.10/site-packages/airflow/example_dags/example_branch_operator_decorator.py
[2025-06-25T21:26:08.047-0400] {processor.py:830} INFO - Processing file /opt/anaconda3/envs/airflow_env/lib/python3.10/site-packages/airflow/example_dags/example_branch_operator_decorator.py for tasks to queue
[2025-06-25T21:26:08.047-0400] {logging_mixin.py:188} INFO - [2025-06-25T21:26:08.047-0400] {dagbag.py:545} INFO - Filling up the DagBag from /opt/anaconda3/envs/airflow_env/lib/python3.10/site-packages/airflow/example_dags/example_branch_operator_decorator.py
[2025-06-25T21:26:08.065-0400] {processor.py:840} INFO - DAG(s) 'example_branch_python_operator_decorator' retrieved from /opt/anaconda3/envs/airflow_env/lib/python3.10/site-packages/airflow/example_dags/example_branch_operator_decorator.py
[2025-06-25T21:26:08.147-0400] {logging_mixin.py:188} INFO - [2025-06-25T21:26:08.147-0400] {dag.py:3096} INFO - Sync 1 DAGs
[2025-06-25T21:26:08.153-0400] {logging_mixin.py:188} INFO - [2025-06-25T21:26:08.153-0400] {dag.py:3954} INFO - Setting next_dagrun for example_branch_python_operator_decorator to 2025-06-25 00:00:00+00:00, run_after=2025-06-26 00:00:00+00:00
[2025-06-25T21:26:08.159-0400] {processor.py:183} INFO - Processing /opt/anaconda3/envs/airflow_env/lib/python3.10/site-packages/airflow/example_dags/example_branch_operator_decorator.py took 0.115 seconds
[2025-06-25T21:26:25.196-0400] {processor.py:161} INFO - Started process (PID=70125) to work on /opt/anaconda3/envs/airflow_env/lib/python3.10/site-packages/airflow/example_dags/example_branch_operator_decorator.py
[2025-06-25T21:26:25.197-0400] {processor.py:830} INFO - Processing file /opt/anaconda3/envs/airflow_env/lib/python3.10/site-packages/airflow/example_dags/example_branch_operator_decorator.py for tasks to queue
[2025-06-25T21:26:25.197-0400] {logging_mixin.py:188} INFO - [2025-06-25T21:26:25.197-0400] {dagbag.py:545} INFO - Filling up the DagBag from /opt/anaconda3/envs/airflow_env/lib/python3.10/site-packages/airflow/example_dags/example_branch_operator_decorator.py
[2025-06-25T21:26:25.215-0400] {processor.py:840} INFO - DAG(s) 'example_branch_python_operator_decorator' retrieved from /opt/anaconda3/envs/airflow_env/lib/python3.10/site-packages/airflow/example_dags/example_branch_operator_decorator.py
[2025-06-25T21:26:25.221-0400] {logging_mixin.py:188} INFO - [2025-06-25T21:26:25.221-0400] {dag.py:3096} INFO - Sync 1 DAGs
[2025-06-25T21:26:25.315-0400] {logging_mixin.py:188} INFO - [2025-06-25T21:26:25.315-0400] {dag.py:3954} INFO - Setting next_dagrun for example_branch_python_operator_decorator to 2025-06-25 00:00:00+00:00, run_after=2025-06-26 00:00:00+00:00
[2025-06-25T21:26:25.325-0400] {processor.py:183} INFO - Processing /opt/anaconda3/envs/airflow_env/lib/python3.10/site-packages/airflow/example_dags/example_branch_operator_decorator.py took 0.131 seconds
[2025-06-25T21:28:04.890-0400] {processor.py:161} INFO - Started process (PID=70286) to work on /opt/anaconda3/envs/airflow_env/lib/python3.10/site-packages/airflow/example_dags/example_branch_operator_decorator.py
[2025-06-25T21:28:04.890-0400] {processor.py:830} INFO - Processing file /opt/anaconda3/envs/airflow_env/lib/python3.10/site-packages/airflow/example_dags/example_branch_operator_decorator.py for tasks to queue
[2025-06-25T21:28:04.891-0400] {logging_mixin.py:188} INFO - [2025-06-25T21:28:04.891-0400] {dagbag.py:545} INFO - Filling up the DagBag from /opt/anaconda3/envs/airflow_env/lib/python3.10/site-packages/airflow/example_dags/example_branch_operator_decorator.py
[2025-06-25T21:28:04.914-0400] {processor.py:840} INFO - DAG(s) 'example_branch_python_operator_decorator' retrieved from /opt/anaconda3/envs/airflow_env/lib/python3.10/site-packages/airflow/example_dags/example_branch_operator_decorator.py
[2025-06-25T21:28:05.033-0400] {logging_mixin.py:188} INFO - [2025-06-25T21:28:05.033-0400] {dag.py:3096} INFO - Sync 1 DAGs
[2025-06-25T21:28:05.042-0400] {logging_mixin.py:188} INFO - [2025-06-25T21:28:05.042-0400] {dag.py:3954} INFO - Setting next_dagrun for example_branch_python_operator_decorator to 2025-06-25 00:00:00+00:00, run_after=2025-06-26 00:00:00+00:00
[2025-06-25T21:28:05.049-0400] {processor.py:183} INFO - Processing /opt/anaconda3/envs/airflow_env/lib/python3.10/site-packages/airflow/example_dags/example_branch_operator_decorator.py took 0.161 seconds
[2025-06-25T21:28:27.810-0400] {processor.py:161} INFO - Started process (PID=70332) to work on /opt/anaconda3/envs/airflow_env/lib/python3.10/site-packages/airflow/example_dags/example_branch_operator_decorator.py
[2025-06-25T21:28:27.811-0400] {processor.py:830} INFO - Processing file /opt/anaconda3/envs/airflow_env/lib/python3.10/site-packages/airflow/example_dags/example_branch_operator_decorator.py for tasks to queue
[2025-06-25T21:28:27.812-0400] {logging_mixin.py:188} INFO - [2025-06-25T21:28:27.812-0400] {dagbag.py:545} INFO - Filling up the DagBag from /opt/anaconda3/envs/airflow_env/lib/python3.10/site-packages/airflow/example_dags/example_branch_operator_decorator.py
[2025-06-25T21:28:27.834-0400] {processor.py:840} INFO - DAG(s) 'example_branch_python_operator_decorator' retrieved from /opt/anaconda3/envs/airflow_env/lib/python3.10/site-packages/airflow/example_dags/example_branch_operator_decorator.py
[2025-06-25T21:28:27.841-0400] {logging_mixin.py:188} INFO - [2025-06-25T21:28:27.841-0400] {dag.py:3096} INFO - Sync 1 DAGs
[2025-06-25T21:28:27.918-0400] {logging_mixin.py:188} INFO - [2025-06-25T21:28:27.918-0400] {dag.py:3954} INFO - Setting next_dagrun for example_branch_python_operator_decorator to 2025-06-25 00:00:00+00:00, run_after=2025-06-26 00:00:00+00:00
[2025-06-25T21:28:27.925-0400] {processor.py:183} INFO - Processing /opt/anaconda3/envs/airflow_env/lib/python3.10/site-packages/airflow/example_dags/example_branch_operator_decorator.py took 0.117 seconds
[2025-06-25T21:30:06.831-0400] {processor.py:161} INFO - Started process (PID=70480) to work on /opt/anaconda3/envs/airflow_env/lib/python3.10/site-packages/airflow/example_dags/example_branch_operator_decorator.py
[2025-06-25T21:30:06.832-0400] {processor.py:830} INFO - Processing file /opt/anaconda3/envs/airflow_env/lib/python3.10/site-packages/airflow/example_dags/example_branch_operator_decorator.py for tasks to queue
[2025-06-25T21:30:06.832-0400] {logging_mixin.py:188} INFO - [2025-06-25T21:30:06.832-0400] {dagbag.py:545} INFO - Filling up the DagBag from /opt/anaconda3/envs/airflow_env/lib/python3.10/site-packages/airflow/example_dags/example_branch_operator_decorator.py
[2025-06-25T21:30:06.853-0400] {processor.py:840} INFO - DAG(s) 'example_branch_python_operator_decorator' retrieved from /opt/anaconda3/envs/airflow_env/lib/python3.10/site-packages/airflow/example_dags/example_branch_operator_decorator.py
[2025-06-25T21:30:06.953-0400] {logging_mixin.py:188} INFO - [2025-06-25T21:30:06.953-0400] {dag.py:3096} INFO - Sync 1 DAGs
[2025-06-25T21:30:06.960-0400] {logging_mixin.py:188} INFO - [2025-06-25T21:30:06.960-0400] {dag.py:3954} INFO - Setting next_dagrun for example_branch_python_operator_decorator to 2025-06-25 00:00:00+00:00, run_after=2025-06-26 00:00:00+00:00
[2025-06-25T21:30:06.968-0400] {processor.py:183} INFO - Processing /opt/anaconda3/envs/airflow_env/lib/python3.10/site-packages/airflow/example_dags/example_branch_operator_decorator.py took 0.139 seconds
[2025-06-25T21:30:23.748-0400] {processor.py:161} INFO - Started process (PID=70506) to work on /opt/anaconda3/envs/airflow_env/lib/python3.10/site-packages/airflow/example_dags/example_branch_operator_decorator.py
[2025-06-25T21:30:23.749-0400] {processor.py:830} INFO - Processing file /opt/anaconda3/envs/airflow_env/lib/python3.10/site-packages/airflow/example_dags/example_branch_operator_decorator.py for tasks to queue
[2025-06-25T21:30:23.749-0400] {logging_mixin.py:188} INFO - [2025-06-25T21:30:23.749-0400] {dagbag.py:545} INFO - Filling up the DagBag from /opt/anaconda3/envs/airflow_env/lib/python3.10/site-packages/airflow/example_dags/example_branch_operator_decorator.py
[2025-06-25T21:30:23.771-0400] {processor.py:840} INFO - DAG(s) 'example_branch_python_operator_decorator' retrieved from /opt/anaconda3/envs/airflow_env/lib/python3.10/site-packages/airflow/example_dags/example_branch_operator_decorator.py
[2025-06-25T21:30:23.776-0400] {logging_mixin.py:188} INFO - [2025-06-25T21:30:23.776-0400] {dag.py:3096} INFO - Sync 1 DAGs
[2025-06-25T21:30:23.845-0400] {logging_mixin.py:188} INFO - [2025-06-25T21:30:23.845-0400] {dag.py:3954} INFO - Setting next_dagrun for example_branch_python_operator_decorator to 2025-06-25 00:00:00+00:00, run_after=2025-06-26 00:00:00+00:00
[2025-06-25T21:30:23.852-0400] {processor.py:183} INFO - Processing /opt/anaconda3/envs/airflow_env/lib/python3.10/site-packages/airflow/example_dags/example_branch_operator_decorator.py took 0.107 seconds
[2025-06-25T21:32:03.013-0400] {processor.py:161} INFO - Started process (PID=70661) to work on /opt/anaconda3/envs/airflow_env/lib/python3.10/site-packages/airflow/example_dags/example_branch_operator_decorator.py
[2025-06-25T21:32:03.014-0400] {processor.py:830} INFO - Processing file /opt/anaconda3/envs/airflow_env/lib/python3.10/site-packages/airflow/example_dags/example_branch_operator_decorator.py for tasks to queue
[2025-06-25T21:32:03.015-0400] {logging_mixin.py:188} INFO - [2025-06-25T21:32:03.015-0400] {dagbag.py:545} INFO - Filling up the DagBag from /opt/anaconda3/envs/airflow_env/lib/python3.10/site-packages/airflow/example_dags/example_branch_operator_decorator.py
[2025-06-25T21:32:03.037-0400] {processor.py:840} INFO - DAG(s) 'example_branch_python_operator_decorator' retrieved from /opt/anaconda3/envs/airflow_env/lib/python3.10/site-packages/airflow/example_dags/example_branch_operator_decorator.py
[2025-06-25T21:32:03.148-0400] {logging_mixin.py:188} INFO - [2025-06-25T21:32:03.147-0400] {dag.py:3096} INFO - Sync 1 DAGs
[2025-06-25T21:32:03.156-0400] {logging_mixin.py:188} INFO - [2025-06-25T21:32:03.156-0400] {dag.py:3954} INFO - Setting next_dagrun for example_branch_python_operator_decorator to 2025-06-25 00:00:00+00:00, run_after=2025-06-26 00:00:00+00:00
[2025-06-25T21:32:03.164-0400] {processor.py:183} INFO - Processing /opt/anaconda3/envs/airflow_env/lib/python3.10/site-packages/airflow/example_dags/example_branch_operator_decorator.py took 0.153 seconds
[2025-06-25T21:32:17.610-0400] {processor.py:161} INFO - Started process (PID=70686) to work on /opt/anaconda3/envs/airflow_env/lib/python3.10/site-packages/airflow/example_dags/example_branch_operator_decorator.py
[2025-06-25T21:32:17.611-0400] {processor.py:830} INFO - Processing file /opt/anaconda3/envs/airflow_env/lib/python3.10/site-packages/airflow/example_dags/example_branch_operator_decorator.py for tasks to queue
[2025-06-25T21:32:17.612-0400] {logging_mixin.py:188} INFO - [2025-06-25T21:32:17.612-0400] {dagbag.py:545} INFO - Filling up the DagBag from /opt/anaconda3/envs/airflow_env/lib/python3.10/site-packages/airflow/example_dags/example_branch_operator_decorator.py
[2025-06-25T21:32:17.633-0400] {processor.py:840} INFO - DAG(s) 'example_branch_python_operator_decorator' retrieved from /opt/anaconda3/envs/airflow_env/lib/python3.10/site-packages/airflow/example_dags/example_branch_operator_decorator.py
[2025-06-25T21:32:17.637-0400] {logging_mixin.py:188} INFO - [2025-06-25T21:32:17.637-0400] {dag.py:3096} INFO - Sync 1 DAGs
[2025-06-25T21:32:17.700-0400] {logging_mixin.py:188} INFO - [2025-06-25T21:32:17.700-0400] {dag.py:3954} INFO - Setting next_dagrun for example_branch_python_operator_decorator to 2025-06-25 00:00:00+00:00, run_after=2025-06-26 00:00:00+00:00
[2025-06-25T21:32:17.707-0400] {processor.py:183} INFO - Processing /opt/anaconda3/envs/airflow_env/lib/python3.10/site-packages/airflow/example_dags/example_branch_operator_decorator.py took 0.099 seconds
[2025-06-25T21:33:52.642-0400] {processor.py:161} INFO - Started process (PID=70821) to work on /opt/anaconda3/envs/airflow_env/lib/python3.10/site-packages/airflow/example_dags/example_branch_operator_decorator.py
[2025-06-25T21:33:52.643-0400] {processor.py:830} INFO - Processing file /opt/anaconda3/envs/airflow_env/lib/python3.10/site-packages/airflow/example_dags/example_branch_operator_decorator.py for tasks to queue
[2025-06-25T21:33:52.644-0400] {logging_mixin.py:188} INFO - [2025-06-25T21:33:52.643-0400] {dagbag.py:545} INFO - Filling up the DagBag from /opt/anaconda3/envs/airflow_env/lib/python3.10/site-packages/airflow/example_dags/example_branch_operator_decorator.py
[2025-06-25T21:33:52.662-0400] {processor.py:840} INFO - DAG(s) 'example_branch_python_operator_decorator' retrieved from /opt/anaconda3/envs/airflow_env/lib/python3.10/site-packages/airflow/example_dags/example_branch_operator_decorator.py
[2025-06-25T21:33:52.749-0400] {logging_mixin.py:188} INFO - [2025-06-25T21:33:52.749-0400] {dag.py:3096} INFO - Sync 1 DAGs
[2025-06-25T21:33:52.755-0400] {logging_mixin.py:188} INFO - [2025-06-25T21:33:52.755-0400] {dag.py:3954} INFO - Setting next_dagrun for example_branch_python_operator_decorator to 2025-06-25 00:00:00+00:00, run_after=2025-06-26 00:00:00+00:00
[2025-06-25T21:33:52.762-0400] {processor.py:183} INFO - Processing /opt/anaconda3/envs/airflow_env/lib/python3.10/site-packages/airflow/example_dags/example_branch_operator_decorator.py took 0.122 seconds
[2025-06-25T21:34:08.139-0400] {processor.py:161} INFO - Started process (PID=70842) to work on /opt/anaconda3/envs/airflow_env/lib/python3.10/site-packages/airflow/example_dags/example_branch_operator_decorator.py
[2025-06-25T21:34:08.140-0400] {processor.py:830} INFO - Processing file /opt/anaconda3/envs/airflow_env/lib/python3.10/site-packages/airflow/example_dags/example_branch_operator_decorator.py for tasks to queue
[2025-06-25T21:34:08.140-0400] {logging_mixin.py:188} INFO - [2025-06-25T21:34:08.140-0400] {dagbag.py:545} INFO - Filling up the DagBag from /opt/anaconda3/envs/airflow_env/lib/python3.10/site-packages/airflow/example_dags/example_branch_operator_decorator.py
[2025-06-25T21:34:08.158-0400] {processor.py:840} INFO - DAG(s) 'example_branch_python_operator_decorator' retrieved from /opt/anaconda3/envs/airflow_env/lib/python3.10/site-packages/airflow/example_dags/example_branch_operator_decorator.py
[2025-06-25T21:34:08.162-0400] {logging_mixin.py:188} INFO - [2025-06-25T21:34:08.162-0400] {dag.py:3096} INFO - Sync 1 DAGs
[2025-06-25T21:34:08.216-0400] {logging_mixin.py:188} INFO - [2025-06-25T21:34:08.216-0400] {dag.py:3954} INFO - Setting next_dagrun for example_branch_python_operator_decorator to 2025-06-25 00:00:00+00:00, run_after=2025-06-26 00:00:00+00:00
[2025-06-25T21:34:08.223-0400] {processor.py:183} INFO - Processing /opt/anaconda3/envs/airflow_env/lib/python3.10/site-packages/airflow/example_dags/example_branch_operator_decorator.py took 0.085 seconds
[2025-06-25T21:35:42.410-0400] {processor.py:161} INFO - Started process (PID=70975) to work on /opt/anaconda3/envs/airflow_env/lib/python3.10/site-packages/airflow/example_dags/example_branch_operator_decorator.py
[2025-06-25T21:35:42.410-0400] {processor.py:830} INFO - Processing file /opt/anaconda3/envs/airflow_env/lib/python3.10/site-packages/airflow/example_dags/example_branch_operator_decorator.py for tasks to queue
[2025-06-25T21:35:42.411-0400] {logging_mixin.py:188} INFO - [2025-06-25T21:35:42.410-0400] {dagbag.py:545} INFO - Filling up the DagBag from /opt/anaconda3/envs/airflow_env/lib/python3.10/site-packages/airflow/example_dags/example_branch_operator_decorator.py
[2025-06-25T21:35:42.431-0400] {processor.py:840} INFO - DAG(s) 'example_branch_python_operator_decorator' retrieved from /opt/anaconda3/envs/airflow_env/lib/python3.10/site-packages/airflow/example_dags/example_branch_operator_decorator.py
[2025-06-25T21:35:42.529-0400] {logging_mixin.py:188} INFO - [2025-06-25T21:35:42.529-0400] {dag.py:3096} INFO - Sync 1 DAGs
[2025-06-25T21:35:42.536-0400] {logging_mixin.py:188} INFO - [2025-06-25T21:35:42.536-0400] {dag.py:3954} INFO - Setting next_dagrun for example_branch_python_operator_decorator to 2025-06-25 00:00:00+00:00, run_after=2025-06-26 00:00:00+00:00
[2025-06-25T21:35:42.542-0400] {processor.py:183} INFO - Processing /opt/anaconda3/envs/airflow_env/lib/python3.10/site-packages/airflow/example_dags/example_branch_operator_decorator.py took 0.135 seconds
[2025-06-25T21:35:54.926-0400] {processor.py:161} INFO - Started process (PID=70991) to work on /opt/anaconda3/envs/airflow_env/lib/python3.10/site-packages/airflow/example_dags/example_branch_operator_decorator.py
[2025-06-25T21:35:54.926-0400] {processor.py:830} INFO - Processing file /opt/anaconda3/envs/airflow_env/lib/python3.10/site-packages/airflow/example_dags/example_branch_operator_decorator.py for tasks to queue
[2025-06-25T21:35:54.926-0400] {logging_mixin.py:188} INFO - [2025-06-25T21:35:54.926-0400] {dagbag.py:545} INFO - Filling up the DagBag from /opt/anaconda3/envs/airflow_env/lib/python3.10/site-packages/airflow/example_dags/example_branch_operator_decorator.py
[2025-06-25T21:35:54.946-0400] {processor.py:840} INFO - DAG(s) 'example_branch_python_operator_decorator' retrieved from /opt/anaconda3/envs/airflow_env/lib/python3.10/site-packages/airflow/example_dags/example_branch_operator_decorator.py
[2025-06-25T21:35:54.950-0400] {logging_mixin.py:188} INFO - [2025-06-25T21:35:54.949-0400] {dag.py:3096} INFO - Sync 1 DAGs
[2025-06-25T21:35:55.009-0400] {logging_mixin.py:188} INFO - [2025-06-25T21:35:55.009-0400] {dag.py:3954} INFO - Setting next_dagrun for example_branch_python_operator_decorator to 2025-06-25 00:00:00+00:00, run_after=2025-06-26 00:00:00+00:00
[2025-06-25T21:35:55.017-0400] {processor.py:183} INFO - Processing /opt/anaconda3/envs/airflow_env/lib/python3.10/site-packages/airflow/example_dags/example_branch_operator_decorator.py took 0.093 seconds
[2025-06-25T21:37:22.885-0400] {processor.py:161} INFO - Started process (PID=71148) to work on /opt/anaconda3/envs/airflow_env/lib/python3.10/site-packages/airflow/example_dags/example_branch_operator_decorator.py
[2025-06-25T21:37:22.886-0400] {processor.py:830} INFO - Processing file /opt/anaconda3/envs/airflow_env/lib/python3.10/site-packages/airflow/example_dags/example_branch_operator_decorator.py for tasks to queue
[2025-06-25T21:37:22.886-0400] {logging_mixin.py:188} INFO - [2025-06-25T21:37:22.886-0400] {dagbag.py:545} INFO - Filling up the DagBag from /opt/anaconda3/envs/airflow_env/lib/python3.10/site-packages/airflow/example_dags/example_branch_operator_decorator.py
[2025-06-25T21:37:22.904-0400] {processor.py:840} INFO - DAG(s) 'example_branch_python_operator_decorator' retrieved from /opt/anaconda3/envs/airflow_env/lib/python3.10/site-packages/airflow/example_dags/example_branch_operator_decorator.py
[2025-06-25T21:37:22.994-0400] {logging_mixin.py:188} INFO - [2025-06-25T21:37:22.994-0400] {dag.py:3096} INFO - Sync 1 DAGs
[2025-06-25T21:37:23.000-0400] {logging_mixin.py:188} INFO - [2025-06-25T21:37:23.000-0400] {dag.py:3954} INFO - Setting next_dagrun for example_branch_python_operator_decorator to 2025-06-25 00:00:00+00:00, run_after=2025-06-26 00:00:00+00:00
[2025-06-25T21:37:23.007-0400] {processor.py:183} INFO - Processing /opt/anaconda3/envs/airflow_env/lib/python3.10/site-packages/airflow/example_dags/example_branch_operator_decorator.py took 0.123 seconds
[2025-06-25T21:37:29.560-0400] {processor.py:161} INFO - Started process (PID=71156) to work on /opt/anaconda3/envs/airflow_env/lib/python3.10/site-packages/airflow/example_dags/example_branch_operator_decorator.py
[2025-06-25T21:37:29.560-0400] {processor.py:830} INFO - Processing file /opt/anaconda3/envs/airflow_env/lib/python3.10/site-packages/airflow/example_dags/example_branch_operator_decorator.py for tasks to queue
[2025-06-25T21:37:29.560-0400] {logging_mixin.py:188} INFO - [2025-06-25T21:37:29.560-0400] {dagbag.py:545} INFO - Filling up the DagBag from /opt/anaconda3/envs/airflow_env/lib/python3.10/site-packages/airflow/example_dags/example_branch_operator_decorator.py
[2025-06-25T21:37:29.580-0400] {processor.py:840} INFO - DAG(s) 'example_branch_python_operator_decorator' retrieved from /opt/anaconda3/envs/airflow_env/lib/python3.10/site-packages/airflow/example_dags/example_branch_operator_decorator.py
[2025-06-25T21:37:29.584-0400] {logging_mixin.py:188} INFO - [2025-06-25T21:37:29.583-0400] {dag.py:3096} INFO - Sync 1 DAGs
[2025-06-25T21:37:29.636-0400] {logging_mixin.py:188} INFO - [2025-06-25T21:37:29.636-0400] {dag.py:3954} INFO - Setting next_dagrun for example_branch_python_operator_decorator to 2025-06-25 00:00:00+00:00, run_after=2025-06-26 00:00:00+00:00
[2025-06-25T21:37:29.643-0400] {processor.py:183} INFO - Processing /opt/anaconda3/envs/airflow_env/lib/python3.10/site-packages/airflow/example_dags/example_branch_operator_decorator.py took 0.085 seconds
[2025-06-25T21:39:09.438-0400] {processor.py:161} INFO - Started process (PID=71315) to work on /opt/anaconda3/envs/airflow_env/lib/python3.10/site-packages/airflow/example_dags/example_branch_operator_decorator.py
[2025-06-25T21:39:09.439-0400] {processor.py:830} INFO - Processing file /opt/anaconda3/envs/airflow_env/lib/python3.10/site-packages/airflow/example_dags/example_branch_operator_decorator.py for tasks to queue
[2025-06-25T21:39:09.439-0400] {logging_mixin.py:188} INFO - [2025-06-25T21:39:09.439-0400] {dagbag.py:545} INFO - Filling up the DagBag from /opt/anaconda3/envs/airflow_env/lib/python3.10/site-packages/airflow/example_dags/example_branch_operator_decorator.py
[2025-06-25T21:39:09.458-0400] {processor.py:840} INFO - DAG(s) 'example_branch_python_operator_decorator' retrieved from /opt/anaconda3/envs/airflow_env/lib/python3.10/site-packages/airflow/example_dags/example_branch_operator_decorator.py
[2025-06-25T21:39:09.543-0400] {logging_mixin.py:188} INFO - [2025-06-25T21:39:09.542-0400] {dag.py:3096} INFO - Sync 1 DAGs
[2025-06-25T21:39:09.549-0400] {logging_mixin.py:188} INFO - [2025-06-25T21:39:09.549-0400] {dag.py:3954} INFO - Setting next_dagrun for example_branch_python_operator_decorator to 2025-06-25 00:00:00+00:00, run_after=2025-06-26 00:00:00+00:00
[2025-06-25T21:39:09.556-0400] {processor.py:183} INFO - Processing /opt/anaconda3/envs/airflow_env/lib/python3.10/site-packages/airflow/example_dags/example_branch_operator_decorator.py took 0.119 seconds
[2025-06-25T21:39:14.784-0400] {processor.py:161} INFO - Started process (PID=71324) to work on /opt/anaconda3/envs/airflow_env/lib/python3.10/site-packages/airflow/example_dags/example_branch_operator_decorator.py
[2025-06-25T21:39:14.784-0400] {processor.py:830} INFO - Processing file /opt/anaconda3/envs/airflow_env/lib/python3.10/site-packages/airflow/example_dags/example_branch_operator_decorator.py for tasks to queue
[2025-06-25T21:39:14.784-0400] {logging_mixin.py:188} INFO - [2025-06-25T21:39:14.784-0400] {dagbag.py:545} INFO - Filling up the DagBag from /opt/anaconda3/envs/airflow_env/lib/python3.10/site-packages/airflow/example_dags/example_branch_operator_decorator.py
[2025-06-25T21:39:14.802-0400] {processor.py:840} INFO - DAG(s) 'example_branch_python_operator_decorator' retrieved from /opt/anaconda3/envs/airflow_env/lib/python3.10/site-packages/airflow/example_dags/example_branch_operator_decorator.py
[2025-06-25T21:39:14.805-0400] {logging_mixin.py:188} INFO - [2025-06-25T21:39:14.805-0400] {dag.py:3096} INFO - Sync 1 DAGs
[2025-06-25T21:39:14.856-0400] {logging_mixin.py:188} INFO - [2025-06-25T21:39:14.856-0400] {dag.py:3954} INFO - Setting next_dagrun for example_branch_python_operator_decorator to 2025-06-25 00:00:00+00:00, run_after=2025-06-26 00:00:00+00:00
[2025-06-25T21:39:14.863-0400] {processor.py:183} INFO - Processing /opt/anaconda3/envs/airflow_env/lib/python3.10/site-packages/airflow/example_dags/example_branch_operator_decorator.py took 0.081 seconds
[2025-06-25T21:40:41.630-0400] {processor.py:161} INFO - Started process (PID=71502) to work on /opt/anaconda3/envs/airflow_env/lib/python3.10/site-packages/airflow/example_dags/example_branch_operator_decorator.py
[2025-06-25T21:40:41.630-0400] {processor.py:830} INFO - Processing file /opt/anaconda3/envs/airflow_env/lib/python3.10/site-packages/airflow/example_dags/example_branch_operator_decorator.py for tasks to queue
[2025-06-25T21:40:41.630-0400] {logging_mixin.py:188} INFO - [2025-06-25T21:40:41.630-0400] {dagbag.py:545} INFO - Filling up the DagBag from /opt/anaconda3/envs/airflow_env/lib/python3.10/site-packages/airflow/example_dags/example_branch_operator_decorator.py
[2025-06-25T21:40:41.652-0400] {processor.py:840} INFO - DAG(s) 'example_branch_python_operator_decorator' retrieved from /opt/anaconda3/envs/airflow_env/lib/python3.10/site-packages/airflow/example_dags/example_branch_operator_decorator.py
[2025-06-25T21:40:41.745-0400] {logging_mixin.py:188} INFO - [2025-06-25T21:40:41.745-0400] {dag.py:3096} INFO - Sync 1 DAGs
[2025-06-25T21:40:41.751-0400] {logging_mixin.py:188} INFO - [2025-06-25T21:40:41.751-0400] {dag.py:3954} INFO - Setting next_dagrun for example_branch_python_operator_decorator to 2025-06-25 00:00:00+00:00, run_after=2025-06-26 00:00:00+00:00
[2025-06-25T21:40:41.758-0400] {processor.py:183} INFO - Processing /opt/anaconda3/envs/airflow_env/lib/python3.10/site-packages/airflow/example_dags/example_branch_operator_decorator.py took 0.131 seconds
[2025-06-25T21:40:53.849-0400] {processor.py:161} INFO - Started process (PID=71519) to work on /opt/anaconda3/envs/airflow_env/lib/python3.10/site-packages/airflow/example_dags/example_branch_operator_decorator.py
[2025-06-25T21:40:53.849-0400] {processor.py:830} INFO - Processing file /opt/anaconda3/envs/airflow_env/lib/python3.10/site-packages/airflow/example_dags/example_branch_operator_decorator.py for tasks to queue
[2025-06-25T21:40:53.850-0400] {logging_mixin.py:188} INFO - [2025-06-25T21:40:53.850-0400] {dagbag.py:545} INFO - Filling up the DagBag from /opt/anaconda3/envs/airflow_env/lib/python3.10/site-packages/airflow/example_dags/example_branch_operator_decorator.py
[2025-06-25T21:40:53.868-0400] {processor.py:840} INFO - DAG(s) 'example_branch_python_operator_decorator' retrieved from /opt/anaconda3/envs/airflow_env/lib/python3.10/site-packages/airflow/example_dags/example_branch_operator_decorator.py
[2025-06-25T21:40:53.872-0400] {logging_mixin.py:188} INFO - [2025-06-25T21:40:53.871-0400] {dag.py:3096} INFO - Sync 1 DAGs
[2025-06-25T21:40:53.922-0400] {logging_mixin.py:188} INFO - [2025-06-25T21:40:53.922-0400] {dag.py:3954} INFO - Setting next_dagrun for example_branch_python_operator_decorator to 2025-06-25 00:00:00+00:00, run_after=2025-06-26 00:00:00+00:00
[2025-06-25T21:40:53.929-0400] {processor.py:183} INFO - Processing /opt/anaconda3/envs/airflow_env/lib/python3.10/site-packages/airflow/example_dags/example_branch_operator_decorator.py took 0.082 seconds
[2025-06-25T21:42:17.848-0400] {processor.py:161} INFO - Started process (PID=71698) to work on /opt/anaconda3/envs/airflow_env/lib/python3.10/site-packages/airflow/example_dags/example_branch_operator_decorator.py
[2025-06-25T21:42:17.848-0400] {processor.py:830} INFO - Processing file /opt/anaconda3/envs/airflow_env/lib/python3.10/site-packages/airflow/example_dags/example_branch_operator_decorator.py for tasks to queue
[2025-06-25T21:42:17.849-0400] {logging_mixin.py:188} INFO - [2025-06-25T21:42:17.848-0400] {dagbag.py:545} INFO - Filling up the DagBag from /opt/anaconda3/envs/airflow_env/lib/python3.10/site-packages/airflow/example_dags/example_branch_operator_decorator.py
[2025-06-25T21:42:17.866-0400] {processor.py:840} INFO - DAG(s) 'example_branch_python_operator_decorator' retrieved from /opt/anaconda3/envs/airflow_env/lib/python3.10/site-packages/airflow/example_dags/example_branch_operator_decorator.py
[2025-06-25T21:42:17.947-0400] {logging_mixin.py:188} INFO - [2025-06-25T21:42:17.947-0400] {dag.py:3096} INFO - Sync 1 DAGs
[2025-06-25T21:42:17.953-0400] {logging_mixin.py:188} INFO - [2025-06-25T21:42:17.953-0400] {dag.py:3954} INFO - Setting next_dagrun for example_branch_python_operator_decorator to 2025-06-25 00:00:00+00:00, run_after=2025-06-26 00:00:00+00:00
[2025-06-25T21:42:17.960-0400] {processor.py:183} INFO - Processing /opt/anaconda3/envs/airflow_env/lib/python3.10/site-packages/airflow/example_dags/example_branch_operator_decorator.py took 0.113 seconds
[2025-06-25T21:42:29.864-0400] {processor.py:161} INFO - Started process (PID=71724) to work on /opt/anaconda3/envs/airflow_env/lib/python3.10/site-packages/airflow/example_dags/example_branch_operator_decorator.py
[2025-06-25T21:42:29.864-0400] {processor.py:830} INFO - Processing file /opt/anaconda3/envs/airflow_env/lib/python3.10/site-packages/airflow/example_dags/example_branch_operator_decorator.py for tasks to queue
[2025-06-25T21:42:29.864-0400] {logging_mixin.py:188} INFO - [2025-06-25T21:42:29.864-0400] {dagbag.py:545} INFO - Filling up the DagBag from /opt/anaconda3/envs/airflow_env/lib/python3.10/site-packages/airflow/example_dags/example_branch_operator_decorator.py
[2025-06-25T21:42:29.883-0400] {processor.py:840} INFO - DAG(s) 'example_branch_python_operator_decorator' retrieved from /opt/anaconda3/envs/airflow_env/lib/python3.10/site-packages/airflow/example_dags/example_branch_operator_decorator.py
[2025-06-25T21:42:29.886-0400] {logging_mixin.py:188} INFO - [2025-06-25T21:42:29.886-0400] {dag.py:3096} INFO - Sync 1 DAGs
[2025-06-25T21:42:29.938-0400] {logging_mixin.py:188} INFO - [2025-06-25T21:42:29.938-0400] {dag.py:3954} INFO - Setting next_dagrun for example_branch_python_operator_decorator to 2025-06-25 00:00:00+00:00, run_after=2025-06-26 00:00:00+00:00
[2025-06-25T21:42:29.944-0400] {processor.py:183} INFO - Processing /opt/anaconda3/envs/airflow_env/lib/python3.10/site-packages/airflow/example_dags/example_branch_operator_decorator.py took 0.083 seconds
[2025-06-25T21:43:56.371-0400] {processor.py:161} INFO - Started process (PID=71932) to work on /opt/anaconda3/envs/airflow_env/lib/python3.10/site-packages/airflow/example_dags/example_branch_operator_decorator.py
[2025-06-25T21:43:56.371-0400] {processor.py:830} INFO - Processing file /opt/anaconda3/envs/airflow_env/lib/python3.10/site-packages/airflow/example_dags/example_branch_operator_decorator.py for tasks to queue
[2025-06-25T21:43:56.372-0400] {logging_mixin.py:188} INFO - [2025-06-25T21:43:56.372-0400] {dagbag.py:545} INFO - Filling up the DagBag from /opt/anaconda3/envs/airflow_env/lib/python3.10/site-packages/airflow/example_dags/example_branch_operator_decorator.py
[2025-06-25T21:43:56.391-0400] {processor.py:840} INFO - DAG(s) 'example_branch_python_operator_decorator' retrieved from /opt/anaconda3/envs/airflow_env/lib/python3.10/site-packages/airflow/example_dags/example_branch_operator_decorator.py
[2025-06-25T21:43:56.476-0400] {logging_mixin.py:188} INFO - [2025-06-25T21:43:56.476-0400] {dag.py:3096} INFO - Sync 1 DAGs
[2025-06-25T21:43:56.484-0400] {logging_mixin.py:188} INFO - [2025-06-25T21:43:56.484-0400] {dag.py:3954} INFO - Setting next_dagrun for example_branch_python_operator_decorator to 2025-06-25 00:00:00+00:00, run_after=2025-06-26 00:00:00+00:00
[2025-06-25T21:43:56.496-0400] {processor.py:183} INFO - Processing /opt/anaconda3/envs/airflow_env/lib/python3.10/site-packages/airflow/example_dags/example_branch_operator_decorator.py took 0.127 seconds
[2025-06-25T21:44:10.935-0400] {processor.py:161} INFO - Started process (PID=71955) to work on /opt/anaconda3/envs/airflow_env/lib/python3.10/site-packages/airflow/example_dags/example_branch_operator_decorator.py
[2025-06-25T21:44:10.936-0400] {processor.py:830} INFO - Processing file /opt/anaconda3/envs/airflow_env/lib/python3.10/site-packages/airflow/example_dags/example_branch_operator_decorator.py for tasks to queue
[2025-06-25T21:44:10.936-0400] {logging_mixin.py:188} INFO - [2025-06-25T21:44:10.936-0400] {dagbag.py:545} INFO - Filling up the DagBag from /opt/anaconda3/envs/airflow_env/lib/python3.10/site-packages/airflow/example_dags/example_branch_operator_decorator.py
[2025-06-25T21:44:10.955-0400] {processor.py:840} INFO - DAG(s) 'example_branch_python_operator_decorator' retrieved from /opt/anaconda3/envs/airflow_env/lib/python3.10/site-packages/airflow/example_dags/example_branch_operator_decorator.py
[2025-06-25T21:44:10.959-0400] {logging_mixin.py:188} INFO - [2025-06-25T21:44:10.959-0400] {dag.py:3096} INFO - Sync 1 DAGs
[2025-06-25T21:44:11.010-0400] {logging_mixin.py:188} INFO - [2025-06-25T21:44:11.010-0400] {dag.py:3954} INFO - Setting next_dagrun for example_branch_python_operator_decorator to 2025-06-25 00:00:00+00:00, run_after=2025-06-26 00:00:00+00:00
[2025-06-25T21:44:11.017-0400] {processor.py:183} INFO - Processing /opt/anaconda3/envs/airflow_env/lib/python3.10/site-packages/airflow/example_dags/example_branch_operator_decorator.py took 0.083 seconds
[2025-06-25T21:45:39.395-0400] {processor.py:161} INFO - Started process (PID=72125) to work on /opt/anaconda3/envs/airflow_env/lib/python3.10/site-packages/airflow/example_dags/example_branch_operator_decorator.py
[2025-06-25T21:45:39.395-0400] {processor.py:830} INFO - Processing file /opt/anaconda3/envs/airflow_env/lib/python3.10/site-packages/airflow/example_dags/example_branch_operator_decorator.py for tasks to queue
[2025-06-25T21:45:39.395-0400] {logging_mixin.py:188} INFO - [2025-06-25T21:45:39.395-0400] {dagbag.py:545} INFO - Filling up the DagBag from /opt/anaconda3/envs/airflow_env/lib/python3.10/site-packages/airflow/example_dags/example_branch_operator_decorator.py
[2025-06-25T21:45:39.416-0400] {processor.py:840} INFO - DAG(s) 'example_branch_python_operator_decorator' retrieved from /opt/anaconda3/envs/airflow_env/lib/python3.10/site-packages/airflow/example_dags/example_branch_operator_decorator.py
[2025-06-25T21:45:39.501-0400] {logging_mixin.py:188} INFO - [2025-06-25T21:45:39.501-0400] {dag.py:3096} INFO - Sync 1 DAGs
[2025-06-25T21:45:39.507-0400] {logging_mixin.py:188} INFO - [2025-06-25T21:45:39.507-0400] {dag.py:3954} INFO - Setting next_dagrun for example_branch_python_operator_decorator to 2025-06-25 00:00:00+00:00, run_after=2025-06-26 00:00:00+00:00
[2025-06-25T21:45:39.514-0400] {processor.py:183} INFO - Processing /opt/anaconda3/envs/airflow_env/lib/python3.10/site-packages/airflow/example_dags/example_branch_operator_decorator.py took 0.121 seconds
[2025-06-25T21:45:53.341-0400] {processor.py:161} INFO - Started process (PID=72155) to work on /opt/anaconda3/envs/airflow_env/lib/python3.10/site-packages/airflow/example_dags/example_branch_operator_decorator.py
[2025-06-25T21:45:53.342-0400] {processor.py:830} INFO - Processing file /opt/anaconda3/envs/airflow_env/lib/python3.10/site-packages/airflow/example_dags/example_branch_operator_decorator.py for tasks to queue
[2025-06-25T21:45:53.342-0400] {logging_mixin.py:188} INFO - [2025-06-25T21:45:53.342-0400] {dagbag.py:545} INFO - Filling up the DagBag from /opt/anaconda3/envs/airflow_env/lib/python3.10/site-packages/airflow/example_dags/example_branch_operator_decorator.py
[2025-06-25T21:45:53.361-0400] {processor.py:840} INFO - DAG(s) 'example_branch_python_operator_decorator' retrieved from /opt/anaconda3/envs/airflow_env/lib/python3.10/site-packages/airflow/example_dags/example_branch_operator_decorator.py
[2025-06-25T21:45:53.364-0400] {logging_mixin.py:188} INFO - [2025-06-25T21:45:53.364-0400] {dag.py:3096} INFO - Sync 1 DAGs
[2025-06-25T21:45:53.417-0400] {logging_mixin.py:188} INFO - [2025-06-25T21:45:53.417-0400] {dag.py:3954} INFO - Setting next_dagrun for example_branch_python_operator_decorator to 2025-06-25 00:00:00+00:00, run_after=2025-06-26 00:00:00+00:00
[2025-06-25T21:45:53.424-0400] {processor.py:183} INFO - Processing /opt/anaconda3/envs/airflow_env/lib/python3.10/site-packages/airflow/example_dags/example_branch_operator_decorator.py took 0.084 seconds
[2025-06-25T21:47:18.710-0400] {processor.py:161} INFO - Started process (PID=72305) to work on /opt/anaconda3/envs/airflow_env/lib/python3.10/site-packages/airflow/example_dags/example_branch_operator_decorator.py
[2025-06-25T21:47:18.710-0400] {processor.py:830} INFO - Processing file /opt/anaconda3/envs/airflow_env/lib/python3.10/site-packages/airflow/example_dags/example_branch_operator_decorator.py for tasks to queue
[2025-06-25T21:47:18.711-0400] {logging_mixin.py:188} INFO - [2025-06-25T21:47:18.710-0400] {dagbag.py:545} INFO - Filling up the DagBag from /opt/anaconda3/envs/airflow_env/lib/python3.10/site-packages/airflow/example_dags/example_branch_operator_decorator.py
[2025-06-25T21:47:18.731-0400] {processor.py:840} INFO - DAG(s) 'example_branch_python_operator_decorator' retrieved from /opt/anaconda3/envs/airflow_env/lib/python3.10/site-packages/airflow/example_dags/example_branch_operator_decorator.py
[2025-06-25T21:47:18.830-0400] {logging_mixin.py:188} INFO - [2025-06-25T21:47:18.830-0400] {dag.py:3096} INFO - Sync 1 DAGs
[2025-06-25T21:47:18.837-0400] {logging_mixin.py:188} INFO - [2025-06-25T21:47:18.837-0400] {dag.py:3954} INFO - Setting next_dagrun for example_branch_python_operator_decorator to 2025-06-25 00:00:00+00:00, run_after=2025-06-26 00:00:00+00:00
[2025-06-25T21:47:18.844-0400] {processor.py:183} INFO - Processing /opt/anaconda3/envs/airflow_env/lib/python3.10/site-packages/airflow/example_dags/example_branch_operator_decorator.py took 0.136 seconds
[2025-06-25T21:47:34.951-0400] {processor.py:161} INFO - Started process (PID=72344) to work on /opt/anaconda3/envs/airflow_env/lib/python3.10/site-packages/airflow/example_dags/example_branch_operator_decorator.py
[2025-06-25T21:47:34.952-0400] {processor.py:830} INFO - Processing file /opt/anaconda3/envs/airflow_env/lib/python3.10/site-packages/airflow/example_dags/example_branch_operator_decorator.py for tasks to queue
[2025-06-25T21:47:34.952-0400] {logging_mixin.py:188} INFO - [2025-06-25T21:47:34.952-0400] {dagbag.py:545} INFO - Filling up the DagBag from /opt/anaconda3/envs/airflow_env/lib/python3.10/site-packages/airflow/example_dags/example_branch_operator_decorator.py
[2025-06-25T21:47:34.970-0400] {processor.py:840} INFO - DAG(s) 'example_branch_python_operator_decorator' retrieved from /opt/anaconda3/envs/airflow_env/lib/python3.10/site-packages/airflow/example_dags/example_branch_operator_decorator.py
[2025-06-25T21:47:34.974-0400] {logging_mixin.py:188} INFO - [2025-06-25T21:47:34.974-0400] {dag.py:3096} INFO - Sync 1 DAGs
[2025-06-25T21:47:35.024-0400] {logging_mixin.py:188} INFO - [2025-06-25T21:47:35.024-0400] {dag.py:3954} INFO - Setting next_dagrun for example_branch_python_operator_decorator to 2025-06-25 00:00:00+00:00, run_after=2025-06-26 00:00:00+00:00
[2025-06-25T21:47:35.030-0400] {processor.py:183} INFO - Processing /opt/anaconda3/envs/airflow_env/lib/python3.10/site-packages/airflow/example_dags/example_branch_operator_decorator.py took 0.081 seconds
[2025-06-25T21:49:07.895-0400] {processor.py:161} INFO - Started process (PID=72501) to work on /opt/anaconda3/envs/airflow_env/lib/python3.10/site-packages/airflow/example_dags/example_branch_operator_decorator.py
[2025-06-25T21:49:07.895-0400] {processor.py:830} INFO - Processing file /opt/anaconda3/envs/airflow_env/lib/python3.10/site-packages/airflow/example_dags/example_branch_operator_decorator.py for tasks to queue
[2025-06-25T21:49:07.895-0400] {logging_mixin.py:188} INFO - [2025-06-25T21:49:07.895-0400] {dagbag.py:545} INFO - Filling up the DagBag from /opt/anaconda3/envs/airflow_env/lib/python3.10/site-packages/airflow/example_dags/example_branch_operator_decorator.py
[2025-06-25T21:49:07.915-0400] {processor.py:840} INFO - DAG(s) 'example_branch_python_operator_decorator' retrieved from /opt/anaconda3/envs/airflow_env/lib/python3.10/site-packages/airflow/example_dags/example_branch_operator_decorator.py
[2025-06-25T21:49:08.002-0400] {logging_mixin.py:188} INFO - [2025-06-25T21:49:08.002-0400] {dag.py:3096} INFO - Sync 1 DAGs
[2025-06-25T21:49:08.009-0400] {logging_mixin.py:188} INFO - [2025-06-25T21:49:08.009-0400] {dag.py:3954} INFO - Setting next_dagrun for example_branch_python_operator_decorator to 2025-06-25 00:00:00+00:00, run_after=2025-06-26 00:00:00+00:00
[2025-06-25T21:49:08.017-0400] {processor.py:183} INFO - Processing /opt/anaconda3/envs/airflow_env/lib/python3.10/site-packages/airflow/example_dags/example_branch_operator_decorator.py took 0.124 seconds
[2025-06-25T21:49:23.680-0400] {processor.py:161} INFO - Started process (PID=72527) to work on /opt/anaconda3/envs/airflow_env/lib/python3.10/site-packages/airflow/example_dags/example_branch_operator_decorator.py
[2025-06-25T21:49:23.680-0400] {processor.py:830} INFO - Processing file /opt/anaconda3/envs/airflow_env/lib/python3.10/site-packages/airflow/example_dags/example_branch_operator_decorator.py for tasks to queue
[2025-06-25T21:49:23.680-0400] {logging_mixin.py:188} INFO - [2025-06-25T21:49:23.680-0400] {dagbag.py:545} INFO - Filling up the DagBag from /opt/anaconda3/envs/airflow_env/lib/python3.10/site-packages/airflow/example_dags/example_branch_operator_decorator.py
[2025-06-25T21:49:23.701-0400] {processor.py:840} INFO - DAG(s) 'example_branch_python_operator_decorator' retrieved from /opt/anaconda3/envs/airflow_env/lib/python3.10/site-packages/airflow/example_dags/example_branch_operator_decorator.py
[2025-06-25T21:49:23.705-0400] {logging_mixin.py:188} INFO - [2025-06-25T21:49:23.705-0400] {dag.py:3096} INFO - Sync 1 DAGs
[2025-06-25T21:49:23.756-0400] {logging_mixin.py:188} INFO - [2025-06-25T21:49:23.755-0400] {dag.py:3954} INFO - Setting next_dagrun for example_branch_python_operator_decorator to 2025-06-25 00:00:00+00:00, run_after=2025-06-26 00:00:00+00:00
[2025-06-25T21:49:23.762-0400] {processor.py:183} INFO - Processing /opt/anaconda3/envs/airflow_env/lib/python3.10/site-packages/airflow/example_dags/example_branch_operator_decorator.py took 0.085 seconds
[2025-06-25T21:50:48.916-0400] {processor.py:161} INFO - Started process (PID=72651) to work on /opt/anaconda3/envs/airflow_env/lib/python3.10/site-packages/airflow/example_dags/example_branch_operator_decorator.py
[2025-06-25T21:50:48.916-0400] {processor.py:830} INFO - Processing file /opt/anaconda3/envs/airflow_env/lib/python3.10/site-packages/airflow/example_dags/example_branch_operator_decorator.py for tasks to queue
[2025-06-25T21:50:48.916-0400] {logging_mixin.py:188} INFO - [2025-06-25T21:50:48.916-0400] {dagbag.py:545} INFO - Filling up the DagBag from /opt/anaconda3/envs/airflow_env/lib/python3.10/site-packages/airflow/example_dags/example_branch_operator_decorator.py
[2025-06-25T21:50:48.937-0400] {processor.py:840} INFO - DAG(s) 'example_branch_python_operator_decorator' retrieved from /opt/anaconda3/envs/airflow_env/lib/python3.10/site-packages/airflow/example_dags/example_branch_operator_decorator.py
[2025-06-25T21:50:49.019-0400] {logging_mixin.py:188} INFO - [2025-06-25T21:50:49.019-0400] {dag.py:3096} INFO - Sync 1 DAGs
[2025-06-25T21:50:49.025-0400] {logging_mixin.py:188} INFO - [2025-06-25T21:50:49.025-0400] {dag.py:3954} INFO - Setting next_dagrun for example_branch_python_operator_decorator to 2025-06-25 00:00:00+00:00, run_after=2025-06-26 00:00:00+00:00
[2025-06-25T21:50:49.032-0400] {processor.py:183} INFO - Processing /opt/anaconda3/envs/airflow_env/lib/python3.10/site-packages/airflow/example_dags/example_branch_operator_decorator.py took 0.119 seconds
[2025-06-25T21:51:01.341-0400] {processor.py:161} INFO - Started process (PID=72667) to work on /opt/anaconda3/envs/airflow_env/lib/python3.10/site-packages/airflow/example_dags/example_branch_operator_decorator.py
[2025-06-25T21:51:01.342-0400] {processor.py:830} INFO - Processing file /opt/anaconda3/envs/airflow_env/lib/python3.10/site-packages/airflow/example_dags/example_branch_operator_decorator.py for tasks to queue
[2025-06-25T21:51:01.342-0400] {logging_mixin.py:188} INFO - [2025-06-25T21:51:01.342-0400] {dagbag.py:545} INFO - Filling up the DagBag from /opt/anaconda3/envs/airflow_env/lib/python3.10/site-packages/airflow/example_dags/example_branch_operator_decorator.py
[2025-06-25T21:51:01.360-0400] {processor.py:840} INFO - DAG(s) 'example_branch_python_operator_decorator' retrieved from /opt/anaconda3/envs/airflow_env/lib/python3.10/site-packages/airflow/example_dags/example_branch_operator_decorator.py
[2025-06-25T21:51:01.363-0400] {logging_mixin.py:188} INFO - [2025-06-25T21:51:01.363-0400] {dag.py:3096} INFO - Sync 1 DAGs
[2025-06-25T21:51:01.412-0400] {logging_mixin.py:188} INFO - [2025-06-25T21:51:01.412-0400] {dag.py:3954} INFO - Setting next_dagrun for example_branch_python_operator_decorator to 2025-06-25 00:00:00+00:00, run_after=2025-06-26 00:00:00+00:00
[2025-06-25T21:51:01.418-0400] {processor.py:183} INFO - Processing /opt/anaconda3/envs/airflow_env/lib/python3.10/site-packages/airflow/example_dags/example_branch_operator_decorator.py took 0.078 seconds
[2025-06-25T21:52:30.346-0400] {processor.py:161} INFO - Started process (PID=72807) to work on /opt/anaconda3/envs/airflow_env/lib/python3.10/site-packages/airflow/example_dags/example_branch_operator_decorator.py
[2025-06-25T21:52:30.347-0400] {processor.py:830} INFO - Processing file /opt/anaconda3/envs/airflow_env/lib/python3.10/site-packages/airflow/example_dags/example_branch_operator_decorator.py for tasks to queue
[2025-06-25T21:52:30.347-0400] {logging_mixin.py:188} INFO - [2025-06-25T21:52:30.347-0400] {dagbag.py:545} INFO - Filling up the DagBag from /opt/anaconda3/envs/airflow_env/lib/python3.10/site-packages/airflow/example_dags/example_branch_operator_decorator.py
[2025-06-25T21:52:30.367-0400] {processor.py:840} INFO - DAG(s) 'example_branch_python_operator_decorator' retrieved from /opt/anaconda3/envs/airflow_env/lib/python3.10/site-packages/airflow/example_dags/example_branch_operator_decorator.py
[2025-06-25T21:52:30.464-0400] {logging_mixin.py:188} INFO - [2025-06-25T21:52:30.464-0400] {dag.py:3096} INFO - Sync 1 DAGs
[2025-06-25T21:52:30.471-0400] {logging_mixin.py:188} INFO - [2025-06-25T21:52:30.471-0400] {dag.py:3954} INFO - Setting next_dagrun for example_branch_python_operator_decorator to 2025-06-25 00:00:00+00:00, run_after=2025-06-26 00:00:00+00:00
[2025-06-25T21:52:30.478-0400] {processor.py:183} INFO - Processing /opt/anaconda3/envs/airflow_env/lib/python3.10/site-packages/airflow/example_dags/example_branch_operator_decorator.py took 0.134 seconds
[2025-06-25T21:52:44.985-0400] {processor.py:161} INFO - Started process (PID=72831) to work on /opt/anaconda3/envs/airflow_env/lib/python3.10/site-packages/airflow/example_dags/example_branch_operator_decorator.py
[2025-06-25T21:52:44.985-0400] {processor.py:830} INFO - Processing file /opt/anaconda3/envs/airflow_env/lib/python3.10/site-packages/airflow/example_dags/example_branch_operator_decorator.py for tasks to queue
[2025-06-25T21:52:44.986-0400] {logging_mixin.py:188} INFO - [2025-06-25T21:52:44.986-0400] {dagbag.py:545} INFO - Filling up the DagBag from /opt/anaconda3/envs/airflow_env/lib/python3.10/site-packages/airflow/example_dags/example_branch_operator_decorator.py
[2025-06-25T21:52:45.004-0400] {processor.py:840} INFO - DAG(s) 'example_branch_python_operator_decorator' retrieved from /opt/anaconda3/envs/airflow_env/lib/python3.10/site-packages/airflow/example_dags/example_branch_operator_decorator.py
[2025-06-25T21:52:45.007-0400] {logging_mixin.py:188} INFO - [2025-06-25T21:52:45.007-0400] {dag.py:3096} INFO - Sync 1 DAGs
[2025-06-25T21:52:45.057-0400] {logging_mixin.py:188} INFO - [2025-06-25T21:52:45.056-0400] {dag.py:3954} INFO - Setting next_dagrun for example_branch_python_operator_decorator to 2025-06-25 00:00:00+00:00, run_after=2025-06-26 00:00:00+00:00
[2025-06-25T21:52:45.064-0400] {processor.py:183} INFO - Processing /opt/anaconda3/envs/airflow_env/lib/python3.10/site-packages/airflow/example_dags/example_branch_operator_decorator.py took 0.081 seconds
[2025-06-25T21:54:05.746-0400] {processor.py:161} INFO - Started process (PID=72995) to work on /opt/anaconda3/envs/airflow_env/lib/python3.10/site-packages/airflow/example_dags/example_branch_operator_decorator.py
[2025-06-25T21:54:05.746-0400] {processor.py:830} INFO - Processing file /opt/anaconda3/envs/airflow_env/lib/python3.10/site-packages/airflow/example_dags/example_branch_operator_decorator.py for tasks to queue
[2025-06-25T21:54:05.747-0400] {logging_mixin.py:188} INFO - [2025-06-25T21:54:05.746-0400] {dagbag.py:545} INFO - Filling up the DagBag from /opt/anaconda3/envs/airflow_env/lib/python3.10/site-packages/airflow/example_dags/example_branch_operator_decorator.py
[2025-06-25T21:54:05.765-0400] {processor.py:840} INFO - DAG(s) 'example_branch_python_operator_decorator' retrieved from /opt/anaconda3/envs/airflow_env/lib/python3.10/site-packages/airflow/example_dags/example_branch_operator_decorator.py
[2025-06-25T21:54:05.846-0400] {logging_mixin.py:188} INFO - [2025-06-25T21:54:05.846-0400] {dag.py:3096} INFO - Sync 1 DAGs
[2025-06-25T21:54:05.852-0400] {logging_mixin.py:188} INFO - [2025-06-25T21:54:05.852-0400] {dag.py:3954} INFO - Setting next_dagrun for example_branch_python_operator_decorator to 2025-06-25 00:00:00+00:00, run_after=2025-06-26 00:00:00+00:00
[2025-06-25T21:54:05.859-0400] {processor.py:183} INFO - Processing /opt/anaconda3/envs/airflow_env/lib/python3.10/site-packages/airflow/example_dags/example_branch_operator_decorator.py took 0.115 seconds
[2025-06-25T21:54:22.195-0400] {processor.py:161} INFO - Started process (PID=73028) to work on /opt/anaconda3/envs/airflow_env/lib/python3.10/site-packages/airflow/example_dags/example_branch_operator_decorator.py
[2025-06-25T21:54:22.195-0400] {processor.py:830} INFO - Processing file /opt/anaconda3/envs/airflow_env/lib/python3.10/site-packages/airflow/example_dags/example_branch_operator_decorator.py for tasks to queue
[2025-06-25T21:54:22.195-0400] {logging_mixin.py:188} INFO - [2025-06-25T21:54:22.195-0400] {dagbag.py:545} INFO - Filling up the DagBag from /opt/anaconda3/envs/airflow_env/lib/python3.10/site-packages/airflow/example_dags/example_branch_operator_decorator.py
[2025-06-25T21:54:22.213-0400] {processor.py:840} INFO - DAG(s) 'example_branch_python_operator_decorator' retrieved from /opt/anaconda3/envs/airflow_env/lib/python3.10/site-packages/airflow/example_dags/example_branch_operator_decorator.py
[2025-06-25T21:54:22.217-0400] {logging_mixin.py:188} INFO - [2025-06-25T21:54:22.217-0400] {dag.py:3096} INFO - Sync 1 DAGs
[2025-06-25T21:54:22.265-0400] {logging_mixin.py:188} INFO - [2025-06-25T21:54:22.265-0400] {dag.py:3954} INFO - Setting next_dagrun for example_branch_python_operator_decorator to 2025-06-25 00:00:00+00:00, run_after=2025-06-26 00:00:00+00:00
[2025-06-25T21:54:22.272-0400] {processor.py:183} INFO - Processing /opt/anaconda3/envs/airflow_env/lib/python3.10/site-packages/airflow/example_dags/example_branch_operator_decorator.py took 0.079 seconds
[2025-06-25T21:55:48.015-0400] {processor.py:161} INFO - Started process (PID=73182) to work on /opt/anaconda3/envs/airflow_env/lib/python3.10/site-packages/airflow/example_dags/example_branch_operator_decorator.py
[2025-06-25T21:55:48.015-0400] {processor.py:830} INFO - Processing file /opt/anaconda3/envs/airflow_env/lib/python3.10/site-packages/airflow/example_dags/example_branch_operator_decorator.py for tasks to queue
[2025-06-25T21:55:48.015-0400] {logging_mixin.py:188} INFO - [2025-06-25T21:55:48.015-0400] {dagbag.py:545} INFO - Filling up the DagBag from /opt/anaconda3/envs/airflow_env/lib/python3.10/site-packages/airflow/example_dags/example_branch_operator_decorator.py
[2025-06-25T21:55:48.034-0400] {processor.py:840} INFO - DAG(s) 'example_branch_python_operator_decorator' retrieved from /opt/anaconda3/envs/airflow_env/lib/python3.10/site-packages/airflow/example_dags/example_branch_operator_decorator.py
[2025-06-25T21:55:48.115-0400] {logging_mixin.py:188} INFO - [2025-06-25T21:55:48.115-0400] {dag.py:3096} INFO - Sync 1 DAGs
[2025-06-25T21:55:48.121-0400] {logging_mixin.py:188} INFO - [2025-06-25T21:55:48.121-0400] {dag.py:3954} INFO - Setting next_dagrun for example_branch_python_operator_decorator to 2025-06-25 00:00:00+00:00, run_after=2025-06-26 00:00:00+00:00
[2025-06-25T21:55:48.128-0400] {processor.py:183} INFO - Processing /opt/anaconda3/envs/airflow_env/lib/python3.10/site-packages/airflow/example_dags/example_branch_operator_decorator.py took 0.115 seconds
[2025-06-25T21:56:03.596-0400] {processor.py:161} INFO - Started process (PID=73200) to work on /opt/anaconda3/envs/airflow_env/lib/python3.10/site-packages/airflow/example_dags/example_branch_operator_decorator.py
[2025-06-25T21:56:03.597-0400] {processor.py:830} INFO - Processing file /opt/anaconda3/envs/airflow_env/lib/python3.10/site-packages/airflow/example_dags/example_branch_operator_decorator.py for tasks to queue
[2025-06-25T21:56:03.597-0400] {logging_mixin.py:188} INFO - [2025-06-25T21:56:03.597-0400] {dagbag.py:545} INFO - Filling up the DagBag from /opt/anaconda3/envs/airflow_env/lib/python3.10/site-packages/airflow/example_dags/example_branch_operator_decorator.py
[2025-06-25T21:56:03.625-0400] {processor.py:840} INFO - DAG(s) 'example_branch_python_operator_decorator' retrieved from /opt/anaconda3/envs/airflow_env/lib/python3.10/site-packages/airflow/example_dags/example_branch_operator_decorator.py
[2025-06-25T21:56:03.629-0400] {logging_mixin.py:188} INFO - [2025-06-25T21:56:03.629-0400] {dag.py:3096} INFO - Sync 1 DAGs
[2025-06-25T21:56:03.696-0400] {logging_mixin.py:188} INFO - [2025-06-25T21:56:03.695-0400] {dag.py:3954} INFO - Setting next_dagrun for example_branch_python_operator_decorator to 2025-06-25 00:00:00+00:00, run_after=2025-06-26 00:00:00+00:00
[2025-06-25T21:56:03.703-0400] {processor.py:183} INFO - Processing /opt/anaconda3/envs/airflow_env/lib/python3.10/site-packages/airflow/example_dags/example_branch_operator_decorator.py took 0.109 seconds
[2025-06-25T21:57:35.126-0400] {processor.py:161} INFO - Started process (PID=73334) to work on /opt/anaconda3/envs/airflow_env/lib/python3.10/site-packages/airflow/example_dags/example_branch_operator_decorator.py
[2025-06-25T21:57:35.127-0400] {processor.py:830} INFO - Processing file /opt/anaconda3/envs/airflow_env/lib/python3.10/site-packages/airflow/example_dags/example_branch_operator_decorator.py for tasks to queue
[2025-06-25T21:57:35.128-0400] {logging_mixin.py:188} INFO - [2025-06-25T21:57:35.128-0400] {dagbag.py:545} INFO - Filling up the DagBag from /opt/anaconda3/envs/airflow_env/lib/python3.10/site-packages/airflow/example_dags/example_branch_operator_decorator.py
[2025-06-25T21:57:35.156-0400] {processor.py:840} INFO - DAG(s) 'example_branch_python_operator_decorator' retrieved from /opt/anaconda3/envs/airflow_env/lib/python3.10/site-packages/airflow/example_dags/example_branch_operator_decorator.py
[2025-06-25T21:57:35.261-0400] {logging_mixin.py:188} INFO - [2025-06-25T21:57:35.261-0400] {dag.py:3096} INFO - Sync 1 DAGs
[2025-06-25T21:57:35.268-0400] {logging_mixin.py:188} INFO - [2025-06-25T21:57:35.268-0400] {dag.py:3954} INFO - Setting next_dagrun for example_branch_python_operator_decorator to 2025-06-25 00:00:00+00:00, run_after=2025-06-26 00:00:00+00:00
[2025-06-25T21:57:35.276-0400] {processor.py:183} INFO - Processing /opt/anaconda3/envs/airflow_env/lib/python3.10/site-packages/airflow/example_dags/example_branch_operator_decorator.py took 0.152 seconds
[2025-06-25T21:57:46.199-0400] {processor.py:161} INFO - Started process (PID=73348) to work on /opt/anaconda3/envs/airflow_env/lib/python3.10/site-packages/airflow/example_dags/example_branch_operator_decorator.py
[2025-06-25T21:57:46.199-0400] {processor.py:830} INFO - Processing file /opt/anaconda3/envs/airflow_env/lib/python3.10/site-packages/airflow/example_dags/example_branch_operator_decorator.py for tasks to queue
[2025-06-25T21:57:46.199-0400] {logging_mixin.py:188} INFO - [2025-06-25T21:57:46.199-0400] {dagbag.py:545} INFO - Filling up the DagBag from /opt/anaconda3/envs/airflow_env/lib/python3.10/site-packages/airflow/example_dags/example_branch_operator_decorator.py
[2025-06-25T21:57:46.221-0400] {processor.py:840} INFO - DAG(s) 'example_branch_python_operator_decorator' retrieved from /opt/anaconda3/envs/airflow_env/lib/python3.10/site-packages/airflow/example_dags/example_branch_operator_decorator.py
[2025-06-25T21:57:46.226-0400] {logging_mixin.py:188} INFO - [2025-06-25T21:57:46.226-0400] {dag.py:3096} INFO - Sync 1 DAGs
[2025-06-25T21:57:46.276-0400] {logging_mixin.py:188} INFO - [2025-06-25T21:57:46.276-0400] {dag.py:3954} INFO - Setting next_dagrun for example_branch_python_operator_decorator to 2025-06-25 00:00:00+00:00, run_after=2025-06-26 00:00:00+00:00
[2025-06-25T21:57:46.284-0400] {processor.py:183} INFO - Processing /opt/anaconda3/envs/airflow_env/lib/python3.10/site-packages/airflow/example_dags/example_branch_operator_decorator.py took 0.088 seconds
[2025-06-25T21:59:21.836-0400] {processor.py:161} INFO - Started process (PID=73499) to work on /opt/anaconda3/envs/airflow_env/lib/python3.10/site-packages/airflow/example_dags/example_branch_operator_decorator.py
[2025-06-25T21:59:21.839-0400] {processor.py:830} INFO - Processing file /opt/anaconda3/envs/airflow_env/lib/python3.10/site-packages/airflow/example_dags/example_branch_operator_decorator.py for tasks to queue
[2025-06-25T21:59:21.839-0400] {logging_mixin.py:188} INFO - [2025-06-25T21:59:21.839-0400] {dagbag.py:545} INFO - Filling up the DagBag from /opt/anaconda3/envs/airflow_env/lib/python3.10/site-packages/airflow/example_dags/example_branch_operator_decorator.py
[2025-06-25T21:59:21.860-0400] {processor.py:840} INFO - DAG(s) 'example_branch_python_operator_decorator' retrieved from /opt/anaconda3/envs/airflow_env/lib/python3.10/site-packages/airflow/example_dags/example_branch_operator_decorator.py
[2025-06-25T21:59:21.957-0400] {logging_mixin.py:188} INFO - [2025-06-25T21:59:21.957-0400] {dag.py:3096} INFO - Sync 1 DAGs
[2025-06-25T21:59:21.964-0400] {logging_mixin.py:188} INFO - [2025-06-25T21:59:21.964-0400] {dag.py:3954} INFO - Setting next_dagrun for example_branch_python_operator_decorator to 2025-06-25 00:00:00+00:00, run_after=2025-06-26 00:00:00+00:00
[2025-06-25T21:59:21.972-0400] {processor.py:183} INFO - Processing /opt/anaconda3/envs/airflow_env/lib/python3.10/site-packages/airflow/example_dags/example_branch_operator_decorator.py took 0.137 seconds
[2025-06-25T21:59:42.772-0400] {processor.py:161} INFO - Started process (PID=73532) to work on /opt/anaconda3/envs/airflow_env/lib/python3.10/site-packages/airflow/example_dags/example_branch_operator_decorator.py
[2025-06-25T21:59:42.773-0400] {processor.py:830} INFO - Processing file /opt/anaconda3/envs/airflow_env/lib/python3.10/site-packages/airflow/example_dags/example_branch_operator_decorator.py for tasks to queue
[2025-06-25T21:59:42.774-0400] {logging_mixin.py:188} INFO - [2025-06-25T21:59:42.774-0400] {dagbag.py:545} INFO - Filling up the DagBag from /opt/anaconda3/envs/airflow_env/lib/python3.10/site-packages/airflow/example_dags/example_branch_operator_decorator.py
[2025-06-25T21:59:42.793-0400] {processor.py:840} INFO - DAG(s) 'example_branch_python_operator_decorator' retrieved from /opt/anaconda3/envs/airflow_env/lib/python3.10/site-packages/airflow/example_dags/example_branch_operator_decorator.py
[2025-06-25T21:59:42.797-0400] {logging_mixin.py:188} INFO - [2025-06-25T21:59:42.797-0400] {dag.py:3096} INFO - Sync 1 DAGs
[2025-06-25T21:59:42.857-0400] {logging_mixin.py:188} INFO - [2025-06-25T21:59:42.857-0400] {dag.py:3954} INFO - Setting next_dagrun for example_branch_python_operator_decorator to 2025-06-25 00:00:00+00:00, run_after=2025-06-26 00:00:00+00:00
[2025-06-25T21:59:42.865-0400] {processor.py:183} INFO - Processing /opt/anaconda3/envs/airflow_env/lib/python3.10/site-packages/airflow/example_dags/example_branch_operator_decorator.py took 0.096 seconds
[2025-06-25T22:01:14.705-0400] {processor.py:161} INFO - Started process (PID=73663) to work on /opt/anaconda3/envs/airflow_env/lib/python3.10/site-packages/airflow/example_dags/example_branch_operator_decorator.py
[2025-06-25T22:01:14.706-0400] {processor.py:830} INFO - Processing file /opt/anaconda3/envs/airflow_env/lib/python3.10/site-packages/airflow/example_dags/example_branch_operator_decorator.py for tasks to queue
[2025-06-25T22:01:14.707-0400] {logging_mixin.py:188} INFO - [2025-06-25T22:01:14.707-0400] {dagbag.py:545} INFO - Filling up the DagBag from /opt/anaconda3/envs/airflow_env/lib/python3.10/site-packages/airflow/example_dags/example_branch_operator_decorator.py
[2025-06-25T22:01:14.725-0400] {processor.py:840} INFO - DAG(s) 'example_branch_python_operator_decorator' retrieved from /opt/anaconda3/envs/airflow_env/lib/python3.10/site-packages/airflow/example_dags/example_branch_operator_decorator.py
[2025-06-25T22:01:14.810-0400] {logging_mixin.py:188} INFO - [2025-06-25T22:01:14.810-0400] {dag.py:3096} INFO - Sync 1 DAGs
[2025-06-25T22:01:14.816-0400] {logging_mixin.py:188} INFO - [2025-06-25T22:01:14.816-0400] {dag.py:3954} INFO - Setting next_dagrun for example_branch_python_operator_decorator to 2025-06-25 00:00:00+00:00, run_after=2025-06-26 00:00:00+00:00
[2025-06-25T22:01:14.823-0400] {processor.py:183} INFO - Processing /opt/anaconda3/envs/airflow_env/lib/python3.10/site-packages/airflow/example_dags/example_branch_operator_decorator.py took 0.120 seconds
[2025-06-25T22:01:29.617-0400] {processor.py:161} INFO - Started process (PID=73683) to work on /opt/anaconda3/envs/airflow_env/lib/python3.10/site-packages/airflow/example_dags/example_branch_operator_decorator.py
[2025-06-25T22:01:29.617-0400] {processor.py:830} INFO - Processing file /opt/anaconda3/envs/airflow_env/lib/python3.10/site-packages/airflow/example_dags/example_branch_operator_decorator.py for tasks to queue
[2025-06-25T22:01:29.617-0400] {logging_mixin.py:188} INFO - [2025-06-25T22:01:29.617-0400] {dagbag.py:545} INFO - Filling up the DagBag from /opt/anaconda3/envs/airflow_env/lib/python3.10/site-packages/airflow/example_dags/example_branch_operator_decorator.py
[2025-06-25T22:01:29.637-0400] {processor.py:840} INFO - DAG(s) 'example_branch_python_operator_decorator' retrieved from /opt/anaconda3/envs/airflow_env/lib/python3.10/site-packages/airflow/example_dags/example_branch_operator_decorator.py
[2025-06-25T22:01:29.641-0400] {logging_mixin.py:188} INFO - [2025-06-25T22:01:29.640-0400] {dag.py:3096} INFO - Sync 1 DAGs
[2025-06-25T22:01:29.694-0400] {logging_mixin.py:188} INFO - [2025-06-25T22:01:29.694-0400] {dag.py:3954} INFO - Setting next_dagrun for example_branch_python_operator_decorator to 2025-06-25 00:00:00+00:00, run_after=2025-06-26 00:00:00+00:00
[2025-06-25T22:01:29.702-0400] {processor.py:183} INFO - Processing /opt/anaconda3/envs/airflow_env/lib/python3.10/site-packages/airflow/example_dags/example_branch_operator_decorator.py took 0.087 seconds
[2025-06-25T22:02:51.369-0400] {processor.py:161} INFO - Started process (PID=73827) to work on /opt/anaconda3/envs/airflow_env/lib/python3.10/site-packages/airflow/example_dags/example_branch_operator_decorator.py
[2025-06-25T22:02:51.370-0400] {processor.py:830} INFO - Processing file /opt/anaconda3/envs/airflow_env/lib/python3.10/site-packages/airflow/example_dags/example_branch_operator_decorator.py for tasks to queue
[2025-06-25T22:02:51.370-0400] {logging_mixin.py:188} INFO - [2025-06-25T22:02:51.370-0400] {dagbag.py:545} INFO - Filling up the DagBag from /opt/anaconda3/envs/airflow_env/lib/python3.10/site-packages/airflow/example_dags/example_branch_operator_decorator.py
[2025-06-25T22:02:51.390-0400] {processor.py:840} INFO - DAG(s) 'example_branch_python_operator_decorator' retrieved from /opt/anaconda3/envs/airflow_env/lib/python3.10/site-packages/airflow/example_dags/example_branch_operator_decorator.py
[2025-06-25T22:02:51.481-0400] {logging_mixin.py:188} INFO - [2025-06-25T22:02:51.481-0400] {dag.py:3096} INFO - Sync 1 DAGs
[2025-06-25T22:02:51.487-0400] {logging_mixin.py:188} INFO - [2025-06-25T22:02:51.487-0400] {dag.py:3954} INFO - Setting next_dagrun for example_branch_python_operator_decorator to 2025-06-25 00:00:00+00:00, run_after=2025-06-26 00:00:00+00:00
[2025-06-25T22:02:51.494-0400] {processor.py:183} INFO - Processing /opt/anaconda3/envs/airflow_env/lib/python3.10/site-packages/airflow/example_dags/example_branch_operator_decorator.py took 0.127 seconds
[2025-06-25T22:03:10.328-0400] {processor.py:161} INFO - Started process (PID=73851) to work on /opt/anaconda3/envs/airflow_env/lib/python3.10/site-packages/airflow/example_dags/example_branch_operator_decorator.py
[2025-06-25T22:03:10.330-0400] {processor.py:830} INFO - Processing file /opt/anaconda3/envs/airflow_env/lib/python3.10/site-packages/airflow/example_dags/example_branch_operator_decorator.py for tasks to queue
[2025-06-25T22:03:10.330-0400] {logging_mixin.py:188} INFO - [2025-06-25T22:03:10.330-0400] {dagbag.py:545} INFO - Filling up the DagBag from /opt/anaconda3/envs/airflow_env/lib/python3.10/site-packages/airflow/example_dags/example_branch_operator_decorator.py
[2025-06-25T22:03:10.351-0400] {processor.py:840} INFO - DAG(s) 'example_branch_python_operator_decorator' retrieved from /opt/anaconda3/envs/airflow_env/lib/python3.10/site-packages/airflow/example_dags/example_branch_operator_decorator.py
[2025-06-25T22:03:10.355-0400] {logging_mixin.py:188} INFO - [2025-06-25T22:03:10.355-0400] {dag.py:3096} INFO - Sync 1 DAGs
[2025-06-25T22:03:10.405-0400] {logging_mixin.py:188} INFO - [2025-06-25T22:03:10.405-0400] {dag.py:3954} INFO - Setting next_dagrun for example_branch_python_operator_decorator to 2025-06-25 00:00:00+00:00, run_after=2025-06-26 00:00:00+00:00
[2025-06-25T22:03:10.411-0400] {processor.py:183} INFO - Processing /opt/anaconda3/envs/airflow_env/lib/python3.10/site-packages/airflow/example_dags/example_branch_operator_decorator.py took 0.085 seconds
[2025-06-25T22:04:36.409-0400] {processor.py:161} INFO - Started process (PID=73976) to work on /opt/anaconda3/envs/airflow_env/lib/python3.10/site-packages/airflow/example_dags/example_branch_operator_decorator.py
[2025-06-25T22:04:36.410-0400] {processor.py:830} INFO - Processing file /opt/anaconda3/envs/airflow_env/lib/python3.10/site-packages/airflow/example_dags/example_branch_operator_decorator.py for tasks to queue
[2025-06-25T22:04:36.410-0400] {logging_mixin.py:188} INFO - [2025-06-25T22:04:36.410-0400] {dagbag.py:545} INFO - Filling up the DagBag from /opt/anaconda3/envs/airflow_env/lib/python3.10/site-packages/airflow/example_dags/example_branch_operator_decorator.py
[2025-06-25T22:04:36.429-0400] {processor.py:840} INFO - DAG(s) 'example_branch_python_operator_decorator' retrieved from /opt/anaconda3/envs/airflow_env/lib/python3.10/site-packages/airflow/example_dags/example_branch_operator_decorator.py
[2025-06-25T22:04:36.510-0400] {logging_mixin.py:188} INFO - [2025-06-25T22:04:36.509-0400] {dag.py:3096} INFO - Sync 1 DAGs
[2025-06-25T22:04:36.516-0400] {logging_mixin.py:188} INFO - [2025-06-25T22:04:36.515-0400] {dag.py:3954} INFO - Setting next_dagrun for example_branch_python_operator_decorator to 2025-06-25 00:00:00+00:00, run_after=2025-06-26 00:00:00+00:00
[2025-06-25T22:04:36.522-0400] {processor.py:183} INFO - Processing /opt/anaconda3/envs/airflow_env/lib/python3.10/site-packages/airflow/example_dags/example_branch_operator_decorator.py took 0.115 seconds
[2025-06-25T22:04:46.684-0400] {processor.py:161} INFO - Started process (PID=73991) to work on /opt/anaconda3/envs/airflow_env/lib/python3.10/site-packages/airflow/example_dags/example_branch_operator_decorator.py
[2025-06-25T22:04:46.684-0400] {processor.py:830} INFO - Processing file /opt/anaconda3/envs/airflow_env/lib/python3.10/site-packages/airflow/example_dags/example_branch_operator_decorator.py for tasks to queue
[2025-06-25T22:04:46.685-0400] {logging_mixin.py:188} INFO - [2025-06-25T22:04:46.685-0400] {dagbag.py:545} INFO - Filling up the DagBag from /opt/anaconda3/envs/airflow_env/lib/python3.10/site-packages/airflow/example_dags/example_branch_operator_decorator.py
[2025-06-25T22:04:46.707-0400] {processor.py:840} INFO - DAG(s) 'example_branch_python_operator_decorator' retrieved from /opt/anaconda3/envs/airflow_env/lib/python3.10/site-packages/airflow/example_dags/example_branch_operator_decorator.py
[2025-06-25T22:04:46.711-0400] {logging_mixin.py:188} INFO - [2025-06-25T22:04:46.711-0400] {dag.py:3096} INFO - Sync 1 DAGs
[2025-06-25T22:04:46.764-0400] {logging_mixin.py:188} INFO - [2025-06-25T22:04:46.764-0400] {dag.py:3954} INFO - Setting next_dagrun for example_branch_python_operator_decorator to 2025-06-25 00:00:00+00:00, run_after=2025-06-26 00:00:00+00:00
[2025-06-25T22:04:46.771-0400] {processor.py:183} INFO - Processing /opt/anaconda3/envs/airflow_env/lib/python3.10/site-packages/airflow/example_dags/example_branch_operator_decorator.py took 0.089 seconds
[2025-06-25T22:06:17.565-0400] {processor.py:161} INFO - Started process (PID=74122) to work on /opt/anaconda3/envs/airflow_env/lib/python3.10/site-packages/airflow/example_dags/example_branch_operator_decorator.py
[2025-06-25T22:06:17.566-0400] {processor.py:830} INFO - Processing file /opt/anaconda3/envs/airflow_env/lib/python3.10/site-packages/airflow/example_dags/example_branch_operator_decorator.py for tasks to queue
[2025-06-25T22:06:17.566-0400] {logging_mixin.py:188} INFO - [2025-06-25T22:06:17.566-0400] {dagbag.py:545} INFO - Filling up the DagBag from /opt/anaconda3/envs/airflow_env/lib/python3.10/site-packages/airflow/example_dags/example_branch_operator_decorator.py
[2025-06-25T22:06:17.588-0400] {processor.py:840} INFO - DAG(s) 'example_branch_python_operator_decorator' retrieved from /opt/anaconda3/envs/airflow_env/lib/python3.10/site-packages/airflow/example_dags/example_branch_operator_decorator.py
[2025-06-25T22:06:17.690-0400] {logging_mixin.py:188} INFO - [2025-06-25T22:06:17.689-0400] {dag.py:3096} INFO - Sync 1 DAGs
[2025-06-25T22:06:17.700-0400] {logging_mixin.py:188} INFO - [2025-06-25T22:06:17.700-0400] {dag.py:3954} INFO - Setting next_dagrun for example_branch_python_operator_decorator to 2025-06-25 00:00:00+00:00, run_after=2025-06-26 00:00:00+00:00
[2025-06-25T22:06:17.709-0400] {processor.py:183} INFO - Processing /opt/anaconda3/envs/airflow_env/lib/python3.10/site-packages/airflow/example_dags/example_branch_operator_decorator.py took 0.146 seconds
[2025-06-25T22:06:28.203-0400] {processor.py:161} INFO - Started process (PID=74141) to work on /opt/anaconda3/envs/airflow_env/lib/python3.10/site-packages/airflow/example_dags/example_branch_operator_decorator.py
[2025-06-25T22:06:28.204-0400] {processor.py:830} INFO - Processing file /opt/anaconda3/envs/airflow_env/lib/python3.10/site-packages/airflow/example_dags/example_branch_operator_decorator.py for tasks to queue
[2025-06-25T22:06:28.205-0400] {logging_mixin.py:188} INFO - [2025-06-25T22:06:28.205-0400] {dagbag.py:545} INFO - Filling up the DagBag from /opt/anaconda3/envs/airflow_env/lib/python3.10/site-packages/airflow/example_dags/example_branch_operator_decorator.py
[2025-06-25T22:06:28.228-0400] {processor.py:840} INFO - DAG(s) 'example_branch_python_operator_decorator' retrieved from /opt/anaconda3/envs/airflow_env/lib/python3.10/site-packages/airflow/example_dags/example_branch_operator_decorator.py
[2025-06-25T22:06:28.235-0400] {logging_mixin.py:188} INFO - [2025-06-25T22:06:28.234-0400] {dag.py:3096} INFO - Sync 1 DAGs
[2025-06-25T22:06:28.293-0400] {logging_mixin.py:188} INFO - [2025-06-25T22:06:28.293-0400] {dag.py:3954} INFO - Setting next_dagrun for example_branch_python_operator_decorator to 2025-06-25 00:00:00+00:00, run_after=2025-06-26 00:00:00+00:00
[2025-06-25T22:06:28.302-0400] {processor.py:183} INFO - Processing /opt/anaconda3/envs/airflow_env/lib/python3.10/site-packages/airflow/example_dags/example_branch_operator_decorator.py took 0.101 seconds
[2025-06-25T22:07:54.404-0400] {processor.py:161} INFO - Started process (PID=74284) to work on /opt/anaconda3/envs/airflow_env/lib/python3.10/site-packages/airflow/example_dags/example_branch_operator_decorator.py
[2025-06-25T22:07:54.404-0400] {processor.py:830} INFO - Processing file /opt/anaconda3/envs/airflow_env/lib/python3.10/site-packages/airflow/example_dags/example_branch_operator_decorator.py for tasks to queue
[2025-06-25T22:07:54.405-0400] {logging_mixin.py:188} INFO - [2025-06-25T22:07:54.405-0400] {dagbag.py:545} INFO - Filling up the DagBag from /opt/anaconda3/envs/airflow_env/lib/python3.10/site-packages/airflow/example_dags/example_branch_operator_decorator.py
[2025-06-25T22:07:54.430-0400] {processor.py:840} INFO - DAG(s) 'example_branch_python_operator_decorator' retrieved from /opt/anaconda3/envs/airflow_env/lib/python3.10/site-packages/airflow/example_dags/example_branch_operator_decorator.py
[2025-06-25T22:07:54.534-0400] {logging_mixin.py:188} INFO - [2025-06-25T22:07:54.534-0400] {dag.py:3096} INFO - Sync 1 DAGs
[2025-06-25T22:07:54.541-0400] {logging_mixin.py:188} INFO - [2025-06-25T22:07:54.541-0400] {dag.py:3954} INFO - Setting next_dagrun for example_branch_python_operator_decorator to 2025-06-25 00:00:00+00:00, run_after=2025-06-26 00:00:00+00:00
[2025-06-25T22:07:54.549-0400] {processor.py:183} INFO - Processing /opt/anaconda3/envs/airflow_env/lib/python3.10/site-packages/airflow/example_dags/example_branch_operator_decorator.py took 0.148 seconds
[2025-06-25T22:08:08.352-0400] {processor.py:161} INFO - Started process (PID=74309) to work on /opt/anaconda3/envs/airflow_env/lib/python3.10/site-packages/airflow/example_dags/example_branch_operator_decorator.py
[2025-06-25T22:08:08.352-0400] {processor.py:830} INFO - Processing file /opt/anaconda3/envs/airflow_env/lib/python3.10/site-packages/airflow/example_dags/example_branch_operator_decorator.py for tasks to queue
[2025-06-25T22:08:08.352-0400] {logging_mixin.py:188} INFO - [2025-06-25T22:08:08.352-0400] {dagbag.py:545} INFO - Filling up the DagBag from /opt/anaconda3/envs/airflow_env/lib/python3.10/site-packages/airflow/example_dags/example_branch_operator_decorator.py
[2025-06-25T22:08:08.372-0400] {processor.py:840} INFO - DAG(s) 'example_branch_python_operator_decorator' retrieved from /opt/anaconda3/envs/airflow_env/lib/python3.10/site-packages/airflow/example_dags/example_branch_operator_decorator.py
[2025-06-25T22:08:08.376-0400] {logging_mixin.py:188} INFO - [2025-06-25T22:08:08.376-0400] {dag.py:3096} INFO - Sync 1 DAGs
[2025-06-25T22:08:08.429-0400] {logging_mixin.py:188} INFO - [2025-06-25T22:08:08.429-0400] {dag.py:3954} INFO - Setting next_dagrun for example_branch_python_operator_decorator to 2025-06-25 00:00:00+00:00, run_after=2025-06-26 00:00:00+00:00
[2025-06-25T22:08:08.436-0400] {processor.py:183} INFO - Processing /opt/anaconda3/envs/airflow_env/lib/python3.10/site-packages/airflow/example_dags/example_branch_operator_decorator.py took 0.086 seconds
[2025-06-25T22:09:32.943-0400] {processor.py:161} INFO - Started process (PID=74431) to work on /opt/anaconda3/envs/airflow_env/lib/python3.10/site-packages/airflow/example_dags/example_branch_operator_decorator.py
[2025-06-25T22:09:32.944-0400] {processor.py:830} INFO - Processing file /opt/anaconda3/envs/airflow_env/lib/python3.10/site-packages/airflow/example_dags/example_branch_operator_decorator.py for tasks to queue
[2025-06-25T22:09:32.944-0400] {logging_mixin.py:188} INFO - [2025-06-25T22:09:32.944-0400] {dagbag.py:545} INFO - Filling up the DagBag from /opt/anaconda3/envs/airflow_env/lib/python3.10/site-packages/airflow/example_dags/example_branch_operator_decorator.py
[2025-06-25T22:09:32.964-0400] {processor.py:840} INFO - DAG(s) 'example_branch_python_operator_decorator' retrieved from /opt/anaconda3/envs/airflow_env/lib/python3.10/site-packages/airflow/example_dags/example_branch_operator_decorator.py
[2025-06-25T22:09:33.049-0400] {logging_mixin.py:188} INFO - [2025-06-25T22:09:33.049-0400] {dag.py:3096} INFO - Sync 1 DAGs
[2025-06-25T22:09:33.055-0400] {logging_mixin.py:188} INFO - [2025-06-25T22:09:33.055-0400] {dag.py:3954} INFO - Setting next_dagrun for example_branch_python_operator_decorator to 2025-06-25 00:00:00+00:00, run_after=2025-06-26 00:00:00+00:00
[2025-06-25T22:09:33.062-0400] {processor.py:183} INFO - Processing /opt/anaconda3/envs/airflow_env/lib/python3.10/site-packages/airflow/example_dags/example_branch_operator_decorator.py took 0.120 seconds
[2025-06-25T22:09:46.391-0400] {processor.py:161} INFO - Started process (PID=74451) to work on /opt/anaconda3/envs/airflow_env/lib/python3.10/site-packages/airflow/example_dags/example_branch_operator_decorator.py
[2025-06-25T22:09:46.391-0400] {processor.py:830} INFO - Processing file /opt/anaconda3/envs/airflow_env/lib/python3.10/site-packages/airflow/example_dags/example_branch_operator_decorator.py for tasks to queue
[2025-06-25T22:09:46.392-0400] {logging_mixin.py:188} INFO - [2025-06-25T22:09:46.392-0400] {dagbag.py:545} INFO - Filling up the DagBag from /opt/anaconda3/envs/airflow_env/lib/python3.10/site-packages/airflow/example_dags/example_branch_operator_decorator.py
[2025-06-25T22:09:46.414-0400] {processor.py:840} INFO - DAG(s) 'example_branch_python_operator_decorator' retrieved from /opt/anaconda3/envs/airflow_env/lib/python3.10/site-packages/airflow/example_dags/example_branch_operator_decorator.py
[2025-06-25T22:09:46.418-0400] {logging_mixin.py:188} INFO - [2025-06-25T22:09:46.418-0400] {dag.py:3096} INFO - Sync 1 DAGs
[2025-06-25T22:09:46.471-0400] {logging_mixin.py:188} INFO - [2025-06-25T22:09:46.470-0400] {dag.py:3954} INFO - Setting next_dagrun for example_branch_python_operator_decorator to 2025-06-25 00:00:00+00:00, run_after=2025-06-26 00:00:00+00:00
[2025-06-25T22:09:46.477-0400] {processor.py:183} INFO - Processing /opt/anaconda3/envs/airflow_env/lib/python3.10/site-packages/airflow/example_dags/example_branch_operator_decorator.py took 0.089 seconds
[2025-06-25T22:11:18.670-0400] {processor.py:161} INFO - Started process (PID=74579) to work on /opt/anaconda3/envs/airflow_env/lib/python3.10/site-packages/airflow/example_dags/example_branch_operator_decorator.py
[2025-06-25T22:11:18.671-0400] {processor.py:830} INFO - Processing file /opt/anaconda3/envs/airflow_env/lib/python3.10/site-packages/airflow/example_dags/example_branch_operator_decorator.py for tasks to queue
[2025-06-25T22:11:18.672-0400] {logging_mixin.py:188} INFO - [2025-06-25T22:11:18.672-0400] {dagbag.py:545} INFO - Filling up the DagBag from /opt/anaconda3/envs/airflow_env/lib/python3.10/site-packages/airflow/example_dags/example_branch_operator_decorator.py
[2025-06-25T22:11:18.699-0400] {processor.py:840} INFO - DAG(s) 'example_branch_python_operator_decorator' retrieved from /opt/anaconda3/envs/airflow_env/lib/python3.10/site-packages/airflow/example_dags/example_branch_operator_decorator.py
[2025-06-25T22:11:18.827-0400] {logging_mixin.py:188} INFO - [2025-06-25T22:11:18.827-0400] {dag.py:3096} INFO - Sync 1 DAGs
[2025-06-25T22:11:18.835-0400] {logging_mixin.py:188} INFO - [2025-06-25T22:11:18.834-0400] {dag.py:3954} INFO - Setting next_dagrun for example_branch_python_operator_decorator to 2025-06-25 00:00:00+00:00, run_after=2025-06-26 00:00:00+00:00
[2025-06-25T22:11:18.842-0400] {processor.py:183} INFO - Processing /opt/anaconda3/envs/airflow_env/lib/python3.10/site-packages/airflow/example_dags/example_branch_operator_decorator.py took 0.174 seconds
[2025-06-25T22:11:30.634-0400] {processor.py:161} INFO - Started process (PID=74599) to work on /opt/anaconda3/envs/airflow_env/lib/python3.10/site-packages/airflow/example_dags/example_branch_operator_decorator.py
[2025-06-25T22:11:30.634-0400] {processor.py:830} INFO - Processing file /opt/anaconda3/envs/airflow_env/lib/python3.10/site-packages/airflow/example_dags/example_branch_operator_decorator.py for tasks to queue
[2025-06-25T22:11:30.635-0400] {logging_mixin.py:188} INFO - [2025-06-25T22:11:30.635-0400] {dagbag.py:545} INFO - Filling up the DagBag from /opt/anaconda3/envs/airflow_env/lib/python3.10/site-packages/airflow/example_dags/example_branch_operator_decorator.py
[2025-06-25T22:11:30.661-0400] {processor.py:840} INFO - DAG(s) 'example_branch_python_operator_decorator' retrieved from /opt/anaconda3/envs/airflow_env/lib/python3.10/site-packages/airflow/example_dags/example_branch_operator_decorator.py
[2025-06-25T22:11:30.667-0400] {logging_mixin.py:188} INFO - [2025-06-25T22:11:30.666-0400] {dag.py:3096} INFO - Sync 1 DAGs
[2025-06-25T22:11:30.739-0400] {logging_mixin.py:188} INFO - [2025-06-25T22:11:30.739-0400] {dag.py:3954} INFO - Setting next_dagrun for example_branch_python_operator_decorator to 2025-06-25 00:00:00+00:00, run_after=2025-06-26 00:00:00+00:00
[2025-06-25T22:11:30.748-0400] {processor.py:183} INFO - Processing /opt/anaconda3/envs/airflow_env/lib/python3.10/site-packages/airflow/example_dags/example_branch_operator_decorator.py took 0.118 seconds
[2025-06-25T22:13:14.983-0400] {processor.py:161} INFO - Started process (PID=74780) to work on /opt/anaconda3/envs/airflow_env/lib/python3.10/site-packages/airflow/example_dags/example_branch_operator_decorator.py
[2025-06-25T22:13:14.985-0400] {processor.py:830} INFO - Processing file /opt/anaconda3/envs/airflow_env/lib/python3.10/site-packages/airflow/example_dags/example_branch_operator_decorator.py for tasks to queue
[2025-06-25T22:13:14.985-0400] {logging_mixin.py:188} INFO - [2025-06-25T22:13:14.985-0400] {dagbag.py:545} INFO - Filling up the DagBag from /opt/anaconda3/envs/airflow_env/lib/python3.10/site-packages/airflow/example_dags/example_branch_operator_decorator.py
[2025-06-25T22:13:15.004-0400] {processor.py:840} INFO - DAG(s) 'example_branch_python_operator_decorator' retrieved from /opt/anaconda3/envs/airflow_env/lib/python3.10/site-packages/airflow/example_dags/example_branch_operator_decorator.py
[2025-06-25T22:13:15.085-0400] {logging_mixin.py:188} INFO - [2025-06-25T22:13:15.085-0400] {dag.py:3096} INFO - Sync 1 DAGs
[2025-06-25T22:13:15.091-0400] {logging_mixin.py:188} INFO - [2025-06-25T22:13:15.091-0400] {dag.py:3954} INFO - Setting next_dagrun for example_branch_python_operator_decorator to 2025-06-25 00:00:00+00:00, run_after=2025-06-26 00:00:00+00:00
[2025-06-25T22:13:15.098-0400] {processor.py:183} INFO - Processing /opt/anaconda3/envs/airflow_env/lib/python3.10/site-packages/airflow/example_dags/example_branch_operator_decorator.py took 0.117 seconds
[2025-06-25T22:13:20.063-0400] {processor.py:161} INFO - Started process (PID=74787) to work on /opt/anaconda3/envs/airflow_env/lib/python3.10/site-packages/airflow/example_dags/example_branch_operator_decorator.py
[2025-06-25T22:13:20.063-0400] {processor.py:830} INFO - Processing file /opt/anaconda3/envs/airflow_env/lib/python3.10/site-packages/airflow/example_dags/example_branch_operator_decorator.py for tasks to queue
[2025-06-25T22:13:20.063-0400] {logging_mixin.py:188} INFO - [2025-06-25T22:13:20.063-0400] {dagbag.py:545} INFO - Filling up the DagBag from /opt/anaconda3/envs/airflow_env/lib/python3.10/site-packages/airflow/example_dags/example_branch_operator_decorator.py
[2025-06-25T22:13:20.085-0400] {processor.py:840} INFO - DAG(s) 'example_branch_python_operator_decorator' retrieved from /opt/anaconda3/envs/airflow_env/lib/python3.10/site-packages/airflow/example_dags/example_branch_operator_decorator.py
[2025-06-25T22:13:20.090-0400] {logging_mixin.py:188} INFO - [2025-06-25T22:13:20.090-0400] {dag.py:3096} INFO - Sync 1 DAGs
[2025-06-25T22:13:20.162-0400] {logging_mixin.py:188} INFO - [2025-06-25T22:13:20.162-0400] {dag.py:3954} INFO - Setting next_dagrun for example_branch_python_operator_decorator to 2025-06-25 00:00:00+00:00, run_after=2025-06-26 00:00:00+00:00
[2025-06-25T22:13:20.170-0400] {processor.py:183} INFO - Processing /opt/anaconda3/envs/airflow_env/lib/python3.10/site-packages/airflow/example_dags/example_branch_operator_decorator.py took 0.110 seconds
[2025-06-25T22:15:00.554-0400] {processor.py:161} INFO - Started process (PID=74926) to work on /opt/anaconda3/envs/airflow_env/lib/python3.10/site-packages/airflow/example_dags/example_branch_operator_decorator.py
[2025-06-25T22:15:00.555-0400] {processor.py:830} INFO - Processing file /opt/anaconda3/envs/airflow_env/lib/python3.10/site-packages/airflow/example_dags/example_branch_operator_decorator.py for tasks to queue
[2025-06-25T22:15:00.556-0400] {logging_mixin.py:188} INFO - [2025-06-25T22:15:00.556-0400] {dagbag.py:545} INFO - Filling up the DagBag from /opt/anaconda3/envs/airflow_env/lib/python3.10/site-packages/airflow/example_dags/example_branch_operator_decorator.py
[2025-06-25T22:15:00.580-0400] {processor.py:840} INFO - DAG(s) 'example_branch_python_operator_decorator' retrieved from /opt/anaconda3/envs/airflow_env/lib/python3.10/site-packages/airflow/example_dags/example_branch_operator_decorator.py
[2025-06-25T22:15:00.683-0400] {logging_mixin.py:188} INFO - [2025-06-25T22:15:00.682-0400] {dag.py:3096} INFO - Sync 1 DAGs
[2025-06-25T22:15:00.690-0400] {logging_mixin.py:188} INFO - [2025-06-25T22:15:00.690-0400] {dag.py:3954} INFO - Setting next_dagrun for example_branch_python_operator_decorator to 2025-06-25 00:00:00+00:00, run_after=2025-06-26 00:00:00+00:00
[2025-06-25T22:15:00.699-0400] {processor.py:183} INFO - Processing /opt/anaconda3/envs/airflow_env/lib/python3.10/site-packages/airflow/example_dags/example_branch_operator_decorator.py took 0.146 seconds
[2025-06-25T22:15:06.015-0400] {processor.py:161} INFO - Started process (PID=74934) to work on /opt/anaconda3/envs/airflow_env/lib/python3.10/site-packages/airflow/example_dags/example_branch_operator_decorator.py
[2025-06-25T22:15:06.015-0400] {processor.py:830} INFO - Processing file /opt/anaconda3/envs/airflow_env/lib/python3.10/site-packages/airflow/example_dags/example_branch_operator_decorator.py for tasks to queue
[2025-06-25T22:15:06.015-0400] {logging_mixin.py:188} INFO - [2025-06-25T22:15:06.015-0400] {dagbag.py:545} INFO - Filling up the DagBag from /opt/anaconda3/envs/airflow_env/lib/python3.10/site-packages/airflow/example_dags/example_branch_operator_decorator.py
[2025-06-25T22:15:06.035-0400] {processor.py:840} INFO - DAG(s) 'example_branch_python_operator_decorator' retrieved from /opt/anaconda3/envs/airflow_env/lib/python3.10/site-packages/airflow/example_dags/example_branch_operator_decorator.py
[2025-06-25T22:15:06.040-0400] {logging_mixin.py:188} INFO - [2025-06-25T22:15:06.040-0400] {dag.py:3096} INFO - Sync 1 DAGs
[2025-06-25T22:15:06.092-0400] {logging_mixin.py:188} INFO - [2025-06-25T22:15:06.092-0400] {dag.py:3954} INFO - Setting next_dagrun for example_branch_python_operator_decorator to 2025-06-25 00:00:00+00:00, run_after=2025-06-26 00:00:00+00:00
[2025-06-25T22:15:06.099-0400] {processor.py:183} INFO - Processing /opt/anaconda3/envs/airflow_env/lib/python3.10/site-packages/airflow/example_dags/example_branch_operator_decorator.py took 0.086 seconds
[2025-06-25T22:16:48.726-0400] {processor.py:161} INFO - Started process (PID=75079) to work on /opt/anaconda3/envs/airflow_env/lib/python3.10/site-packages/airflow/example_dags/example_branch_operator_decorator.py
[2025-06-25T22:16:48.726-0400] {processor.py:830} INFO - Processing file /opt/anaconda3/envs/airflow_env/lib/python3.10/site-packages/airflow/example_dags/example_branch_operator_decorator.py for tasks to queue
[2025-06-25T22:16:48.726-0400] {logging_mixin.py:188} INFO - [2025-06-25T22:16:48.726-0400] {dagbag.py:545} INFO - Filling up the DagBag from /opt/anaconda3/envs/airflow_env/lib/python3.10/site-packages/airflow/example_dags/example_branch_operator_decorator.py
[2025-06-25T22:16:48.747-0400] {processor.py:840} INFO - DAG(s) 'example_branch_python_operator_decorator' retrieved from /opt/anaconda3/envs/airflow_env/lib/python3.10/site-packages/airflow/example_dags/example_branch_operator_decorator.py
[2025-06-25T22:16:48.842-0400] {logging_mixin.py:188} INFO - [2025-06-25T22:16:48.842-0400] {dag.py:3096} INFO - Sync 1 DAGs
[2025-06-25T22:16:48.849-0400] {logging_mixin.py:188} INFO - [2025-06-25T22:16:48.849-0400] {dag.py:3954} INFO - Setting next_dagrun for example_branch_python_operator_decorator to 2025-06-25 00:00:00+00:00, run_after=2025-06-26 00:00:00+00:00
[2025-06-25T22:16:48.857-0400] {processor.py:183} INFO - Processing /opt/anaconda3/envs/airflow_env/lib/python3.10/site-packages/airflow/example_dags/example_branch_operator_decorator.py took 0.134 seconds
[2025-06-25T22:16:52.162-0400] {processor.py:161} INFO - Started process (PID=75085) to work on /opt/anaconda3/envs/airflow_env/lib/python3.10/site-packages/airflow/example_dags/example_branch_operator_decorator.py
[2025-06-25T22:16:52.163-0400] {processor.py:830} INFO - Processing file /opt/anaconda3/envs/airflow_env/lib/python3.10/site-packages/airflow/example_dags/example_branch_operator_decorator.py for tasks to queue
[2025-06-25T22:16:52.163-0400] {logging_mixin.py:188} INFO - [2025-06-25T22:16:52.163-0400] {dagbag.py:545} INFO - Filling up the DagBag from /opt/anaconda3/envs/airflow_env/lib/python3.10/site-packages/airflow/example_dags/example_branch_operator_decorator.py
[2025-06-25T22:16:52.183-0400] {processor.py:840} INFO - DAG(s) 'example_branch_python_operator_decorator' retrieved from /opt/anaconda3/envs/airflow_env/lib/python3.10/site-packages/airflow/example_dags/example_branch_operator_decorator.py
[2025-06-25T22:16:52.187-0400] {logging_mixin.py:188} INFO - [2025-06-25T22:16:52.187-0400] {dag.py:3096} INFO - Sync 1 DAGs
[2025-06-25T22:16:52.287-0400] {logging_mixin.py:188} INFO - [2025-06-25T22:16:52.287-0400] {dag.py:3954} INFO - Setting next_dagrun for example_branch_python_operator_decorator to 2025-06-25 00:00:00+00:00, run_after=2025-06-26 00:00:00+00:00
[2025-06-25T22:16:52.319-0400] {processor.py:183} INFO - Processing /opt/anaconda3/envs/airflow_env/lib/python3.10/site-packages/airflow/example_dags/example_branch_operator_decorator.py took 0.159 seconds
[2025-06-25T22:18:47.276-0400] {processor.py:161} INFO - Started process (PID=75241) to work on /opt/anaconda3/envs/airflow_env/lib/python3.10/site-packages/airflow/example_dags/example_branch_operator_decorator.py
[2025-06-25T22:18:47.277-0400] {processor.py:830} INFO - Processing file /opt/anaconda3/envs/airflow_env/lib/python3.10/site-packages/airflow/example_dags/example_branch_operator_decorator.py for tasks to queue
[2025-06-25T22:18:47.278-0400] {logging_mixin.py:188} INFO - [2025-06-25T22:18:47.278-0400] {dagbag.py:545} INFO - Filling up the DagBag from /opt/anaconda3/envs/airflow_env/lib/python3.10/site-packages/airflow/example_dags/example_branch_operator_decorator.py
[2025-06-25T22:18:47.297-0400] {processor.py:840} INFO - DAG(s) 'example_branch_python_operator_decorator' retrieved from /opt/anaconda3/envs/airflow_env/lib/python3.10/site-packages/airflow/example_dags/example_branch_operator_decorator.py
[2025-06-25T22:18:47.385-0400] {logging_mixin.py:188} INFO - [2025-06-25T22:18:47.385-0400] {dag.py:3096} INFO - Sync 1 DAGs
[2025-06-25T22:18:47.391-0400] {logging_mixin.py:188} INFO - [2025-06-25T22:18:47.391-0400] {dag.py:3954} INFO - Setting next_dagrun for example_branch_python_operator_decorator to 2025-06-25 00:00:00+00:00, run_after=2025-06-26 00:00:00+00:00
[2025-06-25T22:18:47.398-0400] {processor.py:183} INFO - Processing /opt/anaconda3/envs/airflow_env/lib/python3.10/site-packages/airflow/example_dags/example_branch_operator_decorator.py took 0.124 seconds
[2025-06-25T22:18:48.365-0400] {processor.py:161} INFO - Started process (PID=75242) to work on /opt/anaconda3/envs/airflow_env/lib/python3.10/site-packages/airflow/example_dags/example_branch_operator_decorator.py
[2025-06-25T22:18:48.365-0400] {processor.py:830} INFO - Processing file /opt/anaconda3/envs/airflow_env/lib/python3.10/site-packages/airflow/example_dags/example_branch_operator_decorator.py for tasks to queue
[2025-06-25T22:18:48.366-0400] {logging_mixin.py:188} INFO - [2025-06-25T22:18:48.366-0400] {dagbag.py:545} INFO - Filling up the DagBag from /opt/anaconda3/envs/airflow_env/lib/python3.10/site-packages/airflow/example_dags/example_branch_operator_decorator.py
[2025-06-25T22:18:48.385-0400] {processor.py:840} INFO - DAG(s) 'example_branch_python_operator_decorator' retrieved from /opt/anaconda3/envs/airflow_env/lib/python3.10/site-packages/airflow/example_dags/example_branch_operator_decorator.py
[2025-06-25T22:18:48.389-0400] {logging_mixin.py:188} INFO - [2025-06-25T22:18:48.389-0400] {dag.py:3096} INFO - Sync 1 DAGs
[2025-06-25T22:18:48.443-0400] {logging_mixin.py:188} INFO - [2025-06-25T22:18:48.443-0400] {dag.py:3954} INFO - Setting next_dagrun for example_branch_python_operator_decorator to 2025-06-25 00:00:00+00:00, run_after=2025-06-26 00:00:00+00:00
[2025-06-25T22:18:48.450-0400] {processor.py:183} INFO - Processing /opt/anaconda3/envs/airflow_env/lib/python3.10/site-packages/airflow/example_dags/example_branch_operator_decorator.py took 0.087 seconds
[2025-06-25T22:20:39.553-0400] {processor.py:161} INFO - Started process (PID=75388) to work on /opt/anaconda3/envs/airflow_env/lib/python3.10/site-packages/airflow/example_dags/example_branch_operator_decorator.py
[2025-06-25T22:20:39.554-0400] {processor.py:830} INFO - Processing file /opt/anaconda3/envs/airflow_env/lib/python3.10/site-packages/airflow/example_dags/example_branch_operator_decorator.py for tasks to queue
[2025-06-25T22:20:39.555-0400] {logging_mixin.py:188} INFO - [2025-06-25T22:20:39.554-0400] {dagbag.py:545} INFO - Filling up the DagBag from /opt/anaconda3/envs/airflow_env/lib/python3.10/site-packages/airflow/example_dags/example_branch_operator_decorator.py
[2025-06-25T22:20:39.572-0400] {processor.py:840} INFO - DAG(s) 'example_branch_python_operator_decorator' retrieved from /opt/anaconda3/envs/airflow_env/lib/python3.10/site-packages/airflow/example_dags/example_branch_operator_decorator.py
[2025-06-25T22:20:39.669-0400] {logging_mixin.py:188} INFO - [2025-06-25T22:20:39.669-0400] {dag.py:3096} INFO - Sync 1 DAGs
[2025-06-25T22:20:39.675-0400] {logging_mixin.py:188} INFO - [2025-06-25T22:20:39.675-0400] {dag.py:3954} INFO - Setting next_dagrun for example_branch_python_operator_decorator to 2025-06-25 00:00:00+00:00, run_after=2025-06-26 00:00:00+00:00
[2025-06-25T22:20:39.682-0400] {processor.py:183} INFO - Processing /opt/anaconda3/envs/airflow_env/lib/python3.10/site-packages/airflow/example_dags/example_branch_operator_decorator.py took 0.131 seconds
[2025-06-25T22:20:40.234-0400] {processor.py:161} INFO - Started process (PID=75389) to work on /opt/anaconda3/envs/airflow_env/lib/python3.10/site-packages/airflow/example_dags/example_branch_operator_decorator.py
[2025-06-25T22:20:40.235-0400] {processor.py:830} INFO - Processing file /opt/anaconda3/envs/airflow_env/lib/python3.10/site-packages/airflow/example_dags/example_branch_operator_decorator.py for tasks to queue
[2025-06-25T22:20:40.235-0400] {logging_mixin.py:188} INFO - [2025-06-25T22:20:40.235-0400] {dagbag.py:545} INFO - Filling up the DagBag from /opt/anaconda3/envs/airflow_env/lib/python3.10/site-packages/airflow/example_dags/example_branch_operator_decorator.py
[2025-06-25T22:20:40.253-0400] {processor.py:840} INFO - DAG(s) 'example_branch_python_operator_decorator' retrieved from /opt/anaconda3/envs/airflow_env/lib/python3.10/site-packages/airflow/example_dags/example_branch_operator_decorator.py
[2025-06-25T22:20:40.257-0400] {logging_mixin.py:188} INFO - [2025-06-25T22:20:40.257-0400] {dag.py:3096} INFO - Sync 1 DAGs
[2025-06-25T22:20:40.305-0400] {logging_mixin.py:188} INFO - [2025-06-25T22:20:40.305-0400] {dag.py:3954} INFO - Setting next_dagrun for example_branch_python_operator_decorator to 2025-06-25 00:00:00+00:00, run_after=2025-06-26 00:00:00+00:00
[2025-06-25T22:20:40.312-0400] {processor.py:183} INFO - Processing /opt/anaconda3/envs/airflow_env/lib/python3.10/site-packages/airflow/example_dags/example_branch_operator_decorator.py took 0.079 seconds
[2025-06-25T22:22:23.562-0400] {processor.py:161} INFO - Started process (PID=75578) to work on /opt/anaconda3/envs/airflow_env/lib/python3.10/site-packages/airflow/example_dags/example_branch_operator_decorator.py
[2025-06-25T22:22:23.563-0400] {processor.py:830} INFO - Processing file /opt/anaconda3/envs/airflow_env/lib/python3.10/site-packages/airflow/example_dags/example_branch_operator_decorator.py for tasks to queue
[2025-06-25T22:22:23.563-0400] {logging_mixin.py:188} INFO - [2025-06-25T22:22:23.563-0400] {dagbag.py:545} INFO - Filling up the DagBag from /opt/anaconda3/envs/airflow_env/lib/python3.10/site-packages/airflow/example_dags/example_branch_operator_decorator.py
[2025-06-25T22:22:23.585-0400] {processor.py:840} INFO - DAG(s) 'example_branch_python_operator_decorator' retrieved from /opt/anaconda3/envs/airflow_env/lib/python3.10/site-packages/airflow/example_dags/example_branch_operator_decorator.py
[2025-06-25T22:22:23.681-0400] {logging_mixin.py:188} INFO - [2025-06-25T22:22:23.681-0400] {dag.py:3096} INFO - Sync 1 DAGs
[2025-06-25T22:22:23.688-0400] {logging_mixin.py:188} INFO - [2025-06-25T22:22:23.688-0400] {dag.py:3954} INFO - Setting next_dagrun for example_branch_python_operator_decorator to 2025-06-25 00:00:00+00:00, run_after=2025-06-26 00:00:00+00:00
[2025-06-25T22:22:23.696-0400] {processor.py:183} INFO - Processing /opt/anaconda3/envs/airflow_env/lib/python3.10/site-packages/airflow/example_dags/example_branch_operator_decorator.py took 0.136 seconds
[2025-06-25T22:22:25.800-0400] {processor.py:161} INFO - Started process (PID=75581) to work on /opt/anaconda3/envs/airflow_env/lib/python3.10/site-packages/airflow/example_dags/example_branch_operator_decorator.py
[2025-06-25T22:22:25.800-0400] {processor.py:830} INFO - Processing file /opt/anaconda3/envs/airflow_env/lib/python3.10/site-packages/airflow/example_dags/example_branch_operator_decorator.py for tasks to queue
[2025-06-25T22:22:25.801-0400] {logging_mixin.py:188} INFO - [2025-06-25T22:22:25.800-0400] {dagbag.py:545} INFO - Filling up the DagBag from /opt/anaconda3/envs/airflow_env/lib/python3.10/site-packages/airflow/example_dags/example_branch_operator_decorator.py
[2025-06-25T22:22:25.819-0400] {processor.py:840} INFO - DAG(s) 'example_branch_python_operator_decorator' retrieved from /opt/anaconda3/envs/airflow_env/lib/python3.10/site-packages/airflow/example_dags/example_branch_operator_decorator.py
[2025-06-25T22:22:25.822-0400] {logging_mixin.py:188} INFO - [2025-06-25T22:22:25.822-0400] {dag.py:3096} INFO - Sync 1 DAGs
[2025-06-25T22:22:25.878-0400] {logging_mixin.py:188} INFO - [2025-06-25T22:22:25.877-0400] {dag.py:3954} INFO - Setting next_dagrun for example_branch_python_operator_decorator to 2025-06-25 00:00:00+00:00, run_after=2025-06-26 00:00:00+00:00
[2025-06-25T22:22:25.885-0400] {processor.py:183} INFO - Processing /opt/anaconda3/envs/airflow_env/lib/python3.10/site-packages/airflow/example_dags/example_branch_operator_decorator.py took 0.087 seconds
[2025-06-25T22:24:11.458-0400] {processor.py:161} INFO - Started process (PID=75758) to work on /opt/anaconda3/envs/airflow_env/lib/python3.10/site-packages/airflow/example_dags/example_branch_operator_decorator.py
[2025-06-25T22:24:11.459-0400] {processor.py:830} INFO - Processing file /opt/anaconda3/envs/airflow_env/lib/python3.10/site-packages/airflow/example_dags/example_branch_operator_decorator.py for tasks to queue
[2025-06-25T22:24:11.459-0400] {logging_mixin.py:188} INFO - [2025-06-25T22:24:11.459-0400] {dagbag.py:545} INFO - Filling up the DagBag from /opt/anaconda3/envs/airflow_env/lib/python3.10/site-packages/airflow/example_dags/example_branch_operator_decorator.py
[2025-06-25T22:24:11.479-0400] {processor.py:840} INFO - DAG(s) 'example_branch_python_operator_decorator' retrieved from /opt/anaconda3/envs/airflow_env/lib/python3.10/site-packages/airflow/example_dags/example_branch_operator_decorator.py
[2025-06-25T22:24:11.574-0400] {logging_mixin.py:188} INFO - [2025-06-25T22:24:11.573-0400] {dag.py:3096} INFO - Sync 1 DAGs
[2025-06-25T22:24:11.581-0400] {logging_mixin.py:188} INFO - [2025-06-25T22:24:11.581-0400] {dag.py:3954} INFO - Setting next_dagrun for example_branch_python_operator_decorator to 2025-06-25 00:00:00+00:00, run_after=2025-06-26 00:00:00+00:00
[2025-06-25T22:24:11.590-0400] {processor.py:183} INFO - Processing /opt/anaconda3/envs/airflow_env/lib/python3.10/site-packages/airflow/example_dags/example_branch_operator_decorator.py took 0.135 seconds
[2025-06-25T22:24:20.032-0400] {processor.py:161} INFO - Started process (PID=75767) to work on /opt/anaconda3/envs/airflow_env/lib/python3.10/site-packages/airflow/example_dags/example_branch_operator_decorator.py
[2025-06-25T22:24:20.032-0400] {processor.py:830} INFO - Processing file /opt/anaconda3/envs/airflow_env/lib/python3.10/site-packages/airflow/example_dags/example_branch_operator_decorator.py for tasks to queue
[2025-06-25T22:24:20.033-0400] {logging_mixin.py:188} INFO - [2025-06-25T22:24:20.033-0400] {dagbag.py:545} INFO - Filling up the DagBag from /opt/anaconda3/envs/airflow_env/lib/python3.10/site-packages/airflow/example_dags/example_branch_operator_decorator.py
[2025-06-25T22:24:20.054-0400] {processor.py:840} INFO - DAG(s) 'example_branch_python_operator_decorator' retrieved from /opt/anaconda3/envs/airflow_env/lib/python3.10/site-packages/airflow/example_dags/example_branch_operator_decorator.py
[2025-06-25T22:24:20.057-0400] {logging_mixin.py:188} INFO - [2025-06-25T22:24:20.057-0400] {dag.py:3096} INFO - Sync 1 DAGs
[2025-06-25T22:24:20.111-0400] {logging_mixin.py:188} INFO - [2025-06-25T22:24:20.111-0400] {dag.py:3954} INFO - Setting next_dagrun for example_branch_python_operator_decorator to 2025-06-25 00:00:00+00:00, run_after=2025-06-26 00:00:00+00:00
[2025-06-25T22:24:20.118-0400] {processor.py:183} INFO - Processing /opt/anaconda3/envs/airflow_env/lib/python3.10/site-packages/airflow/example_dags/example_branch_operator_decorator.py took 0.089 seconds
[2025-06-25T22:25:56.864-0400] {processor.py:161} INFO - Started process (PID=75923) to work on /opt/anaconda3/envs/airflow_env/lib/python3.10/site-packages/airflow/example_dags/example_branch_operator_decorator.py
[2025-06-25T22:25:56.865-0400] {processor.py:830} INFO - Processing file /opt/anaconda3/envs/airflow_env/lib/python3.10/site-packages/airflow/example_dags/example_branch_operator_decorator.py for tasks to queue
[2025-06-25T22:25:56.865-0400] {logging_mixin.py:188} INFO - [2025-06-25T22:25:56.865-0400] {dagbag.py:545} INFO - Filling up the DagBag from /opt/anaconda3/envs/airflow_env/lib/python3.10/site-packages/airflow/example_dags/example_branch_operator_decorator.py
[2025-06-25T22:25:56.886-0400] {processor.py:840} INFO - DAG(s) 'example_branch_python_operator_decorator' retrieved from /opt/anaconda3/envs/airflow_env/lib/python3.10/site-packages/airflow/example_dags/example_branch_operator_decorator.py
[2025-06-25T22:25:56.972-0400] {logging_mixin.py:188} INFO - [2025-06-25T22:25:56.972-0400] {dag.py:3096} INFO - Sync 1 DAGs
[2025-06-25T22:25:56.978-0400] {logging_mixin.py:188} INFO - [2025-06-25T22:25:56.978-0400] {dag.py:3954} INFO - Setting next_dagrun for example_branch_python_operator_decorator to 2025-06-25 00:00:00+00:00, run_after=2025-06-26 00:00:00+00:00
[2025-06-25T22:25:56.985-0400] {processor.py:183} INFO - Processing /opt/anaconda3/envs/airflow_env/lib/python3.10/site-packages/airflow/example_dags/example_branch_operator_decorator.py took 0.124 seconds
[2025-06-25T22:26:13.550-0400] {processor.py:161} INFO - Started process (PID=75947) to work on /opt/anaconda3/envs/airflow_env/lib/python3.10/site-packages/airflow/example_dags/example_branch_operator_decorator.py
[2025-06-25T22:26:13.552-0400] {processor.py:830} INFO - Processing file /opt/anaconda3/envs/airflow_env/lib/python3.10/site-packages/airflow/example_dags/example_branch_operator_decorator.py for tasks to queue
[2025-06-25T22:26:13.552-0400] {logging_mixin.py:188} INFO - [2025-06-25T22:26:13.552-0400] {dagbag.py:545} INFO - Filling up the DagBag from /opt/anaconda3/envs/airflow_env/lib/python3.10/site-packages/airflow/example_dags/example_branch_operator_decorator.py
[2025-06-25T22:26:13.572-0400] {processor.py:840} INFO - DAG(s) 'example_branch_python_operator_decorator' retrieved from /opt/anaconda3/envs/airflow_env/lib/python3.10/site-packages/airflow/example_dags/example_branch_operator_decorator.py
[2025-06-25T22:26:13.576-0400] {logging_mixin.py:188} INFO - [2025-06-25T22:26:13.576-0400] {dag.py:3096} INFO - Sync 1 DAGs
[2025-06-25T22:26:13.630-0400] {logging_mixin.py:188} INFO - [2025-06-25T22:26:13.630-0400] {dag.py:3954} INFO - Setting next_dagrun for example_branch_python_operator_decorator to 2025-06-25 00:00:00+00:00, run_after=2025-06-26 00:00:00+00:00
[2025-06-25T22:26:13.637-0400] {processor.py:183} INFO - Processing /opt/anaconda3/envs/airflow_env/lib/python3.10/site-packages/airflow/example_dags/example_branch_operator_decorator.py took 0.088 seconds
[2025-06-25T22:27:31.503-0400] {processor.py:161} INFO - Started process (PID=76069) to work on /opt/anaconda3/envs/airflow_env/lib/python3.10/site-packages/airflow/example_dags/example_branch_operator_decorator.py
[2025-06-25T22:27:31.504-0400] {processor.py:830} INFO - Processing file /opt/anaconda3/envs/airflow_env/lib/python3.10/site-packages/airflow/example_dags/example_branch_operator_decorator.py for tasks to queue
[2025-06-25T22:27:31.504-0400] {logging_mixin.py:188} INFO - [2025-06-25T22:27:31.504-0400] {dagbag.py:545} INFO - Filling up the DagBag from /opt/anaconda3/envs/airflow_env/lib/python3.10/site-packages/airflow/example_dags/example_branch_operator_decorator.py
[2025-06-25T22:27:31.522-0400] {processor.py:840} INFO - DAG(s) 'example_branch_python_operator_decorator' retrieved from /opt/anaconda3/envs/airflow_env/lib/python3.10/site-packages/airflow/example_dags/example_branch_operator_decorator.py
[2025-06-25T22:27:31.606-0400] {logging_mixin.py:188} INFO - [2025-06-25T22:27:31.606-0400] {dag.py:3096} INFO - Sync 1 DAGs
[2025-06-25T22:27:31.612-0400] {logging_mixin.py:188} INFO - [2025-06-25T22:27:31.612-0400] {dag.py:3954} INFO - Setting next_dagrun for example_branch_python_operator_decorator to 2025-06-25 00:00:00+00:00, run_after=2025-06-26 00:00:00+00:00
[2025-06-25T22:27:31.619-0400] {processor.py:183} INFO - Processing /opt/anaconda3/envs/airflow_env/lib/python3.10/site-packages/airflow/example_dags/example_branch_operator_decorator.py took 0.118 seconds
[2025-06-25T22:27:50.110-0400] {processor.py:161} INFO - Started process (PID=76101) to work on /opt/anaconda3/envs/airflow_env/lib/python3.10/site-packages/airflow/example_dags/example_branch_operator_decorator.py
[2025-06-25T22:27:50.111-0400] {processor.py:830} INFO - Processing file /opt/anaconda3/envs/airflow_env/lib/python3.10/site-packages/airflow/example_dags/example_branch_operator_decorator.py for tasks to queue
[2025-06-25T22:27:50.111-0400] {logging_mixin.py:188} INFO - [2025-06-25T22:27:50.111-0400] {dagbag.py:545} INFO - Filling up the DagBag from /opt/anaconda3/envs/airflow_env/lib/python3.10/site-packages/airflow/example_dags/example_branch_operator_decorator.py
[2025-06-25T22:27:50.131-0400] {processor.py:840} INFO - DAG(s) 'example_branch_python_operator_decorator' retrieved from /opt/anaconda3/envs/airflow_env/lib/python3.10/site-packages/airflow/example_dags/example_branch_operator_decorator.py
[2025-06-25T22:27:50.135-0400] {logging_mixin.py:188} INFO - [2025-06-25T22:27:50.135-0400] {dag.py:3096} INFO - Sync 1 DAGs
[2025-06-25T22:27:50.194-0400] {logging_mixin.py:188} INFO - [2025-06-25T22:27:50.194-0400] {dag.py:3954} INFO - Setting next_dagrun for example_branch_python_operator_decorator to 2025-06-25 00:00:00+00:00, run_after=2025-06-26 00:00:00+00:00
[2025-06-25T22:27:50.201-0400] {processor.py:183} INFO - Processing /opt/anaconda3/envs/airflow_env/lib/python3.10/site-packages/airflow/example_dags/example_branch_operator_decorator.py took 0.093 seconds
[2025-06-25T22:29:14.916-0400] {processor.py:161} INFO - Started process (PID=76251) to work on /opt/anaconda3/envs/airflow_env/lib/python3.10/site-packages/airflow/example_dags/example_branch_operator_decorator.py
[2025-06-25T22:29:14.918-0400] {processor.py:830} INFO - Processing file /opt/anaconda3/envs/airflow_env/lib/python3.10/site-packages/airflow/example_dags/example_branch_operator_decorator.py for tasks to queue
[2025-06-25T22:29:14.918-0400] {logging_mixin.py:188} INFO - [2025-06-25T22:29:14.918-0400] {dagbag.py:545} INFO - Filling up the DagBag from /opt/anaconda3/envs/airflow_env/lib/python3.10/site-packages/airflow/example_dags/example_branch_operator_decorator.py
[2025-06-25T22:29:14.937-0400] {processor.py:840} INFO - DAG(s) 'example_branch_python_operator_decorator' retrieved from /opt/anaconda3/envs/airflow_env/lib/python3.10/site-packages/airflow/example_dags/example_branch_operator_decorator.py
[2025-06-25T22:29:15.026-0400] {logging_mixin.py:188} INFO - [2025-06-25T22:29:15.026-0400] {dag.py:3096} INFO - Sync 1 DAGs
[2025-06-25T22:29:15.032-0400] {logging_mixin.py:188} INFO - [2025-06-25T22:29:15.032-0400] {dag.py:3954} INFO - Setting next_dagrun for example_branch_python_operator_decorator to 2025-06-25 00:00:00+00:00, run_after=2025-06-26 00:00:00+00:00
[2025-06-25T22:29:15.040-0400] {processor.py:183} INFO - Processing /opt/anaconda3/envs/airflow_env/lib/python3.10/site-packages/airflow/example_dags/example_branch_operator_decorator.py took 0.126 seconds
[2025-06-25T22:29:38.258-0400] {processor.py:161} INFO - Started process (PID=76300) to work on /opt/anaconda3/envs/airflow_env/lib/python3.10/site-packages/airflow/example_dags/example_branch_operator_decorator.py
[2025-06-25T22:29:38.260-0400] {processor.py:830} INFO - Processing file /opt/anaconda3/envs/airflow_env/lib/python3.10/site-packages/airflow/example_dags/example_branch_operator_decorator.py for tasks to queue
[2025-06-25T22:29:38.260-0400] {logging_mixin.py:188} INFO - [2025-06-25T22:29:38.260-0400] {dagbag.py:545} INFO - Filling up the DagBag from /opt/anaconda3/envs/airflow_env/lib/python3.10/site-packages/airflow/example_dags/example_branch_operator_decorator.py
[2025-06-25T22:29:38.282-0400] {processor.py:840} INFO - DAG(s) 'example_branch_python_operator_decorator' retrieved from /opt/anaconda3/envs/airflow_env/lib/python3.10/site-packages/airflow/example_dags/example_branch_operator_decorator.py
[2025-06-25T22:29:38.288-0400] {logging_mixin.py:188} INFO - [2025-06-25T22:29:38.287-0400] {dag.py:3096} INFO - Sync 1 DAGs
[2025-06-25T22:29:38.363-0400] {logging_mixin.py:188} INFO - [2025-06-25T22:29:38.363-0400] {dag.py:3954} INFO - Setting next_dagrun for example_branch_python_operator_decorator to 2025-06-25 00:00:00+00:00, run_after=2025-06-26 00:00:00+00:00
[2025-06-25T22:29:38.373-0400] {processor.py:183} INFO - Processing /opt/anaconda3/envs/airflow_env/lib/python3.10/site-packages/airflow/example_dags/example_branch_operator_decorator.py took 0.118 seconds
[2025-06-25T22:31:01.332-0400] {processor.py:161} INFO - Started process (PID=76434) to work on /opt/anaconda3/envs/airflow_env/lib/python3.10/site-packages/airflow/example_dags/example_branch_operator_decorator.py
[2025-06-25T22:31:01.332-0400] {processor.py:830} INFO - Processing file /opt/anaconda3/envs/airflow_env/lib/python3.10/site-packages/airflow/example_dags/example_branch_operator_decorator.py for tasks to queue
[2025-06-25T22:31:01.333-0400] {logging_mixin.py:188} INFO - [2025-06-25T22:31:01.333-0400] {dagbag.py:545} INFO - Filling up the DagBag from /opt/anaconda3/envs/airflow_env/lib/python3.10/site-packages/airflow/example_dags/example_branch_operator_decorator.py
[2025-06-25T22:31:01.353-0400] {processor.py:840} INFO - DAG(s) 'example_branch_python_operator_decorator' retrieved from /opt/anaconda3/envs/airflow_env/lib/python3.10/site-packages/airflow/example_dags/example_branch_operator_decorator.py
[2025-06-25T22:31:01.437-0400] {logging_mixin.py:188} INFO - [2025-06-25T22:31:01.437-0400] {dag.py:3096} INFO - Sync 1 DAGs
[2025-06-25T22:31:01.443-0400] {logging_mixin.py:188} INFO - [2025-06-25T22:31:01.443-0400] {dag.py:3954} INFO - Setting next_dagrun for example_branch_python_operator_decorator to 2025-06-25 00:00:00+00:00, run_after=2025-06-26 00:00:00+00:00
[2025-06-25T22:31:01.450-0400] {processor.py:183} INFO - Processing /opt/anaconda3/envs/airflow_env/lib/python3.10/site-packages/airflow/example_dags/example_branch_operator_decorator.py took 0.121 seconds
[2025-06-25T22:31:25.607-0400] {processor.py:161} INFO - Started process (PID=76468) to work on /opt/anaconda3/envs/airflow_env/lib/python3.10/site-packages/airflow/example_dags/example_branch_operator_decorator.py
[2025-06-25T22:31:25.608-0400] {processor.py:830} INFO - Processing file /opt/anaconda3/envs/airflow_env/lib/python3.10/site-packages/airflow/example_dags/example_branch_operator_decorator.py for tasks to queue
[2025-06-25T22:31:25.608-0400] {logging_mixin.py:188} INFO - [2025-06-25T22:31:25.608-0400] {dagbag.py:545} INFO - Filling up the DagBag from /opt/anaconda3/envs/airflow_env/lib/python3.10/site-packages/airflow/example_dags/example_branch_operator_decorator.py
[2025-06-25T22:31:25.627-0400] {processor.py:840} INFO - DAG(s) 'example_branch_python_operator_decorator' retrieved from /opt/anaconda3/envs/airflow_env/lib/python3.10/site-packages/airflow/example_dags/example_branch_operator_decorator.py
[2025-06-25T22:31:25.632-0400] {logging_mixin.py:188} INFO - [2025-06-25T22:31:25.631-0400] {dag.py:3096} INFO - Sync 1 DAGs
[2025-06-25T22:31:25.696-0400] {logging_mixin.py:188} INFO - [2025-06-25T22:31:25.696-0400] {dag.py:3954} INFO - Setting next_dagrun for example_branch_python_operator_decorator to 2025-06-25 00:00:00+00:00, run_after=2025-06-26 00:00:00+00:00
[2025-06-25T22:31:25.704-0400] {processor.py:183} INFO - Processing /opt/anaconda3/envs/airflow_env/lib/python3.10/site-packages/airflow/example_dags/example_branch_operator_decorator.py took 0.099 seconds
