[2025-06-25T20:01:49.578-0400] {processor.py:161} INFO - Started process (PID=58816) to work on /opt/anaconda3/envs/airflow_env/lib/python3.10/site-packages/airflow/example_dags/example_dynamic_task_mapping.py
[2025-06-25T20:01:49.578-0400] {processor.py:830} INFO - Processing file /opt/anaconda3/envs/airflow_env/lib/python3.10/site-packages/airflow/example_dags/example_dynamic_task_mapping.py for tasks to queue
[2025-06-25T20:01:49.579-0400] {logging_mixin.py:188} INFO - [2025-06-25T20:01:49.578-0400] {dagbag.py:545} INFO - Filling up the DagBag from /opt/anaconda3/envs/airflow_env/lib/python3.10/site-packages/airflow/example_dags/example_dynamic_task_mapping.py
[2025-06-25T20:01:49.592-0400] {processor.py:840} INFO - DAG(s) 'example_dynamic_task_mapping' retrieved from /opt/anaconda3/envs/airflow_env/lib/python3.10/site-packages/airflow/example_dags/example_dynamic_task_mapping.py
[2025-06-25T20:01:49.623-0400] {logging_mixin.py:188} INFO - [2025-06-25T20:01:49.623-0400] {dag.py:3096} INFO - Sync 1 DAGs
[2025-06-25T20:01:49.647-0400] {logging_mixin.py:188} INFO - [2025-06-25T20:01:49.647-0400] {dag.py:3954} INFO - Setting next_dagrun for example_dynamic_task_mapping to 2022-03-04 00:00:00+00:00, run_after=2022-03-05 00:00:00+00:00
[2025-06-25T20:01:49.653-0400] {processor.py:183} INFO - Processing /opt/anaconda3/envs/airflow_env/lib/python3.10/site-packages/airflow/example_dags/example_dynamic_task_mapping.py took 0.077 seconds
[2025-06-25T20:03:22.146-0400] {processor.py:161} INFO - Started process (PID=60011) to work on /opt/anaconda3/envs/airflow_env/lib/python3.10/site-packages/airflow/example_dags/example_dynamic_task_mapping.py
[2025-06-25T20:03:22.147-0400] {processor.py:830} INFO - Processing file /opt/anaconda3/envs/airflow_env/lib/python3.10/site-packages/airflow/example_dags/example_dynamic_task_mapping.py for tasks to queue
[2025-06-25T20:03:22.147-0400] {logging_mixin.py:188} INFO - [2025-06-25T20:03:22.147-0400] {dagbag.py:545} INFO - Filling up the DagBag from /opt/anaconda3/envs/airflow_env/lib/python3.10/site-packages/airflow/example_dags/example_dynamic_task_mapping.py
[2025-06-25T20:03:22.161-0400] {processor.py:840} INFO - DAG(s) 'example_dynamic_task_mapping' retrieved from /opt/anaconda3/envs/airflow_env/lib/python3.10/site-packages/airflow/example_dags/example_dynamic_task_mapping.py
[2025-06-25T20:03:22.194-0400] {logging_mixin.py:188} INFO - [2025-06-25T20:03:22.194-0400] {dag.py:3096} INFO - Sync 1 DAGs
[2025-06-25T20:03:22.220-0400] {logging_mixin.py:188} INFO - [2025-06-25T20:03:22.220-0400] {dag.py:3954} INFO - Setting next_dagrun for example_dynamic_task_mapping to 2022-03-04 00:00:00+00:00, run_after=2022-03-05 00:00:00+00:00
[2025-06-25T20:03:22.226-0400] {processor.py:183} INFO - Processing /opt/anaconda3/envs/airflow_env/lib/python3.10/site-packages/airflow/example_dags/example_dynamic_task_mapping.py took 0.082 seconds
[2025-06-25T20:04:56.276-0400] {processor.py:161} INFO - Started process (PID=60553) to work on /opt/anaconda3/envs/airflow_env/lib/python3.10/site-packages/airflow/example_dags/example_dynamic_task_mapping.py
[2025-06-25T20:04:56.277-0400] {processor.py:830} INFO - Processing file /opt/anaconda3/envs/airflow_env/lib/python3.10/site-packages/airflow/example_dags/example_dynamic_task_mapping.py for tasks to queue
[2025-06-25T20:04:56.278-0400] {logging_mixin.py:188} INFO - [2025-06-25T20:04:56.278-0400] {dagbag.py:545} INFO - Filling up the DagBag from /opt/anaconda3/envs/airflow_env/lib/python3.10/site-packages/airflow/example_dags/example_dynamic_task_mapping.py
[2025-06-25T20:04:56.291-0400] {processor.py:840} INFO - DAG(s) 'example_dynamic_task_mapping' retrieved from /opt/anaconda3/envs/airflow_env/lib/python3.10/site-packages/airflow/example_dags/example_dynamic_task_mapping.py
[2025-06-25T20:04:56.327-0400] {logging_mixin.py:188} INFO - [2025-06-25T20:04:56.327-0400] {dag.py:3096} INFO - Sync 1 DAGs
[2025-06-25T20:04:56.353-0400] {logging_mixin.py:188} INFO - [2025-06-25T20:04:56.353-0400] {dag.py:3954} INFO - Setting next_dagrun for example_dynamic_task_mapping to 2022-03-04 00:00:00+00:00, run_after=2022-03-05 00:00:00+00:00
[2025-06-25T20:04:56.360-0400] {processor.py:183} INFO - Processing /opt/anaconda3/envs/airflow_env/lib/python3.10/site-packages/airflow/example_dags/example_dynamic_task_mapping.py took 0.085 seconds
[2025-06-25T20:06:28.556-0400] {processor.py:161} INFO - Started process (PID=60887) to work on /opt/anaconda3/envs/airflow_env/lib/python3.10/site-packages/airflow/example_dags/example_dynamic_task_mapping.py
[2025-06-25T20:06:28.556-0400] {processor.py:830} INFO - Processing file /opt/anaconda3/envs/airflow_env/lib/python3.10/site-packages/airflow/example_dags/example_dynamic_task_mapping.py for tasks to queue
[2025-06-25T20:06:28.556-0400] {logging_mixin.py:188} INFO - [2025-06-25T20:06:28.556-0400] {dagbag.py:545} INFO - Filling up the DagBag from /opt/anaconda3/envs/airflow_env/lib/python3.10/site-packages/airflow/example_dags/example_dynamic_task_mapping.py
[2025-06-25T20:06:28.569-0400] {processor.py:840} INFO - DAG(s) 'example_dynamic_task_mapping' retrieved from /opt/anaconda3/envs/airflow_env/lib/python3.10/site-packages/airflow/example_dags/example_dynamic_task_mapping.py
[2025-06-25T20:06:28.600-0400] {logging_mixin.py:188} INFO - [2025-06-25T20:06:28.600-0400] {dag.py:3096} INFO - Sync 1 DAGs
[2025-06-25T20:06:28.625-0400] {logging_mixin.py:188} INFO - [2025-06-25T20:06:28.625-0400] {dag.py:3954} INFO - Setting next_dagrun for example_dynamic_task_mapping to 2022-03-04 00:00:00+00:00, run_after=2022-03-05 00:00:00+00:00
[2025-06-25T20:06:28.631-0400] {processor.py:183} INFO - Processing /opt/anaconda3/envs/airflow_env/lib/python3.10/site-packages/airflow/example_dags/example_dynamic_task_mapping.py took 0.077 seconds
[2025-06-25T20:07:14.636-0400] {processor.py:161} INFO - Started process (PID=61025) to work on /opt/anaconda3/envs/airflow_env/lib/python3.10/site-packages/airflow/example_dags/example_dynamic_task_mapping.py
[2025-06-25T20:07:14.637-0400] {processor.py:830} INFO - Processing file /opt/anaconda3/envs/airflow_env/lib/python3.10/site-packages/airflow/example_dags/example_dynamic_task_mapping.py for tasks to queue
[2025-06-25T20:07:14.637-0400] {logging_mixin.py:188} INFO - [2025-06-25T20:07:14.637-0400] {dagbag.py:545} INFO - Filling up the DagBag from /opt/anaconda3/envs/airflow_env/lib/python3.10/site-packages/airflow/example_dags/example_dynamic_task_mapping.py
[2025-06-25T20:07:14.683-0400] {processor.py:840} INFO - DAG(s) 'example_dynamic_task_mapping' retrieved from /opt/anaconda3/envs/airflow_env/lib/python3.10/site-packages/airflow/example_dags/example_dynamic_task_mapping.py
[2025-06-25T20:07:14.724-0400] {logging_mixin.py:188} INFO - [2025-06-25T20:07:14.724-0400] {dag.py:3096} INFO - Sync 1 DAGs
[2025-06-25T20:07:14.755-0400] {logging_mixin.py:188} INFO - [2025-06-25T20:07:14.755-0400] {dag.py:3954} INFO - Setting next_dagrun for example_dynamic_task_mapping to 2022-03-04 00:00:00+00:00, run_after=2022-03-05 00:00:00+00:00
[2025-06-25T20:07:14.762-0400] {processor.py:183} INFO - Processing /opt/anaconda3/envs/airflow_env/lib/python3.10/site-packages/airflow/example_dags/example_dynamic_task_mapping.py took 0.128 seconds
[2025-06-25T20:08:37.272-0400] {processor.py:161} INFO - Started process (PID=61249) to work on /opt/anaconda3/envs/airflow_env/lib/python3.10/site-packages/airflow/example_dags/example_dynamic_task_mapping.py
[2025-06-25T20:08:37.272-0400] {processor.py:830} INFO - Processing file /opt/anaconda3/envs/airflow_env/lib/python3.10/site-packages/airflow/example_dags/example_dynamic_task_mapping.py for tasks to queue
[2025-06-25T20:08:37.273-0400] {logging_mixin.py:188} INFO - [2025-06-25T20:08:37.272-0400] {dagbag.py:545} INFO - Filling up the DagBag from /opt/anaconda3/envs/airflow_env/lib/python3.10/site-packages/airflow/example_dags/example_dynamic_task_mapping.py
[2025-06-25T20:08:37.286-0400] {processor.py:840} INFO - DAG(s) 'example_dynamic_task_mapping' retrieved from /opt/anaconda3/envs/airflow_env/lib/python3.10/site-packages/airflow/example_dags/example_dynamic_task_mapping.py
[2025-06-25T20:08:37.318-0400] {logging_mixin.py:188} INFO - [2025-06-25T20:08:37.318-0400] {dag.py:3096} INFO - Sync 1 DAGs
[2025-06-25T20:08:37.343-0400] {logging_mixin.py:188} INFO - [2025-06-25T20:08:37.343-0400] {dag.py:3954} INFO - Setting next_dagrun for example_dynamic_task_mapping to 2022-03-04 00:00:00+00:00, run_after=2022-03-05 00:00:00+00:00
[2025-06-25T20:08:37.350-0400] {processor.py:183} INFO - Processing /opt/anaconda3/envs/airflow_env/lib/python3.10/site-packages/airflow/example_dags/example_dynamic_task_mapping.py took 0.080 seconds
[2025-06-25T20:08:44.604-0400] {processor.py:161} INFO - Started process (PID=61279) to work on /opt/anaconda3/envs/airflow_env/lib/python3.10/site-packages/airflow/example_dags/example_dynamic_task_mapping.py
[2025-06-25T20:08:44.604-0400] {processor.py:830} INFO - Processing file /opt/anaconda3/envs/airflow_env/lib/python3.10/site-packages/airflow/example_dags/example_dynamic_task_mapping.py for tasks to queue
[2025-06-25T20:08:44.604-0400] {logging_mixin.py:188} INFO - [2025-06-25T20:08:44.604-0400] {dagbag.py:545} INFO - Filling up the DagBag from /opt/anaconda3/envs/airflow_env/lib/python3.10/site-packages/airflow/example_dags/example_dynamic_task_mapping.py
[2025-06-25T20:08:44.618-0400] {processor.py:840} INFO - DAG(s) 'example_dynamic_task_mapping' retrieved from /opt/anaconda3/envs/airflow_env/lib/python3.10/site-packages/airflow/example_dags/example_dynamic_task_mapping.py
[2025-06-25T20:08:44.655-0400] {logging_mixin.py:188} INFO - [2025-06-25T20:08:44.655-0400] {dag.py:3096} INFO - Sync 1 DAGs
[2025-06-25T20:08:44.683-0400] {logging_mixin.py:188} INFO - [2025-06-25T20:08:44.683-0400] {dag.py:3954} INFO - Setting next_dagrun for example_dynamic_task_mapping to 2022-03-04 00:00:00+00:00, run_after=2022-03-05 00:00:00+00:00
[2025-06-25T20:08:44.691-0400] {processor.py:183} INFO - Processing /opt/anaconda3/envs/airflow_env/lib/python3.10/site-packages/airflow/example_dags/example_dynamic_task_mapping.py took 0.089 seconds
[2025-06-25T20:10:39.263-0400] {processor.py:161} INFO - Started process (PID=61526) to work on /opt/anaconda3/envs/airflow_env/lib/python3.10/site-packages/airflow/example_dags/example_dynamic_task_mapping.py
[2025-06-25T20:10:39.263-0400] {processor.py:830} INFO - Processing file /opt/anaconda3/envs/airflow_env/lib/python3.10/site-packages/airflow/example_dags/example_dynamic_task_mapping.py for tasks to queue
[2025-06-25T20:10:39.264-0400] {logging_mixin.py:188} INFO - [2025-06-25T20:10:39.264-0400] {dagbag.py:545} INFO - Filling up the DagBag from /opt/anaconda3/envs/airflow_env/lib/python3.10/site-packages/airflow/example_dags/example_dynamic_task_mapping.py
[2025-06-25T20:10:39.279-0400] {processor.py:840} INFO - DAG(s) 'example_dynamic_task_mapping' retrieved from /opt/anaconda3/envs/airflow_env/lib/python3.10/site-packages/airflow/example_dags/example_dynamic_task_mapping.py
[2025-06-25T20:10:39.313-0400] {logging_mixin.py:188} INFO - [2025-06-25T20:10:39.313-0400] {dag.py:3096} INFO - Sync 1 DAGs
[2025-06-25T20:10:39.355-0400] {logging_mixin.py:188} INFO - [2025-06-25T20:10:39.355-0400] {dag.py:3954} INFO - Setting next_dagrun for example_dynamic_task_mapping to 2022-03-04 00:00:00+00:00, run_after=2022-03-05 00:00:00+00:00
[2025-06-25T20:10:39.362-0400] {processor.py:183} INFO - Processing /opt/anaconda3/envs/airflow_env/lib/python3.10/site-packages/airflow/example_dags/example_dynamic_task_mapping.py took 0.102 seconds
[2025-06-25T20:11:19.675-0400] {processor.py:161} INFO - Started process (PID=61619) to work on /opt/anaconda3/envs/airflow_env/lib/python3.10/site-packages/airflow/example_dags/example_dynamic_task_mapping.py
[2025-06-25T20:11:19.676-0400] {processor.py:830} INFO - Processing file /opt/anaconda3/envs/airflow_env/lib/python3.10/site-packages/airflow/example_dags/example_dynamic_task_mapping.py for tasks to queue
[2025-06-25T20:11:19.676-0400] {logging_mixin.py:188} INFO - [2025-06-25T20:11:19.676-0400] {dagbag.py:545} INFO - Filling up the DagBag from /opt/anaconda3/envs/airflow_env/lib/python3.10/site-packages/airflow/example_dags/example_dynamic_task_mapping.py
[2025-06-25T20:11:19.691-0400] {processor.py:840} INFO - DAG(s) 'example_dynamic_task_mapping' retrieved from /opt/anaconda3/envs/airflow_env/lib/python3.10/site-packages/airflow/example_dags/example_dynamic_task_mapping.py
[2025-06-25T20:11:19.726-0400] {logging_mixin.py:188} INFO - [2025-06-25T20:11:19.726-0400] {dag.py:3096} INFO - Sync 1 DAGs
[2025-06-25T20:11:19.755-0400] {logging_mixin.py:188} INFO - [2025-06-25T20:11:19.755-0400] {dag.py:3954} INFO - Setting next_dagrun for example_dynamic_task_mapping to 2022-03-04 00:00:00+00:00, run_after=2022-03-05 00:00:00+00:00
[2025-06-25T20:11:19.761-0400] {processor.py:183} INFO - Processing /opt/anaconda3/envs/airflow_env/lib/python3.10/site-packages/airflow/example_dags/example_dynamic_task_mapping.py took 0.096 seconds
[2025-06-25T20:12:39.023-0400] {processor.py:161} INFO - Started process (PID=61793) to work on /opt/anaconda3/envs/airflow_env/lib/python3.10/site-packages/airflow/example_dags/example_dynamic_task_mapping.py
[2025-06-25T20:12:39.024-0400] {processor.py:830} INFO - Processing file /opt/anaconda3/envs/airflow_env/lib/python3.10/site-packages/airflow/example_dags/example_dynamic_task_mapping.py for tasks to queue
[2025-06-25T20:12:39.024-0400] {logging_mixin.py:188} INFO - [2025-06-25T20:12:39.024-0400] {dagbag.py:545} INFO - Filling up the DagBag from /opt/anaconda3/envs/airflow_env/lib/python3.10/site-packages/airflow/example_dags/example_dynamic_task_mapping.py
[2025-06-25T20:12:39.037-0400] {processor.py:840} INFO - DAG(s) 'example_dynamic_task_mapping' retrieved from /opt/anaconda3/envs/airflow_env/lib/python3.10/site-packages/airflow/example_dags/example_dynamic_task_mapping.py
[2025-06-25T20:12:39.070-0400] {logging_mixin.py:188} INFO - [2025-06-25T20:12:39.069-0400] {dag.py:3096} INFO - Sync 1 DAGs
[2025-06-25T20:12:39.098-0400] {logging_mixin.py:188} INFO - [2025-06-25T20:12:39.097-0400] {dag.py:3954} INFO - Setting next_dagrun for example_dynamic_task_mapping to 2022-03-04 00:00:00+00:00, run_after=2022-03-05 00:00:00+00:00
[2025-06-25T20:12:39.105-0400] {processor.py:183} INFO - Processing /opt/anaconda3/envs/airflow_env/lib/python3.10/site-packages/airflow/example_dags/example_dynamic_task_mapping.py took 0.083 seconds
[2025-06-25T20:13:07.285-0400] {processor.py:161} INFO - Started process (PID=61855) to work on /opt/anaconda3/envs/airflow_env/lib/python3.10/site-packages/airflow/example_dags/example_dynamic_task_mapping.py
[2025-06-25T20:13:07.285-0400] {processor.py:830} INFO - Processing file /opt/anaconda3/envs/airflow_env/lib/python3.10/site-packages/airflow/example_dags/example_dynamic_task_mapping.py for tasks to queue
[2025-06-25T20:13:07.286-0400] {logging_mixin.py:188} INFO - [2025-06-25T20:13:07.286-0400] {dagbag.py:545} INFO - Filling up the DagBag from /opt/anaconda3/envs/airflow_env/lib/python3.10/site-packages/airflow/example_dags/example_dynamic_task_mapping.py
[2025-06-25T20:13:07.300-0400] {processor.py:840} INFO - DAG(s) 'example_dynamic_task_mapping' retrieved from /opt/anaconda3/envs/airflow_env/lib/python3.10/site-packages/airflow/example_dags/example_dynamic_task_mapping.py
[2025-06-25T20:13:07.334-0400] {logging_mixin.py:188} INFO - [2025-06-25T20:13:07.334-0400] {dag.py:3096} INFO - Sync 1 DAGs
[2025-06-25T20:13:07.362-0400] {logging_mixin.py:188} INFO - [2025-06-25T20:13:07.361-0400] {dag.py:3954} INFO - Setting next_dagrun for example_dynamic_task_mapping to 2022-03-04 00:00:00+00:00, run_after=2022-03-05 00:00:00+00:00
[2025-06-25T20:13:07.368-0400] {processor.py:183} INFO - Processing /opt/anaconda3/envs/airflow_env/lib/python3.10/site-packages/airflow/example_dags/example_dynamic_task_mapping.py took 0.085 seconds
[2025-06-25T20:14:18.515-0400] {processor.py:161} INFO - Started process (PID=61960) to work on /opt/anaconda3/envs/airflow_env/lib/python3.10/site-packages/airflow/example_dags/example_dynamic_task_mapping.py
[2025-06-25T20:14:18.516-0400] {processor.py:830} INFO - Processing file /opt/anaconda3/envs/airflow_env/lib/python3.10/site-packages/airflow/example_dags/example_dynamic_task_mapping.py for tasks to queue
[2025-06-25T20:14:18.516-0400] {logging_mixin.py:188} INFO - [2025-06-25T20:14:18.516-0400] {dagbag.py:545} INFO - Filling up the DagBag from /opt/anaconda3/envs/airflow_env/lib/python3.10/site-packages/airflow/example_dags/example_dynamic_task_mapping.py
[2025-06-25T20:14:18.534-0400] {processor.py:840} INFO - DAG(s) 'example_dynamic_task_mapping' retrieved from /opt/anaconda3/envs/airflow_env/lib/python3.10/site-packages/airflow/example_dags/example_dynamic_task_mapping.py
[2025-06-25T20:14:18.572-0400] {logging_mixin.py:188} INFO - [2025-06-25T20:14:18.572-0400] {dag.py:3096} INFO - Sync 1 DAGs
[2025-06-25T20:14:18.607-0400] {logging_mixin.py:188} INFO - [2025-06-25T20:14:18.607-0400] {dag.py:3954} INFO - Setting next_dagrun for example_dynamic_task_mapping to 2022-03-04 00:00:00+00:00, run_after=2022-03-05 00:00:00+00:00
[2025-06-25T20:14:18.614-0400] {processor.py:183} INFO - Processing /opt/anaconda3/envs/airflow_env/lib/python3.10/site-packages/airflow/example_dags/example_dynamic_task_mapping.py took 0.101 seconds
[2025-06-25T20:14:44.700-0400] {processor.py:161} INFO - Started process (PID=62003) to work on /opt/anaconda3/envs/airflow_env/lib/python3.10/site-packages/airflow/example_dags/example_dynamic_task_mapping.py
[2025-06-25T20:14:44.700-0400] {processor.py:830} INFO - Processing file /opt/anaconda3/envs/airflow_env/lib/python3.10/site-packages/airflow/example_dags/example_dynamic_task_mapping.py for tasks to queue
[2025-06-25T20:14:44.700-0400] {logging_mixin.py:188} INFO - [2025-06-25T20:14:44.700-0400] {dagbag.py:545} INFO - Filling up the DagBag from /opt/anaconda3/envs/airflow_env/lib/python3.10/site-packages/airflow/example_dags/example_dynamic_task_mapping.py
[2025-06-25T20:14:44.713-0400] {processor.py:840} INFO - DAG(s) 'example_dynamic_task_mapping' retrieved from /opt/anaconda3/envs/airflow_env/lib/python3.10/site-packages/airflow/example_dags/example_dynamic_task_mapping.py
[2025-06-25T20:14:44.746-0400] {logging_mixin.py:188} INFO - [2025-06-25T20:14:44.746-0400] {dag.py:3096} INFO - Sync 1 DAGs
[2025-06-25T20:14:44.773-0400] {logging_mixin.py:188} INFO - [2025-06-25T20:14:44.773-0400] {dag.py:3954} INFO - Setting next_dagrun for example_dynamic_task_mapping to 2022-03-04 00:00:00+00:00, run_after=2022-03-05 00:00:00+00:00
[2025-06-25T20:14:44.779-0400] {processor.py:183} INFO - Processing /opt/anaconda3/envs/airflow_env/lib/python3.10/site-packages/airflow/example_dags/example_dynamic_task_mapping.py took 0.081 seconds
[2025-06-25T20:15:56.716-0400] {processor.py:161} INFO - Started process (PID=62114) to work on /opt/anaconda3/envs/airflow_env/lib/python3.10/site-packages/airflow/example_dags/example_dynamic_task_mapping.py
[2025-06-25T20:15:56.716-0400] {processor.py:830} INFO - Processing file /opt/anaconda3/envs/airflow_env/lib/python3.10/site-packages/airflow/example_dags/example_dynamic_task_mapping.py for tasks to queue
[2025-06-25T20:15:56.717-0400] {logging_mixin.py:188} INFO - [2025-06-25T20:15:56.717-0400] {dagbag.py:545} INFO - Filling up the DagBag from /opt/anaconda3/envs/airflow_env/lib/python3.10/site-packages/airflow/example_dags/example_dynamic_task_mapping.py
[2025-06-25T20:15:56.732-0400] {processor.py:840} INFO - DAG(s) 'example_dynamic_task_mapping' retrieved from /opt/anaconda3/envs/airflow_env/lib/python3.10/site-packages/airflow/example_dags/example_dynamic_task_mapping.py
[2025-06-25T20:15:56.765-0400] {logging_mixin.py:188} INFO - [2025-06-25T20:15:56.765-0400] {dag.py:3096} INFO - Sync 1 DAGs
[2025-06-25T20:15:56.797-0400] {logging_mixin.py:188} INFO - [2025-06-25T20:15:56.797-0400] {dag.py:3954} INFO - Setting next_dagrun for example_dynamic_task_mapping to 2022-03-04 00:00:00+00:00, run_after=2022-03-05 00:00:00+00:00
[2025-06-25T20:15:56.804-0400] {processor.py:183} INFO - Processing /opt/anaconda3/envs/airflow_env/lib/python3.10/site-packages/airflow/example_dags/example_dynamic_task_mapping.py took 0.089 seconds
[2025-06-25T20:16:19.846-0400] {processor.py:161} INFO - Started process (PID=62162) to work on /opt/anaconda3/envs/airflow_env/lib/python3.10/site-packages/airflow/example_dags/example_dynamic_task_mapping.py
[2025-06-25T20:16:19.846-0400] {processor.py:830} INFO - Processing file /opt/anaconda3/envs/airflow_env/lib/python3.10/site-packages/airflow/example_dags/example_dynamic_task_mapping.py for tasks to queue
[2025-06-25T20:16:19.846-0400] {logging_mixin.py:188} INFO - [2025-06-25T20:16:19.846-0400] {dagbag.py:545} INFO - Filling up the DagBag from /opt/anaconda3/envs/airflow_env/lib/python3.10/site-packages/airflow/example_dags/example_dynamic_task_mapping.py
[2025-06-25T20:16:19.861-0400] {processor.py:840} INFO - DAG(s) 'example_dynamic_task_mapping' retrieved from /opt/anaconda3/envs/airflow_env/lib/python3.10/site-packages/airflow/example_dags/example_dynamic_task_mapping.py
[2025-06-25T20:16:19.896-0400] {logging_mixin.py:188} INFO - [2025-06-25T20:16:19.895-0400] {dag.py:3096} INFO - Sync 1 DAGs
[2025-06-25T20:16:19.930-0400] {logging_mixin.py:188} INFO - [2025-06-25T20:16:19.929-0400] {dag.py:3954} INFO - Setting next_dagrun for example_dynamic_task_mapping to 2022-03-04 00:00:00+00:00, run_after=2022-03-05 00:00:00+00:00
[2025-06-25T20:16:19.936-0400] {processor.py:183} INFO - Processing /opt/anaconda3/envs/airflow_env/lib/python3.10/site-packages/airflow/example_dags/example_dynamic_task_mapping.py took 0.093 seconds
[2025-06-25T20:17:32.594-0400] {processor.py:161} INFO - Started process (PID=62269) to work on /opt/anaconda3/envs/airflow_env/lib/python3.10/site-packages/airflow/example_dags/example_dynamic_task_mapping.py
[2025-06-25T20:17:32.594-0400] {processor.py:830} INFO - Processing file /opt/anaconda3/envs/airflow_env/lib/python3.10/site-packages/airflow/example_dags/example_dynamic_task_mapping.py for tasks to queue
[2025-06-25T20:17:32.594-0400] {logging_mixin.py:188} INFO - [2025-06-25T20:17:32.594-0400] {dagbag.py:545} INFO - Filling up the DagBag from /opt/anaconda3/envs/airflow_env/lib/python3.10/site-packages/airflow/example_dags/example_dynamic_task_mapping.py
[2025-06-25T20:17:32.607-0400] {processor.py:840} INFO - DAG(s) 'example_dynamic_task_mapping' retrieved from /opt/anaconda3/envs/airflow_env/lib/python3.10/site-packages/airflow/example_dags/example_dynamic_task_mapping.py
[2025-06-25T20:17:32.639-0400] {logging_mixin.py:188} INFO - [2025-06-25T20:17:32.639-0400] {dag.py:3096} INFO - Sync 1 DAGs
[2025-06-25T20:17:32.663-0400] {logging_mixin.py:188} INFO - [2025-06-25T20:17:32.663-0400] {dag.py:3954} INFO - Setting next_dagrun for example_dynamic_task_mapping to 2022-03-04 00:00:00+00:00, run_after=2022-03-05 00:00:00+00:00
[2025-06-25T20:17:32.670-0400] {processor.py:183} INFO - Processing /opt/anaconda3/envs/airflow_env/lib/python3.10/site-packages/airflow/example_dags/example_dynamic_task_mapping.py took 0.078 seconds
[2025-06-25T20:17:57.628-0400] {processor.py:161} INFO - Started process (PID=62308) to work on /opt/anaconda3/envs/airflow_env/lib/python3.10/site-packages/airflow/example_dags/example_dynamic_task_mapping.py
[2025-06-25T20:17:57.628-0400] {processor.py:830} INFO - Processing file /opt/anaconda3/envs/airflow_env/lib/python3.10/site-packages/airflow/example_dags/example_dynamic_task_mapping.py for tasks to queue
[2025-06-25T20:17:57.628-0400] {logging_mixin.py:188} INFO - [2025-06-25T20:17:57.628-0400] {dagbag.py:545} INFO - Filling up the DagBag from /opt/anaconda3/envs/airflow_env/lib/python3.10/site-packages/airflow/example_dags/example_dynamic_task_mapping.py
[2025-06-25T20:17:57.643-0400] {processor.py:840} INFO - DAG(s) 'example_dynamic_task_mapping' retrieved from /opt/anaconda3/envs/airflow_env/lib/python3.10/site-packages/airflow/example_dags/example_dynamic_task_mapping.py
[2025-06-25T20:17:57.678-0400] {logging_mixin.py:188} INFO - [2025-06-25T20:17:57.677-0400] {dag.py:3096} INFO - Sync 1 DAGs
[2025-06-25T20:17:57.707-0400] {logging_mixin.py:188} INFO - [2025-06-25T20:17:57.707-0400] {dag.py:3954} INFO - Setting next_dagrun for example_dynamic_task_mapping to 2022-03-04 00:00:00+00:00, run_after=2022-03-05 00:00:00+00:00
[2025-06-25T20:17:57.714-0400] {processor.py:183} INFO - Processing /opt/anaconda3/envs/airflow_env/lib/python3.10/site-packages/airflow/example_dags/example_dynamic_task_mapping.py took 0.088 seconds
[2025-06-25T20:19:44.431-0400] {processor.py:161} INFO - Started process (PID=62518) to work on /opt/anaconda3/envs/airflow_env/lib/python3.10/site-packages/airflow/example_dags/example_dynamic_task_mapping.py
[2025-06-25T20:19:44.432-0400] {processor.py:830} INFO - Processing file /opt/anaconda3/envs/airflow_env/lib/python3.10/site-packages/airflow/example_dags/example_dynamic_task_mapping.py for tasks to queue
[2025-06-25T20:19:44.432-0400] {logging_mixin.py:188} INFO - [2025-06-25T20:19:44.432-0400] {dagbag.py:545} INFO - Filling up the DagBag from /opt/anaconda3/envs/airflow_env/lib/python3.10/site-packages/airflow/example_dags/example_dynamic_task_mapping.py
[2025-06-25T20:19:44.445-0400] {processor.py:840} INFO - DAG(s) 'example_dynamic_task_mapping' retrieved from /opt/anaconda3/envs/airflow_env/lib/python3.10/site-packages/airflow/example_dags/example_dynamic_task_mapping.py
[2025-06-25T20:19:44.476-0400] {logging_mixin.py:188} INFO - [2025-06-25T20:19:44.475-0400] {dag.py:3096} INFO - Sync 1 DAGs
[2025-06-25T20:19:44.501-0400] {logging_mixin.py:188} INFO - [2025-06-25T20:19:44.500-0400] {dag.py:3954} INFO - Setting next_dagrun for example_dynamic_task_mapping to 2022-03-04 00:00:00+00:00, run_after=2022-03-05 00:00:00+00:00
[2025-06-25T20:19:44.507-0400] {processor.py:183} INFO - Processing /opt/anaconda3/envs/airflow_env/lib/python3.10/site-packages/airflow/example_dags/example_dynamic_task_mapping.py took 0.077 seconds
[2025-06-25T20:20:17.154-0400] {processor.py:161} INFO - Started process (PID=62591) to work on /opt/anaconda3/envs/airflow_env/lib/python3.10/site-packages/airflow/example_dags/example_dynamic_task_mapping.py
[2025-06-25T20:20:17.154-0400] {processor.py:830} INFO - Processing file /opt/anaconda3/envs/airflow_env/lib/python3.10/site-packages/airflow/example_dags/example_dynamic_task_mapping.py for tasks to queue
[2025-06-25T20:20:17.154-0400] {logging_mixin.py:188} INFO - [2025-06-25T20:20:17.154-0400] {dagbag.py:545} INFO - Filling up the DagBag from /opt/anaconda3/envs/airflow_env/lib/python3.10/site-packages/airflow/example_dags/example_dynamic_task_mapping.py
[2025-06-25T20:20:17.168-0400] {processor.py:840} INFO - DAG(s) 'example_dynamic_task_mapping' retrieved from /opt/anaconda3/envs/airflow_env/lib/python3.10/site-packages/airflow/example_dags/example_dynamic_task_mapping.py
[2025-06-25T20:20:17.201-0400] {logging_mixin.py:188} INFO - [2025-06-25T20:20:17.201-0400] {dag.py:3096} INFO - Sync 1 DAGs
[2025-06-25T20:20:17.231-0400] {logging_mixin.py:188} INFO - [2025-06-25T20:20:17.231-0400] {dag.py:3954} INFO - Setting next_dagrun for example_dynamic_task_mapping to 2022-03-04 00:00:00+00:00, run_after=2022-03-05 00:00:00+00:00
[2025-06-25T20:20:17.239-0400] {processor.py:183} INFO - Processing /opt/anaconda3/envs/airflow_env/lib/python3.10/site-packages/airflow/example_dags/example_dynamic_task_mapping.py took 0.087 seconds
[2025-06-25T20:21:23.275-0400] {processor.py:161} INFO - Started process (PID=62691) to work on /opt/anaconda3/envs/airflow_env/lib/python3.10/site-packages/airflow/example_dags/example_dynamic_task_mapping.py
[2025-06-25T20:21:23.275-0400] {processor.py:830} INFO - Processing file /opt/anaconda3/envs/airflow_env/lib/python3.10/site-packages/airflow/example_dags/example_dynamic_task_mapping.py for tasks to queue
[2025-06-25T20:21:23.276-0400] {logging_mixin.py:188} INFO - [2025-06-25T20:21:23.275-0400] {dagbag.py:545} INFO - Filling up the DagBag from /opt/anaconda3/envs/airflow_env/lib/python3.10/site-packages/airflow/example_dags/example_dynamic_task_mapping.py
[2025-06-25T20:21:23.290-0400] {processor.py:840} INFO - DAG(s) 'example_dynamic_task_mapping' retrieved from /opt/anaconda3/envs/airflow_env/lib/python3.10/site-packages/airflow/example_dags/example_dynamic_task_mapping.py
[2025-06-25T20:21:23.326-0400] {logging_mixin.py:188} INFO - [2025-06-25T20:21:23.325-0400] {dag.py:3096} INFO - Sync 1 DAGs
[2025-06-25T20:21:23.359-0400] {logging_mixin.py:188} INFO - [2025-06-25T20:21:23.359-0400] {dag.py:3954} INFO - Setting next_dagrun for example_dynamic_task_mapping to 2022-03-04 00:00:00+00:00, run_after=2022-03-05 00:00:00+00:00
[2025-06-25T20:21:23.367-0400] {processor.py:183} INFO - Processing /opt/anaconda3/envs/airflow_env/lib/python3.10/site-packages/airflow/example_dags/example_dynamic_task_mapping.py took 0.094 seconds
[2025-06-25T20:21:54.928-0400] {processor.py:161} INFO - Started process (PID=62736) to work on /opt/anaconda3/envs/airflow_env/lib/python3.10/site-packages/airflow/example_dags/example_dynamic_task_mapping.py
[2025-06-25T20:21:54.929-0400] {processor.py:830} INFO - Processing file /opt/anaconda3/envs/airflow_env/lib/python3.10/site-packages/airflow/example_dags/example_dynamic_task_mapping.py for tasks to queue
[2025-06-25T20:21:54.929-0400] {logging_mixin.py:188} INFO - [2025-06-25T20:21:54.929-0400] {dagbag.py:545} INFO - Filling up the DagBag from /opt/anaconda3/envs/airflow_env/lib/python3.10/site-packages/airflow/example_dags/example_dynamic_task_mapping.py
[2025-06-25T20:21:54.942-0400] {processor.py:840} INFO - DAG(s) 'example_dynamic_task_mapping' retrieved from /opt/anaconda3/envs/airflow_env/lib/python3.10/site-packages/airflow/example_dags/example_dynamic_task_mapping.py
[2025-06-25T20:21:54.973-0400] {logging_mixin.py:188} INFO - [2025-06-25T20:21:54.973-0400] {dag.py:3096} INFO - Sync 1 DAGs
[2025-06-25T20:21:54.999-0400] {logging_mixin.py:188} INFO - [2025-06-25T20:21:54.999-0400] {dag.py:3954} INFO - Setting next_dagrun for example_dynamic_task_mapping to 2022-03-04 00:00:00+00:00, run_after=2022-03-05 00:00:00+00:00
[2025-06-25T20:21:55.007-0400] {processor.py:183} INFO - Processing /opt/anaconda3/envs/airflow_env/lib/python3.10/site-packages/airflow/example_dags/example_dynamic_task_mapping.py took 0.080 seconds
[2025-06-25T20:22:59.797-0400] {processor.py:161} INFO - Started process (PID=62872) to work on /opt/anaconda3/envs/airflow_env/lib/python3.10/site-packages/airflow/example_dags/example_dynamic_task_mapping.py
[2025-06-25T20:22:59.798-0400] {processor.py:830} INFO - Processing file /opt/anaconda3/envs/airflow_env/lib/python3.10/site-packages/airflow/example_dags/example_dynamic_task_mapping.py for tasks to queue
[2025-06-25T20:22:59.798-0400] {logging_mixin.py:188} INFO - [2025-06-25T20:22:59.798-0400] {dagbag.py:545} INFO - Filling up the DagBag from /opt/anaconda3/envs/airflow_env/lib/python3.10/site-packages/airflow/example_dags/example_dynamic_task_mapping.py
[2025-06-25T20:22:59.814-0400] {processor.py:840} INFO - DAG(s) 'example_dynamic_task_mapping' retrieved from /opt/anaconda3/envs/airflow_env/lib/python3.10/site-packages/airflow/example_dags/example_dynamic_task_mapping.py
[2025-06-25T20:22:59.852-0400] {logging_mixin.py:188} INFO - [2025-06-25T20:22:59.852-0400] {dag.py:3096} INFO - Sync 1 DAGs
[2025-06-25T20:22:59.894-0400] {logging_mixin.py:188} INFO - [2025-06-25T20:22:59.894-0400] {dag.py:3954} INFO - Setting next_dagrun for example_dynamic_task_mapping to 2022-03-04 00:00:00+00:00, run_after=2022-03-05 00:00:00+00:00
[2025-06-25T20:22:59.902-0400] {processor.py:183} INFO - Processing /opt/anaconda3/envs/airflow_env/lib/python3.10/site-packages/airflow/example_dags/example_dynamic_task_mapping.py took 0.107 seconds
[2025-06-25T20:23:33.405-0400] {processor.py:161} INFO - Started process (PID=62945) to work on /opt/anaconda3/envs/airflow_env/lib/python3.10/site-packages/airflow/example_dags/example_dynamic_task_mapping.py
[2025-06-25T20:23:33.406-0400] {processor.py:830} INFO - Processing file /opt/anaconda3/envs/airflow_env/lib/python3.10/site-packages/airflow/example_dags/example_dynamic_task_mapping.py for tasks to queue
[2025-06-25T20:23:33.406-0400] {logging_mixin.py:188} INFO - [2025-06-25T20:23:33.406-0400] {dagbag.py:545} INFO - Filling up the DagBag from /opt/anaconda3/envs/airflow_env/lib/python3.10/site-packages/airflow/example_dags/example_dynamic_task_mapping.py
[2025-06-25T20:23:33.419-0400] {processor.py:840} INFO - DAG(s) 'example_dynamic_task_mapping' retrieved from /opt/anaconda3/envs/airflow_env/lib/python3.10/site-packages/airflow/example_dags/example_dynamic_task_mapping.py
[2025-06-25T20:23:33.450-0400] {logging_mixin.py:188} INFO - [2025-06-25T20:23:33.450-0400] {dag.py:3096} INFO - Sync 1 DAGs
[2025-06-25T20:23:33.475-0400] {logging_mixin.py:188} INFO - [2025-06-25T20:23:33.474-0400] {dag.py:3954} INFO - Setting next_dagrun for example_dynamic_task_mapping to 2022-03-04 00:00:00+00:00, run_after=2022-03-05 00:00:00+00:00
[2025-06-25T20:23:33.481-0400] {processor.py:183} INFO - Processing /opt/anaconda3/envs/airflow_env/lib/python3.10/site-packages/airflow/example_dags/example_dynamic_task_mapping.py took 0.077 seconds
[2025-06-25T20:24:45.845-0400] {processor.py:161} INFO - Started process (PID=63077) to work on /opt/anaconda3/envs/airflow_env/lib/python3.10/site-packages/airflow/example_dags/example_dynamic_task_mapping.py
[2025-06-25T20:24:45.846-0400] {processor.py:830} INFO - Processing file /opt/anaconda3/envs/airflow_env/lib/python3.10/site-packages/airflow/example_dags/example_dynamic_task_mapping.py for tasks to queue
[2025-06-25T20:24:45.846-0400] {logging_mixin.py:188} INFO - [2025-06-25T20:24:45.846-0400] {dagbag.py:545} INFO - Filling up the DagBag from /opt/anaconda3/envs/airflow_env/lib/python3.10/site-packages/airflow/example_dags/example_dynamic_task_mapping.py
[2025-06-25T20:24:45.860-0400] {processor.py:840} INFO - DAG(s) 'example_dynamic_task_mapping' retrieved from /opt/anaconda3/envs/airflow_env/lib/python3.10/site-packages/airflow/example_dags/example_dynamic_task_mapping.py
[2025-06-25T20:24:45.892-0400] {logging_mixin.py:188} INFO - [2025-06-25T20:24:45.892-0400] {dag.py:3096} INFO - Sync 1 DAGs
[2025-06-25T20:24:45.918-0400] {logging_mixin.py:188} INFO - [2025-06-25T20:24:45.918-0400] {dag.py:3954} INFO - Setting next_dagrun for example_dynamic_task_mapping to 2022-03-04 00:00:00+00:00, run_after=2022-03-05 00:00:00+00:00
[2025-06-25T20:24:45.924-0400] {processor.py:183} INFO - Processing /opt/anaconda3/envs/airflow_env/lib/python3.10/site-packages/airflow/example_dags/example_dynamic_task_mapping.py took 0.081 seconds
[2025-06-25T20:25:54.106-0400] {processor.py:161} INFO - Started process (PID=63203) to work on /opt/anaconda3/envs/airflow_env/lib/python3.10/site-packages/airflow/example_dags/example_dynamic_task_mapping.py
[2025-06-25T20:25:54.107-0400] {processor.py:830} INFO - Processing file /opt/anaconda3/envs/airflow_env/lib/python3.10/site-packages/airflow/example_dags/example_dynamic_task_mapping.py for tasks to queue
[2025-06-25T20:25:54.107-0400] {logging_mixin.py:188} INFO - [2025-06-25T20:25:54.107-0400] {dagbag.py:545} INFO - Filling up the DagBag from /opt/anaconda3/envs/airflow_env/lib/python3.10/site-packages/airflow/example_dags/example_dynamic_task_mapping.py
[2025-06-25T20:25:54.121-0400] {processor.py:840} INFO - DAG(s) 'example_dynamic_task_mapping' retrieved from /opt/anaconda3/envs/airflow_env/lib/python3.10/site-packages/airflow/example_dags/example_dynamic_task_mapping.py
[2025-06-25T20:25:54.154-0400] {logging_mixin.py:188} INFO - [2025-06-25T20:25:54.154-0400] {dag.py:3096} INFO - Sync 1 DAGs
[2025-06-25T20:25:54.181-0400] {logging_mixin.py:188} INFO - [2025-06-25T20:25:54.181-0400] {dag.py:3954} INFO - Setting next_dagrun for example_dynamic_task_mapping to 2022-03-04 00:00:00+00:00, run_after=2022-03-05 00:00:00+00:00
[2025-06-25T20:25:54.188-0400] {processor.py:183} INFO - Processing /opt/anaconda3/envs/airflow_env/lib/python3.10/site-packages/airflow/example_dags/example_dynamic_task_mapping.py took 0.084 seconds
[2025-06-25T20:26:25.802-0400] {processor.py:161} INFO - Started process (PID=63267) to work on /opt/anaconda3/envs/airflow_env/lib/python3.10/site-packages/airflow/example_dags/example_dynamic_task_mapping.py
[2025-06-25T20:26:25.802-0400] {processor.py:830} INFO - Processing file /opt/anaconda3/envs/airflow_env/lib/python3.10/site-packages/airflow/example_dags/example_dynamic_task_mapping.py for tasks to queue
[2025-06-25T20:26:25.802-0400] {logging_mixin.py:188} INFO - [2025-06-25T20:26:25.802-0400] {dagbag.py:545} INFO - Filling up the DagBag from /opt/anaconda3/envs/airflow_env/lib/python3.10/site-packages/airflow/example_dags/example_dynamic_task_mapping.py
[2025-06-25T20:26:25.817-0400] {processor.py:840} INFO - DAG(s) 'example_dynamic_task_mapping' retrieved from /opt/anaconda3/envs/airflow_env/lib/python3.10/site-packages/airflow/example_dags/example_dynamic_task_mapping.py
[2025-06-25T20:26:25.854-0400] {logging_mixin.py:188} INFO - [2025-06-25T20:26:25.853-0400] {dag.py:3096} INFO - Sync 1 DAGs
[2025-06-25T20:26:25.889-0400] {logging_mixin.py:188} INFO - [2025-06-25T20:26:25.889-0400] {dag.py:3954} INFO - Setting next_dagrun for example_dynamic_task_mapping to 2022-03-04 00:00:00+00:00, run_after=2022-03-05 00:00:00+00:00
[2025-06-25T20:26:25.897-0400] {processor.py:183} INFO - Processing /opt/anaconda3/envs/airflow_env/lib/python3.10/site-packages/airflow/example_dags/example_dynamic_task_mapping.py took 0.098 seconds
[2025-06-25T20:27:30.411-0400] {processor.py:161} INFO - Started process (PID=63395) to work on /opt/anaconda3/envs/airflow_env/lib/python3.10/site-packages/airflow/example_dags/example_dynamic_task_mapping.py
[2025-06-25T20:27:30.411-0400] {processor.py:830} INFO - Processing file /opt/anaconda3/envs/airflow_env/lib/python3.10/site-packages/airflow/example_dags/example_dynamic_task_mapping.py for tasks to queue
[2025-06-25T20:27:30.411-0400] {logging_mixin.py:188} INFO - [2025-06-25T20:27:30.411-0400] {dagbag.py:545} INFO - Filling up the DagBag from /opt/anaconda3/envs/airflow_env/lib/python3.10/site-packages/airflow/example_dags/example_dynamic_task_mapping.py
[2025-06-25T20:27:30.424-0400] {processor.py:840} INFO - DAG(s) 'example_dynamic_task_mapping' retrieved from /opt/anaconda3/envs/airflow_env/lib/python3.10/site-packages/airflow/example_dags/example_dynamic_task_mapping.py
[2025-06-25T20:27:30.455-0400] {logging_mixin.py:188} INFO - [2025-06-25T20:27:30.455-0400] {dag.py:3096} INFO - Sync 1 DAGs
[2025-06-25T20:27:30.479-0400] {logging_mixin.py:188} INFO - [2025-06-25T20:27:30.479-0400] {dag.py:3954} INFO - Setting next_dagrun for example_dynamic_task_mapping to 2022-03-04 00:00:00+00:00, run_after=2022-03-05 00:00:00+00:00
[2025-06-25T20:27:30.486-0400] {processor.py:183} INFO - Processing /opt/anaconda3/envs/airflow_env/lib/python3.10/site-packages/airflow/example_dags/example_dynamic_task_mapping.py took 0.077 seconds
[2025-06-25T20:28:03.064-0400] {processor.py:161} INFO - Started process (PID=63460) to work on /opt/anaconda3/envs/airflow_env/lib/python3.10/site-packages/airflow/example_dags/example_dynamic_task_mapping.py
[2025-06-25T20:28:03.065-0400] {processor.py:830} INFO - Processing file /opt/anaconda3/envs/airflow_env/lib/python3.10/site-packages/airflow/example_dags/example_dynamic_task_mapping.py for tasks to queue
[2025-06-25T20:28:03.065-0400] {logging_mixin.py:188} INFO - [2025-06-25T20:28:03.065-0400] {dagbag.py:545} INFO - Filling up the DagBag from /opt/anaconda3/envs/airflow_env/lib/python3.10/site-packages/airflow/example_dags/example_dynamic_task_mapping.py
[2025-06-25T20:28:03.079-0400] {processor.py:840} INFO - DAG(s) 'example_dynamic_task_mapping' retrieved from /opt/anaconda3/envs/airflow_env/lib/python3.10/site-packages/airflow/example_dags/example_dynamic_task_mapping.py
[2025-06-25T20:28:03.119-0400] {logging_mixin.py:188} INFO - [2025-06-25T20:28:03.119-0400] {dag.py:3096} INFO - Sync 1 DAGs
[2025-06-25T20:28:03.151-0400] {logging_mixin.py:188} INFO - [2025-06-25T20:28:03.151-0400] {dag.py:3954} INFO - Setting next_dagrun for example_dynamic_task_mapping to 2022-03-04 00:00:00+00:00, run_after=2022-03-05 00:00:00+00:00
[2025-06-25T20:28:03.158-0400] {processor.py:183} INFO - Processing /opt/anaconda3/envs/airflow_env/lib/python3.10/site-packages/airflow/example_dags/example_dynamic_task_mapping.py took 0.095 seconds
[2025-06-25T20:29:09.535-0400] {processor.py:161} INFO - Started process (PID=63618) to work on /opt/anaconda3/envs/airflow_env/lib/python3.10/site-packages/airflow/example_dags/example_dynamic_task_mapping.py
[2025-06-25T20:29:09.535-0400] {processor.py:830} INFO - Processing file /opt/anaconda3/envs/airflow_env/lib/python3.10/site-packages/airflow/example_dags/example_dynamic_task_mapping.py for tasks to queue
[2025-06-25T20:29:09.536-0400] {logging_mixin.py:188} INFO - [2025-06-25T20:29:09.536-0400] {dagbag.py:545} INFO - Filling up the DagBag from /opt/anaconda3/envs/airflow_env/lib/python3.10/site-packages/airflow/example_dags/example_dynamic_task_mapping.py
[2025-06-25T20:29:09.550-0400] {processor.py:840} INFO - DAG(s) 'example_dynamic_task_mapping' retrieved from /opt/anaconda3/envs/airflow_env/lib/python3.10/site-packages/airflow/example_dags/example_dynamic_task_mapping.py
[2025-06-25T20:29:09.585-0400] {logging_mixin.py:188} INFO - [2025-06-25T20:29:09.585-0400] {dag.py:3096} INFO - Sync 1 DAGs
[2025-06-25T20:29:09.619-0400] {logging_mixin.py:188} INFO - [2025-06-25T20:29:09.619-0400] {dag.py:3954} INFO - Setting next_dagrun for example_dynamic_task_mapping to 2022-03-04 00:00:00+00:00, run_after=2022-03-05 00:00:00+00:00
[2025-06-25T20:29:09.626-0400] {processor.py:183} INFO - Processing /opt/anaconda3/envs/airflow_env/lib/python3.10/site-packages/airflow/example_dags/example_dynamic_task_mapping.py took 0.093 seconds
[2025-06-25T20:29:41.278-0400] {processor.py:161} INFO - Started process (PID=63696) to work on /opt/anaconda3/envs/airflow_env/lib/python3.10/site-packages/airflow/example_dags/example_dynamic_task_mapping.py
[2025-06-25T20:29:41.278-0400] {processor.py:830} INFO - Processing file /opt/anaconda3/envs/airflow_env/lib/python3.10/site-packages/airflow/example_dags/example_dynamic_task_mapping.py for tasks to queue
[2025-06-25T20:29:41.278-0400] {logging_mixin.py:188} INFO - [2025-06-25T20:29:41.278-0400] {dagbag.py:545} INFO - Filling up the DagBag from /opt/anaconda3/envs/airflow_env/lib/python3.10/site-packages/airflow/example_dags/example_dynamic_task_mapping.py
[2025-06-25T20:29:41.293-0400] {processor.py:840} INFO - DAG(s) 'example_dynamic_task_mapping' retrieved from /opt/anaconda3/envs/airflow_env/lib/python3.10/site-packages/airflow/example_dags/example_dynamic_task_mapping.py
[2025-06-25T20:29:41.328-0400] {logging_mixin.py:188} INFO - [2025-06-25T20:29:41.328-0400] {dag.py:3096} INFO - Sync 1 DAGs
[2025-06-25T20:29:41.360-0400] {logging_mixin.py:188} INFO - [2025-06-25T20:29:41.359-0400] {dag.py:3954} INFO - Setting next_dagrun for example_dynamic_task_mapping to 2022-03-04 00:00:00+00:00, run_after=2022-03-05 00:00:00+00:00
[2025-06-25T20:29:41.366-0400] {processor.py:183} INFO - Processing /opt/anaconda3/envs/airflow_env/lib/python3.10/site-packages/airflow/example_dags/example_dynamic_task_mapping.py took 0.091 seconds
[2025-06-25T20:31:34.811-0400] {processor.py:161} INFO - Started process (PID=63971) to work on /opt/anaconda3/envs/airflow_env/lib/python3.10/site-packages/airflow/example_dags/example_dynamic_task_mapping.py
[2025-06-25T20:31:34.812-0400] {processor.py:830} INFO - Processing file /opt/anaconda3/envs/airflow_env/lib/python3.10/site-packages/airflow/example_dags/example_dynamic_task_mapping.py for tasks to queue
[2025-06-25T20:31:34.812-0400] {logging_mixin.py:188} INFO - [2025-06-25T20:31:34.812-0400] {dagbag.py:545} INFO - Filling up the DagBag from /opt/anaconda3/envs/airflow_env/lib/python3.10/site-packages/airflow/example_dags/example_dynamic_task_mapping.py
[2025-06-25T20:31:34.825-0400] {processor.py:840} INFO - DAG(s) 'example_dynamic_task_mapping' retrieved from /opt/anaconda3/envs/airflow_env/lib/python3.10/site-packages/airflow/example_dags/example_dynamic_task_mapping.py
[2025-06-25T20:31:34.857-0400] {logging_mixin.py:188} INFO - [2025-06-25T20:31:34.857-0400] {dag.py:3096} INFO - Sync 1 DAGs
[2025-06-25T20:31:34.883-0400] {logging_mixin.py:188} INFO - [2025-06-25T20:31:34.883-0400] {dag.py:3954} INFO - Setting next_dagrun for example_dynamic_task_mapping to 2022-03-04 00:00:00+00:00, run_after=2022-03-05 00:00:00+00:00
[2025-06-25T20:31:34.889-0400] {processor.py:183} INFO - Processing /opt/anaconda3/envs/airflow_env/lib/python3.10/site-packages/airflow/example_dags/example_dynamic_task_mapping.py took 0.079 seconds
[2025-06-25T20:31:48.368-0400] {processor.py:161} INFO - Started process (PID=63998) to work on /opt/anaconda3/envs/airflow_env/lib/python3.10/site-packages/airflow/example_dags/example_dynamic_task_mapping.py
[2025-06-25T20:31:48.369-0400] {processor.py:830} INFO - Processing file /opt/anaconda3/envs/airflow_env/lib/python3.10/site-packages/airflow/example_dags/example_dynamic_task_mapping.py for tasks to queue
[2025-06-25T20:31:48.369-0400] {logging_mixin.py:188} INFO - [2025-06-25T20:31:48.369-0400] {dagbag.py:545} INFO - Filling up the DagBag from /opt/anaconda3/envs/airflow_env/lib/python3.10/site-packages/airflow/example_dags/example_dynamic_task_mapping.py
[2025-06-25T20:31:48.382-0400] {processor.py:840} INFO - DAG(s) 'example_dynamic_task_mapping' retrieved from /opt/anaconda3/envs/airflow_env/lib/python3.10/site-packages/airflow/example_dags/example_dynamic_task_mapping.py
[2025-06-25T20:31:48.413-0400] {logging_mixin.py:188} INFO - [2025-06-25T20:31:48.413-0400] {dag.py:3096} INFO - Sync 1 DAGs
[2025-06-25T20:31:48.439-0400] {logging_mixin.py:188} INFO - [2025-06-25T20:31:48.438-0400] {dag.py:3954} INFO - Setting next_dagrun for example_dynamic_task_mapping to 2022-03-04 00:00:00+00:00, run_after=2022-03-05 00:00:00+00:00
[2025-06-25T20:31:48.445-0400] {processor.py:183} INFO - Processing /opt/anaconda3/envs/airflow_env/lib/python3.10/site-packages/airflow/example_dags/example_dynamic_task_mapping.py took 0.078 seconds
[2025-06-25T20:33:40.785-0400] {processor.py:161} INFO - Started process (PID=64193) to work on /opt/anaconda3/envs/airflow_env/lib/python3.10/site-packages/airflow/example_dags/example_dynamic_task_mapping.py
[2025-06-25T20:33:40.786-0400] {processor.py:830} INFO - Processing file /opt/anaconda3/envs/airflow_env/lib/python3.10/site-packages/airflow/example_dags/example_dynamic_task_mapping.py for tasks to queue
[2025-06-25T20:33:40.786-0400] {logging_mixin.py:188} INFO - [2025-06-25T20:33:40.786-0400] {dagbag.py:545} INFO - Filling up the DagBag from /opt/anaconda3/envs/airflow_env/lib/python3.10/site-packages/airflow/example_dags/example_dynamic_task_mapping.py
[2025-06-25T20:33:40.799-0400] {processor.py:840} INFO - DAG(s) 'example_dynamic_task_mapping' retrieved from /opt/anaconda3/envs/airflow_env/lib/python3.10/site-packages/airflow/example_dags/example_dynamic_task_mapping.py
[2025-06-25T20:33:40.830-0400] {logging_mixin.py:188} INFO - [2025-06-25T20:33:40.830-0400] {dag.py:3096} INFO - Sync 1 DAGs
[2025-06-25T20:33:40.855-0400] {logging_mixin.py:188} INFO - [2025-06-25T20:33:40.855-0400] {dag.py:3954} INFO - Setting next_dagrun for example_dynamic_task_mapping to 2022-03-04 00:00:00+00:00, run_after=2022-03-05 00:00:00+00:00
[2025-06-25T20:33:40.861-0400] {processor.py:183} INFO - Processing /opt/anaconda3/envs/airflow_env/lib/python3.10/site-packages/airflow/example_dags/example_dynamic_task_mapping.py took 0.078 seconds
[2025-06-25T20:34:04.150-0400] {processor.py:161} INFO - Started process (PID=64241) to work on /opt/anaconda3/envs/airflow_env/lib/python3.10/site-packages/airflow/example_dags/example_dynamic_task_mapping.py
[2025-06-25T20:34:04.150-0400] {processor.py:830} INFO - Processing file /opt/anaconda3/envs/airflow_env/lib/python3.10/site-packages/airflow/example_dags/example_dynamic_task_mapping.py for tasks to queue
[2025-06-25T20:34:04.150-0400] {logging_mixin.py:188} INFO - [2025-06-25T20:34:04.150-0400] {dagbag.py:545} INFO - Filling up the DagBag from /opt/anaconda3/envs/airflow_env/lib/python3.10/site-packages/airflow/example_dags/example_dynamic_task_mapping.py
[2025-06-25T20:34:04.163-0400] {processor.py:840} INFO - DAG(s) 'example_dynamic_task_mapping' retrieved from /opt/anaconda3/envs/airflow_env/lib/python3.10/site-packages/airflow/example_dags/example_dynamic_task_mapping.py
[2025-06-25T20:34:04.194-0400] {logging_mixin.py:188} INFO - [2025-06-25T20:34:04.194-0400] {dag.py:3096} INFO - Sync 1 DAGs
[2025-06-25T20:34:04.219-0400] {logging_mixin.py:188} INFO - [2025-06-25T20:34:04.219-0400] {dag.py:3954} INFO - Setting next_dagrun for example_dynamic_task_mapping to 2022-03-04 00:00:00+00:00, run_after=2022-03-05 00:00:00+00:00
[2025-06-25T20:34:04.225-0400] {processor.py:183} INFO - Processing /opt/anaconda3/envs/airflow_env/lib/python3.10/site-packages/airflow/example_dags/example_dynamic_task_mapping.py took 0.077 seconds
[2025-06-25T20:35:21.194-0400] {processor.py:161} INFO - Started process (PID=64377) to work on /opt/anaconda3/envs/airflow_env/lib/python3.10/site-packages/airflow/example_dags/example_dynamic_task_mapping.py
[2025-06-25T20:35:21.195-0400] {processor.py:830} INFO - Processing file /opt/anaconda3/envs/airflow_env/lib/python3.10/site-packages/airflow/example_dags/example_dynamic_task_mapping.py for tasks to queue
[2025-06-25T20:35:21.195-0400] {logging_mixin.py:188} INFO - [2025-06-25T20:35:21.195-0400] {dagbag.py:545} INFO - Filling up the DagBag from /opt/anaconda3/envs/airflow_env/lib/python3.10/site-packages/airflow/example_dags/example_dynamic_task_mapping.py
[2025-06-25T20:35:21.208-0400] {processor.py:840} INFO - DAG(s) 'example_dynamic_task_mapping' retrieved from /opt/anaconda3/envs/airflow_env/lib/python3.10/site-packages/airflow/example_dags/example_dynamic_task_mapping.py
[2025-06-25T20:35:21.241-0400] {logging_mixin.py:188} INFO - [2025-06-25T20:35:21.241-0400] {dag.py:3096} INFO - Sync 1 DAGs
[2025-06-25T20:35:21.269-0400] {logging_mixin.py:188} INFO - [2025-06-25T20:35:21.269-0400] {dag.py:3954} INFO - Setting next_dagrun for example_dynamic_task_mapping to 2022-03-04 00:00:00+00:00, run_after=2022-03-05 00:00:00+00:00
[2025-06-25T20:35:21.276-0400] {processor.py:183} INFO - Processing /opt/anaconda3/envs/airflow_env/lib/python3.10/site-packages/airflow/example_dags/example_dynamic_task_mapping.py took 0.083 seconds
[2025-06-25T20:35:41.039-0400] {processor.py:161} INFO - Started process (PID=64405) to work on /opt/anaconda3/envs/airflow_env/lib/python3.10/site-packages/airflow/example_dags/example_dynamic_task_mapping.py
[2025-06-25T20:35:41.039-0400] {processor.py:830} INFO - Processing file /opt/anaconda3/envs/airflow_env/lib/python3.10/site-packages/airflow/example_dags/example_dynamic_task_mapping.py for tasks to queue
[2025-06-25T20:35:41.040-0400] {logging_mixin.py:188} INFO - [2025-06-25T20:35:41.039-0400] {dagbag.py:545} INFO - Filling up the DagBag from /opt/anaconda3/envs/airflow_env/lib/python3.10/site-packages/airflow/example_dags/example_dynamic_task_mapping.py
[2025-06-25T20:35:41.052-0400] {processor.py:840} INFO - DAG(s) 'example_dynamic_task_mapping' retrieved from /opt/anaconda3/envs/airflow_env/lib/python3.10/site-packages/airflow/example_dags/example_dynamic_task_mapping.py
[2025-06-25T20:35:41.084-0400] {logging_mixin.py:188} INFO - [2025-06-25T20:35:41.084-0400] {dag.py:3096} INFO - Sync 1 DAGs
[2025-06-25T20:35:41.109-0400] {logging_mixin.py:188} INFO - [2025-06-25T20:35:41.109-0400] {dag.py:3954} INFO - Setting next_dagrun for example_dynamic_task_mapping to 2022-03-04 00:00:00+00:00, run_after=2022-03-05 00:00:00+00:00
[2025-06-25T20:35:41.117-0400] {processor.py:183} INFO - Processing /opt/anaconda3/envs/airflow_env/lib/python3.10/site-packages/airflow/example_dags/example_dynamic_task_mapping.py took 0.080 seconds
[2025-06-25T20:36:57.297-0400] {processor.py:161} INFO - Started process (PID=64556) to work on /opt/anaconda3/envs/airflow_env/lib/python3.10/site-packages/airflow/example_dags/example_dynamic_task_mapping.py
[2025-06-25T20:36:57.297-0400] {processor.py:830} INFO - Processing file /opt/anaconda3/envs/airflow_env/lib/python3.10/site-packages/airflow/example_dags/example_dynamic_task_mapping.py for tasks to queue
[2025-06-25T20:36:57.297-0400] {logging_mixin.py:188} INFO - [2025-06-25T20:36:57.297-0400] {dagbag.py:545} INFO - Filling up the DagBag from /opt/anaconda3/envs/airflow_env/lib/python3.10/site-packages/airflow/example_dags/example_dynamic_task_mapping.py
[2025-06-25T20:36:57.311-0400] {processor.py:840} INFO - DAG(s) 'example_dynamic_task_mapping' retrieved from /opt/anaconda3/envs/airflow_env/lib/python3.10/site-packages/airflow/example_dags/example_dynamic_task_mapping.py
[2025-06-25T20:36:57.345-0400] {logging_mixin.py:188} INFO - [2025-06-25T20:36:57.345-0400] {dag.py:3096} INFO - Sync 1 DAGs
[2025-06-25T20:36:57.380-0400] {logging_mixin.py:188} INFO - [2025-06-25T20:36:57.380-0400] {dag.py:3954} INFO - Setting next_dagrun for example_dynamic_task_mapping to 2022-03-04 00:00:00+00:00, run_after=2022-03-05 00:00:00+00:00
[2025-06-25T20:36:57.387-0400] {processor.py:183} INFO - Processing /opt/anaconda3/envs/airflow_env/lib/python3.10/site-packages/airflow/example_dags/example_dynamic_task_mapping.py took 0.092 seconds
[2025-06-25T20:37:19.822-0400] {processor.py:161} INFO - Started process (PID=64605) to work on /opt/anaconda3/envs/airflow_env/lib/python3.10/site-packages/airflow/example_dags/example_dynamic_task_mapping.py
[2025-06-25T20:37:19.822-0400] {processor.py:830} INFO - Processing file /opt/anaconda3/envs/airflow_env/lib/python3.10/site-packages/airflow/example_dags/example_dynamic_task_mapping.py for tasks to queue
[2025-06-25T20:37:19.823-0400] {logging_mixin.py:188} INFO - [2025-06-25T20:37:19.823-0400] {dagbag.py:545} INFO - Filling up the DagBag from /opt/anaconda3/envs/airflow_env/lib/python3.10/site-packages/airflow/example_dags/example_dynamic_task_mapping.py
[2025-06-25T20:37:19.836-0400] {processor.py:840} INFO - DAG(s) 'example_dynamic_task_mapping' retrieved from /opt/anaconda3/envs/airflow_env/lib/python3.10/site-packages/airflow/example_dags/example_dynamic_task_mapping.py
[2025-06-25T20:37:19.868-0400] {logging_mixin.py:188} INFO - [2025-06-25T20:37:19.868-0400] {dag.py:3096} INFO - Sync 1 DAGs
[2025-06-25T20:37:19.893-0400] {logging_mixin.py:188} INFO - [2025-06-25T20:37:19.893-0400] {dag.py:3954} INFO - Setting next_dagrun for example_dynamic_task_mapping to 2022-03-04 00:00:00+00:00, run_after=2022-03-05 00:00:00+00:00
[2025-06-25T20:37:19.901-0400] {processor.py:183} INFO - Processing /opt/anaconda3/envs/airflow_env/lib/python3.10/site-packages/airflow/example_dags/example_dynamic_task_mapping.py took 0.080 seconds
[2025-06-25T20:39:02.681-0400] {processor.py:161} INFO - Started process (PID=64842) to work on /opt/anaconda3/envs/airflow_env/lib/python3.10/site-packages/airflow/example_dags/example_dynamic_task_mapping.py
[2025-06-25T20:39:02.681-0400] {processor.py:830} INFO - Processing file /opt/anaconda3/envs/airflow_env/lib/python3.10/site-packages/airflow/example_dags/example_dynamic_task_mapping.py for tasks to queue
[2025-06-25T20:39:02.682-0400] {logging_mixin.py:188} INFO - [2025-06-25T20:39:02.681-0400] {dagbag.py:545} INFO - Filling up the DagBag from /opt/anaconda3/envs/airflow_env/lib/python3.10/site-packages/airflow/example_dags/example_dynamic_task_mapping.py
[2025-06-25T20:39:02.694-0400] {processor.py:840} INFO - DAG(s) 'example_dynamic_task_mapping' retrieved from /opt/anaconda3/envs/airflow_env/lib/python3.10/site-packages/airflow/example_dags/example_dynamic_task_mapping.py
[2025-06-25T20:39:02.726-0400] {logging_mixin.py:188} INFO - [2025-06-25T20:39:02.726-0400] {dag.py:3096} INFO - Sync 1 DAGs
[2025-06-25T20:39:02.752-0400] {logging_mixin.py:188} INFO - [2025-06-25T20:39:02.751-0400] {dag.py:3954} INFO - Setting next_dagrun for example_dynamic_task_mapping to 2022-03-04 00:00:00+00:00, run_after=2022-03-05 00:00:00+00:00
[2025-06-25T20:39:02.758-0400] {processor.py:183} INFO - Processing /opt/anaconda3/envs/airflow_env/lib/python3.10/site-packages/airflow/example_dags/example_dynamic_task_mapping.py took 0.079 seconds
[2025-06-25T20:39:41.065-0400] {processor.py:161} INFO - Started process (PID=64910) to work on /opt/anaconda3/envs/airflow_env/lib/python3.10/site-packages/airflow/example_dags/example_dynamic_task_mapping.py
[2025-06-25T20:39:41.067-0400] {processor.py:830} INFO - Processing file /opt/anaconda3/envs/airflow_env/lib/python3.10/site-packages/airflow/example_dags/example_dynamic_task_mapping.py for tasks to queue
[2025-06-25T20:39:41.067-0400] {logging_mixin.py:188} INFO - [2025-06-25T20:39:41.067-0400] {dagbag.py:545} INFO - Filling up the DagBag from /opt/anaconda3/envs/airflow_env/lib/python3.10/site-packages/airflow/example_dags/example_dynamic_task_mapping.py
[2025-06-25T20:39:41.083-0400] {processor.py:840} INFO - DAG(s) 'example_dynamic_task_mapping' retrieved from /opt/anaconda3/envs/airflow_env/lib/python3.10/site-packages/airflow/example_dags/example_dynamic_task_mapping.py
[2025-06-25T20:39:41.117-0400] {logging_mixin.py:188} INFO - [2025-06-25T20:39:41.117-0400] {dag.py:3096} INFO - Sync 1 DAGs
[2025-06-25T20:39:41.144-0400] {logging_mixin.py:188} INFO - [2025-06-25T20:39:41.144-0400] {dag.py:3954} INFO - Setting next_dagrun for example_dynamic_task_mapping to 2022-03-04 00:00:00+00:00, run_after=2022-03-05 00:00:00+00:00
[2025-06-25T20:39:41.152-0400] {processor.py:183} INFO - Processing /opt/anaconda3/envs/airflow_env/lib/python3.10/site-packages/airflow/example_dags/example_dynamic_task_mapping.py took 0.088 seconds
[2025-06-25T20:40:38.257-0400] {processor.py:161} INFO - Started process (PID=65034) to work on /opt/anaconda3/envs/airflow_env/lib/python3.10/site-packages/airflow/example_dags/example_dynamic_task_mapping.py
[2025-06-25T20:40:38.257-0400] {processor.py:830} INFO - Processing file /opt/anaconda3/envs/airflow_env/lib/python3.10/site-packages/airflow/example_dags/example_dynamic_task_mapping.py for tasks to queue
[2025-06-25T20:40:38.257-0400] {logging_mixin.py:188} INFO - [2025-06-25T20:40:38.257-0400] {dagbag.py:545} INFO - Filling up the DagBag from /opt/anaconda3/envs/airflow_env/lib/python3.10/site-packages/airflow/example_dags/example_dynamic_task_mapping.py
[2025-06-25T20:40:38.271-0400] {processor.py:840} INFO - DAG(s) 'example_dynamic_task_mapping' retrieved from /opt/anaconda3/envs/airflow_env/lib/python3.10/site-packages/airflow/example_dags/example_dynamic_task_mapping.py
[2025-06-25T20:40:38.303-0400] {logging_mixin.py:188} INFO - [2025-06-25T20:40:38.302-0400] {dag.py:3096} INFO - Sync 1 DAGs
[2025-06-25T20:40:38.333-0400] {logging_mixin.py:188} INFO - [2025-06-25T20:40:38.333-0400] {dag.py:3954} INFO - Setting next_dagrun for example_dynamic_task_mapping to 2022-03-04 00:00:00+00:00, run_after=2022-03-05 00:00:00+00:00
[2025-06-25T20:40:38.340-0400] {processor.py:183} INFO - Processing /opt/anaconda3/envs/airflow_env/lib/python3.10/site-packages/airflow/example_dags/example_dynamic_task_mapping.py took 0.085 seconds
[2025-06-25T20:41:22.611-0400] {processor.py:161} INFO - Started process (PID=65125) to work on /opt/anaconda3/envs/airflow_env/lib/python3.10/site-packages/airflow/example_dags/example_dynamic_task_mapping.py
[2025-06-25T20:41:22.612-0400] {processor.py:830} INFO - Processing file /opt/anaconda3/envs/airflow_env/lib/python3.10/site-packages/airflow/example_dags/example_dynamic_task_mapping.py for tasks to queue
[2025-06-25T20:41:22.612-0400] {logging_mixin.py:188} INFO - [2025-06-25T20:41:22.612-0400] {dagbag.py:545} INFO - Filling up the DagBag from /opt/anaconda3/envs/airflow_env/lib/python3.10/site-packages/airflow/example_dags/example_dynamic_task_mapping.py
[2025-06-25T20:41:22.625-0400] {processor.py:840} INFO - DAG(s) 'example_dynamic_task_mapping' retrieved from /opt/anaconda3/envs/airflow_env/lib/python3.10/site-packages/airflow/example_dags/example_dynamic_task_mapping.py
[2025-06-25T20:41:22.656-0400] {logging_mixin.py:188} INFO - [2025-06-25T20:41:22.656-0400] {dag.py:3096} INFO - Sync 1 DAGs
[2025-06-25T20:41:22.682-0400] {logging_mixin.py:188} INFO - [2025-06-25T20:41:22.682-0400] {dag.py:3954} INFO - Setting next_dagrun for example_dynamic_task_mapping to 2022-03-04 00:00:00+00:00, run_after=2022-03-05 00:00:00+00:00
[2025-06-25T20:41:22.688-0400] {processor.py:183} INFO - Processing /opt/anaconda3/envs/airflow_env/lib/python3.10/site-packages/airflow/example_dags/example_dynamic_task_mapping.py took 0.078 seconds
[2025-06-25T20:42:15.897-0400] {processor.py:161} INFO - Started process (PID=65227) to work on /opt/anaconda3/envs/airflow_env/lib/python3.10/site-packages/airflow/example_dags/example_dynamic_task_mapping.py
[2025-06-25T20:42:15.897-0400] {processor.py:830} INFO - Processing file /opt/anaconda3/envs/airflow_env/lib/python3.10/site-packages/airflow/example_dags/example_dynamic_task_mapping.py for tasks to queue
[2025-06-25T20:42:15.897-0400] {logging_mixin.py:188} INFO - [2025-06-25T20:42:15.897-0400] {dagbag.py:545} INFO - Filling up the DagBag from /opt/anaconda3/envs/airflow_env/lib/python3.10/site-packages/airflow/example_dags/example_dynamic_task_mapping.py
[2025-06-25T20:42:15.911-0400] {processor.py:840} INFO - DAG(s) 'example_dynamic_task_mapping' retrieved from /opt/anaconda3/envs/airflow_env/lib/python3.10/site-packages/airflow/example_dags/example_dynamic_task_mapping.py
[2025-06-25T20:42:15.944-0400] {logging_mixin.py:188} INFO - [2025-06-25T20:42:15.944-0400] {dag.py:3096} INFO - Sync 1 DAGs
[2025-06-25T20:42:15.973-0400] {logging_mixin.py:188} INFO - [2025-06-25T20:42:15.973-0400] {dag.py:3954} INFO - Setting next_dagrun for example_dynamic_task_mapping to 2022-03-04 00:00:00+00:00, run_after=2022-03-05 00:00:00+00:00
[2025-06-25T20:42:15.980-0400] {processor.py:183} INFO - Processing /opt/anaconda3/envs/airflow_env/lib/python3.10/site-packages/airflow/example_dags/example_dynamic_task_mapping.py took 0.085 seconds
[2025-06-25T20:43:00.510-0400] {processor.py:161} INFO - Started process (PID=65330) to work on /opt/anaconda3/envs/airflow_env/lib/python3.10/site-packages/airflow/example_dags/example_dynamic_task_mapping.py
[2025-06-25T20:43:00.511-0400] {processor.py:830} INFO - Processing file /opt/anaconda3/envs/airflow_env/lib/python3.10/site-packages/airflow/example_dags/example_dynamic_task_mapping.py for tasks to queue
[2025-06-25T20:43:00.512-0400] {logging_mixin.py:188} INFO - [2025-06-25T20:43:00.512-0400] {dagbag.py:545} INFO - Filling up the DagBag from /opt/anaconda3/envs/airflow_env/lib/python3.10/site-packages/airflow/example_dags/example_dynamic_task_mapping.py
[2025-06-25T20:43:00.525-0400] {processor.py:840} INFO - DAG(s) 'example_dynamic_task_mapping' retrieved from /opt/anaconda3/envs/airflow_env/lib/python3.10/site-packages/airflow/example_dags/example_dynamic_task_mapping.py
[2025-06-25T20:43:00.557-0400] {logging_mixin.py:188} INFO - [2025-06-25T20:43:00.557-0400] {dag.py:3096} INFO - Sync 1 DAGs
[2025-06-25T20:43:00.583-0400] {logging_mixin.py:188} INFO - [2025-06-25T20:43:00.583-0400] {dag.py:3954} INFO - Setting next_dagrun for example_dynamic_task_mapping to 2022-03-04 00:00:00+00:00, run_after=2022-03-05 00:00:00+00:00
[2025-06-25T20:43:00.589-0400] {processor.py:183} INFO - Processing /opt/anaconda3/envs/airflow_env/lib/python3.10/site-packages/airflow/example_dags/example_dynamic_task_mapping.py took 0.081 seconds
[2025-06-25T20:43:55.228-0400] {processor.py:161} INFO - Started process (PID=65482) to work on /opt/anaconda3/envs/airflow_env/lib/python3.10/site-packages/airflow/example_dags/example_dynamic_task_mapping.py
[2025-06-25T20:43:55.229-0400] {processor.py:830} INFO - Processing file /opt/anaconda3/envs/airflow_env/lib/python3.10/site-packages/airflow/example_dags/example_dynamic_task_mapping.py for tasks to queue
[2025-06-25T20:43:55.229-0400] {logging_mixin.py:188} INFO - [2025-06-25T20:43:55.229-0400] {dagbag.py:545} INFO - Filling up the DagBag from /opt/anaconda3/envs/airflow_env/lib/python3.10/site-packages/airflow/example_dags/example_dynamic_task_mapping.py
[2025-06-25T20:43:55.244-0400] {processor.py:840} INFO - DAG(s) 'example_dynamic_task_mapping' retrieved from /opt/anaconda3/envs/airflow_env/lib/python3.10/site-packages/airflow/example_dags/example_dynamic_task_mapping.py
[2025-06-25T20:43:55.294-0400] {logging_mixin.py:188} INFO - [2025-06-25T20:43:55.294-0400] {dag.py:3096} INFO - Sync 1 DAGs
[2025-06-25T20:43:55.326-0400] {logging_mixin.py:188} INFO - [2025-06-25T20:43:55.326-0400] {dag.py:3954} INFO - Setting next_dagrun for example_dynamic_task_mapping to 2022-03-04 00:00:00+00:00, run_after=2022-03-05 00:00:00+00:00
[2025-06-25T20:43:55.333-0400] {processor.py:183} INFO - Processing /opt/anaconda3/envs/airflow_env/lib/python3.10/site-packages/airflow/example_dags/example_dynamic_task_mapping.py took 0.107 seconds
[2025-06-25T20:44:37.876-0400] {processor.py:161} INFO - Started process (PID=65588) to work on /opt/anaconda3/envs/airflow_env/lib/python3.10/site-packages/airflow/example_dags/example_dynamic_task_mapping.py
[2025-06-25T20:44:37.877-0400] {processor.py:830} INFO - Processing file /opt/anaconda3/envs/airflow_env/lib/python3.10/site-packages/airflow/example_dags/example_dynamic_task_mapping.py for tasks to queue
[2025-06-25T20:44:37.877-0400] {logging_mixin.py:188} INFO - [2025-06-25T20:44:37.877-0400] {dagbag.py:545} INFO - Filling up the DagBag from /opt/anaconda3/envs/airflow_env/lib/python3.10/site-packages/airflow/example_dags/example_dynamic_task_mapping.py
[2025-06-25T20:44:37.890-0400] {processor.py:840} INFO - DAG(s) 'example_dynamic_task_mapping' retrieved from /opt/anaconda3/envs/airflow_env/lib/python3.10/site-packages/airflow/example_dags/example_dynamic_task_mapping.py
[2025-06-25T20:44:37.922-0400] {logging_mixin.py:188} INFO - [2025-06-25T20:44:37.922-0400] {dag.py:3096} INFO - Sync 1 DAGs
[2025-06-25T20:44:37.946-0400] {logging_mixin.py:188} INFO - [2025-06-25T20:44:37.946-0400] {dag.py:3954} INFO - Setting next_dagrun for example_dynamic_task_mapping to 2022-03-04 00:00:00+00:00, run_after=2022-03-05 00:00:00+00:00
[2025-06-25T20:44:37.953-0400] {processor.py:183} INFO - Processing /opt/anaconda3/envs/airflow_env/lib/python3.10/site-packages/airflow/example_dags/example_dynamic_task_mapping.py took 0.079 seconds
[2025-06-25T20:45:34.676-0400] {processor.py:161} INFO - Started process (PID=65721) to work on /opt/anaconda3/envs/airflow_env/lib/python3.10/site-packages/airflow/example_dags/example_dynamic_task_mapping.py
[2025-06-25T20:45:34.676-0400] {processor.py:830} INFO - Processing file /opt/anaconda3/envs/airflow_env/lib/python3.10/site-packages/airflow/example_dags/example_dynamic_task_mapping.py for tasks to queue
[2025-06-25T20:45:34.676-0400] {logging_mixin.py:188} INFO - [2025-06-25T20:45:34.676-0400] {dagbag.py:545} INFO - Filling up the DagBag from /opt/anaconda3/envs/airflow_env/lib/python3.10/site-packages/airflow/example_dags/example_dynamic_task_mapping.py
[2025-06-25T20:45:34.691-0400] {processor.py:840} INFO - DAG(s) 'example_dynamic_task_mapping' retrieved from /opt/anaconda3/envs/airflow_env/lib/python3.10/site-packages/airflow/example_dags/example_dynamic_task_mapping.py
[2025-06-25T20:45:34.724-0400] {logging_mixin.py:188} INFO - [2025-06-25T20:45:34.724-0400] {dag.py:3096} INFO - Sync 1 DAGs
[2025-06-25T20:45:34.757-0400] {logging_mixin.py:188} INFO - [2025-06-25T20:45:34.757-0400] {dag.py:3954} INFO - Setting next_dagrun for example_dynamic_task_mapping to 2022-03-04 00:00:00+00:00, run_after=2022-03-05 00:00:00+00:00
[2025-06-25T20:45:34.764-0400] {processor.py:183} INFO - Processing /opt/anaconda3/envs/airflow_env/lib/python3.10/site-packages/airflow/example_dags/example_dynamic_task_mapping.py took 0.092 seconds
[2025-06-25T20:46:56.090-0400] {processor.py:161} INFO - Started process (PID=65894) to work on /opt/anaconda3/envs/airflow_env/lib/python3.10/site-packages/airflow/example_dags/example_dynamic_task_mapping.py
[2025-06-25T20:46:56.091-0400] {processor.py:830} INFO - Processing file /opt/anaconda3/envs/airflow_env/lib/python3.10/site-packages/airflow/example_dags/example_dynamic_task_mapping.py for tasks to queue
[2025-06-25T20:46:56.091-0400] {logging_mixin.py:188} INFO - [2025-06-25T20:46:56.091-0400] {dagbag.py:545} INFO - Filling up the DagBag from /opt/anaconda3/envs/airflow_env/lib/python3.10/site-packages/airflow/example_dags/example_dynamic_task_mapping.py
[2025-06-25T20:46:56.123-0400] {processor.py:840} INFO - DAG(s) 'example_dynamic_task_mapping' retrieved from /opt/anaconda3/envs/airflow_env/lib/python3.10/site-packages/airflow/example_dags/example_dynamic_task_mapping.py
[2025-06-25T20:46:56.162-0400] {logging_mixin.py:188} INFO - [2025-06-25T20:46:56.162-0400] {dag.py:3096} INFO - Sync 1 DAGs
[2025-06-25T20:46:56.190-0400] {logging_mixin.py:188} INFO - [2025-06-25T20:46:56.190-0400] {dag.py:3954} INFO - Setting next_dagrun for example_dynamic_task_mapping to 2022-03-04 00:00:00+00:00, run_after=2022-03-05 00:00:00+00:00
[2025-06-25T20:46:56.197-0400] {processor.py:183} INFO - Processing /opt/anaconda3/envs/airflow_env/lib/python3.10/site-packages/airflow/example_dags/example_dynamic_task_mapping.py took 0.110 seconds
[2025-06-25T20:47:27.995-0400] {processor.py:161} INFO - Started process (PID=65958) to work on /opt/anaconda3/envs/airflow_env/lib/python3.10/site-packages/airflow/example_dags/example_dynamic_task_mapping.py
[2025-06-25T20:47:27.995-0400] {processor.py:830} INFO - Processing file /opt/anaconda3/envs/airflow_env/lib/python3.10/site-packages/airflow/example_dags/example_dynamic_task_mapping.py for tasks to queue
[2025-06-25T20:47:27.995-0400] {logging_mixin.py:188} INFO - [2025-06-25T20:47:27.995-0400] {dagbag.py:545} INFO - Filling up the DagBag from /opt/anaconda3/envs/airflow_env/lib/python3.10/site-packages/airflow/example_dags/example_dynamic_task_mapping.py
[2025-06-25T20:47:28.011-0400] {processor.py:840} INFO - DAG(s) 'example_dynamic_task_mapping' retrieved from /opt/anaconda3/envs/airflow_env/lib/python3.10/site-packages/airflow/example_dags/example_dynamic_task_mapping.py
[2025-06-25T20:47:28.048-0400] {logging_mixin.py:188} INFO - [2025-06-25T20:47:28.048-0400] {dag.py:3096} INFO - Sync 1 DAGs
[2025-06-25T20:47:28.081-0400] {logging_mixin.py:188} INFO - [2025-06-25T20:47:28.081-0400] {dag.py:3954} INFO - Setting next_dagrun for example_dynamic_task_mapping to 2022-03-04 00:00:00+00:00, run_after=2022-03-05 00:00:00+00:00
[2025-06-25T20:47:28.088-0400] {processor.py:183} INFO - Processing /opt/anaconda3/envs/airflow_env/lib/python3.10/site-packages/airflow/example_dags/example_dynamic_task_mapping.py took 0.095 seconds
[2025-06-25T20:48:40.933-0400] {processor.py:161} INFO - Started process (PID=66154) to work on /opt/anaconda3/envs/airflow_env/lib/python3.10/site-packages/airflow/example_dags/example_dynamic_task_mapping.py
[2025-06-25T20:48:40.933-0400] {processor.py:830} INFO - Processing file /opt/anaconda3/envs/airflow_env/lib/python3.10/site-packages/airflow/example_dags/example_dynamic_task_mapping.py for tasks to queue
[2025-06-25T20:48:40.933-0400] {logging_mixin.py:188} INFO - [2025-06-25T20:48:40.933-0400] {dagbag.py:545} INFO - Filling up the DagBag from /opt/anaconda3/envs/airflow_env/lib/python3.10/site-packages/airflow/example_dags/example_dynamic_task_mapping.py
[2025-06-25T20:48:40.946-0400] {processor.py:840} INFO - DAG(s) 'example_dynamic_task_mapping' retrieved from /opt/anaconda3/envs/airflow_env/lib/python3.10/site-packages/airflow/example_dags/example_dynamic_task_mapping.py
[2025-06-25T20:48:40.978-0400] {logging_mixin.py:188} INFO - [2025-06-25T20:48:40.978-0400] {dag.py:3096} INFO - Sync 1 DAGs
[2025-06-25T20:48:41.006-0400] {logging_mixin.py:188} INFO - [2025-06-25T20:48:41.006-0400] {dag.py:3954} INFO - Setting next_dagrun for example_dynamic_task_mapping to 2022-03-04 00:00:00+00:00, run_after=2022-03-05 00:00:00+00:00
[2025-06-25T20:48:41.013-0400] {processor.py:183} INFO - Processing /opt/anaconda3/envs/airflow_env/lib/python3.10/site-packages/airflow/example_dags/example_dynamic_task_mapping.py took 0.082 seconds
[2025-06-25T20:49:16.253-0400] {processor.py:161} INFO - Started process (PID=66222) to work on /opt/anaconda3/envs/airflow_env/lib/python3.10/site-packages/airflow/example_dags/example_dynamic_task_mapping.py
[2025-06-25T20:49:16.254-0400] {processor.py:830} INFO - Processing file /opt/anaconda3/envs/airflow_env/lib/python3.10/site-packages/airflow/example_dags/example_dynamic_task_mapping.py for tasks to queue
[2025-06-25T20:49:16.254-0400] {logging_mixin.py:188} INFO - [2025-06-25T20:49:16.254-0400] {dagbag.py:545} INFO - Filling up the DagBag from /opt/anaconda3/envs/airflow_env/lib/python3.10/site-packages/airflow/example_dags/example_dynamic_task_mapping.py
[2025-06-25T20:49:16.267-0400] {processor.py:840} INFO - DAG(s) 'example_dynamic_task_mapping' retrieved from /opt/anaconda3/envs/airflow_env/lib/python3.10/site-packages/airflow/example_dags/example_dynamic_task_mapping.py
[2025-06-25T20:49:16.300-0400] {logging_mixin.py:188} INFO - [2025-06-25T20:49:16.299-0400] {dag.py:3096} INFO - Sync 1 DAGs
[2025-06-25T20:49:16.325-0400] {logging_mixin.py:188} INFO - [2025-06-25T20:49:16.325-0400] {dag.py:3954} INFO - Setting next_dagrun for example_dynamic_task_mapping to 2022-03-04 00:00:00+00:00, run_after=2022-03-05 00:00:00+00:00
[2025-06-25T20:49:16.332-0400] {processor.py:183} INFO - Processing /opt/anaconda3/envs/airflow_env/lib/python3.10/site-packages/airflow/example_dags/example_dynamic_task_mapping.py took 0.080 seconds
[2025-06-25T20:50:53.594-0400] {processor.py:161} INFO - Started process (PID=66445) to work on /opt/anaconda3/envs/airflow_env/lib/python3.10/site-packages/airflow/example_dags/example_dynamic_task_mapping.py
[2025-06-25T20:50:53.594-0400] {processor.py:830} INFO - Processing file /opt/anaconda3/envs/airflow_env/lib/python3.10/site-packages/airflow/example_dags/example_dynamic_task_mapping.py for tasks to queue
[2025-06-25T20:50:53.594-0400] {logging_mixin.py:188} INFO - [2025-06-25T20:50:53.594-0400] {dagbag.py:545} INFO - Filling up the DagBag from /opt/anaconda3/envs/airflow_env/lib/python3.10/site-packages/airflow/example_dags/example_dynamic_task_mapping.py
[2025-06-25T20:50:53.611-0400] {processor.py:840} INFO - DAG(s) 'example_dynamic_task_mapping' retrieved from /opt/anaconda3/envs/airflow_env/lib/python3.10/site-packages/airflow/example_dags/example_dynamic_task_mapping.py
[2025-06-25T20:50:53.657-0400] {logging_mixin.py:188} INFO - [2025-06-25T20:50:53.657-0400] {dag.py:3096} INFO - Sync 1 DAGs
[2025-06-25T20:50:53.689-0400] {logging_mixin.py:188} INFO - [2025-06-25T20:50:53.689-0400] {dag.py:3954} INFO - Setting next_dagrun for example_dynamic_task_mapping to 2022-03-04 00:00:00+00:00, run_after=2022-03-05 00:00:00+00:00
[2025-06-25T20:50:53.696-0400] {processor.py:183} INFO - Processing /opt/anaconda3/envs/airflow_env/lib/python3.10/site-packages/airflow/example_dags/example_dynamic_task_mapping.py took 0.105 seconds
[2025-06-25T20:51:35.472-0400] {processor.py:161} INFO - Started process (PID=66537) to work on /opt/anaconda3/envs/airflow_env/lib/python3.10/site-packages/airflow/example_dags/example_dynamic_task_mapping.py
[2025-06-25T20:51:35.472-0400] {processor.py:830} INFO - Processing file /opt/anaconda3/envs/airflow_env/lib/python3.10/site-packages/airflow/example_dags/example_dynamic_task_mapping.py for tasks to queue
[2025-06-25T20:51:35.472-0400] {logging_mixin.py:188} INFO - [2025-06-25T20:51:35.472-0400] {dagbag.py:545} INFO - Filling up the DagBag from /opt/anaconda3/envs/airflow_env/lib/python3.10/site-packages/airflow/example_dags/example_dynamic_task_mapping.py
[2025-06-25T20:51:35.486-0400] {processor.py:840} INFO - DAG(s) 'example_dynamic_task_mapping' retrieved from /opt/anaconda3/envs/airflow_env/lib/python3.10/site-packages/airflow/example_dags/example_dynamic_task_mapping.py
[2025-06-25T20:51:35.518-0400] {logging_mixin.py:188} INFO - [2025-06-25T20:51:35.518-0400] {dag.py:3096} INFO - Sync 1 DAGs
[2025-06-25T20:51:35.544-0400] {logging_mixin.py:188} INFO - [2025-06-25T20:51:35.544-0400] {dag.py:3954} INFO - Setting next_dagrun for example_dynamic_task_mapping to 2022-03-04 00:00:00+00:00, run_after=2022-03-05 00:00:00+00:00
[2025-06-25T20:51:35.551-0400] {processor.py:183} INFO - Processing /opt/anaconda3/envs/airflow_env/lib/python3.10/site-packages/airflow/example_dags/example_dynamic_task_mapping.py took 0.081 seconds
[2025-06-25T20:53:03.334-0400] {processor.py:161} INFO - Started process (PID=66727) to work on /opt/anaconda3/envs/airflow_env/lib/python3.10/site-packages/airflow/example_dags/example_dynamic_task_mapping.py
[2025-06-25T20:53:03.335-0400] {processor.py:830} INFO - Processing file /opt/anaconda3/envs/airflow_env/lib/python3.10/site-packages/airflow/example_dags/example_dynamic_task_mapping.py for tasks to queue
[2025-06-25T20:53:03.335-0400] {logging_mixin.py:188} INFO - [2025-06-25T20:53:03.335-0400] {dagbag.py:545} INFO - Filling up the DagBag from /opt/anaconda3/envs/airflow_env/lib/python3.10/site-packages/airflow/example_dags/example_dynamic_task_mapping.py
[2025-06-25T20:53:03.348-0400] {processor.py:840} INFO - DAG(s) 'example_dynamic_task_mapping' retrieved from /opt/anaconda3/envs/airflow_env/lib/python3.10/site-packages/airflow/example_dags/example_dynamic_task_mapping.py
[2025-06-25T20:53:03.379-0400] {logging_mixin.py:188} INFO - [2025-06-25T20:53:03.379-0400] {dag.py:3096} INFO - Sync 1 DAGs
[2025-06-25T20:53:03.404-0400] {logging_mixin.py:188} INFO - [2025-06-25T20:53:03.404-0400] {dag.py:3954} INFO - Setting next_dagrun for example_dynamic_task_mapping to 2022-03-04 00:00:00+00:00, run_after=2022-03-05 00:00:00+00:00
[2025-06-25T20:53:03.411-0400] {processor.py:183} INFO - Processing /opt/anaconda3/envs/airflow_env/lib/python3.10/site-packages/airflow/example_dags/example_dynamic_task_mapping.py took 0.078 seconds
[2025-06-25T20:53:54.169-0400] {processor.py:161} INFO - Started process (PID=66860) to work on /opt/anaconda3/envs/airflow_env/lib/python3.10/site-packages/airflow/example_dags/example_dynamic_task_mapping.py
[2025-06-25T20:53:54.169-0400] {processor.py:830} INFO - Processing file /opt/anaconda3/envs/airflow_env/lib/python3.10/site-packages/airflow/example_dags/example_dynamic_task_mapping.py for tasks to queue
[2025-06-25T20:53:54.170-0400] {logging_mixin.py:188} INFO - [2025-06-25T20:53:54.170-0400] {dagbag.py:545} INFO - Filling up the DagBag from /opt/anaconda3/envs/airflow_env/lib/python3.10/site-packages/airflow/example_dags/example_dynamic_task_mapping.py
[2025-06-25T20:53:54.185-0400] {processor.py:840} INFO - DAG(s) 'example_dynamic_task_mapping' retrieved from /opt/anaconda3/envs/airflow_env/lib/python3.10/site-packages/airflow/example_dags/example_dynamic_task_mapping.py
[2025-06-25T20:53:54.225-0400] {logging_mixin.py:188} INFO - [2025-06-25T20:53:54.225-0400] {dag.py:3096} INFO - Sync 1 DAGs
[2025-06-25T20:53:54.259-0400] {logging_mixin.py:188} INFO - [2025-06-25T20:53:54.259-0400] {dag.py:3954} INFO - Setting next_dagrun for example_dynamic_task_mapping to 2022-03-04 00:00:00+00:00, run_after=2022-03-05 00:00:00+00:00
[2025-06-25T20:53:54.266-0400] {processor.py:183} INFO - Processing /opt/anaconda3/envs/airflow_env/lib/python3.10/site-packages/airflow/example_dags/example_dynamic_task_mapping.py took 0.099 seconds
[2025-06-25T20:55:27.502-0400] {processor.py:161} INFO - Started process (PID=67080) to work on /opt/anaconda3/envs/airflow_env/lib/python3.10/site-packages/airflow/example_dags/example_dynamic_task_mapping.py
[2025-06-25T20:55:27.503-0400] {processor.py:830} INFO - Processing file /opt/anaconda3/envs/airflow_env/lib/python3.10/site-packages/airflow/example_dags/example_dynamic_task_mapping.py for tasks to queue
[2025-06-25T20:55:27.504-0400] {logging_mixin.py:188} INFO - [2025-06-25T20:55:27.504-0400] {dagbag.py:545} INFO - Filling up the DagBag from /opt/anaconda3/envs/airflow_env/lib/python3.10/site-packages/airflow/example_dags/example_dynamic_task_mapping.py
[2025-06-25T20:55:27.516-0400] {processor.py:840} INFO - DAG(s) 'example_dynamic_task_mapping' retrieved from /opt/anaconda3/envs/airflow_env/lib/python3.10/site-packages/airflow/example_dags/example_dynamic_task_mapping.py
[2025-06-25T20:55:27.549-0400] {logging_mixin.py:188} INFO - [2025-06-25T20:55:27.549-0400] {dag.py:3096} INFO - Sync 1 DAGs
[2025-06-25T20:55:27.574-0400] {logging_mixin.py:188} INFO - [2025-06-25T20:55:27.574-0400] {dag.py:3954} INFO - Setting next_dagrun for example_dynamic_task_mapping to 2022-03-04 00:00:00+00:00, run_after=2022-03-05 00:00:00+00:00
[2025-06-25T20:55:27.580-0400] {processor.py:183} INFO - Processing /opt/anaconda3/envs/airflow_env/lib/python3.10/site-packages/airflow/example_dags/example_dynamic_task_mapping.py took 0.080 seconds
[2025-06-25T20:55:48.863-0400] {processor.py:161} INFO - Started process (PID=67111) to work on /opt/anaconda3/envs/airflow_env/lib/python3.10/site-packages/airflow/example_dags/example_dynamic_task_mapping.py
[2025-06-25T20:55:48.864-0400] {processor.py:830} INFO - Processing file /opt/anaconda3/envs/airflow_env/lib/python3.10/site-packages/airflow/example_dags/example_dynamic_task_mapping.py for tasks to queue
[2025-06-25T20:55:48.864-0400] {logging_mixin.py:188} INFO - [2025-06-25T20:55:48.864-0400] {dagbag.py:545} INFO - Filling up the DagBag from /opt/anaconda3/envs/airflow_env/lib/python3.10/site-packages/airflow/example_dags/example_dynamic_task_mapping.py
[2025-06-25T20:55:48.877-0400] {processor.py:840} INFO - DAG(s) 'example_dynamic_task_mapping' retrieved from /opt/anaconda3/envs/airflow_env/lib/python3.10/site-packages/airflow/example_dags/example_dynamic_task_mapping.py
[2025-06-25T20:55:48.910-0400] {logging_mixin.py:188} INFO - [2025-06-25T20:55:48.910-0400] {dag.py:3096} INFO - Sync 1 DAGs
[2025-06-25T20:55:48.938-0400] {logging_mixin.py:188} INFO - [2025-06-25T20:55:48.938-0400] {dag.py:3954} INFO - Setting next_dagrun for example_dynamic_task_mapping to 2022-03-04 00:00:00+00:00, run_after=2022-03-05 00:00:00+00:00
[2025-06-25T20:55:48.945-0400] {processor.py:183} INFO - Processing /opt/anaconda3/envs/airflow_env/lib/python3.10/site-packages/airflow/example_dags/example_dynamic_task_mapping.py took 0.083 seconds
[2025-06-25T20:57:04.159-0400] {processor.py:161} INFO - Started process (PID=67235) to work on /opt/anaconda3/envs/airflow_env/lib/python3.10/site-packages/airflow/example_dags/example_dynamic_task_mapping.py
[2025-06-25T20:57:04.160-0400] {processor.py:830} INFO - Processing file /opt/anaconda3/envs/airflow_env/lib/python3.10/site-packages/airflow/example_dags/example_dynamic_task_mapping.py for tasks to queue
[2025-06-25T20:57:04.160-0400] {logging_mixin.py:188} INFO - [2025-06-25T20:57:04.160-0400] {dagbag.py:545} INFO - Filling up the DagBag from /opt/anaconda3/envs/airflow_env/lib/python3.10/site-packages/airflow/example_dags/example_dynamic_task_mapping.py
[2025-06-25T20:57:04.174-0400] {processor.py:840} INFO - DAG(s) 'example_dynamic_task_mapping' retrieved from /opt/anaconda3/envs/airflow_env/lib/python3.10/site-packages/airflow/example_dags/example_dynamic_task_mapping.py
[2025-06-25T20:57:04.211-0400] {logging_mixin.py:188} INFO - [2025-06-25T20:57:04.211-0400] {dag.py:3096} INFO - Sync 1 DAGs
[2025-06-25T20:57:04.237-0400] {logging_mixin.py:188} INFO - [2025-06-25T20:57:04.237-0400] {dag.py:3954} INFO - Setting next_dagrun for example_dynamic_task_mapping to 2022-03-04 00:00:00+00:00, run_after=2022-03-05 00:00:00+00:00
[2025-06-25T20:57:04.244-0400] {processor.py:183} INFO - Processing /opt/anaconda3/envs/airflow_env/lib/python3.10/site-packages/airflow/example_dags/example_dynamic_task_mapping.py took 0.087 seconds
[2025-06-25T20:57:22.579-0400] {processor.py:161} INFO - Started process (PID=67266) to work on /opt/anaconda3/envs/airflow_env/lib/python3.10/site-packages/airflow/example_dags/example_dynamic_task_mapping.py
[2025-06-25T20:57:22.580-0400] {processor.py:830} INFO - Processing file /opt/anaconda3/envs/airflow_env/lib/python3.10/site-packages/airflow/example_dags/example_dynamic_task_mapping.py for tasks to queue
[2025-06-25T20:57:22.580-0400] {logging_mixin.py:188} INFO - [2025-06-25T20:57:22.580-0400] {dagbag.py:545} INFO - Filling up the DagBag from /opt/anaconda3/envs/airflow_env/lib/python3.10/site-packages/airflow/example_dags/example_dynamic_task_mapping.py
[2025-06-25T20:57:22.594-0400] {processor.py:840} INFO - DAG(s) 'example_dynamic_task_mapping' retrieved from /opt/anaconda3/envs/airflow_env/lib/python3.10/site-packages/airflow/example_dags/example_dynamic_task_mapping.py
[2025-06-25T20:57:22.626-0400] {logging_mixin.py:188} INFO - [2025-06-25T20:57:22.626-0400] {dag.py:3096} INFO - Sync 1 DAGs
[2025-06-25T20:57:22.657-0400] {logging_mixin.py:188} INFO - [2025-06-25T20:57:22.657-0400] {dag.py:3954} INFO - Setting next_dagrun for example_dynamic_task_mapping to 2022-03-04 00:00:00+00:00, run_after=2022-03-05 00:00:00+00:00
[2025-06-25T20:57:22.663-0400] {processor.py:183} INFO - Processing /opt/anaconda3/envs/airflow_env/lib/python3.10/site-packages/airflow/example_dags/example_dynamic_task_mapping.py took 0.086 seconds
[2025-06-25T20:58:41.402-0400] {processor.py:161} INFO - Started process (PID=67421) to work on /opt/anaconda3/envs/airflow_env/lib/python3.10/site-packages/airflow/example_dags/example_dynamic_task_mapping.py
[2025-06-25T20:58:41.403-0400] {processor.py:830} INFO - Processing file /opt/anaconda3/envs/airflow_env/lib/python3.10/site-packages/airflow/example_dags/example_dynamic_task_mapping.py for tasks to queue
[2025-06-25T20:58:41.403-0400] {logging_mixin.py:188} INFO - [2025-06-25T20:58:41.403-0400] {dagbag.py:545} INFO - Filling up the DagBag from /opt/anaconda3/envs/airflow_env/lib/python3.10/site-packages/airflow/example_dags/example_dynamic_task_mapping.py
[2025-06-25T20:58:41.419-0400] {processor.py:840} INFO - DAG(s) 'example_dynamic_task_mapping' retrieved from /opt/anaconda3/envs/airflow_env/lib/python3.10/site-packages/airflow/example_dags/example_dynamic_task_mapping.py
[2025-06-25T20:58:41.452-0400] {logging_mixin.py:188} INFO - [2025-06-25T20:58:41.452-0400] {dag.py:3096} INFO - Sync 1 DAGs
[2025-06-25T20:58:41.483-0400] {logging_mixin.py:188} INFO - [2025-06-25T20:58:41.483-0400] {dag.py:3954} INFO - Setting next_dagrun for example_dynamic_task_mapping to 2022-03-04 00:00:00+00:00, run_after=2022-03-05 00:00:00+00:00
[2025-06-25T20:58:41.490-0400] {processor.py:183} INFO - Processing /opt/anaconda3/envs/airflow_env/lib/python3.10/site-packages/airflow/example_dags/example_dynamic_task_mapping.py took 0.091 seconds
[2025-06-25T20:58:59.589-0400] {processor.py:161} INFO - Started process (PID=67452) to work on /opt/anaconda3/envs/airflow_env/lib/python3.10/site-packages/airflow/example_dags/example_dynamic_task_mapping.py
[2025-06-25T20:58:59.589-0400] {processor.py:830} INFO - Processing file /opt/anaconda3/envs/airflow_env/lib/python3.10/site-packages/airflow/example_dags/example_dynamic_task_mapping.py for tasks to queue
[2025-06-25T20:58:59.589-0400] {logging_mixin.py:188} INFO - [2025-06-25T20:58:59.589-0400] {dagbag.py:545} INFO - Filling up the DagBag from /opt/anaconda3/envs/airflow_env/lib/python3.10/site-packages/airflow/example_dags/example_dynamic_task_mapping.py
[2025-06-25T20:58:59.602-0400] {processor.py:840} INFO - DAG(s) 'example_dynamic_task_mapping' retrieved from /opt/anaconda3/envs/airflow_env/lib/python3.10/site-packages/airflow/example_dags/example_dynamic_task_mapping.py
[2025-06-25T20:58:59.635-0400] {logging_mixin.py:188} INFO - [2025-06-25T20:58:59.634-0400] {dag.py:3096} INFO - Sync 1 DAGs
[2025-06-25T20:58:59.660-0400] {logging_mixin.py:188} INFO - [2025-06-25T20:58:59.659-0400] {dag.py:3954} INFO - Setting next_dagrun for example_dynamic_task_mapping to 2022-03-04 00:00:00+00:00, run_after=2022-03-05 00:00:00+00:00
[2025-06-25T20:58:59.666-0400] {processor.py:183} INFO - Processing /opt/anaconda3/envs/airflow_env/lib/python3.10/site-packages/airflow/example_dags/example_dynamic_task_mapping.py took 0.078 seconds
[2025-06-25T21:00:18.358-0400] {processor.py:161} INFO - Started process (PID=67605) to work on /opt/anaconda3/envs/airflow_env/lib/python3.10/site-packages/airflow/example_dags/example_dynamic_task_mapping.py
[2025-06-25T21:00:18.367-0400] {processor.py:830} INFO - Processing file /opt/anaconda3/envs/airflow_env/lib/python3.10/site-packages/airflow/example_dags/example_dynamic_task_mapping.py for tasks to queue
[2025-06-25T21:00:18.368-0400] {logging_mixin.py:188} INFO - [2025-06-25T21:00:18.368-0400] {dagbag.py:545} INFO - Filling up the DagBag from /opt/anaconda3/envs/airflow_env/lib/python3.10/site-packages/airflow/example_dags/example_dynamic_task_mapping.py
[2025-06-25T21:00:18.403-0400] {processor.py:840} INFO - DAG(s) 'example_dynamic_task_mapping' retrieved from /opt/anaconda3/envs/airflow_env/lib/python3.10/site-packages/airflow/example_dags/example_dynamic_task_mapping.py
[2025-06-25T21:00:18.445-0400] {logging_mixin.py:188} INFO - [2025-06-25T21:00:18.444-0400] {dag.py:3096} INFO - Sync 1 DAGs
[2025-06-25T21:00:18.477-0400] {logging_mixin.py:188} INFO - [2025-06-25T21:00:18.477-0400] {dag.py:3954} INFO - Setting next_dagrun for example_dynamic_task_mapping to 2022-03-04 00:00:00+00:00, run_after=2022-03-05 00:00:00+00:00
[2025-06-25T21:00:18.485-0400] {processor.py:183} INFO - Processing /opt/anaconda3/envs/airflow_env/lib/python3.10/site-packages/airflow/example_dags/example_dynamic_task_mapping.py took 0.130 seconds
[2025-06-25T21:00:40.175-0400] {processor.py:161} INFO - Started process (PID=67647) to work on /opt/anaconda3/envs/airflow_env/lib/python3.10/site-packages/airflow/example_dags/example_dynamic_task_mapping.py
[2025-06-25T21:00:40.175-0400] {processor.py:830} INFO - Processing file /opt/anaconda3/envs/airflow_env/lib/python3.10/site-packages/airflow/example_dags/example_dynamic_task_mapping.py for tasks to queue
[2025-06-25T21:00:40.175-0400] {logging_mixin.py:188} INFO - [2025-06-25T21:00:40.175-0400] {dagbag.py:545} INFO - Filling up the DagBag from /opt/anaconda3/envs/airflow_env/lib/python3.10/site-packages/airflow/example_dags/example_dynamic_task_mapping.py
[2025-06-25T21:00:40.189-0400] {processor.py:840} INFO - DAG(s) 'example_dynamic_task_mapping' retrieved from /opt/anaconda3/envs/airflow_env/lib/python3.10/site-packages/airflow/example_dags/example_dynamic_task_mapping.py
[2025-06-25T21:00:40.224-0400] {logging_mixin.py:188} INFO - [2025-06-25T21:00:40.223-0400] {dag.py:3096} INFO - Sync 1 DAGs
[2025-06-25T21:00:40.250-0400] {logging_mixin.py:188} INFO - [2025-06-25T21:00:40.250-0400] {dag.py:3954} INFO - Setting next_dagrun for example_dynamic_task_mapping to 2022-03-04 00:00:00+00:00, run_after=2022-03-05 00:00:00+00:00
[2025-06-25T21:00:40.257-0400] {processor.py:183} INFO - Processing /opt/anaconda3/envs/airflow_env/lib/python3.10/site-packages/airflow/example_dags/example_dynamic_task_mapping.py took 0.084 seconds
[2025-06-25T21:01:47.277-0400] {processor.py:161} INFO - Started process (PID=67744) to work on /opt/anaconda3/envs/airflow_env/lib/python3.10/site-packages/airflow/example_dags/example_dynamic_task_mapping.py
[2025-06-25T21:01:47.277-0400] {processor.py:830} INFO - Processing file /opt/anaconda3/envs/airflow_env/lib/python3.10/site-packages/airflow/example_dags/example_dynamic_task_mapping.py for tasks to queue
[2025-06-25T21:01:47.278-0400] {logging_mixin.py:188} INFO - [2025-06-25T21:01:47.278-0400] {dagbag.py:545} INFO - Filling up the DagBag from /opt/anaconda3/envs/airflow_env/lib/python3.10/site-packages/airflow/example_dags/example_dynamic_task_mapping.py
[2025-06-25T21:01:47.291-0400] {processor.py:840} INFO - DAG(s) 'example_dynamic_task_mapping' retrieved from /opt/anaconda3/envs/airflow_env/lib/python3.10/site-packages/airflow/example_dags/example_dynamic_task_mapping.py
[2025-06-25T21:01:47.322-0400] {logging_mixin.py:188} INFO - [2025-06-25T21:01:47.322-0400] {dag.py:3096} INFO - Sync 1 DAGs
[2025-06-25T21:01:47.346-0400] {logging_mixin.py:188} INFO - [2025-06-25T21:01:47.346-0400] {dag.py:3954} INFO - Setting next_dagrun for example_dynamic_task_mapping to 2022-03-04 00:00:00+00:00, run_after=2022-03-05 00:00:00+00:00
[2025-06-25T21:01:47.353-0400] {processor.py:183} INFO - Processing /opt/anaconda3/envs/airflow_env/lib/python3.10/site-packages/airflow/example_dags/example_dynamic_task_mapping.py took 0.078 seconds
[2025-06-25T21:02:12.443-0400] {processor.py:161} INFO - Started process (PID=67780) to work on /opt/anaconda3/envs/airflow_env/lib/python3.10/site-packages/airflow/example_dags/example_dynamic_task_mapping.py
[2025-06-25T21:02:12.444-0400] {processor.py:830} INFO - Processing file /opt/anaconda3/envs/airflow_env/lib/python3.10/site-packages/airflow/example_dags/example_dynamic_task_mapping.py for tasks to queue
[2025-06-25T21:02:12.444-0400] {logging_mixin.py:188} INFO - [2025-06-25T21:02:12.444-0400] {dagbag.py:545} INFO - Filling up the DagBag from /opt/anaconda3/envs/airflow_env/lib/python3.10/site-packages/airflow/example_dags/example_dynamic_task_mapping.py
[2025-06-25T21:02:12.457-0400] {processor.py:840} INFO - DAG(s) 'example_dynamic_task_mapping' retrieved from /opt/anaconda3/envs/airflow_env/lib/python3.10/site-packages/airflow/example_dags/example_dynamic_task_mapping.py
[2025-06-25T21:02:12.491-0400] {logging_mixin.py:188} INFO - [2025-06-25T21:02:12.491-0400] {dag.py:3096} INFO - Sync 1 DAGs
[2025-06-25T21:02:12.519-0400] {logging_mixin.py:188} INFO - [2025-06-25T21:02:12.519-0400] {dag.py:3954} INFO - Setting next_dagrun for example_dynamic_task_mapping to 2022-03-04 00:00:00+00:00, run_after=2022-03-05 00:00:00+00:00
[2025-06-25T21:02:12.526-0400] {processor.py:183} INFO - Processing /opt/anaconda3/envs/airflow_env/lib/python3.10/site-packages/airflow/example_dags/example_dynamic_task_mapping.py took 0.084 seconds
[2025-06-25T21:03:19.597-0400] {processor.py:161} INFO - Started process (PID=67879) to work on /opt/anaconda3/envs/airflow_env/lib/python3.10/site-packages/airflow/example_dags/example_dynamic_task_mapping.py
[2025-06-25T21:03:19.598-0400] {processor.py:830} INFO - Processing file /opt/anaconda3/envs/airflow_env/lib/python3.10/site-packages/airflow/example_dags/example_dynamic_task_mapping.py for tasks to queue
[2025-06-25T21:03:19.598-0400] {logging_mixin.py:188} INFO - [2025-06-25T21:03:19.598-0400] {dagbag.py:545} INFO - Filling up the DagBag from /opt/anaconda3/envs/airflow_env/lib/python3.10/site-packages/airflow/example_dags/example_dynamic_task_mapping.py
[2025-06-25T21:03:19.611-0400] {processor.py:840} INFO - DAG(s) 'example_dynamic_task_mapping' retrieved from /opt/anaconda3/envs/airflow_env/lib/python3.10/site-packages/airflow/example_dags/example_dynamic_task_mapping.py
[2025-06-25T21:03:19.644-0400] {logging_mixin.py:188} INFO - [2025-06-25T21:03:19.643-0400] {dag.py:3096} INFO - Sync 1 DAGs
[2025-06-25T21:03:19.670-0400] {logging_mixin.py:188} INFO - [2025-06-25T21:03:19.670-0400] {dag.py:3954} INFO - Setting next_dagrun for example_dynamic_task_mapping to 2022-03-04 00:00:00+00:00, run_after=2022-03-05 00:00:00+00:00
[2025-06-25T21:03:19.676-0400] {processor.py:183} INFO - Processing /opt/anaconda3/envs/airflow_env/lib/python3.10/site-packages/airflow/example_dags/example_dynamic_task_mapping.py took 0.081 seconds
[2025-06-25T21:03:45.169-0400] {processor.py:161} INFO - Started process (PID=67916) to work on /opt/anaconda3/envs/airflow_env/lib/python3.10/site-packages/airflow/example_dags/example_dynamic_task_mapping.py
[2025-06-25T21:03:45.170-0400] {processor.py:830} INFO - Processing file /opt/anaconda3/envs/airflow_env/lib/python3.10/site-packages/airflow/example_dags/example_dynamic_task_mapping.py for tasks to queue
[2025-06-25T21:03:45.170-0400] {logging_mixin.py:188} INFO - [2025-06-25T21:03:45.170-0400] {dagbag.py:545} INFO - Filling up the DagBag from /opt/anaconda3/envs/airflow_env/lib/python3.10/site-packages/airflow/example_dags/example_dynamic_task_mapping.py
[2025-06-25T21:03:45.183-0400] {processor.py:840} INFO - DAG(s) 'example_dynamic_task_mapping' retrieved from /opt/anaconda3/envs/airflow_env/lib/python3.10/site-packages/airflow/example_dags/example_dynamic_task_mapping.py
[2025-06-25T21:03:45.214-0400] {logging_mixin.py:188} INFO - [2025-06-25T21:03:45.214-0400] {dag.py:3096} INFO - Sync 1 DAGs
[2025-06-25T21:03:45.238-0400] {logging_mixin.py:188} INFO - [2025-06-25T21:03:45.238-0400] {dag.py:3954} INFO - Setting next_dagrun for example_dynamic_task_mapping to 2022-03-04 00:00:00+00:00, run_after=2022-03-05 00:00:00+00:00
[2025-06-25T21:03:45.245-0400] {processor.py:183} INFO - Processing /opt/anaconda3/envs/airflow_env/lib/python3.10/site-packages/airflow/example_dags/example_dynamic_task_mapping.py took 0.078 seconds
[2025-06-25T21:04:59.439-0400] {processor.py:161} INFO - Started process (PID=68044) to work on /opt/anaconda3/envs/airflow_env/lib/python3.10/site-packages/airflow/example_dags/example_dynamic_task_mapping.py
[2025-06-25T21:04:59.440-0400] {processor.py:830} INFO - Processing file /opt/anaconda3/envs/airflow_env/lib/python3.10/site-packages/airflow/example_dags/example_dynamic_task_mapping.py for tasks to queue
[2025-06-25T21:04:59.440-0400] {logging_mixin.py:188} INFO - [2025-06-25T21:04:59.440-0400] {dagbag.py:545} INFO - Filling up the DagBag from /opt/anaconda3/envs/airflow_env/lib/python3.10/site-packages/airflow/example_dags/example_dynamic_task_mapping.py
[2025-06-25T21:04:59.453-0400] {processor.py:840} INFO - DAG(s) 'example_dynamic_task_mapping' retrieved from /opt/anaconda3/envs/airflow_env/lib/python3.10/site-packages/airflow/example_dags/example_dynamic_task_mapping.py
[2025-06-25T21:04:59.485-0400] {logging_mixin.py:188} INFO - [2025-06-25T21:04:59.485-0400] {dag.py:3096} INFO - Sync 1 DAGs
[2025-06-25T21:04:59.512-0400] {logging_mixin.py:188} INFO - [2025-06-25T21:04:59.512-0400] {dag.py:3954} INFO - Setting next_dagrun for example_dynamic_task_mapping to 2022-03-04 00:00:00+00:00, run_after=2022-03-05 00:00:00+00:00
[2025-06-25T21:04:59.518-0400] {processor.py:183} INFO - Processing /opt/anaconda3/envs/airflow_env/lib/python3.10/site-packages/airflow/example_dags/example_dynamic_task_mapping.py took 0.080 seconds
[2025-06-25T21:05:23.582-0400] {processor.py:161} INFO - Started process (PID=68089) to work on /opt/anaconda3/envs/airflow_env/lib/python3.10/site-packages/airflow/example_dags/example_dynamic_task_mapping.py
[2025-06-25T21:05:23.584-0400] {processor.py:830} INFO - Processing file /opt/anaconda3/envs/airflow_env/lib/python3.10/site-packages/airflow/example_dags/example_dynamic_task_mapping.py for tasks to queue
[2025-06-25T21:05:23.584-0400] {logging_mixin.py:188} INFO - [2025-06-25T21:05:23.584-0400] {dagbag.py:545} INFO - Filling up the DagBag from /opt/anaconda3/envs/airflow_env/lib/python3.10/site-packages/airflow/example_dags/example_dynamic_task_mapping.py
[2025-06-25T21:05:23.599-0400] {processor.py:840} INFO - DAG(s) 'example_dynamic_task_mapping' retrieved from /opt/anaconda3/envs/airflow_env/lib/python3.10/site-packages/airflow/example_dags/example_dynamic_task_mapping.py
[2025-06-25T21:05:23.636-0400] {logging_mixin.py:188} INFO - [2025-06-25T21:05:23.635-0400] {dag.py:3096} INFO - Sync 1 DAGs
[2025-06-25T21:05:23.666-0400] {logging_mixin.py:188} INFO - [2025-06-25T21:05:23.666-0400] {dag.py:3954} INFO - Setting next_dagrun for example_dynamic_task_mapping to 2022-03-04 00:00:00+00:00, run_after=2022-03-05 00:00:00+00:00
[2025-06-25T21:05:23.673-0400] {processor.py:183} INFO - Processing /opt/anaconda3/envs/airflow_env/lib/python3.10/site-packages/airflow/example_dags/example_dynamic_task_mapping.py took 0.093 seconds
[2025-06-25T21:06:49.027-0400] {processor.py:161} INFO - Started process (PID=68213) to work on /opt/anaconda3/envs/airflow_env/lib/python3.10/site-packages/airflow/example_dags/example_dynamic_task_mapping.py
[2025-06-25T21:06:49.027-0400] {processor.py:830} INFO - Processing file /opt/anaconda3/envs/airflow_env/lib/python3.10/site-packages/airflow/example_dags/example_dynamic_task_mapping.py for tasks to queue
[2025-06-25T21:06:49.028-0400] {logging_mixin.py:188} INFO - [2025-06-25T21:06:49.028-0400] {dagbag.py:545} INFO - Filling up the DagBag from /opt/anaconda3/envs/airflow_env/lib/python3.10/site-packages/airflow/example_dags/example_dynamic_task_mapping.py
[2025-06-25T21:06:49.047-0400] {processor.py:840} INFO - DAG(s) 'example_dynamic_task_mapping' retrieved from /opt/anaconda3/envs/airflow_env/lib/python3.10/site-packages/airflow/example_dags/example_dynamic_task_mapping.py
[2025-06-25T21:06:49.086-0400] {logging_mixin.py:188} INFO - [2025-06-25T21:06:49.086-0400] {dag.py:3096} INFO - Sync 1 DAGs
[2025-06-25T21:06:49.119-0400] {logging_mixin.py:188} INFO - [2025-06-25T21:06:49.119-0400] {dag.py:3954} INFO - Setting next_dagrun for example_dynamic_task_mapping to 2022-03-04 00:00:00+00:00, run_after=2022-03-05 00:00:00+00:00
[2025-06-25T21:06:49.128-0400] {processor.py:183} INFO - Processing /opt/anaconda3/envs/airflow_env/lib/python3.10/site-packages/airflow/example_dags/example_dynamic_task_mapping.py took 0.103 seconds
[2025-06-25T21:07:10.047-0400] {processor.py:161} INFO - Started process (PID=68257) to work on /opt/anaconda3/envs/airflow_env/lib/python3.10/site-packages/airflow/example_dags/example_dynamic_task_mapping.py
[2025-06-25T21:07:10.047-0400] {processor.py:830} INFO - Processing file /opt/anaconda3/envs/airflow_env/lib/python3.10/site-packages/airflow/example_dags/example_dynamic_task_mapping.py for tasks to queue
[2025-06-25T21:07:10.047-0400] {logging_mixin.py:188} INFO - [2025-06-25T21:07:10.047-0400] {dagbag.py:545} INFO - Filling up the DagBag from /opt/anaconda3/envs/airflow_env/lib/python3.10/site-packages/airflow/example_dags/example_dynamic_task_mapping.py
[2025-06-25T21:07:10.062-0400] {processor.py:840} INFO - DAG(s) 'example_dynamic_task_mapping' retrieved from /opt/anaconda3/envs/airflow_env/lib/python3.10/site-packages/airflow/example_dags/example_dynamic_task_mapping.py
[2025-06-25T21:07:10.097-0400] {logging_mixin.py:188} INFO - [2025-06-25T21:07:10.097-0400] {dag.py:3096} INFO - Sync 1 DAGs
[2025-06-25T21:07:10.126-0400] {logging_mixin.py:188} INFO - [2025-06-25T21:07:10.126-0400] {dag.py:3954} INFO - Setting next_dagrun for example_dynamic_task_mapping to 2022-03-04 00:00:00+00:00, run_after=2022-03-05 00:00:00+00:00
[2025-06-25T21:07:10.132-0400] {processor.py:183} INFO - Processing /opt/anaconda3/envs/airflow_env/lib/python3.10/site-packages/airflow/example_dags/example_dynamic_task_mapping.py took 0.088 seconds
[2025-06-25T21:08:31.314-0400] {processor.py:161} INFO - Started process (PID=68389) to work on /opt/anaconda3/envs/airflow_env/lib/python3.10/site-packages/airflow/example_dags/example_dynamic_task_mapping.py
[2025-06-25T21:08:31.315-0400] {processor.py:830} INFO - Processing file /opt/anaconda3/envs/airflow_env/lib/python3.10/site-packages/airflow/example_dags/example_dynamic_task_mapping.py for tasks to queue
[2025-06-25T21:08:31.315-0400] {logging_mixin.py:188} INFO - [2025-06-25T21:08:31.315-0400] {dagbag.py:545} INFO - Filling up the DagBag from /opt/anaconda3/envs/airflow_env/lib/python3.10/site-packages/airflow/example_dags/example_dynamic_task_mapping.py
[2025-06-25T21:08:31.328-0400] {processor.py:840} INFO - DAG(s) 'example_dynamic_task_mapping' retrieved from /opt/anaconda3/envs/airflow_env/lib/python3.10/site-packages/airflow/example_dags/example_dynamic_task_mapping.py
[2025-06-25T21:08:31.360-0400] {logging_mixin.py:188} INFO - [2025-06-25T21:08:31.360-0400] {dag.py:3096} INFO - Sync 1 DAGs
[2025-06-25T21:08:31.385-0400] {logging_mixin.py:188} INFO - [2025-06-25T21:08:31.385-0400] {dag.py:3954} INFO - Setting next_dagrun for example_dynamic_task_mapping to 2022-03-04 00:00:00+00:00, run_after=2022-03-05 00:00:00+00:00
[2025-06-25T21:08:31.391-0400] {processor.py:183} INFO - Processing /opt/anaconda3/envs/airflow_env/lib/python3.10/site-packages/airflow/example_dags/example_dynamic_task_mapping.py took 0.078 seconds
[2025-06-25T21:08:53.618-0400] {processor.py:161} INFO - Started process (PID=68419) to work on /opt/anaconda3/envs/airflow_env/lib/python3.10/site-packages/airflow/example_dags/example_dynamic_task_mapping.py
[2025-06-25T21:08:53.619-0400] {processor.py:830} INFO - Processing file /opt/anaconda3/envs/airflow_env/lib/python3.10/site-packages/airflow/example_dags/example_dynamic_task_mapping.py for tasks to queue
[2025-06-25T21:08:53.619-0400] {logging_mixin.py:188} INFO - [2025-06-25T21:08:53.619-0400] {dagbag.py:545} INFO - Filling up the DagBag from /opt/anaconda3/envs/airflow_env/lib/python3.10/site-packages/airflow/example_dags/example_dynamic_task_mapping.py
[2025-06-25T21:08:53.632-0400] {processor.py:840} INFO - DAG(s) 'example_dynamic_task_mapping' retrieved from /opt/anaconda3/envs/airflow_env/lib/python3.10/site-packages/airflow/example_dags/example_dynamic_task_mapping.py
[2025-06-25T21:08:53.664-0400] {logging_mixin.py:188} INFO - [2025-06-25T21:08:53.664-0400] {dag.py:3096} INFO - Sync 1 DAGs
[2025-06-25T21:08:53.691-0400] {logging_mixin.py:188} INFO - [2025-06-25T21:08:53.691-0400] {dag.py:3954} INFO - Setting next_dagrun for example_dynamic_task_mapping to 2022-03-04 00:00:00+00:00, run_after=2022-03-05 00:00:00+00:00
[2025-06-25T21:08:53.697-0400] {processor.py:183} INFO - Processing /opt/anaconda3/envs/airflow_env/lib/python3.10/site-packages/airflow/example_dags/example_dynamic_task_mapping.py took 0.081 seconds
[2025-06-25T21:10:15.986-0400] {processor.py:161} INFO - Started process (PID=68539) to work on /opt/anaconda3/envs/airflow_env/lib/python3.10/site-packages/airflow/example_dags/example_dynamic_task_mapping.py
[2025-06-25T21:10:15.986-0400] {processor.py:830} INFO - Processing file /opt/anaconda3/envs/airflow_env/lib/python3.10/site-packages/airflow/example_dags/example_dynamic_task_mapping.py for tasks to queue
[2025-06-25T21:10:15.986-0400] {logging_mixin.py:188} INFO - [2025-06-25T21:10:15.986-0400] {dagbag.py:545} INFO - Filling up the DagBag from /opt/anaconda3/envs/airflow_env/lib/python3.10/site-packages/airflow/example_dags/example_dynamic_task_mapping.py
[2025-06-25T21:10:16.005-0400] {processor.py:840} INFO - DAG(s) 'example_dynamic_task_mapping' retrieved from /opt/anaconda3/envs/airflow_env/lib/python3.10/site-packages/airflow/example_dags/example_dynamic_task_mapping.py
[2025-06-25T21:10:16.049-0400] {logging_mixin.py:188} INFO - [2025-06-25T21:10:16.049-0400] {dag.py:3096} INFO - Sync 1 DAGs
[2025-06-25T21:10:16.083-0400] {logging_mixin.py:188} INFO - [2025-06-25T21:10:16.083-0400] {dag.py:3954} INFO - Setting next_dagrun for example_dynamic_task_mapping to 2022-03-04 00:00:00+00:00, run_after=2022-03-05 00:00:00+00:00
[2025-06-25T21:10:16.091-0400] {processor.py:183} INFO - Processing /opt/anaconda3/envs/airflow_env/lib/python3.10/site-packages/airflow/example_dags/example_dynamic_task_mapping.py took 0.108 seconds
[2025-06-25T21:10:33.937-0400] {processor.py:161} INFO - Started process (PID=68613) to work on /opt/anaconda3/envs/airflow_env/lib/python3.10/site-packages/airflow/example_dags/example_dynamic_task_mapping.py
[2025-06-25T21:10:33.937-0400] {processor.py:830} INFO - Processing file /opt/anaconda3/envs/airflow_env/lib/python3.10/site-packages/airflow/example_dags/example_dynamic_task_mapping.py for tasks to queue
[2025-06-25T21:10:33.938-0400] {logging_mixin.py:188} INFO - [2025-06-25T21:10:33.938-0400] {dagbag.py:545} INFO - Filling up the DagBag from /opt/anaconda3/envs/airflow_env/lib/python3.10/site-packages/airflow/example_dags/example_dynamic_task_mapping.py
[2025-06-25T21:10:33.952-0400] {processor.py:840} INFO - DAG(s) 'example_dynamic_task_mapping' retrieved from /opt/anaconda3/envs/airflow_env/lib/python3.10/site-packages/airflow/example_dags/example_dynamic_task_mapping.py
[2025-06-25T21:10:33.990-0400] {logging_mixin.py:188} INFO - [2025-06-25T21:10:33.989-0400] {dag.py:3096} INFO - Sync 1 DAGs
[2025-06-25T21:10:34.025-0400] {logging_mixin.py:188} INFO - [2025-06-25T21:10:34.025-0400] {dag.py:3954} INFO - Setting next_dagrun for example_dynamic_task_mapping to 2022-03-04 00:00:00+00:00, run_after=2022-03-05 00:00:00+00:00
[2025-06-25T21:10:34.033-0400] {processor.py:183} INFO - Processing /opt/anaconda3/envs/airflow_env/lib/python3.10/site-packages/airflow/example_dags/example_dynamic_task_mapping.py took 0.099 seconds
[2025-06-25T21:12:04.341-0400] {processor.py:161} INFO - Started process (PID=68837) to work on /opt/anaconda3/envs/airflow_env/lib/python3.10/site-packages/airflow/example_dags/example_dynamic_task_mapping.py
[2025-06-25T21:12:04.342-0400] {processor.py:830} INFO - Processing file /opt/anaconda3/envs/airflow_env/lib/python3.10/site-packages/airflow/example_dags/example_dynamic_task_mapping.py for tasks to queue
[2025-06-25T21:12:04.342-0400] {logging_mixin.py:188} INFO - [2025-06-25T21:12:04.342-0400] {dagbag.py:545} INFO - Filling up the DagBag from /opt/anaconda3/envs/airflow_env/lib/python3.10/site-packages/airflow/example_dags/example_dynamic_task_mapping.py
[2025-06-25T21:12:04.361-0400] {processor.py:840} INFO - DAG(s) 'example_dynamic_task_mapping' retrieved from /opt/anaconda3/envs/airflow_env/lib/python3.10/site-packages/airflow/example_dags/example_dynamic_task_mapping.py
[2025-06-25T21:12:04.415-0400] {logging_mixin.py:188} INFO - [2025-06-25T21:12:04.415-0400] {dag.py:3096} INFO - Sync 1 DAGs
[2025-06-25T21:12:04.455-0400] {logging_mixin.py:188} INFO - [2025-06-25T21:12:04.455-0400] {dag.py:3954} INFO - Setting next_dagrun for example_dynamic_task_mapping to 2022-03-04 00:00:00+00:00, run_after=2022-03-05 00:00:00+00:00
[2025-06-25T21:12:04.462-0400] {processor.py:183} INFO - Processing /opt/anaconda3/envs/airflow_env/lib/python3.10/site-packages/airflow/example_dags/example_dynamic_task_mapping.py took 0.123 seconds
[2025-06-25T21:12:36.571-0400] {processor.py:161} INFO - Started process (PID=68884) to work on /opt/anaconda3/envs/airflow_env/lib/python3.10/site-packages/airflow/example_dags/example_dynamic_task_mapping.py
[2025-06-25T21:12:36.572-0400] {processor.py:830} INFO - Processing file /opt/anaconda3/envs/airflow_env/lib/python3.10/site-packages/airflow/example_dags/example_dynamic_task_mapping.py for tasks to queue
[2025-06-25T21:12:36.572-0400] {logging_mixin.py:188} INFO - [2025-06-25T21:12:36.572-0400] {dagbag.py:545} INFO - Filling up the DagBag from /opt/anaconda3/envs/airflow_env/lib/python3.10/site-packages/airflow/example_dags/example_dynamic_task_mapping.py
[2025-06-25T21:12:36.589-0400] {processor.py:840} INFO - DAG(s) 'example_dynamic_task_mapping' retrieved from /opt/anaconda3/envs/airflow_env/lib/python3.10/site-packages/airflow/example_dags/example_dynamic_task_mapping.py
[2025-06-25T21:12:36.630-0400] {logging_mixin.py:188} INFO - [2025-06-25T21:12:36.630-0400] {dag.py:3096} INFO - Sync 1 DAGs
[2025-06-25T21:12:36.664-0400] {logging_mixin.py:188} INFO - [2025-06-25T21:12:36.663-0400] {dag.py:3954} INFO - Setting next_dagrun for example_dynamic_task_mapping to 2022-03-04 00:00:00+00:00, run_after=2022-03-05 00:00:00+00:00
[2025-06-25T21:12:36.671-0400] {processor.py:183} INFO - Processing /opt/anaconda3/envs/airflow_env/lib/python3.10/site-packages/airflow/example_dags/example_dynamic_task_mapping.py took 0.103 seconds
[2025-06-25T21:14:00.466-0400] {processor.py:161} INFO - Started process (PID=69027) to work on /opt/anaconda3/envs/airflow_env/lib/python3.10/site-packages/airflow/example_dags/example_dynamic_task_mapping.py
[2025-06-25T21:14:00.467-0400] {processor.py:830} INFO - Processing file /opt/anaconda3/envs/airflow_env/lib/python3.10/site-packages/airflow/example_dags/example_dynamic_task_mapping.py for tasks to queue
[2025-06-25T21:14:00.467-0400] {logging_mixin.py:188} INFO - [2025-06-25T21:14:00.467-0400] {dagbag.py:545} INFO - Filling up the DagBag from /opt/anaconda3/envs/airflow_env/lib/python3.10/site-packages/airflow/example_dags/example_dynamic_task_mapping.py
[2025-06-25T21:14:00.481-0400] {processor.py:840} INFO - DAG(s) 'example_dynamic_task_mapping' retrieved from /opt/anaconda3/envs/airflow_env/lib/python3.10/site-packages/airflow/example_dags/example_dynamic_task_mapping.py
[2025-06-25T21:14:00.517-0400] {logging_mixin.py:188} INFO - [2025-06-25T21:14:00.517-0400] {dag.py:3096} INFO - Sync 1 DAGs
[2025-06-25T21:14:00.549-0400] {logging_mixin.py:188} INFO - [2025-06-25T21:14:00.548-0400] {dag.py:3954} INFO - Setting next_dagrun for example_dynamic_task_mapping to 2022-03-04 00:00:00+00:00, run_after=2022-03-05 00:00:00+00:00
[2025-06-25T21:14:00.556-0400] {processor.py:183} INFO - Processing /opt/anaconda3/envs/airflow_env/lib/python3.10/site-packages/airflow/example_dags/example_dynamic_task_mapping.py took 0.092 seconds
[2025-06-25T21:14:35.560-0400] {processor.py:161} INFO - Started process (PID=69098) to work on /opt/anaconda3/envs/airflow_env/lib/python3.10/site-packages/airflow/example_dags/example_dynamic_task_mapping.py
[2025-06-25T21:14:35.562-0400] {processor.py:830} INFO - Processing file /opt/anaconda3/envs/airflow_env/lib/python3.10/site-packages/airflow/example_dags/example_dynamic_task_mapping.py for tasks to queue
[2025-06-25T21:14:35.562-0400] {logging_mixin.py:188} INFO - [2025-06-25T21:14:35.562-0400] {dagbag.py:545} INFO - Filling up the DagBag from /opt/anaconda3/envs/airflow_env/lib/python3.10/site-packages/airflow/example_dags/example_dynamic_task_mapping.py
[2025-06-25T21:14:35.575-0400] {processor.py:840} INFO - DAG(s) 'example_dynamic_task_mapping' retrieved from /opt/anaconda3/envs/airflow_env/lib/python3.10/site-packages/airflow/example_dags/example_dynamic_task_mapping.py
[2025-06-25T21:14:35.610-0400] {logging_mixin.py:188} INFO - [2025-06-25T21:14:35.610-0400] {dag.py:3096} INFO - Sync 1 DAGs
[2025-06-25T21:14:35.638-0400] {logging_mixin.py:188} INFO - [2025-06-25T21:14:35.638-0400] {dag.py:3954} INFO - Setting next_dagrun for example_dynamic_task_mapping to 2022-03-04 00:00:00+00:00, run_after=2022-03-05 00:00:00+00:00
[2025-06-25T21:14:35.647-0400] {processor.py:183} INFO - Processing /opt/anaconda3/envs/airflow_env/lib/python3.10/site-packages/airflow/example_dags/example_dynamic_task_mapping.py took 0.088 seconds
[2025-06-25T21:15:49.397-0400] {processor.py:161} INFO - Started process (PID=69225) to work on /opt/anaconda3/envs/airflow_env/lib/python3.10/site-packages/airflow/example_dags/example_dynamic_task_mapping.py
[2025-06-25T21:15:49.397-0400] {processor.py:830} INFO - Processing file /opt/anaconda3/envs/airflow_env/lib/python3.10/site-packages/airflow/example_dags/example_dynamic_task_mapping.py for tasks to queue
[2025-06-25T21:15:49.397-0400] {logging_mixin.py:188} INFO - [2025-06-25T21:15:49.397-0400] {dagbag.py:545} INFO - Filling up the DagBag from /opt/anaconda3/envs/airflow_env/lib/python3.10/site-packages/airflow/example_dags/example_dynamic_task_mapping.py
[2025-06-25T21:15:49.418-0400] {processor.py:840} INFO - DAG(s) 'example_dynamic_task_mapping' retrieved from /opt/anaconda3/envs/airflow_env/lib/python3.10/site-packages/airflow/example_dags/example_dynamic_task_mapping.py
[2025-06-25T21:15:49.459-0400] {logging_mixin.py:188} INFO - [2025-06-25T21:15:49.459-0400] {dag.py:3096} INFO - Sync 1 DAGs
[2025-06-25T21:15:49.490-0400] {logging_mixin.py:188} INFO - [2025-06-25T21:15:49.490-0400] {dag.py:3954} INFO - Setting next_dagrun for example_dynamic_task_mapping to 2022-03-04 00:00:00+00:00, run_after=2022-03-05 00:00:00+00:00
[2025-06-25T21:15:49.498-0400] {processor.py:183} INFO - Processing /opt/anaconda3/envs/airflow_env/lib/python3.10/site-packages/airflow/example_dags/example_dynamic_task_mapping.py took 0.103 seconds
[2025-06-25T21:16:16.104-0400] {processor.py:161} INFO - Started process (PID=69262) to work on /opt/anaconda3/envs/airflow_env/lib/python3.10/site-packages/airflow/example_dags/example_dynamic_task_mapping.py
[2025-06-25T21:16:16.105-0400] {processor.py:830} INFO - Processing file /opt/anaconda3/envs/airflow_env/lib/python3.10/site-packages/airflow/example_dags/example_dynamic_task_mapping.py for tasks to queue
[2025-06-25T21:16:16.105-0400] {logging_mixin.py:188} INFO - [2025-06-25T21:16:16.105-0400] {dagbag.py:545} INFO - Filling up the DagBag from /opt/anaconda3/envs/airflow_env/lib/python3.10/site-packages/airflow/example_dags/example_dynamic_task_mapping.py
[2025-06-25T21:16:16.118-0400] {processor.py:840} INFO - DAG(s) 'example_dynamic_task_mapping' retrieved from /opt/anaconda3/envs/airflow_env/lib/python3.10/site-packages/airflow/example_dags/example_dynamic_task_mapping.py
[2025-06-25T21:16:16.149-0400] {logging_mixin.py:188} INFO - [2025-06-25T21:16:16.149-0400] {dag.py:3096} INFO - Sync 1 DAGs
[2025-06-25T21:16:16.178-0400] {logging_mixin.py:188} INFO - [2025-06-25T21:16:16.177-0400] {dag.py:3954} INFO - Setting next_dagrun for example_dynamic_task_mapping to 2022-03-04 00:00:00+00:00, run_after=2022-03-05 00:00:00+00:00
[2025-06-25T21:16:16.184-0400] {processor.py:183} INFO - Processing /opt/anaconda3/envs/airflow_env/lib/python3.10/site-packages/airflow/example_dags/example_dynamic_task_mapping.py took 0.082 seconds
[2025-06-25T21:19:20.507-0400] {processor.py:161} INFO - Started process (PID=69445) to work on /opt/anaconda3/envs/airflow_env/lib/python3.10/site-packages/airflow/example_dags/example_dynamic_task_mapping.py
[2025-06-25T21:19:20.508-0400] {processor.py:830} INFO - Processing file /opt/anaconda3/envs/airflow_env/lib/python3.10/site-packages/airflow/example_dags/example_dynamic_task_mapping.py for tasks to queue
[2025-06-25T21:19:20.508-0400] {logging_mixin.py:188} INFO - [2025-06-25T21:19:20.508-0400] {dagbag.py:545} INFO - Filling up the DagBag from /opt/anaconda3/envs/airflow_env/lib/python3.10/site-packages/airflow/example_dags/example_dynamic_task_mapping.py
[2025-06-25T21:19:20.526-0400] {processor.py:840} INFO - DAG(s) 'example_dynamic_task_mapping' retrieved from /opt/anaconda3/envs/airflow_env/lib/python3.10/site-packages/airflow/example_dags/example_dynamic_task_mapping.py
[2025-06-25T21:19:20.564-0400] {logging_mixin.py:188} INFO - [2025-06-25T21:19:20.564-0400] {dag.py:3096} INFO - Sync 1 DAGs
[2025-06-25T21:19:20.595-0400] {logging_mixin.py:188} INFO - [2025-06-25T21:19:20.595-0400] {dag.py:3954} INFO - Setting next_dagrun for example_dynamic_task_mapping to 2022-03-04 00:00:00+00:00, run_after=2022-03-05 00:00:00+00:00
[2025-06-25T21:19:20.602-0400] {processor.py:183} INFO - Processing /opt/anaconda3/envs/airflow_env/lib/python3.10/site-packages/airflow/example_dags/example_dynamic_task_mapping.py took 0.097 seconds
[2025-06-25T21:20:05.476-0400] {processor.py:161} INFO - Started process (PID=69529) to work on /opt/anaconda3/envs/airflow_env/lib/python3.10/site-packages/airflow/example_dags/example_dynamic_task_mapping.py
[2025-06-25T21:20:05.477-0400] {processor.py:830} INFO - Processing file /opt/anaconda3/envs/airflow_env/lib/python3.10/site-packages/airflow/example_dags/example_dynamic_task_mapping.py for tasks to queue
[2025-06-25T21:20:05.477-0400] {logging_mixin.py:188} INFO - [2025-06-25T21:20:05.477-0400] {dagbag.py:545} INFO - Filling up the DagBag from /opt/anaconda3/envs/airflow_env/lib/python3.10/site-packages/airflow/example_dags/example_dynamic_task_mapping.py
[2025-06-25T21:20:05.495-0400] {processor.py:840} INFO - DAG(s) 'example_dynamic_task_mapping' retrieved from /opt/anaconda3/envs/airflow_env/lib/python3.10/site-packages/airflow/example_dags/example_dynamic_task_mapping.py
[2025-06-25T21:20:05.534-0400] {logging_mixin.py:188} INFO - [2025-06-25T21:20:05.534-0400] {dag.py:3096} INFO - Sync 1 DAGs
[2025-06-25T21:20:05.568-0400] {logging_mixin.py:188} INFO - [2025-06-25T21:20:05.568-0400] {dag.py:3954} INFO - Setting next_dagrun for example_dynamic_task_mapping to 2022-03-04 00:00:00+00:00, run_after=2022-03-05 00:00:00+00:00
[2025-06-25T21:20:05.576-0400] {processor.py:183} INFO - Processing /opt/anaconda3/envs/airflow_env/lib/python3.10/site-packages/airflow/example_dags/example_dynamic_task_mapping.py took 0.102 seconds
[2025-06-25T21:21:17.706-0400] {processor.py:161} INFO - Started process (PID=69654) to work on /opt/anaconda3/envs/airflow_env/lib/python3.10/site-packages/airflow/example_dags/example_dynamic_task_mapping.py
[2025-06-25T21:21:17.706-0400] {processor.py:830} INFO - Processing file /opt/anaconda3/envs/airflow_env/lib/python3.10/site-packages/airflow/example_dags/example_dynamic_task_mapping.py for tasks to queue
[2025-06-25T21:21:17.707-0400] {logging_mixin.py:188} INFO - [2025-06-25T21:21:17.707-0400] {dagbag.py:545} INFO - Filling up the DagBag from /opt/anaconda3/envs/airflow_env/lib/python3.10/site-packages/airflow/example_dags/example_dynamic_task_mapping.py
[2025-06-25T21:21:17.722-0400] {processor.py:840} INFO - DAG(s) 'example_dynamic_task_mapping' retrieved from /opt/anaconda3/envs/airflow_env/lib/python3.10/site-packages/airflow/example_dags/example_dynamic_task_mapping.py
[2025-06-25T21:21:17.769-0400] {logging_mixin.py:188} INFO - [2025-06-25T21:21:17.769-0400] {dag.py:3096} INFO - Sync 1 DAGs
[2025-06-25T21:21:17.808-0400] {logging_mixin.py:188} INFO - [2025-06-25T21:21:17.808-0400] {dag.py:3954} INFO - Setting next_dagrun for example_dynamic_task_mapping to 2022-03-04 00:00:00+00:00, run_after=2022-03-05 00:00:00+00:00
[2025-06-25T21:21:17.818-0400] {processor.py:183} INFO - Processing /opt/anaconda3/envs/airflow_env/lib/python3.10/site-packages/airflow/example_dags/example_dynamic_task_mapping.py took 0.115 seconds
[2025-06-25T21:22:01.060-0400] {processor.py:161} INFO - Started process (PID=69711) to work on /opt/anaconda3/envs/airflow_env/lib/python3.10/site-packages/airflow/example_dags/example_dynamic_task_mapping.py
[2025-06-25T21:22:01.062-0400] {processor.py:830} INFO - Processing file /opt/anaconda3/envs/airflow_env/lib/python3.10/site-packages/airflow/example_dags/example_dynamic_task_mapping.py for tasks to queue
[2025-06-25T21:22:01.062-0400] {logging_mixin.py:188} INFO - [2025-06-25T21:22:01.062-0400] {dagbag.py:545} INFO - Filling up the DagBag from /opt/anaconda3/envs/airflow_env/lib/python3.10/site-packages/airflow/example_dags/example_dynamic_task_mapping.py
[2025-06-25T21:22:01.078-0400] {processor.py:840} INFO - DAG(s) 'example_dynamic_task_mapping' retrieved from /opt/anaconda3/envs/airflow_env/lib/python3.10/site-packages/airflow/example_dags/example_dynamic_task_mapping.py
[2025-06-25T21:22:01.116-0400] {logging_mixin.py:188} INFO - [2025-06-25T21:22:01.116-0400] {dag.py:3096} INFO - Sync 1 DAGs
[2025-06-25T21:22:01.150-0400] {logging_mixin.py:188} INFO - [2025-06-25T21:22:01.149-0400] {dag.py:3954} INFO - Setting next_dagrun for example_dynamic_task_mapping to 2022-03-04 00:00:00+00:00, run_after=2022-03-05 00:00:00+00:00
[2025-06-25T21:22:01.157-0400] {processor.py:183} INFO - Processing /opt/anaconda3/envs/airflow_env/lib/python3.10/site-packages/airflow/example_dags/example_dynamic_task_mapping.py took 0.099 seconds
[2025-06-25T21:23:16.162-0400] {processor.py:161} INFO - Started process (PID=69830) to work on /opt/anaconda3/envs/airflow_env/lib/python3.10/site-packages/airflow/example_dags/example_dynamic_task_mapping.py
[2025-06-25T21:23:16.163-0400] {processor.py:830} INFO - Processing file /opt/anaconda3/envs/airflow_env/lib/python3.10/site-packages/airflow/example_dags/example_dynamic_task_mapping.py for tasks to queue
[2025-06-25T21:23:16.163-0400] {logging_mixin.py:188} INFO - [2025-06-25T21:23:16.163-0400] {dagbag.py:545} INFO - Filling up the DagBag from /opt/anaconda3/envs/airflow_env/lib/python3.10/site-packages/airflow/example_dags/example_dynamic_task_mapping.py
[2025-06-25T21:23:16.185-0400] {processor.py:840} INFO - DAG(s) 'example_dynamic_task_mapping' retrieved from /opt/anaconda3/envs/airflow_env/lib/python3.10/site-packages/airflow/example_dags/example_dynamic_task_mapping.py
[2025-06-25T21:23:16.226-0400] {logging_mixin.py:188} INFO - [2025-06-25T21:23:16.225-0400] {dag.py:3096} INFO - Sync 1 DAGs
[2025-06-25T21:23:16.271-0400] {logging_mixin.py:188} INFO - [2025-06-25T21:23:16.271-0400] {dag.py:3954} INFO - Setting next_dagrun for example_dynamic_task_mapping to 2022-03-04 00:00:00+00:00, run_after=2022-03-05 00:00:00+00:00
[2025-06-25T21:23:16.279-0400] {processor.py:183} INFO - Processing /opt/anaconda3/envs/airflow_env/lib/python3.10/site-packages/airflow/example_dags/example_dynamic_task_mapping.py took 0.119 seconds
[2025-06-25T21:24:03.397-0400] {processor.py:161} INFO - Started process (PID=69901) to work on /opt/anaconda3/envs/airflow_env/lib/python3.10/site-packages/airflow/example_dags/example_dynamic_task_mapping.py
[2025-06-25T21:24:03.398-0400] {processor.py:830} INFO - Processing file /opt/anaconda3/envs/airflow_env/lib/python3.10/site-packages/airflow/example_dags/example_dynamic_task_mapping.py for tasks to queue
[2025-06-25T21:24:03.398-0400] {logging_mixin.py:188} INFO - [2025-06-25T21:24:03.398-0400] {dagbag.py:545} INFO - Filling up the DagBag from /opt/anaconda3/envs/airflow_env/lib/python3.10/site-packages/airflow/example_dags/example_dynamic_task_mapping.py
[2025-06-25T21:24:03.413-0400] {processor.py:840} INFO - DAG(s) 'example_dynamic_task_mapping' retrieved from /opt/anaconda3/envs/airflow_env/lib/python3.10/site-packages/airflow/example_dags/example_dynamic_task_mapping.py
[2025-06-25T21:24:03.452-0400] {logging_mixin.py:188} INFO - [2025-06-25T21:24:03.451-0400] {dag.py:3096} INFO - Sync 1 DAGs
[2025-06-25T21:24:03.482-0400] {logging_mixin.py:188} INFO - [2025-06-25T21:24:03.482-0400] {dag.py:3954} INFO - Setting next_dagrun for example_dynamic_task_mapping to 2022-03-04 00:00:00+00:00, run_after=2022-03-05 00:00:00+00:00
[2025-06-25T21:24:03.490-0400] {processor.py:183} INFO - Processing /opt/anaconda3/envs/airflow_env/lib/python3.10/site-packages/airflow/example_dags/example_dynamic_task_mapping.py took 0.095 seconds
[2025-06-25T21:25:16.378-0400] {processor.py:161} INFO - Started process (PID=70017) to work on /opt/anaconda3/envs/airflow_env/lib/python3.10/site-packages/airflow/example_dags/example_dynamic_task_mapping.py
[2025-06-25T21:25:16.379-0400] {processor.py:830} INFO - Processing file /opt/anaconda3/envs/airflow_env/lib/python3.10/site-packages/airflow/example_dags/example_dynamic_task_mapping.py for tasks to queue
[2025-06-25T21:25:16.379-0400] {logging_mixin.py:188} INFO - [2025-06-25T21:25:16.379-0400] {dagbag.py:545} INFO - Filling up the DagBag from /opt/anaconda3/envs/airflow_env/lib/python3.10/site-packages/airflow/example_dags/example_dynamic_task_mapping.py
[2025-06-25T21:25:16.393-0400] {processor.py:840} INFO - DAG(s) 'example_dynamic_task_mapping' retrieved from /opt/anaconda3/envs/airflow_env/lib/python3.10/site-packages/airflow/example_dags/example_dynamic_task_mapping.py
[2025-06-25T21:25:16.432-0400] {logging_mixin.py:188} INFO - [2025-06-25T21:25:16.431-0400] {dag.py:3096} INFO - Sync 1 DAGs
[2025-06-25T21:25:16.480-0400] {logging_mixin.py:188} INFO - [2025-06-25T21:25:16.480-0400] {dag.py:3954} INFO - Setting next_dagrun for example_dynamic_task_mapping to 2022-03-04 00:00:00+00:00, run_after=2022-03-05 00:00:00+00:00
[2025-06-25T21:25:16.489-0400] {processor.py:183} INFO - Processing /opt/anaconda3/envs/airflow_env/lib/python3.10/site-packages/airflow/example_dags/example_dynamic_task_mapping.py took 0.113 seconds
[2025-06-25T21:25:57.828-0400] {processor.py:161} INFO - Started process (PID=70090) to work on /opt/anaconda3/envs/airflow_env/lib/python3.10/site-packages/airflow/example_dags/example_dynamic_task_mapping.py
[2025-06-25T21:25:57.828-0400] {processor.py:830} INFO - Processing file /opt/anaconda3/envs/airflow_env/lib/python3.10/site-packages/airflow/example_dags/example_dynamic_task_mapping.py for tasks to queue
[2025-06-25T21:25:57.828-0400] {logging_mixin.py:188} INFO - [2025-06-25T21:25:57.828-0400] {dagbag.py:545} INFO - Filling up the DagBag from /opt/anaconda3/envs/airflow_env/lib/python3.10/site-packages/airflow/example_dags/example_dynamic_task_mapping.py
[2025-06-25T21:25:57.844-0400] {processor.py:840} INFO - DAG(s) 'example_dynamic_task_mapping' retrieved from /opt/anaconda3/envs/airflow_env/lib/python3.10/site-packages/airflow/example_dags/example_dynamic_task_mapping.py
[2025-06-25T21:25:57.879-0400] {logging_mixin.py:188} INFO - [2025-06-25T21:25:57.878-0400] {dag.py:3096} INFO - Sync 1 DAGs
[2025-06-25T21:25:57.908-0400] {logging_mixin.py:188} INFO - [2025-06-25T21:25:57.908-0400] {dag.py:3954} INFO - Setting next_dagrun for example_dynamic_task_mapping to 2022-03-04 00:00:00+00:00, run_after=2022-03-05 00:00:00+00:00
[2025-06-25T21:25:57.915-0400] {processor.py:183} INFO - Processing /opt/anaconda3/envs/airflow_env/lib/python3.10/site-packages/airflow/example_dags/example_dynamic_task_mapping.py took 0.090 seconds
[2025-06-25T21:27:16.030-0400] {processor.py:161} INFO - Started process (PID=70199) to work on /opt/anaconda3/envs/airflow_env/lib/python3.10/site-packages/airflow/example_dags/example_dynamic_task_mapping.py
[2025-06-25T21:27:16.031-0400] {processor.py:830} INFO - Processing file /opt/anaconda3/envs/airflow_env/lib/python3.10/site-packages/airflow/example_dags/example_dynamic_task_mapping.py for tasks to queue
[2025-06-25T21:27:16.031-0400] {logging_mixin.py:188} INFO - [2025-06-25T21:27:16.031-0400] {dagbag.py:545} INFO - Filling up the DagBag from /opt/anaconda3/envs/airflow_env/lib/python3.10/site-packages/airflow/example_dags/example_dynamic_task_mapping.py
[2025-06-25T21:27:16.045-0400] {processor.py:840} INFO - DAG(s) 'example_dynamic_task_mapping' retrieved from /opt/anaconda3/envs/airflow_env/lib/python3.10/site-packages/airflow/example_dags/example_dynamic_task_mapping.py
[2025-06-25T21:27:16.079-0400] {logging_mixin.py:188} INFO - [2025-06-25T21:27:16.079-0400] {dag.py:3096} INFO - Sync 1 DAGs
[2025-06-25T21:27:16.107-0400] {logging_mixin.py:188} INFO - [2025-06-25T21:27:16.107-0400] {dag.py:3954} INFO - Setting next_dagrun for example_dynamic_task_mapping to 2022-03-04 00:00:00+00:00, run_after=2022-03-05 00:00:00+00:00
[2025-06-25T21:27:16.114-0400] {processor.py:183} INFO - Processing /opt/anaconda3/envs/airflow_env/lib/python3.10/site-packages/airflow/example_dags/example_dynamic_task_mapping.py took 0.085 seconds
[2025-06-25T21:27:54.012-0400] {processor.py:161} INFO - Started process (PID=70267) to work on /opt/anaconda3/envs/airflow_env/lib/python3.10/site-packages/airflow/example_dags/example_dynamic_task_mapping.py
[2025-06-25T21:27:54.012-0400] {processor.py:830} INFO - Processing file /opt/anaconda3/envs/airflow_env/lib/python3.10/site-packages/airflow/example_dags/example_dynamic_task_mapping.py for tasks to queue
[2025-06-25T21:27:54.013-0400] {logging_mixin.py:188} INFO - [2025-06-25T21:27:54.012-0400] {dagbag.py:545} INFO - Filling up the DagBag from /opt/anaconda3/envs/airflow_env/lib/python3.10/site-packages/airflow/example_dags/example_dynamic_task_mapping.py
[2025-06-25T21:27:54.027-0400] {processor.py:840} INFO - DAG(s) 'example_dynamic_task_mapping' retrieved from /opt/anaconda3/envs/airflow_env/lib/python3.10/site-packages/airflow/example_dags/example_dynamic_task_mapping.py
[2025-06-25T21:27:54.062-0400] {logging_mixin.py:188} INFO - [2025-06-25T21:27:54.062-0400] {dag.py:3096} INFO - Sync 1 DAGs
[2025-06-25T21:27:54.092-0400] {logging_mixin.py:188} INFO - [2025-06-25T21:27:54.092-0400] {dag.py:3954} INFO - Setting next_dagrun for example_dynamic_task_mapping to 2022-03-04 00:00:00+00:00, run_after=2022-03-05 00:00:00+00:00
[2025-06-25T21:27:54.099-0400] {processor.py:183} INFO - Processing /opt/anaconda3/envs/airflow_env/lib/python3.10/site-packages/airflow/example_dags/example_dynamic_task_mapping.py took 0.089 seconds
[2025-06-25T21:29:19.645-0400] {processor.py:161} INFO - Started process (PID=70415) to work on /opt/anaconda3/envs/airflow_env/lib/python3.10/site-packages/airflow/example_dags/example_dynamic_task_mapping.py
[2025-06-25T21:29:19.645-0400] {processor.py:830} INFO - Processing file /opt/anaconda3/envs/airflow_env/lib/python3.10/site-packages/airflow/example_dags/example_dynamic_task_mapping.py for tasks to queue
[2025-06-25T21:29:19.646-0400] {logging_mixin.py:188} INFO - [2025-06-25T21:29:19.646-0400] {dagbag.py:545} INFO - Filling up the DagBag from /opt/anaconda3/envs/airflow_env/lib/python3.10/site-packages/airflow/example_dags/example_dynamic_task_mapping.py
[2025-06-25T21:29:19.668-0400] {processor.py:840} INFO - DAG(s) 'example_dynamic_task_mapping' retrieved from /opt/anaconda3/envs/airflow_env/lib/python3.10/site-packages/airflow/example_dags/example_dynamic_task_mapping.py
[2025-06-25T21:29:19.708-0400] {logging_mixin.py:188} INFO - [2025-06-25T21:29:19.708-0400] {dag.py:3096} INFO - Sync 1 DAGs
[2025-06-25T21:29:19.750-0400] {logging_mixin.py:188} INFO - [2025-06-25T21:29:19.750-0400] {dag.py:3954} INFO - Setting next_dagrun for example_dynamic_task_mapping to 2022-03-04 00:00:00+00:00, run_after=2022-03-05 00:00:00+00:00
[2025-06-25T21:29:19.761-0400] {processor.py:183} INFO - Processing /opt/anaconda3/envs/airflow_env/lib/python3.10/site-packages/airflow/example_dags/example_dynamic_task_mapping.py took 0.119 seconds
[2025-06-25T21:29:56.204-0400] {processor.py:161} INFO - Started process (PID=70466) to work on /opt/anaconda3/envs/airflow_env/lib/python3.10/site-packages/airflow/example_dags/example_dynamic_task_mapping.py
[2025-06-25T21:29:56.206-0400] {processor.py:830} INFO - Processing file /opt/anaconda3/envs/airflow_env/lib/python3.10/site-packages/airflow/example_dags/example_dynamic_task_mapping.py for tasks to queue
[2025-06-25T21:29:56.206-0400] {logging_mixin.py:188} INFO - [2025-06-25T21:29:56.206-0400] {dagbag.py:545} INFO - Filling up the DagBag from /opt/anaconda3/envs/airflow_env/lib/python3.10/site-packages/airflow/example_dags/example_dynamic_task_mapping.py
[2025-06-25T21:29:56.219-0400] {processor.py:840} INFO - DAG(s) 'example_dynamic_task_mapping' retrieved from /opt/anaconda3/envs/airflow_env/lib/python3.10/site-packages/airflow/example_dags/example_dynamic_task_mapping.py
[2025-06-25T21:29:56.251-0400] {logging_mixin.py:188} INFO - [2025-06-25T21:29:56.251-0400] {dag.py:3096} INFO - Sync 1 DAGs
[2025-06-25T21:29:56.277-0400] {logging_mixin.py:188} INFO - [2025-06-25T21:29:56.277-0400] {dag.py:3954} INFO - Setting next_dagrun for example_dynamic_task_mapping to 2022-03-04 00:00:00+00:00, run_after=2022-03-05 00:00:00+00:00
[2025-06-25T21:29:56.284-0400] {processor.py:183} INFO - Processing /opt/anaconda3/envs/airflow_env/lib/python3.10/site-packages/airflow/example_dags/example_dynamic_task_mapping.py took 0.082 seconds
[2025-06-25T21:31:11.596-0400] {processor.py:161} INFO - Started process (PID=70579) to work on /opt/anaconda3/envs/airflow_env/lib/python3.10/site-packages/airflow/example_dags/example_dynamic_task_mapping.py
[2025-06-25T21:31:11.597-0400] {processor.py:830} INFO - Processing file /opt/anaconda3/envs/airflow_env/lib/python3.10/site-packages/airflow/example_dags/example_dynamic_task_mapping.py for tasks to queue
[2025-06-25T21:31:11.597-0400] {logging_mixin.py:188} INFO - [2025-06-25T21:31:11.597-0400] {dagbag.py:545} INFO - Filling up the DagBag from /opt/anaconda3/envs/airflow_env/lib/python3.10/site-packages/airflow/example_dags/example_dynamic_task_mapping.py
[2025-06-25T21:31:11.620-0400] {processor.py:840} INFO - DAG(s) 'example_dynamic_task_mapping' retrieved from /opt/anaconda3/envs/airflow_env/lib/python3.10/site-packages/airflow/example_dags/example_dynamic_task_mapping.py
[2025-06-25T21:31:11.679-0400] {logging_mixin.py:188} INFO - [2025-06-25T21:31:11.679-0400] {dag.py:3096} INFO - Sync 1 DAGs
[2025-06-25T21:31:11.715-0400] {logging_mixin.py:188} INFO - [2025-06-25T21:31:11.715-0400] {dag.py:3954} INFO - Setting next_dagrun for example_dynamic_task_mapping to 2022-03-04 00:00:00+00:00, run_after=2022-03-05 00:00:00+00:00
[2025-06-25T21:31:11.724-0400] {processor.py:183} INFO - Processing /opt/anaconda3/envs/airflow_env/lib/python3.10/site-packages/airflow/example_dags/example_dynamic_task_mapping.py took 0.131 seconds
[2025-06-25T21:31:52.201-0400] {processor.py:161} INFO - Started process (PID=70647) to work on /opt/anaconda3/envs/airflow_env/lib/python3.10/site-packages/airflow/example_dags/example_dynamic_task_mapping.py
[2025-06-25T21:31:52.203-0400] {processor.py:830} INFO - Processing file /opt/anaconda3/envs/airflow_env/lib/python3.10/site-packages/airflow/example_dags/example_dynamic_task_mapping.py for tasks to queue
[2025-06-25T21:31:52.203-0400] {logging_mixin.py:188} INFO - [2025-06-25T21:31:52.203-0400] {dagbag.py:545} INFO - Filling up the DagBag from /opt/anaconda3/envs/airflow_env/lib/python3.10/site-packages/airflow/example_dags/example_dynamic_task_mapping.py
[2025-06-25T21:31:52.218-0400] {processor.py:840} INFO - DAG(s) 'example_dynamic_task_mapping' retrieved from /opt/anaconda3/envs/airflow_env/lib/python3.10/site-packages/airflow/example_dags/example_dynamic_task_mapping.py
[2025-06-25T21:31:52.265-0400] {logging_mixin.py:188} INFO - [2025-06-25T21:31:52.265-0400] {dag.py:3096} INFO - Sync 1 DAGs
[2025-06-25T21:31:52.315-0400] {logging_mixin.py:188} INFO - [2025-06-25T21:31:52.314-0400] {dag.py:3954} INFO - Setting next_dagrun for example_dynamic_task_mapping to 2022-03-04 00:00:00+00:00, run_after=2022-03-05 00:00:00+00:00
[2025-06-25T21:31:52.323-0400] {processor.py:183} INFO - Processing /opt/anaconda3/envs/airflow_env/lib/python3.10/site-packages/airflow/example_dags/example_dynamic_task_mapping.py took 0.124 seconds
[2025-06-25T21:33:07.101-0400] {processor.py:161} INFO - Started process (PID=70755) to work on /opt/anaconda3/envs/airflow_env/lib/python3.10/site-packages/airflow/example_dags/example_dynamic_task_mapping.py
[2025-06-25T21:33:07.101-0400] {processor.py:830} INFO - Processing file /opt/anaconda3/envs/airflow_env/lib/python3.10/site-packages/airflow/example_dags/example_dynamic_task_mapping.py for tasks to queue
[2025-06-25T21:33:07.102-0400] {logging_mixin.py:188} INFO - [2025-06-25T21:33:07.102-0400] {dagbag.py:545} INFO - Filling up the DagBag from /opt/anaconda3/envs/airflow_env/lib/python3.10/site-packages/airflow/example_dags/example_dynamic_task_mapping.py
[2025-06-25T21:33:07.115-0400] {processor.py:840} INFO - DAG(s) 'example_dynamic_task_mapping' retrieved from /opt/anaconda3/envs/airflow_env/lib/python3.10/site-packages/airflow/example_dags/example_dynamic_task_mapping.py
[2025-06-25T21:33:07.153-0400] {logging_mixin.py:188} INFO - [2025-06-25T21:33:07.153-0400] {dag.py:3096} INFO - Sync 1 DAGs
[2025-06-25T21:33:07.187-0400] {logging_mixin.py:188} INFO - [2025-06-25T21:33:07.187-0400] {dag.py:3954} INFO - Setting next_dagrun for example_dynamic_task_mapping to 2022-03-04 00:00:00+00:00, run_after=2022-03-05 00:00:00+00:00
[2025-06-25T21:33:07.194-0400] {processor.py:183} INFO - Processing /opt/anaconda3/envs/airflow_env/lib/python3.10/site-packages/airflow/example_dags/example_dynamic_task_mapping.py took 0.095 seconds
[2025-06-25T21:33:43.634-0400] {processor.py:161} INFO - Started process (PID=70809) to work on /opt/anaconda3/envs/airflow_env/lib/python3.10/site-packages/airflow/example_dags/example_dynamic_task_mapping.py
[2025-06-25T21:33:43.635-0400] {processor.py:830} INFO - Processing file /opt/anaconda3/envs/airflow_env/lib/python3.10/site-packages/airflow/example_dags/example_dynamic_task_mapping.py for tasks to queue
[2025-06-25T21:33:43.635-0400] {logging_mixin.py:188} INFO - [2025-06-25T21:33:43.635-0400] {dagbag.py:545} INFO - Filling up the DagBag from /opt/anaconda3/envs/airflow_env/lib/python3.10/site-packages/airflow/example_dags/example_dynamic_task_mapping.py
[2025-06-25T21:33:43.648-0400] {processor.py:840} INFO - DAG(s) 'example_dynamic_task_mapping' retrieved from /opt/anaconda3/envs/airflow_env/lib/python3.10/site-packages/airflow/example_dags/example_dynamic_task_mapping.py
[2025-06-25T21:33:43.679-0400] {logging_mixin.py:188} INFO - [2025-06-25T21:33:43.679-0400] {dag.py:3096} INFO - Sync 1 DAGs
[2025-06-25T21:33:43.705-0400] {logging_mixin.py:188} INFO - [2025-06-25T21:33:43.705-0400] {dag.py:3954} INFO - Setting next_dagrun for example_dynamic_task_mapping to 2022-03-04 00:00:00+00:00, run_after=2022-03-05 00:00:00+00:00
[2025-06-25T21:33:43.712-0400] {processor.py:183} INFO - Processing /opt/anaconda3/envs/airflow_env/lib/python3.10/site-packages/airflow/example_dags/example_dynamic_task_mapping.py took 0.079 seconds
[2025-06-25T21:34:52.419-0400] {processor.py:161} INFO - Started process (PID=70896) to work on /opt/anaconda3/envs/airflow_env/lib/python3.10/site-packages/airflow/example_dags/example_dynamic_task_mapping.py
[2025-06-25T21:34:52.420-0400] {processor.py:830} INFO - Processing file /opt/anaconda3/envs/airflow_env/lib/python3.10/site-packages/airflow/example_dags/example_dynamic_task_mapping.py for tasks to queue
[2025-06-25T21:34:52.420-0400] {logging_mixin.py:188} INFO - [2025-06-25T21:34:52.420-0400] {dagbag.py:545} INFO - Filling up the DagBag from /opt/anaconda3/envs/airflow_env/lib/python3.10/site-packages/airflow/example_dags/example_dynamic_task_mapping.py
[2025-06-25T21:34:52.434-0400] {processor.py:840} INFO - DAG(s) 'example_dynamic_task_mapping' retrieved from /opt/anaconda3/envs/airflow_env/lib/python3.10/site-packages/airflow/example_dags/example_dynamic_task_mapping.py
[2025-06-25T21:34:52.467-0400] {logging_mixin.py:188} INFO - [2025-06-25T21:34:52.467-0400] {dag.py:3096} INFO - Sync 1 DAGs
[2025-06-25T21:34:52.494-0400] {logging_mixin.py:188} INFO - [2025-06-25T21:34:52.494-0400] {dag.py:3954} INFO - Setting next_dagrun for example_dynamic_task_mapping to 2022-03-04 00:00:00+00:00, run_after=2022-03-05 00:00:00+00:00
[2025-06-25T21:34:52.500-0400] {processor.py:183} INFO - Processing /opt/anaconda3/envs/airflow_env/lib/python3.10/site-packages/airflow/example_dags/example_dynamic_task_mapping.py took 0.083 seconds
[2025-06-25T21:35:33.205-0400] {processor.py:161} INFO - Started process (PID=70960) to work on /opt/anaconda3/envs/airflow_env/lib/python3.10/site-packages/airflow/example_dags/example_dynamic_task_mapping.py
[2025-06-25T21:35:33.205-0400] {processor.py:830} INFO - Processing file /opt/anaconda3/envs/airflow_env/lib/python3.10/site-packages/airflow/example_dags/example_dynamic_task_mapping.py for tasks to queue
[2025-06-25T21:35:33.205-0400] {logging_mixin.py:188} INFO - [2025-06-25T21:35:33.205-0400] {dagbag.py:545} INFO - Filling up the DagBag from /opt/anaconda3/envs/airflow_env/lib/python3.10/site-packages/airflow/example_dags/example_dynamic_task_mapping.py
[2025-06-25T21:35:33.218-0400] {processor.py:840} INFO - DAG(s) 'example_dynamic_task_mapping' retrieved from /opt/anaconda3/envs/airflow_env/lib/python3.10/site-packages/airflow/example_dags/example_dynamic_task_mapping.py
[2025-06-25T21:35:33.249-0400] {logging_mixin.py:188} INFO - [2025-06-25T21:35:33.249-0400] {dag.py:3096} INFO - Sync 1 DAGs
[2025-06-25T21:35:33.273-0400] {logging_mixin.py:188} INFO - [2025-06-25T21:35:33.273-0400] {dag.py:3954} INFO - Setting next_dagrun for example_dynamic_task_mapping to 2022-03-04 00:00:00+00:00, run_after=2022-03-05 00:00:00+00:00
[2025-06-25T21:35:33.279-0400] {processor.py:183} INFO - Processing /opt/anaconda3/envs/airflow_env/lib/python3.10/site-packages/airflow/example_dags/example_dynamic_task_mapping.py took 0.076 seconds
[2025-06-25T21:36:34.794-0400] {processor.py:161} INFO - Started process (PID=71047) to work on /opt/anaconda3/envs/airflow_env/lib/python3.10/site-packages/airflow/example_dags/example_dynamic_task_mapping.py
[2025-06-25T21:36:34.794-0400] {processor.py:830} INFO - Processing file /opt/anaconda3/envs/airflow_env/lib/python3.10/site-packages/airflow/example_dags/example_dynamic_task_mapping.py for tasks to queue
[2025-06-25T21:36:34.794-0400] {logging_mixin.py:188} INFO - [2025-06-25T21:36:34.794-0400] {dagbag.py:545} INFO - Filling up the DagBag from /opt/anaconda3/envs/airflow_env/lib/python3.10/site-packages/airflow/example_dags/example_dynamic_task_mapping.py
[2025-06-25T21:36:34.808-0400] {processor.py:840} INFO - DAG(s) 'example_dynamic_task_mapping' retrieved from /opt/anaconda3/envs/airflow_env/lib/python3.10/site-packages/airflow/example_dags/example_dynamic_task_mapping.py
[2025-06-25T21:36:34.842-0400] {logging_mixin.py:188} INFO - [2025-06-25T21:36:34.842-0400] {dag.py:3096} INFO - Sync 1 DAGs
[2025-06-25T21:36:34.871-0400] {logging_mixin.py:188} INFO - [2025-06-25T21:36:34.870-0400] {dag.py:3954} INFO - Setting next_dagrun for example_dynamic_task_mapping to 2022-03-04 00:00:00+00:00, run_after=2022-03-05 00:00:00+00:00
[2025-06-25T21:36:34.878-0400] {processor.py:183} INFO - Processing /opt/anaconda3/envs/airflow_env/lib/python3.10/site-packages/airflow/example_dags/example_dynamic_task_mapping.py took 0.087 seconds
[2025-06-25T21:37:12.864-0400] {processor.py:161} INFO - Started process (PID=71135) to work on /opt/anaconda3/envs/airflow_env/lib/python3.10/site-packages/airflow/example_dags/example_dynamic_task_mapping.py
[2025-06-25T21:37:12.864-0400] {processor.py:830} INFO - Processing file /opt/anaconda3/envs/airflow_env/lib/python3.10/site-packages/airflow/example_dags/example_dynamic_task_mapping.py for tasks to queue
[2025-06-25T21:37:12.864-0400] {logging_mixin.py:188} INFO - [2025-06-25T21:37:12.864-0400] {dagbag.py:545} INFO - Filling up the DagBag from /opt/anaconda3/envs/airflow_env/lib/python3.10/site-packages/airflow/example_dags/example_dynamic_task_mapping.py
[2025-06-25T21:37:12.878-0400] {processor.py:840} INFO - DAG(s) 'example_dynamic_task_mapping' retrieved from /opt/anaconda3/envs/airflow_env/lib/python3.10/site-packages/airflow/example_dags/example_dynamic_task_mapping.py
[2025-06-25T21:37:12.909-0400] {logging_mixin.py:188} INFO - [2025-06-25T21:37:12.909-0400] {dag.py:3096} INFO - Sync 1 DAGs
[2025-06-25T21:37:12.934-0400] {logging_mixin.py:188} INFO - [2025-06-25T21:37:12.933-0400] {dag.py:3954} INFO - Setting next_dagrun for example_dynamic_task_mapping to 2022-03-04 00:00:00+00:00, run_after=2022-03-05 00:00:00+00:00
[2025-06-25T21:37:12.940-0400] {processor.py:183} INFO - Processing /opt/anaconda3/envs/airflow_env/lib/python3.10/site-packages/airflow/example_dags/example_dynamic_task_mapping.py took 0.078 seconds
[2025-06-25T21:38:13.109-0400] {processor.py:161} INFO - Started process (PID=71227) to work on /opt/anaconda3/envs/airflow_env/lib/python3.10/site-packages/airflow/example_dags/example_dynamic_task_mapping.py
[2025-06-25T21:38:13.109-0400] {processor.py:830} INFO - Processing file /opt/anaconda3/envs/airflow_env/lib/python3.10/site-packages/airflow/example_dags/example_dynamic_task_mapping.py for tasks to queue
[2025-06-25T21:38:13.109-0400] {logging_mixin.py:188} INFO - [2025-06-25T21:38:13.109-0400] {dagbag.py:545} INFO - Filling up the DagBag from /opt/anaconda3/envs/airflow_env/lib/python3.10/site-packages/airflow/example_dags/example_dynamic_task_mapping.py
[2025-06-25T21:38:13.123-0400] {processor.py:840} INFO - DAG(s) 'example_dynamic_task_mapping' retrieved from /opt/anaconda3/envs/airflow_env/lib/python3.10/site-packages/airflow/example_dags/example_dynamic_task_mapping.py
[2025-06-25T21:38:13.156-0400] {logging_mixin.py:188} INFO - [2025-06-25T21:38:13.156-0400] {dag.py:3096} INFO - Sync 1 DAGs
[2025-06-25T21:38:13.182-0400] {logging_mixin.py:188} INFO - [2025-06-25T21:38:13.182-0400] {dag.py:3954} INFO - Setting next_dagrun for example_dynamic_task_mapping to 2022-03-04 00:00:00+00:00, run_after=2022-03-05 00:00:00+00:00
[2025-06-25T21:38:13.188-0400] {processor.py:183} INFO - Processing /opt/anaconda3/envs/airflow_env/lib/python3.10/site-packages/airflow/example_dags/example_dynamic_task_mapping.py took 0.082 seconds
[2025-06-25T21:38:59.699-0400] {processor.py:161} INFO - Started process (PID=71302) to work on /opt/anaconda3/envs/airflow_env/lib/python3.10/site-packages/airflow/example_dags/example_dynamic_task_mapping.py
[2025-06-25T21:38:59.700-0400] {processor.py:830} INFO - Processing file /opt/anaconda3/envs/airflow_env/lib/python3.10/site-packages/airflow/example_dags/example_dynamic_task_mapping.py for tasks to queue
[2025-06-25T21:38:59.700-0400] {logging_mixin.py:188} INFO - [2025-06-25T21:38:59.700-0400] {dagbag.py:545} INFO - Filling up the DagBag from /opt/anaconda3/envs/airflow_env/lib/python3.10/site-packages/airflow/example_dags/example_dynamic_task_mapping.py
[2025-06-25T21:38:59.714-0400] {processor.py:840} INFO - DAG(s) 'example_dynamic_task_mapping' retrieved from /opt/anaconda3/envs/airflow_env/lib/python3.10/site-packages/airflow/example_dags/example_dynamic_task_mapping.py
[2025-06-25T21:38:59.746-0400] {logging_mixin.py:188} INFO - [2025-06-25T21:38:59.746-0400] {dag.py:3096} INFO - Sync 1 DAGs
[2025-06-25T21:38:59.771-0400] {logging_mixin.py:188} INFO - [2025-06-25T21:38:59.771-0400] {dag.py:3954} INFO - Setting next_dagrun for example_dynamic_task_mapping to 2022-03-04 00:00:00+00:00, run_after=2022-03-05 00:00:00+00:00
[2025-06-25T21:38:59.777-0400] {processor.py:183} INFO - Processing /opt/anaconda3/envs/airflow_env/lib/python3.10/site-packages/airflow/example_dags/example_dynamic_task_mapping.py took 0.080 seconds
[2025-06-25T21:39:55.050-0400] {processor.py:161} INFO - Started process (PID=71389) to work on /opt/anaconda3/envs/airflow_env/lib/python3.10/site-packages/airflow/example_dags/example_dynamic_task_mapping.py
[2025-06-25T21:39:55.051-0400] {processor.py:830} INFO - Processing file /opt/anaconda3/envs/airflow_env/lib/python3.10/site-packages/airflow/example_dags/example_dynamic_task_mapping.py for tasks to queue
[2025-06-25T21:39:55.051-0400] {logging_mixin.py:188} INFO - [2025-06-25T21:39:55.051-0400] {dagbag.py:545} INFO - Filling up the DagBag from /opt/anaconda3/envs/airflow_env/lib/python3.10/site-packages/airflow/example_dags/example_dynamic_task_mapping.py
[2025-06-25T21:39:55.065-0400] {processor.py:840} INFO - DAG(s) 'example_dynamic_task_mapping' retrieved from /opt/anaconda3/envs/airflow_env/lib/python3.10/site-packages/airflow/example_dags/example_dynamic_task_mapping.py
[2025-06-25T21:39:55.099-0400] {logging_mixin.py:188} INFO - [2025-06-25T21:39:55.099-0400] {dag.py:3096} INFO - Sync 1 DAGs
[2025-06-25T21:39:55.128-0400] {logging_mixin.py:188} INFO - [2025-06-25T21:39:55.128-0400] {dag.py:3954} INFO - Setting next_dagrun for example_dynamic_task_mapping to 2022-03-04 00:00:00+00:00, run_after=2022-03-05 00:00:00+00:00
[2025-06-25T21:39:55.135-0400] {processor.py:183} INFO - Processing /opt/anaconda3/envs/airflow_env/lib/python3.10/site-packages/airflow/example_dags/example_dynamic_task_mapping.py took 0.086 seconds
[2025-06-25T21:40:31.950-0400] {processor.py:161} INFO - Started process (PID=71488) to work on /opt/anaconda3/envs/airflow_env/lib/python3.10/site-packages/airflow/example_dags/example_dynamic_task_mapping.py
[2025-06-25T21:40:31.950-0400] {processor.py:830} INFO - Processing file /opt/anaconda3/envs/airflow_env/lib/python3.10/site-packages/airflow/example_dags/example_dynamic_task_mapping.py for tasks to queue
[2025-06-25T21:40:31.951-0400] {logging_mixin.py:188} INFO - [2025-06-25T21:40:31.951-0400] {dagbag.py:545} INFO - Filling up the DagBag from /opt/anaconda3/envs/airflow_env/lib/python3.10/site-packages/airflow/example_dags/example_dynamic_task_mapping.py
[2025-06-25T21:40:31.965-0400] {processor.py:840} INFO - DAG(s) 'example_dynamic_task_mapping' retrieved from /opt/anaconda3/envs/airflow_env/lib/python3.10/site-packages/airflow/example_dags/example_dynamic_task_mapping.py
[2025-06-25T21:40:32.001-0400] {logging_mixin.py:188} INFO - [2025-06-25T21:40:32.001-0400] {dag.py:3096} INFO - Sync 1 DAGs
[2025-06-25T21:40:32.031-0400] {logging_mixin.py:188} INFO - [2025-06-25T21:40:32.031-0400] {dag.py:3954} INFO - Setting next_dagrun for example_dynamic_task_mapping to 2022-03-04 00:00:00+00:00, run_after=2022-03-05 00:00:00+00:00
[2025-06-25T21:40:32.038-0400] {processor.py:183} INFO - Processing /opt/anaconda3/envs/airflow_env/lib/python3.10/site-packages/airflow/example_dags/example_dynamic_task_mapping.py took 0.090 seconds
[2025-06-25T21:41:37.222-0400] {processor.py:161} INFO - Started process (PID=71601) to work on /opt/anaconda3/envs/airflow_env/lib/python3.10/site-packages/airflow/example_dags/example_dynamic_task_mapping.py
[2025-06-25T21:41:37.223-0400] {processor.py:830} INFO - Processing file /opt/anaconda3/envs/airflow_env/lib/python3.10/site-packages/airflow/example_dags/example_dynamic_task_mapping.py for tasks to queue
[2025-06-25T21:41:37.223-0400] {logging_mixin.py:188} INFO - [2025-06-25T21:41:37.223-0400] {dagbag.py:545} INFO - Filling up the DagBag from /opt/anaconda3/envs/airflow_env/lib/python3.10/site-packages/airflow/example_dags/example_dynamic_task_mapping.py
[2025-06-25T21:41:37.235-0400] {processor.py:840} INFO - DAG(s) 'example_dynamic_task_mapping' retrieved from /opt/anaconda3/envs/airflow_env/lib/python3.10/site-packages/airflow/example_dags/example_dynamic_task_mapping.py
[2025-06-25T21:41:37.267-0400] {logging_mixin.py:188} INFO - [2025-06-25T21:41:37.266-0400] {dag.py:3096} INFO - Sync 1 DAGs
[2025-06-25T21:41:37.291-0400] {logging_mixin.py:188} INFO - [2025-06-25T21:41:37.291-0400] {dag.py:3954} INFO - Setting next_dagrun for example_dynamic_task_mapping to 2022-03-04 00:00:00+00:00, run_after=2022-03-05 00:00:00+00:00
[2025-06-25T21:41:37.297-0400] {processor.py:183} INFO - Processing /opt/anaconda3/envs/airflow_env/lib/python3.10/site-packages/airflow/example_dags/example_dynamic_task_mapping.py took 0.077 seconds
[2025-06-25T21:42:07.761-0400] {processor.py:161} INFO - Started process (PID=71676) to work on /opt/anaconda3/envs/airflow_env/lib/python3.10/site-packages/airflow/example_dags/example_dynamic_task_mapping.py
[2025-06-25T21:42:07.762-0400] {processor.py:830} INFO - Processing file /opt/anaconda3/envs/airflow_env/lib/python3.10/site-packages/airflow/example_dags/example_dynamic_task_mapping.py for tasks to queue
[2025-06-25T21:42:07.762-0400] {logging_mixin.py:188} INFO - [2025-06-25T21:42:07.762-0400] {dagbag.py:545} INFO - Filling up the DagBag from /opt/anaconda3/envs/airflow_env/lib/python3.10/site-packages/airflow/example_dags/example_dynamic_task_mapping.py
[2025-06-25T21:42:07.775-0400] {processor.py:840} INFO - DAG(s) 'example_dynamic_task_mapping' retrieved from /opt/anaconda3/envs/airflow_env/lib/python3.10/site-packages/airflow/example_dags/example_dynamic_task_mapping.py
[2025-06-25T21:42:07.807-0400] {logging_mixin.py:188} INFO - [2025-06-25T21:42:07.807-0400] {dag.py:3096} INFO - Sync 1 DAGs
[2025-06-25T21:42:07.832-0400] {logging_mixin.py:188} INFO - [2025-06-25T21:42:07.832-0400] {dag.py:3954} INFO - Setting next_dagrun for example_dynamic_task_mapping to 2022-03-04 00:00:00+00:00, run_after=2022-03-05 00:00:00+00:00
[2025-06-25T21:42:07.839-0400] {processor.py:183} INFO - Processing /opt/anaconda3/envs/airflow_env/lib/python3.10/site-packages/airflow/example_dags/example_dynamic_task_mapping.py took 0.079 seconds
[2025-06-25T21:43:12.964-0400] {processor.py:161} INFO - Started process (PID=71828) to work on /opt/anaconda3/envs/airflow_env/lib/python3.10/site-packages/airflow/example_dags/example_dynamic_task_mapping.py
[2025-06-25T21:43:12.965-0400] {processor.py:830} INFO - Processing file /opt/anaconda3/envs/airflow_env/lib/python3.10/site-packages/airflow/example_dags/example_dynamic_task_mapping.py for tasks to queue
[2025-06-25T21:43:12.965-0400] {logging_mixin.py:188} INFO - [2025-06-25T21:43:12.965-0400] {dagbag.py:545} INFO - Filling up the DagBag from /opt/anaconda3/envs/airflow_env/lib/python3.10/site-packages/airflow/example_dags/example_dynamic_task_mapping.py
[2025-06-25T21:43:12.978-0400] {processor.py:840} INFO - DAG(s) 'example_dynamic_task_mapping' retrieved from /opt/anaconda3/envs/airflow_env/lib/python3.10/site-packages/airflow/example_dags/example_dynamic_task_mapping.py
[2025-06-25T21:43:13.011-0400] {logging_mixin.py:188} INFO - [2025-06-25T21:43:13.011-0400] {dag.py:3096} INFO - Sync 1 DAGs
[2025-06-25T21:43:13.041-0400] {logging_mixin.py:188} INFO - [2025-06-25T21:43:13.041-0400] {dag.py:3954} INFO - Setting next_dagrun for example_dynamic_task_mapping to 2022-03-04 00:00:00+00:00, run_after=2022-03-05 00:00:00+00:00
[2025-06-25T21:43:13.048-0400] {processor.py:183} INFO - Processing /opt/anaconda3/envs/airflow_env/lib/python3.10/site-packages/airflow/example_dags/example_dynamic_task_mapping.py took 0.085 seconds
[2025-06-25T21:43:47.205-0400] {processor.py:161} INFO - Started process (PID=71913) to work on /opt/anaconda3/envs/airflow_env/lib/python3.10/site-packages/airflow/example_dags/example_dynamic_task_mapping.py
[2025-06-25T21:43:47.205-0400] {processor.py:830} INFO - Processing file /opt/anaconda3/envs/airflow_env/lib/python3.10/site-packages/airflow/example_dags/example_dynamic_task_mapping.py for tasks to queue
[2025-06-25T21:43:47.206-0400] {logging_mixin.py:188} INFO - [2025-06-25T21:43:47.206-0400] {dagbag.py:545} INFO - Filling up the DagBag from /opt/anaconda3/envs/airflow_env/lib/python3.10/site-packages/airflow/example_dags/example_dynamic_task_mapping.py
[2025-06-25T21:43:47.221-0400] {processor.py:840} INFO - DAG(s) 'example_dynamic_task_mapping' retrieved from /opt/anaconda3/envs/airflow_env/lib/python3.10/site-packages/airflow/example_dags/example_dynamic_task_mapping.py
[2025-06-25T21:43:47.257-0400] {logging_mixin.py:188} INFO - [2025-06-25T21:43:47.257-0400] {dag.py:3096} INFO - Sync 1 DAGs
[2025-06-25T21:43:47.290-0400] {logging_mixin.py:188} INFO - [2025-06-25T21:43:47.290-0400] {dag.py:3954} INFO - Setting next_dagrun for example_dynamic_task_mapping to 2022-03-04 00:00:00+00:00, run_after=2022-03-05 00:00:00+00:00
[2025-06-25T21:43:47.297-0400] {processor.py:183} INFO - Processing /opt/anaconda3/envs/airflow_env/lib/python3.10/site-packages/airflow/example_dags/example_dynamic_task_mapping.py took 0.095 seconds
[2025-06-25T21:44:54.345-0400] {processor.py:161} INFO - Started process (PID=72037) to work on /opt/anaconda3/envs/airflow_env/lib/python3.10/site-packages/airflow/example_dags/example_dynamic_task_mapping.py
[2025-06-25T21:44:54.346-0400] {processor.py:830} INFO - Processing file /opt/anaconda3/envs/airflow_env/lib/python3.10/site-packages/airflow/example_dags/example_dynamic_task_mapping.py for tasks to queue
[2025-06-25T21:44:54.346-0400] {logging_mixin.py:188} INFO - [2025-06-25T21:44:54.346-0400] {dagbag.py:545} INFO - Filling up the DagBag from /opt/anaconda3/envs/airflow_env/lib/python3.10/site-packages/airflow/example_dags/example_dynamic_task_mapping.py
[2025-06-25T21:44:54.360-0400] {processor.py:840} INFO - DAG(s) 'example_dynamic_task_mapping' retrieved from /opt/anaconda3/envs/airflow_env/lib/python3.10/site-packages/airflow/example_dags/example_dynamic_task_mapping.py
[2025-06-25T21:44:54.393-0400] {logging_mixin.py:188} INFO - [2025-06-25T21:44:54.393-0400] {dag.py:3096} INFO - Sync 1 DAGs
[2025-06-25T21:44:54.418-0400] {logging_mixin.py:188} INFO - [2025-06-25T21:44:54.418-0400] {dag.py:3954} INFO - Setting next_dagrun for example_dynamic_task_mapping to 2022-03-04 00:00:00+00:00, run_after=2022-03-05 00:00:00+00:00
[2025-06-25T21:44:54.425-0400] {processor.py:183} INFO - Processing /opt/anaconda3/envs/airflow_env/lib/python3.10/site-packages/airflow/example_dags/example_dynamic_task_mapping.py took 0.081 seconds
[2025-06-25T21:45:30.197-0400] {processor.py:161} INFO - Started process (PID=72104) to work on /opt/anaconda3/envs/airflow_env/lib/python3.10/site-packages/airflow/example_dags/example_dynamic_task_mapping.py
[2025-06-25T21:45:30.197-0400] {processor.py:830} INFO - Processing file /opt/anaconda3/envs/airflow_env/lib/python3.10/site-packages/airflow/example_dags/example_dynamic_task_mapping.py for tasks to queue
[2025-06-25T21:45:30.197-0400] {logging_mixin.py:188} INFO - [2025-06-25T21:45:30.197-0400] {dagbag.py:545} INFO - Filling up the DagBag from /opt/anaconda3/envs/airflow_env/lib/python3.10/site-packages/airflow/example_dags/example_dynamic_task_mapping.py
[2025-06-25T21:45:30.212-0400] {processor.py:840} INFO - DAG(s) 'example_dynamic_task_mapping' retrieved from /opt/anaconda3/envs/airflow_env/lib/python3.10/site-packages/airflow/example_dags/example_dynamic_task_mapping.py
[2025-06-25T21:45:30.248-0400] {logging_mixin.py:188} INFO - [2025-06-25T21:45:30.248-0400] {dag.py:3096} INFO - Sync 1 DAGs
[2025-06-25T21:45:30.280-0400] {logging_mixin.py:188} INFO - [2025-06-25T21:45:30.280-0400] {dag.py:3954} INFO - Setting next_dagrun for example_dynamic_task_mapping to 2022-03-04 00:00:00+00:00, run_after=2022-03-05 00:00:00+00:00
[2025-06-25T21:45:30.287-0400] {processor.py:183} INFO - Processing /opt/anaconda3/envs/airflow_env/lib/python3.10/site-packages/airflow/example_dags/example_dynamic_task_mapping.py took 0.092 seconds
[2025-06-25T21:46:36.834-0400] {processor.py:161} INFO - Started process (PID=72229) to work on /opt/anaconda3/envs/airflow_env/lib/python3.10/site-packages/airflow/example_dags/example_dynamic_task_mapping.py
[2025-06-25T21:46:36.834-0400] {processor.py:830} INFO - Processing file /opt/anaconda3/envs/airflow_env/lib/python3.10/site-packages/airflow/example_dags/example_dynamic_task_mapping.py for tasks to queue
[2025-06-25T21:46:36.834-0400] {logging_mixin.py:188} INFO - [2025-06-25T21:46:36.834-0400] {dagbag.py:545} INFO - Filling up the DagBag from /opt/anaconda3/envs/airflow_env/lib/python3.10/site-packages/airflow/example_dags/example_dynamic_task_mapping.py
[2025-06-25T21:46:36.849-0400] {processor.py:840} INFO - DAG(s) 'example_dynamic_task_mapping' retrieved from /opt/anaconda3/envs/airflow_env/lib/python3.10/site-packages/airflow/example_dags/example_dynamic_task_mapping.py
[2025-06-25T21:46:36.885-0400] {logging_mixin.py:188} INFO - [2025-06-25T21:46:36.885-0400] {dag.py:3096} INFO - Sync 1 DAGs
[2025-06-25T21:46:36.917-0400] {logging_mixin.py:188} INFO - [2025-06-25T21:46:36.917-0400] {dag.py:3954} INFO - Setting next_dagrun for example_dynamic_task_mapping to 2022-03-04 00:00:00+00:00, run_after=2022-03-05 00:00:00+00:00
[2025-06-25T21:46:36.924-0400] {processor.py:183} INFO - Processing /opt/anaconda3/envs/airflow_env/lib/python3.10/site-packages/airflow/example_dags/example_dynamic_task_mapping.py took 0.093 seconds
[2025-06-25T21:47:08.402-0400] {processor.py:161} INFO - Started process (PID=72279) to work on /opt/anaconda3/envs/airflow_env/lib/python3.10/site-packages/airflow/example_dags/example_dynamic_task_mapping.py
[2025-06-25T21:47:08.402-0400] {processor.py:830} INFO - Processing file /opt/anaconda3/envs/airflow_env/lib/python3.10/site-packages/airflow/example_dags/example_dynamic_task_mapping.py for tasks to queue
[2025-06-25T21:47:08.402-0400] {logging_mixin.py:188} INFO - [2025-06-25T21:47:08.402-0400] {dagbag.py:545} INFO - Filling up the DagBag from /opt/anaconda3/envs/airflow_env/lib/python3.10/site-packages/airflow/example_dags/example_dynamic_task_mapping.py
[2025-06-25T21:47:08.415-0400] {processor.py:840} INFO - DAG(s) 'example_dynamic_task_mapping' retrieved from /opt/anaconda3/envs/airflow_env/lib/python3.10/site-packages/airflow/example_dags/example_dynamic_task_mapping.py
[2025-06-25T21:47:08.446-0400] {logging_mixin.py:188} INFO - [2025-06-25T21:47:08.446-0400] {dag.py:3096} INFO - Sync 1 DAGs
[2025-06-25T21:47:08.471-0400] {logging_mixin.py:188} INFO - [2025-06-25T21:47:08.471-0400] {dag.py:3954} INFO - Setting next_dagrun for example_dynamic_task_mapping to 2022-03-04 00:00:00+00:00, run_after=2022-03-05 00:00:00+00:00
[2025-06-25T21:47:08.477-0400] {processor.py:183} INFO - Processing /opt/anaconda3/envs/airflow_env/lib/python3.10/site-packages/airflow/example_dags/example_dynamic_task_mapping.py took 0.077 seconds
[2025-06-25T21:48:22.142-0400] {processor.py:161} INFO - Started process (PID=72444) to work on /opt/anaconda3/envs/airflow_env/lib/python3.10/site-packages/airflow/example_dags/example_dynamic_task_mapping.py
[2025-06-25T21:48:22.143-0400] {processor.py:830} INFO - Processing file /opt/anaconda3/envs/airflow_env/lib/python3.10/site-packages/airflow/example_dags/example_dynamic_task_mapping.py for tasks to queue
[2025-06-25T21:48:22.143-0400] {logging_mixin.py:188} INFO - [2025-06-25T21:48:22.143-0400] {dagbag.py:545} INFO - Filling up the DagBag from /opt/anaconda3/envs/airflow_env/lib/python3.10/site-packages/airflow/example_dags/example_dynamic_task_mapping.py
[2025-06-25T21:48:22.156-0400] {processor.py:840} INFO - DAG(s) 'example_dynamic_task_mapping' retrieved from /opt/anaconda3/envs/airflow_env/lib/python3.10/site-packages/airflow/example_dags/example_dynamic_task_mapping.py
[2025-06-25T21:48:22.189-0400] {logging_mixin.py:188} INFO - [2025-06-25T21:48:22.189-0400] {dag.py:3096} INFO - Sync 1 DAGs
[2025-06-25T21:48:22.215-0400] {logging_mixin.py:188} INFO - [2025-06-25T21:48:22.215-0400] {dag.py:3954} INFO - Setting next_dagrun for example_dynamic_task_mapping to 2022-03-04 00:00:00+00:00, run_after=2022-03-05 00:00:00+00:00
[2025-06-25T21:48:22.222-0400] {processor.py:183} INFO - Processing /opt/anaconda3/envs/airflow_env/lib/python3.10/site-packages/airflow/example_dags/example_dynamic_task_mapping.py took 0.082 seconds
[2025-06-25T21:48:57.550-0400] {processor.py:161} INFO - Started process (PID=72488) to work on /opt/anaconda3/envs/airflow_env/lib/python3.10/site-packages/airflow/example_dags/example_dynamic_task_mapping.py
[2025-06-25T21:48:57.550-0400] {processor.py:830} INFO - Processing file /opt/anaconda3/envs/airflow_env/lib/python3.10/site-packages/airflow/example_dags/example_dynamic_task_mapping.py for tasks to queue
[2025-06-25T21:48:57.551-0400] {logging_mixin.py:188} INFO - [2025-06-25T21:48:57.551-0400] {dagbag.py:545} INFO - Filling up the DagBag from /opt/anaconda3/envs/airflow_env/lib/python3.10/site-packages/airflow/example_dags/example_dynamic_task_mapping.py
[2025-06-25T21:48:57.567-0400] {processor.py:840} INFO - DAG(s) 'example_dynamic_task_mapping' retrieved from /opt/anaconda3/envs/airflow_env/lib/python3.10/site-packages/airflow/example_dags/example_dynamic_task_mapping.py
[2025-06-25T21:48:57.601-0400] {logging_mixin.py:188} INFO - [2025-06-25T21:48:57.601-0400] {dag.py:3096} INFO - Sync 1 DAGs
[2025-06-25T21:48:57.630-0400] {logging_mixin.py:188} INFO - [2025-06-25T21:48:57.630-0400] {dag.py:3954} INFO - Setting next_dagrun for example_dynamic_task_mapping to 2022-03-04 00:00:00+00:00, run_after=2022-03-05 00:00:00+00:00
[2025-06-25T21:48:57.637-0400] {processor.py:183} INFO - Processing /opt/anaconda3/envs/airflow_env/lib/python3.10/site-packages/airflow/example_dags/example_dynamic_task_mapping.py took 0.088 seconds
[2025-06-25T21:50:06.057-0400] {processor.py:161} INFO - Started process (PID=72591) to work on /opt/anaconda3/envs/airflow_env/lib/python3.10/site-packages/airflow/example_dags/example_dynamic_task_mapping.py
[2025-06-25T21:50:06.057-0400] {processor.py:830} INFO - Processing file /opt/anaconda3/envs/airflow_env/lib/python3.10/site-packages/airflow/example_dags/example_dynamic_task_mapping.py for tasks to queue
[2025-06-25T21:50:06.057-0400] {logging_mixin.py:188} INFO - [2025-06-25T21:50:06.057-0400] {dagbag.py:545} INFO - Filling up the DagBag from /opt/anaconda3/envs/airflow_env/lib/python3.10/site-packages/airflow/example_dags/example_dynamic_task_mapping.py
[2025-06-25T21:50:06.070-0400] {processor.py:840} INFO - DAG(s) 'example_dynamic_task_mapping' retrieved from /opt/anaconda3/envs/airflow_env/lib/python3.10/site-packages/airflow/example_dags/example_dynamic_task_mapping.py
[2025-06-25T21:50:06.102-0400] {logging_mixin.py:188} INFO - [2025-06-25T21:50:06.102-0400] {dag.py:3096} INFO - Sync 1 DAGs
[2025-06-25T21:50:06.126-0400] {logging_mixin.py:188} INFO - [2025-06-25T21:50:06.126-0400] {dag.py:3954} INFO - Setting next_dagrun for example_dynamic_task_mapping to 2022-03-04 00:00:00+00:00, run_after=2022-03-05 00:00:00+00:00
[2025-06-25T21:50:06.134-0400] {processor.py:183} INFO - Processing /opt/anaconda3/envs/airflow_env/lib/python3.10/site-packages/airflow/example_dags/example_dynamic_task_mapping.py took 0.079 seconds
[2025-06-25T21:50:39.904-0400] {processor.py:161} INFO - Started process (PID=72638) to work on /opt/anaconda3/envs/airflow_env/lib/python3.10/site-packages/airflow/example_dags/example_dynamic_task_mapping.py
[2025-06-25T21:50:39.904-0400] {processor.py:830} INFO - Processing file /opt/anaconda3/envs/airflow_env/lib/python3.10/site-packages/airflow/example_dags/example_dynamic_task_mapping.py for tasks to queue
[2025-06-25T21:50:39.904-0400] {logging_mixin.py:188} INFO - [2025-06-25T21:50:39.904-0400] {dagbag.py:545} INFO - Filling up the DagBag from /opt/anaconda3/envs/airflow_env/lib/python3.10/site-packages/airflow/example_dags/example_dynamic_task_mapping.py
[2025-06-25T21:50:39.920-0400] {processor.py:840} INFO - DAG(s) 'example_dynamic_task_mapping' retrieved from /opt/anaconda3/envs/airflow_env/lib/python3.10/site-packages/airflow/example_dags/example_dynamic_task_mapping.py
[2025-06-25T21:50:39.955-0400] {logging_mixin.py:188} INFO - [2025-06-25T21:50:39.955-0400] {dag.py:3096} INFO - Sync 1 DAGs
[2025-06-25T21:50:39.982-0400] {logging_mixin.py:188} INFO - [2025-06-25T21:50:39.982-0400] {dag.py:3954} INFO - Setting next_dagrun for example_dynamic_task_mapping to 2022-03-04 00:00:00+00:00, run_after=2022-03-05 00:00:00+00:00
[2025-06-25T21:50:39.989-0400] {processor.py:183} INFO - Processing /opt/anaconda3/envs/airflow_env/lib/python3.10/site-packages/airflow/example_dags/example_dynamic_task_mapping.py took 0.088 seconds
[2025-06-25T21:51:44.778-0400] {processor.py:161} INFO - Started process (PID=72742) to work on /opt/anaconda3/envs/airflow_env/lib/python3.10/site-packages/airflow/example_dags/example_dynamic_task_mapping.py
[2025-06-25T21:51:44.779-0400] {processor.py:830} INFO - Processing file /opt/anaconda3/envs/airflow_env/lib/python3.10/site-packages/airflow/example_dags/example_dynamic_task_mapping.py for tasks to queue
[2025-06-25T21:51:44.779-0400] {logging_mixin.py:188} INFO - [2025-06-25T21:51:44.779-0400] {dagbag.py:545} INFO - Filling up the DagBag from /opt/anaconda3/envs/airflow_env/lib/python3.10/site-packages/airflow/example_dags/example_dynamic_task_mapping.py
[2025-06-25T21:51:44.792-0400] {processor.py:840} INFO - DAG(s) 'example_dynamic_task_mapping' retrieved from /opt/anaconda3/envs/airflow_env/lib/python3.10/site-packages/airflow/example_dags/example_dynamic_task_mapping.py
[2025-06-25T21:51:44.829-0400] {logging_mixin.py:188} INFO - [2025-06-25T21:51:44.828-0400] {dag.py:3096} INFO - Sync 1 DAGs
[2025-06-25T21:51:44.861-0400] {logging_mixin.py:188} INFO - [2025-06-25T21:51:44.861-0400] {dag.py:3954} INFO - Setting next_dagrun for example_dynamic_task_mapping to 2022-03-04 00:00:00+00:00, run_after=2022-03-05 00:00:00+00:00
[2025-06-25T21:51:44.869-0400] {processor.py:183} INFO - Processing /opt/anaconda3/envs/airflow_env/lib/python3.10/site-packages/airflow/example_dags/example_dynamic_task_mapping.py took 0.093 seconds
[2025-06-25T21:52:20.287-0400] {processor.py:161} INFO - Started process (PID=72794) to work on /opt/anaconda3/envs/airflow_env/lib/python3.10/site-packages/airflow/example_dags/example_dynamic_task_mapping.py
[2025-06-25T21:52:20.287-0400] {processor.py:830} INFO - Processing file /opt/anaconda3/envs/airflow_env/lib/python3.10/site-packages/airflow/example_dags/example_dynamic_task_mapping.py for tasks to queue
[2025-06-25T21:52:20.287-0400] {logging_mixin.py:188} INFO - [2025-06-25T21:52:20.287-0400] {dagbag.py:545} INFO - Filling up the DagBag from /opt/anaconda3/envs/airflow_env/lib/python3.10/site-packages/airflow/example_dags/example_dynamic_task_mapping.py
[2025-06-25T21:52:20.301-0400] {processor.py:840} INFO - DAG(s) 'example_dynamic_task_mapping' retrieved from /opt/anaconda3/envs/airflow_env/lib/python3.10/site-packages/airflow/example_dags/example_dynamic_task_mapping.py
[2025-06-25T21:52:20.333-0400] {logging_mixin.py:188} INFO - [2025-06-25T21:52:20.333-0400] {dag.py:3096} INFO - Sync 1 DAGs
[2025-06-25T21:52:20.357-0400] {logging_mixin.py:188} INFO - [2025-06-25T21:52:20.357-0400] {dag.py:3954} INFO - Setting next_dagrun for example_dynamic_task_mapping to 2022-03-04 00:00:00+00:00, run_after=2022-03-05 00:00:00+00:00
[2025-06-25T21:52:20.364-0400] {processor.py:183} INFO - Processing /opt/anaconda3/envs/airflow_env/lib/python3.10/site-packages/airflow/example_dags/example_dynamic_task_mapping.py took 0.079 seconds
[2025-06-25T21:53:27.058-0400] {processor.py:161} INFO - Started process (PID=72889) to work on /opt/anaconda3/envs/airflow_env/lib/python3.10/site-packages/airflow/example_dags/example_dynamic_task_mapping.py
[2025-06-25T21:53:27.058-0400] {processor.py:830} INFO - Processing file /opt/anaconda3/envs/airflow_env/lib/python3.10/site-packages/airflow/example_dags/example_dynamic_task_mapping.py for tasks to queue
[2025-06-25T21:53:27.059-0400] {logging_mixin.py:188} INFO - [2025-06-25T21:53:27.059-0400] {dagbag.py:545} INFO - Filling up the DagBag from /opt/anaconda3/envs/airflow_env/lib/python3.10/site-packages/airflow/example_dags/example_dynamic_task_mapping.py
[2025-06-25T21:53:27.072-0400] {processor.py:840} INFO - DAG(s) 'example_dynamic_task_mapping' retrieved from /opt/anaconda3/envs/airflow_env/lib/python3.10/site-packages/airflow/example_dags/example_dynamic_task_mapping.py
[2025-06-25T21:53:27.103-0400] {logging_mixin.py:188} INFO - [2025-06-25T21:53:27.103-0400] {dag.py:3096} INFO - Sync 1 DAGs
[2025-06-25T21:53:27.129-0400] {logging_mixin.py:188} INFO - [2025-06-25T21:53:27.128-0400] {dag.py:3954} INFO - Setting next_dagrun for example_dynamic_task_mapping to 2022-03-04 00:00:00+00:00, run_after=2022-03-05 00:00:00+00:00
[2025-06-25T21:53:27.135-0400] {processor.py:183} INFO - Processing /opt/anaconda3/envs/airflow_env/lib/python3.10/site-packages/airflow/example_dags/example_dynamic_task_mapping.py took 0.079 seconds
[2025-06-25T21:53:56.643-0400] {processor.py:161} INFO - Started process (PID=72975) to work on /opt/anaconda3/envs/airflow_env/lib/python3.10/site-packages/airflow/example_dags/example_dynamic_task_mapping.py
[2025-06-25T21:53:56.644-0400] {processor.py:830} INFO - Processing file /opt/anaconda3/envs/airflow_env/lib/python3.10/site-packages/airflow/example_dags/example_dynamic_task_mapping.py for tasks to queue
[2025-06-25T21:53:56.644-0400] {logging_mixin.py:188} INFO - [2025-06-25T21:53:56.644-0400] {dagbag.py:545} INFO - Filling up the DagBag from /opt/anaconda3/envs/airflow_env/lib/python3.10/site-packages/airflow/example_dags/example_dynamic_task_mapping.py
[2025-06-25T21:53:56.657-0400] {processor.py:840} INFO - DAG(s) 'example_dynamic_task_mapping' retrieved from /opt/anaconda3/envs/airflow_env/lib/python3.10/site-packages/airflow/example_dags/example_dynamic_task_mapping.py
[2025-06-25T21:53:56.691-0400] {logging_mixin.py:188} INFO - [2025-06-25T21:53:56.691-0400] {dag.py:3096} INFO - Sync 1 DAGs
[2025-06-25T21:53:56.722-0400] {logging_mixin.py:188} INFO - [2025-06-25T21:53:56.722-0400] {dag.py:3954} INFO - Setting next_dagrun for example_dynamic_task_mapping to 2022-03-04 00:00:00+00:00, run_after=2022-03-05 00:00:00+00:00
[2025-06-25T21:53:56.729-0400] {processor.py:183} INFO - Processing /opt/anaconda3/envs/airflow_env/lib/python3.10/site-packages/airflow/example_dags/example_dynamic_task_mapping.py took 0.087 seconds
[2025-06-25T21:55:01.467-0400] {processor.py:161} INFO - Started process (PID=73099) to work on /opt/anaconda3/envs/airflow_env/lib/python3.10/site-packages/airflow/example_dags/example_dynamic_task_mapping.py
[2025-06-25T21:55:01.468-0400] {processor.py:830} INFO - Processing file /opt/anaconda3/envs/airflow_env/lib/python3.10/site-packages/airflow/example_dags/example_dynamic_task_mapping.py for tasks to queue
[2025-06-25T21:55:01.468-0400] {logging_mixin.py:188} INFO - [2025-06-25T21:55:01.468-0400] {dagbag.py:545} INFO - Filling up the DagBag from /opt/anaconda3/envs/airflow_env/lib/python3.10/site-packages/airflow/example_dags/example_dynamic_task_mapping.py
[2025-06-25T21:55:01.481-0400] {processor.py:840} INFO - DAG(s) 'example_dynamic_task_mapping' retrieved from /opt/anaconda3/envs/airflow_env/lib/python3.10/site-packages/airflow/example_dags/example_dynamic_task_mapping.py
[2025-06-25T21:55:01.514-0400] {logging_mixin.py:188} INFO - [2025-06-25T21:55:01.514-0400] {dag.py:3096} INFO - Sync 1 DAGs
[2025-06-25T21:55:01.541-0400] {logging_mixin.py:188} INFO - [2025-06-25T21:55:01.541-0400] {dag.py:3954} INFO - Setting next_dagrun for example_dynamic_task_mapping to 2022-03-04 00:00:00+00:00, run_after=2022-03-05 00:00:00+00:00
[2025-06-25T21:55:01.548-0400] {processor.py:183} INFO - Processing /opt/anaconda3/envs/airflow_env/lib/python3.10/site-packages/airflow/example_dags/example_dynamic_task_mapping.py took 0.082 seconds
[2025-06-25T21:55:38.393-0400] {processor.py:161} INFO - Started process (PID=73166) to work on /opt/anaconda3/envs/airflow_env/lib/python3.10/site-packages/airflow/example_dags/example_dynamic_task_mapping.py
[2025-06-25T21:55:38.394-0400] {processor.py:830} INFO - Processing file /opt/anaconda3/envs/airflow_env/lib/python3.10/site-packages/airflow/example_dags/example_dynamic_task_mapping.py for tasks to queue
[2025-06-25T21:55:38.394-0400] {logging_mixin.py:188} INFO - [2025-06-25T21:55:38.394-0400] {dagbag.py:545} INFO - Filling up the DagBag from /opt/anaconda3/envs/airflow_env/lib/python3.10/site-packages/airflow/example_dags/example_dynamic_task_mapping.py
[2025-06-25T21:55:38.409-0400] {processor.py:840} INFO - DAG(s) 'example_dynamic_task_mapping' retrieved from /opt/anaconda3/envs/airflow_env/lib/python3.10/site-packages/airflow/example_dags/example_dynamic_task_mapping.py
[2025-06-25T21:55:38.448-0400] {logging_mixin.py:188} INFO - [2025-06-25T21:55:38.448-0400] {dag.py:3096} INFO - Sync 1 DAGs
[2025-06-25T21:55:38.478-0400] {logging_mixin.py:188} INFO - [2025-06-25T21:55:38.478-0400] {dag.py:3954} INFO - Setting next_dagrun for example_dynamic_task_mapping to 2022-03-04 00:00:00+00:00, run_after=2022-03-05 00:00:00+00:00
[2025-06-25T21:55:38.485-0400] {processor.py:183} INFO - Processing /opt/anaconda3/envs/airflow_env/lib/python3.10/site-packages/airflow/example_dags/example_dynamic_task_mapping.py took 0.094 seconds
[2025-06-25T21:56:49.613-0400] {processor.py:161} INFO - Started process (PID=73266) to work on /opt/anaconda3/envs/airflow_env/lib/python3.10/site-packages/airflow/example_dags/example_dynamic_task_mapping.py
[2025-06-25T21:56:49.615-0400] {processor.py:830} INFO - Processing file /opt/anaconda3/envs/airflow_env/lib/python3.10/site-packages/airflow/example_dags/example_dynamic_task_mapping.py for tasks to queue
[2025-06-25T21:56:49.615-0400] {logging_mixin.py:188} INFO - [2025-06-25T21:56:49.615-0400] {dagbag.py:545} INFO - Filling up the DagBag from /opt/anaconda3/envs/airflow_env/lib/python3.10/site-packages/airflow/example_dags/example_dynamic_task_mapping.py
[2025-06-25T21:56:49.628-0400] {processor.py:840} INFO - DAG(s) 'example_dynamic_task_mapping' retrieved from /opt/anaconda3/envs/airflow_env/lib/python3.10/site-packages/airflow/example_dags/example_dynamic_task_mapping.py
[2025-06-25T21:56:49.661-0400] {logging_mixin.py:188} INFO - [2025-06-25T21:56:49.661-0400] {dag.py:3096} INFO - Sync 1 DAGs
[2025-06-25T21:56:49.690-0400] {logging_mixin.py:188} INFO - [2025-06-25T21:56:49.690-0400] {dag.py:3954} INFO - Setting next_dagrun for example_dynamic_task_mapping to 2022-03-04 00:00:00+00:00, run_after=2022-03-05 00:00:00+00:00
[2025-06-25T21:56:49.698-0400] {processor.py:183} INFO - Processing /opt/anaconda3/envs/airflow_env/lib/python3.10/site-packages/airflow/example_dags/example_dynamic_task_mapping.py took 0.087 seconds
[2025-06-25T21:57:25.604-0400] {processor.py:161} INFO - Started process (PID=73322) to work on /opt/anaconda3/envs/airflow_env/lib/python3.10/site-packages/airflow/example_dags/example_dynamic_task_mapping.py
[2025-06-25T21:57:25.605-0400] {processor.py:830} INFO - Processing file /opt/anaconda3/envs/airflow_env/lib/python3.10/site-packages/airflow/example_dags/example_dynamic_task_mapping.py for tasks to queue
[2025-06-25T21:57:25.606-0400] {logging_mixin.py:188} INFO - [2025-06-25T21:57:25.606-0400] {dagbag.py:545} INFO - Filling up the DagBag from /opt/anaconda3/envs/airflow_env/lib/python3.10/site-packages/airflow/example_dags/example_dynamic_task_mapping.py
[2025-06-25T21:57:25.620-0400] {processor.py:840} INFO - DAG(s) 'example_dynamic_task_mapping' retrieved from /opt/anaconda3/envs/airflow_env/lib/python3.10/site-packages/airflow/example_dags/example_dynamic_task_mapping.py
[2025-06-25T21:57:25.653-0400] {logging_mixin.py:188} INFO - [2025-06-25T21:57:25.653-0400] {dag.py:3096} INFO - Sync 1 DAGs
[2025-06-25T21:57:25.681-0400] {logging_mixin.py:188} INFO - [2025-06-25T21:57:25.681-0400] {dag.py:3954} INFO - Setting next_dagrun for example_dynamic_task_mapping to 2022-03-04 00:00:00+00:00, run_after=2022-03-05 00:00:00+00:00
[2025-06-25T21:57:25.689-0400] {processor.py:183} INFO - Processing /opt/anaconda3/envs/airflow_env/lib/python3.10/site-packages/airflow/example_dags/example_dynamic_task_mapping.py took 0.087 seconds
[2025-06-25T21:58:34.824-0400] {processor.py:161} INFO - Started process (PID=73440) to work on /opt/anaconda3/envs/airflow_env/lib/python3.10/site-packages/airflow/example_dags/example_dynamic_task_mapping.py
[2025-06-25T21:58:34.825-0400] {processor.py:830} INFO - Processing file /opt/anaconda3/envs/airflow_env/lib/python3.10/site-packages/airflow/example_dags/example_dynamic_task_mapping.py for tasks to queue
[2025-06-25T21:58:34.825-0400] {logging_mixin.py:188} INFO - [2025-06-25T21:58:34.825-0400] {dagbag.py:545} INFO - Filling up the DagBag from /opt/anaconda3/envs/airflow_env/lib/python3.10/site-packages/airflow/example_dags/example_dynamic_task_mapping.py
[2025-06-25T21:58:34.842-0400] {processor.py:840} INFO - DAG(s) 'example_dynamic_task_mapping' retrieved from /opt/anaconda3/envs/airflow_env/lib/python3.10/site-packages/airflow/example_dags/example_dynamic_task_mapping.py
[2025-06-25T21:58:34.879-0400] {logging_mixin.py:188} INFO - [2025-06-25T21:58:34.879-0400] {dag.py:3096} INFO - Sync 1 DAGs
[2025-06-25T21:58:34.911-0400] {logging_mixin.py:188} INFO - [2025-06-25T21:58:34.911-0400] {dag.py:3954} INFO - Setting next_dagrun for example_dynamic_task_mapping to 2022-03-04 00:00:00+00:00, run_after=2022-03-05 00:00:00+00:00
[2025-06-25T21:58:34.918-0400] {processor.py:183} INFO - Processing /opt/anaconda3/envs/airflow_env/lib/python3.10/site-packages/airflow/example_dags/example_dynamic_task_mapping.py took 0.096 seconds
[2025-06-25T21:59:11.359-0400] {processor.py:161} INFO - Started process (PID=73487) to work on /opt/anaconda3/envs/airflow_env/lib/python3.10/site-packages/airflow/example_dags/example_dynamic_task_mapping.py
[2025-06-25T21:59:11.360-0400] {processor.py:830} INFO - Processing file /opt/anaconda3/envs/airflow_env/lib/python3.10/site-packages/airflow/example_dags/example_dynamic_task_mapping.py for tasks to queue
[2025-06-25T21:59:11.360-0400] {logging_mixin.py:188} INFO - [2025-06-25T21:59:11.360-0400] {dagbag.py:545} INFO - Filling up the DagBag from /opt/anaconda3/envs/airflow_env/lib/python3.10/site-packages/airflow/example_dags/example_dynamic_task_mapping.py
[2025-06-25T21:59:11.374-0400] {processor.py:840} INFO - DAG(s) 'example_dynamic_task_mapping' retrieved from /opt/anaconda3/envs/airflow_env/lib/python3.10/site-packages/airflow/example_dags/example_dynamic_task_mapping.py
[2025-06-25T21:59:11.409-0400] {logging_mixin.py:188} INFO - [2025-06-25T21:59:11.408-0400] {dag.py:3096} INFO - Sync 1 DAGs
[2025-06-25T21:59:11.444-0400] {logging_mixin.py:188} INFO - [2025-06-25T21:59:11.444-0400] {dag.py:3954} INFO - Setting next_dagrun for example_dynamic_task_mapping to 2022-03-04 00:00:00+00:00, run_after=2022-03-05 00:00:00+00:00
[2025-06-25T21:59:11.451-0400] {processor.py:183} INFO - Processing /opt/anaconda3/envs/airflow_env/lib/python3.10/site-packages/airflow/example_dags/example_dynamic_task_mapping.py took 0.094 seconds
[2025-06-25T22:00:32.764-0400] {processor.py:161} INFO - Started process (PID=73597) to work on /opt/anaconda3/envs/airflow_env/lib/python3.10/site-packages/airflow/example_dags/example_dynamic_task_mapping.py
[2025-06-25T22:00:32.766-0400] {processor.py:830} INFO - Processing file /opt/anaconda3/envs/airflow_env/lib/python3.10/site-packages/airflow/example_dags/example_dynamic_task_mapping.py for tasks to queue
[2025-06-25T22:00:32.766-0400] {logging_mixin.py:188} INFO - [2025-06-25T22:00:32.766-0400] {dagbag.py:545} INFO - Filling up the DagBag from /opt/anaconda3/envs/airflow_env/lib/python3.10/site-packages/airflow/example_dags/example_dynamic_task_mapping.py
[2025-06-25T22:00:32.779-0400] {processor.py:840} INFO - DAG(s) 'example_dynamic_task_mapping' retrieved from /opt/anaconda3/envs/airflow_env/lib/python3.10/site-packages/airflow/example_dags/example_dynamic_task_mapping.py
[2025-06-25T22:00:32.811-0400] {logging_mixin.py:188} INFO - [2025-06-25T22:00:32.811-0400] {dag.py:3096} INFO - Sync 1 DAGs
[2025-06-25T22:00:32.837-0400] {logging_mixin.py:188} INFO - [2025-06-25T22:00:32.836-0400] {dag.py:3954} INFO - Setting next_dagrun for example_dynamic_task_mapping to 2022-03-04 00:00:00+00:00, run_after=2022-03-05 00:00:00+00:00
[2025-06-25T22:00:32.843-0400] {processor.py:183} INFO - Processing /opt/anaconda3/envs/airflow_env/lib/python3.10/site-packages/airflow/example_dags/example_dynamic_task_mapping.py took 0.081 seconds
[2025-06-25T22:01:05.875-0400] {processor.py:161} INFO - Started process (PID=73649) to work on /opt/anaconda3/envs/airflow_env/lib/python3.10/site-packages/airflow/example_dags/example_dynamic_task_mapping.py
[2025-06-25T22:01:05.876-0400] {processor.py:830} INFO - Processing file /opt/anaconda3/envs/airflow_env/lib/python3.10/site-packages/airflow/example_dags/example_dynamic_task_mapping.py for tasks to queue
[2025-06-25T22:01:05.876-0400] {logging_mixin.py:188} INFO - [2025-06-25T22:01:05.876-0400] {dagbag.py:545} INFO - Filling up the DagBag from /opt/anaconda3/envs/airflow_env/lib/python3.10/site-packages/airflow/example_dags/example_dynamic_task_mapping.py
[2025-06-25T22:01:05.893-0400] {processor.py:840} INFO - DAG(s) 'example_dynamic_task_mapping' retrieved from /opt/anaconda3/envs/airflow_env/lib/python3.10/site-packages/airflow/example_dags/example_dynamic_task_mapping.py
[2025-06-25T22:01:05.929-0400] {logging_mixin.py:188} INFO - [2025-06-25T22:01:05.929-0400] {dag.py:3096} INFO - Sync 1 DAGs
[2025-06-25T22:01:05.956-0400] {logging_mixin.py:188} INFO - [2025-06-25T22:01:05.956-0400] {dag.py:3954} INFO - Setting next_dagrun for example_dynamic_task_mapping to 2022-03-04 00:00:00+00:00, run_after=2022-03-05 00:00:00+00:00
[2025-06-25T22:01:05.963-0400] {processor.py:183} INFO - Processing /opt/anaconda3/envs/airflow_env/lib/python3.10/site-packages/airflow/example_dags/example_dynamic_task_mapping.py took 0.091 seconds
[2025-06-25T22:02:13.995-0400] {processor.py:161} INFO - Started process (PID=73771) to work on /opt/anaconda3/envs/airflow_env/lib/python3.10/site-packages/airflow/example_dags/example_dynamic_task_mapping.py
[2025-06-25T22:02:13.995-0400] {processor.py:830} INFO - Processing file /opt/anaconda3/envs/airflow_env/lib/python3.10/site-packages/airflow/example_dags/example_dynamic_task_mapping.py for tasks to queue
[2025-06-25T22:02:13.995-0400] {logging_mixin.py:188} INFO - [2025-06-25T22:02:13.995-0400] {dagbag.py:545} INFO - Filling up the DagBag from /opt/anaconda3/envs/airflow_env/lib/python3.10/site-packages/airflow/example_dags/example_dynamic_task_mapping.py
[2025-06-25T22:02:14.009-0400] {processor.py:840} INFO - DAG(s) 'example_dynamic_task_mapping' retrieved from /opt/anaconda3/envs/airflow_env/lib/python3.10/site-packages/airflow/example_dags/example_dynamic_task_mapping.py
[2025-06-25T22:02:14.042-0400] {logging_mixin.py:188} INFO - [2025-06-25T22:02:14.042-0400] {dag.py:3096} INFO - Sync 1 DAGs
[2025-06-25T22:02:14.070-0400] {logging_mixin.py:188} INFO - [2025-06-25T22:02:14.070-0400] {dag.py:3954} INFO - Setting next_dagrun for example_dynamic_task_mapping to 2022-03-04 00:00:00+00:00, run_after=2022-03-05 00:00:00+00:00
[2025-06-25T22:02:14.077-0400] {processor.py:183} INFO - Processing /opt/anaconda3/envs/airflow_env/lib/python3.10/site-packages/airflow/example_dags/example_dynamic_task_mapping.py took 0.084 seconds
[2025-06-25T22:02:42.277-0400] {processor.py:161} INFO - Started process (PID=73814) to work on /opt/anaconda3/envs/airflow_env/lib/python3.10/site-packages/airflow/example_dags/example_dynamic_task_mapping.py
[2025-06-25T22:02:42.278-0400] {processor.py:830} INFO - Processing file /opt/anaconda3/envs/airflow_env/lib/python3.10/site-packages/airflow/example_dags/example_dynamic_task_mapping.py for tasks to queue
[2025-06-25T22:02:42.278-0400] {logging_mixin.py:188} INFO - [2025-06-25T22:02:42.278-0400] {dagbag.py:545} INFO - Filling up the DagBag from /opt/anaconda3/envs/airflow_env/lib/python3.10/site-packages/airflow/example_dags/example_dynamic_task_mapping.py
[2025-06-25T22:02:42.294-0400] {processor.py:840} INFO - DAG(s) 'example_dynamic_task_mapping' retrieved from /opt/anaconda3/envs/airflow_env/lib/python3.10/site-packages/airflow/example_dags/example_dynamic_task_mapping.py
[2025-06-25T22:02:42.332-0400] {logging_mixin.py:188} INFO - [2025-06-25T22:02:42.332-0400] {dag.py:3096} INFO - Sync 1 DAGs
[2025-06-25T22:02:42.365-0400] {logging_mixin.py:188} INFO - [2025-06-25T22:02:42.364-0400] {dag.py:3954} INFO - Setting next_dagrun for example_dynamic_task_mapping to 2022-03-04 00:00:00+00:00, run_after=2022-03-05 00:00:00+00:00
[2025-06-25T22:02:42.371-0400] {processor.py:183} INFO - Processing /opt/anaconda3/envs/airflow_env/lib/python3.10/site-packages/airflow/example_dags/example_dynamic_task_mapping.py took 0.097 seconds
[2025-06-25T22:03:51.008-0400] {processor.py:161} INFO - Started process (PID=73912) to work on /opt/anaconda3/envs/airflow_env/lib/python3.10/site-packages/airflow/example_dags/example_dynamic_task_mapping.py
[2025-06-25T22:03:51.009-0400] {processor.py:830} INFO - Processing file /opt/anaconda3/envs/airflow_env/lib/python3.10/site-packages/airflow/example_dags/example_dynamic_task_mapping.py for tasks to queue
[2025-06-25T22:03:51.009-0400] {logging_mixin.py:188} INFO - [2025-06-25T22:03:51.009-0400] {dagbag.py:545} INFO - Filling up the DagBag from /opt/anaconda3/envs/airflow_env/lib/python3.10/site-packages/airflow/example_dags/example_dynamic_task_mapping.py
[2025-06-25T22:03:51.022-0400] {processor.py:840} INFO - DAG(s) 'example_dynamic_task_mapping' retrieved from /opt/anaconda3/envs/airflow_env/lib/python3.10/site-packages/airflow/example_dags/example_dynamic_task_mapping.py
[2025-06-25T22:03:51.054-0400] {logging_mixin.py:188} INFO - [2025-06-25T22:03:51.053-0400] {dag.py:3096} INFO - Sync 1 DAGs
[2025-06-25T22:03:51.078-0400] {logging_mixin.py:188} INFO - [2025-06-25T22:03:51.078-0400] {dag.py:3954} INFO - Setting next_dagrun for example_dynamic_task_mapping to 2022-03-04 00:00:00+00:00, run_after=2022-03-05 00:00:00+00:00
[2025-06-25T22:03:51.085-0400] {processor.py:183} INFO - Processing /opt/anaconda3/envs/airflow_env/lib/python3.10/site-packages/airflow/example_dags/example_dynamic_task_mapping.py took 0.078 seconds
[2025-06-25T22:04:26.563-0400] {processor.py:161} INFO - Started process (PID=73964) to work on /opt/anaconda3/envs/airflow_env/lib/python3.10/site-packages/airflow/example_dags/example_dynamic_task_mapping.py
[2025-06-25T22:04:26.565-0400] {processor.py:830} INFO - Processing file /opt/anaconda3/envs/airflow_env/lib/python3.10/site-packages/airflow/example_dags/example_dynamic_task_mapping.py for tasks to queue
[2025-06-25T22:04:26.565-0400] {logging_mixin.py:188} INFO - [2025-06-25T22:04:26.565-0400] {dagbag.py:545} INFO - Filling up the DagBag from /opt/anaconda3/envs/airflow_env/lib/python3.10/site-packages/airflow/example_dags/example_dynamic_task_mapping.py
[2025-06-25T22:04:26.581-0400] {processor.py:840} INFO - DAG(s) 'example_dynamic_task_mapping' retrieved from /opt/anaconda3/envs/airflow_env/lib/python3.10/site-packages/airflow/example_dags/example_dynamic_task_mapping.py
[2025-06-25T22:04:26.616-0400] {logging_mixin.py:188} INFO - [2025-06-25T22:04:26.616-0400] {dag.py:3096} INFO - Sync 1 DAGs
[2025-06-25T22:04:26.641-0400] {logging_mixin.py:188} INFO - [2025-06-25T22:04:26.641-0400] {dag.py:3954} INFO - Setting next_dagrun for example_dynamic_task_mapping to 2022-03-04 00:00:00+00:00, run_after=2022-03-05 00:00:00+00:00
[2025-06-25T22:04:26.648-0400] {processor.py:183} INFO - Processing /opt/anaconda3/envs/airflow_env/lib/python3.10/site-packages/airflow/example_dags/example_dynamic_task_mapping.py took 0.086 seconds
[2025-06-25T22:05:27.810-0400] {processor.py:161} INFO - Started process (PID=74048) to work on /opt/anaconda3/envs/airflow_env/lib/python3.10/site-packages/airflow/example_dags/example_dynamic_task_mapping.py
[2025-06-25T22:05:27.811-0400] {processor.py:830} INFO - Processing file /opt/anaconda3/envs/airflow_env/lib/python3.10/site-packages/airflow/example_dags/example_dynamic_task_mapping.py for tasks to queue
[2025-06-25T22:05:27.811-0400] {logging_mixin.py:188} INFO - [2025-06-25T22:05:27.811-0400] {dagbag.py:545} INFO - Filling up the DagBag from /opt/anaconda3/envs/airflow_env/lib/python3.10/site-packages/airflow/example_dags/example_dynamic_task_mapping.py
[2025-06-25T22:05:27.827-0400] {processor.py:840} INFO - DAG(s) 'example_dynamic_task_mapping' retrieved from /opt/anaconda3/envs/airflow_env/lib/python3.10/site-packages/airflow/example_dags/example_dynamic_task_mapping.py
[2025-06-25T22:05:27.860-0400] {logging_mixin.py:188} INFO - [2025-06-25T22:05:27.860-0400] {dag.py:3096} INFO - Sync 1 DAGs
[2025-06-25T22:05:27.888-0400] {logging_mixin.py:188} INFO - [2025-06-25T22:05:27.888-0400] {dag.py:3954} INFO - Setting next_dagrun for example_dynamic_task_mapping to 2022-03-04 00:00:00+00:00, run_after=2022-03-05 00:00:00+00:00
[2025-06-25T22:05:27.895-0400] {processor.py:183} INFO - Processing /opt/anaconda3/envs/airflow_env/lib/python3.10/site-packages/airflow/example_dags/example_dynamic_task_mapping.py took 0.086 seconds
[2025-06-25T22:06:07.528-0400] {processor.py:161} INFO - Started process (PID=74104) to work on /opt/anaconda3/envs/airflow_env/lib/python3.10/site-packages/airflow/example_dags/example_dynamic_task_mapping.py
[2025-06-25T22:06:07.528-0400] {processor.py:830} INFO - Processing file /opt/anaconda3/envs/airflow_env/lib/python3.10/site-packages/airflow/example_dags/example_dynamic_task_mapping.py for tasks to queue
[2025-06-25T22:06:07.529-0400] {logging_mixin.py:188} INFO - [2025-06-25T22:06:07.528-0400] {dagbag.py:545} INFO - Filling up the DagBag from /opt/anaconda3/envs/airflow_env/lib/python3.10/site-packages/airflow/example_dags/example_dynamic_task_mapping.py
[2025-06-25T22:06:07.542-0400] {processor.py:840} INFO - DAG(s) 'example_dynamic_task_mapping' retrieved from /opt/anaconda3/envs/airflow_env/lib/python3.10/site-packages/airflow/example_dags/example_dynamic_task_mapping.py
[2025-06-25T22:06:07.573-0400] {logging_mixin.py:188} INFO - [2025-06-25T22:06:07.573-0400] {dag.py:3096} INFO - Sync 1 DAGs
[2025-06-25T22:06:07.600-0400] {logging_mixin.py:188} INFO - [2025-06-25T22:06:07.600-0400] {dag.py:3954} INFO - Setting next_dagrun for example_dynamic_task_mapping to 2022-03-04 00:00:00+00:00, run_after=2022-03-05 00:00:00+00:00
[2025-06-25T22:06:07.607-0400] {processor.py:183} INFO - Processing /opt/anaconda3/envs/airflow_env/lib/python3.10/site-packages/airflow/example_dags/example_dynamic_task_mapping.py took 0.081 seconds
[2025-06-25T22:07:11.992-0400] {processor.py:161} INFO - Started process (PID=74210) to work on /opt/anaconda3/envs/airflow_env/lib/python3.10/site-packages/airflow/example_dags/example_dynamic_task_mapping.py
[2025-06-25T22:07:11.992-0400] {processor.py:830} INFO - Processing file /opt/anaconda3/envs/airflow_env/lib/python3.10/site-packages/airflow/example_dags/example_dynamic_task_mapping.py for tasks to queue
[2025-06-25T22:07:11.993-0400] {logging_mixin.py:188} INFO - [2025-06-25T22:07:11.992-0400] {dagbag.py:545} INFO - Filling up the DagBag from /opt/anaconda3/envs/airflow_env/lib/python3.10/site-packages/airflow/example_dags/example_dynamic_task_mapping.py
[2025-06-25T22:07:12.009-0400] {processor.py:840} INFO - DAG(s) 'example_dynamic_task_mapping' retrieved from /opt/anaconda3/envs/airflow_env/lib/python3.10/site-packages/airflow/example_dags/example_dynamic_task_mapping.py
[2025-06-25T22:07:12.046-0400] {logging_mixin.py:188} INFO - [2025-06-25T22:07:12.045-0400] {dag.py:3096} INFO - Sync 1 DAGs
[2025-06-25T22:07:12.080-0400] {logging_mixin.py:188} INFO - [2025-06-25T22:07:12.080-0400] {dag.py:3954} INFO - Setting next_dagrun for example_dynamic_task_mapping to 2022-03-04 00:00:00+00:00, run_after=2022-03-05 00:00:00+00:00
[2025-06-25T22:07:12.086-0400] {processor.py:183} INFO - Processing /opt/anaconda3/envs/airflow_env/lib/python3.10/site-packages/airflow/example_dags/example_dynamic_task_mapping.py took 0.097 seconds
[2025-06-25T22:07:44.593-0400] {processor.py:161} INFO - Started process (PID=74266) to work on /opt/anaconda3/envs/airflow_env/lib/python3.10/site-packages/airflow/example_dags/example_dynamic_task_mapping.py
[2025-06-25T22:07:44.594-0400] {processor.py:830} INFO - Processing file /opt/anaconda3/envs/airflow_env/lib/python3.10/site-packages/airflow/example_dags/example_dynamic_task_mapping.py for tasks to queue
[2025-06-25T22:07:44.594-0400] {logging_mixin.py:188} INFO - [2025-06-25T22:07:44.594-0400] {dagbag.py:545} INFO - Filling up the DagBag from /opt/anaconda3/envs/airflow_env/lib/python3.10/site-packages/airflow/example_dags/example_dynamic_task_mapping.py
[2025-06-25T22:07:44.608-0400] {processor.py:840} INFO - DAG(s) 'example_dynamic_task_mapping' retrieved from /opt/anaconda3/envs/airflow_env/lib/python3.10/site-packages/airflow/example_dags/example_dynamic_task_mapping.py
[2025-06-25T22:07:44.640-0400] {logging_mixin.py:188} INFO - [2025-06-25T22:07:44.640-0400] {dag.py:3096} INFO - Sync 1 DAGs
[2025-06-25T22:07:44.665-0400] {logging_mixin.py:188} INFO - [2025-06-25T22:07:44.665-0400] {dag.py:3954} INFO - Setting next_dagrun for example_dynamic_task_mapping to 2022-03-04 00:00:00+00:00, run_after=2022-03-05 00:00:00+00:00
[2025-06-25T22:07:44.672-0400] {processor.py:183} INFO - Processing /opt/anaconda3/envs/airflow_env/lib/python3.10/site-packages/airflow/example_dags/example_dynamic_task_mapping.py took 0.081 seconds
[2025-06-25T22:08:53.062-0400] {processor.py:161} INFO - Started process (PID=74375) to work on /opt/anaconda3/envs/airflow_env/lib/python3.10/site-packages/airflow/example_dags/example_dynamic_task_mapping.py
[2025-06-25T22:08:53.063-0400] {processor.py:830} INFO - Processing file /opt/anaconda3/envs/airflow_env/lib/python3.10/site-packages/airflow/example_dags/example_dynamic_task_mapping.py for tasks to queue
[2025-06-25T22:08:53.064-0400] {logging_mixin.py:188} INFO - [2025-06-25T22:08:53.063-0400] {dagbag.py:545} INFO - Filling up the DagBag from /opt/anaconda3/envs/airflow_env/lib/python3.10/site-packages/airflow/example_dags/example_dynamic_task_mapping.py
[2025-06-25T22:08:53.078-0400] {processor.py:840} INFO - DAG(s) 'example_dynamic_task_mapping' retrieved from /opt/anaconda3/envs/airflow_env/lib/python3.10/site-packages/airflow/example_dags/example_dynamic_task_mapping.py
[2025-06-25T22:08:53.111-0400] {logging_mixin.py:188} INFO - [2025-06-25T22:08:53.111-0400] {dag.py:3096} INFO - Sync 1 DAGs
[2025-06-25T22:08:53.138-0400] {logging_mixin.py:188} INFO - [2025-06-25T22:08:53.137-0400] {dag.py:3954} INFO - Setting next_dagrun for example_dynamic_task_mapping to 2022-03-04 00:00:00+00:00, run_after=2022-03-05 00:00:00+00:00
[2025-06-25T22:08:53.144-0400] {processor.py:183} INFO - Processing /opt/anaconda3/envs/airflow_env/lib/python3.10/site-packages/airflow/example_dags/example_dynamic_task_mapping.py took 0.084 seconds
[2025-06-25T22:09:22.657-0400] {processor.py:161} INFO - Started process (PID=74418) to work on /opt/anaconda3/envs/airflow_env/lib/python3.10/site-packages/airflow/example_dags/example_dynamic_task_mapping.py
[2025-06-25T22:09:22.658-0400] {processor.py:830} INFO - Processing file /opt/anaconda3/envs/airflow_env/lib/python3.10/site-packages/airflow/example_dags/example_dynamic_task_mapping.py for tasks to queue
[2025-06-25T22:09:22.658-0400] {logging_mixin.py:188} INFO - [2025-06-25T22:09:22.658-0400] {dagbag.py:545} INFO - Filling up the DagBag from /opt/anaconda3/envs/airflow_env/lib/python3.10/site-packages/airflow/example_dags/example_dynamic_task_mapping.py
[2025-06-25T22:09:22.674-0400] {processor.py:840} INFO - DAG(s) 'example_dynamic_task_mapping' retrieved from /opt/anaconda3/envs/airflow_env/lib/python3.10/site-packages/airflow/example_dags/example_dynamic_task_mapping.py
[2025-06-25T22:09:22.711-0400] {logging_mixin.py:188} INFO - [2025-06-25T22:09:22.711-0400] {dag.py:3096} INFO - Sync 1 DAGs
[2025-06-25T22:09:22.747-0400] {logging_mixin.py:188} INFO - [2025-06-25T22:09:22.747-0400] {dag.py:3954} INFO - Setting next_dagrun for example_dynamic_task_mapping to 2022-03-04 00:00:00+00:00, run_after=2022-03-05 00:00:00+00:00
[2025-06-25T22:09:22.753-0400] {processor.py:183} INFO - Processing /opt/anaconda3/envs/airflow_env/lib/python3.10/site-packages/airflow/example_dags/example_dynamic_task_mapping.py took 0.099 seconds
[2025-06-25T22:10:26.094-0400] {processor.py:161} INFO - Started process (PID=74505) to work on /opt/anaconda3/envs/airflow_env/lib/python3.10/site-packages/airflow/example_dags/example_dynamic_task_mapping.py
[2025-06-25T22:10:26.094-0400] {processor.py:830} INFO - Processing file /opt/anaconda3/envs/airflow_env/lib/python3.10/site-packages/airflow/example_dags/example_dynamic_task_mapping.py for tasks to queue
[2025-06-25T22:10:26.094-0400] {logging_mixin.py:188} INFO - [2025-06-25T22:10:26.094-0400] {dagbag.py:545} INFO - Filling up the DagBag from /opt/anaconda3/envs/airflow_env/lib/python3.10/site-packages/airflow/example_dags/example_dynamic_task_mapping.py
[2025-06-25T22:10:26.107-0400] {processor.py:840} INFO - DAG(s) 'example_dynamic_task_mapping' retrieved from /opt/anaconda3/envs/airflow_env/lib/python3.10/site-packages/airflow/example_dags/example_dynamic_task_mapping.py
[2025-06-25T22:10:26.139-0400] {logging_mixin.py:188} INFO - [2025-06-25T22:10:26.139-0400] {dag.py:3096} INFO - Sync 1 DAGs
[2025-06-25T22:10:26.163-0400] {logging_mixin.py:188} INFO - [2025-06-25T22:10:26.163-0400] {dag.py:3954} INFO - Setting next_dagrun for example_dynamic_task_mapping to 2022-03-04 00:00:00+00:00, run_after=2022-03-05 00:00:00+00:00
[2025-06-25T22:10:26.170-0400] {processor.py:183} INFO - Processing /opt/anaconda3/envs/airflow_env/lib/python3.10/site-packages/airflow/example_dags/example_dynamic_task_mapping.py took 0.078 seconds
[2025-06-25T22:11:09.001-0400] {processor.py:161} INFO - Started process (PID=74565) to work on /opt/anaconda3/envs/airflow_env/lib/python3.10/site-packages/airflow/example_dags/example_dynamic_task_mapping.py
[2025-06-25T22:11:09.002-0400] {processor.py:830} INFO - Processing file /opt/anaconda3/envs/airflow_env/lib/python3.10/site-packages/airflow/example_dags/example_dynamic_task_mapping.py for tasks to queue
[2025-06-25T22:11:09.002-0400] {logging_mixin.py:188} INFO - [2025-06-25T22:11:09.002-0400] {dagbag.py:545} INFO - Filling up the DagBag from /opt/anaconda3/envs/airflow_env/lib/python3.10/site-packages/airflow/example_dags/example_dynamic_task_mapping.py
[2025-06-25T22:11:09.017-0400] {processor.py:840} INFO - DAG(s) 'example_dynamic_task_mapping' retrieved from /opt/anaconda3/envs/airflow_env/lib/python3.10/site-packages/airflow/example_dags/example_dynamic_task_mapping.py
[2025-06-25T22:11:09.051-0400] {logging_mixin.py:188} INFO - [2025-06-25T22:11:09.051-0400] {dag.py:3096} INFO - Sync 1 DAGs
[2025-06-25T22:11:09.085-0400] {logging_mixin.py:188} INFO - [2025-06-25T22:11:09.085-0400] {dag.py:3954} INFO - Setting next_dagrun for example_dynamic_task_mapping to 2022-03-04 00:00:00+00:00, run_after=2022-03-05 00:00:00+00:00
[2025-06-25T22:11:09.092-0400] {processor.py:183} INFO - Processing /opt/anaconda3/envs/airflow_env/lib/python3.10/site-packages/airflow/example_dags/example_dynamic_task_mapping.py took 0.092 seconds
[2025-06-25T22:12:20.535-0400] {processor.py:161} INFO - Started process (PID=74700) to work on /opt/anaconda3/envs/airflow_env/lib/python3.10/site-packages/airflow/example_dags/example_dynamic_task_mapping.py
[2025-06-25T22:12:20.536-0400] {processor.py:830} INFO - Processing file /opt/anaconda3/envs/airflow_env/lib/python3.10/site-packages/airflow/example_dags/example_dynamic_task_mapping.py for tasks to queue
[2025-06-25T22:12:20.536-0400] {logging_mixin.py:188} INFO - [2025-06-25T22:12:20.536-0400] {dagbag.py:545} INFO - Filling up the DagBag from /opt/anaconda3/envs/airflow_env/lib/python3.10/site-packages/airflow/example_dags/example_dynamic_task_mapping.py
[2025-06-25T22:12:20.554-0400] {processor.py:840} INFO - DAG(s) 'example_dynamic_task_mapping' retrieved from /opt/anaconda3/envs/airflow_env/lib/python3.10/site-packages/airflow/example_dags/example_dynamic_task_mapping.py
[2025-06-25T22:12:20.590-0400] {logging_mixin.py:188} INFO - [2025-06-25T22:12:20.590-0400] {dag.py:3096} INFO - Sync 1 DAGs
[2025-06-25T22:12:20.634-0400] {logging_mixin.py:188} INFO - [2025-06-25T22:12:20.634-0400] {dag.py:3954} INFO - Setting next_dagrun for example_dynamic_task_mapping to 2022-03-04 00:00:00+00:00, run_after=2022-03-05 00:00:00+00:00
[2025-06-25T22:12:20.641-0400] {processor.py:183} INFO - Processing /opt/anaconda3/envs/airflow_env/lib/python3.10/site-packages/airflow/example_dags/example_dynamic_task_mapping.py took 0.109 seconds
[2025-06-25T22:13:05.970-0400] {processor.py:161} INFO - Started process (PID=74767) to work on /opt/anaconda3/envs/airflow_env/lib/python3.10/site-packages/airflow/example_dags/example_dynamic_task_mapping.py
[2025-06-25T22:13:05.971-0400] {processor.py:830} INFO - Processing file /opt/anaconda3/envs/airflow_env/lib/python3.10/site-packages/airflow/example_dags/example_dynamic_task_mapping.py for tasks to queue
[2025-06-25T22:13:05.971-0400] {logging_mixin.py:188} INFO - [2025-06-25T22:13:05.971-0400] {dagbag.py:545} INFO - Filling up the DagBag from /opt/anaconda3/envs/airflow_env/lib/python3.10/site-packages/airflow/example_dags/example_dynamic_task_mapping.py
[2025-06-25T22:13:05.984-0400] {processor.py:840} INFO - DAG(s) 'example_dynamic_task_mapping' retrieved from /opt/anaconda3/envs/airflow_env/lib/python3.10/site-packages/airflow/example_dags/example_dynamic_task_mapping.py
[2025-06-25T22:13:06.015-0400] {logging_mixin.py:188} INFO - [2025-06-25T22:13:06.015-0400] {dag.py:3096} INFO - Sync 1 DAGs
[2025-06-25T22:13:06.039-0400] {logging_mixin.py:188} INFO - [2025-06-25T22:13:06.039-0400] {dag.py:3954} INFO - Setting next_dagrun for example_dynamic_task_mapping to 2022-03-04 00:00:00+00:00, run_after=2022-03-05 00:00:00+00:00
[2025-06-25T22:13:06.046-0400] {processor.py:183} INFO - Processing /opt/anaconda3/envs/airflow_env/lib/python3.10/site-packages/airflow/example_dags/example_dynamic_task_mapping.py took 0.078 seconds
[2025-06-25T22:14:03.142-0400] {processor.py:161} INFO - Started process (PID=74845) to work on /opt/anaconda3/envs/airflow_env/lib/python3.10/site-packages/airflow/example_dags/example_dynamic_task_mapping.py
[2025-06-25T22:14:03.143-0400] {processor.py:830} INFO - Processing file /opt/anaconda3/envs/airflow_env/lib/python3.10/site-packages/airflow/example_dags/example_dynamic_task_mapping.py for tasks to queue
[2025-06-25T22:14:03.143-0400] {logging_mixin.py:188} INFO - [2025-06-25T22:14:03.143-0400] {dagbag.py:545} INFO - Filling up the DagBag from /opt/anaconda3/envs/airflow_env/lib/python3.10/site-packages/airflow/example_dags/example_dynamic_task_mapping.py
[2025-06-25T22:14:03.158-0400] {processor.py:840} INFO - DAG(s) 'example_dynamic_task_mapping' retrieved from /opt/anaconda3/envs/airflow_env/lib/python3.10/site-packages/airflow/example_dags/example_dynamic_task_mapping.py
[2025-06-25T22:14:03.197-0400] {logging_mixin.py:188} INFO - [2025-06-25T22:14:03.197-0400] {dag.py:3096} INFO - Sync 1 DAGs
[2025-06-25T22:14:03.226-0400] {logging_mixin.py:188} INFO - [2025-06-25T22:14:03.225-0400] {dag.py:3954} INFO - Setting next_dagrun for example_dynamic_task_mapping to 2022-03-04 00:00:00+00:00, run_after=2022-03-05 00:00:00+00:00
[2025-06-25T22:14:03.232-0400] {processor.py:183} INFO - Processing /opt/anaconda3/envs/airflow_env/lib/python3.10/site-packages/airflow/example_dags/example_dynamic_task_mapping.py took 0.092 seconds
[2025-06-25T22:14:50.778-0400] {processor.py:161} INFO - Started process (PID=74915) to work on /opt/anaconda3/envs/airflow_env/lib/python3.10/site-packages/airflow/example_dags/example_dynamic_task_mapping.py
[2025-06-25T22:14:50.778-0400] {processor.py:830} INFO - Processing file /opt/anaconda3/envs/airflow_env/lib/python3.10/site-packages/airflow/example_dags/example_dynamic_task_mapping.py for tasks to queue
[2025-06-25T22:14:50.779-0400] {logging_mixin.py:188} INFO - [2025-06-25T22:14:50.779-0400] {dagbag.py:545} INFO - Filling up the DagBag from /opt/anaconda3/envs/airflow_env/lib/python3.10/site-packages/airflow/example_dags/example_dynamic_task_mapping.py
[2025-06-25T22:14:50.792-0400] {processor.py:840} INFO - DAG(s) 'example_dynamic_task_mapping' retrieved from /opt/anaconda3/envs/airflow_env/lib/python3.10/site-packages/airflow/example_dags/example_dynamic_task_mapping.py
[2025-06-25T22:14:50.823-0400] {logging_mixin.py:188} INFO - [2025-06-25T22:14:50.823-0400] {dag.py:3096} INFO - Sync 1 DAGs
[2025-06-25T22:14:50.850-0400] {logging_mixin.py:188} INFO - [2025-06-25T22:14:50.850-0400] {dag.py:3954} INFO - Setting next_dagrun for example_dynamic_task_mapping to 2022-03-04 00:00:00+00:00, run_after=2022-03-05 00:00:00+00:00
[2025-06-25T22:14:50.857-0400] {processor.py:183} INFO - Processing /opt/anaconda3/envs/airflow_env/lib/python3.10/site-packages/airflow/example_dags/example_dynamic_task_mapping.py took 0.081 seconds
[2025-06-25T22:15:53.107-0400] {processor.py:161} INFO - Started process (PID=75002) to work on /opt/anaconda3/envs/airflow_env/lib/python3.10/site-packages/airflow/example_dags/example_dynamic_task_mapping.py
[2025-06-25T22:15:53.108-0400] {processor.py:830} INFO - Processing file /opt/anaconda3/envs/airflow_env/lib/python3.10/site-packages/airflow/example_dags/example_dynamic_task_mapping.py for tasks to queue
[2025-06-25T22:15:53.108-0400] {logging_mixin.py:188} INFO - [2025-06-25T22:15:53.108-0400] {dagbag.py:545} INFO - Filling up the DagBag from /opt/anaconda3/envs/airflow_env/lib/python3.10/site-packages/airflow/example_dags/example_dynamic_task_mapping.py
[2025-06-25T22:15:53.123-0400] {processor.py:840} INFO - DAG(s) 'example_dynamic_task_mapping' retrieved from /opt/anaconda3/envs/airflow_env/lib/python3.10/site-packages/airflow/example_dags/example_dynamic_task_mapping.py
[2025-06-25T22:15:53.158-0400] {logging_mixin.py:188} INFO - [2025-06-25T22:15:53.158-0400] {dag.py:3096} INFO - Sync 1 DAGs
[2025-06-25T22:15:53.193-0400] {logging_mixin.py:188} INFO - [2025-06-25T22:15:53.193-0400] {dag.py:3954} INFO - Setting next_dagrun for example_dynamic_task_mapping to 2022-03-04 00:00:00+00:00, run_after=2022-03-05 00:00:00+00:00
[2025-06-25T22:15:53.200-0400] {processor.py:183} INFO - Processing /opt/anaconda3/envs/airflow_env/lib/python3.10/site-packages/airflow/example_dags/example_dynamic_task_mapping.py took 0.096 seconds
[2025-06-25T22:16:38.596-0400] {processor.py:161} INFO - Started process (PID=75064) to work on /opt/anaconda3/envs/airflow_env/lib/python3.10/site-packages/airflow/example_dags/example_dynamic_task_mapping.py
[2025-06-25T22:16:38.596-0400] {processor.py:830} INFO - Processing file /opt/anaconda3/envs/airflow_env/lib/python3.10/site-packages/airflow/example_dags/example_dynamic_task_mapping.py for tasks to queue
[2025-06-25T22:16:38.596-0400] {logging_mixin.py:188} INFO - [2025-06-25T22:16:38.596-0400] {dagbag.py:545} INFO - Filling up the DagBag from /opt/anaconda3/envs/airflow_env/lib/python3.10/site-packages/airflow/example_dags/example_dynamic_task_mapping.py
[2025-06-25T22:16:38.610-0400] {processor.py:840} INFO - DAG(s) 'example_dynamic_task_mapping' retrieved from /opt/anaconda3/envs/airflow_env/lib/python3.10/site-packages/airflow/example_dags/example_dynamic_task_mapping.py
[2025-06-25T22:16:38.645-0400] {logging_mixin.py:188} INFO - [2025-06-25T22:16:38.645-0400] {dag.py:3096} INFO - Sync 1 DAGs
[2025-06-25T22:16:38.673-0400] {logging_mixin.py:188} INFO - [2025-06-25T22:16:38.672-0400] {dag.py:3954} INFO - Setting next_dagrun for example_dynamic_task_mapping to 2022-03-04 00:00:00+00:00, run_after=2022-03-05 00:00:00+00:00
[2025-06-25T22:16:38.680-0400] {processor.py:183} INFO - Processing /opt/anaconda3/envs/airflow_env/lib/python3.10/site-packages/airflow/example_dags/example_dynamic_task_mapping.py took 0.086 seconds
[2025-06-25T22:17:38.952-0400] {processor.py:161} INFO - Started process (PID=75149) to work on /opt/anaconda3/envs/airflow_env/lib/python3.10/site-packages/airflow/example_dags/example_dynamic_task_mapping.py
[2025-06-25T22:17:38.953-0400] {processor.py:830} INFO - Processing file /opt/anaconda3/envs/airflow_env/lib/python3.10/site-packages/airflow/example_dags/example_dynamic_task_mapping.py for tasks to queue
[2025-06-25T22:17:38.953-0400] {logging_mixin.py:188} INFO - [2025-06-25T22:17:38.953-0400] {dagbag.py:545} INFO - Filling up the DagBag from /opt/anaconda3/envs/airflow_env/lib/python3.10/site-packages/airflow/example_dags/example_dynamic_task_mapping.py
[2025-06-25T22:17:38.968-0400] {processor.py:840} INFO - DAG(s) 'example_dynamic_task_mapping' retrieved from /opt/anaconda3/envs/airflow_env/lib/python3.10/site-packages/airflow/example_dags/example_dynamic_task_mapping.py
[2025-06-25T22:17:39.013-0400] {logging_mixin.py:188} INFO - [2025-06-25T22:17:39.013-0400] {dag.py:3096} INFO - Sync 1 DAGs
[2025-06-25T22:17:39.044-0400] {logging_mixin.py:188} INFO - [2025-06-25T22:17:39.044-0400] {dag.py:3954} INFO - Setting next_dagrun for example_dynamic_task_mapping to 2022-03-04 00:00:00+00:00, run_after=2022-03-05 00:00:00+00:00
[2025-06-25T22:17:39.052-0400] {processor.py:183} INFO - Processing /opt/anaconda3/envs/airflow_env/lib/python3.10/site-packages/airflow/example_dags/example_dynamic_task_mapping.py took 0.102 seconds
[2025-06-25T22:18:36.747-0400] {processor.py:161} INFO - Started process (PID=75227) to work on /opt/anaconda3/envs/airflow_env/lib/python3.10/site-packages/airflow/example_dags/example_dynamic_task_mapping.py
[2025-06-25T22:18:36.748-0400] {processor.py:830} INFO - Processing file /opt/anaconda3/envs/airflow_env/lib/python3.10/site-packages/airflow/example_dags/example_dynamic_task_mapping.py for tasks to queue
[2025-06-25T22:18:36.748-0400] {logging_mixin.py:188} INFO - [2025-06-25T22:18:36.748-0400] {dagbag.py:545} INFO - Filling up the DagBag from /opt/anaconda3/envs/airflow_env/lib/python3.10/site-packages/airflow/example_dags/example_dynamic_task_mapping.py
[2025-06-25T22:18:36.764-0400] {processor.py:840} INFO - DAG(s) 'example_dynamic_task_mapping' retrieved from /opt/anaconda3/envs/airflow_env/lib/python3.10/site-packages/airflow/example_dags/example_dynamic_task_mapping.py
[2025-06-25T22:18:36.799-0400] {logging_mixin.py:188} INFO - [2025-06-25T22:18:36.798-0400] {dag.py:3096} INFO - Sync 1 DAGs
[2025-06-25T22:18:36.826-0400] {logging_mixin.py:188} INFO - [2025-06-25T22:18:36.826-0400] {dag.py:3954} INFO - Setting next_dagrun for example_dynamic_task_mapping to 2022-03-04 00:00:00+00:00, run_after=2022-03-05 00:00:00+00:00
[2025-06-25T22:18:36.833-0400] {processor.py:183} INFO - Processing /opt/anaconda3/envs/airflow_env/lib/python3.10/site-packages/airflow/example_dags/example_dynamic_task_mapping.py took 0.089 seconds
[2025-06-25T22:19:35.603-0400] {processor.py:161} INFO - Started process (PID=75306) to work on /opt/anaconda3/envs/airflow_env/lib/python3.10/site-packages/airflow/example_dags/example_dynamic_task_mapping.py
[2025-06-25T22:19:35.604-0400] {processor.py:830} INFO - Processing file /opt/anaconda3/envs/airflow_env/lib/python3.10/site-packages/airflow/example_dags/example_dynamic_task_mapping.py for tasks to queue
[2025-06-25T22:19:35.604-0400] {logging_mixin.py:188} INFO - [2025-06-25T22:19:35.604-0400] {dagbag.py:545} INFO - Filling up the DagBag from /opt/anaconda3/envs/airflow_env/lib/python3.10/site-packages/airflow/example_dags/example_dynamic_task_mapping.py
[2025-06-25T22:19:35.620-0400] {processor.py:840} INFO - DAG(s) 'example_dynamic_task_mapping' retrieved from /opt/anaconda3/envs/airflow_env/lib/python3.10/site-packages/airflow/example_dags/example_dynamic_task_mapping.py
[2025-06-25T22:19:35.656-0400] {logging_mixin.py:188} INFO - [2025-06-25T22:19:35.656-0400] {dag.py:3096} INFO - Sync 1 DAGs
[2025-06-25T22:19:35.684-0400] {logging_mixin.py:188} INFO - [2025-06-25T22:19:35.684-0400] {dag.py:3954} INFO - Setting next_dagrun for example_dynamic_task_mapping to 2022-03-04 00:00:00+00:00, run_after=2022-03-05 00:00:00+00:00
[2025-06-25T22:19:35.692-0400] {processor.py:183} INFO - Processing /opt/anaconda3/envs/airflow_env/lib/python3.10/site-packages/airflow/example_dags/example_dynamic_task_mapping.py took 0.092 seconds
[2025-06-25T22:20:30.986-0400] {processor.py:161} INFO - Started process (PID=75377) to work on /opt/anaconda3/envs/airflow_env/lib/python3.10/site-packages/airflow/example_dags/example_dynamic_task_mapping.py
[2025-06-25T22:20:30.987-0400] {processor.py:830} INFO - Processing file /opt/anaconda3/envs/airflow_env/lib/python3.10/site-packages/airflow/example_dags/example_dynamic_task_mapping.py for tasks to queue
[2025-06-25T22:20:30.987-0400] {logging_mixin.py:188} INFO - [2025-06-25T22:20:30.987-0400] {dagbag.py:545} INFO - Filling up the DagBag from /opt/anaconda3/envs/airflow_env/lib/python3.10/site-packages/airflow/example_dags/example_dynamic_task_mapping.py
[2025-06-25T22:20:31.001-0400] {processor.py:840} INFO - DAG(s) 'example_dynamic_task_mapping' retrieved from /opt/anaconda3/envs/airflow_env/lib/python3.10/site-packages/airflow/example_dags/example_dynamic_task_mapping.py
[2025-06-25T22:20:31.034-0400] {logging_mixin.py:188} INFO - [2025-06-25T22:20:31.034-0400] {dag.py:3096} INFO - Sync 1 DAGs
[2025-06-25T22:20:31.060-0400] {logging_mixin.py:188} INFO - [2025-06-25T22:20:31.060-0400] {dag.py:3954} INFO - Setting next_dagrun for example_dynamic_task_mapping to 2022-03-04 00:00:00+00:00, run_after=2022-03-05 00:00:00+00:00
[2025-06-25T22:20:31.067-0400] {processor.py:183} INFO - Processing /opt/anaconda3/envs/airflow_env/lib/python3.10/site-packages/airflow/example_dags/example_dynamic_task_mapping.py took 0.083 seconds
[2025-06-25T22:21:24.530-0400] {processor.py:161} INFO - Started process (PID=75456) to work on /opt/anaconda3/envs/airflow_env/lib/python3.10/site-packages/airflow/example_dags/example_dynamic_task_mapping.py
[2025-06-25T22:21:24.530-0400] {processor.py:830} INFO - Processing file /opt/anaconda3/envs/airflow_env/lib/python3.10/site-packages/airflow/example_dags/example_dynamic_task_mapping.py for tasks to queue
[2025-06-25T22:21:24.531-0400] {logging_mixin.py:188} INFO - [2025-06-25T22:21:24.531-0400] {dagbag.py:545} INFO - Filling up the DagBag from /opt/anaconda3/envs/airflow_env/lib/python3.10/site-packages/airflow/example_dags/example_dynamic_task_mapping.py
[2025-06-25T22:21:24.549-0400] {processor.py:840} INFO - DAG(s) 'example_dynamic_task_mapping' retrieved from /opt/anaconda3/envs/airflow_env/lib/python3.10/site-packages/airflow/example_dags/example_dynamic_task_mapping.py
[2025-06-25T22:21:24.586-0400] {logging_mixin.py:188} INFO - [2025-06-25T22:21:24.586-0400] {dag.py:3096} INFO - Sync 1 DAGs
[2025-06-25T22:21:24.621-0400] {logging_mixin.py:188} INFO - [2025-06-25T22:21:24.621-0400] {dag.py:3954} INFO - Setting next_dagrun for example_dynamic_task_mapping to 2022-03-04 00:00:00+00:00, run_after=2022-03-05 00:00:00+00:00
[2025-06-25T22:21:24.629-0400] {processor.py:183} INFO - Processing /opt/anaconda3/envs/airflow_env/lib/python3.10/site-packages/airflow/example_dags/example_dynamic_task_mapping.py took 0.101 seconds
[2025-06-25T22:22:14.473-0400] {processor.py:161} INFO - Started process (PID=75565) to work on /opt/anaconda3/envs/airflow_env/lib/python3.10/site-packages/airflow/example_dags/example_dynamic_task_mapping.py
[2025-06-25T22:22:14.474-0400] {processor.py:830} INFO - Processing file /opt/anaconda3/envs/airflow_env/lib/python3.10/site-packages/airflow/example_dags/example_dynamic_task_mapping.py for tasks to queue
[2025-06-25T22:22:14.474-0400] {logging_mixin.py:188} INFO - [2025-06-25T22:22:14.474-0400] {dagbag.py:545} INFO - Filling up the DagBag from /opt/anaconda3/envs/airflow_env/lib/python3.10/site-packages/airflow/example_dags/example_dynamic_task_mapping.py
[2025-06-25T22:22:14.491-0400] {processor.py:840} INFO - DAG(s) 'example_dynamic_task_mapping' retrieved from /opt/anaconda3/envs/airflow_env/lib/python3.10/site-packages/airflow/example_dags/example_dynamic_task_mapping.py
[2025-06-25T22:22:14.529-0400] {logging_mixin.py:188} INFO - [2025-06-25T22:22:14.529-0400] {dag.py:3096} INFO - Sync 1 DAGs
[2025-06-25T22:22:14.557-0400] {logging_mixin.py:188} INFO - [2025-06-25T22:22:14.557-0400] {dag.py:3954} INFO - Setting next_dagrun for example_dynamic_task_mapping to 2022-03-04 00:00:00+00:00, run_after=2022-03-05 00:00:00+00:00
[2025-06-25T22:22:14.564-0400] {processor.py:183} INFO - Processing /opt/anaconda3/envs/airflow_env/lib/python3.10/site-packages/airflow/example_dags/example_dynamic_task_mapping.py took 0.093 seconds
[2025-06-25T22:23:08.915-0400] {processor.py:161} INFO - Started process (PID=75671) to work on /opt/anaconda3/envs/airflow_env/lib/python3.10/site-packages/airflow/example_dags/example_dynamic_task_mapping.py
[2025-06-25T22:23:08.915-0400] {processor.py:830} INFO - Processing file /opt/anaconda3/envs/airflow_env/lib/python3.10/site-packages/airflow/example_dags/example_dynamic_task_mapping.py for tasks to queue
[2025-06-25T22:23:08.916-0400] {logging_mixin.py:188} INFO - [2025-06-25T22:23:08.916-0400] {dagbag.py:545} INFO - Filling up the DagBag from /opt/anaconda3/envs/airflow_env/lib/python3.10/site-packages/airflow/example_dags/example_dynamic_task_mapping.py
[2025-06-25T22:23:08.931-0400] {processor.py:840} INFO - DAG(s) 'example_dynamic_task_mapping' retrieved from /opt/anaconda3/envs/airflow_env/lib/python3.10/site-packages/airflow/example_dags/example_dynamic_task_mapping.py
[2025-06-25T22:23:08.966-0400] {logging_mixin.py:188} INFO - [2025-06-25T22:23:08.966-0400] {dag.py:3096} INFO - Sync 1 DAGs
[2025-06-25T22:23:09.016-0400] {logging_mixin.py:188} INFO - [2025-06-25T22:23:09.016-0400] {dag.py:3954} INFO - Setting next_dagrun for example_dynamic_task_mapping to 2022-03-04 00:00:00+00:00, run_after=2022-03-05 00:00:00+00:00
[2025-06-25T22:23:09.024-0400] {processor.py:183} INFO - Processing /opt/anaconda3/envs/airflow_env/lib/python3.10/site-packages/airflow/example_dags/example_dynamic_task_mapping.py took 0.113 seconds
[2025-06-25T22:24:09.668-0400] {processor.py:161} INFO - Started process (PID=75755) to work on /opt/anaconda3/envs/airflow_env/lib/python3.10/site-packages/airflow/example_dags/example_dynamic_task_mapping.py
[2025-06-25T22:24:09.669-0400] {processor.py:830} INFO - Processing file /opt/anaconda3/envs/airflow_env/lib/python3.10/site-packages/airflow/example_dags/example_dynamic_task_mapping.py for tasks to queue
[2025-06-25T22:24:09.669-0400] {logging_mixin.py:188} INFO - [2025-06-25T22:24:09.669-0400] {dagbag.py:545} INFO - Filling up the DagBag from /opt/anaconda3/envs/airflow_env/lib/python3.10/site-packages/airflow/example_dags/example_dynamic_task_mapping.py
[2025-06-25T22:24:09.686-0400] {processor.py:840} INFO - DAG(s) 'example_dynamic_task_mapping' retrieved from /opt/anaconda3/envs/airflow_env/lib/python3.10/site-packages/airflow/example_dags/example_dynamic_task_mapping.py
[2025-06-25T22:24:09.725-0400] {logging_mixin.py:188} INFO - [2025-06-25T22:24:09.725-0400] {dag.py:3096} INFO - Sync 1 DAGs
[2025-06-25T22:24:09.758-0400] {logging_mixin.py:188} INFO - [2025-06-25T22:24:09.758-0400] {dag.py:3954} INFO - Setting next_dagrun for example_dynamic_task_mapping to 2022-03-04 00:00:00+00:00, run_after=2022-03-05 00:00:00+00:00
[2025-06-25T22:24:09.770-0400] {processor.py:183} INFO - Processing /opt/anaconda3/envs/airflow_env/lib/python3.10/site-packages/airflow/example_dags/example_dynamic_task_mapping.py took 0.104 seconds
[2025-06-25T22:24:58.886-0400] {processor.py:161} INFO - Started process (PID=75828) to work on /opt/anaconda3/envs/airflow_env/lib/python3.10/site-packages/airflow/example_dags/example_dynamic_task_mapping.py
[2025-06-25T22:24:58.887-0400] {processor.py:830} INFO - Processing file /opt/anaconda3/envs/airflow_env/lib/python3.10/site-packages/airflow/example_dags/example_dynamic_task_mapping.py for tasks to queue
[2025-06-25T22:24:58.887-0400] {logging_mixin.py:188} INFO - [2025-06-25T22:24:58.887-0400] {dagbag.py:545} INFO - Filling up the DagBag from /opt/anaconda3/envs/airflow_env/lib/python3.10/site-packages/airflow/example_dags/example_dynamic_task_mapping.py
[2025-06-25T22:24:58.901-0400] {processor.py:840} INFO - DAG(s) 'example_dynamic_task_mapping' retrieved from /opt/anaconda3/envs/airflow_env/lib/python3.10/site-packages/airflow/example_dags/example_dynamic_task_mapping.py
[2025-06-25T22:24:58.936-0400] {logging_mixin.py:188} INFO - [2025-06-25T22:24:58.935-0400] {dag.py:3096} INFO - Sync 1 DAGs
[2025-06-25T22:24:58.960-0400] {logging_mixin.py:188} INFO - [2025-06-25T22:24:58.960-0400] {dag.py:3954} INFO - Setting next_dagrun for example_dynamic_task_mapping to 2022-03-04 00:00:00+00:00, run_after=2022-03-05 00:00:00+00:00
[2025-06-25T22:24:58.967-0400] {processor.py:183} INFO - Processing /opt/anaconda3/envs/airflow_env/lib/python3.10/site-packages/airflow/example_dags/example_dynamic_task_mapping.py took 0.082 seconds
[2025-06-25T22:26:04.377-0400] {processor.py:161} INFO - Started process (PID=75934) to work on /opt/anaconda3/envs/airflow_env/lib/python3.10/site-packages/airflow/example_dags/example_dynamic_task_mapping.py
[2025-06-25T22:26:04.377-0400] {processor.py:830} INFO - Processing file /opt/anaconda3/envs/airflow_env/lib/python3.10/site-packages/airflow/example_dags/example_dynamic_task_mapping.py for tasks to queue
[2025-06-25T22:26:04.377-0400] {logging_mixin.py:188} INFO - [2025-06-25T22:26:04.377-0400] {dagbag.py:545} INFO - Filling up the DagBag from /opt/anaconda3/envs/airflow_env/lib/python3.10/site-packages/airflow/example_dags/example_dynamic_task_mapping.py
[2025-06-25T22:26:04.392-0400] {processor.py:840} INFO - DAG(s) 'example_dynamic_task_mapping' retrieved from /opt/anaconda3/envs/airflow_env/lib/python3.10/site-packages/airflow/example_dags/example_dynamic_task_mapping.py
[2025-06-25T22:26:04.427-0400] {logging_mixin.py:188} INFO - [2025-06-25T22:26:04.427-0400] {dag.py:3096} INFO - Sync 1 DAGs
[2025-06-25T22:26:04.454-0400] {logging_mixin.py:188} INFO - [2025-06-25T22:26:04.454-0400] {dag.py:3954} INFO - Setting next_dagrun for example_dynamic_task_mapping to 2022-03-04 00:00:00+00:00, run_after=2022-03-05 00:00:00+00:00
[2025-06-25T22:26:04.462-0400] {processor.py:183} INFO - Processing /opt/anaconda3/envs/airflow_env/lib/python3.10/site-packages/airflow/example_dags/example_dynamic_task_mapping.py took 0.088 seconds
[2025-06-25T22:26:36.804-0400] {processor.py:161} INFO - Started process (PID=75985) to work on /opt/anaconda3/envs/airflow_env/lib/python3.10/site-packages/airflow/example_dags/example_dynamic_task_mapping.py
[2025-06-25T22:26:36.804-0400] {processor.py:830} INFO - Processing file /opt/anaconda3/envs/airflow_env/lib/python3.10/site-packages/airflow/example_dags/example_dynamic_task_mapping.py for tasks to queue
[2025-06-25T22:26:36.804-0400] {logging_mixin.py:188} INFO - [2025-06-25T22:26:36.804-0400] {dagbag.py:545} INFO - Filling up the DagBag from /opt/anaconda3/envs/airflow_env/lib/python3.10/site-packages/airflow/example_dags/example_dynamic_task_mapping.py
[2025-06-25T22:26:36.820-0400] {processor.py:840} INFO - DAG(s) 'example_dynamic_task_mapping' retrieved from /opt/anaconda3/envs/airflow_env/lib/python3.10/site-packages/airflow/example_dags/example_dynamic_task_mapping.py
[2025-06-25T22:26:36.855-0400] {logging_mixin.py:188} INFO - [2025-06-25T22:26:36.855-0400] {dag.py:3096} INFO - Sync 1 DAGs
[2025-06-25T22:26:36.882-0400] {logging_mixin.py:188} INFO - [2025-06-25T22:26:36.882-0400] {dag.py:3954} INFO - Setting next_dagrun for example_dynamic_task_mapping to 2022-03-04 00:00:00+00:00, run_after=2022-03-05 00:00:00+00:00
[2025-06-25T22:26:36.889-0400] {processor.py:183} INFO - Processing /opt/anaconda3/envs/airflow_env/lib/python3.10/site-packages/airflow/example_dags/example_dynamic_task_mapping.py took 0.087 seconds
[2025-06-25T22:27:40.858-0400] {processor.py:161} INFO - Started process (PID=76088) to work on /opt/anaconda3/envs/airflow_env/lib/python3.10/site-packages/airflow/example_dags/example_dynamic_task_mapping.py
[2025-06-25T22:27:40.858-0400] {processor.py:830} INFO - Processing file /opt/anaconda3/envs/airflow_env/lib/python3.10/site-packages/airflow/example_dags/example_dynamic_task_mapping.py for tasks to queue
[2025-06-25T22:27:40.858-0400] {logging_mixin.py:188} INFO - [2025-06-25T22:27:40.858-0400] {dagbag.py:545} INFO - Filling up the DagBag from /opt/anaconda3/envs/airflow_env/lib/python3.10/site-packages/airflow/example_dags/example_dynamic_task_mapping.py
[2025-06-25T22:27:40.872-0400] {processor.py:840} INFO - DAG(s) 'example_dynamic_task_mapping' retrieved from /opt/anaconda3/envs/airflow_env/lib/python3.10/site-packages/airflow/example_dags/example_dynamic_task_mapping.py
[2025-06-25T22:27:40.907-0400] {logging_mixin.py:188} INFO - [2025-06-25T22:27:40.907-0400] {dag.py:3096} INFO - Sync 1 DAGs
[2025-06-25T22:27:40.931-0400] {logging_mixin.py:188} INFO - [2025-06-25T22:27:40.931-0400] {dag.py:3954} INFO - Setting next_dagrun for example_dynamic_task_mapping to 2022-03-04 00:00:00+00:00, run_after=2022-03-05 00:00:00+00:00
[2025-06-25T22:27:40.938-0400] {processor.py:183} INFO - Processing /opt/anaconda3/envs/airflow_env/lib/python3.10/site-packages/airflow/example_dags/example_dynamic_task_mapping.py took 0.082 seconds
[2025-06-25T22:28:09.235-0400] {processor.py:161} INFO - Started process (PID=76126) to work on /opt/anaconda3/envs/airflow_env/lib/python3.10/site-packages/airflow/example_dags/example_dynamic_task_mapping.py
[2025-06-25T22:28:09.236-0400] {processor.py:830} INFO - Processing file /opt/anaconda3/envs/airflow_env/lib/python3.10/site-packages/airflow/example_dags/example_dynamic_task_mapping.py for tasks to queue
[2025-06-25T22:28:09.236-0400] {logging_mixin.py:188} INFO - [2025-06-25T22:28:09.236-0400] {dagbag.py:545} INFO - Filling up the DagBag from /opt/anaconda3/envs/airflow_env/lib/python3.10/site-packages/airflow/example_dags/example_dynamic_task_mapping.py
[2025-06-25T22:28:09.249-0400] {processor.py:840} INFO - DAG(s) 'example_dynamic_task_mapping' retrieved from /opt/anaconda3/envs/airflow_env/lib/python3.10/site-packages/airflow/example_dags/example_dynamic_task_mapping.py
[2025-06-25T22:28:09.282-0400] {logging_mixin.py:188} INFO - [2025-06-25T22:28:09.282-0400] {dag.py:3096} INFO - Sync 1 DAGs
[2025-06-25T22:28:09.308-0400] {logging_mixin.py:188} INFO - [2025-06-25T22:28:09.308-0400] {dag.py:3954} INFO - Setting next_dagrun for example_dynamic_task_mapping to 2022-03-04 00:00:00+00:00, run_after=2022-03-05 00:00:00+00:00
[2025-06-25T22:28:09.315-0400] {processor.py:183} INFO - Processing /opt/anaconda3/envs/airflow_env/lib/python3.10/site-packages/airflow/example_dags/example_dynamic_task_mapping.py took 0.081 seconds
[2025-06-25T22:29:28.910-0400] {processor.py:161} INFO - Started process (PID=76282) to work on /opt/anaconda3/envs/airflow_env/lib/python3.10/site-packages/airflow/example_dags/example_dynamic_task_mapping.py
[2025-06-25T22:29:28.910-0400] {processor.py:830} INFO - Processing file /opt/anaconda3/envs/airflow_env/lib/python3.10/site-packages/airflow/example_dags/example_dynamic_task_mapping.py for tasks to queue
[2025-06-25T22:29:28.911-0400] {logging_mixin.py:188} INFO - [2025-06-25T22:29:28.911-0400] {dagbag.py:545} INFO - Filling up the DagBag from /opt/anaconda3/envs/airflow_env/lib/python3.10/site-packages/airflow/example_dags/example_dynamic_task_mapping.py
[2025-06-25T22:29:28.925-0400] {processor.py:840} INFO - DAG(s) 'example_dynamic_task_mapping' retrieved from /opt/anaconda3/envs/airflow_env/lib/python3.10/site-packages/airflow/example_dags/example_dynamic_task_mapping.py
[2025-06-25T22:29:28.961-0400] {logging_mixin.py:188} INFO - [2025-06-25T22:29:28.961-0400] {dag.py:3096} INFO - Sync 1 DAGs
[2025-06-25T22:29:28.995-0400] {logging_mixin.py:188} INFO - [2025-06-25T22:29:28.995-0400] {dag.py:3954} INFO - Setting next_dagrun for example_dynamic_task_mapping to 2022-03-04 00:00:00+00:00, run_after=2022-03-05 00:00:00+00:00
[2025-06-25T22:29:29.002-0400] {processor.py:183} INFO - Processing /opt/anaconda3/envs/airflow_env/lib/python3.10/site-packages/airflow/example_dags/example_dynamic_task_mapping.py took 0.095 seconds
[2025-06-25T22:30:00.064-0400] {processor.py:161} INFO - Started process (PID=76330) to work on /opt/anaconda3/envs/airflow_env/lib/python3.10/site-packages/airflow/example_dags/example_dynamic_task_mapping.py
[2025-06-25T22:30:00.065-0400] {processor.py:830} INFO - Processing file /opt/anaconda3/envs/airflow_env/lib/python3.10/site-packages/airflow/example_dags/example_dynamic_task_mapping.py for tasks to queue
[2025-06-25T22:30:00.066-0400] {logging_mixin.py:188} INFO - [2025-06-25T22:30:00.066-0400] {dagbag.py:545} INFO - Filling up the DagBag from /opt/anaconda3/envs/airflow_env/lib/python3.10/site-packages/airflow/example_dags/example_dynamic_task_mapping.py
[2025-06-25T22:30:00.080-0400] {processor.py:840} INFO - DAG(s) 'example_dynamic_task_mapping' retrieved from /opt/anaconda3/envs/airflow_env/lib/python3.10/site-packages/airflow/example_dags/example_dynamic_task_mapping.py
[2025-06-25T22:30:00.116-0400] {logging_mixin.py:188} INFO - [2025-06-25T22:30:00.115-0400] {dag.py:3096} INFO - Sync 1 DAGs
[2025-06-25T22:30:00.143-0400] {logging_mixin.py:188} INFO - [2025-06-25T22:30:00.143-0400] {dag.py:3954} INFO - Setting next_dagrun for example_dynamic_task_mapping to 2022-03-04 00:00:00+00:00, run_after=2022-03-05 00:00:00+00:00
[2025-06-25T22:30:00.151-0400] {processor.py:183} INFO - Processing /opt/anaconda3/envs/airflow_env/lib/python3.10/site-packages/airflow/example_dags/example_dynamic_task_mapping.py took 0.089 seconds
[2025-06-25T22:31:16.476-0400] {processor.py:161} INFO - Started process (PID=76455) to work on /opt/anaconda3/envs/airflow_env/lib/python3.10/site-packages/airflow/example_dags/example_dynamic_task_mapping.py
[2025-06-25T22:31:16.477-0400] {processor.py:830} INFO - Processing file /opt/anaconda3/envs/airflow_env/lib/python3.10/site-packages/airflow/example_dags/example_dynamic_task_mapping.py for tasks to queue
[2025-06-25T22:31:16.477-0400] {logging_mixin.py:188} INFO - [2025-06-25T22:31:16.477-0400] {dagbag.py:545} INFO - Filling up the DagBag from /opt/anaconda3/envs/airflow_env/lib/python3.10/site-packages/airflow/example_dags/example_dynamic_task_mapping.py
[2025-06-25T22:31:16.490-0400] {processor.py:840} INFO - DAG(s) 'example_dynamic_task_mapping' retrieved from /opt/anaconda3/envs/airflow_env/lib/python3.10/site-packages/airflow/example_dags/example_dynamic_task_mapping.py
[2025-06-25T22:31:16.521-0400] {logging_mixin.py:188} INFO - [2025-06-25T22:31:16.521-0400] {dag.py:3096} INFO - Sync 1 DAGs
[2025-06-25T22:31:16.548-0400] {logging_mixin.py:188} INFO - [2025-06-25T22:31:16.548-0400] {dag.py:3954} INFO - Setting next_dagrun for example_dynamic_task_mapping to 2022-03-04 00:00:00+00:00, run_after=2022-03-05 00:00:00+00:00
[2025-06-25T22:31:16.554-0400] {processor.py:183} INFO - Processing /opt/anaconda3/envs/airflow_env/lib/python3.10/site-packages/airflow/example_dags/example_dynamic_task_mapping.py took 0.080 seconds
[2025-06-25T22:31:41.269-0400] {processor.py:161} INFO - Started process (PID=76487) to work on /opt/anaconda3/envs/airflow_env/lib/python3.10/site-packages/airflow/example_dags/example_dynamic_task_mapping.py
[2025-06-25T22:31:41.270-0400] {processor.py:830} INFO - Processing file /opt/anaconda3/envs/airflow_env/lib/python3.10/site-packages/airflow/example_dags/example_dynamic_task_mapping.py for tasks to queue
[2025-06-25T22:31:41.270-0400] {logging_mixin.py:188} INFO - [2025-06-25T22:31:41.270-0400] {dagbag.py:545} INFO - Filling up the DagBag from /opt/anaconda3/envs/airflow_env/lib/python3.10/site-packages/airflow/example_dags/example_dynamic_task_mapping.py
[2025-06-25T22:31:41.284-0400] {processor.py:840} INFO - DAG(s) 'example_dynamic_task_mapping' retrieved from /opt/anaconda3/envs/airflow_env/lib/python3.10/site-packages/airflow/example_dags/example_dynamic_task_mapping.py
[2025-06-25T22:31:41.317-0400] {logging_mixin.py:188} INFO - [2025-06-25T22:31:41.317-0400] {dag.py:3096} INFO - Sync 1 DAGs
[2025-06-25T22:31:41.351-0400] {logging_mixin.py:188} INFO - [2025-06-25T22:31:41.351-0400] {dag.py:3954} INFO - Setting next_dagrun for example_dynamic_task_mapping to 2022-03-04 00:00:00+00:00, run_after=2022-03-05 00:00:00+00:00
[2025-06-25T22:31:41.360-0400] {processor.py:183} INFO - Processing /opt/anaconda3/envs/airflow_env/lib/python3.10/site-packages/airflow/example_dags/example_dynamic_task_mapping.py took 0.094 seconds
