[2025-06-25T20:00:50.919-0400] {processor.py:161} INFO - Started process (PID=55218) to work on /opt/anaconda3/envs/airflow_env/lib/python3.10/site-packages/airflow/example_dags/example_sla_dag.py
[2025-06-25T20:00:50.920-0400] {processor.py:830} INFO - Processing file /opt/anaconda3/envs/airflow_env/lib/python3.10/site-packages/airflow/example_dags/example_sla_dag.py for tasks to queue
[2025-06-25T20:00:50.920-0400] {logging_mixin.py:188} INFO - [2025-06-25T20:00:50.920-0400] {dagbag.py:545} INFO - Filling up the DagBag from /opt/anaconda3/envs/airflow_env/lib/python3.10/site-packages/airflow/example_dags/example_sla_dag.py
[2025-06-25T20:00:50.934-0400] {processor.py:840} INFO - DAG(s) 'example_sla_dag' retrieved from /opt/anaconda3/envs/airflow_env/lib/python3.10/site-packages/airflow/example_dags/example_sla_dag.py
[2025-06-25T20:00:50.966-0400] {logging_mixin.py:188} INFO - [2025-06-25T20:00:50.966-0400] {dag.py:3096} INFO - Sync 1 DAGs
[2025-06-25T20:00:50.992-0400] {logging_mixin.py:188} INFO - [2025-06-25T20:00:50.992-0400] {dag.py:3954} INFO - Setting next_dagrun for example_sla_dag to 2025-06-25 23:58:00+00:00, run_after=2025-06-26 00:00:00+00:00
[2025-06-25T20:00:50.998-0400] {processor.py:183} INFO - Processing /opt/anaconda3/envs/airflow_env/lib/python3.10/site-packages/airflow/example_dags/example_sla_dag.py took 0.080 seconds
[2025-06-25T20:02:32.575-0400] {processor.py:161} INFO - Started process (PID=59966) to work on /opt/anaconda3/envs/airflow_env/lib/python3.10/site-packages/airflow/example_dags/example_sla_dag.py
[2025-06-25T20:02:32.576-0400] {processor.py:830} INFO - Processing file /opt/anaconda3/envs/airflow_env/lib/python3.10/site-packages/airflow/example_dags/example_sla_dag.py for tasks to queue
[2025-06-25T20:02:32.577-0400] {logging_mixin.py:188} INFO - [2025-06-25T20:02:32.577-0400] {dagbag.py:545} INFO - Filling up the DagBag from /opt/anaconda3/envs/airflow_env/lib/python3.10/site-packages/airflow/example_dags/example_sla_dag.py
[2025-06-25T20:02:32.590-0400] {processor.py:840} INFO - DAG(s) 'example_sla_dag' retrieved from /opt/anaconda3/envs/airflow_env/lib/python3.10/site-packages/airflow/example_dags/example_sla_dag.py
[2025-06-25T20:02:32.624-0400] {logging_mixin.py:188} INFO - [2025-06-25T20:02:32.624-0400] {dag.py:3096} INFO - Sync 1 DAGs
[2025-06-25T20:02:32.651-0400] {logging_mixin.py:188} INFO - [2025-06-25T20:02:32.651-0400] {dag.py:3954} INFO - Setting next_dagrun for example_sla_dag to 2025-06-26 00:00:00+00:00, run_after=2025-06-26 00:02:00+00:00
[2025-06-25T20:02:32.657-0400] {processor.py:183} INFO - Processing /opt/anaconda3/envs/airflow_env/lib/python3.10/site-packages/airflow/example_dags/example_sla_dag.py took 0.083 seconds
[2025-06-25T20:04:01.525-0400] {processor.py:161} INFO - Started process (PID=60041) to work on /opt/anaconda3/envs/airflow_env/lib/python3.10/site-packages/airflow/example_dags/example_sla_dag.py
[2025-06-25T20:04:01.525-0400] {processor.py:830} INFO - Processing file /opt/anaconda3/envs/airflow_env/lib/python3.10/site-packages/airflow/example_dags/example_sla_dag.py for tasks to queue
[2025-06-25T20:04:01.526-0400] {logging_mixin.py:188} INFO - [2025-06-25T20:04:01.526-0400] {dagbag.py:545} INFO - Filling up the DagBag from /opt/anaconda3/envs/airflow_env/lib/python3.10/site-packages/airflow/example_dags/example_sla_dag.py
[2025-06-25T20:04:01.540-0400] {processor.py:840} INFO - DAG(s) 'example_sla_dag' retrieved from /opt/anaconda3/envs/airflow_env/lib/python3.10/site-packages/airflow/example_dags/example_sla_dag.py
[2025-06-25T20:04:01.573-0400] {logging_mixin.py:188} INFO - [2025-06-25T20:04:01.572-0400] {dag.py:3096} INFO - Sync 1 DAGs
[2025-06-25T20:04:01.600-0400] {logging_mixin.py:188} INFO - [2025-06-25T20:04:01.599-0400] {dag.py:3954} INFO - Setting next_dagrun for example_sla_dag to 2025-06-26 00:02:00+00:00, run_after=2025-06-26 00:04:00+00:00
[2025-06-25T20:04:01.606-0400] {processor.py:183} INFO - Processing /opt/anaconda3/envs/airflow_env/lib/python3.10/site-packages/airflow/example_dags/example_sla_dag.py took 0.083 seconds
[2025-06-25T20:05:54.515-0400] {processor.py:161} INFO - Started process (PID=60824) to work on /opt/anaconda3/envs/airflow_env/lib/python3.10/site-packages/airflow/example_dags/example_sla_dag.py
[2025-06-25T20:05:54.515-0400] {processor.py:830} INFO - Processing file /opt/anaconda3/envs/airflow_env/lib/python3.10/site-packages/airflow/example_dags/example_sla_dag.py for tasks to queue
[2025-06-25T20:05:54.516-0400] {logging_mixin.py:188} INFO - [2025-06-25T20:05:54.516-0400] {dagbag.py:545} INFO - Filling up the DagBag from /opt/anaconda3/envs/airflow_env/lib/python3.10/site-packages/airflow/example_dags/example_sla_dag.py
[2025-06-25T20:05:54.532-0400] {processor.py:840} INFO - DAG(s) 'example_sla_dag' retrieved from /opt/anaconda3/envs/airflow_env/lib/python3.10/site-packages/airflow/example_dags/example_sla_dag.py
[2025-06-25T20:05:54.569-0400] {logging_mixin.py:188} INFO - [2025-06-25T20:05:54.569-0400] {dag.py:3096} INFO - Sync 1 DAGs
[2025-06-25T20:05:54.599-0400] {logging_mixin.py:188} INFO - [2025-06-25T20:05:54.598-0400] {dag.py:3954} INFO - Setting next_dagrun for example_sla_dag to 2025-06-26 00:02:00+00:00, run_after=2025-06-26 00:04:00+00:00
[2025-06-25T20:05:54.605-0400] {processor.py:183} INFO - Processing /opt/anaconda3/envs/airflow_env/lib/python3.10/site-packages/airflow/example_dags/example_sla_dag.py took 0.093 seconds
[2025-06-25T20:06:41.025-0400] {processor.py:161} INFO - Started process (PID=60924) to work on /opt/anaconda3/envs/airflow_env/lib/python3.10/site-packages/airflow/example_dags/example_sla_dag.py
[2025-06-25T20:06:41.025-0400] {processor.py:830} INFO - Processing file /opt/anaconda3/envs/airflow_env/lib/python3.10/site-packages/airflow/example_dags/example_sla_dag.py for tasks to queue
[2025-06-25T20:06:41.026-0400] {logging_mixin.py:188} INFO - [2025-06-25T20:06:41.026-0400] {dagbag.py:545} INFO - Filling up the DagBag from /opt/anaconda3/envs/airflow_env/lib/python3.10/site-packages/airflow/example_dags/example_sla_dag.py
[2025-06-25T20:06:41.042-0400] {processor.py:840} INFO - DAG(s) 'example_sla_dag' retrieved from /opt/anaconda3/envs/airflow_env/lib/python3.10/site-packages/airflow/example_dags/example_sla_dag.py
[2025-06-25T20:06:41.079-0400] {logging_mixin.py:188} INFO - [2025-06-25T20:06:41.079-0400] {dag.py:3096} INFO - Sync 1 DAGs
[2025-06-25T20:06:41.105-0400] {logging_mixin.py:188} INFO - [2025-06-25T20:06:41.105-0400] {dag.py:3954} INFO - Setting next_dagrun for example_sla_dag to 2025-06-26 00:04:00+00:00, run_after=2025-06-26 00:06:00+00:00
[2025-06-25T20:06:41.112-0400] {processor.py:183} INFO - Processing /opt/anaconda3/envs/airflow_env/lib/python3.10/site-packages/airflow/example_dags/example_sla_dag.py took 0.089 seconds
[2025-06-25T20:07:18.558-0400] {processor.py:161} INFO - Started process (PID=61035) to work on /opt/anaconda3/envs/airflow_env/lib/python3.10/site-packages/airflow/example_dags/example_sla_dag.py
[2025-06-25T20:07:18.558-0400] {processor.py:830} INFO - Processing file /opt/anaconda3/envs/airflow_env/lib/python3.10/site-packages/airflow/example_dags/example_sla_dag.py for tasks to queue
[2025-06-25T20:07:18.558-0400] {logging_mixin.py:188} INFO - [2025-06-25T20:07:18.558-0400] {dagbag.py:545} INFO - Filling up the DagBag from /opt/anaconda3/envs/airflow_env/lib/python3.10/site-packages/airflow/example_dags/example_sla_dag.py
[2025-06-25T20:07:18.572-0400] {processor.py:840} INFO - DAG(s) 'example_sla_dag' retrieved from /opt/anaconda3/envs/airflow_env/lib/python3.10/site-packages/airflow/example_dags/example_sla_dag.py
[2025-06-25T20:07:18.605-0400] {logging_mixin.py:188} INFO - [2025-06-25T20:07:18.605-0400] {dag.py:3096} INFO - Sync 1 DAGs
[2025-06-25T20:07:18.632-0400] {logging_mixin.py:188} INFO - [2025-06-25T20:07:18.632-0400] {dag.py:3954} INFO - Setting next_dagrun for example_sla_dag to 2025-06-26 00:04:00+00:00, run_after=2025-06-26 00:06:00+00:00
[2025-06-25T20:07:18.639-0400] {processor.py:183} INFO - Processing /opt/anaconda3/envs/airflow_env/lib/python3.10/site-packages/airflow/example_dags/example_sla_dag.py took 0.083 seconds
[2025-06-25T20:08:14.674-0400] {processor.py:161} INFO - Started process (PID=61184) to work on /opt/anaconda3/envs/airflow_env/lib/python3.10/site-packages/airflow/example_dags/example_sla_dag.py
[2025-06-25T20:08:14.674-0400] {processor.py:830} INFO - Processing file /opt/anaconda3/envs/airflow_env/lib/python3.10/site-packages/airflow/example_dags/example_sla_dag.py for tasks to queue
[2025-06-25T20:08:14.675-0400] {logging_mixin.py:188} INFO - [2025-06-25T20:08:14.675-0400] {dagbag.py:545} INFO - Filling up the DagBag from /opt/anaconda3/envs/airflow_env/lib/python3.10/site-packages/airflow/example_dags/example_sla_dag.py
[2025-06-25T20:08:14.693-0400] {processor.py:840} INFO - DAG(s) 'example_sla_dag' retrieved from /opt/anaconda3/envs/airflow_env/lib/python3.10/site-packages/airflow/example_dags/example_sla_dag.py
[2025-06-25T20:08:14.737-0400] {logging_mixin.py:188} INFO - [2025-06-25T20:08:14.737-0400] {dag.py:3096} INFO - Sync 1 DAGs
[2025-06-25T20:08:14.776-0400] {logging_mixin.py:188} INFO - [2025-06-25T20:08:14.775-0400] {dag.py:3954} INFO - Setting next_dagrun for example_sla_dag to 2025-06-26 00:06:00+00:00, run_after=2025-06-26 00:08:00+00:00
[2025-06-25T20:08:14.784-0400] {processor.py:183} INFO - Processing /opt/anaconda3/envs/airflow_env/lib/python3.10/site-packages/airflow/example_dags/example_sla_dag.py took 0.112 seconds
[2025-06-25T20:09:24.854-0400] {processor.py:161} INFO - Started process (PID=61379) to work on /opt/anaconda3/envs/airflow_env/lib/python3.10/site-packages/airflow/example_dags/example_sla_dag.py
[2025-06-25T20:09:24.854-0400] {processor.py:830} INFO - Processing file /opt/anaconda3/envs/airflow_env/lib/python3.10/site-packages/airflow/example_dags/example_sla_dag.py for tasks to queue
[2025-06-25T20:09:24.854-0400] {logging_mixin.py:188} INFO - [2025-06-25T20:09:24.854-0400] {dagbag.py:545} INFO - Filling up the DagBag from /opt/anaconda3/envs/airflow_env/lib/python3.10/site-packages/airflow/example_dags/example_sla_dag.py
[2025-06-25T20:09:24.877-0400] {processor.py:840} INFO - DAG(s) 'example_sla_dag' retrieved from /opt/anaconda3/envs/airflow_env/lib/python3.10/site-packages/airflow/example_dags/example_sla_dag.py
[2025-06-25T20:09:24.936-0400] {logging_mixin.py:188} INFO - [2025-06-25T20:09:24.935-0400] {dag.py:3096} INFO - Sync 1 DAGs
[2025-06-25T20:09:24.992-0400] {logging_mixin.py:188} INFO - [2025-06-25T20:09:24.992-0400] {dag.py:3954} INFO - Setting next_dagrun for example_sla_dag to 2025-06-26 00:06:00+00:00, run_after=2025-06-26 00:08:00+00:00
[2025-06-25T20:09:25.004-0400] {processor.py:183} INFO - Processing /opt/anaconda3/envs/airflow_env/lib/python3.10/site-packages/airflow/example_dags/example_sla_dag.py took 0.153 seconds
[2025-06-25T20:09:42.037-0400] {processor.py:161} INFO - Started process (PID=61418) to work on /opt/anaconda3/envs/airflow_env/lib/python3.10/site-packages/airflow/example_dags/example_sla_dag.py
[2025-06-25T20:09:42.038-0400] {processor.py:830} INFO - Processing file /opt/anaconda3/envs/airflow_env/lib/python3.10/site-packages/airflow/example_dags/example_sla_dag.py for tasks to queue
[2025-06-25T20:09:42.038-0400] {logging_mixin.py:188} INFO - [2025-06-25T20:09:42.038-0400] {dagbag.py:545} INFO - Filling up the DagBag from /opt/anaconda3/envs/airflow_env/lib/python3.10/site-packages/airflow/example_dags/example_sla_dag.py
[2025-06-25T20:09:42.057-0400] {processor.py:840} INFO - DAG(s) 'example_sla_dag' retrieved from /opt/anaconda3/envs/airflow_env/lib/python3.10/site-packages/airflow/example_dags/example_sla_dag.py
[2025-06-25T20:09:42.095-0400] {logging_mixin.py:188} INFO - [2025-06-25T20:09:42.095-0400] {dag.py:3096} INFO - Sync 1 DAGs
[2025-06-25T20:09:42.129-0400] {logging_mixin.py:188} INFO - [2025-06-25T20:09:42.128-0400] {dag.py:3954} INFO - Setting next_dagrun for example_sla_dag to 2025-06-26 00:06:00+00:00, run_after=2025-06-26 00:08:00+00:00
[2025-06-25T20:09:42.136-0400] {processor.py:183} INFO - Processing /opt/anaconda3/envs/airflow_env/lib/python3.10/site-packages/airflow/example_dags/example_sla_dag.py took 0.101 seconds
[2025-06-25T20:10:41.039-0400] {processor.py:161} INFO - Started process (PID=61530) to work on /opt/anaconda3/envs/airflow_env/lib/python3.10/site-packages/airflow/example_dags/example_sla_dag.py
[2025-06-25T20:10:41.040-0400] {processor.py:830} INFO - Processing file /opt/anaconda3/envs/airflow_env/lib/python3.10/site-packages/airflow/example_dags/example_sla_dag.py for tasks to queue
[2025-06-25T20:10:41.040-0400] {logging_mixin.py:188} INFO - [2025-06-25T20:10:41.040-0400] {dagbag.py:545} INFO - Filling up the DagBag from /opt/anaconda3/envs/airflow_env/lib/python3.10/site-packages/airflow/example_dags/example_sla_dag.py
[2025-06-25T20:10:41.057-0400] {processor.py:840} INFO - DAG(s) 'example_sla_dag' retrieved from /opt/anaconda3/envs/airflow_env/lib/python3.10/site-packages/airflow/example_dags/example_sla_dag.py
[2025-06-25T20:10:41.096-0400] {logging_mixin.py:188} INFO - [2025-06-25T20:10:41.095-0400] {dag.py:3096} INFO - Sync 1 DAGs
[2025-06-25T20:10:41.134-0400] {logging_mixin.py:188} INFO - [2025-06-25T20:10:41.133-0400] {dag.py:3954} INFO - Setting next_dagrun for example_sla_dag to 2025-06-26 00:08:00+00:00, run_after=2025-06-26 00:10:00+00:00
[2025-06-25T20:10:41.143-0400] {processor.py:183} INFO - Processing /opt/anaconda3/envs/airflow_env/lib/python3.10/site-packages/airflow/example_dags/example_sla_dag.py took 0.106 seconds
[2025-06-25T20:12:05.383-0400] {processor.py:161} INFO - Started process (PID=61717) to work on /opt/anaconda3/envs/airflow_env/lib/python3.10/site-packages/airflow/example_dags/example_sla_dag.py
[2025-06-25T20:12:05.384-0400] {processor.py:830} INFO - Processing file /opt/anaconda3/envs/airflow_env/lib/python3.10/site-packages/airflow/example_dags/example_sla_dag.py for tasks to queue
[2025-06-25T20:12:05.384-0400] {logging_mixin.py:188} INFO - [2025-06-25T20:12:05.384-0400] {dagbag.py:545} INFO - Filling up the DagBag from /opt/anaconda3/envs/airflow_env/lib/python3.10/site-packages/airflow/example_dags/example_sla_dag.py
[2025-06-25T20:12:05.398-0400] {processor.py:840} INFO - DAG(s) 'example_sla_dag' retrieved from /opt/anaconda3/envs/airflow_env/lib/python3.10/site-packages/airflow/example_dags/example_sla_dag.py
[2025-06-25T20:12:05.430-0400] {logging_mixin.py:188} INFO - [2025-06-25T20:12:05.430-0400] {dag.py:3096} INFO - Sync 1 DAGs
[2025-06-25T20:12:05.458-0400] {logging_mixin.py:188} INFO - [2025-06-25T20:12:05.458-0400] {dag.py:3954} INFO - Setting next_dagrun for example_sla_dag to 2025-06-26 00:10:00+00:00, run_after=2025-06-26 00:12:00+00:00
[2025-06-25T20:12:05.465-0400] {processor.py:183} INFO - Processing /opt/anaconda3/envs/airflow_env/lib/python3.10/site-packages/airflow/example_dags/example_sla_dag.py took 0.084 seconds
[2025-06-25T20:12:07.440-0400] {processor.py:161} INFO - Started process (PID=61720) to work on /opt/anaconda3/envs/airflow_env/lib/python3.10/site-packages/airflow/example_dags/example_sla_dag.py
[2025-06-25T20:12:07.441-0400] {processor.py:830} INFO - Processing file /opt/anaconda3/envs/airflow_env/lib/python3.10/site-packages/airflow/example_dags/example_sla_dag.py for tasks to queue
[2025-06-25T20:12:07.441-0400] {logging_mixin.py:188} INFO - [2025-06-25T20:12:07.441-0400] {dagbag.py:545} INFO - Filling up the DagBag from /opt/anaconda3/envs/airflow_env/lib/python3.10/site-packages/airflow/example_dags/example_sla_dag.py
[2025-06-25T20:12:07.454-0400] {processor.py:840} INFO - DAG(s) 'example_sla_dag' retrieved from /opt/anaconda3/envs/airflow_env/lib/python3.10/site-packages/airflow/example_dags/example_sla_dag.py
[2025-06-25T20:12:07.485-0400] {logging_mixin.py:188} INFO - [2025-06-25T20:12:07.485-0400] {dag.py:3096} INFO - Sync 1 DAGs
[2025-06-25T20:12:07.511-0400] {logging_mixin.py:188} INFO - [2025-06-25T20:12:07.511-0400] {dag.py:3954} INFO - Setting next_dagrun for example_sla_dag to 2025-06-26 00:10:00+00:00, run_after=2025-06-26 00:12:00+00:00
[2025-06-25T20:12:07.518-0400] {processor.py:183} INFO - Processing /opt/anaconda3/envs/airflow_env/lib/python3.10/site-packages/airflow/example_dags/example_sla_dag.py took 0.079 seconds
[2025-06-25T20:13:16.858-0400] {processor.py:161} INFO - Started process (PID=61874) to work on /opt/anaconda3/envs/airflow_env/lib/python3.10/site-packages/airflow/example_dags/example_sla_dag.py
[2025-06-25T20:13:16.858-0400] {processor.py:830} INFO - Processing file /opt/anaconda3/envs/airflow_env/lib/python3.10/site-packages/airflow/example_dags/example_sla_dag.py for tasks to queue
[2025-06-25T20:13:16.858-0400] {logging_mixin.py:188} INFO - [2025-06-25T20:13:16.858-0400] {dagbag.py:545} INFO - Filling up the DagBag from /opt/anaconda3/envs/airflow_env/lib/python3.10/site-packages/airflow/example_dags/example_sla_dag.py
[2025-06-25T20:13:16.873-0400] {processor.py:840} INFO - DAG(s) 'example_sla_dag' retrieved from /opt/anaconda3/envs/airflow_env/lib/python3.10/site-packages/airflow/example_dags/example_sla_dag.py
[2025-06-25T20:13:16.906-0400] {logging_mixin.py:188} INFO - [2025-06-25T20:13:16.905-0400] {dag.py:3096} INFO - Sync 1 DAGs
[2025-06-25T20:13:16.936-0400] {logging_mixin.py:188} INFO - [2025-06-25T20:13:16.936-0400] {dag.py:3954} INFO - Setting next_dagrun for example_sla_dag to 2025-06-26 00:10:00+00:00, run_after=2025-06-26 00:12:00+00:00
[2025-06-25T20:13:16.943-0400] {processor.py:183} INFO - Processing /opt/anaconda3/envs/airflow_env/lib/python3.10/site-packages/airflow/example_dags/example_sla_dag.py took 0.087 seconds
[2025-06-25T20:13:41.239-0400] {processor.py:161} INFO - Started process (PID=61905) to work on /opt/anaconda3/envs/airflow_env/lib/python3.10/site-packages/airflow/example_dags/example_sla_dag.py
[2025-06-25T20:13:41.239-0400] {processor.py:830} INFO - Processing file /opt/anaconda3/envs/airflow_env/lib/python3.10/site-packages/airflow/example_dags/example_sla_dag.py for tasks to queue
[2025-06-25T20:13:41.240-0400] {logging_mixin.py:188} INFO - [2025-06-25T20:13:41.240-0400] {dagbag.py:545} INFO - Filling up the DagBag from /opt/anaconda3/envs/airflow_env/lib/python3.10/site-packages/airflow/example_dags/example_sla_dag.py
[2025-06-25T20:13:41.253-0400] {processor.py:840} INFO - DAG(s) 'example_sla_dag' retrieved from /opt/anaconda3/envs/airflow_env/lib/python3.10/site-packages/airflow/example_dags/example_sla_dag.py
[2025-06-25T20:13:41.284-0400] {logging_mixin.py:188} INFO - [2025-06-25T20:13:41.284-0400] {dag.py:3096} INFO - Sync 1 DAGs
[2025-06-25T20:13:41.309-0400] {logging_mixin.py:188} INFO - [2025-06-25T20:13:41.309-0400] {dag.py:3954} INFO - Setting next_dagrun for example_sla_dag to 2025-06-26 00:10:00+00:00, run_after=2025-06-26 00:12:00+00:00
[2025-06-25T20:13:41.315-0400] {processor.py:183} INFO - Processing /opt/anaconda3/envs/airflow_env/lib/python3.10/site-packages/airflow/example_dags/example_sla_dag.py took 0.078 seconds
[2025-06-25T20:14:58.389-0400] {processor.py:161} INFO - Started process (PID=62023) to work on /opt/anaconda3/envs/airflow_env/lib/python3.10/site-packages/airflow/example_dags/example_sla_dag.py
[2025-06-25T20:14:58.389-0400] {processor.py:830} INFO - Processing file /opt/anaconda3/envs/airflow_env/lib/python3.10/site-packages/airflow/example_dags/example_sla_dag.py for tasks to queue
[2025-06-25T20:14:58.389-0400] {logging_mixin.py:188} INFO - [2025-06-25T20:14:58.389-0400] {dagbag.py:545} INFO - Filling up the DagBag from /opt/anaconda3/envs/airflow_env/lib/python3.10/site-packages/airflow/example_dags/example_sla_dag.py
[2025-06-25T20:14:58.403-0400] {processor.py:840} INFO - DAG(s) 'example_sla_dag' retrieved from /opt/anaconda3/envs/airflow_env/lib/python3.10/site-packages/airflow/example_dags/example_sla_dag.py
[2025-06-25T20:14:58.434-0400] {logging_mixin.py:188} INFO - [2025-06-25T20:14:58.434-0400] {dag.py:3096} INFO - Sync 1 DAGs
[2025-06-25T20:14:58.460-0400] {logging_mixin.py:188} INFO - [2025-06-25T20:14:58.460-0400] {dag.py:3954} INFO - Setting next_dagrun for example_sla_dag to 2025-06-26 00:12:00+00:00, run_after=2025-06-26 00:14:00+00:00
[2025-06-25T20:14:58.466-0400] {processor.py:183} INFO - Processing /opt/anaconda3/envs/airflow_env/lib/python3.10/site-packages/airflow/example_dags/example_sla_dag.py took 0.079 seconds
[2025-06-25T20:15:17.852-0400] {processor.py:161} INFO - Started process (PID=62056) to work on /opt/anaconda3/envs/airflow_env/lib/python3.10/site-packages/airflow/example_dags/example_sla_dag.py
[2025-06-25T20:15:17.853-0400] {processor.py:830} INFO - Processing file /opt/anaconda3/envs/airflow_env/lib/python3.10/site-packages/airflow/example_dags/example_sla_dag.py for tasks to queue
[2025-06-25T20:15:17.853-0400] {logging_mixin.py:188} INFO - [2025-06-25T20:15:17.853-0400] {dagbag.py:545} INFO - Filling up the DagBag from /opt/anaconda3/envs/airflow_env/lib/python3.10/site-packages/airflow/example_dags/example_sla_dag.py
[2025-06-25T20:15:17.868-0400] {processor.py:840} INFO - DAG(s) 'example_sla_dag' retrieved from /opt/anaconda3/envs/airflow_env/lib/python3.10/site-packages/airflow/example_dags/example_sla_dag.py
[2025-06-25T20:15:17.900-0400] {logging_mixin.py:188} INFO - [2025-06-25T20:15:17.900-0400] {dag.py:3096} INFO - Sync 1 DAGs
[2025-06-25T20:15:17.928-0400] {logging_mixin.py:188} INFO - [2025-06-25T20:15:17.928-0400] {dag.py:3954} INFO - Setting next_dagrun for example_sla_dag to 2025-06-26 00:12:00+00:00, run_after=2025-06-26 00:14:00+00:00
[2025-06-25T20:15:17.935-0400] {processor.py:183} INFO - Processing /opt/anaconda3/envs/airflow_env/lib/python3.10/site-packages/airflow/example_dags/example_sla_dag.py took 0.084 seconds
[2025-06-25T20:16:37.128-0400] {processor.py:161} INFO - Started process (PID=62192) to work on /opt/anaconda3/envs/airflow_env/lib/python3.10/site-packages/airflow/example_dags/example_sla_dag.py
[2025-06-25T20:16:37.129-0400] {processor.py:830} INFO - Processing file /opt/anaconda3/envs/airflow_env/lib/python3.10/site-packages/airflow/example_dags/example_sla_dag.py for tasks to queue
[2025-06-25T20:16:37.129-0400] {logging_mixin.py:188} INFO - [2025-06-25T20:16:37.129-0400] {dagbag.py:545} INFO - Filling up the DagBag from /opt/anaconda3/envs/airflow_env/lib/python3.10/site-packages/airflow/example_dags/example_sla_dag.py
[2025-06-25T20:16:37.143-0400] {processor.py:840} INFO - DAG(s) 'example_sla_dag' retrieved from /opt/anaconda3/envs/airflow_env/lib/python3.10/site-packages/airflow/example_dags/example_sla_dag.py
[2025-06-25T20:16:37.177-0400] {logging_mixin.py:188} INFO - [2025-06-25T20:16:37.177-0400] {dag.py:3096} INFO - Sync 1 DAGs
[2025-06-25T20:16:37.203-0400] {logging_mixin.py:188} INFO - [2025-06-25T20:16:37.202-0400] {dag.py:3954} INFO - Setting next_dagrun for example_sla_dag to 2025-06-26 00:14:00+00:00, run_after=2025-06-26 00:16:00+00:00
[2025-06-25T20:16:37.209-0400] {processor.py:183} INFO - Processing /opt/anaconda3/envs/airflow_env/lib/python3.10/site-packages/airflow/example_dags/example_sla_dag.py took 0.083 seconds
[2025-06-25T20:16:57.390-0400] {processor.py:161} INFO - Started process (PID=62220) to work on /opt/anaconda3/envs/airflow_env/lib/python3.10/site-packages/airflow/example_dags/example_sla_dag.py
[2025-06-25T20:16:57.390-0400] {processor.py:830} INFO - Processing file /opt/anaconda3/envs/airflow_env/lib/python3.10/site-packages/airflow/example_dags/example_sla_dag.py for tasks to queue
[2025-06-25T20:16:57.391-0400] {logging_mixin.py:188} INFO - [2025-06-25T20:16:57.390-0400] {dagbag.py:545} INFO - Filling up the DagBag from /opt/anaconda3/envs/airflow_env/lib/python3.10/site-packages/airflow/example_dags/example_sla_dag.py
[2025-06-25T20:16:57.404-0400] {processor.py:840} INFO - DAG(s) 'example_sla_dag' retrieved from /opt/anaconda3/envs/airflow_env/lib/python3.10/site-packages/airflow/example_dags/example_sla_dag.py
[2025-06-25T20:16:57.434-0400] {logging_mixin.py:188} INFO - [2025-06-25T20:16:57.434-0400] {dag.py:3096} INFO - Sync 1 DAGs
[2025-06-25T20:16:57.460-0400] {logging_mixin.py:188} INFO - [2025-06-25T20:16:57.460-0400] {dag.py:3954} INFO - Setting next_dagrun for example_sla_dag to 2025-06-26 00:14:00+00:00, run_after=2025-06-26 00:16:00+00:00
[2025-06-25T20:16:57.466-0400] {processor.py:183} INFO - Processing /opt/anaconda3/envs/airflow_env/lib/python3.10/site-packages/airflow/example_dags/example_sla_dag.py took 0.078 seconds
[2025-06-25T20:18:10.780-0400] {processor.py:161} INFO - Started process (PID=62326) to work on /opt/anaconda3/envs/airflow_env/lib/python3.10/site-packages/airflow/example_dags/example_sla_dag.py
[2025-06-25T20:18:10.781-0400] {processor.py:830} INFO - Processing file /opt/anaconda3/envs/airflow_env/lib/python3.10/site-packages/airflow/example_dags/example_sla_dag.py for tasks to queue
[2025-06-25T20:18:10.781-0400] {logging_mixin.py:188} INFO - [2025-06-25T20:18:10.781-0400] {dagbag.py:545} INFO - Filling up the DagBag from /opt/anaconda3/envs/airflow_env/lib/python3.10/site-packages/airflow/example_dags/example_sla_dag.py
[2025-06-25T20:18:10.795-0400] {processor.py:840} INFO - DAG(s) 'example_sla_dag' retrieved from /opt/anaconda3/envs/airflow_env/lib/python3.10/site-packages/airflow/example_dags/example_sla_dag.py
[2025-06-25T20:18:10.829-0400] {logging_mixin.py:188} INFO - [2025-06-25T20:18:10.829-0400] {dag.py:3096} INFO - Sync 1 DAGs
[2025-06-25T20:18:10.856-0400] {logging_mixin.py:188} INFO - [2025-06-25T20:18:10.856-0400] {dag.py:3954} INFO - Setting next_dagrun for example_sla_dag to 2025-06-26 00:16:00+00:00, run_after=2025-06-26 00:18:00+00:00
[2025-06-25T20:18:10.863-0400] {processor.py:183} INFO - Processing /opt/anaconda3/envs/airflow_env/lib/python3.10/site-packages/airflow/example_dags/example_sla_dag.py took 0.084 seconds
[2025-06-25T20:18:33.026-0400] {processor.py:161} INFO - Started process (PID=62380) to work on /opt/anaconda3/envs/airflow_env/lib/python3.10/site-packages/airflow/example_dags/example_sla_dag.py
[2025-06-25T20:18:33.027-0400] {processor.py:830} INFO - Processing file /opt/anaconda3/envs/airflow_env/lib/python3.10/site-packages/airflow/example_dags/example_sla_dag.py for tasks to queue
[2025-06-25T20:18:33.027-0400] {logging_mixin.py:188} INFO - [2025-06-25T20:18:33.027-0400] {dagbag.py:545} INFO - Filling up the DagBag from /opt/anaconda3/envs/airflow_env/lib/python3.10/site-packages/airflow/example_dags/example_sla_dag.py
[2025-06-25T20:18:33.044-0400] {processor.py:840} INFO - DAG(s) 'example_sla_dag' retrieved from /opt/anaconda3/envs/airflow_env/lib/python3.10/site-packages/airflow/example_dags/example_sla_dag.py
[2025-06-25T20:18:33.082-0400] {logging_mixin.py:188} INFO - [2025-06-25T20:18:33.082-0400] {dag.py:3096} INFO - Sync 1 DAGs
[2025-06-25T20:18:33.114-0400] {logging_mixin.py:188} INFO - [2025-06-25T20:18:33.114-0400] {dag.py:3954} INFO - Setting next_dagrun for example_sla_dag to 2025-06-26 00:16:00+00:00, run_after=2025-06-26 00:18:00+00:00
[2025-06-25T20:18:33.123-0400] {processor.py:183} INFO - Processing /opt/anaconda3/envs/airflow_env/lib/python3.10/site-packages/airflow/example_dags/example_sla_dag.py took 0.098 seconds
[2025-06-25T20:19:21.477-0400] {processor.py:161} INFO - Started process (PID=62475) to work on /opt/anaconda3/envs/airflow_env/lib/python3.10/site-packages/airflow/example_dags/example_sla_dag.py
[2025-06-25T20:19:21.477-0400] {processor.py:830} INFO - Processing file /opt/anaconda3/envs/airflow_env/lib/python3.10/site-packages/airflow/example_dags/example_sla_dag.py for tasks to queue
[2025-06-25T20:19:21.477-0400] {logging_mixin.py:188} INFO - [2025-06-25T20:19:21.477-0400] {dagbag.py:545} INFO - Filling up the DagBag from /opt/anaconda3/envs/airflow_env/lib/python3.10/site-packages/airflow/example_dags/example_sla_dag.py
[2025-06-25T20:19:21.491-0400] {processor.py:840} INFO - DAG(s) 'example_sla_dag' retrieved from /opt/anaconda3/envs/airflow_env/lib/python3.10/site-packages/airflow/example_dags/example_sla_dag.py
[2025-06-25T20:19:21.522-0400] {logging_mixin.py:188} INFO - [2025-06-25T20:19:21.522-0400] {dag.py:3096} INFO - Sync 1 DAGs
[2025-06-25T20:19:21.549-0400] {logging_mixin.py:188} INFO - [2025-06-25T20:19:21.549-0400] {dag.py:3954} INFO - Setting next_dagrun for example_sla_dag to 2025-06-26 00:16:00+00:00, run_after=2025-06-26 00:18:00+00:00
[2025-06-25T20:19:21.555-0400] {processor.py:183} INFO - Processing /opt/anaconda3/envs/airflow_env/lib/python3.10/site-packages/airflow/example_dags/example_sla_dag.py took 0.080 seconds
[2025-06-25T20:19:55.502-0400] {processor.py:161} INFO - Started process (PID=62536) to work on /opt/anaconda3/envs/airflow_env/lib/python3.10/site-packages/airflow/example_dags/example_sla_dag.py
[2025-06-25T20:19:55.503-0400] {processor.py:830} INFO - Processing file /opt/anaconda3/envs/airflow_env/lib/python3.10/site-packages/airflow/example_dags/example_sla_dag.py for tasks to queue
[2025-06-25T20:19:55.503-0400] {logging_mixin.py:188} INFO - [2025-06-25T20:19:55.503-0400] {dagbag.py:545} INFO - Filling up the DagBag from /opt/anaconda3/envs/airflow_env/lib/python3.10/site-packages/airflow/example_dags/example_sla_dag.py
[2025-06-25T20:19:55.517-0400] {processor.py:840} INFO - DAG(s) 'example_sla_dag' retrieved from /opt/anaconda3/envs/airflow_env/lib/python3.10/site-packages/airflow/example_dags/example_sla_dag.py
[2025-06-25T20:19:55.551-0400] {logging_mixin.py:188} INFO - [2025-06-25T20:19:55.550-0400] {dag.py:3096} INFO - Sync 1 DAGs
[2025-06-25T20:19:55.579-0400] {logging_mixin.py:188} INFO - [2025-06-25T20:19:55.579-0400] {dag.py:3954} INFO - Setting next_dagrun for example_sla_dag to 2025-06-26 00:16:00+00:00, run_after=2025-06-26 00:18:00+00:00
[2025-06-25T20:19:55.586-0400] {processor.py:183} INFO - Processing /opt/anaconda3/envs/airflow_env/lib/python3.10/site-packages/airflow/example_dags/example_sla_dag.py took 0.085 seconds
[2025-06-25T20:20:24.914-0400] {processor.py:161} INFO - Started process (PID=62606) to work on /opt/anaconda3/envs/airflow_env/lib/python3.10/site-packages/airflow/example_dags/example_sla_dag.py
[2025-06-25T20:20:24.914-0400] {processor.py:830} INFO - Processing file /opt/anaconda3/envs/airflow_env/lib/python3.10/site-packages/airflow/example_dags/example_sla_dag.py for tasks to queue
[2025-06-25T20:20:24.914-0400] {logging_mixin.py:188} INFO - [2025-06-25T20:20:24.914-0400] {dagbag.py:545} INFO - Filling up the DagBag from /opt/anaconda3/envs/airflow_env/lib/python3.10/site-packages/airflow/example_dags/example_sla_dag.py
[2025-06-25T20:20:24.927-0400] {processor.py:840} INFO - DAG(s) 'example_sla_dag' retrieved from /opt/anaconda3/envs/airflow_env/lib/python3.10/site-packages/airflow/example_dags/example_sla_dag.py
[2025-06-25T20:20:24.959-0400] {logging_mixin.py:188} INFO - [2025-06-25T20:20:24.958-0400] {dag.py:3096} INFO - Sync 1 DAGs
[2025-06-25T20:20:24.984-0400] {logging_mixin.py:188} INFO - [2025-06-25T20:20:24.984-0400] {dag.py:3954} INFO - Setting next_dagrun for example_sla_dag to 2025-06-26 00:18:00+00:00, run_after=2025-06-26 00:20:00+00:00
[2025-06-25T20:20:24.990-0400] {processor.py:183} INFO - Processing /opt/anaconda3/envs/airflow_env/lib/python3.10/site-packages/airflow/example_dags/example_sla_dag.py took 0.078 seconds
[2025-06-25T20:20:56.874-0400] {processor.py:161} INFO - Started process (PID=62652) to work on /opt/anaconda3/envs/airflow_env/lib/python3.10/site-packages/airflow/example_dags/example_sla_dag.py
[2025-06-25T20:20:56.874-0400] {processor.py:830} INFO - Processing file /opt/anaconda3/envs/airflow_env/lib/python3.10/site-packages/airflow/example_dags/example_sla_dag.py for tasks to queue
[2025-06-25T20:20:56.875-0400] {logging_mixin.py:188} INFO - [2025-06-25T20:20:56.875-0400] {dagbag.py:545} INFO - Filling up the DagBag from /opt/anaconda3/envs/airflow_env/lib/python3.10/site-packages/airflow/example_dags/example_sla_dag.py
[2025-06-25T20:20:56.889-0400] {processor.py:840} INFO - DAG(s) 'example_sla_dag' retrieved from /opt/anaconda3/envs/airflow_env/lib/python3.10/site-packages/airflow/example_dags/example_sla_dag.py
[2025-06-25T20:20:56.924-0400] {logging_mixin.py:188} INFO - [2025-06-25T20:20:56.923-0400] {dag.py:3096} INFO - Sync 1 DAGs
[2025-06-25T20:20:56.954-0400] {logging_mixin.py:188} INFO - [2025-06-25T20:20:56.954-0400] {dag.py:3954} INFO - Setting next_dagrun for example_sla_dag to 2025-06-26 00:18:00+00:00, run_after=2025-06-26 00:20:00+00:00
[2025-06-25T20:20:56.961-0400] {processor.py:183} INFO - Processing /opt/anaconda3/envs/airflow_env/lib/python3.10/site-packages/airflow/example_dags/example_sla_dag.py took 0.088 seconds
[2025-06-25T20:22:01.713-0400] {processor.py:161} INFO - Started process (PID=62746) to work on /opt/anaconda3/envs/airflow_env/lib/python3.10/site-packages/airflow/example_dags/example_sla_dag.py
[2025-06-25T20:22:01.714-0400] {processor.py:830} INFO - Processing file /opt/anaconda3/envs/airflow_env/lib/python3.10/site-packages/airflow/example_dags/example_sla_dag.py for tasks to queue
[2025-06-25T20:22:01.714-0400] {logging_mixin.py:188} INFO - [2025-06-25T20:22:01.714-0400] {dagbag.py:545} INFO - Filling up the DagBag from /opt/anaconda3/envs/airflow_env/lib/python3.10/site-packages/airflow/example_dags/example_sla_dag.py
[2025-06-25T20:22:01.728-0400] {processor.py:840} INFO - DAG(s) 'example_sla_dag' retrieved from /opt/anaconda3/envs/airflow_env/lib/python3.10/site-packages/airflow/example_dags/example_sla_dag.py
[2025-06-25T20:22:01.761-0400] {logging_mixin.py:188} INFO - [2025-06-25T20:22:01.761-0400] {dag.py:3096} INFO - Sync 1 DAGs
[2025-06-25T20:22:01.796-0400] {logging_mixin.py:188} INFO - [2025-06-25T20:22:01.796-0400] {dag.py:3954} INFO - Setting next_dagrun for example_sla_dag to 2025-06-26 00:20:00+00:00, run_after=2025-06-26 00:22:00+00:00
[2025-06-25T20:22:01.803-0400] {processor.py:183} INFO - Processing /opt/anaconda3/envs/airflow_env/lib/python3.10/site-packages/airflow/example_dags/example_sla_dag.py took 0.091 seconds
[2025-06-25T20:22:33.858-0400] {processor.py:161} INFO - Started process (PID=62805) to work on /opt/anaconda3/envs/airflow_env/lib/python3.10/site-packages/airflow/example_dags/example_sla_dag.py
[2025-06-25T20:22:33.859-0400] {processor.py:830} INFO - Processing file /opt/anaconda3/envs/airflow_env/lib/python3.10/site-packages/airflow/example_dags/example_sla_dag.py for tasks to queue
[2025-06-25T20:22:33.859-0400] {logging_mixin.py:188} INFO - [2025-06-25T20:22:33.859-0400] {dagbag.py:545} INFO - Filling up the DagBag from /opt/anaconda3/envs/airflow_env/lib/python3.10/site-packages/airflow/example_dags/example_sla_dag.py
[2025-06-25T20:22:33.874-0400] {processor.py:840} INFO - DAG(s) 'example_sla_dag' retrieved from /opt/anaconda3/envs/airflow_env/lib/python3.10/site-packages/airflow/example_dags/example_sla_dag.py
[2025-06-25T20:22:33.907-0400] {logging_mixin.py:188} INFO - [2025-06-25T20:22:33.907-0400] {dag.py:3096} INFO - Sync 1 DAGs
[2025-06-25T20:22:33.935-0400] {logging_mixin.py:188} INFO - [2025-06-25T20:22:33.935-0400] {dag.py:3954} INFO - Setting next_dagrun for example_sla_dag to 2025-06-26 00:20:00+00:00, run_after=2025-06-26 00:22:00+00:00
[2025-06-25T20:22:33.941-0400] {processor.py:183} INFO - Processing /opt/anaconda3/envs/airflow_env/lib/python3.10/site-packages/airflow/example_dags/example_sla_dag.py took 0.084 seconds
[2025-06-25T20:23:39.790-0400] {processor.py:161} INFO - Started process (PID=62953) to work on /opt/anaconda3/envs/airflow_env/lib/python3.10/site-packages/airflow/example_dags/example_sla_dag.py
[2025-06-25T20:23:39.790-0400] {processor.py:830} INFO - Processing file /opt/anaconda3/envs/airflow_env/lib/python3.10/site-packages/airflow/example_dags/example_sla_dag.py for tasks to queue
[2025-06-25T20:23:39.791-0400] {logging_mixin.py:188} INFO - [2025-06-25T20:23:39.791-0400] {dagbag.py:545} INFO - Filling up the DagBag from /opt/anaconda3/envs/airflow_env/lib/python3.10/site-packages/airflow/example_dags/example_sla_dag.py
[2025-06-25T20:23:39.805-0400] {processor.py:840} INFO - DAG(s) 'example_sla_dag' retrieved from /opt/anaconda3/envs/airflow_env/lib/python3.10/site-packages/airflow/example_dags/example_sla_dag.py
[2025-06-25T20:23:39.845-0400] {logging_mixin.py:188} INFO - [2025-06-25T20:23:39.845-0400] {dag.py:3096} INFO - Sync 1 DAGs
[2025-06-25T20:23:39.880-0400] {logging_mixin.py:188} INFO - [2025-06-25T20:23:39.880-0400] {dag.py:3954} INFO - Setting next_dagrun for example_sla_dag to 2025-06-26 00:20:00+00:00, run_after=2025-06-26 00:22:00+00:00
[2025-06-25T20:23:39.887-0400] {processor.py:183} INFO - Processing /opt/anaconda3/envs/airflow_env/lib/python3.10/site-packages/airflow/example_dags/example_sla_dag.py took 0.099 seconds
[2025-06-25T20:24:57.006-0400] {processor.py:161} INFO - Started process (PID=63100) to work on /opt/anaconda3/envs/airflow_env/lib/python3.10/site-packages/airflow/example_dags/example_sla_dag.py
[2025-06-25T20:24:57.006-0400] {processor.py:830} INFO - Processing file /opt/anaconda3/envs/airflow_env/lib/python3.10/site-packages/airflow/example_dags/example_sla_dag.py for tasks to queue
[2025-06-25T20:24:57.006-0400] {logging_mixin.py:188} INFO - [2025-06-25T20:24:57.006-0400] {dagbag.py:545} INFO - Filling up the DagBag from /opt/anaconda3/envs/airflow_env/lib/python3.10/site-packages/airflow/example_dags/example_sla_dag.py
[2025-06-25T20:24:57.021-0400] {processor.py:840} INFO - DAG(s) 'example_sla_dag' retrieved from /opt/anaconda3/envs/airflow_env/lib/python3.10/site-packages/airflow/example_dags/example_sla_dag.py
[2025-06-25T20:24:57.055-0400] {logging_mixin.py:188} INFO - [2025-06-25T20:24:57.055-0400] {dag.py:3096} INFO - Sync 1 DAGs
[2025-06-25T20:24:57.101-0400] {logging_mixin.py:188} INFO - [2025-06-25T20:24:57.101-0400] {dag.py:3954} INFO - Setting next_dagrun for example_sla_dag to 2025-06-26 00:22:00+00:00, run_after=2025-06-26 00:24:00+00:00
[2025-06-25T20:24:57.110-0400] {processor.py:183} INFO - Processing /opt/anaconda3/envs/airflow_env/lib/python3.10/site-packages/airflow/example_dags/example_sla_dag.py took 0.106 seconds
[2025-06-25T20:25:22.216-0400] {processor.py:161} INFO - Started process (PID=63149) to work on /opt/anaconda3/envs/airflow_env/lib/python3.10/site-packages/airflow/example_dags/example_sla_dag.py
[2025-06-25T20:25:22.216-0400] {processor.py:830} INFO - Processing file /opt/anaconda3/envs/airflow_env/lib/python3.10/site-packages/airflow/example_dags/example_sla_dag.py for tasks to queue
[2025-06-25T20:25:22.216-0400] {logging_mixin.py:188} INFO - [2025-06-25T20:25:22.216-0400] {dagbag.py:545} INFO - Filling up the DagBag from /opt/anaconda3/envs/airflow_env/lib/python3.10/site-packages/airflow/example_dags/example_sla_dag.py
[2025-06-25T20:25:22.232-0400] {processor.py:840} INFO - DAG(s) 'example_sla_dag' retrieved from /opt/anaconda3/envs/airflow_env/lib/python3.10/site-packages/airflow/example_dags/example_sla_dag.py
[2025-06-25T20:25:22.266-0400] {logging_mixin.py:188} INFO - [2025-06-25T20:25:22.266-0400] {dag.py:3096} INFO - Sync 1 DAGs
[2025-06-25T20:25:22.297-0400] {logging_mixin.py:188} INFO - [2025-06-25T20:25:22.297-0400] {dag.py:3954} INFO - Setting next_dagrun for example_sla_dag to 2025-06-26 00:22:00+00:00, run_after=2025-06-26 00:24:00+00:00
[2025-06-25T20:25:22.303-0400] {processor.py:183} INFO - Processing /opt/anaconda3/envs/airflow_env/lib/python3.10/site-packages/airflow/example_dags/example_sla_dag.py took 0.090 seconds
[2025-06-25T20:26:34.926-0400] {processor.py:161} INFO - Started process (PID=63287) to work on /opt/anaconda3/envs/airflow_env/lib/python3.10/site-packages/airflow/example_dags/example_sla_dag.py
[2025-06-25T20:26:34.926-0400] {processor.py:830} INFO - Processing file /opt/anaconda3/envs/airflow_env/lib/python3.10/site-packages/airflow/example_dags/example_sla_dag.py for tasks to queue
[2025-06-25T20:26:34.927-0400] {logging_mixin.py:188} INFO - [2025-06-25T20:26:34.926-0400] {dagbag.py:545} INFO - Filling up the DagBag from /opt/anaconda3/envs/airflow_env/lib/python3.10/site-packages/airflow/example_dags/example_sla_dag.py
[2025-06-25T20:26:34.940-0400] {processor.py:840} INFO - DAG(s) 'example_sla_dag' retrieved from /opt/anaconda3/envs/airflow_env/lib/python3.10/site-packages/airflow/example_dags/example_sla_dag.py
[2025-06-25T20:26:34.973-0400] {logging_mixin.py:188} INFO - [2025-06-25T20:26:34.972-0400] {dag.py:3096} INFO - Sync 1 DAGs
[2025-06-25T20:26:35.002-0400] {logging_mixin.py:188} INFO - [2025-06-25T20:26:35.002-0400] {dag.py:3954} INFO - Setting next_dagrun for example_sla_dag to 2025-06-26 00:24:00+00:00, run_after=2025-06-26 00:26:00+00:00
[2025-06-25T20:26:35.009-0400] {processor.py:183} INFO - Processing /opt/anaconda3/envs/airflow_env/lib/python3.10/site-packages/airflow/example_dags/example_sla_dag.py took 0.085 seconds
[2025-06-25T20:27:02.438-0400] {processor.py:161} INFO - Started process (PID=63345) to work on /opt/anaconda3/envs/airflow_env/lib/python3.10/site-packages/airflow/example_dags/example_sla_dag.py
[2025-06-25T20:27:02.439-0400] {processor.py:830} INFO - Processing file /opt/anaconda3/envs/airflow_env/lib/python3.10/site-packages/airflow/example_dags/example_sla_dag.py for tasks to queue
[2025-06-25T20:27:02.439-0400] {logging_mixin.py:188} INFO - [2025-06-25T20:27:02.439-0400] {dagbag.py:545} INFO - Filling up the DagBag from /opt/anaconda3/envs/airflow_env/lib/python3.10/site-packages/airflow/example_dags/example_sla_dag.py
[2025-06-25T20:27:02.453-0400] {processor.py:840} INFO - DAG(s) 'example_sla_dag' retrieved from /opt/anaconda3/envs/airflow_env/lib/python3.10/site-packages/airflow/example_dags/example_sla_dag.py
[2025-06-25T20:27:02.485-0400] {logging_mixin.py:188} INFO - [2025-06-25T20:27:02.485-0400] {dag.py:3096} INFO - Sync 1 DAGs
[2025-06-25T20:27:02.513-0400] {logging_mixin.py:188} INFO - [2025-06-25T20:27:02.513-0400] {dag.py:3954} INFO - Setting next_dagrun for example_sla_dag to 2025-06-26 00:24:00+00:00, run_after=2025-06-26 00:26:00+00:00
[2025-06-25T20:27:02.520-0400] {processor.py:183} INFO - Processing /opt/anaconda3/envs/airflow_env/lib/python3.10/site-packages/airflow/example_dags/example_sla_dag.py took 0.083 seconds
[2025-06-25T20:28:11.524-0400] {processor.py:161} INFO - Started process (PID=63473) to work on /opt/anaconda3/envs/airflow_env/lib/python3.10/site-packages/airflow/example_dags/example_sla_dag.py
[2025-06-25T20:28:11.525-0400] {processor.py:830} INFO - Processing file /opt/anaconda3/envs/airflow_env/lib/python3.10/site-packages/airflow/example_dags/example_sla_dag.py for tasks to queue
[2025-06-25T20:28:11.525-0400] {logging_mixin.py:188} INFO - [2025-06-25T20:28:11.525-0400] {dagbag.py:545} INFO - Filling up the DagBag from /opt/anaconda3/envs/airflow_env/lib/python3.10/site-packages/airflow/example_dags/example_sla_dag.py
[2025-06-25T20:28:11.546-0400] {processor.py:840} INFO - DAG(s) 'example_sla_dag' retrieved from /opt/anaconda3/envs/airflow_env/lib/python3.10/site-packages/airflow/example_dags/example_sla_dag.py
[2025-06-25T20:28:11.585-0400] {logging_mixin.py:188} INFO - [2025-06-25T20:28:11.585-0400] {dag.py:3096} INFO - Sync 1 DAGs
[2025-06-25T20:28:11.620-0400] {logging_mixin.py:188} INFO - [2025-06-25T20:28:11.620-0400] {dag.py:3954} INFO - Setting next_dagrun for example_sla_dag to 2025-06-26 00:26:00+00:00, run_after=2025-06-26 00:28:00+00:00
[2025-06-25T20:28:11.628-0400] {processor.py:183} INFO - Processing /opt/anaconda3/envs/airflow_env/lib/python3.10/site-packages/airflow/example_dags/example_sla_dag.py took 0.106 seconds
[2025-06-25T20:28:40.417-0400] {processor.py:161} INFO - Started process (PID=63553) to work on /opt/anaconda3/envs/airflow_env/lib/python3.10/site-packages/airflow/example_dags/example_sla_dag.py
[2025-06-25T20:28:40.417-0400] {processor.py:830} INFO - Processing file /opt/anaconda3/envs/airflow_env/lib/python3.10/site-packages/airflow/example_dags/example_sla_dag.py for tasks to queue
[2025-06-25T20:28:40.417-0400] {logging_mixin.py:188} INFO - [2025-06-25T20:28:40.417-0400] {dagbag.py:545} INFO - Filling up the DagBag from /opt/anaconda3/envs/airflow_env/lib/python3.10/site-packages/airflow/example_dags/example_sla_dag.py
[2025-06-25T20:28:40.431-0400] {processor.py:840} INFO - DAG(s) 'example_sla_dag' retrieved from /opt/anaconda3/envs/airflow_env/lib/python3.10/site-packages/airflow/example_dags/example_sla_dag.py
[2025-06-25T20:28:40.465-0400] {logging_mixin.py:188} INFO - [2025-06-25T20:28:40.465-0400] {dag.py:3096} INFO - Sync 1 DAGs
[2025-06-25T20:28:40.492-0400] {logging_mixin.py:188} INFO - [2025-06-25T20:28:40.492-0400] {dag.py:3954} INFO - Setting next_dagrun for example_sla_dag to 2025-06-26 00:26:00+00:00, run_after=2025-06-26 00:28:00+00:00
[2025-06-25T20:28:40.499-0400] {processor.py:183} INFO - Processing /opt/anaconda3/envs/airflow_env/lib/python3.10/site-packages/airflow/example_dags/example_sla_dag.py took 0.084 seconds
[2025-06-25T20:29:52.485-0400] {processor.py:161} INFO - Started process (PID=63718) to work on /opt/anaconda3/envs/airflow_env/lib/python3.10/site-packages/airflow/example_dags/example_sla_dag.py
[2025-06-25T20:29:52.486-0400] {processor.py:830} INFO - Processing file /opt/anaconda3/envs/airflow_env/lib/python3.10/site-packages/airflow/example_dags/example_sla_dag.py for tasks to queue
[2025-06-25T20:29:52.486-0400] {logging_mixin.py:188} INFO - [2025-06-25T20:29:52.486-0400] {dagbag.py:545} INFO - Filling up the DagBag from /opt/anaconda3/envs/airflow_env/lib/python3.10/site-packages/airflow/example_dags/example_sla_dag.py
[2025-06-25T20:29:52.499-0400] {processor.py:840} INFO - DAG(s) 'example_sla_dag' retrieved from /opt/anaconda3/envs/airflow_env/lib/python3.10/site-packages/airflow/example_dags/example_sla_dag.py
[2025-06-25T20:29:52.531-0400] {logging_mixin.py:188} INFO - [2025-06-25T20:29:52.531-0400] {dag.py:3096} INFO - Sync 1 DAGs
[2025-06-25T20:29:52.557-0400] {logging_mixin.py:188} INFO - [2025-06-25T20:29:52.557-0400] {dag.py:3954} INFO - Setting next_dagrun for example_sla_dag to 2025-06-26 00:26:00+00:00, run_after=2025-06-26 00:28:00+00:00
[2025-06-25T20:29:52.563-0400] {processor.py:183} INFO - Processing /opt/anaconda3/envs/airflow_env/lib/python3.10/site-packages/airflow/example_dags/example_sla_dag.py took 0.079 seconds
[2025-06-25T20:30:21.085-0400] {processor.py:161} INFO - Started process (PID=63805) to work on /opt/anaconda3/envs/airflow_env/lib/python3.10/site-packages/airflow/example_dags/example_sla_dag.py
[2025-06-25T20:30:21.086-0400] {processor.py:830} INFO - Processing file /opt/anaconda3/envs/airflow_env/lib/python3.10/site-packages/airflow/example_dags/example_sla_dag.py for tasks to queue
[2025-06-25T20:30:21.086-0400] {logging_mixin.py:188} INFO - [2025-06-25T20:30:21.086-0400] {dagbag.py:545} INFO - Filling up the DagBag from /opt/anaconda3/envs/airflow_env/lib/python3.10/site-packages/airflow/example_dags/example_sla_dag.py
[2025-06-25T20:30:21.103-0400] {processor.py:840} INFO - DAG(s) 'example_sla_dag' retrieved from /opt/anaconda3/envs/airflow_env/lib/python3.10/site-packages/airflow/example_dags/example_sla_dag.py
[2025-06-25T20:30:21.144-0400] {logging_mixin.py:188} INFO - [2025-06-25T20:30:21.144-0400] {dag.py:3096} INFO - Sync 1 DAGs
[2025-06-25T20:30:21.177-0400] {logging_mixin.py:188} INFO - [2025-06-25T20:30:21.177-0400] {dag.py:3954} INFO - Setting next_dagrun for example_sla_dag to 2025-06-26 00:28:00+00:00, run_after=2025-06-26 00:30:00+00:00
[2025-06-25T20:30:21.185-0400] {processor.py:183} INFO - Processing /opt/anaconda3/envs/airflow_env/lib/python3.10/site-packages/airflow/example_dags/example_sla_dag.py took 0.101 seconds
[2025-06-25T20:31:24.632-0400] {processor.py:161} INFO - Started process (PID=63939) to work on /opt/anaconda3/envs/airflow_env/lib/python3.10/site-packages/airflow/example_dags/example_sla_dag.py
[2025-06-25T20:31:24.633-0400] {processor.py:830} INFO - Processing file /opt/anaconda3/envs/airflow_env/lib/python3.10/site-packages/airflow/example_dags/example_sla_dag.py for tasks to queue
[2025-06-25T20:31:24.633-0400] {logging_mixin.py:188} INFO - [2025-06-25T20:31:24.633-0400] {dagbag.py:545} INFO - Filling up the DagBag from /opt/anaconda3/envs/airflow_env/lib/python3.10/site-packages/airflow/example_dags/example_sla_dag.py
[2025-06-25T20:31:24.651-0400] {processor.py:840} INFO - DAG(s) 'example_sla_dag' retrieved from /opt/anaconda3/envs/airflow_env/lib/python3.10/site-packages/airflow/example_dags/example_sla_dag.py
[2025-06-25T20:31:24.691-0400] {logging_mixin.py:188} INFO - [2025-06-25T20:31:24.690-0400] {dag.py:3096} INFO - Sync 1 DAGs
[2025-06-25T20:31:24.734-0400] {logging_mixin.py:188} INFO - [2025-06-25T20:31:24.734-0400] {dag.py:3954} INFO - Setting next_dagrun for example_sla_dag to 2025-06-26 00:28:00+00:00, run_after=2025-06-26 00:30:00+00:00
[2025-06-25T20:31:24.742-0400] {processor.py:183} INFO - Processing /opt/anaconda3/envs/airflow_env/lib/python3.10/site-packages/airflow/example_dags/example_sla_dag.py took 0.112 seconds
[2025-06-25T20:32:33.085-0400] {processor.py:161} INFO - Started process (PID=64088) to work on /opt/anaconda3/envs/airflow_env/lib/python3.10/site-packages/airflow/example_dags/example_sla_dag.py
[2025-06-25T20:32:33.086-0400] {processor.py:830} INFO - Processing file /opt/anaconda3/envs/airflow_env/lib/python3.10/site-packages/airflow/example_dags/example_sla_dag.py for tasks to queue
[2025-06-25T20:32:33.086-0400] {logging_mixin.py:188} INFO - [2025-06-25T20:32:33.086-0400] {dagbag.py:545} INFO - Filling up the DagBag from /opt/anaconda3/envs/airflow_env/lib/python3.10/site-packages/airflow/example_dags/example_sla_dag.py
[2025-06-25T20:32:33.100-0400] {processor.py:840} INFO - DAG(s) 'example_sla_dag' retrieved from /opt/anaconda3/envs/airflow_env/lib/python3.10/site-packages/airflow/example_dags/example_sla_dag.py
[2025-06-25T20:32:33.138-0400] {logging_mixin.py:188} INFO - [2025-06-25T20:32:33.138-0400] {dag.py:3096} INFO - Sync 1 DAGs
[2025-06-25T20:32:33.172-0400] {logging_mixin.py:188} INFO - [2025-06-25T20:32:33.171-0400] {dag.py:3954} INFO - Setting next_dagrun for example_sla_dag to 2025-06-26 00:30:00+00:00, run_after=2025-06-26 00:32:00+00:00
[2025-06-25T20:32:33.179-0400] {processor.py:183} INFO - Processing /opt/anaconda3/envs/airflow_env/lib/python3.10/site-packages/airflow/example_dags/example_sla_dag.py took 0.095 seconds
[2025-06-25T20:32:59.110-0400] {processor.py:161} INFO - Started process (PID=64115) to work on /opt/anaconda3/envs/airflow_env/lib/python3.10/site-packages/airflow/example_dags/example_sla_dag.py
[2025-06-25T20:32:59.111-0400] {processor.py:830} INFO - Processing file /opt/anaconda3/envs/airflow_env/lib/python3.10/site-packages/airflow/example_dags/example_sla_dag.py for tasks to queue
[2025-06-25T20:32:59.112-0400] {logging_mixin.py:188} INFO - [2025-06-25T20:32:59.112-0400] {dagbag.py:545} INFO - Filling up the DagBag from /opt/anaconda3/envs/airflow_env/lib/python3.10/site-packages/airflow/example_dags/example_sla_dag.py
[2025-06-25T20:32:59.137-0400] {processor.py:840} INFO - DAG(s) 'example_sla_dag' retrieved from /opt/anaconda3/envs/airflow_env/lib/python3.10/site-packages/airflow/example_dags/example_sla_dag.py
[2025-06-25T20:32:59.174-0400] {logging_mixin.py:188} INFO - [2025-06-25T20:32:59.173-0400] {dag.py:3096} INFO - Sync 1 DAGs
[2025-06-25T20:32:59.203-0400] {logging_mixin.py:188} INFO - [2025-06-25T20:32:59.203-0400] {dag.py:3954} INFO - Setting next_dagrun for example_sla_dag to 2025-06-26 00:30:00+00:00, run_after=2025-06-26 00:32:00+00:00
[2025-06-25T20:32:59.210-0400] {processor.py:183} INFO - Processing /opt/anaconda3/envs/airflow_env/lib/python3.10/site-packages/airflow/example_dags/example_sla_dag.py took 0.103 seconds
[2025-06-25T20:34:21.437-0400] {processor.py:161} INFO - Started process (PID=64277) to work on /opt/anaconda3/envs/airflow_env/lib/python3.10/site-packages/airflow/example_dags/example_sla_dag.py
[2025-06-25T20:34:21.438-0400] {processor.py:830} INFO - Processing file /opt/anaconda3/envs/airflow_env/lib/python3.10/site-packages/airflow/example_dags/example_sla_dag.py for tasks to queue
[2025-06-25T20:34:21.438-0400] {logging_mixin.py:188} INFO - [2025-06-25T20:34:21.438-0400] {dagbag.py:545} INFO - Filling up the DagBag from /opt/anaconda3/envs/airflow_env/lib/python3.10/site-packages/airflow/example_dags/example_sla_dag.py
[2025-06-25T20:34:21.451-0400] {processor.py:840} INFO - DAG(s) 'example_sla_dag' retrieved from /opt/anaconda3/envs/airflow_env/lib/python3.10/site-packages/airflow/example_dags/example_sla_dag.py
[2025-06-25T20:34:21.482-0400] {logging_mixin.py:188} INFO - [2025-06-25T20:34:21.482-0400] {dag.py:3096} INFO - Sync 1 DAGs
[2025-06-25T20:34:21.509-0400] {logging_mixin.py:188} INFO - [2025-06-25T20:34:21.509-0400] {dag.py:3954} INFO - Setting next_dagrun for example_sla_dag to 2025-06-26 00:32:00+00:00, run_after=2025-06-26 00:34:00+00:00
[2025-06-25T20:34:21.516-0400] {processor.py:183} INFO - Processing /opt/anaconda3/envs/airflow_env/lib/python3.10/site-packages/airflow/example_dags/example_sla_dag.py took 0.080 seconds
[2025-06-25T20:34:43.050-0400] {processor.py:161} INFO - Started process (PID=64308) to work on /opt/anaconda3/envs/airflow_env/lib/python3.10/site-packages/airflow/example_dags/example_sla_dag.py
[2025-06-25T20:34:43.050-0400] {processor.py:830} INFO - Processing file /opt/anaconda3/envs/airflow_env/lib/python3.10/site-packages/airflow/example_dags/example_sla_dag.py for tasks to queue
[2025-06-25T20:34:43.051-0400] {logging_mixin.py:188} INFO - [2025-06-25T20:34:43.051-0400] {dagbag.py:545} INFO - Filling up the DagBag from /opt/anaconda3/envs/airflow_env/lib/python3.10/site-packages/airflow/example_dags/example_sla_dag.py
[2025-06-25T20:34:43.064-0400] {processor.py:840} INFO - DAG(s) 'example_sla_dag' retrieved from /opt/anaconda3/envs/airflow_env/lib/python3.10/site-packages/airflow/example_dags/example_sla_dag.py
[2025-06-25T20:34:43.096-0400] {logging_mixin.py:188} INFO - [2025-06-25T20:34:43.096-0400] {dag.py:3096} INFO - Sync 1 DAGs
[2025-06-25T20:34:43.125-0400] {logging_mixin.py:188} INFO - [2025-06-25T20:34:43.125-0400] {dag.py:3954} INFO - Setting next_dagrun for example_sla_dag to 2025-06-26 00:32:00+00:00, run_after=2025-06-26 00:34:00+00:00
[2025-06-25T20:34:43.132-0400] {processor.py:183} INFO - Processing /opt/anaconda3/envs/airflow_env/lib/python3.10/site-packages/airflow/example_dags/example_sla_dag.py took 0.083 seconds
[2025-06-25T20:35:56.718-0400] {processor.py:161} INFO - Started process (PID=64427) to work on /opt/anaconda3/envs/airflow_env/lib/python3.10/site-packages/airflow/example_dags/example_sla_dag.py
[2025-06-25T20:35:56.718-0400] {processor.py:830} INFO - Processing file /opt/anaconda3/envs/airflow_env/lib/python3.10/site-packages/airflow/example_dags/example_sla_dag.py for tasks to queue
[2025-06-25T20:35:56.718-0400] {logging_mixin.py:188} INFO - [2025-06-25T20:35:56.718-0400] {dagbag.py:545} INFO - Filling up the DagBag from /opt/anaconda3/envs/airflow_env/lib/python3.10/site-packages/airflow/example_dags/example_sla_dag.py
[2025-06-25T20:35:56.735-0400] {processor.py:840} INFO - DAG(s) 'example_sla_dag' retrieved from /opt/anaconda3/envs/airflow_env/lib/python3.10/site-packages/airflow/example_dags/example_sla_dag.py
[2025-06-25T20:35:56.779-0400] {logging_mixin.py:188} INFO - [2025-06-25T20:35:56.778-0400] {dag.py:3096} INFO - Sync 1 DAGs
[2025-06-25T20:35:56.809-0400] {logging_mixin.py:188} INFO - [2025-06-25T20:35:56.808-0400] {dag.py:3954} INFO - Setting next_dagrun for example_sla_dag to 2025-06-26 00:32:00+00:00, run_after=2025-06-26 00:34:00+00:00
[2025-06-25T20:35:56.816-0400] {processor.py:183} INFO - Processing /opt/anaconda3/envs/airflow_env/lib/python3.10/site-packages/airflow/example_dags/example_sla_dag.py took 0.101 seconds
[2025-06-25T20:36:22.555-0400] {processor.py:161} INFO - Started process (PID=64481) to work on /opt/anaconda3/envs/airflow_env/lib/python3.10/site-packages/airflow/example_dags/example_sla_dag.py
[2025-06-25T20:36:22.555-0400] {processor.py:830} INFO - Processing file /opt/anaconda3/envs/airflow_env/lib/python3.10/site-packages/airflow/example_dags/example_sla_dag.py for tasks to queue
[2025-06-25T20:36:22.555-0400] {logging_mixin.py:188} INFO - [2025-06-25T20:36:22.555-0400] {dagbag.py:545} INFO - Filling up the DagBag from /opt/anaconda3/envs/airflow_env/lib/python3.10/site-packages/airflow/example_dags/example_sla_dag.py
[2025-06-25T20:36:22.571-0400] {processor.py:840} INFO - DAG(s) 'example_sla_dag' retrieved from /opt/anaconda3/envs/airflow_env/lib/python3.10/site-packages/airflow/example_dags/example_sla_dag.py
[2025-06-25T20:36:22.606-0400] {logging_mixin.py:188} INFO - [2025-06-25T20:36:22.606-0400] {dag.py:3096} INFO - Sync 1 DAGs
[2025-06-25T20:36:22.637-0400] {logging_mixin.py:188} INFO - [2025-06-25T20:36:22.637-0400] {dag.py:3954} INFO - Setting next_dagrun for example_sla_dag to 2025-06-26 00:34:00+00:00, run_after=2025-06-26 00:36:00+00:00
[2025-06-25T20:36:22.644-0400] {processor.py:183} INFO - Processing /opt/anaconda3/envs/airflow_env/lib/python3.10/site-packages/airflow/example_dags/example_sla_dag.py took 0.091 seconds
[2025-06-25T20:37:31.962-0400] {processor.py:161} INFO - Started process (PID=64629) to work on /opt/anaconda3/envs/airflow_env/lib/python3.10/site-packages/airflow/example_dags/example_sla_dag.py
[2025-06-25T20:37:31.962-0400] {processor.py:830} INFO - Processing file /opt/anaconda3/envs/airflow_env/lib/python3.10/site-packages/airflow/example_dags/example_sla_dag.py for tasks to queue
[2025-06-25T20:37:31.963-0400] {logging_mixin.py:188} INFO - [2025-06-25T20:37:31.963-0400] {dagbag.py:545} INFO - Filling up the DagBag from /opt/anaconda3/envs/airflow_env/lib/python3.10/site-packages/airflow/example_dags/example_sla_dag.py
[2025-06-25T20:37:31.983-0400] {processor.py:840} INFO - DAG(s) 'example_sla_dag' retrieved from /opt/anaconda3/envs/airflow_env/lib/python3.10/site-packages/airflow/example_dags/example_sla_dag.py
[2025-06-25T20:37:32.026-0400] {logging_mixin.py:188} INFO - [2025-06-25T20:37:32.026-0400] {dag.py:3096} INFO - Sync 1 DAGs
[2025-06-25T20:37:32.068-0400] {logging_mixin.py:188} INFO - [2025-06-25T20:37:32.067-0400] {dag.py:3954} INFO - Setting next_dagrun for example_sla_dag to 2025-06-26 00:34:00+00:00, run_after=2025-06-26 00:36:00+00:00
[2025-06-25T20:37:32.078-0400] {processor.py:183} INFO - Processing /opt/anaconda3/envs/airflow_env/lib/python3.10/site-packages/airflow/example_dags/example_sla_dag.py took 0.120 seconds
[2025-06-25T20:38:32.076-0400] {processor.py:161} INFO - Started process (PID=64769) to work on /opt/anaconda3/envs/airflow_env/lib/python3.10/site-packages/airflow/example_dags/example_sla_dag.py
[2025-06-25T20:38:32.078-0400] {processor.py:830} INFO - Processing file /opt/anaconda3/envs/airflow_env/lib/python3.10/site-packages/airflow/example_dags/example_sla_dag.py for tasks to queue
[2025-06-25T20:38:32.078-0400] {logging_mixin.py:188} INFO - [2025-06-25T20:38:32.078-0400] {dagbag.py:545} INFO - Filling up the DagBag from /opt/anaconda3/envs/airflow_env/lib/python3.10/site-packages/airflow/example_dags/example_sla_dag.py
[2025-06-25T20:38:32.093-0400] {processor.py:840} INFO - DAG(s) 'example_sla_dag' retrieved from /opt/anaconda3/envs/airflow_env/lib/python3.10/site-packages/airflow/example_dags/example_sla_dag.py
[2025-06-25T20:38:32.130-0400] {logging_mixin.py:188} INFO - [2025-06-25T20:38:32.130-0400] {dag.py:3096} INFO - Sync 1 DAGs
[2025-06-25T20:38:32.167-0400] {logging_mixin.py:188} INFO - [2025-06-25T20:38:32.167-0400] {dag.py:3954} INFO - Setting next_dagrun for example_sla_dag to 2025-06-26 00:36:00+00:00, run_after=2025-06-26 00:38:00+00:00
[2025-06-25T20:38:32.173-0400] {processor.py:183} INFO - Processing /opt/anaconda3/envs/airflow_env/lib/python3.10/site-packages/airflow/example_dags/example_sla_dag.py took 0.098 seconds
[2025-06-25T20:38:44.663-0400] {processor.py:161} INFO - Started process (PID=64794) to work on /opt/anaconda3/envs/airflow_env/lib/python3.10/site-packages/airflow/example_dags/example_sla_dag.py
[2025-06-25T20:38:44.663-0400] {processor.py:830} INFO - Processing file /opt/anaconda3/envs/airflow_env/lib/python3.10/site-packages/airflow/example_dags/example_sla_dag.py for tasks to queue
[2025-06-25T20:38:44.663-0400] {logging_mixin.py:188} INFO - [2025-06-25T20:38:44.663-0400] {dagbag.py:545} INFO - Filling up the DagBag from /opt/anaconda3/envs/airflow_env/lib/python3.10/site-packages/airflow/example_dags/example_sla_dag.py
[2025-06-25T20:38:44.678-0400] {processor.py:840} INFO - DAG(s) 'example_sla_dag' retrieved from /opt/anaconda3/envs/airflow_env/lib/python3.10/site-packages/airflow/example_dags/example_sla_dag.py
[2025-06-25T20:38:44.712-0400] {logging_mixin.py:188} INFO - [2025-06-25T20:38:44.712-0400] {dag.py:3096} INFO - Sync 1 DAGs
[2025-06-25T20:38:44.743-0400] {logging_mixin.py:188} INFO - [2025-06-25T20:38:44.743-0400] {dag.py:3954} INFO - Setting next_dagrun for example_sla_dag to 2025-06-26 00:36:00+00:00, run_after=2025-06-26 00:38:00+00:00
[2025-06-25T20:38:44.750-0400] {processor.py:183} INFO - Processing /opt/anaconda3/envs/airflow_env/lib/python3.10/site-packages/airflow/example_dags/example_sla_dag.py took 0.089 seconds
[2025-06-25T20:40:18.425-0400] {processor.py:161} INFO - Started process (PID=64992) to work on /opt/anaconda3/envs/airflow_env/lib/python3.10/site-packages/airflow/example_dags/example_sla_dag.py
[2025-06-25T20:40:18.426-0400] {processor.py:830} INFO - Processing file /opt/anaconda3/envs/airflow_env/lib/python3.10/site-packages/airflow/example_dags/example_sla_dag.py for tasks to queue
[2025-06-25T20:40:18.426-0400] {logging_mixin.py:188} INFO - [2025-06-25T20:40:18.426-0400] {dagbag.py:545} INFO - Filling up the DagBag from /opt/anaconda3/envs/airflow_env/lib/python3.10/site-packages/airflow/example_dags/example_sla_dag.py
[2025-06-25T20:40:18.441-0400] {processor.py:840} INFO - DAG(s) 'example_sla_dag' retrieved from /opt/anaconda3/envs/airflow_env/lib/python3.10/site-packages/airflow/example_dags/example_sla_dag.py
[2025-06-25T20:40:18.476-0400] {logging_mixin.py:188} INFO - [2025-06-25T20:40:18.476-0400] {dag.py:3096} INFO - Sync 1 DAGs
[2025-06-25T20:40:18.508-0400] {logging_mixin.py:188} INFO - [2025-06-25T20:40:18.508-0400] {dag.py:3954} INFO - Setting next_dagrun for example_sla_dag to 2025-06-26 00:38:00+00:00, run_after=2025-06-26 00:40:00+00:00
[2025-06-25T20:40:18.515-0400] {processor.py:183} INFO - Processing /opt/anaconda3/envs/airflow_env/lib/python3.10/site-packages/airflow/example_dags/example_sla_dag.py took 0.092 seconds
[2025-06-25T20:40:20.193-0400] {processor.py:161} INFO - Started process (PID=65000) to work on /opt/anaconda3/envs/airflow_env/lib/python3.10/site-packages/airflow/example_dags/example_sla_dag.py
[2025-06-25T20:40:20.194-0400] {processor.py:830} INFO - Processing file /opt/anaconda3/envs/airflow_env/lib/python3.10/site-packages/airflow/example_dags/example_sla_dag.py for tasks to queue
[2025-06-25T20:40:20.194-0400] {logging_mixin.py:188} INFO - [2025-06-25T20:40:20.194-0400] {dagbag.py:545} INFO - Filling up the DagBag from /opt/anaconda3/envs/airflow_env/lib/python3.10/site-packages/airflow/example_dags/example_sla_dag.py
[2025-06-25T20:40:20.209-0400] {processor.py:840} INFO - DAG(s) 'example_sla_dag' retrieved from /opt/anaconda3/envs/airflow_env/lib/python3.10/site-packages/airflow/example_dags/example_sla_dag.py
[2025-06-25T20:40:20.242-0400] {logging_mixin.py:188} INFO - [2025-06-25T20:40:20.242-0400] {dag.py:3096} INFO - Sync 1 DAGs
[2025-06-25T20:40:20.277-0400] {logging_mixin.py:188} INFO - [2025-06-25T20:40:20.277-0400] {dag.py:3954} INFO - Setting next_dagrun for example_sla_dag to 2025-06-26 00:38:00+00:00, run_after=2025-06-26 00:40:00+00:00
[2025-06-25T20:40:20.284-0400] {processor.py:183} INFO - Processing /opt/anaconda3/envs/airflow_env/lib/python3.10/site-packages/airflow/example_dags/example_sla_dag.py took 0.093 seconds
[2025-06-25T20:41:57.626-0400] {processor.py:161} INFO - Started process (PID=65194) to work on /opt/anaconda3/envs/airflow_env/lib/python3.10/site-packages/airflow/example_dags/example_sla_dag.py
[2025-06-25T20:41:57.627-0400] {processor.py:830} INFO - Processing file /opt/anaconda3/envs/airflow_env/lib/python3.10/site-packages/airflow/example_dags/example_sla_dag.py for tasks to queue
[2025-06-25T20:41:57.628-0400] {logging_mixin.py:188} INFO - [2025-06-25T20:41:57.628-0400] {dagbag.py:545} INFO - Filling up the DagBag from /opt/anaconda3/envs/airflow_env/lib/python3.10/site-packages/airflow/example_dags/example_sla_dag.py
[2025-06-25T20:41:57.641-0400] {processor.py:840} INFO - DAG(s) 'example_sla_dag' retrieved from /opt/anaconda3/envs/airflow_env/lib/python3.10/site-packages/airflow/example_dags/example_sla_dag.py
[2025-06-25T20:41:57.672-0400] {logging_mixin.py:188} INFO - [2025-06-25T20:41:57.672-0400] {dag.py:3096} INFO - Sync 1 DAGs
[2025-06-25T20:41:57.699-0400] {logging_mixin.py:188} INFO - [2025-06-25T20:41:57.699-0400] {dag.py:3954} INFO - Setting next_dagrun for example_sla_dag to 2025-06-26 00:38:00+00:00, run_after=2025-06-26 00:40:00+00:00
[2025-06-25T20:41:57.705-0400] {processor.py:183} INFO - Processing /opt/anaconda3/envs/airflow_env/lib/python3.10/site-packages/airflow/example_dags/example_sla_dag.py took 0.081 seconds
[2025-06-25T20:42:02.103-0400] {processor.py:161} INFO - Started process (PID=65201) to work on /opt/anaconda3/envs/airflow_env/lib/python3.10/site-packages/airflow/example_dags/example_sla_dag.py
[2025-06-25T20:42:02.104-0400] {processor.py:830} INFO - Processing file /opt/anaconda3/envs/airflow_env/lib/python3.10/site-packages/airflow/example_dags/example_sla_dag.py for tasks to queue
[2025-06-25T20:42:02.105-0400] {logging_mixin.py:188} INFO - [2025-06-25T20:42:02.105-0400] {dagbag.py:545} INFO - Filling up the DagBag from /opt/anaconda3/envs/airflow_env/lib/python3.10/site-packages/airflow/example_dags/example_sla_dag.py
[2025-06-25T20:42:02.120-0400] {processor.py:840} INFO - DAG(s) 'example_sla_dag' retrieved from /opt/anaconda3/envs/airflow_env/lib/python3.10/site-packages/airflow/example_dags/example_sla_dag.py
[2025-06-25T20:42:02.152-0400] {logging_mixin.py:188} INFO - [2025-06-25T20:42:02.152-0400] {dag.py:3096} INFO - Sync 1 DAGs
[2025-06-25T20:42:02.179-0400] {logging_mixin.py:188} INFO - [2025-06-25T20:42:02.178-0400] {dag.py:3954} INFO - Setting next_dagrun for example_sla_dag to 2025-06-26 00:40:00+00:00, run_after=2025-06-26 00:42:00+00:00
[2025-06-25T20:42:02.185-0400] {processor.py:183} INFO - Processing /opt/anaconda3/envs/airflow_env/lib/python3.10/site-packages/airflow/example_dags/example_sla_dag.py took 0.084 seconds
[2025-06-25T20:43:36.354-0400] {processor.py:161} INFO - Started process (PID=65441) to work on /opt/anaconda3/envs/airflow_env/lib/python3.10/site-packages/airflow/example_dags/example_sla_dag.py
[2025-06-25T20:43:36.355-0400] {processor.py:830} INFO - Processing file /opt/anaconda3/envs/airflow_env/lib/python3.10/site-packages/airflow/example_dags/example_sla_dag.py for tasks to queue
[2025-06-25T20:43:36.355-0400] {logging_mixin.py:188} INFO - [2025-06-25T20:43:36.355-0400] {dagbag.py:545} INFO - Filling up the DagBag from /opt/anaconda3/envs/airflow_env/lib/python3.10/site-packages/airflow/example_dags/example_sla_dag.py
[2025-06-25T20:43:36.368-0400] {processor.py:840} INFO - DAG(s) 'example_sla_dag' retrieved from /opt/anaconda3/envs/airflow_env/lib/python3.10/site-packages/airflow/example_dags/example_sla_dag.py
[2025-06-25T20:43:36.400-0400] {logging_mixin.py:188} INFO - [2025-06-25T20:43:36.400-0400] {dag.py:3096} INFO - Sync 1 DAGs
[2025-06-25T20:43:36.427-0400] {logging_mixin.py:188} INFO - [2025-06-25T20:43:36.426-0400] {dag.py:3954} INFO - Setting next_dagrun for example_sla_dag to 2025-06-26 00:40:00+00:00, run_after=2025-06-26 00:42:00+00:00
[2025-06-25T20:43:36.433-0400] {processor.py:183} INFO - Processing /opt/anaconda3/envs/airflow_env/lib/python3.10/site-packages/airflow/example_dags/example_sla_dag.py took 0.080 seconds
[2025-06-25T20:43:38.591-0400] {processor.py:161} INFO - Started process (PID=65448) to work on /opt/anaconda3/envs/airflow_env/lib/python3.10/site-packages/airflow/example_dags/example_sla_dag.py
[2025-06-25T20:43:38.592-0400] {processor.py:830} INFO - Processing file /opt/anaconda3/envs/airflow_env/lib/python3.10/site-packages/airflow/example_dags/example_sla_dag.py for tasks to queue
[2025-06-25T20:43:38.592-0400] {logging_mixin.py:188} INFO - [2025-06-25T20:43:38.592-0400] {dagbag.py:545} INFO - Filling up the DagBag from /opt/anaconda3/envs/airflow_env/lib/python3.10/site-packages/airflow/example_dags/example_sla_dag.py
[2025-06-25T20:43:38.605-0400] {processor.py:840} INFO - DAG(s) 'example_sla_dag' retrieved from /opt/anaconda3/envs/airflow_env/lib/python3.10/site-packages/airflow/example_dags/example_sla_dag.py
[2025-06-25T20:43:38.636-0400] {logging_mixin.py:188} INFO - [2025-06-25T20:43:38.636-0400] {dag.py:3096} INFO - Sync 1 DAGs
[2025-06-25T20:43:38.662-0400] {logging_mixin.py:188} INFO - [2025-06-25T20:43:38.662-0400] {dag.py:3954} INFO - Setting next_dagrun for example_sla_dag to 2025-06-26 00:40:00+00:00, run_after=2025-06-26 00:42:00+00:00
[2025-06-25T20:43:38.669-0400] {processor.py:183} INFO - Processing /opt/anaconda3/envs/airflow_env/lib/python3.10/site-packages/airflow/example_dags/example_sla_dag.py took 0.079 seconds
[2025-06-25T20:45:12.680-0400] {processor.py:161} INFO - Started process (PID=65668) to work on /opt/anaconda3/envs/airflow_env/lib/python3.10/site-packages/airflow/example_dags/example_sla_dag.py
[2025-06-25T20:45:12.681-0400] {processor.py:830} INFO - Processing file /opt/anaconda3/envs/airflow_env/lib/python3.10/site-packages/airflow/example_dags/example_sla_dag.py for tasks to queue
[2025-06-25T20:45:12.681-0400] {logging_mixin.py:188} INFO - [2025-06-25T20:45:12.681-0400] {dagbag.py:545} INFO - Filling up the DagBag from /opt/anaconda3/envs/airflow_env/lib/python3.10/site-packages/airflow/example_dags/example_sla_dag.py
[2025-06-25T20:45:12.695-0400] {processor.py:840} INFO - DAG(s) 'example_sla_dag' retrieved from /opt/anaconda3/envs/airflow_env/lib/python3.10/site-packages/airflow/example_dags/example_sla_dag.py
[2025-06-25T20:45:12.729-0400] {logging_mixin.py:188} INFO - [2025-06-25T20:45:12.729-0400] {dag.py:3096} INFO - Sync 1 DAGs
[2025-06-25T20:45:12.758-0400] {logging_mixin.py:188} INFO - [2025-06-25T20:45:12.758-0400] {dag.py:3954} INFO - Setting next_dagrun for example_sla_dag to 2025-06-26 00:42:00+00:00, run_after=2025-06-26 00:44:00+00:00
[2025-06-25T20:45:12.770-0400] {processor.py:183} INFO - Processing /opt/anaconda3/envs/airflow_env/lib/python3.10/site-packages/airflow/example_dags/example_sla_dag.py took 0.092 seconds
[2025-06-25T20:45:16.341-0400] {processor.py:161} INFO - Started process (PID=65675) to work on /opt/anaconda3/envs/airflow_env/lib/python3.10/site-packages/airflow/example_dags/example_sla_dag.py
[2025-06-25T20:45:16.342-0400] {processor.py:830} INFO - Processing file /opt/anaconda3/envs/airflow_env/lib/python3.10/site-packages/airflow/example_dags/example_sla_dag.py for tasks to queue
[2025-06-25T20:45:16.342-0400] {logging_mixin.py:188} INFO - [2025-06-25T20:45:16.342-0400] {dagbag.py:545} INFO - Filling up the DagBag from /opt/anaconda3/envs/airflow_env/lib/python3.10/site-packages/airflow/example_dags/example_sla_dag.py
[2025-06-25T20:45:16.357-0400] {processor.py:840} INFO - DAG(s) 'example_sla_dag' retrieved from /opt/anaconda3/envs/airflow_env/lib/python3.10/site-packages/airflow/example_dags/example_sla_dag.py
[2025-06-25T20:45:16.391-0400] {logging_mixin.py:188} INFO - [2025-06-25T20:45:16.391-0400] {dag.py:3096} INFO - Sync 1 DAGs
[2025-06-25T20:45:16.420-0400] {logging_mixin.py:188} INFO - [2025-06-25T20:45:16.420-0400] {dag.py:3954} INFO - Setting next_dagrun for example_sla_dag to 2025-06-26 00:42:00+00:00, run_after=2025-06-26 00:44:00+00:00
[2025-06-25T20:45:16.426-0400] {processor.py:183} INFO - Processing /opt/anaconda3/envs/airflow_env/lib/python3.10/site-packages/airflow/example_dags/example_sla_dag.py took 0.087 seconds
[2025-06-25T20:46:20.032-0400] {processor.py:161} INFO - Started process (PID=65830) to work on /opt/anaconda3/envs/airflow_env/lib/python3.10/site-packages/airflow/example_dags/example_sla_dag.py
[2025-06-25T20:46:20.033-0400] {processor.py:830} INFO - Processing file /opt/anaconda3/envs/airflow_env/lib/python3.10/site-packages/airflow/example_dags/example_sla_dag.py for tasks to queue
[2025-06-25T20:46:20.033-0400] {logging_mixin.py:188} INFO - [2025-06-25T20:46:20.033-0400] {dagbag.py:545} INFO - Filling up the DagBag from /opt/anaconda3/envs/airflow_env/lib/python3.10/site-packages/airflow/example_dags/example_sla_dag.py
[2025-06-25T20:46:20.048-0400] {processor.py:840} INFO - DAG(s) 'example_sla_dag' retrieved from /opt/anaconda3/envs/airflow_env/lib/python3.10/site-packages/airflow/example_dags/example_sla_dag.py
[2025-06-25T20:46:20.082-0400] {logging_mixin.py:188} INFO - [2025-06-25T20:46:20.081-0400] {dag.py:3096} INFO - Sync 1 DAGs
[2025-06-25T20:46:20.111-0400] {logging_mixin.py:188} INFO - [2025-06-25T20:46:20.111-0400] {dag.py:3954} INFO - Setting next_dagrun for example_sla_dag to 2025-06-26 00:44:00+00:00, run_after=2025-06-26 00:46:00+00:00
[2025-06-25T20:46:20.118-0400] {processor.py:183} INFO - Processing /opt/anaconda3/envs/airflow_env/lib/python3.10/site-packages/airflow/example_dags/example_sla_dag.py took 0.088 seconds
[2025-06-25T20:47:39.737-0400] {processor.py:161} INFO - Started process (PID=65992) to work on /opt/anaconda3/envs/airflow_env/lib/python3.10/site-packages/airflow/example_dags/example_sla_dag.py
[2025-06-25T20:47:39.738-0400] {processor.py:830} INFO - Processing file /opt/anaconda3/envs/airflow_env/lib/python3.10/site-packages/airflow/example_dags/example_sla_dag.py for tasks to queue
[2025-06-25T20:47:39.738-0400] {logging_mixin.py:188} INFO - [2025-06-25T20:47:39.738-0400] {dagbag.py:545} INFO - Filling up the DagBag from /opt/anaconda3/envs/airflow_env/lib/python3.10/site-packages/airflow/example_dags/example_sla_dag.py
[2025-06-25T20:47:39.752-0400] {processor.py:840} INFO - DAG(s) 'example_sla_dag' retrieved from /opt/anaconda3/envs/airflow_env/lib/python3.10/site-packages/airflow/example_dags/example_sla_dag.py
[2025-06-25T20:47:39.784-0400] {logging_mixin.py:188} INFO - [2025-06-25T20:47:39.784-0400] {dag.py:3096} INFO - Sync 1 DAGs
[2025-06-25T20:47:39.811-0400] {logging_mixin.py:188} INFO - [2025-06-25T20:47:39.811-0400] {dag.py:3954} INFO - Setting next_dagrun for example_sla_dag to 2025-06-26 00:44:00+00:00, run_after=2025-06-26 00:46:00+00:00
[2025-06-25T20:47:39.818-0400] {processor.py:183} INFO - Processing /opt/anaconda3/envs/airflow_env/lib/python3.10/site-packages/airflow/example_dags/example_sla_dag.py took 0.082 seconds
[2025-06-25T20:48:10.430-0400] {processor.py:161} INFO - Started process (PID=66086) to work on /opt/anaconda3/envs/airflow_env/lib/python3.10/site-packages/airflow/example_dags/example_sla_dag.py
[2025-06-25T20:48:10.430-0400] {processor.py:830} INFO - Processing file /opt/anaconda3/envs/airflow_env/lib/python3.10/site-packages/airflow/example_dags/example_sla_dag.py for tasks to queue
[2025-06-25T20:48:10.430-0400] {logging_mixin.py:188} INFO - [2025-06-25T20:48:10.430-0400] {dagbag.py:545} INFO - Filling up the DagBag from /opt/anaconda3/envs/airflow_env/lib/python3.10/site-packages/airflow/example_dags/example_sla_dag.py
[2025-06-25T20:48:10.445-0400] {processor.py:840} INFO - DAG(s) 'example_sla_dag' retrieved from /opt/anaconda3/envs/airflow_env/lib/python3.10/site-packages/airflow/example_dags/example_sla_dag.py
[2025-06-25T20:48:10.479-0400] {logging_mixin.py:188} INFO - [2025-06-25T20:48:10.479-0400] {dag.py:3096} INFO - Sync 1 DAGs
[2025-06-25T20:48:10.510-0400] {logging_mixin.py:188} INFO - [2025-06-25T20:48:10.509-0400] {dag.py:3954} INFO - Setting next_dagrun for example_sla_dag to 2025-06-26 00:46:00+00:00, run_after=2025-06-26 00:48:00+00:00
[2025-06-25T20:48:10.516-0400] {processor.py:183} INFO - Processing /opt/anaconda3/envs/airflow_env/lib/python3.10/site-packages/airflow/example_dags/example_sla_dag.py took 0.088 seconds
[2025-06-25T20:49:17.711-0400] {processor.py:161} INFO - Started process (PID=66227) to work on /opt/anaconda3/envs/airflow_env/lib/python3.10/site-packages/airflow/example_dags/example_sla_dag.py
[2025-06-25T20:49:17.712-0400] {processor.py:830} INFO - Processing file /opt/anaconda3/envs/airflow_env/lib/python3.10/site-packages/airflow/example_dags/example_sla_dag.py for tasks to queue
[2025-06-25T20:49:17.712-0400] {logging_mixin.py:188} INFO - [2025-06-25T20:49:17.712-0400] {dagbag.py:545} INFO - Filling up the DagBag from /opt/anaconda3/envs/airflow_env/lib/python3.10/site-packages/airflow/example_dags/example_sla_dag.py
[2025-06-25T20:49:17.727-0400] {processor.py:840} INFO - DAG(s) 'example_sla_dag' retrieved from /opt/anaconda3/envs/airflow_env/lib/python3.10/site-packages/airflow/example_dags/example_sla_dag.py
[2025-06-25T20:49:17.762-0400] {logging_mixin.py:188} INFO - [2025-06-25T20:49:17.762-0400] {dag.py:3096} INFO - Sync 1 DAGs
[2025-06-25T20:49:17.795-0400] {logging_mixin.py:188} INFO - [2025-06-25T20:49:17.795-0400] {dag.py:3954} INFO - Setting next_dagrun for example_sla_dag to 2025-06-26 00:46:00+00:00, run_after=2025-06-26 00:48:00+00:00
[2025-06-25T20:49:17.802-0400] {processor.py:183} INFO - Processing /opt/anaconda3/envs/airflow_env/lib/python3.10/site-packages/airflow/example_dags/example_sla_dag.py took 0.093 seconds
[2025-06-25T20:50:01.240-0400] {processor.py:161} INFO - Started process (PID=66338) to work on /opt/anaconda3/envs/airflow_env/lib/python3.10/site-packages/airflow/example_dags/example_sla_dag.py
[2025-06-25T20:50:01.241-0400] {processor.py:830} INFO - Processing file /opt/anaconda3/envs/airflow_env/lib/python3.10/site-packages/airflow/example_dags/example_sla_dag.py for tasks to queue
[2025-06-25T20:50:01.241-0400] {logging_mixin.py:188} INFO - [2025-06-25T20:50:01.241-0400] {dagbag.py:545} INFO - Filling up the DagBag from /opt/anaconda3/envs/airflow_env/lib/python3.10/site-packages/airflow/example_dags/example_sla_dag.py
[2025-06-25T20:50:01.256-0400] {processor.py:840} INFO - DAG(s) 'example_sla_dag' retrieved from /opt/anaconda3/envs/airflow_env/lib/python3.10/site-packages/airflow/example_dags/example_sla_dag.py
[2025-06-25T20:50:01.292-0400] {logging_mixin.py:188} INFO - [2025-06-25T20:50:01.291-0400] {dag.py:3096} INFO - Sync 1 DAGs
[2025-06-25T20:50:01.324-0400] {logging_mixin.py:188} INFO - [2025-06-25T20:50:01.324-0400] {dag.py:3954} INFO - Setting next_dagrun for example_sla_dag to 2025-06-26 00:48:00+00:00, run_after=2025-06-26 00:50:00+00:00
[2025-06-25T20:50:01.331-0400] {processor.py:183} INFO - Processing /opt/anaconda3/envs/airflow_env/lib/python3.10/site-packages/airflow/example_dags/example_sla_dag.py took 0.092 seconds
[2025-06-25T20:50:29.861-0400] {processor.py:161} INFO - Started process (PID=66393) to work on /opt/anaconda3/envs/airflow_env/lib/python3.10/site-packages/airflow/example_dags/example_sla_dag.py
[2025-06-25T20:50:29.861-0400] {processor.py:830} INFO - Processing file /opt/anaconda3/envs/airflow_env/lib/python3.10/site-packages/airflow/example_dags/example_sla_dag.py for tasks to queue
[2025-06-25T20:50:29.862-0400] {logging_mixin.py:188} INFO - [2025-06-25T20:50:29.861-0400] {dagbag.py:545} INFO - Filling up the DagBag from /opt/anaconda3/envs/airflow_env/lib/python3.10/site-packages/airflow/example_dags/example_sla_dag.py
[2025-06-25T20:50:29.875-0400] {processor.py:840} INFO - DAG(s) 'example_sla_dag' retrieved from /opt/anaconda3/envs/airflow_env/lib/python3.10/site-packages/airflow/example_dags/example_sla_dag.py
[2025-06-25T20:50:29.908-0400] {logging_mixin.py:188} INFO - [2025-06-25T20:50:29.908-0400] {dag.py:3096} INFO - Sync 1 DAGs
[2025-06-25T20:50:29.937-0400] {logging_mixin.py:188} INFO - [2025-06-25T20:50:29.937-0400] {dag.py:3954} INFO - Setting next_dagrun for example_sla_dag to 2025-06-26 00:48:00+00:00, run_after=2025-06-26 00:50:00+00:00
[2025-06-25T20:50:29.944-0400] {processor.py:183} INFO - Processing /opt/anaconda3/envs/airflow_env/lib/python3.10/site-packages/airflow/example_dags/example_sla_dag.py took 0.084 seconds
[2025-06-25T20:51:16.352-0400] {processor.py:161} INFO - Started process (PID=66502) to work on /opt/anaconda3/envs/airflow_env/lib/python3.10/site-packages/airflow/example_dags/example_sla_dag.py
[2025-06-25T20:51:16.352-0400] {processor.py:830} INFO - Processing file /opt/anaconda3/envs/airflow_env/lib/python3.10/site-packages/airflow/example_dags/example_sla_dag.py for tasks to queue
[2025-06-25T20:51:16.353-0400] {logging_mixin.py:188} INFO - [2025-06-25T20:51:16.353-0400] {dagbag.py:545} INFO - Filling up the DagBag from /opt/anaconda3/envs/airflow_env/lib/python3.10/site-packages/airflow/example_dags/example_sla_dag.py
[2025-06-25T20:51:16.369-0400] {processor.py:840} INFO - DAG(s) 'example_sla_dag' retrieved from /opt/anaconda3/envs/airflow_env/lib/python3.10/site-packages/airflow/example_dags/example_sla_dag.py
[2025-06-25T20:51:16.406-0400] {logging_mixin.py:188} INFO - [2025-06-25T20:51:16.406-0400] {dag.py:3096} INFO - Sync 1 DAGs
[2025-06-25T20:51:16.440-0400] {logging_mixin.py:188} INFO - [2025-06-25T20:51:16.440-0400] {dag.py:3954} INFO - Setting next_dagrun for example_sla_dag to 2025-06-26 00:48:00+00:00, run_after=2025-06-26 00:50:00+00:00
[2025-06-25T20:51:16.450-0400] {processor.py:183} INFO - Processing /opt/anaconda3/envs/airflow_env/lib/python3.10/site-packages/airflow/example_dags/example_sla_dag.py took 0.099 seconds
[2025-06-25T20:51:36.216-0400] {processor.py:161} INFO - Started process (PID=66542) to work on /opt/anaconda3/envs/airflow_env/lib/python3.10/site-packages/airflow/example_dags/example_sla_dag.py
[2025-06-25T20:51:36.216-0400] {processor.py:830} INFO - Processing file /opt/anaconda3/envs/airflow_env/lib/python3.10/site-packages/airflow/example_dags/example_sla_dag.py for tasks to queue
[2025-06-25T20:51:36.216-0400] {logging_mixin.py:188} INFO - [2025-06-25T20:51:36.216-0400] {dagbag.py:545} INFO - Filling up the DagBag from /opt/anaconda3/envs/airflow_env/lib/python3.10/site-packages/airflow/example_dags/example_sla_dag.py
[2025-06-25T20:51:36.231-0400] {processor.py:840} INFO - DAG(s) 'example_sla_dag' retrieved from /opt/anaconda3/envs/airflow_env/lib/python3.10/site-packages/airflow/example_dags/example_sla_dag.py
[2025-06-25T20:51:36.266-0400] {logging_mixin.py:188} INFO - [2025-06-25T20:51:36.266-0400] {dag.py:3096} INFO - Sync 1 DAGs
[2025-06-25T20:51:36.301-0400] {logging_mixin.py:188} INFO - [2025-06-25T20:51:36.301-0400] {dag.py:3954} INFO - Setting next_dagrun for example_sla_dag to 2025-06-26 00:48:00+00:00, run_after=2025-06-26 00:50:00+00:00
[2025-06-25T20:51:36.308-0400] {processor.py:183} INFO - Processing /opt/anaconda3/envs/airflow_env/lib/python3.10/site-packages/airflow/example_dags/example_sla_dag.py took 0.094 seconds
[2025-06-25T20:53:19.346-0400] {processor.py:161} INFO - Started process (PID=66761) to work on /opt/anaconda3/envs/airflow_env/lib/python3.10/site-packages/airflow/example_dags/example_sla_dag.py
[2025-06-25T20:53:19.347-0400] {processor.py:830} INFO - Processing file /opt/anaconda3/envs/airflow_env/lib/python3.10/site-packages/airflow/example_dags/example_sla_dag.py for tasks to queue
[2025-06-25T20:53:19.347-0400] {logging_mixin.py:188} INFO - [2025-06-25T20:53:19.347-0400] {dagbag.py:545} INFO - Filling up the DagBag from /opt/anaconda3/envs/airflow_env/lib/python3.10/site-packages/airflow/example_dags/example_sla_dag.py
[2025-06-25T20:53:19.362-0400] {processor.py:840} INFO - DAG(s) 'example_sla_dag' retrieved from /opt/anaconda3/envs/airflow_env/lib/python3.10/site-packages/airflow/example_dags/example_sla_dag.py
[2025-06-25T20:53:19.397-0400] {logging_mixin.py:188} INFO - [2025-06-25T20:53:19.396-0400] {dag.py:3096} INFO - Sync 1 DAGs
[2025-06-25T20:53:19.431-0400] {logging_mixin.py:188} INFO - [2025-06-25T20:53:19.430-0400] {dag.py:3954} INFO - Setting next_dagrun for example_sla_dag to 2025-06-26 00:50:00+00:00, run_after=2025-06-26 00:52:00+00:00
[2025-06-25T20:53:19.438-0400] {processor.py:183} INFO - Processing /opt/anaconda3/envs/airflow_env/lib/python3.10/site-packages/airflow/example_dags/example_sla_dag.py took 0.095 seconds
[2025-06-25T20:54:15.886-0400] {processor.py:161} INFO - Started process (PID=66901) to work on /opt/anaconda3/envs/airflow_env/lib/python3.10/site-packages/airflow/example_dags/example_sla_dag.py
[2025-06-25T20:54:15.887-0400] {processor.py:830} INFO - Processing file /opt/anaconda3/envs/airflow_env/lib/python3.10/site-packages/airflow/example_dags/example_sla_dag.py for tasks to queue
[2025-06-25T20:54:15.887-0400] {logging_mixin.py:188} INFO - [2025-06-25T20:54:15.887-0400] {dagbag.py:545} INFO - Filling up the DagBag from /opt/anaconda3/envs/airflow_env/lib/python3.10/site-packages/airflow/example_dags/example_sla_dag.py
[2025-06-25T20:54:15.904-0400] {processor.py:840} INFO - DAG(s) 'example_sla_dag' retrieved from /opt/anaconda3/envs/airflow_env/lib/python3.10/site-packages/airflow/example_dags/example_sla_dag.py
[2025-06-25T20:54:15.938-0400] {logging_mixin.py:188} INFO - [2025-06-25T20:54:15.937-0400] {dag.py:3096} INFO - Sync 1 DAGs
[2025-06-25T20:54:15.970-0400] {logging_mixin.py:188} INFO - [2025-06-25T20:54:15.970-0400] {dag.py:3954} INFO - Setting next_dagrun for example_sla_dag to 2025-06-26 00:52:00+00:00, run_after=2025-06-26 00:54:00+00:00
[2025-06-25T20:54:15.985-0400] {processor.py:183} INFO - Processing /opt/anaconda3/envs/airflow_env/lib/python3.10/site-packages/airflow/example_dags/example_sla_dag.py took 0.101 seconds
[2025-06-25T20:54:35.840-0400] {processor.py:161} INFO - Started process (PID=66941) to work on /opt/anaconda3/envs/airflow_env/lib/python3.10/site-packages/airflow/example_dags/example_sla_dag.py
[2025-06-25T20:54:35.840-0400] {processor.py:830} INFO - Processing file /opt/anaconda3/envs/airflow_env/lib/python3.10/site-packages/airflow/example_dags/example_sla_dag.py for tasks to queue
[2025-06-25T20:54:35.841-0400] {logging_mixin.py:188} INFO - [2025-06-25T20:54:35.841-0400] {dagbag.py:545} INFO - Filling up the DagBag from /opt/anaconda3/envs/airflow_env/lib/python3.10/site-packages/airflow/example_dags/example_sla_dag.py
[2025-06-25T20:54:35.858-0400] {processor.py:840} INFO - DAG(s) 'example_sla_dag' retrieved from /opt/anaconda3/envs/airflow_env/lib/python3.10/site-packages/airflow/example_dags/example_sla_dag.py
[2025-06-25T20:54:35.894-0400] {logging_mixin.py:188} INFO - [2025-06-25T20:54:35.893-0400] {dag.py:3096} INFO - Sync 1 DAGs
[2025-06-25T20:54:35.922-0400] {logging_mixin.py:188} INFO - [2025-06-25T20:54:35.922-0400] {dag.py:3954} INFO - Setting next_dagrun for example_sla_dag to 2025-06-26 00:52:00+00:00, run_after=2025-06-26 00:54:00+00:00
[2025-06-25T20:54:35.929-0400] {processor.py:183} INFO - Processing /opt/anaconda3/envs/airflow_env/lib/python3.10/site-packages/airflow/example_dags/example_sla_dag.py took 0.091 seconds
[2025-06-25T20:55:38.094-0400] {processor.py:161} INFO - Started process (PID=67097) to work on /opt/anaconda3/envs/airflow_env/lib/python3.10/site-packages/airflow/example_dags/example_sla_dag.py
[2025-06-25T20:55:38.095-0400] {processor.py:830} INFO - Processing file /opt/anaconda3/envs/airflow_env/lib/python3.10/site-packages/airflow/example_dags/example_sla_dag.py for tasks to queue
[2025-06-25T20:55:38.095-0400] {logging_mixin.py:188} INFO - [2025-06-25T20:55:38.095-0400] {dagbag.py:545} INFO - Filling up the DagBag from /opt/anaconda3/envs/airflow_env/lib/python3.10/site-packages/airflow/example_dags/example_sla_dag.py
[2025-06-25T20:55:38.109-0400] {processor.py:840} INFO - DAG(s) 'example_sla_dag' retrieved from /opt/anaconda3/envs/airflow_env/lib/python3.10/site-packages/airflow/example_dags/example_sla_dag.py
[2025-06-25T20:55:38.146-0400] {logging_mixin.py:188} INFO - [2025-06-25T20:55:38.146-0400] {dag.py:3096} INFO - Sync 1 DAGs
[2025-06-25T20:55:38.184-0400] {logging_mixin.py:188} INFO - [2025-06-25T20:55:38.184-0400] {dag.py:3954} INFO - Setting next_dagrun for example_sla_dag to 2025-06-26 00:52:00+00:00, run_after=2025-06-26 00:54:00+00:00
[2025-06-25T20:55:38.191-0400] {processor.py:183} INFO - Processing /opt/anaconda3/envs/airflow_env/lib/python3.10/site-packages/airflow/example_dags/example_sla_dag.py took 0.098 seconds
[2025-06-25T20:56:07.702-0400] {processor.py:161} INFO - Started process (PID=67137) to work on /opt/anaconda3/envs/airflow_env/lib/python3.10/site-packages/airflow/example_dags/example_sla_dag.py
[2025-06-25T20:56:07.702-0400] {processor.py:830} INFO - Processing file /opt/anaconda3/envs/airflow_env/lib/python3.10/site-packages/airflow/example_dags/example_sla_dag.py for tasks to queue
[2025-06-25T20:56:07.702-0400] {logging_mixin.py:188} INFO - [2025-06-25T20:56:07.702-0400] {dagbag.py:545} INFO - Filling up the DagBag from /opt/anaconda3/envs/airflow_env/lib/python3.10/site-packages/airflow/example_dags/example_sla_dag.py
[2025-06-25T20:56:07.716-0400] {processor.py:840} INFO - DAG(s) 'example_sla_dag' retrieved from /opt/anaconda3/envs/airflow_env/lib/python3.10/site-packages/airflow/example_dags/example_sla_dag.py
[2025-06-25T20:56:07.747-0400] {logging_mixin.py:188} INFO - [2025-06-25T20:56:07.746-0400] {dag.py:3096} INFO - Sync 1 DAGs
[2025-06-25T20:56:07.773-0400] {logging_mixin.py:188} INFO - [2025-06-25T20:56:07.772-0400] {dag.py:3954} INFO - Setting next_dagrun for example_sla_dag to 2025-06-26 00:54:00+00:00, run_after=2025-06-26 00:56:00+00:00
[2025-06-25T20:56:07.779-0400] {processor.py:183} INFO - Processing /opt/anaconda3/envs/airflow_env/lib/python3.10/site-packages/airflow/example_dags/example_sla_dag.py took 0.079 seconds
[2025-06-25T20:57:11.697-0400] {processor.py:161} INFO - Started process (PID=67248) to work on /opt/anaconda3/envs/airflow_env/lib/python3.10/site-packages/airflow/example_dags/example_sla_dag.py
[2025-06-25T20:57:11.698-0400] {processor.py:830} INFO - Processing file /opt/anaconda3/envs/airflow_env/lib/python3.10/site-packages/airflow/example_dags/example_sla_dag.py for tasks to queue
[2025-06-25T20:57:11.698-0400] {logging_mixin.py:188} INFO - [2025-06-25T20:57:11.698-0400] {dagbag.py:545} INFO - Filling up the DagBag from /opt/anaconda3/envs/airflow_env/lib/python3.10/site-packages/airflow/example_dags/example_sla_dag.py
[2025-06-25T20:57:11.712-0400] {processor.py:840} INFO - DAG(s) 'example_sla_dag' retrieved from /opt/anaconda3/envs/airflow_env/lib/python3.10/site-packages/airflow/example_dags/example_sla_dag.py
[2025-06-25T20:57:11.744-0400] {logging_mixin.py:188} INFO - [2025-06-25T20:57:11.744-0400] {dag.py:3096} INFO - Sync 1 DAGs
[2025-06-25T20:57:11.773-0400] {logging_mixin.py:188} INFO - [2025-06-25T20:57:11.773-0400] {dag.py:3954} INFO - Setting next_dagrun for example_sla_dag to 2025-06-26 00:54:00+00:00, run_after=2025-06-26 00:56:00+00:00
[2025-06-25T20:57:11.779-0400] {processor.py:183} INFO - Processing /opt/anaconda3/envs/airflow_env/lib/python3.10/site-packages/airflow/example_dags/example_sla_dag.py took 0.084 seconds
[2025-06-25T20:57:40.929-0400] {processor.py:161} INFO - Started process (PID=67305) to work on /opt/anaconda3/envs/airflow_env/lib/python3.10/site-packages/airflow/example_dags/example_sla_dag.py
[2025-06-25T20:57:40.930-0400] {processor.py:830} INFO - Processing file /opt/anaconda3/envs/airflow_env/lib/python3.10/site-packages/airflow/example_dags/example_sla_dag.py for tasks to queue
[2025-06-25T20:57:40.930-0400] {logging_mixin.py:188} INFO - [2025-06-25T20:57:40.930-0400] {dagbag.py:545} INFO - Filling up the DagBag from /opt/anaconda3/envs/airflow_env/lib/python3.10/site-packages/airflow/example_dags/example_sla_dag.py
[2025-06-25T20:57:40.944-0400] {processor.py:840} INFO - DAG(s) 'example_sla_dag' retrieved from /opt/anaconda3/envs/airflow_env/lib/python3.10/site-packages/airflow/example_dags/example_sla_dag.py
[2025-06-25T20:57:40.979-0400] {logging_mixin.py:188} INFO - [2025-06-25T20:57:40.979-0400] {dag.py:3096} INFO - Sync 1 DAGs
[2025-06-25T20:57:41.014-0400] {logging_mixin.py:188} INFO - [2025-06-25T20:57:41.014-0400] {dag.py:3954} INFO - Setting next_dagrun for example_sla_dag to 2025-06-26 00:54:00+00:00, run_after=2025-06-26 00:56:00+00:00
[2025-06-25T20:57:41.021-0400] {processor.py:183} INFO - Processing /opt/anaconda3/envs/airflow_env/lib/python3.10/site-packages/airflow/example_dags/example_sla_dag.py took 0.094 seconds
[2025-06-25T20:58:49.495-0400] {processor.py:161} INFO - Started process (PID=67435) to work on /opt/anaconda3/envs/airflow_env/lib/python3.10/site-packages/airflow/example_dags/example_sla_dag.py
[2025-06-25T20:58:49.495-0400] {processor.py:830} INFO - Processing file /opt/anaconda3/envs/airflow_env/lib/python3.10/site-packages/airflow/example_dags/example_sla_dag.py for tasks to queue
[2025-06-25T20:58:49.496-0400] {logging_mixin.py:188} INFO - [2025-06-25T20:58:49.496-0400] {dagbag.py:545} INFO - Filling up the DagBag from /opt/anaconda3/envs/airflow_env/lib/python3.10/site-packages/airflow/example_dags/example_sla_dag.py
[2025-06-25T20:58:49.510-0400] {processor.py:840} INFO - DAG(s) 'example_sla_dag' retrieved from /opt/anaconda3/envs/airflow_env/lib/python3.10/site-packages/airflow/example_dags/example_sla_dag.py
[2025-06-25T20:58:49.542-0400] {logging_mixin.py:188} INFO - [2025-06-25T20:58:49.542-0400] {dag.py:3096} INFO - Sync 1 DAGs
[2025-06-25T20:58:49.570-0400] {logging_mixin.py:188} INFO - [2025-06-25T20:58:49.570-0400] {dag.py:3954} INFO - Setting next_dagrun for example_sla_dag to 2025-06-26 00:56:00+00:00, run_after=2025-06-26 00:58:00+00:00
[2025-06-25T20:58:49.577-0400] {processor.py:183} INFO - Processing /opt/anaconda3/envs/airflow_env/lib/python3.10/site-packages/airflow/example_dags/example_sla_dag.py took 0.083 seconds
[2025-06-25T20:59:17.699-0400] {processor.py:161} INFO - Started process (PID=67485) to work on /opt/anaconda3/envs/airflow_env/lib/python3.10/site-packages/airflow/example_dags/example_sla_dag.py
[2025-06-25T20:59:17.699-0400] {processor.py:830} INFO - Processing file /opt/anaconda3/envs/airflow_env/lib/python3.10/site-packages/airflow/example_dags/example_sla_dag.py for tasks to queue
[2025-06-25T20:59:17.699-0400] {logging_mixin.py:188} INFO - [2025-06-25T20:59:17.699-0400] {dagbag.py:545} INFO - Filling up the DagBag from /opt/anaconda3/envs/airflow_env/lib/python3.10/site-packages/airflow/example_dags/example_sla_dag.py
[2025-06-25T20:59:17.713-0400] {processor.py:840} INFO - DAG(s) 'example_sla_dag' retrieved from /opt/anaconda3/envs/airflow_env/lib/python3.10/site-packages/airflow/example_dags/example_sla_dag.py
[2025-06-25T20:59:17.744-0400] {logging_mixin.py:188} INFO - [2025-06-25T20:59:17.744-0400] {dag.py:3096} INFO - Sync 1 DAGs
[2025-06-25T20:59:17.770-0400] {logging_mixin.py:188} INFO - [2025-06-25T20:59:17.770-0400] {dag.py:3954} INFO - Setting next_dagrun for example_sla_dag to 2025-06-26 00:56:00+00:00, run_after=2025-06-26 00:58:00+00:00
[2025-06-25T20:59:17.776-0400] {processor.py:183} INFO - Processing /opt/anaconda3/envs/airflow_env/lib/python3.10/site-packages/airflow/example_dags/example_sla_dag.py took 0.079 seconds
[2025-06-25T21:00:30.513-0400] {processor.py:161} INFO - Started process (PID=67632) to work on /opt/anaconda3/envs/airflow_env/lib/python3.10/site-packages/airflow/example_dags/example_sla_dag.py
[2025-06-25T21:00:30.514-0400] {processor.py:830} INFO - Processing file /opt/anaconda3/envs/airflow_env/lib/python3.10/site-packages/airflow/example_dags/example_sla_dag.py for tasks to queue
[2025-06-25T21:00:30.514-0400] {logging_mixin.py:188} INFO - [2025-06-25T21:00:30.514-0400] {dagbag.py:545} INFO - Filling up the DagBag from /opt/anaconda3/envs/airflow_env/lib/python3.10/site-packages/airflow/example_dags/example_sla_dag.py
[2025-06-25T21:00:30.527-0400] {processor.py:840} INFO - DAG(s) 'example_sla_dag' retrieved from /opt/anaconda3/envs/airflow_env/lib/python3.10/site-packages/airflow/example_dags/example_sla_dag.py
[2025-06-25T21:00:30.558-0400] {logging_mixin.py:188} INFO - [2025-06-25T21:00:30.558-0400] {dag.py:3096} INFO - Sync 1 DAGs
[2025-06-25T21:00:30.584-0400] {logging_mixin.py:188} INFO - [2025-06-25T21:00:30.584-0400] {dag.py:3954} INFO - Setting next_dagrun for example_sla_dag to 2025-06-26 00:58:00+00:00, run_after=2025-06-26 01:00:00+00:00
[2025-06-25T21:00:30.590-0400] {processor.py:183} INFO - Processing /opt/anaconda3/envs/airflow_env/lib/python3.10/site-packages/airflow/example_dags/example_sla_dag.py took 0.078 seconds
[2025-06-25T21:00:52.188-0400] {processor.py:161} INFO - Started process (PID=67665) to work on /opt/anaconda3/envs/airflow_env/lib/python3.10/site-packages/airflow/example_dags/example_sla_dag.py
[2025-06-25T21:00:52.189-0400] {processor.py:830} INFO - Processing file /opt/anaconda3/envs/airflow_env/lib/python3.10/site-packages/airflow/example_dags/example_sla_dag.py for tasks to queue
[2025-06-25T21:00:52.189-0400] {logging_mixin.py:188} INFO - [2025-06-25T21:00:52.189-0400] {dagbag.py:545} INFO - Filling up the DagBag from /opt/anaconda3/envs/airflow_env/lib/python3.10/site-packages/airflow/example_dags/example_sla_dag.py
[2025-06-25T21:00:52.202-0400] {processor.py:840} INFO - DAG(s) 'example_sla_dag' retrieved from /opt/anaconda3/envs/airflow_env/lib/python3.10/site-packages/airflow/example_dags/example_sla_dag.py
[2025-06-25T21:00:52.233-0400] {logging_mixin.py:188} INFO - [2025-06-25T21:00:52.233-0400] {dag.py:3096} INFO - Sync 1 DAGs
[2025-06-25T21:00:52.258-0400] {logging_mixin.py:188} INFO - [2025-06-25T21:00:52.258-0400] {dag.py:3954} INFO - Setting next_dagrun for example_sla_dag to 2025-06-26 00:58:00+00:00, run_after=2025-06-26 01:00:00+00:00
[2025-06-25T21:00:52.265-0400] {processor.py:183} INFO - Processing /opt/anaconda3/envs/airflow_env/lib/python3.10/site-packages/airflow/example_dags/example_sla_dag.py took 0.078 seconds
[2025-06-25T21:02:02.785-0400] {processor.py:161} INFO - Started process (PID=67765) to work on /opt/anaconda3/envs/airflow_env/lib/python3.10/site-packages/airflow/example_dags/example_sla_dag.py
[2025-06-25T21:02:02.785-0400] {processor.py:830} INFO - Processing file /opt/anaconda3/envs/airflow_env/lib/python3.10/site-packages/airflow/example_dags/example_sla_dag.py for tasks to queue
[2025-06-25T21:02:02.785-0400] {logging_mixin.py:188} INFO - [2025-06-25T21:02:02.785-0400] {dagbag.py:545} INFO - Filling up the DagBag from /opt/anaconda3/envs/airflow_env/lib/python3.10/site-packages/airflow/example_dags/example_sla_dag.py
[2025-06-25T21:02:02.798-0400] {processor.py:840} INFO - DAG(s) 'example_sla_dag' retrieved from /opt/anaconda3/envs/airflow_env/lib/python3.10/site-packages/airflow/example_dags/example_sla_dag.py
[2025-06-25T21:02:02.829-0400] {logging_mixin.py:188} INFO - [2025-06-25T21:02:02.829-0400] {dag.py:3096} INFO - Sync 1 DAGs
[2025-06-25T21:02:02.854-0400] {logging_mixin.py:188} INFO - [2025-06-25T21:02:02.854-0400] {dag.py:3954} INFO - Setting next_dagrun for example_sla_dag to 2025-06-26 01:00:00+00:00, run_after=2025-06-26 01:02:00+00:00
[2025-06-25T21:02:02.861-0400] {processor.py:183} INFO - Processing /opt/anaconda3/envs/airflow_env/lib/python3.10/site-packages/airflow/example_dags/example_sla_dag.py took 0.077 seconds
[2025-06-25T21:02:24.719-0400] {processor.py:161} INFO - Started process (PID=67796) to work on /opt/anaconda3/envs/airflow_env/lib/python3.10/site-packages/airflow/example_dags/example_sla_dag.py
[2025-06-25T21:02:24.719-0400] {processor.py:830} INFO - Processing file /opt/anaconda3/envs/airflow_env/lib/python3.10/site-packages/airflow/example_dags/example_sla_dag.py for tasks to queue
[2025-06-25T21:02:24.720-0400] {logging_mixin.py:188} INFO - [2025-06-25T21:02:24.720-0400] {dagbag.py:545} INFO - Filling up the DagBag from /opt/anaconda3/envs/airflow_env/lib/python3.10/site-packages/airflow/example_dags/example_sla_dag.py
[2025-06-25T21:02:24.733-0400] {processor.py:840} INFO - DAG(s) 'example_sla_dag' retrieved from /opt/anaconda3/envs/airflow_env/lib/python3.10/site-packages/airflow/example_dags/example_sla_dag.py
[2025-06-25T21:02:24.765-0400] {logging_mixin.py:188} INFO - [2025-06-25T21:02:24.765-0400] {dag.py:3096} INFO - Sync 1 DAGs
[2025-06-25T21:02:24.792-0400] {logging_mixin.py:188} INFO - [2025-06-25T21:02:24.792-0400] {dag.py:3954} INFO - Setting next_dagrun for example_sla_dag to 2025-06-26 01:00:00+00:00, run_after=2025-06-26 01:02:00+00:00
[2025-06-25T21:02:24.798-0400] {processor.py:183} INFO - Processing /opt/anaconda3/envs/airflow_env/lib/python3.10/site-packages/airflow/example_dags/example_sla_dag.py took 0.081 seconds
[2025-06-25T21:03:35.565-0400] {processor.py:161} INFO - Started process (PID=67903) to work on /opt/anaconda3/envs/airflow_env/lib/python3.10/site-packages/airflow/example_dags/example_sla_dag.py
[2025-06-25T21:03:35.566-0400] {processor.py:830} INFO - Processing file /opt/anaconda3/envs/airflow_env/lib/python3.10/site-packages/airflow/example_dags/example_sla_dag.py for tasks to queue
[2025-06-25T21:03:35.567-0400] {logging_mixin.py:188} INFO - [2025-06-25T21:03:35.566-0400] {dagbag.py:545} INFO - Filling up the DagBag from /opt/anaconda3/envs/airflow_env/lib/python3.10/site-packages/airflow/example_dags/example_sla_dag.py
[2025-06-25T21:03:35.581-0400] {processor.py:840} INFO - DAG(s) 'example_sla_dag' retrieved from /opt/anaconda3/envs/airflow_env/lib/python3.10/site-packages/airflow/example_dags/example_sla_dag.py
[2025-06-25T21:03:35.615-0400] {logging_mixin.py:188} INFO - [2025-06-25T21:03:35.615-0400] {dag.py:3096} INFO - Sync 1 DAGs
[2025-06-25T21:03:35.651-0400] {logging_mixin.py:188} INFO - [2025-06-25T21:03:35.651-0400] {dag.py:3954} INFO - Setting next_dagrun for example_sla_dag to 2025-06-26 01:00:00+00:00, run_after=2025-06-26 01:02:00+00:00
[2025-06-25T21:03:35.658-0400] {processor.py:183} INFO - Processing /opt/anaconda3/envs/airflow_env/lib/python3.10/site-packages/airflow/example_dags/example_sla_dag.py took 0.094 seconds
[2025-06-25T21:03:55.491-0400] {processor.py:161} INFO - Started process (PID=67930) to work on /opt/anaconda3/envs/airflow_env/lib/python3.10/site-packages/airflow/example_dags/example_sla_dag.py
[2025-06-25T21:03:55.491-0400] {processor.py:830} INFO - Processing file /opt/anaconda3/envs/airflow_env/lib/python3.10/site-packages/airflow/example_dags/example_sla_dag.py for tasks to queue
[2025-06-25T21:03:55.492-0400] {logging_mixin.py:188} INFO - [2025-06-25T21:03:55.491-0400] {dagbag.py:545} INFO - Filling up the DagBag from /opt/anaconda3/envs/airflow_env/lib/python3.10/site-packages/airflow/example_dags/example_sla_dag.py
[2025-06-25T21:03:55.507-0400] {processor.py:840} INFO - DAG(s) 'example_sla_dag' retrieved from /opt/anaconda3/envs/airflow_env/lib/python3.10/site-packages/airflow/example_dags/example_sla_dag.py
[2025-06-25T21:03:55.544-0400] {logging_mixin.py:188} INFO - [2025-06-25T21:03:55.544-0400] {dag.py:3096} INFO - Sync 1 DAGs
[2025-06-25T21:03:55.581-0400] {logging_mixin.py:188} INFO - [2025-06-25T21:03:55.581-0400] {dag.py:3954} INFO - Setting next_dagrun for example_sla_dag to 2025-06-26 01:00:00+00:00, run_after=2025-06-26 01:02:00+00:00
[2025-06-25T21:03:55.588-0400] {processor.py:183} INFO - Processing /opt/anaconda3/envs/airflow_env/lib/python3.10/site-packages/airflow/example_dags/example_sla_dag.py took 0.099 seconds
[2025-06-25T21:05:12.832-0400] {processor.py:161} INFO - Started process (PID=68073) to work on /opt/anaconda3/envs/airflow_env/lib/python3.10/site-packages/airflow/example_dags/example_sla_dag.py
[2025-06-25T21:05:12.832-0400] {processor.py:830} INFO - Processing file /opt/anaconda3/envs/airflow_env/lib/python3.10/site-packages/airflow/example_dags/example_sla_dag.py for tasks to queue
[2025-06-25T21:05:12.832-0400] {logging_mixin.py:188} INFO - [2025-06-25T21:05:12.832-0400] {dagbag.py:545} INFO - Filling up the DagBag from /opt/anaconda3/envs/airflow_env/lib/python3.10/site-packages/airflow/example_dags/example_sla_dag.py
[2025-06-25T21:05:12.847-0400] {processor.py:840} INFO - DAG(s) 'example_sla_dag' retrieved from /opt/anaconda3/envs/airflow_env/lib/python3.10/site-packages/airflow/example_dags/example_sla_dag.py
[2025-06-25T21:05:12.879-0400] {logging_mixin.py:188} INFO - [2025-06-25T21:05:12.879-0400] {dag.py:3096} INFO - Sync 1 DAGs
[2025-06-25T21:05:12.909-0400] {logging_mixin.py:188} INFO - [2025-06-25T21:05:12.908-0400] {dag.py:3954} INFO - Setting next_dagrun for example_sla_dag to 2025-06-26 01:02:00+00:00, run_after=2025-06-26 01:04:00+00:00
[2025-06-25T21:05:12.916-0400] {processor.py:183} INFO - Processing /opt/anaconda3/envs/airflow_env/lib/python3.10/site-packages/airflow/example_dags/example_sla_dag.py took 0.086 seconds
[2025-06-25T21:05:42.493-0400] {processor.py:161} INFO - Started process (PID=68119) to work on /opt/anaconda3/envs/airflow_env/lib/python3.10/site-packages/airflow/example_dags/example_sla_dag.py
[2025-06-25T21:05:42.494-0400] {processor.py:830} INFO - Processing file /opt/anaconda3/envs/airflow_env/lib/python3.10/site-packages/airflow/example_dags/example_sla_dag.py for tasks to queue
[2025-06-25T21:05:42.494-0400] {logging_mixin.py:188} INFO - [2025-06-25T21:05:42.494-0400] {dagbag.py:545} INFO - Filling up the DagBag from /opt/anaconda3/envs/airflow_env/lib/python3.10/site-packages/airflow/example_dags/example_sla_dag.py
[2025-06-25T21:05:42.507-0400] {processor.py:840} INFO - DAG(s) 'example_sla_dag' retrieved from /opt/anaconda3/envs/airflow_env/lib/python3.10/site-packages/airflow/example_dags/example_sla_dag.py
[2025-06-25T21:05:42.538-0400] {logging_mixin.py:188} INFO - [2025-06-25T21:05:42.538-0400] {dag.py:3096} INFO - Sync 1 DAGs
[2025-06-25T21:05:42.565-0400] {logging_mixin.py:188} INFO - [2025-06-25T21:05:42.565-0400] {dag.py:3954} INFO - Setting next_dagrun for example_sla_dag to 2025-06-26 01:02:00+00:00, run_after=2025-06-26 01:04:00+00:00
[2025-06-25T21:05:42.573-0400] {processor.py:183} INFO - Processing /opt/anaconda3/envs/airflow_env/lib/python3.10/site-packages/airflow/example_dags/example_sla_dag.py took 0.082 seconds
[2025-06-25T21:06:58.046-0400] {processor.py:161} INFO - Started process (PID=68235) to work on /opt/anaconda3/envs/airflow_env/lib/python3.10/site-packages/airflow/example_dags/example_sla_dag.py
[2025-06-25T21:06:58.046-0400] {processor.py:830} INFO - Processing file /opt/anaconda3/envs/airflow_env/lib/python3.10/site-packages/airflow/example_dags/example_sla_dag.py for tasks to queue
[2025-06-25T21:06:58.047-0400] {logging_mixin.py:188} INFO - [2025-06-25T21:06:58.046-0400] {dagbag.py:545} INFO - Filling up the DagBag from /opt/anaconda3/envs/airflow_env/lib/python3.10/site-packages/airflow/example_dags/example_sla_dag.py
[2025-06-25T21:06:58.061-0400] {processor.py:840} INFO - DAG(s) 'example_sla_dag' retrieved from /opt/anaconda3/envs/airflow_env/lib/python3.10/site-packages/airflow/example_dags/example_sla_dag.py
[2025-06-25T21:06:58.097-0400] {logging_mixin.py:188} INFO - [2025-06-25T21:06:58.097-0400] {dag.py:3096} INFO - Sync 1 DAGs
[2025-06-25T21:06:58.134-0400] {logging_mixin.py:188} INFO - [2025-06-25T21:06:58.134-0400] {dag.py:3954} INFO - Setting next_dagrun for example_sla_dag to 2025-06-26 01:04:00+00:00, run_after=2025-06-26 01:06:00+00:00
[2025-06-25T21:06:58.141-0400] {processor.py:183} INFO - Processing /opt/anaconda3/envs/airflow_env/lib/python3.10/site-packages/airflow/example_dags/example_sla_dag.py took 0.097 seconds
[2025-06-25T21:07:28.743-0400] {processor.py:161} INFO - Started process (PID=68285) to work on /opt/anaconda3/envs/airflow_env/lib/python3.10/site-packages/airflow/example_dags/example_sla_dag.py
[2025-06-25T21:07:28.744-0400] {processor.py:830} INFO - Processing file /opt/anaconda3/envs/airflow_env/lib/python3.10/site-packages/airflow/example_dags/example_sla_dag.py for tasks to queue
[2025-06-25T21:07:28.744-0400] {logging_mixin.py:188} INFO - [2025-06-25T21:07:28.744-0400] {dagbag.py:545} INFO - Filling up the DagBag from /opt/anaconda3/envs/airflow_env/lib/python3.10/site-packages/airflow/example_dags/example_sla_dag.py
[2025-06-25T21:07:28.758-0400] {processor.py:840} INFO - DAG(s) 'example_sla_dag' retrieved from /opt/anaconda3/envs/airflow_env/lib/python3.10/site-packages/airflow/example_dags/example_sla_dag.py
[2025-06-25T21:07:28.790-0400] {logging_mixin.py:188} INFO - [2025-06-25T21:07:28.790-0400] {dag.py:3096} INFO - Sync 1 DAGs
[2025-06-25T21:07:28.817-0400] {logging_mixin.py:188} INFO - [2025-06-25T21:07:28.817-0400] {dag.py:3954} INFO - Setting next_dagrun for example_sla_dag to 2025-06-26 01:04:00+00:00, run_after=2025-06-26 01:06:00+00:00
[2025-06-25T21:07:28.823-0400] {processor.py:183} INFO - Processing /opt/anaconda3/envs/airflow_env/lib/python3.10/site-packages/airflow/example_dags/example_sla_dag.py took 0.082 seconds
[2025-06-25T21:08:44.087-0400] {processor.py:161} INFO - Started process (PID=68404) to work on /opt/anaconda3/envs/airflow_env/lib/python3.10/site-packages/airflow/example_dags/example_sla_dag.py
[2025-06-25T21:08:44.088-0400] {processor.py:830} INFO - Processing file /opt/anaconda3/envs/airflow_env/lib/python3.10/site-packages/airflow/example_dags/example_sla_dag.py for tasks to queue
[2025-06-25T21:08:44.088-0400] {logging_mixin.py:188} INFO - [2025-06-25T21:08:44.088-0400] {dagbag.py:545} INFO - Filling up the DagBag from /opt/anaconda3/envs/airflow_env/lib/python3.10/site-packages/airflow/example_dags/example_sla_dag.py
[2025-06-25T21:08:44.103-0400] {processor.py:840} INFO - DAG(s) 'example_sla_dag' retrieved from /opt/anaconda3/envs/airflow_env/lib/python3.10/site-packages/airflow/example_dags/example_sla_dag.py
[2025-06-25T21:08:44.136-0400] {logging_mixin.py:188} INFO - [2025-06-25T21:08:44.136-0400] {dag.py:3096} INFO - Sync 1 DAGs
[2025-06-25T21:08:44.166-0400] {logging_mixin.py:188} INFO - [2025-06-25T21:08:44.166-0400] {dag.py:3954} INFO - Setting next_dagrun for example_sla_dag to 2025-06-26 01:06:00+00:00, run_after=2025-06-26 01:08:00+00:00
[2025-06-25T21:08:44.173-0400] {processor.py:183} INFO - Processing /opt/anaconda3/envs/airflow_env/lib/python3.10/site-packages/airflow/example_dags/example_sla_dag.py took 0.088 seconds
[2025-06-25T21:09:14.986-0400] {processor.py:161} INFO - Started process (PID=68455) to work on /opt/anaconda3/envs/airflow_env/lib/python3.10/site-packages/airflow/example_dags/example_sla_dag.py
[2025-06-25T21:09:14.987-0400] {processor.py:830} INFO - Processing file /opt/anaconda3/envs/airflow_env/lib/python3.10/site-packages/airflow/example_dags/example_sla_dag.py for tasks to queue
[2025-06-25T21:09:14.987-0400] {logging_mixin.py:188} INFO - [2025-06-25T21:09:14.987-0400] {dagbag.py:545} INFO - Filling up the DagBag from /opt/anaconda3/envs/airflow_env/lib/python3.10/site-packages/airflow/example_dags/example_sla_dag.py
[2025-06-25T21:09:15.001-0400] {processor.py:840} INFO - DAG(s) 'example_sla_dag' retrieved from /opt/anaconda3/envs/airflow_env/lib/python3.10/site-packages/airflow/example_dags/example_sla_dag.py
[2025-06-25T21:09:15.032-0400] {logging_mixin.py:188} INFO - [2025-06-25T21:09:15.032-0400] {dag.py:3096} INFO - Sync 1 DAGs
[2025-06-25T21:09:15.061-0400] {logging_mixin.py:188} INFO - [2025-06-25T21:09:15.061-0400] {dag.py:3954} INFO - Setting next_dagrun for example_sla_dag to 2025-06-26 01:06:00+00:00, run_after=2025-06-26 01:08:00+00:00
[2025-06-25T21:09:15.068-0400] {processor.py:183} INFO - Processing /opt/anaconda3/envs/airflow_env/lib/python3.10/site-packages/airflow/example_dags/example_sla_dag.py took 0.084 seconds
[2025-06-25T21:10:21.872-0400] {processor.py:161} INFO - Started process (PID=68565) to work on /opt/anaconda3/envs/airflow_env/lib/python3.10/site-packages/airflow/example_dags/example_sla_dag.py
[2025-06-25T21:10:21.873-0400] {processor.py:830} INFO - Processing file /opt/anaconda3/envs/airflow_env/lib/python3.10/site-packages/airflow/example_dags/example_sla_dag.py for tasks to queue
[2025-06-25T21:10:21.873-0400] {logging_mixin.py:188} INFO - [2025-06-25T21:10:21.873-0400] {dagbag.py:545} INFO - Filling up the DagBag from /opt/anaconda3/envs/airflow_env/lib/python3.10/site-packages/airflow/example_dags/example_sla_dag.py
[2025-06-25T21:10:21.889-0400] {processor.py:840} INFO - DAG(s) 'example_sla_dag' retrieved from /opt/anaconda3/envs/airflow_env/lib/python3.10/site-packages/airflow/example_dags/example_sla_dag.py
[2025-06-25T21:10:21.924-0400] {logging_mixin.py:188} INFO - [2025-06-25T21:10:21.923-0400] {dag.py:3096} INFO - Sync 1 DAGs
[2025-06-25T21:10:21.953-0400] {logging_mixin.py:188} INFO - [2025-06-25T21:10:21.952-0400] {dag.py:3954} INFO - Setting next_dagrun for example_sla_dag to 2025-06-26 01:08:00+00:00, run_after=2025-06-26 01:10:00+00:00
[2025-06-25T21:10:21.960-0400] {processor.py:183} INFO - Processing /opt/anaconda3/envs/airflow_env/lib/python3.10/site-packages/airflow/example_dags/example_sla_dag.py took 0.090 seconds
[2025-06-25T21:10:57.666-0400] {processor.py:161} INFO - Started process (PID=68676) to work on /opt/anaconda3/envs/airflow_env/lib/python3.10/site-packages/airflow/example_dags/example_sla_dag.py
[2025-06-25T21:10:57.666-0400] {processor.py:830} INFO - Processing file /opt/anaconda3/envs/airflow_env/lib/python3.10/site-packages/airflow/example_dags/example_sla_dag.py for tasks to queue
[2025-06-25T21:10:57.666-0400] {logging_mixin.py:188} INFO - [2025-06-25T21:10:57.666-0400] {dagbag.py:545} INFO - Filling up the DagBag from /opt/anaconda3/envs/airflow_env/lib/python3.10/site-packages/airflow/example_dags/example_sla_dag.py
[2025-06-25T21:10:57.680-0400] {processor.py:840} INFO - DAG(s) 'example_sla_dag' retrieved from /opt/anaconda3/envs/airflow_env/lib/python3.10/site-packages/airflow/example_dags/example_sla_dag.py
[2025-06-25T21:10:57.711-0400] {logging_mixin.py:188} INFO - [2025-06-25T21:10:57.711-0400] {dag.py:3096} INFO - Sync 1 DAGs
[2025-06-25T21:10:57.742-0400] {logging_mixin.py:188} INFO - [2025-06-25T21:10:57.742-0400] {dag.py:3954} INFO - Setting next_dagrun for example_sla_dag to 2025-06-26 01:08:00+00:00, run_after=2025-06-26 01:10:00+00:00
[2025-06-25T21:10:57.749-0400] {processor.py:183} INFO - Processing /opt/anaconda3/envs/airflow_env/lib/python3.10/site-packages/airflow/example_dags/example_sla_dag.py took 0.085 seconds
[2025-06-25T21:12:20.834-0400] {processor.py:161} INFO - Started process (PID=68863) to work on /opt/anaconda3/envs/airflow_env/lib/python3.10/site-packages/airflow/example_dags/example_sla_dag.py
[2025-06-25T21:12:20.835-0400] {processor.py:830} INFO - Processing file /opt/anaconda3/envs/airflow_env/lib/python3.10/site-packages/airflow/example_dags/example_sla_dag.py for tasks to queue
[2025-06-25T21:12:20.835-0400] {logging_mixin.py:188} INFO - [2025-06-25T21:12:20.835-0400] {dagbag.py:545} INFO - Filling up the DagBag from /opt/anaconda3/envs/airflow_env/lib/python3.10/site-packages/airflow/example_dags/example_sla_dag.py
[2025-06-25T21:12:20.850-0400] {processor.py:840} INFO - DAG(s) 'example_sla_dag' retrieved from /opt/anaconda3/envs/airflow_env/lib/python3.10/site-packages/airflow/example_dags/example_sla_dag.py
[2025-06-25T21:12:20.883-0400] {logging_mixin.py:188} INFO - [2025-06-25T21:12:20.883-0400] {dag.py:3096} INFO - Sync 1 DAGs
[2025-06-25T21:12:20.912-0400] {logging_mixin.py:188} INFO - [2025-06-25T21:12:20.911-0400] {dag.py:3954} INFO - Setting next_dagrun for example_sla_dag to 2025-06-26 01:10:00+00:00, run_after=2025-06-26 01:12:00+00:00
[2025-06-25T21:12:20.920-0400] {processor.py:183} INFO - Processing /opt/anaconda3/envs/airflow_env/lib/python3.10/site-packages/airflow/example_dags/example_sla_dag.py took 0.087 seconds
[2025-06-25T21:12:49.699-0400] {processor.py:161} INFO - Started process (PID=68910) to work on /opt/anaconda3/envs/airflow_env/lib/python3.10/site-packages/airflow/example_dags/example_sla_dag.py
[2025-06-25T21:12:49.699-0400] {processor.py:830} INFO - Processing file /opt/anaconda3/envs/airflow_env/lib/python3.10/site-packages/airflow/example_dags/example_sla_dag.py for tasks to queue
[2025-06-25T21:12:49.699-0400] {logging_mixin.py:188} INFO - [2025-06-25T21:12:49.699-0400] {dagbag.py:545} INFO - Filling up the DagBag from /opt/anaconda3/envs/airflow_env/lib/python3.10/site-packages/airflow/example_dags/example_sla_dag.py
[2025-06-25T21:12:49.720-0400] {processor.py:840} INFO - DAG(s) 'example_sla_dag' retrieved from /opt/anaconda3/envs/airflow_env/lib/python3.10/site-packages/airflow/example_dags/example_sla_dag.py
[2025-06-25T21:12:49.760-0400] {logging_mixin.py:188} INFO - [2025-06-25T21:12:49.760-0400] {dag.py:3096} INFO - Sync 1 DAGs
[2025-06-25T21:12:49.802-0400] {logging_mixin.py:188} INFO - [2025-06-25T21:12:49.801-0400] {dag.py:3954} INFO - Setting next_dagrun for example_sla_dag to 2025-06-26 01:10:00+00:00, run_after=2025-06-26 01:12:00+00:00
[2025-06-25T21:12:49.810-0400] {processor.py:183} INFO - Processing /opt/anaconda3/envs/airflow_env/lib/python3.10/site-packages/airflow/example_dags/example_sla_dag.py took 0.115 seconds
[2025-06-25T21:14:21.029-0400] {processor.py:161} INFO - Started process (PID=69073) to work on /opt/anaconda3/envs/airflow_env/lib/python3.10/site-packages/airflow/example_dags/example_sla_dag.py
[2025-06-25T21:14:21.029-0400] {processor.py:830} INFO - Processing file /opt/anaconda3/envs/airflow_env/lib/python3.10/site-packages/airflow/example_dags/example_sla_dag.py for tasks to queue
[2025-06-25T21:14:21.030-0400] {logging_mixin.py:188} INFO - [2025-06-25T21:14:21.029-0400] {dagbag.py:545} INFO - Filling up the DagBag from /opt/anaconda3/envs/airflow_env/lib/python3.10/site-packages/airflow/example_dags/example_sla_dag.py
[2025-06-25T21:14:21.045-0400] {processor.py:840} INFO - DAG(s) 'example_sla_dag' retrieved from /opt/anaconda3/envs/airflow_env/lib/python3.10/site-packages/airflow/example_dags/example_sla_dag.py
[2025-06-25T21:14:21.079-0400] {logging_mixin.py:188} INFO - [2025-06-25T21:14:21.079-0400] {dag.py:3096} INFO - Sync 1 DAGs
[2025-06-25T21:14:21.110-0400] {logging_mixin.py:188} INFO - [2025-06-25T21:14:21.110-0400] {dag.py:3954} INFO - Setting next_dagrun for example_sla_dag to 2025-06-26 01:12:00+00:00, run_after=2025-06-26 01:14:00+00:00
[2025-06-25T21:14:21.117-0400] {processor.py:183} INFO - Processing /opt/anaconda3/envs/airflow_env/lib/python3.10/site-packages/airflow/example_dags/example_sla_dag.py took 0.090 seconds
[2025-06-25T21:14:47.812-0400] {processor.py:161} INFO - Started process (PID=69118) to work on /opt/anaconda3/envs/airflow_env/lib/python3.10/site-packages/airflow/example_dags/example_sla_dag.py
[2025-06-25T21:14:47.813-0400] {processor.py:830} INFO - Processing file /opt/anaconda3/envs/airflow_env/lib/python3.10/site-packages/airflow/example_dags/example_sla_dag.py for tasks to queue
[2025-06-25T21:14:47.813-0400] {logging_mixin.py:188} INFO - [2025-06-25T21:14:47.813-0400] {dagbag.py:545} INFO - Filling up the DagBag from /opt/anaconda3/envs/airflow_env/lib/python3.10/site-packages/airflow/example_dags/example_sla_dag.py
[2025-06-25T21:14:47.827-0400] {processor.py:840} INFO - DAG(s) 'example_sla_dag' retrieved from /opt/anaconda3/envs/airflow_env/lib/python3.10/site-packages/airflow/example_dags/example_sla_dag.py
[2025-06-25T21:14:47.859-0400] {logging_mixin.py:188} INFO - [2025-06-25T21:14:47.859-0400] {dag.py:3096} INFO - Sync 1 DAGs
[2025-06-25T21:14:47.886-0400] {logging_mixin.py:188} INFO - [2025-06-25T21:14:47.886-0400] {dag.py:3954} INFO - Setting next_dagrun for example_sla_dag to 2025-06-26 01:12:00+00:00, run_after=2025-06-26 01:14:00+00:00
[2025-06-25T21:14:47.892-0400] {processor.py:183} INFO - Processing /opt/anaconda3/envs/airflow_env/lib/python3.10/site-packages/airflow/example_dags/example_sla_dag.py took 0.082 seconds
[2025-06-25T21:16:02.958-0400] {processor.py:161} INFO - Started process (PID=69243) to work on /opt/anaconda3/envs/airflow_env/lib/python3.10/site-packages/airflow/example_dags/example_sla_dag.py
[2025-06-25T21:16:02.959-0400] {processor.py:830} INFO - Processing file /opt/anaconda3/envs/airflow_env/lib/python3.10/site-packages/airflow/example_dags/example_sla_dag.py for tasks to queue
[2025-06-25T21:16:02.959-0400] {logging_mixin.py:188} INFO - [2025-06-25T21:16:02.959-0400] {dagbag.py:545} INFO - Filling up the DagBag from /opt/anaconda3/envs/airflow_env/lib/python3.10/site-packages/airflow/example_dags/example_sla_dag.py
[2025-06-25T21:16:02.973-0400] {processor.py:840} INFO - DAG(s) 'example_sla_dag' retrieved from /opt/anaconda3/envs/airflow_env/lib/python3.10/site-packages/airflow/example_dags/example_sla_dag.py
[2025-06-25T21:16:03.005-0400] {logging_mixin.py:188} INFO - [2025-06-25T21:16:03.005-0400] {dag.py:3096} INFO - Sync 1 DAGs
[2025-06-25T21:16:03.032-0400] {logging_mixin.py:188} INFO - [2025-06-25T21:16:03.032-0400] {dag.py:3954} INFO - Setting next_dagrun for example_sla_dag to 2025-06-26 01:14:00+00:00, run_after=2025-06-26 01:16:00+00:00
[2025-06-25T21:16:03.040-0400] {processor.py:183} INFO - Processing /opt/anaconda3/envs/airflow_env/lib/python3.10/site-packages/airflow/example_dags/example_sla_dag.py took 0.083 seconds
[2025-06-25T21:16:31.581-0400] {processor.py:161} INFO - Started process (PID=69299) to work on /opt/anaconda3/envs/airflow_env/lib/python3.10/site-packages/airflow/example_dags/example_sla_dag.py
[2025-06-25T21:16:31.581-0400] {processor.py:830} INFO - Processing file /opt/anaconda3/envs/airflow_env/lib/python3.10/site-packages/airflow/example_dags/example_sla_dag.py for tasks to queue
[2025-06-25T21:16:31.581-0400] {logging_mixin.py:188} INFO - [2025-06-25T21:16:31.581-0400] {dagbag.py:545} INFO - Filling up the DagBag from /opt/anaconda3/envs/airflow_env/lib/python3.10/site-packages/airflow/example_dags/example_sla_dag.py
[2025-06-25T21:16:31.596-0400] {processor.py:840} INFO - DAG(s) 'example_sla_dag' retrieved from /opt/anaconda3/envs/airflow_env/lib/python3.10/site-packages/airflow/example_dags/example_sla_dag.py
[2025-06-25T21:16:31.628-0400] {logging_mixin.py:188} INFO - [2025-06-25T21:16:31.628-0400] {dag.py:3096} INFO - Sync 1 DAGs
[2025-06-25T21:16:31.685-0400] {logging_mixin.py:188} INFO - [2025-06-25T21:16:31.685-0400] {dag.py:3954} INFO - Setting next_dagrun for example_sla_dag to 2025-06-26 01:14:00+00:00, run_after=2025-06-26 01:16:00+00:00
[2025-06-25T21:16:31.692-0400] {processor.py:183} INFO - Processing /opt/anaconda3/envs/airflow_env/lib/python3.10/site-packages/airflow/example_dags/example_sla_dag.py took 0.113 seconds
[2025-06-25T21:19:04.591-0400] {processor.py:161} INFO - Started process (PID=69417) to work on /opt/anaconda3/envs/airflow_env/lib/python3.10/site-packages/airflow/example_dags/example_sla_dag.py
[2025-06-25T21:19:04.591-0400] {processor.py:830} INFO - Processing file /opt/anaconda3/envs/airflow_env/lib/python3.10/site-packages/airflow/example_dags/example_sla_dag.py for tasks to queue
[2025-06-25T21:19:04.592-0400] {logging_mixin.py:188} INFO - [2025-06-25T21:19:04.592-0400] {dagbag.py:545} INFO - Filling up the DagBag from /opt/anaconda3/envs/airflow_env/lib/python3.10/site-packages/airflow/example_dags/example_sla_dag.py
[2025-06-25T21:19:04.609-0400] {processor.py:840} INFO - DAG(s) 'example_sla_dag' retrieved from /opt/anaconda3/envs/airflow_env/lib/python3.10/site-packages/airflow/example_dags/example_sla_dag.py
[2025-06-25T21:19:04.645-0400] {logging_mixin.py:188} INFO - [2025-06-25T21:19:04.645-0400] {dag.py:3096} INFO - Sync 1 DAGs
[2025-06-25T21:19:04.684-0400] {logging_mixin.py:188} INFO - [2025-06-25T21:19:04.684-0400] {dag.py:3954} INFO - Setting next_dagrun for example_sla_dag to 2025-06-26 01:16:00+00:00, run_after=2025-06-26 01:18:00+00:00
[2025-06-25T21:19:04.690-0400] {processor.py:183} INFO - Processing /opt/anaconda3/envs/airflow_env/lib/python3.10/site-packages/airflow/example_dags/example_sla_dag.py took 0.101 seconds
[2025-06-25T21:19:31.022-0400] {processor.py:161} INFO - Started process (PID=69463) to work on /opt/anaconda3/envs/airflow_env/lib/python3.10/site-packages/airflow/example_dags/example_sla_dag.py
[2025-06-25T21:19:31.024-0400] {processor.py:830} INFO - Processing file /opt/anaconda3/envs/airflow_env/lib/python3.10/site-packages/airflow/example_dags/example_sla_dag.py for tasks to queue
[2025-06-25T21:19:31.024-0400] {logging_mixin.py:188} INFO - [2025-06-25T21:19:31.024-0400] {dagbag.py:545} INFO - Filling up the DagBag from /opt/anaconda3/envs/airflow_env/lib/python3.10/site-packages/airflow/example_dags/example_sla_dag.py
[2025-06-25T21:19:31.037-0400] {processor.py:840} INFO - DAG(s) 'example_sla_dag' retrieved from /opt/anaconda3/envs/airflow_env/lib/python3.10/site-packages/airflow/example_dags/example_sla_dag.py
[2025-06-25T21:19:31.068-0400] {logging_mixin.py:188} INFO - [2025-06-25T21:19:31.068-0400] {dag.py:3096} INFO - Sync 1 DAGs
[2025-06-25T21:19:31.096-0400] {logging_mixin.py:188} INFO - [2025-06-25T21:19:31.096-0400] {dag.py:3954} INFO - Setting next_dagrun for example_sla_dag to 2025-06-26 01:16:00+00:00, run_after=2025-06-26 01:18:00+00:00
[2025-06-25T21:19:31.102-0400] {processor.py:183} INFO - Processing /opt/anaconda3/envs/airflow_env/lib/python3.10/site-packages/airflow/example_dags/example_sla_dag.py took 0.081 seconds
[2025-06-25T21:20:51.484-0400] {processor.py:161} INFO - Started process (PID=69615) to work on /opt/anaconda3/envs/airflow_env/lib/python3.10/site-packages/airflow/example_dags/example_sla_dag.py
[2025-06-25T21:20:51.485-0400] {processor.py:830} INFO - Processing file /opt/anaconda3/envs/airflow_env/lib/python3.10/site-packages/airflow/example_dags/example_sla_dag.py for tasks to queue
[2025-06-25T21:20:51.485-0400] {logging_mixin.py:188} INFO - [2025-06-25T21:20:51.485-0400] {dagbag.py:545} INFO - Filling up the DagBag from /opt/anaconda3/envs/airflow_env/lib/python3.10/site-packages/airflow/example_dags/example_sla_dag.py
[2025-06-25T21:20:51.501-0400] {processor.py:840} INFO - DAG(s) 'example_sla_dag' retrieved from /opt/anaconda3/envs/airflow_env/lib/python3.10/site-packages/airflow/example_dags/example_sla_dag.py
[2025-06-25T21:20:51.539-0400] {logging_mixin.py:188} INFO - [2025-06-25T21:20:51.538-0400] {dag.py:3096} INFO - Sync 1 DAGs
[2025-06-25T21:20:51.570-0400] {logging_mixin.py:188} INFO - [2025-06-25T21:20:51.570-0400] {dag.py:3954} INFO - Setting next_dagrun for example_sla_dag to 2025-06-26 01:18:00+00:00, run_after=2025-06-26 01:20:00+00:00
[2025-06-25T21:20:51.577-0400] {processor.py:183} INFO - Processing /opt/anaconda3/envs/airflow_env/lib/python3.10/site-packages/airflow/example_dags/example_sla_dag.py took 0.096 seconds
[2025-06-25T21:20:59.492-0400] {processor.py:161} INFO - Started process (PID=69628) to work on /opt/anaconda3/envs/airflow_env/lib/python3.10/site-packages/airflow/example_dags/example_sla_dag.py
[2025-06-25T21:20:59.493-0400] {processor.py:830} INFO - Processing file /opt/anaconda3/envs/airflow_env/lib/python3.10/site-packages/airflow/example_dags/example_sla_dag.py for tasks to queue
[2025-06-25T21:20:59.493-0400] {logging_mixin.py:188} INFO - [2025-06-25T21:20:59.493-0400] {dagbag.py:545} INFO - Filling up the DagBag from /opt/anaconda3/envs/airflow_env/lib/python3.10/site-packages/airflow/example_dags/example_sla_dag.py
[2025-06-25T21:20:59.506-0400] {processor.py:840} INFO - DAG(s) 'example_sla_dag' retrieved from /opt/anaconda3/envs/airflow_env/lib/python3.10/site-packages/airflow/example_dags/example_sla_dag.py
[2025-06-25T21:20:59.544-0400] {logging_mixin.py:188} INFO - [2025-06-25T21:20:59.544-0400] {dag.py:3096} INFO - Sync 1 DAGs
[2025-06-25T21:20:59.574-0400] {logging_mixin.py:188} INFO - [2025-06-25T21:20:59.573-0400] {dag.py:3954} INFO - Setting next_dagrun for example_sla_dag to 2025-06-26 01:18:00+00:00, run_after=2025-06-26 01:20:00+00:00
[2025-06-25T21:20:59.581-0400] {processor.py:183} INFO - Processing /opt/anaconda3/envs/airflow_env/lib/python3.10/site-packages/airflow/example_dags/example_sla_dag.py took 0.091 seconds
[2025-06-25T21:22:05.495-0400] {processor.py:161} INFO - Started process (PID=69716) to work on /opt/anaconda3/envs/airflow_env/lib/python3.10/site-packages/airflow/example_dags/example_sla_dag.py
[2025-06-25T21:22:05.496-0400] {processor.py:830} INFO - Processing file /opt/anaconda3/envs/airflow_env/lib/python3.10/site-packages/airflow/example_dags/example_sla_dag.py for tasks to queue
[2025-06-25T21:22:05.496-0400] {logging_mixin.py:188} INFO - [2025-06-25T21:22:05.496-0400] {dagbag.py:545} INFO - Filling up the DagBag from /opt/anaconda3/envs/airflow_env/lib/python3.10/site-packages/airflow/example_dags/example_sla_dag.py
[2025-06-25T21:22:05.512-0400] {processor.py:840} INFO - DAG(s) 'example_sla_dag' retrieved from /opt/anaconda3/envs/airflow_env/lib/python3.10/site-packages/airflow/example_dags/example_sla_dag.py
[2025-06-25T21:22:05.545-0400] {logging_mixin.py:188} INFO - [2025-06-25T21:22:05.545-0400] {dag.py:3096} INFO - Sync 1 DAGs
[2025-06-25T21:22:05.580-0400] {logging_mixin.py:188} INFO - [2025-06-25T21:22:05.580-0400] {dag.py:3954} INFO - Setting next_dagrun for example_sla_dag to 2025-06-26 01:20:00+00:00, run_after=2025-06-26 01:22:00+00:00
[2025-06-25T21:22:05.588-0400] {processor.py:183} INFO - Processing /opt/anaconda3/envs/airflow_env/lib/python3.10/site-packages/airflow/example_dags/example_sla_dag.py took 0.095 seconds
[2025-06-25T21:22:46.718-0400] {processor.py:161} INFO - Started process (PID=69781) to work on /opt/anaconda3/envs/airflow_env/lib/python3.10/site-packages/airflow/example_dags/example_sla_dag.py
[2025-06-25T21:22:46.719-0400] {processor.py:830} INFO - Processing file /opt/anaconda3/envs/airflow_env/lib/python3.10/site-packages/airflow/example_dags/example_sla_dag.py for tasks to queue
[2025-06-25T21:22:46.719-0400] {logging_mixin.py:188} INFO - [2025-06-25T21:22:46.719-0400] {dagbag.py:545} INFO - Filling up the DagBag from /opt/anaconda3/envs/airflow_env/lib/python3.10/site-packages/airflow/example_dags/example_sla_dag.py
[2025-06-25T21:22:46.738-0400] {processor.py:840} INFO - DAG(s) 'example_sla_dag' retrieved from /opt/anaconda3/envs/airflow_env/lib/python3.10/site-packages/airflow/example_dags/example_sla_dag.py
[2025-06-25T21:22:46.778-0400] {logging_mixin.py:188} INFO - [2025-06-25T21:22:46.778-0400] {dag.py:3096} INFO - Sync 1 DAGs
[2025-06-25T21:22:46.816-0400] {logging_mixin.py:188} INFO - [2025-06-25T21:22:46.816-0400] {dag.py:3954} INFO - Setting next_dagrun for example_sla_dag to 2025-06-26 01:20:00+00:00, run_after=2025-06-26 01:22:00+00:00
[2025-06-25T21:22:46.825-0400] {processor.py:183} INFO - Processing /opt/anaconda3/envs/airflow_env/lib/python3.10/site-packages/airflow/example_dags/example_sla_dag.py took 0.109 seconds
[2025-06-25T21:24:03.922-0400] {processor.py:161} INFO - Started process (PID=69902) to work on /opt/anaconda3/envs/airflow_env/lib/python3.10/site-packages/airflow/example_dags/example_sla_dag.py
[2025-06-25T21:24:03.923-0400] {processor.py:830} INFO - Processing file /opt/anaconda3/envs/airflow_env/lib/python3.10/site-packages/airflow/example_dags/example_sla_dag.py for tasks to queue
[2025-06-25T21:24:03.923-0400] {logging_mixin.py:188} INFO - [2025-06-25T21:24:03.923-0400] {dagbag.py:545} INFO - Filling up the DagBag from /opt/anaconda3/envs/airflow_env/lib/python3.10/site-packages/airflow/example_dags/example_sla_dag.py
[2025-06-25T21:24:03.939-0400] {processor.py:840} INFO - DAG(s) 'example_sla_dag' retrieved from /opt/anaconda3/envs/airflow_env/lib/python3.10/site-packages/airflow/example_dags/example_sla_dag.py
[2025-06-25T21:24:03.974-0400] {logging_mixin.py:188} INFO - [2025-06-25T21:24:03.974-0400] {dag.py:3096} INFO - Sync 1 DAGs
[2025-06-25T21:24:04.005-0400] {logging_mixin.py:188} INFO - [2025-06-25T21:24:04.005-0400] {dag.py:3954} INFO - Setting next_dagrun for example_sla_dag to 2025-06-26 01:22:00+00:00, run_after=2025-06-26 01:24:00+00:00
[2025-06-25T21:24:04.012-0400] {processor.py:183} INFO - Processing /opt/anaconda3/envs/airflow_env/lib/python3.10/site-packages/airflow/example_dags/example_sla_dag.py took 0.091 seconds
[2025-06-25T21:24:48.119-0400] {processor.py:161} INFO - Started process (PID=69979) to work on /opt/anaconda3/envs/airflow_env/lib/python3.10/site-packages/airflow/example_dags/example_sla_dag.py
[2025-06-25T21:24:48.120-0400] {processor.py:830} INFO - Processing file /opt/anaconda3/envs/airflow_env/lib/python3.10/site-packages/airflow/example_dags/example_sla_dag.py for tasks to queue
[2025-06-25T21:24:48.120-0400] {logging_mixin.py:188} INFO - [2025-06-25T21:24:48.120-0400] {dagbag.py:545} INFO - Filling up the DagBag from /opt/anaconda3/envs/airflow_env/lib/python3.10/site-packages/airflow/example_dags/example_sla_dag.py
[2025-06-25T21:24:48.134-0400] {processor.py:840} INFO - DAG(s) 'example_sla_dag' retrieved from /opt/anaconda3/envs/airflow_env/lib/python3.10/site-packages/airflow/example_dags/example_sla_dag.py
[2025-06-25T21:24:48.165-0400] {logging_mixin.py:188} INFO - [2025-06-25T21:24:48.164-0400] {dag.py:3096} INFO - Sync 1 DAGs
[2025-06-25T21:24:48.192-0400] {logging_mixin.py:188} INFO - [2025-06-25T21:24:48.192-0400] {dag.py:3954} INFO - Setting next_dagrun for example_sla_dag to 2025-06-26 01:22:00+00:00, run_after=2025-06-26 01:24:00+00:00
[2025-06-25T21:24:48.198-0400] {processor.py:183} INFO - Processing /opt/anaconda3/envs/airflow_env/lib/python3.10/site-packages/airflow/example_dags/example_sla_dag.py took 0.080 seconds
[2025-06-25T21:26:02.375-0400] {processor.py:161} INFO - Started process (PID=70095) to work on /opt/anaconda3/envs/airflow_env/lib/python3.10/site-packages/airflow/example_dags/example_sla_dag.py
[2025-06-25T21:26:02.376-0400] {processor.py:830} INFO - Processing file /opt/anaconda3/envs/airflow_env/lib/python3.10/site-packages/airflow/example_dags/example_sla_dag.py for tasks to queue
[2025-06-25T21:26:02.376-0400] {logging_mixin.py:188} INFO - [2025-06-25T21:26:02.376-0400] {dagbag.py:545} INFO - Filling up the DagBag from /opt/anaconda3/envs/airflow_env/lib/python3.10/site-packages/airflow/example_dags/example_sla_dag.py
[2025-06-25T21:26:02.390-0400] {processor.py:840} INFO - DAG(s) 'example_sla_dag' retrieved from /opt/anaconda3/envs/airflow_env/lib/python3.10/site-packages/airflow/example_dags/example_sla_dag.py
[2025-06-25T21:26:02.423-0400] {logging_mixin.py:188} INFO - [2025-06-25T21:26:02.423-0400] {dag.py:3096} INFO - Sync 1 DAGs
[2025-06-25T21:26:02.453-0400] {logging_mixin.py:188} INFO - [2025-06-25T21:26:02.453-0400] {dag.py:3954} INFO - Setting next_dagrun for example_sla_dag to 2025-06-26 01:24:00+00:00, run_after=2025-06-26 01:26:00+00:00
[2025-06-25T21:26:02.459-0400] {processor.py:183} INFO - Processing /opt/anaconda3/envs/airflow_env/lib/python3.10/site-packages/airflow/example_dags/example_sla_dag.py took 0.085 seconds
[2025-06-25T21:26:42.064-0400] {processor.py:161} INFO - Started process (PID=70146) to work on /opt/anaconda3/envs/airflow_env/lib/python3.10/site-packages/airflow/example_dags/example_sla_dag.py
[2025-06-25T21:26:42.064-0400] {processor.py:830} INFO - Processing file /opt/anaconda3/envs/airflow_env/lib/python3.10/site-packages/airflow/example_dags/example_sla_dag.py for tasks to queue
[2025-06-25T21:26:42.065-0400] {logging_mixin.py:188} INFO - [2025-06-25T21:26:42.065-0400] {dagbag.py:545} INFO - Filling up the DagBag from /opt/anaconda3/envs/airflow_env/lib/python3.10/site-packages/airflow/example_dags/example_sla_dag.py
[2025-06-25T21:26:42.089-0400] {processor.py:840} INFO - DAG(s) 'example_sla_dag' retrieved from /opt/anaconda3/envs/airflow_env/lib/python3.10/site-packages/airflow/example_dags/example_sla_dag.py
[2025-06-25T21:26:42.144-0400] {logging_mixin.py:188} INFO - [2025-06-25T21:26:42.143-0400] {dag.py:3096} INFO - Sync 1 DAGs
[2025-06-25T21:26:42.182-0400] {logging_mixin.py:188} INFO - [2025-06-25T21:26:42.182-0400] {dag.py:3954} INFO - Setting next_dagrun for example_sla_dag to 2025-06-26 01:24:00+00:00, run_after=2025-06-26 01:26:00+00:00
[2025-06-25T21:26:42.191-0400] {processor.py:183} INFO - Processing /opt/anaconda3/envs/airflow_env/lib/python3.10/site-packages/airflow/example_dags/example_sla_dag.py took 0.129 seconds
[2025-06-25T21:28:04.299-0400] {processor.py:161} INFO - Started process (PID=70285) to work on /opt/anaconda3/envs/airflow_env/lib/python3.10/site-packages/airflow/example_dags/example_sla_dag.py
[2025-06-25T21:28:04.300-0400] {processor.py:830} INFO - Processing file /opt/anaconda3/envs/airflow_env/lib/python3.10/site-packages/airflow/example_dags/example_sla_dag.py for tasks to queue
[2025-06-25T21:28:04.301-0400] {logging_mixin.py:188} INFO - [2025-06-25T21:28:04.300-0400] {dagbag.py:545} INFO - Filling up the DagBag from /opt/anaconda3/envs/airflow_env/lib/python3.10/site-packages/airflow/example_dags/example_sla_dag.py
[2025-06-25T21:28:04.326-0400] {processor.py:840} INFO - DAG(s) 'example_sla_dag' retrieved from /opt/anaconda3/envs/airflow_env/lib/python3.10/site-packages/airflow/example_dags/example_sla_dag.py
[2025-06-25T21:28:04.370-0400] {logging_mixin.py:188} INFO - [2025-06-25T21:28:04.369-0400] {dag.py:3096} INFO - Sync 1 DAGs
[2025-06-25T21:28:04.407-0400] {logging_mixin.py:188} INFO - [2025-06-25T21:28:04.407-0400] {dag.py:3954} INFO - Setting next_dagrun for example_sla_dag to 2025-06-26 01:26:00+00:00, run_after=2025-06-26 01:28:00+00:00
[2025-06-25T21:28:04.416-0400] {processor.py:183} INFO - Processing /opt/anaconda3/envs/airflow_env/lib/python3.10/site-packages/airflow/example_dags/example_sla_dag.py took 0.120 seconds
[2025-06-25T21:28:42.908-0400] {processor.py:161} INFO - Started process (PID=70352) to work on /opt/anaconda3/envs/airflow_env/lib/python3.10/site-packages/airflow/example_dags/example_sla_dag.py
[2025-06-25T21:28:42.909-0400] {processor.py:830} INFO - Processing file /opt/anaconda3/envs/airflow_env/lib/python3.10/site-packages/airflow/example_dags/example_sla_dag.py for tasks to queue
[2025-06-25T21:28:42.909-0400] {logging_mixin.py:188} INFO - [2025-06-25T21:28:42.909-0400] {dagbag.py:545} INFO - Filling up the DagBag from /opt/anaconda3/envs/airflow_env/lib/python3.10/site-packages/airflow/example_dags/example_sla_dag.py
[2025-06-25T21:28:42.929-0400] {processor.py:840} INFO - DAG(s) 'example_sla_dag' retrieved from /opt/anaconda3/envs/airflow_env/lib/python3.10/site-packages/airflow/example_dags/example_sla_dag.py
[2025-06-25T21:28:42.981-0400] {logging_mixin.py:188} INFO - [2025-06-25T21:28:42.980-0400] {dag.py:3096} INFO - Sync 1 DAGs
[2025-06-25T21:28:43.023-0400] {logging_mixin.py:188} INFO - [2025-06-25T21:28:43.023-0400] {dag.py:3954} INFO - Setting next_dagrun for example_sla_dag to 2025-06-26 01:26:00+00:00, run_after=2025-06-26 01:28:00+00:00
[2025-06-25T21:28:43.031-0400] {processor.py:183} INFO - Processing /opt/anaconda3/envs/airflow_env/lib/python3.10/site-packages/airflow/example_dags/example_sla_dag.py took 0.126 seconds
[2025-06-25T21:30:00.533-0400] {processor.py:161} INFO - Started process (PID=70472) to work on /opt/anaconda3/envs/airflow_env/lib/python3.10/site-packages/airflow/example_dags/example_sla_dag.py
[2025-06-25T21:30:00.534-0400] {processor.py:830} INFO - Processing file /opt/anaconda3/envs/airflow_env/lib/python3.10/site-packages/airflow/example_dags/example_sla_dag.py for tasks to queue
[2025-06-25T21:30:00.534-0400] {logging_mixin.py:188} INFO - [2025-06-25T21:30:00.534-0400] {dagbag.py:545} INFO - Filling up the DagBag from /opt/anaconda3/envs/airflow_env/lib/python3.10/site-packages/airflow/example_dags/example_sla_dag.py
[2025-06-25T21:30:00.550-0400] {processor.py:840} INFO - DAG(s) 'example_sla_dag' retrieved from /opt/anaconda3/envs/airflow_env/lib/python3.10/site-packages/airflow/example_dags/example_sla_dag.py
[2025-06-25T21:30:00.585-0400] {logging_mixin.py:188} INFO - [2025-06-25T21:30:00.585-0400] {dag.py:3096} INFO - Sync 1 DAGs
[2025-06-25T21:30:00.612-0400] {logging_mixin.py:188} INFO - [2025-06-25T21:30:00.612-0400] {dag.py:3954} INFO - Setting next_dagrun for example_sla_dag to 2025-06-26 01:28:00+00:00, run_after=2025-06-26 01:30:00+00:00
[2025-06-25T21:30:00.619-0400] {processor.py:183} INFO - Processing /opt/anaconda3/envs/airflow_env/lib/python3.10/site-packages/airflow/example_dags/example_sla_dag.py took 0.088 seconds
[2025-06-25T21:30:41.133-0400] {processor.py:161} INFO - Started process (PID=70533) to work on /opt/anaconda3/envs/airflow_env/lib/python3.10/site-packages/airflow/example_dags/example_sla_dag.py
[2025-06-25T21:30:41.134-0400] {processor.py:830} INFO - Processing file /opt/anaconda3/envs/airflow_env/lib/python3.10/site-packages/airflow/example_dags/example_sla_dag.py for tasks to queue
[2025-06-25T21:30:41.134-0400] {logging_mixin.py:188} INFO - [2025-06-25T21:30:41.134-0400] {dagbag.py:545} INFO - Filling up the DagBag from /opt/anaconda3/envs/airflow_env/lib/python3.10/site-packages/airflow/example_dags/example_sla_dag.py
[2025-06-25T21:30:41.149-0400] {processor.py:840} INFO - DAG(s) 'example_sla_dag' retrieved from /opt/anaconda3/envs/airflow_env/lib/python3.10/site-packages/airflow/example_dags/example_sla_dag.py
[2025-06-25T21:30:41.185-0400] {logging_mixin.py:188} INFO - [2025-06-25T21:30:41.185-0400] {dag.py:3096} INFO - Sync 1 DAGs
[2025-06-25T21:30:41.217-0400] {logging_mixin.py:188} INFO - [2025-06-25T21:30:41.217-0400] {dag.py:3954} INFO - Setting next_dagrun for example_sla_dag to 2025-06-26 01:28:00+00:00, run_after=2025-06-26 01:30:00+00:00
[2025-06-25T21:30:41.225-0400] {processor.py:183} INFO - Processing /opt/anaconda3/envs/airflow_env/lib/python3.10/site-packages/airflow/example_dags/example_sla_dag.py took 0.094 seconds
[2025-06-25T21:31:52.310-0400] {processor.py:161} INFO - Started process (PID=70648) to work on /opt/anaconda3/envs/airflow_env/lib/python3.10/site-packages/airflow/example_dags/example_sla_dag.py
[2025-06-25T21:31:52.311-0400] {processor.py:830} INFO - Processing file /opt/anaconda3/envs/airflow_env/lib/python3.10/site-packages/airflow/example_dags/example_sla_dag.py for tasks to queue
[2025-06-25T21:31:52.311-0400] {logging_mixin.py:188} INFO - [2025-06-25T21:31:52.311-0400] {dagbag.py:545} INFO - Filling up the DagBag from /opt/anaconda3/envs/airflow_env/lib/python3.10/site-packages/airflow/example_dags/example_sla_dag.py
[2025-06-25T21:31:52.330-0400] {processor.py:840} INFO - DAG(s) 'example_sla_dag' retrieved from /opt/anaconda3/envs/airflow_env/lib/python3.10/site-packages/airflow/example_dags/example_sla_dag.py
[2025-06-25T21:31:52.383-0400] {logging_mixin.py:188} INFO - [2025-06-25T21:31:52.382-0400] {dag.py:3096} INFO - Sync 1 DAGs
[2025-06-25T21:31:52.425-0400] {logging_mixin.py:188} INFO - [2025-06-25T21:31:52.424-0400] {dag.py:3954} INFO - Setting next_dagrun for example_sla_dag to 2025-06-26 01:28:00+00:00, run_after=2025-06-26 01:30:00+00:00
[2025-06-25T21:31:52.435-0400] {processor.py:183} INFO - Processing /opt/anaconda3/envs/airflow_env/lib/python3.10/site-packages/airflow/example_dags/example_sla_dag.py took 0.128 seconds
[2025-06-25T21:32:36.393-0400] {processor.py:161} INFO - Started process (PID=70714) to work on /opt/anaconda3/envs/airflow_env/lib/python3.10/site-packages/airflow/example_dags/example_sla_dag.py
[2025-06-25T21:32:36.393-0400] {processor.py:830} INFO - Processing file /opt/anaconda3/envs/airflow_env/lib/python3.10/site-packages/airflow/example_dags/example_sla_dag.py for tasks to queue
[2025-06-25T21:32:36.393-0400] {logging_mixin.py:188} INFO - [2025-06-25T21:32:36.393-0400] {dagbag.py:545} INFO - Filling up the DagBag from /opt/anaconda3/envs/airflow_env/lib/python3.10/site-packages/airflow/example_dags/example_sla_dag.py
[2025-06-25T21:32:36.407-0400] {processor.py:840} INFO - DAG(s) 'example_sla_dag' retrieved from /opt/anaconda3/envs/airflow_env/lib/python3.10/site-packages/airflow/example_dags/example_sla_dag.py
[2025-06-25T21:32:36.447-0400] {logging_mixin.py:188} INFO - [2025-06-25T21:32:36.447-0400] {dag.py:3096} INFO - Sync 1 DAGs
[2025-06-25T21:32:36.481-0400] {logging_mixin.py:188} INFO - [2025-06-25T21:32:36.481-0400] {dag.py:3954} INFO - Setting next_dagrun for example_sla_dag to 2025-06-26 01:30:00+00:00, run_after=2025-06-26 01:32:00+00:00
[2025-06-25T21:32:36.489-0400] {processor.py:183} INFO - Processing /opt/anaconda3/envs/airflow_env/lib/python3.10/site-packages/airflow/example_dags/example_sla_dag.py took 0.098 seconds
[2025-06-25T21:33:48.816-0400] {processor.py:161} INFO - Started process (PID=70816) to work on /opt/anaconda3/envs/airflow_env/lib/python3.10/site-packages/airflow/example_dags/example_sla_dag.py
[2025-06-25T21:33:48.816-0400] {processor.py:830} INFO - Processing file /opt/anaconda3/envs/airflow_env/lib/python3.10/site-packages/airflow/example_dags/example_sla_dag.py for tasks to queue
[2025-06-25T21:33:48.817-0400] {logging_mixin.py:188} INFO - [2025-06-25T21:33:48.817-0400] {dagbag.py:545} INFO - Filling up the DagBag from /opt/anaconda3/envs/airflow_env/lib/python3.10/site-packages/airflow/example_dags/example_sla_dag.py
[2025-06-25T21:33:48.831-0400] {processor.py:840} INFO - DAG(s) 'example_sla_dag' retrieved from /opt/anaconda3/envs/airflow_env/lib/python3.10/site-packages/airflow/example_dags/example_sla_dag.py
[2025-06-25T21:33:48.864-0400] {logging_mixin.py:188} INFO - [2025-06-25T21:33:48.864-0400] {dag.py:3096} INFO - Sync 1 DAGs
[2025-06-25T21:33:48.900-0400] {logging_mixin.py:188} INFO - [2025-06-25T21:33:48.900-0400] {dag.py:3954} INFO - Setting next_dagrun for example_sla_dag to 2025-06-26 01:30:00+00:00, run_after=2025-06-26 01:32:00+00:00
[2025-06-25T21:33:48.907-0400] {processor.py:183} INFO - Processing /opt/anaconda3/envs/airflow_env/lib/python3.10/site-packages/airflow/example_dags/example_sla_dag.py took 0.093 seconds
[2025-06-25T21:34:21.713-0400] {processor.py:161} INFO - Started process (PID=70858) to work on /opt/anaconda3/envs/airflow_env/lib/python3.10/site-packages/airflow/example_dags/example_sla_dag.py
[2025-06-25T21:34:21.714-0400] {processor.py:830} INFO - Processing file /opt/anaconda3/envs/airflow_env/lib/python3.10/site-packages/airflow/example_dags/example_sla_dag.py for tasks to queue
[2025-06-25T21:34:21.714-0400] {logging_mixin.py:188} INFO - [2025-06-25T21:34:21.714-0400] {dagbag.py:545} INFO - Filling up the DagBag from /opt/anaconda3/envs/airflow_env/lib/python3.10/site-packages/airflow/example_dags/example_sla_dag.py
[2025-06-25T21:34:21.728-0400] {processor.py:840} INFO - DAG(s) 'example_sla_dag' retrieved from /opt/anaconda3/envs/airflow_env/lib/python3.10/site-packages/airflow/example_dags/example_sla_dag.py
[2025-06-25T21:34:21.762-0400] {logging_mixin.py:188} INFO - [2025-06-25T21:34:21.762-0400] {dag.py:3096} INFO - Sync 1 DAGs
[2025-06-25T21:34:21.798-0400] {logging_mixin.py:188} INFO - [2025-06-25T21:34:21.798-0400] {dag.py:3954} INFO - Setting next_dagrun for example_sla_dag to 2025-06-26 01:32:00+00:00, run_after=2025-06-26 01:34:00+00:00
[2025-06-25T21:34:21.805-0400] {processor.py:183} INFO - Processing /opt/anaconda3/envs/airflow_env/lib/python3.10/site-packages/airflow/example_dags/example_sla_dag.py took 0.094 seconds
[2025-06-25T21:35:32.309-0400] {processor.py:161} INFO - Started process (PID=70958) to work on /opt/anaconda3/envs/airflow_env/lib/python3.10/site-packages/airflow/example_dags/example_sla_dag.py
[2025-06-25T21:35:32.309-0400] {processor.py:830} INFO - Processing file /opt/anaconda3/envs/airflow_env/lib/python3.10/site-packages/airflow/example_dags/example_sla_dag.py for tasks to queue
[2025-06-25T21:35:32.310-0400] {logging_mixin.py:188} INFO - [2025-06-25T21:35:32.310-0400] {dagbag.py:545} INFO - Filling up the DagBag from /opt/anaconda3/envs/airflow_env/lib/python3.10/site-packages/airflow/example_dags/example_sla_dag.py
[2025-06-25T21:35:32.324-0400] {processor.py:840} INFO - DAG(s) 'example_sla_dag' retrieved from /opt/anaconda3/envs/airflow_env/lib/python3.10/site-packages/airflow/example_dags/example_sla_dag.py
[2025-06-25T21:35:32.357-0400] {logging_mixin.py:188} INFO - [2025-06-25T21:35:32.357-0400] {dag.py:3096} INFO - Sync 1 DAGs
[2025-06-25T21:35:32.385-0400] {logging_mixin.py:188} INFO - [2025-06-25T21:35:32.385-0400] {dag.py:3954} INFO - Setting next_dagrun for example_sla_dag to 2025-06-26 01:32:00+00:00, run_after=2025-06-26 01:34:00+00:00
[2025-06-25T21:35:32.391-0400] {processor.py:183} INFO - Processing /opt/anaconda3/envs/airflow_env/lib/python3.10/site-packages/airflow/example_dags/example_sla_dag.py took 0.084 seconds
[2025-06-25T21:36:12.269-0400] {processor.py:161} INFO - Started process (PID=71015) to work on /opt/anaconda3/envs/airflow_env/lib/python3.10/site-packages/airflow/example_dags/example_sla_dag.py
[2025-06-25T21:36:12.269-0400] {processor.py:830} INFO - Processing file /opt/anaconda3/envs/airflow_env/lib/python3.10/site-packages/airflow/example_dags/example_sla_dag.py for tasks to queue
[2025-06-25T21:36:12.269-0400] {logging_mixin.py:188} INFO - [2025-06-25T21:36:12.269-0400] {dagbag.py:545} INFO - Filling up the DagBag from /opt/anaconda3/envs/airflow_env/lib/python3.10/site-packages/airflow/example_dags/example_sla_dag.py
[2025-06-25T21:36:12.282-0400] {processor.py:840} INFO - DAG(s) 'example_sla_dag' retrieved from /opt/anaconda3/envs/airflow_env/lib/python3.10/site-packages/airflow/example_dags/example_sla_dag.py
[2025-06-25T21:36:12.314-0400] {logging_mixin.py:188} INFO - [2025-06-25T21:36:12.314-0400] {dag.py:3096} INFO - Sync 1 DAGs
[2025-06-25T21:36:12.339-0400] {logging_mixin.py:188} INFO - [2025-06-25T21:36:12.339-0400] {dag.py:3954} INFO - Setting next_dagrun for example_sla_dag to 2025-06-26 01:34:00+00:00, run_after=2025-06-26 01:36:00+00:00
[2025-06-25T21:36:12.346-0400] {processor.py:183} INFO - Processing /opt/anaconda3/envs/airflow_env/lib/python3.10/site-packages/airflow/example_dags/example_sla_dag.py took 0.079 seconds
[2025-06-25T21:37:08.259-0400] {processor.py:161} INFO - Started process (PID=71128) to work on /opt/anaconda3/envs/airflow_env/lib/python3.10/site-packages/airflow/example_dags/example_sla_dag.py
[2025-06-25T21:37:08.259-0400] {processor.py:830} INFO - Processing file /opt/anaconda3/envs/airflow_env/lib/python3.10/site-packages/airflow/example_dags/example_sla_dag.py for tasks to queue
[2025-06-25T21:37:08.259-0400] {logging_mixin.py:188} INFO - [2025-06-25T21:37:08.259-0400] {dagbag.py:545} INFO - Filling up the DagBag from /opt/anaconda3/envs/airflow_env/lib/python3.10/site-packages/airflow/example_dags/example_sla_dag.py
[2025-06-25T21:37:08.274-0400] {processor.py:840} INFO - DAG(s) 'example_sla_dag' retrieved from /opt/anaconda3/envs/airflow_env/lib/python3.10/site-packages/airflow/example_dags/example_sla_dag.py
[2025-06-25T21:37:08.309-0400] {logging_mixin.py:188} INFO - [2025-06-25T21:37:08.309-0400] {dag.py:3096} INFO - Sync 1 DAGs
[2025-06-25T21:37:08.339-0400] {logging_mixin.py:188} INFO - [2025-06-25T21:37:08.338-0400] {dag.py:3954} INFO - Setting next_dagrun for example_sla_dag to 2025-06-26 01:34:00+00:00, run_after=2025-06-26 01:36:00+00:00
[2025-06-25T21:37:08.346-0400] {processor.py:183} INFO - Processing /opt/anaconda3/envs/airflow_env/lib/python3.10/site-packages/airflow/example_dags/example_sla_dag.py took 0.089 seconds
[2025-06-25T21:37:52.625-0400] {processor.py:161} INFO - Started process (PID=71196) to work on /opt/anaconda3/envs/airflow_env/lib/python3.10/site-packages/airflow/example_dags/example_sla_dag.py
[2025-06-25T21:37:52.625-0400] {processor.py:830} INFO - Processing file /opt/anaconda3/envs/airflow_env/lib/python3.10/site-packages/airflow/example_dags/example_sla_dag.py for tasks to queue
[2025-06-25T21:37:52.625-0400] {logging_mixin.py:188} INFO - [2025-06-25T21:37:52.625-0400] {dagbag.py:545} INFO - Filling up the DagBag from /opt/anaconda3/envs/airflow_env/lib/python3.10/site-packages/airflow/example_dags/example_sla_dag.py
[2025-06-25T21:37:52.640-0400] {processor.py:840} INFO - DAG(s) 'example_sla_dag' retrieved from /opt/anaconda3/envs/airflow_env/lib/python3.10/site-packages/airflow/example_dags/example_sla_dag.py
[2025-06-25T21:37:52.675-0400] {logging_mixin.py:188} INFO - [2025-06-25T21:37:52.675-0400] {dag.py:3096} INFO - Sync 1 DAGs
[2025-06-25T21:37:52.714-0400] {logging_mixin.py:188} INFO - [2025-06-25T21:37:52.714-0400] {dag.py:3954} INFO - Setting next_dagrun for example_sla_dag to 2025-06-26 01:34:00+00:00, run_after=2025-06-26 01:36:00+00:00
[2025-06-25T21:37:52.721-0400] {processor.py:183} INFO - Processing /opt/anaconda3/envs/airflow_env/lib/python3.10/site-packages/airflow/example_dags/example_sla_dag.py took 0.098 seconds
[2025-06-25T21:38:52.231-0400] {processor.py:161} INFO - Started process (PID=71290) to work on /opt/anaconda3/envs/airflow_env/lib/python3.10/site-packages/airflow/example_dags/example_sla_dag.py
[2025-06-25T21:38:52.232-0400] {processor.py:830} INFO - Processing file /opt/anaconda3/envs/airflow_env/lib/python3.10/site-packages/airflow/example_dags/example_sla_dag.py for tasks to queue
[2025-06-25T21:38:52.232-0400] {logging_mixin.py:188} INFO - [2025-06-25T21:38:52.232-0400] {dagbag.py:545} INFO - Filling up the DagBag from /opt/anaconda3/envs/airflow_env/lib/python3.10/site-packages/airflow/example_dags/example_sla_dag.py
[2025-06-25T21:38:52.247-0400] {processor.py:840} INFO - DAG(s) 'example_sla_dag' retrieved from /opt/anaconda3/envs/airflow_env/lib/python3.10/site-packages/airflow/example_dags/example_sla_dag.py
[2025-06-25T21:38:52.282-0400] {logging_mixin.py:188} INFO - [2025-06-25T21:38:52.282-0400] {dag.py:3096} INFO - Sync 1 DAGs
[2025-06-25T21:38:52.319-0400] {logging_mixin.py:188} INFO - [2025-06-25T21:38:52.319-0400] {dag.py:3954} INFO - Setting next_dagrun for example_sla_dag to 2025-06-26 01:36:00+00:00, run_after=2025-06-26 01:38:00+00:00
[2025-06-25T21:38:52.326-0400] {processor.py:183} INFO - Processing /opt/anaconda3/envs/airflow_env/lib/python3.10/site-packages/airflow/example_dags/example_sla_dag.py took 0.097 seconds
[2025-06-25T21:39:34.990-0400] {processor.py:161} INFO - Started process (PID=71356) to work on /opt/anaconda3/envs/airflow_env/lib/python3.10/site-packages/airflow/example_dags/example_sla_dag.py
[2025-06-25T21:39:34.990-0400] {processor.py:830} INFO - Processing file /opt/anaconda3/envs/airflow_env/lib/python3.10/site-packages/airflow/example_dags/example_sla_dag.py for tasks to queue
[2025-06-25T21:39:34.991-0400] {logging_mixin.py:188} INFO - [2025-06-25T21:39:34.991-0400] {dagbag.py:545} INFO - Filling up the DagBag from /opt/anaconda3/envs/airflow_env/lib/python3.10/site-packages/airflow/example_dags/example_sla_dag.py
[2025-06-25T21:39:35.004-0400] {processor.py:840} INFO - DAG(s) 'example_sla_dag' retrieved from /opt/anaconda3/envs/airflow_env/lib/python3.10/site-packages/airflow/example_dags/example_sla_dag.py
[2025-06-25T21:39:35.035-0400] {logging_mixin.py:188} INFO - [2025-06-25T21:39:35.035-0400] {dag.py:3096} INFO - Sync 1 DAGs
[2025-06-25T21:39:35.061-0400] {logging_mixin.py:188} INFO - [2025-06-25T21:39:35.061-0400] {dag.py:3954} INFO - Setting next_dagrun for example_sla_dag to 2025-06-26 01:36:00+00:00, run_after=2025-06-26 01:38:00+00:00
[2025-06-25T21:39:35.067-0400] {processor.py:183} INFO - Processing /opt/anaconda3/envs/airflow_env/lib/python3.10/site-packages/airflow/example_dags/example_sla_dag.py took 0.079 seconds
[2025-06-25T21:40:32.116-0400] {processor.py:161} INFO - Started process (PID=71489) to work on /opt/anaconda3/envs/airflow_env/lib/python3.10/site-packages/airflow/example_dags/example_sla_dag.py
[2025-06-25T21:40:32.116-0400] {processor.py:830} INFO - Processing file /opt/anaconda3/envs/airflow_env/lib/python3.10/site-packages/airflow/example_dags/example_sla_dag.py for tasks to queue
[2025-06-25T21:40:32.117-0400] {logging_mixin.py:188} INFO - [2025-06-25T21:40:32.117-0400] {dagbag.py:545} INFO - Filling up the DagBag from /opt/anaconda3/envs/airflow_env/lib/python3.10/site-packages/airflow/example_dags/example_sla_dag.py
[2025-06-25T21:40:32.132-0400] {processor.py:840} INFO - DAG(s) 'example_sla_dag' retrieved from /opt/anaconda3/envs/airflow_env/lib/python3.10/site-packages/airflow/example_dags/example_sla_dag.py
[2025-06-25T21:40:32.170-0400] {logging_mixin.py:188} INFO - [2025-06-25T21:40:32.170-0400] {dag.py:3096} INFO - Sync 1 DAGs
[2025-06-25T21:40:32.207-0400] {logging_mixin.py:188} INFO - [2025-06-25T21:40:32.207-0400] {dag.py:3954} INFO - Setting next_dagrun for example_sla_dag to 2025-06-26 01:38:00+00:00, run_after=2025-06-26 01:40:00+00:00
[2025-06-25T21:40:32.214-0400] {processor.py:183} INFO - Processing /opt/anaconda3/envs/airflow_env/lib/python3.10/site-packages/airflow/example_dags/example_sla_dag.py took 0.100 seconds
[2025-06-25T21:41:07.354-0400] {processor.py:161} INFO - Started process (PID=71541) to work on /opt/anaconda3/envs/airflow_env/lib/python3.10/site-packages/airflow/example_dags/example_sla_dag.py
[2025-06-25T21:41:07.354-0400] {processor.py:830} INFO - Processing file /opt/anaconda3/envs/airflow_env/lib/python3.10/site-packages/airflow/example_dags/example_sla_dag.py for tasks to queue
[2025-06-25T21:41:07.355-0400] {logging_mixin.py:188} INFO - [2025-06-25T21:41:07.355-0400] {dagbag.py:545} INFO - Filling up the DagBag from /opt/anaconda3/envs/airflow_env/lib/python3.10/site-packages/airflow/example_dags/example_sla_dag.py
[2025-06-25T21:41:07.397-0400] {processor.py:840} INFO - DAG(s) 'example_sla_dag' retrieved from /opt/anaconda3/envs/airflow_env/lib/python3.10/site-packages/airflow/example_dags/example_sla_dag.py
[2025-06-25T21:41:07.457-0400] {logging_mixin.py:188} INFO - [2025-06-25T21:41:07.457-0400] {dag.py:3096} INFO - Sync 1 DAGs
[2025-06-25T21:41:07.492-0400] {logging_mixin.py:188} INFO - [2025-06-25T21:41:07.492-0400] {dag.py:3954} INFO - Setting next_dagrun for example_sla_dag to 2025-06-26 01:38:00+00:00, run_after=2025-06-26 01:40:00+00:00
[2025-06-25T21:41:07.499-0400] {processor.py:183} INFO - Processing /opt/anaconda3/envs/airflow_env/lib/python3.10/site-packages/airflow/example_dags/example_sla_dag.py took 0.147 seconds
[2025-06-25T21:42:08.352-0400] {processor.py:161} INFO - Started process (PID=71677) to work on /opt/anaconda3/envs/airflow_env/lib/python3.10/site-packages/airflow/example_dags/example_sla_dag.py
[2025-06-25T21:42:08.352-0400] {processor.py:830} INFO - Processing file /opt/anaconda3/envs/airflow_env/lib/python3.10/site-packages/airflow/example_dags/example_sla_dag.py for tasks to queue
[2025-06-25T21:42:08.352-0400] {logging_mixin.py:188} INFO - [2025-06-25T21:42:08.352-0400] {dagbag.py:545} INFO - Filling up the DagBag from /opt/anaconda3/envs/airflow_env/lib/python3.10/site-packages/airflow/example_dags/example_sla_dag.py
[2025-06-25T21:42:08.366-0400] {processor.py:840} INFO - DAG(s) 'example_sla_dag' retrieved from /opt/anaconda3/envs/airflow_env/lib/python3.10/site-packages/airflow/example_dags/example_sla_dag.py
[2025-06-25T21:42:08.396-0400] {logging_mixin.py:188} INFO - [2025-06-25T21:42:08.396-0400] {dag.py:3096} INFO - Sync 1 DAGs
[2025-06-25T21:42:08.422-0400] {logging_mixin.py:188} INFO - [2025-06-25T21:42:08.422-0400] {dag.py:3954} INFO - Setting next_dagrun for example_sla_dag to 2025-06-26 01:40:00+00:00, run_after=2025-06-26 01:42:00+00:00
[2025-06-25T21:42:08.429-0400] {processor.py:183} INFO - Processing /opt/anaconda3/envs/airflow_env/lib/python3.10/site-packages/airflow/example_dags/example_sla_dag.py took 0.079 seconds
[2025-06-25T21:42:46.558-0400] {processor.py:161} INFO - Started process (PID=71767) to work on /opt/anaconda3/envs/airflow_env/lib/python3.10/site-packages/airflow/example_dags/example_sla_dag.py
[2025-06-25T21:42:46.559-0400] {processor.py:830} INFO - Processing file /opt/anaconda3/envs/airflow_env/lib/python3.10/site-packages/airflow/example_dags/example_sla_dag.py for tasks to queue
[2025-06-25T21:42:46.559-0400] {logging_mixin.py:188} INFO - [2025-06-25T21:42:46.559-0400] {dagbag.py:545} INFO - Filling up the DagBag from /opt/anaconda3/envs/airflow_env/lib/python3.10/site-packages/airflow/example_dags/example_sla_dag.py
[2025-06-25T21:42:46.574-0400] {processor.py:840} INFO - DAG(s) 'example_sla_dag' retrieved from /opt/anaconda3/envs/airflow_env/lib/python3.10/site-packages/airflow/example_dags/example_sla_dag.py
[2025-06-25T21:42:46.608-0400] {logging_mixin.py:188} INFO - [2025-06-25T21:42:46.608-0400] {dag.py:3096} INFO - Sync 1 DAGs
[2025-06-25T21:42:46.643-0400] {logging_mixin.py:188} INFO - [2025-06-25T21:42:46.643-0400] {dag.py:3954} INFO - Setting next_dagrun for example_sla_dag to 2025-06-26 01:40:00+00:00, run_after=2025-06-26 01:42:00+00:00
[2025-06-25T21:42:46.650-0400] {processor.py:183} INFO - Processing /opt/anaconda3/envs/airflow_env/lib/python3.10/site-packages/airflow/example_dags/example_sla_dag.py took 0.094 seconds
[2025-06-25T21:43:49.266-0400] {processor.py:161} INFO - Started process (PID=71916) to work on /opt/anaconda3/envs/airflow_env/lib/python3.10/site-packages/airflow/example_dags/example_sla_dag.py
[2025-06-25T21:43:49.267-0400] {processor.py:830} INFO - Processing file /opt/anaconda3/envs/airflow_env/lib/python3.10/site-packages/airflow/example_dags/example_sla_dag.py for tasks to queue
[2025-06-25T21:43:49.267-0400] {logging_mixin.py:188} INFO - [2025-06-25T21:43:49.267-0400] {dagbag.py:545} INFO - Filling up the DagBag from /opt/anaconda3/envs/airflow_env/lib/python3.10/site-packages/airflow/example_dags/example_sla_dag.py
[2025-06-25T21:43:49.282-0400] {processor.py:840} INFO - DAG(s) 'example_sla_dag' retrieved from /opt/anaconda3/envs/airflow_env/lib/python3.10/site-packages/airflow/example_dags/example_sla_dag.py
[2025-06-25T21:43:49.317-0400] {logging_mixin.py:188} INFO - [2025-06-25T21:43:49.317-0400] {dag.py:3096} INFO - Sync 1 DAGs
[2025-06-25T21:43:49.347-0400] {logging_mixin.py:188} INFO - [2025-06-25T21:43:49.347-0400] {dag.py:3954} INFO - Setting next_dagrun for example_sla_dag to 2025-06-26 01:40:00+00:00, run_after=2025-06-26 01:42:00+00:00
[2025-06-25T21:43:49.353-0400] {processor.py:183} INFO - Processing /opt/anaconda3/envs/airflow_env/lib/python3.10/site-packages/airflow/example_dags/example_sla_dag.py took 0.090 seconds
[2025-06-25T21:44:26.740-0400] {processor.py:161} INFO - Started process (PID=71986) to work on /opt/anaconda3/envs/airflow_env/lib/python3.10/site-packages/airflow/example_dags/example_sla_dag.py
[2025-06-25T21:44:26.740-0400] {processor.py:830} INFO - Processing file /opt/anaconda3/envs/airflow_env/lib/python3.10/site-packages/airflow/example_dags/example_sla_dag.py for tasks to queue
[2025-06-25T21:44:26.740-0400] {logging_mixin.py:188} INFO - [2025-06-25T21:44:26.740-0400] {dagbag.py:545} INFO - Filling up the DagBag from /opt/anaconda3/envs/airflow_env/lib/python3.10/site-packages/airflow/example_dags/example_sla_dag.py
[2025-06-25T21:44:26.754-0400] {processor.py:840} INFO - DAG(s) 'example_sla_dag' retrieved from /opt/anaconda3/envs/airflow_env/lib/python3.10/site-packages/airflow/example_dags/example_sla_dag.py
[2025-06-25T21:44:26.787-0400] {logging_mixin.py:188} INFO - [2025-06-25T21:44:26.787-0400] {dag.py:3096} INFO - Sync 1 DAGs
[2025-06-25T21:44:26.816-0400] {logging_mixin.py:188} INFO - [2025-06-25T21:44:26.815-0400] {dag.py:3954} INFO - Setting next_dagrun for example_sla_dag to 2025-06-26 01:42:00+00:00, run_after=2025-06-26 01:44:00+00:00
[2025-06-25T21:44:26.822-0400] {processor.py:183} INFO - Processing /opt/anaconda3/envs/airflow_env/lib/python3.10/site-packages/airflow/example_dags/example_sla_dag.py took 0.085 seconds
[2025-06-25T21:45:31.898-0400] {processor.py:161} INFO - Started process (PID=72110) to work on /opt/anaconda3/envs/airflow_env/lib/python3.10/site-packages/airflow/example_dags/example_sla_dag.py
[2025-06-25T21:45:31.898-0400] {processor.py:830} INFO - Processing file /opt/anaconda3/envs/airflow_env/lib/python3.10/site-packages/airflow/example_dags/example_sla_dag.py for tasks to queue
[2025-06-25T21:45:31.899-0400] {logging_mixin.py:188} INFO - [2025-06-25T21:45:31.898-0400] {dagbag.py:545} INFO - Filling up the DagBag from /opt/anaconda3/envs/airflow_env/lib/python3.10/site-packages/airflow/example_dags/example_sla_dag.py
[2025-06-25T21:45:31.913-0400] {processor.py:840} INFO - DAG(s) 'example_sla_dag' retrieved from /opt/anaconda3/envs/airflow_env/lib/python3.10/site-packages/airflow/example_dags/example_sla_dag.py
[2025-06-25T21:45:31.951-0400] {logging_mixin.py:188} INFO - [2025-06-25T21:45:31.950-0400] {dag.py:3096} INFO - Sync 1 DAGs
[2025-06-25T21:45:31.982-0400] {logging_mixin.py:188} INFO - [2025-06-25T21:45:31.982-0400] {dag.py:3954} INFO - Setting next_dagrun for example_sla_dag to 2025-06-26 01:42:00+00:00, run_after=2025-06-26 01:44:00+00:00
[2025-06-25T21:45:31.989-0400] {processor.py:183} INFO - Processing /opt/anaconda3/envs/airflow_env/lib/python3.10/site-packages/airflow/example_dags/example_sla_dag.py took 0.093 seconds
[2025-06-25T21:46:08.438-0400] {processor.py:161} INFO - Started process (PID=72189) to work on /opt/anaconda3/envs/airflow_env/lib/python3.10/site-packages/airflow/example_dags/example_sla_dag.py
[2025-06-25T21:46:08.438-0400] {processor.py:830} INFO - Processing file /opt/anaconda3/envs/airflow_env/lib/python3.10/site-packages/airflow/example_dags/example_sla_dag.py for tasks to queue
[2025-06-25T21:46:08.439-0400] {logging_mixin.py:188} INFO - [2025-06-25T21:46:08.438-0400] {dagbag.py:545} INFO - Filling up the DagBag from /opt/anaconda3/envs/airflow_env/lib/python3.10/site-packages/airflow/example_dags/example_sla_dag.py
[2025-06-25T21:46:08.453-0400] {processor.py:840} INFO - DAG(s) 'example_sla_dag' retrieved from /opt/anaconda3/envs/airflow_env/lib/python3.10/site-packages/airflow/example_dags/example_sla_dag.py
[2025-06-25T21:46:08.485-0400] {logging_mixin.py:188} INFO - [2025-06-25T21:46:08.485-0400] {dag.py:3096} INFO - Sync 1 DAGs
[2025-06-25T21:46:08.513-0400] {logging_mixin.py:188} INFO - [2025-06-25T21:46:08.513-0400] {dag.py:3954} INFO - Setting next_dagrun for example_sla_dag to 2025-06-26 01:44:00+00:00, run_after=2025-06-26 01:46:00+00:00
[2025-06-25T21:46:08.521-0400] {processor.py:183} INFO - Processing /opt/anaconda3/envs/airflow_env/lib/python3.10/site-packages/airflow/example_dags/example_sla_dag.py took 0.085 seconds
[2025-06-25T21:47:09.807-0400] {processor.py:161} INFO - Started process (PID=72281) to work on /opt/anaconda3/envs/airflow_env/lib/python3.10/site-packages/airflow/example_dags/example_sla_dag.py
[2025-06-25T21:47:09.807-0400] {processor.py:830} INFO - Processing file /opt/anaconda3/envs/airflow_env/lib/python3.10/site-packages/airflow/example_dags/example_sla_dag.py for tasks to queue
[2025-06-25T21:47:09.807-0400] {logging_mixin.py:188} INFO - [2025-06-25T21:47:09.807-0400] {dagbag.py:545} INFO - Filling up the DagBag from /opt/anaconda3/envs/airflow_env/lib/python3.10/site-packages/airflow/example_dags/example_sla_dag.py
[2025-06-25T21:47:09.821-0400] {processor.py:840} INFO - DAG(s) 'example_sla_dag' retrieved from /opt/anaconda3/envs/airflow_env/lib/python3.10/site-packages/airflow/example_dags/example_sla_dag.py
[2025-06-25T21:47:09.854-0400] {logging_mixin.py:188} INFO - [2025-06-25T21:47:09.854-0400] {dag.py:3096} INFO - Sync 1 DAGs
[2025-06-25T21:47:09.881-0400] {logging_mixin.py:188} INFO - [2025-06-25T21:47:09.881-0400] {dag.py:3954} INFO - Setting next_dagrun for example_sla_dag to 2025-06-26 01:44:00+00:00, run_after=2025-06-26 01:46:00+00:00
[2025-06-25T21:47:09.888-0400] {processor.py:183} INFO - Processing /opt/anaconda3/envs/airflow_env/lib/python3.10/site-packages/airflow/example_dags/example_sla_dag.py took 0.083 seconds
[2025-06-25T21:47:50.971-0400] {processor.py:161} INFO - Started process (PID=72400) to work on /opt/anaconda3/envs/airflow_env/lib/python3.10/site-packages/airflow/example_dags/example_sla_dag.py
[2025-06-25T21:47:50.972-0400] {processor.py:830} INFO - Processing file /opt/anaconda3/envs/airflow_env/lib/python3.10/site-packages/airflow/example_dags/example_sla_dag.py for tasks to queue
[2025-06-25T21:47:50.972-0400] {logging_mixin.py:188} INFO - [2025-06-25T21:47:50.972-0400] {dagbag.py:545} INFO - Filling up the DagBag from /opt/anaconda3/envs/airflow_env/lib/python3.10/site-packages/airflow/example_dags/example_sla_dag.py
[2025-06-25T21:47:50.987-0400] {processor.py:840} INFO - DAG(s) 'example_sla_dag' retrieved from /opt/anaconda3/envs/airflow_env/lib/python3.10/site-packages/airflow/example_dags/example_sla_dag.py
[2025-06-25T21:47:51.020-0400] {logging_mixin.py:188} INFO - [2025-06-25T21:47:51.020-0400] {dag.py:3096} INFO - Sync 1 DAGs
[2025-06-25T21:47:51.050-0400] {logging_mixin.py:188} INFO - [2025-06-25T21:47:51.050-0400] {dag.py:3954} INFO - Setting next_dagrun for example_sla_dag to 2025-06-26 01:44:00+00:00, run_after=2025-06-26 01:46:00+00:00
[2025-06-25T21:47:51.057-0400] {processor.py:183} INFO - Processing /opt/anaconda3/envs/airflow_env/lib/python3.10/site-packages/airflow/example_dags/example_sla_dag.py took 0.088 seconds
[2025-06-25T21:49:01.055-0400] {processor.py:161} INFO - Started process (PID=72492) to work on /opt/anaconda3/envs/airflow_env/lib/python3.10/site-packages/airflow/example_dags/example_sla_dag.py
[2025-06-25T21:49:01.056-0400] {processor.py:830} INFO - Processing file /opt/anaconda3/envs/airflow_env/lib/python3.10/site-packages/airflow/example_dags/example_sla_dag.py for tasks to queue
[2025-06-25T21:49:01.056-0400] {logging_mixin.py:188} INFO - [2025-06-25T21:49:01.056-0400] {dagbag.py:545} INFO - Filling up the DagBag from /opt/anaconda3/envs/airflow_env/lib/python3.10/site-packages/airflow/example_dags/example_sla_dag.py
[2025-06-25T21:49:01.070-0400] {processor.py:840} INFO - DAG(s) 'example_sla_dag' retrieved from /opt/anaconda3/envs/airflow_env/lib/python3.10/site-packages/airflow/example_dags/example_sla_dag.py
[2025-06-25T21:49:01.105-0400] {logging_mixin.py:188} INFO - [2025-06-25T21:49:01.105-0400] {dag.py:3096} INFO - Sync 1 DAGs
[2025-06-25T21:49:01.133-0400] {logging_mixin.py:188} INFO - [2025-06-25T21:49:01.133-0400] {dag.py:3954} INFO - Setting next_dagrun for example_sla_dag to 2025-06-26 01:46:00+00:00, run_after=2025-06-26 01:48:00+00:00
[2025-06-25T21:49:01.140-0400] {processor.py:183} INFO - Processing /opt/anaconda3/envs/airflow_env/lib/python3.10/site-packages/airflow/example_dags/example_sla_dag.py took 0.087 seconds
[2025-06-25T21:49:37.148-0400] {processor.py:161} INFO - Started process (PID=72545) to work on /opt/anaconda3/envs/airflow_env/lib/python3.10/site-packages/airflow/example_dags/example_sla_dag.py
[2025-06-25T21:49:37.148-0400] {processor.py:830} INFO - Processing file /opt/anaconda3/envs/airflow_env/lib/python3.10/site-packages/airflow/example_dags/example_sla_dag.py for tasks to queue
[2025-06-25T21:49:37.148-0400] {logging_mixin.py:188} INFO - [2025-06-25T21:49:37.148-0400] {dagbag.py:545} INFO - Filling up the DagBag from /opt/anaconda3/envs/airflow_env/lib/python3.10/site-packages/airflow/example_dags/example_sla_dag.py
[2025-06-25T21:49:37.163-0400] {processor.py:840} INFO - DAG(s) 'example_sla_dag' retrieved from /opt/anaconda3/envs/airflow_env/lib/python3.10/site-packages/airflow/example_dags/example_sla_dag.py
[2025-06-25T21:49:37.200-0400] {logging_mixin.py:188} INFO - [2025-06-25T21:49:37.200-0400] {dag.py:3096} INFO - Sync 1 DAGs
[2025-06-25T21:49:37.230-0400] {logging_mixin.py:188} INFO - [2025-06-25T21:49:37.230-0400] {dag.py:3954} INFO - Setting next_dagrun for example_sla_dag to 2025-06-26 01:46:00+00:00, run_after=2025-06-26 01:48:00+00:00
[2025-06-25T21:49:37.236-0400] {processor.py:183} INFO - Processing /opt/anaconda3/envs/airflow_env/lib/python3.10/site-packages/airflow/example_dags/example_sla_dag.py took 0.091 seconds
[2025-06-25T21:50:39.761-0400] {processor.py:161} INFO - Started process (PID=72637) to work on /opt/anaconda3/envs/airflow_env/lib/python3.10/site-packages/airflow/example_dags/example_sla_dag.py
[2025-06-25T21:50:39.761-0400] {processor.py:830} INFO - Processing file /opt/anaconda3/envs/airflow_env/lib/python3.10/site-packages/airflow/example_dags/example_sla_dag.py for tasks to queue
[2025-06-25T21:50:39.761-0400] {logging_mixin.py:188} INFO - [2025-06-25T21:50:39.761-0400] {dagbag.py:545} INFO - Filling up the DagBag from /opt/anaconda3/envs/airflow_env/lib/python3.10/site-packages/airflow/example_dags/example_sla_dag.py
[2025-06-25T21:50:39.776-0400] {processor.py:840} INFO - DAG(s) 'example_sla_dag' retrieved from /opt/anaconda3/envs/airflow_env/lib/python3.10/site-packages/airflow/example_dags/example_sla_dag.py
[2025-06-25T21:50:39.809-0400] {logging_mixin.py:188} INFO - [2025-06-25T21:50:39.809-0400] {dag.py:3096} INFO - Sync 1 DAGs
[2025-06-25T21:50:39.837-0400] {logging_mixin.py:188} INFO - [2025-06-25T21:50:39.837-0400] {dag.py:3954} INFO - Setting next_dagrun for example_sla_dag to 2025-06-26 01:48:00+00:00, run_after=2025-06-26 01:50:00+00:00
[2025-06-25T21:50:39.844-0400] {processor.py:183} INFO - Processing /opt/anaconda3/envs/airflow_env/lib/python3.10/site-packages/airflow/example_dags/example_sla_dag.py took 0.086 seconds
[2025-06-25T21:51:17.174-0400] {processor.py:161} INFO - Started process (PID=72708) to work on /opt/anaconda3/envs/airflow_env/lib/python3.10/site-packages/airflow/example_dags/example_sla_dag.py
[2025-06-25T21:51:17.175-0400] {processor.py:830} INFO - Processing file /opt/anaconda3/envs/airflow_env/lib/python3.10/site-packages/airflow/example_dags/example_sla_dag.py for tasks to queue
[2025-06-25T21:51:17.175-0400] {logging_mixin.py:188} INFO - [2025-06-25T21:51:17.175-0400] {dagbag.py:545} INFO - Filling up the DagBag from /opt/anaconda3/envs/airflow_env/lib/python3.10/site-packages/airflow/example_dags/example_sla_dag.py
[2025-06-25T21:51:17.192-0400] {processor.py:840} INFO - DAG(s) 'example_sla_dag' retrieved from /opt/anaconda3/envs/airflow_env/lib/python3.10/site-packages/airflow/example_dags/example_sla_dag.py
[2025-06-25T21:51:17.232-0400] {logging_mixin.py:188} INFO - [2025-06-25T21:51:17.232-0400] {dag.py:3096} INFO - Sync 1 DAGs
[2025-06-25T21:51:17.271-0400] {logging_mixin.py:188} INFO - [2025-06-25T21:51:17.271-0400] {dag.py:3954} INFO - Setting next_dagrun for example_sla_dag to 2025-06-26 01:48:00+00:00, run_after=2025-06-26 01:50:00+00:00
[2025-06-25T21:51:17.279-0400] {processor.py:183} INFO - Processing /opt/anaconda3/envs/airflow_env/lib/python3.10/site-packages/airflow/example_dags/example_sla_dag.py took 0.109 seconds
[2025-06-25T21:52:24.512-0400] {processor.py:161} INFO - Started process (PID=72799) to work on /opt/anaconda3/envs/airflow_env/lib/python3.10/site-packages/airflow/example_dags/example_sla_dag.py
[2025-06-25T21:52:24.513-0400] {processor.py:830} INFO - Processing file /opt/anaconda3/envs/airflow_env/lib/python3.10/site-packages/airflow/example_dags/example_sla_dag.py for tasks to queue
[2025-06-25T21:52:24.513-0400] {logging_mixin.py:188} INFO - [2025-06-25T21:52:24.513-0400] {dagbag.py:545} INFO - Filling up the DagBag from /opt/anaconda3/envs/airflow_env/lib/python3.10/site-packages/airflow/example_dags/example_sla_dag.py
[2025-06-25T21:52:24.527-0400] {processor.py:840} INFO - DAG(s) 'example_sla_dag' retrieved from /opt/anaconda3/envs/airflow_env/lib/python3.10/site-packages/airflow/example_dags/example_sla_dag.py
[2025-06-25T21:52:24.559-0400] {logging_mixin.py:188} INFO - [2025-06-25T21:52:24.559-0400] {dag.py:3096} INFO - Sync 1 DAGs
[2025-06-25T21:52:24.585-0400] {logging_mixin.py:188} INFO - [2025-06-25T21:52:24.585-0400] {dag.py:3954} INFO - Setting next_dagrun for example_sla_dag to 2025-06-26 01:50:00+00:00, run_after=2025-06-26 01:52:00+00:00
[2025-06-25T21:52:24.592-0400] {processor.py:183} INFO - Processing /opt/anaconda3/envs/airflow_env/lib/python3.10/site-packages/airflow/example_dags/example_sla_dag.py took 0.081 seconds
[2025-06-25T21:52:57.257-0400] {processor.py:161} INFO - Started process (PID=72849) to work on /opt/anaconda3/envs/airflow_env/lib/python3.10/site-packages/airflow/example_dags/example_sla_dag.py
[2025-06-25T21:52:57.258-0400] {processor.py:830} INFO - Processing file /opt/anaconda3/envs/airflow_env/lib/python3.10/site-packages/airflow/example_dags/example_sla_dag.py for tasks to queue
[2025-06-25T21:52:57.258-0400] {logging_mixin.py:188} INFO - [2025-06-25T21:52:57.258-0400] {dagbag.py:545} INFO - Filling up the DagBag from /opt/anaconda3/envs/airflow_env/lib/python3.10/site-packages/airflow/example_dags/example_sla_dag.py
[2025-06-25T21:52:57.275-0400] {processor.py:840} INFO - DAG(s) 'example_sla_dag' retrieved from /opt/anaconda3/envs/airflow_env/lib/python3.10/site-packages/airflow/example_dags/example_sla_dag.py
[2025-06-25T21:52:57.313-0400] {logging_mixin.py:188} INFO - [2025-06-25T21:52:57.313-0400] {dag.py:3096} INFO - Sync 1 DAGs
[2025-06-25T21:52:57.367-0400] {logging_mixin.py:188} INFO - [2025-06-25T21:52:57.367-0400] {dag.py:3954} INFO - Setting next_dagrun for example_sla_dag to 2025-06-26 01:50:00+00:00, run_after=2025-06-26 01:52:00+00:00
[2025-06-25T21:52:57.376-0400] {processor.py:183} INFO - Processing /opt/anaconda3/envs/airflow_env/lib/python3.10/site-packages/airflow/example_dags/example_sla_dag.py took 0.121 seconds
[2025-06-25T21:54:01.846-0400] {processor.py:161} INFO - Started process (PID=72986) to work on /opt/anaconda3/envs/airflow_env/lib/python3.10/site-packages/airflow/example_dags/example_sla_dag.py
[2025-06-25T21:54:01.846-0400] {processor.py:830} INFO - Processing file /opt/anaconda3/envs/airflow_env/lib/python3.10/site-packages/airflow/example_dags/example_sla_dag.py for tasks to queue
[2025-06-25T21:54:01.846-0400] {logging_mixin.py:188} INFO - [2025-06-25T21:54:01.846-0400] {dagbag.py:545} INFO - Filling up the DagBag from /opt/anaconda3/envs/airflow_env/lib/python3.10/site-packages/airflow/example_dags/example_sla_dag.py
[2025-06-25T21:54:01.862-0400] {processor.py:840} INFO - DAG(s) 'example_sla_dag' retrieved from /opt/anaconda3/envs/airflow_env/lib/python3.10/site-packages/airflow/example_dags/example_sla_dag.py
[2025-06-25T21:54:01.894-0400] {logging_mixin.py:188} INFO - [2025-06-25T21:54:01.894-0400] {dag.py:3096} INFO - Sync 1 DAGs
[2025-06-25T21:54:01.921-0400] {logging_mixin.py:188} INFO - [2025-06-25T21:54:01.921-0400] {dag.py:3954} INFO - Setting next_dagrun for example_sla_dag to 2025-06-26 01:52:00+00:00, run_after=2025-06-26 01:54:00+00:00
[2025-06-25T21:54:01.928-0400] {processor.py:183} INFO - Processing /opt/anaconda3/envs/airflow_env/lib/python3.10/site-packages/airflow/example_dags/example_sla_dag.py took 0.085 seconds
[2025-06-25T21:54:35.346-0400] {processor.py:161} INFO - Started process (PID=73061) to work on /opt/anaconda3/envs/airflow_env/lib/python3.10/site-packages/airflow/example_dags/example_sla_dag.py
[2025-06-25T21:54:35.346-0400] {processor.py:830} INFO - Processing file /opt/anaconda3/envs/airflow_env/lib/python3.10/site-packages/airflow/example_dags/example_sla_dag.py for tasks to queue
[2025-06-25T21:54:35.346-0400] {logging_mixin.py:188} INFO - [2025-06-25T21:54:35.346-0400] {dagbag.py:545} INFO - Filling up the DagBag from /opt/anaconda3/envs/airflow_env/lib/python3.10/site-packages/airflow/example_dags/example_sla_dag.py
[2025-06-25T21:54:35.362-0400] {processor.py:840} INFO - DAG(s) 'example_sla_dag' retrieved from /opt/anaconda3/envs/airflow_env/lib/python3.10/site-packages/airflow/example_dags/example_sla_dag.py
[2025-06-25T21:54:35.394-0400] {logging_mixin.py:188} INFO - [2025-06-25T21:54:35.394-0400] {dag.py:3096} INFO - Sync 1 DAGs
[2025-06-25T21:54:35.424-0400] {logging_mixin.py:188} INFO - [2025-06-25T21:54:35.424-0400] {dag.py:3954} INFO - Setting next_dagrun for example_sla_dag to 2025-06-26 01:52:00+00:00, run_after=2025-06-26 01:54:00+00:00
[2025-06-25T21:54:35.431-0400] {processor.py:183} INFO - Processing /opt/anaconda3/envs/airflow_env/lib/python3.10/site-packages/airflow/example_dags/example_sla_dag.py took 0.087 seconds
[2025-06-25T21:55:39.143-0400] {processor.py:161} INFO - Started process (PID=73167) to work on /opt/anaconda3/envs/airflow_env/lib/python3.10/site-packages/airflow/example_dags/example_sla_dag.py
[2025-06-25T21:55:39.144-0400] {processor.py:830} INFO - Processing file /opt/anaconda3/envs/airflow_env/lib/python3.10/site-packages/airflow/example_dags/example_sla_dag.py for tasks to queue
[2025-06-25T21:55:39.144-0400] {logging_mixin.py:188} INFO - [2025-06-25T21:55:39.144-0400] {dagbag.py:545} INFO - Filling up the DagBag from /opt/anaconda3/envs/airflow_env/lib/python3.10/site-packages/airflow/example_dags/example_sla_dag.py
[2025-06-25T21:55:39.158-0400] {processor.py:840} INFO - DAG(s) 'example_sla_dag' retrieved from /opt/anaconda3/envs/airflow_env/lib/python3.10/site-packages/airflow/example_dags/example_sla_dag.py
[2025-06-25T21:55:39.188-0400] {logging_mixin.py:188} INFO - [2025-06-25T21:55:39.188-0400] {dag.py:3096} INFO - Sync 1 DAGs
[2025-06-25T21:55:39.215-0400] {logging_mixin.py:188} INFO - [2025-06-25T21:55:39.215-0400] {dag.py:3954} INFO - Setting next_dagrun for example_sla_dag to 2025-06-26 01:52:00+00:00, run_after=2025-06-26 01:54:00+00:00
[2025-06-25T21:55:39.221-0400] {processor.py:183} INFO - Processing /opt/anaconda3/envs/airflow_env/lib/python3.10/site-packages/airflow/example_dags/example_sla_dag.py took 0.080 seconds
[2025-06-25T21:56:19.336-0400] {processor.py:161} INFO - Started process (PID=73221) to work on /opt/anaconda3/envs/airflow_env/lib/python3.10/site-packages/airflow/example_dags/example_sla_dag.py
[2025-06-25T21:56:19.337-0400] {processor.py:830} INFO - Processing file /opt/anaconda3/envs/airflow_env/lib/python3.10/site-packages/airflow/example_dags/example_sla_dag.py for tasks to queue
[2025-06-25T21:56:19.338-0400] {logging_mixin.py:188} INFO - [2025-06-25T21:56:19.338-0400] {dagbag.py:545} INFO - Filling up the DagBag from /opt/anaconda3/envs/airflow_env/lib/python3.10/site-packages/airflow/example_dags/example_sla_dag.py
[2025-06-25T21:56:19.352-0400] {processor.py:840} INFO - DAG(s) 'example_sla_dag' retrieved from /opt/anaconda3/envs/airflow_env/lib/python3.10/site-packages/airflow/example_dags/example_sla_dag.py
[2025-06-25T21:56:19.387-0400] {logging_mixin.py:188} INFO - [2025-06-25T21:56:19.386-0400] {dag.py:3096} INFO - Sync 1 DAGs
[2025-06-25T21:56:19.415-0400] {logging_mixin.py:188} INFO - [2025-06-25T21:56:19.415-0400] {dag.py:3954} INFO - Setting next_dagrun for example_sla_dag to 2025-06-26 01:54:00+00:00, run_after=2025-06-26 01:56:00+00:00
[2025-06-25T21:56:19.422-0400] {processor.py:183} INFO - Processing /opt/anaconda3/envs/airflow_env/lib/python3.10/site-packages/airflow/example_dags/example_sla_dag.py took 0.088 seconds
[2025-06-25T21:57:23.234-0400] {processor.py:161} INFO - Started process (PID=73319) to work on /opt/anaconda3/envs/airflow_env/lib/python3.10/site-packages/airflow/example_dags/example_sla_dag.py
[2025-06-25T21:57:23.235-0400] {processor.py:830} INFO - Processing file /opt/anaconda3/envs/airflow_env/lib/python3.10/site-packages/airflow/example_dags/example_sla_dag.py for tasks to queue
[2025-06-25T21:57:23.236-0400] {logging_mixin.py:188} INFO - [2025-06-25T21:57:23.235-0400] {dagbag.py:545} INFO - Filling up the DagBag from /opt/anaconda3/envs/airflow_env/lib/python3.10/site-packages/airflow/example_dags/example_sla_dag.py
[2025-06-25T21:57:23.249-0400] {processor.py:840} INFO - DAG(s) 'example_sla_dag' retrieved from /opt/anaconda3/envs/airflow_env/lib/python3.10/site-packages/airflow/example_dags/example_sla_dag.py
[2025-06-25T21:57:23.284-0400] {logging_mixin.py:188} INFO - [2025-06-25T21:57:23.284-0400] {dag.py:3096} INFO - Sync 1 DAGs
[2025-06-25T21:57:23.313-0400] {logging_mixin.py:188} INFO - [2025-06-25T21:57:23.313-0400] {dag.py:3954} INFO - Setting next_dagrun for example_sla_dag to 2025-06-26 01:54:00+00:00, run_after=2025-06-26 01:56:00+00:00
[2025-06-25T21:57:23.320-0400] {processor.py:183} INFO - Processing /opt/anaconda3/envs/airflow_env/lib/python3.10/site-packages/airflow/example_dags/example_sla_dag.py took 0.087 seconds
[2025-06-25T21:58:07.385-0400] {processor.py:161} INFO - Started process (PID=73394) to work on /opt/anaconda3/envs/airflow_env/lib/python3.10/site-packages/airflow/example_dags/example_sla_dag.py
[2025-06-25T21:58:07.386-0400] {processor.py:830} INFO - Processing file /opt/anaconda3/envs/airflow_env/lib/python3.10/site-packages/airflow/example_dags/example_sla_dag.py for tasks to queue
[2025-06-25T21:58:07.387-0400] {logging_mixin.py:188} INFO - [2025-06-25T21:58:07.387-0400] {dagbag.py:545} INFO - Filling up the DagBag from /opt/anaconda3/envs/airflow_env/lib/python3.10/site-packages/airflow/example_dags/example_sla_dag.py
[2025-06-25T21:58:07.402-0400] {processor.py:840} INFO - DAG(s) 'example_sla_dag' retrieved from /opt/anaconda3/envs/airflow_env/lib/python3.10/site-packages/airflow/example_dags/example_sla_dag.py
[2025-06-25T21:58:07.440-0400] {logging_mixin.py:188} INFO - [2025-06-25T21:58:07.440-0400] {dag.py:3096} INFO - Sync 1 DAGs
[2025-06-25T21:58:07.488-0400] {logging_mixin.py:188} INFO - [2025-06-25T21:58:07.488-0400] {dag.py:3954} INFO - Setting next_dagrun for example_sla_dag to 2025-06-26 01:56:00+00:00, run_after=2025-06-26 01:58:00+00:00
[2025-06-25T21:58:07.497-0400] {processor.py:183} INFO - Processing /opt/anaconda3/envs/airflow_env/lib/python3.10/site-packages/airflow/example_dags/example_sla_dag.py took 0.114 seconds
[2025-06-25T21:59:18.294-0400] {processor.py:161} INFO - Started process (PID=73494) to work on /opt/anaconda3/envs/airflow_env/lib/python3.10/site-packages/airflow/example_dags/example_sla_dag.py
[2025-06-25T21:59:18.295-0400] {processor.py:830} INFO - Processing file /opt/anaconda3/envs/airflow_env/lib/python3.10/site-packages/airflow/example_dags/example_sla_dag.py for tasks to queue
[2025-06-25T21:59:18.296-0400] {logging_mixin.py:188} INFO - [2025-06-25T21:59:18.295-0400] {dagbag.py:545} INFO - Filling up the DagBag from /opt/anaconda3/envs/airflow_env/lib/python3.10/site-packages/airflow/example_dags/example_sla_dag.py
[2025-06-25T21:59:18.311-0400] {processor.py:840} INFO - DAG(s) 'example_sla_dag' retrieved from /opt/anaconda3/envs/airflow_env/lib/python3.10/site-packages/airflow/example_dags/example_sla_dag.py
[2025-06-25T21:59:18.345-0400] {logging_mixin.py:188} INFO - [2025-06-25T21:59:18.345-0400] {dag.py:3096} INFO - Sync 1 DAGs
[2025-06-25T21:59:18.375-0400] {logging_mixin.py:188} INFO - [2025-06-25T21:59:18.375-0400] {dag.py:3954} INFO - Setting next_dagrun for example_sla_dag to 2025-06-26 01:56:00+00:00, run_after=2025-06-26 01:58:00+00:00
[2025-06-25T21:59:18.382-0400] {processor.py:183} INFO - Processing /opt/anaconda3/envs/airflow_env/lib/python3.10/site-packages/airflow/example_dags/example_sla_dag.py took 0.090 seconds
[2025-06-25T21:59:57.035-0400] {processor.py:161} INFO - Started process (PID=73547) to work on /opt/anaconda3/envs/airflow_env/lib/python3.10/site-packages/airflow/example_dags/example_sla_dag.py
[2025-06-25T21:59:57.036-0400] {processor.py:830} INFO - Processing file /opt/anaconda3/envs/airflow_env/lib/python3.10/site-packages/airflow/example_dags/example_sla_dag.py for tasks to queue
[2025-06-25T21:59:57.037-0400] {logging_mixin.py:188} INFO - [2025-06-25T21:59:57.037-0400] {dagbag.py:545} INFO - Filling up the DagBag from /opt/anaconda3/envs/airflow_env/lib/python3.10/site-packages/airflow/example_dags/example_sla_dag.py
[2025-06-25T21:59:57.052-0400] {processor.py:840} INFO - DAG(s) 'example_sla_dag' retrieved from /opt/anaconda3/envs/airflow_env/lib/python3.10/site-packages/airflow/example_dags/example_sla_dag.py
[2025-06-25T21:59:57.087-0400] {logging_mixin.py:188} INFO - [2025-06-25T21:59:57.087-0400] {dag.py:3096} INFO - Sync 1 DAGs
[2025-06-25T21:59:57.126-0400] {logging_mixin.py:188} INFO - [2025-06-25T21:59:57.126-0400] {dag.py:3954} INFO - Setting next_dagrun for example_sla_dag to 2025-06-26 01:56:00+00:00, run_after=2025-06-26 01:58:00+00:00
[2025-06-25T21:59:57.133-0400] {processor.py:183} INFO - Processing /opt/anaconda3/envs/airflow_env/lib/python3.10/site-packages/airflow/example_dags/example_sla_dag.py took 0.099 seconds
[2025-06-25T22:01:05.679-0400] {processor.py:161} INFO - Started process (PID=73648) to work on /opt/anaconda3/envs/airflow_env/lib/python3.10/site-packages/airflow/example_dags/example_sla_dag.py
[2025-06-25T22:01:05.679-0400] {processor.py:830} INFO - Processing file /opt/anaconda3/envs/airflow_env/lib/python3.10/site-packages/airflow/example_dags/example_sla_dag.py for tasks to queue
[2025-06-25T22:01:05.680-0400] {logging_mixin.py:188} INFO - [2025-06-25T22:01:05.680-0400] {dagbag.py:545} INFO - Filling up the DagBag from /opt/anaconda3/envs/airflow_env/lib/python3.10/site-packages/airflow/example_dags/example_sla_dag.py
[2025-06-25T22:01:05.695-0400] {processor.py:840} INFO - DAG(s) 'example_sla_dag' retrieved from /opt/anaconda3/envs/airflow_env/lib/python3.10/site-packages/airflow/example_dags/example_sla_dag.py
[2025-06-25T22:01:05.732-0400] {logging_mixin.py:188} INFO - [2025-06-25T22:01:05.732-0400] {dag.py:3096} INFO - Sync 1 DAGs
[2025-06-25T22:01:05.769-0400] {logging_mixin.py:188} INFO - [2025-06-25T22:01:05.769-0400] {dag.py:3954} INFO - Setting next_dagrun for example_sla_dag to 2025-06-26 01:58:00+00:00, run_after=2025-06-26 02:00:00+00:00
[2025-06-25T22:01:05.776-0400] {processor.py:183} INFO - Processing /opt/anaconda3/envs/airflow_env/lib/python3.10/site-packages/airflow/example_dags/example_sla_dag.py took 0.100 seconds
[2025-06-25T22:01:40.784-0400] {processor.py:161} INFO - Started process (PID=73703) to work on /opt/anaconda3/envs/airflow_env/lib/python3.10/site-packages/airflow/example_dags/example_sla_dag.py
[2025-06-25T22:01:40.785-0400] {processor.py:830} INFO - Processing file /opt/anaconda3/envs/airflow_env/lib/python3.10/site-packages/airflow/example_dags/example_sla_dag.py for tasks to queue
[2025-06-25T22:01:40.785-0400] {logging_mixin.py:188} INFO - [2025-06-25T22:01:40.785-0400] {dagbag.py:545} INFO - Filling up the DagBag from /opt/anaconda3/envs/airflow_env/lib/python3.10/site-packages/airflow/example_dags/example_sla_dag.py
[2025-06-25T22:01:40.800-0400] {processor.py:840} INFO - DAG(s) 'example_sla_dag' retrieved from /opt/anaconda3/envs/airflow_env/lib/python3.10/site-packages/airflow/example_dags/example_sla_dag.py
[2025-06-25T22:01:40.831-0400] {logging_mixin.py:188} INFO - [2025-06-25T22:01:40.831-0400] {dag.py:3096} INFO - Sync 1 DAGs
[2025-06-25T22:01:40.858-0400] {logging_mixin.py:188} INFO - [2025-06-25T22:01:40.858-0400] {dag.py:3954} INFO - Setting next_dagrun for example_sla_dag to 2025-06-26 01:58:00+00:00, run_after=2025-06-26 02:00:00+00:00
[2025-06-25T22:01:40.864-0400] {processor.py:183} INFO - Processing /opt/anaconda3/envs/airflow_env/lib/python3.10/site-packages/airflow/example_dags/example_sla_dag.py took 0.082 seconds
[2025-06-25T22:02:48.788-0400] {processor.py:161} INFO - Started process (PID=73823) to work on /opt/anaconda3/envs/airflow_env/lib/python3.10/site-packages/airflow/example_dags/example_sla_dag.py
[2025-06-25T22:02:48.789-0400] {processor.py:830} INFO - Processing file /opt/anaconda3/envs/airflow_env/lib/python3.10/site-packages/airflow/example_dags/example_sla_dag.py for tasks to queue
[2025-06-25T22:02:48.789-0400] {logging_mixin.py:188} INFO - [2025-06-25T22:02:48.789-0400] {dagbag.py:545} INFO - Filling up the DagBag from /opt/anaconda3/envs/airflow_env/lib/python3.10/site-packages/airflow/example_dags/example_sla_dag.py
[2025-06-25T22:02:48.804-0400] {processor.py:840} INFO - DAG(s) 'example_sla_dag' retrieved from /opt/anaconda3/envs/airflow_env/lib/python3.10/site-packages/airflow/example_dags/example_sla_dag.py
[2025-06-25T22:02:48.838-0400] {logging_mixin.py:188} INFO - [2025-06-25T22:02:48.837-0400] {dag.py:3096} INFO - Sync 1 DAGs
[2025-06-25T22:02:48.867-0400] {logging_mixin.py:188} INFO - [2025-06-25T22:02:48.866-0400] {dag.py:3954} INFO - Setting next_dagrun for example_sla_dag to 2025-06-26 02:00:00+00:00, run_after=2025-06-26 02:02:00+00:00
[2025-06-25T22:02:48.873-0400] {processor.py:183} INFO - Processing /opt/anaconda3/envs/airflow_env/lib/python3.10/site-packages/airflow/example_dags/example_sla_dag.py took 0.087 seconds
[2025-06-25T22:03:20.394-0400] {processor.py:161} INFO - Started process (PID=73863) to work on /opt/anaconda3/envs/airflow_env/lib/python3.10/site-packages/airflow/example_dags/example_sla_dag.py
[2025-06-25T22:03:20.395-0400] {processor.py:830} INFO - Processing file /opt/anaconda3/envs/airflow_env/lib/python3.10/site-packages/airflow/example_dags/example_sla_dag.py for tasks to queue
[2025-06-25T22:03:20.396-0400] {logging_mixin.py:188} INFO - [2025-06-25T22:03:20.396-0400] {dagbag.py:545} INFO - Filling up the DagBag from /opt/anaconda3/envs/airflow_env/lib/python3.10/site-packages/airflow/example_dags/example_sla_dag.py
[2025-06-25T22:03:20.412-0400] {processor.py:840} INFO - DAG(s) 'example_sla_dag' retrieved from /opt/anaconda3/envs/airflow_env/lib/python3.10/site-packages/airflow/example_dags/example_sla_dag.py
[2025-06-25T22:03:20.447-0400] {logging_mixin.py:188} INFO - [2025-06-25T22:03:20.447-0400] {dag.py:3096} INFO - Sync 1 DAGs
[2025-06-25T22:03:20.477-0400] {logging_mixin.py:188} INFO - [2025-06-25T22:03:20.477-0400] {dag.py:3954} INFO - Setting next_dagrun for example_sla_dag to 2025-06-26 02:00:00+00:00, run_after=2025-06-26 02:02:00+00:00
[2025-06-25T22:03:20.485-0400] {processor.py:183} INFO - Processing /opt/anaconda3/envs/airflow_env/lib/python3.10/site-packages/airflow/example_dags/example_sla_dag.py took 0.093 seconds
[2025-06-25T22:04:25.942-0400] {processor.py:161} INFO - Started process (PID=73963) to work on /opt/anaconda3/envs/airflow_env/lib/python3.10/site-packages/airflow/example_dags/example_sla_dag.py
[2025-06-25T22:04:25.942-0400] {processor.py:830} INFO - Processing file /opt/anaconda3/envs/airflow_env/lib/python3.10/site-packages/airflow/example_dags/example_sla_dag.py for tasks to queue
[2025-06-25T22:04:25.943-0400] {logging_mixin.py:188} INFO - [2025-06-25T22:04:25.943-0400] {dagbag.py:545} INFO - Filling up the DagBag from /opt/anaconda3/envs/airflow_env/lib/python3.10/site-packages/airflow/example_dags/example_sla_dag.py
[2025-06-25T22:04:25.960-0400] {processor.py:840} INFO - DAG(s) 'example_sla_dag' retrieved from /opt/anaconda3/envs/airflow_env/lib/python3.10/site-packages/airflow/example_dags/example_sla_dag.py
[2025-06-25T22:04:25.993-0400] {logging_mixin.py:188} INFO - [2025-06-25T22:04:25.993-0400] {dag.py:3096} INFO - Sync 1 DAGs
[2025-06-25T22:04:26.021-0400] {logging_mixin.py:188} INFO - [2025-06-25T22:04:26.021-0400] {dag.py:3954} INFO - Setting next_dagrun for example_sla_dag to 2025-06-26 02:02:00+00:00, run_after=2025-06-26 02:04:00+00:00
[2025-06-25T22:04:26.028-0400] {processor.py:183} INFO - Processing /opt/anaconda3/envs/airflow_env/lib/python3.10/site-packages/airflow/example_dags/example_sla_dag.py took 0.089 seconds
[2025-06-25T22:05:05.158-0400] {processor.py:161} INFO - Started process (PID=74017) to work on /opt/anaconda3/envs/airflow_env/lib/python3.10/site-packages/airflow/example_dags/example_sla_dag.py
[2025-06-25T22:05:05.158-0400] {processor.py:830} INFO - Processing file /opt/anaconda3/envs/airflow_env/lib/python3.10/site-packages/airflow/example_dags/example_sla_dag.py for tasks to queue
[2025-06-25T22:05:05.159-0400] {logging_mixin.py:188} INFO - [2025-06-25T22:05:05.158-0400] {dagbag.py:545} INFO - Filling up the DagBag from /opt/anaconda3/envs/airflow_env/lib/python3.10/site-packages/airflow/example_dags/example_sla_dag.py
[2025-06-25T22:05:05.177-0400] {processor.py:840} INFO - DAG(s) 'example_sla_dag' retrieved from /opt/anaconda3/envs/airflow_env/lib/python3.10/site-packages/airflow/example_dags/example_sla_dag.py
[2025-06-25T22:05:05.218-0400] {logging_mixin.py:188} INFO - [2025-06-25T22:05:05.217-0400] {dag.py:3096} INFO - Sync 1 DAGs
[2025-06-25T22:05:05.261-0400] {logging_mixin.py:188} INFO - [2025-06-25T22:05:05.261-0400] {dag.py:3954} INFO - Setting next_dagrun for example_sla_dag to 2025-06-26 02:02:00+00:00, run_after=2025-06-26 02:04:00+00:00
[2025-06-25T22:05:05.269-0400] {processor.py:183} INFO - Processing /opt/anaconda3/envs/airflow_env/lib/python3.10/site-packages/airflow/example_dags/example_sla_dag.py took 0.113 seconds
[2025-06-25T22:06:05.491-0400] {processor.py:161} INFO - Started process (PID=74101) to work on /opt/anaconda3/envs/airflow_env/lib/python3.10/site-packages/airflow/example_dags/example_sla_dag.py
[2025-06-25T22:06:05.492-0400] {processor.py:830} INFO - Processing file /opt/anaconda3/envs/airflow_env/lib/python3.10/site-packages/airflow/example_dags/example_sla_dag.py for tasks to queue
[2025-06-25T22:06:05.492-0400] {logging_mixin.py:188} INFO - [2025-06-25T22:06:05.492-0400] {dagbag.py:545} INFO - Filling up the DagBag from /opt/anaconda3/envs/airflow_env/lib/python3.10/site-packages/airflow/example_dags/example_sla_dag.py
[2025-06-25T22:06:05.506-0400] {processor.py:840} INFO - DAG(s) 'example_sla_dag' retrieved from /opt/anaconda3/envs/airflow_env/lib/python3.10/site-packages/airflow/example_dags/example_sla_dag.py
[2025-06-25T22:06:05.537-0400] {logging_mixin.py:188} INFO - [2025-06-25T22:06:05.537-0400] {dag.py:3096} INFO - Sync 1 DAGs
[2025-06-25T22:06:05.564-0400] {logging_mixin.py:188} INFO - [2025-06-25T22:06:05.564-0400] {dag.py:3954} INFO - Setting next_dagrun for example_sla_dag to 2025-06-26 02:04:00+00:00, run_after=2025-06-26 02:06:00+00:00
[2025-06-25T22:06:05.571-0400] {processor.py:183} INFO - Processing /opt/anaconda3/envs/airflow_env/lib/python3.10/site-packages/airflow/example_dags/example_sla_dag.py took 0.081 seconds
[2025-06-25T22:06:48.104-0400] {processor.py:161} INFO - Started process (PID=74170) to work on /opt/anaconda3/envs/airflow_env/lib/python3.10/site-packages/airflow/example_dags/example_sla_dag.py
[2025-06-25T22:06:48.105-0400] {processor.py:830} INFO - Processing file /opt/anaconda3/envs/airflow_env/lib/python3.10/site-packages/airflow/example_dags/example_sla_dag.py for tasks to queue
[2025-06-25T22:06:48.105-0400] {logging_mixin.py:188} INFO - [2025-06-25T22:06:48.105-0400] {dagbag.py:545} INFO - Filling up the DagBag from /opt/anaconda3/envs/airflow_env/lib/python3.10/site-packages/airflow/example_dags/example_sla_dag.py
[2025-06-25T22:06:48.119-0400] {processor.py:840} INFO - DAG(s) 'example_sla_dag' retrieved from /opt/anaconda3/envs/airflow_env/lib/python3.10/site-packages/airflow/example_dags/example_sla_dag.py
[2025-06-25T22:06:48.152-0400] {logging_mixin.py:188} INFO - [2025-06-25T22:06:48.152-0400] {dag.py:3096} INFO - Sync 1 DAGs
[2025-06-25T22:06:48.185-0400] {logging_mixin.py:188} INFO - [2025-06-25T22:06:48.185-0400] {dag.py:3954} INFO - Setting next_dagrun for example_sla_dag to 2025-06-26 02:04:00+00:00, run_after=2025-06-26 02:06:00+00:00
[2025-06-25T22:06:48.191-0400] {processor.py:183} INFO - Processing /opt/anaconda3/envs/airflow_env/lib/python3.10/site-packages/airflow/example_dags/example_sla_dag.py took 0.089 seconds
[2025-06-25T22:07:46.861-0400] {processor.py:161} INFO - Started process (PID=74270) to work on /opt/anaconda3/envs/airflow_env/lib/python3.10/site-packages/airflow/example_dags/example_sla_dag.py
[2025-06-25T22:07:46.861-0400] {processor.py:830} INFO - Processing file /opt/anaconda3/envs/airflow_env/lib/python3.10/site-packages/airflow/example_dags/example_sla_dag.py for tasks to queue
[2025-06-25T22:07:46.861-0400] {logging_mixin.py:188} INFO - [2025-06-25T22:07:46.861-0400] {dagbag.py:545} INFO - Filling up the DagBag from /opt/anaconda3/envs/airflow_env/lib/python3.10/site-packages/airflow/example_dags/example_sla_dag.py
[2025-06-25T22:07:46.875-0400] {processor.py:840} INFO - DAG(s) 'example_sla_dag' retrieved from /opt/anaconda3/envs/airflow_env/lib/python3.10/site-packages/airflow/example_dags/example_sla_dag.py
[2025-06-25T22:07:46.906-0400] {logging_mixin.py:188} INFO - [2025-06-25T22:07:46.906-0400] {dag.py:3096} INFO - Sync 1 DAGs
[2025-06-25T22:07:46.932-0400] {logging_mixin.py:188} INFO - [2025-06-25T22:07:46.932-0400] {dag.py:3954} INFO - Setting next_dagrun for example_sla_dag to 2025-06-26 02:04:00+00:00, run_after=2025-06-26 02:06:00+00:00
[2025-06-25T22:07:46.938-0400] {processor.py:183} INFO - Processing /opt/anaconda3/envs/airflow_env/lib/python3.10/site-packages/airflow/example_dags/example_sla_dag.py took 0.080 seconds
[2025-06-25T22:08:21.032-0400] {processor.py:161} INFO - Started process (PID=74329) to work on /opt/anaconda3/envs/airflow_env/lib/python3.10/site-packages/airflow/example_dags/example_sla_dag.py
[2025-06-25T22:08:21.033-0400] {processor.py:830} INFO - Processing file /opt/anaconda3/envs/airflow_env/lib/python3.10/site-packages/airflow/example_dags/example_sla_dag.py for tasks to queue
[2025-06-25T22:08:21.033-0400] {logging_mixin.py:188} INFO - [2025-06-25T22:08:21.033-0400] {dagbag.py:545} INFO - Filling up the DagBag from /opt/anaconda3/envs/airflow_env/lib/python3.10/site-packages/airflow/example_dags/example_sla_dag.py
[2025-06-25T22:08:21.047-0400] {processor.py:840} INFO - DAG(s) 'example_sla_dag' retrieved from /opt/anaconda3/envs/airflow_env/lib/python3.10/site-packages/airflow/example_dags/example_sla_dag.py
[2025-06-25T22:08:21.078-0400] {logging_mixin.py:188} INFO - [2025-06-25T22:08:21.078-0400] {dag.py:3096} INFO - Sync 1 DAGs
[2025-06-25T22:08:21.105-0400] {logging_mixin.py:188} INFO - [2025-06-25T22:08:21.105-0400] {dag.py:3954} INFO - Setting next_dagrun for example_sla_dag to 2025-06-26 02:06:00+00:00, run_after=2025-06-26 02:08:00+00:00
[2025-06-25T22:08:21.112-0400] {processor.py:183} INFO - Processing /opt/anaconda3/envs/airflow_env/lib/python3.10/site-packages/airflow/example_dags/example_sla_dag.py took 0.081 seconds
[2025-06-25T22:09:25.880-0400] {processor.py:161} INFO - Started process (PID=74422) to work on /opt/anaconda3/envs/airflow_env/lib/python3.10/site-packages/airflow/example_dags/example_sla_dag.py
[2025-06-25T22:09:25.880-0400] {processor.py:830} INFO - Processing file /opt/anaconda3/envs/airflow_env/lib/python3.10/site-packages/airflow/example_dags/example_sla_dag.py for tasks to queue
[2025-06-25T22:09:25.880-0400] {logging_mixin.py:188} INFO - [2025-06-25T22:09:25.880-0400] {dagbag.py:545} INFO - Filling up the DagBag from /opt/anaconda3/envs/airflow_env/lib/python3.10/site-packages/airflow/example_dags/example_sla_dag.py
[2025-06-25T22:09:25.894-0400] {processor.py:840} INFO - DAG(s) 'example_sla_dag' retrieved from /opt/anaconda3/envs/airflow_env/lib/python3.10/site-packages/airflow/example_dags/example_sla_dag.py
[2025-06-25T22:09:25.928-0400] {logging_mixin.py:188} INFO - [2025-06-25T22:09:25.928-0400] {dag.py:3096} INFO - Sync 1 DAGs
[2025-06-25T22:09:25.957-0400] {logging_mixin.py:188} INFO - [2025-06-25T22:09:25.957-0400] {dag.py:3954} INFO - Setting next_dagrun for example_sla_dag to 2025-06-26 02:06:00+00:00, run_after=2025-06-26 02:08:00+00:00
[2025-06-25T22:09:25.964-0400] {processor.py:183} INFO - Processing /opt/anaconda3/envs/airflow_env/lib/python3.10/site-packages/airflow/example_dags/example_sla_dag.py took 0.086 seconds
[2025-06-25T22:10:00.500-0400] {processor.py:161} INFO - Started process (PID=74470) to work on /opt/anaconda3/envs/airflow_env/lib/python3.10/site-packages/airflow/example_dags/example_sla_dag.py
[2025-06-25T22:10:00.500-0400] {processor.py:830} INFO - Processing file /opt/anaconda3/envs/airflow_env/lib/python3.10/site-packages/airflow/example_dags/example_sla_dag.py for tasks to queue
[2025-06-25T22:10:00.501-0400] {logging_mixin.py:188} INFO - [2025-06-25T22:10:00.501-0400] {dagbag.py:545} INFO - Filling up the DagBag from /opt/anaconda3/envs/airflow_env/lib/python3.10/site-packages/airflow/example_dags/example_sla_dag.py
[2025-06-25T22:10:00.515-0400] {processor.py:840} INFO - DAG(s) 'example_sla_dag' retrieved from /opt/anaconda3/envs/airflow_env/lib/python3.10/site-packages/airflow/example_dags/example_sla_dag.py
[2025-06-25T22:10:00.547-0400] {logging_mixin.py:188} INFO - [2025-06-25T22:10:00.547-0400] {dag.py:3096} INFO - Sync 1 DAGs
[2025-06-25T22:10:00.579-0400] {logging_mixin.py:188} INFO - [2025-06-25T22:10:00.579-0400] {dag.py:3954} INFO - Setting next_dagrun for example_sla_dag to 2025-06-26 02:08:00+00:00, run_after=2025-06-26 02:10:00+00:00
[2025-06-25T22:10:00.586-0400] {processor.py:183} INFO - Processing /opt/anaconda3/envs/airflow_env/lib/python3.10/site-packages/airflow/example_dags/example_sla_dag.py took 0.088 seconds
[2025-06-25T22:11:05.981-0400] {processor.py:161} INFO - Started process (PID=74561) to work on /opt/anaconda3/envs/airflow_env/lib/python3.10/site-packages/airflow/example_dags/example_sla_dag.py
[2025-06-25T22:11:05.982-0400] {processor.py:830} INFO - Processing file /opt/anaconda3/envs/airflow_env/lib/python3.10/site-packages/airflow/example_dags/example_sla_dag.py for tasks to queue
[2025-06-25T22:11:05.982-0400] {logging_mixin.py:188} INFO - [2025-06-25T22:11:05.982-0400] {dagbag.py:545} INFO - Filling up the DagBag from /opt/anaconda3/envs/airflow_env/lib/python3.10/site-packages/airflow/example_dags/example_sla_dag.py
[2025-06-25T22:11:05.999-0400] {processor.py:840} INFO - DAG(s) 'example_sla_dag' retrieved from /opt/anaconda3/envs/airflow_env/lib/python3.10/site-packages/airflow/example_dags/example_sla_dag.py
[2025-06-25T22:11:06.032-0400] {logging_mixin.py:188} INFO - [2025-06-25T22:11:06.032-0400] {dag.py:3096} INFO - Sync 1 DAGs
[2025-06-25T22:11:06.066-0400] {logging_mixin.py:188} INFO - [2025-06-25T22:11:06.066-0400] {dag.py:3954} INFO - Setting next_dagrun for example_sla_dag to 2025-06-26 02:08:00+00:00, run_after=2025-06-26 02:10:00+00:00
[2025-06-25T22:11:06.073-0400] {processor.py:183} INFO - Processing /opt/anaconda3/envs/airflow_env/lib/python3.10/site-packages/airflow/example_dags/example_sla_dag.py took 0.095 seconds
[2025-06-25T22:11:55.117-0400] {processor.py:161} INFO - Started process (PID=74656) to work on /opt/anaconda3/envs/airflow_env/lib/python3.10/site-packages/airflow/example_dags/example_sla_dag.py
[2025-06-25T22:11:55.118-0400] {processor.py:830} INFO - Processing file /opt/anaconda3/envs/airflow_env/lib/python3.10/site-packages/airflow/example_dags/example_sla_dag.py for tasks to queue
[2025-06-25T22:11:55.118-0400] {logging_mixin.py:188} INFO - [2025-06-25T22:11:55.118-0400] {dagbag.py:545} INFO - Filling up the DagBag from /opt/anaconda3/envs/airflow_env/lib/python3.10/site-packages/airflow/example_dags/example_sla_dag.py
[2025-06-25T22:11:55.136-0400] {processor.py:840} INFO - DAG(s) 'example_sla_dag' retrieved from /opt/anaconda3/envs/airflow_env/lib/python3.10/site-packages/airflow/example_dags/example_sla_dag.py
[2025-06-25T22:11:55.178-0400] {logging_mixin.py:188} INFO - [2025-06-25T22:11:55.177-0400] {dag.py:3096} INFO - Sync 1 DAGs
[2025-06-25T22:11:55.218-0400] {logging_mixin.py:188} INFO - [2025-06-25T22:11:55.218-0400] {dag.py:3954} INFO - Setting next_dagrun for example_sla_dag to 2025-06-26 02:08:00+00:00, run_after=2025-06-26 02:10:00+00:00
[2025-06-25T22:11:55.225-0400] {processor.py:183} INFO - Processing /opt/anaconda3/envs/airflow_env/lib/python3.10/site-packages/airflow/example_dags/example_sla_dag.py took 0.110 seconds
[2025-06-25T22:12:59.358-0400] {processor.py:161} INFO - Started process (PID=74756) to work on /opt/anaconda3/envs/airflow_env/lib/python3.10/site-packages/airflow/example_dags/example_sla_dag.py
[2025-06-25T22:12:59.359-0400] {processor.py:830} INFO - Processing file /opt/anaconda3/envs/airflow_env/lib/python3.10/site-packages/airflow/example_dags/example_sla_dag.py for tasks to queue
[2025-06-25T22:12:59.359-0400] {logging_mixin.py:188} INFO - [2025-06-25T22:12:59.359-0400] {dagbag.py:545} INFO - Filling up the DagBag from /opt/anaconda3/envs/airflow_env/lib/python3.10/site-packages/airflow/example_dags/example_sla_dag.py
[2025-06-25T22:12:59.374-0400] {processor.py:840} INFO - DAG(s) 'example_sla_dag' retrieved from /opt/anaconda3/envs/airflow_env/lib/python3.10/site-packages/airflow/example_dags/example_sla_dag.py
[2025-06-25T22:12:59.405-0400] {logging_mixin.py:188} INFO - [2025-06-25T22:12:59.405-0400] {dag.py:3096} INFO - Sync 1 DAGs
[2025-06-25T22:12:59.433-0400] {logging_mixin.py:188} INFO - [2025-06-25T22:12:59.433-0400] {dag.py:3954} INFO - Setting next_dagrun for example_sla_dag to 2025-06-26 02:10:00+00:00, run_after=2025-06-26 02:12:00+00:00
[2025-06-25T22:12:59.440-0400] {processor.py:183} INFO - Processing /opt/anaconda3/envs/airflow_env/lib/python3.10/site-packages/airflow/example_dags/example_sla_dag.py took 0.083 seconds
[2025-06-25T22:13:47.200-0400] {processor.py:161} INFO - Started process (PID=74824) to work on /opt/anaconda3/envs/airflow_env/lib/python3.10/site-packages/airflow/example_dags/example_sla_dag.py
[2025-06-25T22:13:47.201-0400] {processor.py:830} INFO - Processing file /opt/anaconda3/envs/airflow_env/lib/python3.10/site-packages/airflow/example_dags/example_sla_dag.py for tasks to queue
[2025-06-25T22:13:47.201-0400] {logging_mixin.py:188} INFO - [2025-06-25T22:13:47.201-0400] {dagbag.py:545} INFO - Filling up the DagBag from /opt/anaconda3/envs/airflow_env/lib/python3.10/site-packages/airflow/example_dags/example_sla_dag.py
[2025-06-25T22:13:47.216-0400] {processor.py:840} INFO - DAG(s) 'example_sla_dag' retrieved from /opt/anaconda3/envs/airflow_env/lib/python3.10/site-packages/airflow/example_dags/example_sla_dag.py
[2025-06-25T22:13:47.251-0400] {logging_mixin.py:188} INFO - [2025-06-25T22:13:47.251-0400] {dag.py:3096} INFO - Sync 1 DAGs
[2025-06-25T22:13:47.285-0400] {logging_mixin.py:188} INFO - [2025-06-25T22:13:47.285-0400] {dag.py:3954} INFO - Setting next_dagrun for example_sla_dag to 2025-06-26 02:10:00+00:00, run_after=2025-06-26 02:12:00+00:00
[2025-06-25T22:13:47.293-0400] {processor.py:183} INFO - Processing /opt/anaconda3/envs/airflow_env/lib/python3.10/site-packages/airflow/example_dags/example_sla_dag.py took 0.094 seconds
[2025-06-25T22:14:41.907-0400] {processor.py:161} INFO - Started process (PID=74902) to work on /opt/anaconda3/envs/airflow_env/lib/python3.10/site-packages/airflow/example_dags/example_sla_dag.py
[2025-06-25T22:14:41.907-0400] {processor.py:830} INFO - Processing file /opt/anaconda3/envs/airflow_env/lib/python3.10/site-packages/airflow/example_dags/example_sla_dag.py for tasks to queue
[2025-06-25T22:14:41.908-0400] {logging_mixin.py:188} INFO - [2025-06-25T22:14:41.908-0400] {dagbag.py:545} INFO - Filling up the DagBag from /opt/anaconda3/envs/airflow_env/lib/python3.10/site-packages/airflow/example_dags/example_sla_dag.py
[2025-06-25T22:14:41.927-0400] {processor.py:840} INFO - DAG(s) 'example_sla_dag' retrieved from /opt/anaconda3/envs/airflow_env/lib/python3.10/site-packages/airflow/example_dags/example_sla_dag.py
[2025-06-25T22:14:41.962-0400] {logging_mixin.py:188} INFO - [2025-06-25T22:14:41.962-0400] {dag.py:3096} INFO - Sync 1 DAGs
[2025-06-25T22:14:41.990-0400] {logging_mixin.py:188} INFO - [2025-06-25T22:14:41.990-0400] {dag.py:3954} INFO - Setting next_dagrun for example_sla_dag to 2025-06-26 02:12:00+00:00, run_after=2025-06-26 02:14:00+00:00
[2025-06-25T22:14:41.997-0400] {processor.py:183} INFO - Processing /opt/anaconda3/envs/airflow_env/lib/python3.10/site-packages/airflow/example_dags/example_sla_dag.py took 0.096 seconds
[2025-06-25T22:15:30.961-0400] {processor.py:161} INFO - Started process (PID=74970) to work on /opt/anaconda3/envs/airflow_env/lib/python3.10/site-packages/airflow/example_dags/example_sla_dag.py
[2025-06-25T22:15:30.962-0400] {processor.py:830} INFO - Processing file /opt/anaconda3/envs/airflow_env/lib/python3.10/site-packages/airflow/example_dags/example_sla_dag.py for tasks to queue
[2025-06-25T22:15:30.962-0400] {logging_mixin.py:188} INFO - [2025-06-25T22:15:30.962-0400] {dagbag.py:545} INFO - Filling up the DagBag from /opt/anaconda3/envs/airflow_env/lib/python3.10/site-packages/airflow/example_dags/example_sla_dag.py
[2025-06-25T22:15:30.977-0400] {processor.py:840} INFO - DAG(s) 'example_sla_dag' retrieved from /opt/anaconda3/envs/airflow_env/lib/python3.10/site-packages/airflow/example_dags/example_sla_dag.py
[2025-06-25T22:15:31.009-0400] {logging_mixin.py:188} INFO - [2025-06-25T22:15:31.009-0400] {dag.py:3096} INFO - Sync 1 DAGs
[2025-06-25T22:15:31.047-0400] {logging_mixin.py:188} INFO - [2025-06-25T22:15:31.046-0400] {dag.py:3954} INFO - Setting next_dagrun for example_sla_dag to 2025-06-26 02:12:00+00:00, run_after=2025-06-26 02:14:00+00:00
[2025-06-25T22:15:31.053-0400] {processor.py:183} INFO - Processing /opt/anaconda3/envs/airflow_env/lib/python3.10/site-packages/airflow/example_dags/example_sla_dag.py took 0.094 seconds
[2025-06-25T22:16:30.492-0400] {processor.py:161} INFO - Started process (PID=75055) to work on /opt/anaconda3/envs/airflow_env/lib/python3.10/site-packages/airflow/example_dags/example_sla_dag.py
[2025-06-25T22:16:30.492-0400] {processor.py:830} INFO - Processing file /opt/anaconda3/envs/airflow_env/lib/python3.10/site-packages/airflow/example_dags/example_sla_dag.py for tasks to queue
[2025-06-25T22:16:30.492-0400] {logging_mixin.py:188} INFO - [2025-06-25T22:16:30.492-0400] {dagbag.py:545} INFO - Filling up the DagBag from /opt/anaconda3/envs/airflow_env/lib/python3.10/site-packages/airflow/example_dags/example_sla_dag.py
[2025-06-25T22:16:30.513-0400] {processor.py:840} INFO - DAG(s) 'example_sla_dag' retrieved from /opt/anaconda3/envs/airflow_env/lib/python3.10/site-packages/airflow/example_dags/example_sla_dag.py
[2025-06-25T22:16:30.553-0400] {logging_mixin.py:188} INFO - [2025-06-25T22:16:30.553-0400] {dag.py:3096} INFO - Sync 1 DAGs
[2025-06-25T22:16:30.584-0400] {logging_mixin.py:188} INFO - [2025-06-25T22:16:30.584-0400] {dag.py:3954} INFO - Setting next_dagrun for example_sla_dag to 2025-06-26 02:14:00+00:00, run_after=2025-06-26 02:16:00+00:00
[2025-06-25T22:16:30.592-0400] {processor.py:183} INFO - Processing /opt/anaconda3/envs/airflow_env/lib/python3.10/site-packages/airflow/example_dags/example_sla_dag.py took 0.103 seconds
[2025-06-25T22:17:23.780-0400] {processor.py:161} INFO - Started process (PID=75127) to work on /opt/anaconda3/envs/airflow_env/lib/python3.10/site-packages/airflow/example_dags/example_sla_dag.py
[2025-06-25T22:17:23.780-0400] {processor.py:830} INFO - Processing file /opt/anaconda3/envs/airflow_env/lib/python3.10/site-packages/airflow/example_dags/example_sla_dag.py for tasks to queue
[2025-06-25T22:17:23.780-0400] {logging_mixin.py:188} INFO - [2025-06-25T22:17:23.780-0400] {dagbag.py:545} INFO - Filling up the DagBag from /opt/anaconda3/envs/airflow_env/lib/python3.10/site-packages/airflow/example_dags/example_sla_dag.py
[2025-06-25T22:17:23.796-0400] {processor.py:840} INFO - DAG(s) 'example_sla_dag' retrieved from /opt/anaconda3/envs/airflow_env/lib/python3.10/site-packages/airflow/example_dags/example_sla_dag.py
[2025-06-25T22:17:23.832-0400] {logging_mixin.py:188} INFO - [2025-06-25T22:17:23.832-0400] {dag.py:3096} INFO - Sync 1 DAGs
[2025-06-25T22:17:23.862-0400] {logging_mixin.py:188} INFO - [2025-06-25T22:17:23.862-0400] {dag.py:3954} INFO - Setting next_dagrun for example_sla_dag to 2025-06-26 02:14:00+00:00, run_after=2025-06-26 02:16:00+00:00
[2025-06-25T22:17:23.869-0400] {processor.py:183} INFO - Processing /opt/anaconda3/envs/airflow_env/lib/python3.10/site-packages/airflow/example_dags/example_sla_dag.py took 0.092 seconds
[2025-06-25T22:18:26.395-0400] {processor.py:161} INFO - Started process (PID=75214) to work on /opt/anaconda3/envs/airflow_env/lib/python3.10/site-packages/airflow/example_dags/example_sla_dag.py
[2025-06-25T22:18:26.395-0400] {processor.py:830} INFO - Processing file /opt/anaconda3/envs/airflow_env/lib/python3.10/site-packages/airflow/example_dags/example_sla_dag.py for tasks to queue
[2025-06-25T22:18:26.396-0400] {logging_mixin.py:188} INFO - [2025-06-25T22:18:26.396-0400] {dagbag.py:545} INFO - Filling up the DagBag from /opt/anaconda3/envs/airflow_env/lib/python3.10/site-packages/airflow/example_dags/example_sla_dag.py
[2025-06-25T22:18:26.412-0400] {processor.py:840} INFO - DAG(s) 'example_sla_dag' retrieved from /opt/anaconda3/envs/airflow_env/lib/python3.10/site-packages/airflow/example_dags/example_sla_dag.py
[2025-06-25T22:18:26.451-0400] {logging_mixin.py:188} INFO - [2025-06-25T22:18:26.451-0400] {dag.py:3096} INFO - Sync 1 DAGs
[2025-06-25T22:18:26.490-0400] {logging_mixin.py:188} INFO - [2025-06-25T22:18:26.489-0400] {dag.py:3954} INFO - Setting next_dagrun for example_sla_dag to 2025-06-26 02:16:00+00:00, run_after=2025-06-26 02:18:00+00:00
[2025-06-25T22:18:26.497-0400] {processor.py:183} INFO - Processing /opt/anaconda3/envs/airflow_env/lib/python3.10/site-packages/airflow/example_dags/example_sla_dag.py took 0.104 seconds
[2025-06-25T22:19:24.916-0400] {processor.py:161} INFO - Started process (PID=75289) to work on /opt/anaconda3/envs/airflow_env/lib/python3.10/site-packages/airflow/example_dags/example_sla_dag.py
[2025-06-25T22:19:24.918-0400] {processor.py:830} INFO - Processing file /opt/anaconda3/envs/airflow_env/lib/python3.10/site-packages/airflow/example_dags/example_sla_dag.py for tasks to queue
[2025-06-25T22:19:24.918-0400] {logging_mixin.py:188} INFO - [2025-06-25T22:19:24.918-0400] {dagbag.py:545} INFO - Filling up the DagBag from /opt/anaconda3/envs/airflow_env/lib/python3.10/site-packages/airflow/example_dags/example_sla_dag.py
[2025-06-25T22:19:24.935-0400] {processor.py:840} INFO - DAG(s) 'example_sla_dag' retrieved from /opt/anaconda3/envs/airflow_env/lib/python3.10/site-packages/airflow/example_dags/example_sla_dag.py
[2025-06-25T22:19:24.975-0400] {logging_mixin.py:188} INFO - [2025-06-25T22:19:24.975-0400] {dag.py:3096} INFO - Sync 1 DAGs
[2025-06-25T22:19:25.012-0400] {logging_mixin.py:188} INFO - [2025-06-25T22:19:25.012-0400] {dag.py:3954} INFO - Setting next_dagrun for example_sla_dag to 2025-06-26 02:16:00+00:00, run_after=2025-06-26 02:18:00+00:00
[2025-06-25T22:19:25.021-0400] {processor.py:183} INFO - Processing /opt/anaconda3/envs/airflow_env/lib/python3.10/site-packages/airflow/example_dags/example_sla_dag.py took 0.108 seconds
[2025-06-25T22:20:18.655-0400] {processor.py:161} INFO - Started process (PID=75359) to work on /opt/anaconda3/envs/airflow_env/lib/python3.10/site-packages/airflow/example_dags/example_sla_dag.py
[2025-06-25T22:20:18.656-0400] {processor.py:830} INFO - Processing file /opt/anaconda3/envs/airflow_env/lib/python3.10/site-packages/airflow/example_dags/example_sla_dag.py for tasks to queue
[2025-06-25T22:20:18.656-0400] {logging_mixin.py:188} INFO - [2025-06-25T22:20:18.656-0400] {dagbag.py:545} INFO - Filling up the DagBag from /opt/anaconda3/envs/airflow_env/lib/python3.10/site-packages/airflow/example_dags/example_sla_dag.py
[2025-06-25T22:20:18.672-0400] {processor.py:840} INFO - DAG(s) 'example_sla_dag' retrieved from /opt/anaconda3/envs/airflow_env/lib/python3.10/site-packages/airflow/example_dags/example_sla_dag.py
[2025-06-25T22:20:18.709-0400] {logging_mixin.py:188} INFO - [2025-06-25T22:20:18.709-0400] {dag.py:3096} INFO - Sync 1 DAGs
[2025-06-25T22:20:18.737-0400] {logging_mixin.py:188} INFO - [2025-06-25T22:20:18.736-0400] {dag.py:3954} INFO - Setting next_dagrun for example_sla_dag to 2025-06-26 02:18:00+00:00, run_after=2025-06-26 02:20:00+00:00
[2025-06-25T22:20:18.743-0400] {processor.py:183} INFO - Processing /opt/anaconda3/envs/airflow_env/lib/python3.10/site-packages/airflow/example_dags/example_sla_dag.py took 0.091 seconds
[2025-06-25T22:21:09.739-0400] {processor.py:161} INFO - Started process (PID=75427) to work on /opt/anaconda3/envs/airflow_env/lib/python3.10/site-packages/airflow/example_dags/example_sla_dag.py
[2025-06-25T22:21:09.740-0400] {processor.py:830} INFO - Processing file /opt/anaconda3/envs/airflow_env/lib/python3.10/site-packages/airflow/example_dags/example_sla_dag.py for tasks to queue
[2025-06-25T22:21:09.740-0400] {logging_mixin.py:188} INFO - [2025-06-25T22:21:09.740-0400] {dagbag.py:545} INFO - Filling up the DagBag from /opt/anaconda3/envs/airflow_env/lib/python3.10/site-packages/airflow/example_dags/example_sla_dag.py
[2025-06-25T22:21:09.755-0400] {processor.py:840} INFO - DAG(s) 'example_sla_dag' retrieved from /opt/anaconda3/envs/airflow_env/lib/python3.10/site-packages/airflow/example_dags/example_sla_dag.py
[2025-06-25T22:21:09.787-0400] {logging_mixin.py:188} INFO - [2025-06-25T22:21:09.787-0400] {dag.py:3096} INFO - Sync 1 DAGs
[2025-06-25T22:21:09.813-0400] {logging_mixin.py:188} INFO - [2025-06-25T22:21:09.813-0400] {dag.py:3954} INFO - Setting next_dagrun for example_sla_dag to 2025-06-26 02:18:00+00:00, run_after=2025-06-26 02:20:00+00:00
[2025-06-25T22:21:09.819-0400] {processor.py:183} INFO - Processing /opt/anaconda3/envs/airflow_env/lib/python3.10/site-packages/airflow/example_dags/example_sla_dag.py took 0.082 seconds
[2025-06-25T22:22:03.260-0400] {processor.py:161} INFO - Started process (PID=75531) to work on /opt/anaconda3/envs/airflow_env/lib/python3.10/site-packages/airflow/example_dags/example_sla_dag.py
[2025-06-25T22:22:03.260-0400] {processor.py:830} INFO - Processing file /opt/anaconda3/envs/airflow_env/lib/python3.10/site-packages/airflow/example_dags/example_sla_dag.py for tasks to queue
[2025-06-25T22:22:03.261-0400] {logging_mixin.py:188} INFO - [2025-06-25T22:22:03.261-0400] {dagbag.py:545} INFO - Filling up the DagBag from /opt/anaconda3/envs/airflow_env/lib/python3.10/site-packages/airflow/example_dags/example_sla_dag.py
[2025-06-25T22:22:03.277-0400] {processor.py:840} INFO - DAG(s) 'example_sla_dag' retrieved from /opt/anaconda3/envs/airflow_env/lib/python3.10/site-packages/airflow/example_dags/example_sla_dag.py
[2025-06-25T22:22:03.314-0400] {logging_mixin.py:188} INFO - [2025-06-25T22:22:03.313-0400] {dag.py:3096} INFO - Sync 1 DAGs
[2025-06-25T22:22:03.345-0400] {logging_mixin.py:188} INFO - [2025-06-25T22:22:03.345-0400] {dag.py:3954} INFO - Setting next_dagrun for example_sla_dag to 2025-06-26 02:20:00+00:00, run_after=2025-06-26 02:22:00+00:00
[2025-06-25T22:22:03.352-0400] {processor.py:183} INFO - Processing /opt/anaconda3/envs/airflow_env/lib/python3.10/site-packages/airflow/example_dags/example_sla_dag.py took 0.095 seconds
[2025-06-25T22:22:55.545-0400] {processor.py:161} INFO - Started process (PID=75644) to work on /opt/anaconda3/envs/airflow_env/lib/python3.10/site-packages/airflow/example_dags/example_sla_dag.py
[2025-06-25T22:22:55.545-0400] {processor.py:830} INFO - Processing file /opt/anaconda3/envs/airflow_env/lib/python3.10/site-packages/airflow/example_dags/example_sla_dag.py for tasks to queue
[2025-06-25T22:22:55.546-0400] {logging_mixin.py:188} INFO - [2025-06-25T22:22:55.546-0400] {dagbag.py:545} INFO - Filling up the DagBag from /opt/anaconda3/envs/airflow_env/lib/python3.10/site-packages/airflow/example_dags/example_sla_dag.py
[2025-06-25T22:22:55.562-0400] {processor.py:840} INFO - DAG(s) 'example_sla_dag' retrieved from /opt/anaconda3/envs/airflow_env/lib/python3.10/site-packages/airflow/example_dags/example_sla_dag.py
[2025-06-25T22:22:55.597-0400] {logging_mixin.py:188} INFO - [2025-06-25T22:22:55.597-0400] {dag.py:3096} INFO - Sync 1 DAGs
[2025-06-25T22:22:55.637-0400] {logging_mixin.py:188} INFO - [2025-06-25T22:22:55.637-0400] {dag.py:3954} INFO - Setting next_dagrun for example_sla_dag to 2025-06-26 02:20:00+00:00, run_after=2025-06-26 02:22:00+00:00
[2025-06-25T22:22:55.644-0400] {processor.py:183} INFO - Processing /opt/anaconda3/envs/airflow_env/lib/python3.10/site-packages/airflow/example_dags/example_sla_dag.py took 0.101 seconds
[2025-06-25T22:23:47.203-0400] {processor.py:161} INFO - Started process (PID=75726) to work on /opt/anaconda3/envs/airflow_env/lib/python3.10/site-packages/airflow/example_dags/example_sla_dag.py
[2025-06-25T22:23:47.203-0400] {processor.py:830} INFO - Processing file /opt/anaconda3/envs/airflow_env/lib/python3.10/site-packages/airflow/example_dags/example_sla_dag.py for tasks to queue
[2025-06-25T22:23:47.203-0400] {logging_mixin.py:188} INFO - [2025-06-25T22:23:47.203-0400] {dagbag.py:545} INFO - Filling up the DagBag from /opt/anaconda3/envs/airflow_env/lib/python3.10/site-packages/airflow/example_dags/example_sla_dag.py
[2025-06-25T22:23:47.218-0400] {processor.py:840} INFO - DAG(s) 'example_sla_dag' retrieved from /opt/anaconda3/envs/airflow_env/lib/python3.10/site-packages/airflow/example_dags/example_sla_dag.py
[2025-06-25T22:23:47.252-0400] {logging_mixin.py:188} INFO - [2025-06-25T22:23:47.252-0400] {dag.py:3096} INFO - Sync 1 DAGs
[2025-06-25T22:23:47.289-0400] {logging_mixin.py:188} INFO - [2025-06-25T22:23:47.289-0400] {dag.py:3954} INFO - Setting next_dagrun for example_sla_dag to 2025-06-26 02:20:00+00:00, run_after=2025-06-26 02:22:00+00:00
[2025-06-25T22:23:47.296-0400] {processor.py:183} INFO - Processing /opt/anaconda3/envs/airflow_env/lib/python3.10/site-packages/airflow/example_dags/example_sla_dag.py took 0.095 seconds
[2025-06-25T22:24:56.601-0400] {processor.py:161} INFO - Started process (PID=75825) to work on /opt/anaconda3/envs/airflow_env/lib/python3.10/site-packages/airflow/example_dags/example_sla_dag.py
[2025-06-25T22:24:56.602-0400] {processor.py:830} INFO - Processing file /opt/anaconda3/envs/airflow_env/lib/python3.10/site-packages/airflow/example_dags/example_sla_dag.py for tasks to queue
[2025-06-25T22:24:56.602-0400] {logging_mixin.py:188} INFO - [2025-06-25T22:24:56.602-0400] {dagbag.py:545} INFO - Filling up the DagBag from /opt/anaconda3/envs/airflow_env/lib/python3.10/site-packages/airflow/example_dags/example_sla_dag.py
[2025-06-25T22:24:56.616-0400] {processor.py:840} INFO - DAG(s) 'example_sla_dag' retrieved from /opt/anaconda3/envs/airflow_env/lib/python3.10/site-packages/airflow/example_dags/example_sla_dag.py
[2025-06-25T22:24:56.649-0400] {logging_mixin.py:188} INFO - [2025-06-25T22:24:56.649-0400] {dag.py:3096} INFO - Sync 1 DAGs
[2025-06-25T22:24:56.676-0400] {logging_mixin.py:188} INFO - [2025-06-25T22:24:56.676-0400] {dag.py:3954} INFO - Setting next_dagrun for example_sla_dag to 2025-06-26 02:22:00+00:00, run_after=2025-06-26 02:24:00+00:00
[2025-06-25T22:24:56.682-0400] {processor.py:183} INFO - Processing /opt/anaconda3/envs/airflow_env/lib/python3.10/site-packages/airflow/example_dags/example_sla_dag.py took 0.083 seconds
[2025-06-25T22:25:36.217-0400] {processor.py:161} INFO - Started process (PID=75890) to work on /opt/anaconda3/envs/airflow_env/lib/python3.10/site-packages/airflow/example_dags/example_sla_dag.py
[2025-06-25T22:25:36.218-0400] {processor.py:830} INFO - Processing file /opt/anaconda3/envs/airflow_env/lib/python3.10/site-packages/airflow/example_dags/example_sla_dag.py for tasks to queue
[2025-06-25T22:25:36.218-0400] {logging_mixin.py:188} INFO - [2025-06-25T22:25:36.218-0400] {dagbag.py:545} INFO - Filling up the DagBag from /opt/anaconda3/envs/airflow_env/lib/python3.10/site-packages/airflow/example_dags/example_sla_dag.py
[2025-06-25T22:25:36.232-0400] {processor.py:840} INFO - DAG(s) 'example_sla_dag' retrieved from /opt/anaconda3/envs/airflow_env/lib/python3.10/site-packages/airflow/example_dags/example_sla_dag.py
[2025-06-25T22:25:36.264-0400] {logging_mixin.py:188} INFO - [2025-06-25T22:25:36.264-0400] {dag.py:3096} INFO - Sync 1 DAGs
[2025-06-25T22:25:36.300-0400] {logging_mixin.py:188} INFO - [2025-06-25T22:25:36.300-0400] {dag.py:3954} INFO - Setting next_dagrun for example_sla_dag to 2025-06-26 02:22:00+00:00, run_after=2025-06-26 02:24:00+00:00
[2025-06-25T22:25:36.308-0400] {processor.py:183} INFO - Processing /opt/anaconda3/envs/airflow_env/lib/python3.10/site-packages/airflow/example_dags/example_sla_dag.py took 0.092 seconds
[2025-06-25T22:26:40.070-0400] {processor.py:161} INFO - Started process (PID=75989) to work on /opt/anaconda3/envs/airflow_env/lib/python3.10/site-packages/airflow/example_dags/example_sla_dag.py
[2025-06-25T22:26:40.071-0400] {processor.py:830} INFO - Processing file /opt/anaconda3/envs/airflow_env/lib/python3.10/site-packages/airflow/example_dags/example_sla_dag.py for tasks to queue
[2025-06-25T22:26:40.071-0400] {logging_mixin.py:188} INFO - [2025-06-25T22:26:40.071-0400] {dagbag.py:545} INFO - Filling up the DagBag from /opt/anaconda3/envs/airflow_env/lib/python3.10/site-packages/airflow/example_dags/example_sla_dag.py
[2025-06-25T22:26:40.085-0400] {processor.py:840} INFO - DAG(s) 'example_sla_dag' retrieved from /opt/anaconda3/envs/airflow_env/lib/python3.10/site-packages/airflow/example_dags/example_sla_dag.py
[2025-06-25T22:26:40.118-0400] {logging_mixin.py:188} INFO - [2025-06-25T22:26:40.118-0400] {dag.py:3096} INFO - Sync 1 DAGs
[2025-06-25T22:26:40.147-0400] {logging_mixin.py:188} INFO - [2025-06-25T22:26:40.147-0400] {dag.py:3954} INFO - Setting next_dagrun for example_sla_dag to 2025-06-26 02:24:00+00:00, run_after=2025-06-26 02:26:00+00:00
[2025-06-25T22:26:40.155-0400] {processor.py:183} INFO - Processing /opt/anaconda3/envs/airflow_env/lib/python3.10/site-packages/airflow/example_dags/example_sla_dag.py took 0.086 seconds
[2025-06-25T22:27:11.515-0400] {processor.py:161} INFO - Started process (PID=76040) to work on /opt/anaconda3/envs/airflow_env/lib/python3.10/site-packages/airflow/example_dags/example_sla_dag.py
[2025-06-25T22:27:11.515-0400] {processor.py:830} INFO - Processing file /opt/anaconda3/envs/airflow_env/lib/python3.10/site-packages/airflow/example_dags/example_sla_dag.py for tasks to queue
[2025-06-25T22:27:11.515-0400] {logging_mixin.py:188} INFO - [2025-06-25T22:27:11.515-0400] {dagbag.py:545} INFO - Filling up the DagBag from /opt/anaconda3/envs/airflow_env/lib/python3.10/site-packages/airflow/example_dags/example_sla_dag.py
[2025-06-25T22:27:11.530-0400] {processor.py:840} INFO - DAG(s) 'example_sla_dag' retrieved from /opt/anaconda3/envs/airflow_env/lib/python3.10/site-packages/airflow/example_dags/example_sla_dag.py
[2025-06-25T22:27:11.561-0400] {logging_mixin.py:188} INFO - [2025-06-25T22:27:11.561-0400] {dag.py:3096} INFO - Sync 1 DAGs
[2025-06-25T22:27:11.588-0400] {logging_mixin.py:188} INFO - [2025-06-25T22:27:11.588-0400] {dag.py:3954} INFO - Setting next_dagrun for example_sla_dag to 2025-06-26 02:24:00+00:00, run_after=2025-06-26 02:26:00+00:00
[2025-06-25T22:27:11.595-0400] {processor.py:183} INFO - Processing /opt/anaconda3/envs/airflow_env/lib/python3.10/site-packages/airflow/example_dags/example_sla_dag.py took 0.082 seconds
[2025-06-25T22:28:18.647-0400] {processor.py:161} INFO - Started process (PID=76138) to work on /opt/anaconda3/envs/airflow_env/lib/python3.10/site-packages/airflow/example_dags/example_sla_dag.py
[2025-06-25T22:28:18.648-0400] {processor.py:830} INFO - Processing file /opt/anaconda3/envs/airflow_env/lib/python3.10/site-packages/airflow/example_dags/example_sla_dag.py for tasks to queue
[2025-06-25T22:28:18.649-0400] {logging_mixin.py:188} INFO - [2025-06-25T22:28:18.649-0400] {dagbag.py:545} INFO - Filling up the DagBag from /opt/anaconda3/envs/airflow_env/lib/python3.10/site-packages/airflow/example_dags/example_sla_dag.py
[2025-06-25T22:28:18.681-0400] {processor.py:840} INFO - DAG(s) 'example_sla_dag' retrieved from /opt/anaconda3/envs/airflow_env/lib/python3.10/site-packages/airflow/example_dags/example_sla_dag.py
[2025-06-25T22:28:18.724-0400] {logging_mixin.py:188} INFO - [2025-06-25T22:28:18.724-0400] {dag.py:3096} INFO - Sync 1 DAGs
[2025-06-25T22:28:18.756-0400] {logging_mixin.py:188} INFO - [2025-06-25T22:28:18.756-0400] {dag.py:3954} INFO - Setting next_dagrun for example_sla_dag to 2025-06-26 02:26:00+00:00, run_after=2025-06-26 02:28:00+00:00
[2025-06-25T22:28:18.763-0400] {processor.py:183} INFO - Processing /opt/anaconda3/envs/airflow_env/lib/python3.10/site-packages/airflow/example_dags/example_sla_dag.py took 0.121 seconds
[2025-06-25T22:28:50.396-0400] {processor.py:161} INFO - Started process (PID=76213) to work on /opt/anaconda3/envs/airflow_env/lib/python3.10/site-packages/airflow/example_dags/example_sla_dag.py
[2025-06-25T22:28:50.397-0400] {processor.py:830} INFO - Processing file /opt/anaconda3/envs/airflow_env/lib/python3.10/site-packages/airflow/example_dags/example_sla_dag.py for tasks to queue
[2025-06-25T22:28:50.397-0400] {logging_mixin.py:188} INFO - [2025-06-25T22:28:50.397-0400] {dagbag.py:545} INFO - Filling up the DagBag from /opt/anaconda3/envs/airflow_env/lib/python3.10/site-packages/airflow/example_dags/example_sla_dag.py
[2025-06-25T22:28:50.412-0400] {processor.py:840} INFO - DAG(s) 'example_sla_dag' retrieved from /opt/anaconda3/envs/airflow_env/lib/python3.10/site-packages/airflow/example_dags/example_sla_dag.py
[2025-06-25T22:28:50.447-0400] {logging_mixin.py:188} INFO - [2025-06-25T22:28:50.447-0400] {dag.py:3096} INFO - Sync 1 DAGs
[2025-06-25T22:28:50.484-0400] {logging_mixin.py:188} INFO - [2025-06-25T22:28:50.484-0400] {dag.py:3954} INFO - Setting next_dagrun for example_sla_dag to 2025-06-26 02:26:00+00:00, run_after=2025-06-26 02:28:00+00:00
[2025-06-25T22:28:50.492-0400] {processor.py:183} INFO - Processing /opt/anaconda3/envs/airflow_env/lib/python3.10/site-packages/airflow/example_dags/example_sla_dag.py took 0.098 seconds
[2025-06-25T22:30:09.717-0400] {processor.py:161} INFO - Started process (PID=76345) to work on /opt/anaconda3/envs/airflow_env/lib/python3.10/site-packages/airflow/example_dags/example_sla_dag.py
[2025-06-25T22:30:09.718-0400] {processor.py:830} INFO - Processing file /opt/anaconda3/envs/airflow_env/lib/python3.10/site-packages/airflow/example_dags/example_sla_dag.py for tasks to queue
[2025-06-25T22:30:09.718-0400] {logging_mixin.py:188} INFO - [2025-06-25T22:30:09.718-0400] {dagbag.py:545} INFO - Filling up the DagBag from /opt/anaconda3/envs/airflow_env/lib/python3.10/site-packages/airflow/example_dags/example_sla_dag.py
[2025-06-25T22:30:09.736-0400] {processor.py:840} INFO - DAG(s) 'example_sla_dag' retrieved from /opt/anaconda3/envs/airflow_env/lib/python3.10/site-packages/airflow/example_dags/example_sla_dag.py
[2025-06-25T22:30:09.780-0400] {logging_mixin.py:188} INFO - [2025-06-25T22:30:09.780-0400] {dag.py:3096} INFO - Sync 1 DAGs
[2025-06-25T22:30:09.811-0400] {logging_mixin.py:188} INFO - [2025-06-25T22:30:09.811-0400] {dag.py:3954} INFO - Setting next_dagrun for example_sla_dag to 2025-06-26 02:28:00+00:00, run_after=2025-06-26 02:30:00+00:00
[2025-06-25T22:30:09.820-0400] {processor.py:183} INFO - Processing /opt/anaconda3/envs/airflow_env/lib/python3.10/site-packages/airflow/example_dags/example_sla_dag.py took 0.105 seconds
[2025-06-25T22:30:41.677-0400] {processor.py:161} INFO - Started process (PID=76404) to work on /opt/anaconda3/envs/airflow_env/lib/python3.10/site-packages/airflow/example_dags/example_sla_dag.py
[2025-06-25T22:30:41.679-0400] {processor.py:830} INFO - Processing file /opt/anaconda3/envs/airflow_env/lib/python3.10/site-packages/airflow/example_dags/example_sla_dag.py for tasks to queue
[2025-06-25T22:30:41.679-0400] {logging_mixin.py:188} INFO - [2025-06-25T22:30:41.679-0400] {dagbag.py:545} INFO - Filling up the DagBag from /opt/anaconda3/envs/airflow_env/lib/python3.10/site-packages/airflow/example_dags/example_sla_dag.py
[2025-06-25T22:30:41.694-0400] {processor.py:840} INFO - DAG(s) 'example_sla_dag' retrieved from /opt/anaconda3/envs/airflow_env/lib/python3.10/site-packages/airflow/example_dags/example_sla_dag.py
[2025-06-25T22:30:41.729-0400] {logging_mixin.py:188} INFO - [2025-06-25T22:30:41.729-0400] {dag.py:3096} INFO - Sync 1 DAGs
[2025-06-25T22:30:41.757-0400] {logging_mixin.py:188} INFO - [2025-06-25T22:30:41.756-0400] {dag.py:3954} INFO - Setting next_dagrun for example_sla_dag to 2025-06-26 02:28:00+00:00, run_after=2025-06-26 02:30:00+00:00
[2025-06-25T22:30:41.763-0400] {processor.py:183} INFO - Processing /opt/anaconda3/envs/airflow_env/lib/python3.10/site-packages/airflow/example_dags/example_sla_dag.py took 0.088 seconds
[2025-06-25T22:31:55.802-0400] {processor.py:161} INFO - Started process (PID=76520) to work on /opt/anaconda3/envs/airflow_env/lib/python3.10/site-packages/airflow/example_dags/example_sla_dag.py
[2025-06-25T22:31:55.803-0400] {processor.py:830} INFO - Processing file /opt/anaconda3/envs/airflow_env/lib/python3.10/site-packages/airflow/example_dags/example_sla_dag.py for tasks to queue
[2025-06-25T22:31:55.803-0400] {logging_mixin.py:188} INFO - [2025-06-25T22:31:55.803-0400] {dagbag.py:545} INFO - Filling up the DagBag from /opt/anaconda3/envs/airflow_env/lib/python3.10/site-packages/airflow/example_dags/example_sla_dag.py
[2025-06-25T22:31:55.817-0400] {processor.py:840} INFO - DAG(s) 'example_sla_dag' retrieved from /opt/anaconda3/envs/airflow_env/lib/python3.10/site-packages/airflow/example_dags/example_sla_dag.py
[2025-06-25T22:31:55.848-0400] {logging_mixin.py:188} INFO - [2025-06-25T22:31:55.848-0400] {dag.py:3096} INFO - Sync 1 DAGs
[2025-06-25T22:31:55.875-0400] {logging_mixin.py:188} INFO - [2025-06-25T22:31:55.874-0400] {dag.py:3954} INFO - Setting next_dagrun for example_sla_dag to 2025-06-26 02:28:00+00:00, run_after=2025-06-26 02:30:00+00:00
[2025-06-25T22:31:55.881-0400] {processor.py:183} INFO - Processing /opt/anaconda3/envs/airflow_env/lib/python3.10/site-packages/airflow/example_dags/example_sla_dag.py took 0.080 seconds
[2025-06-25T22:32:19.272-0400] {processor.py:161} INFO - Started process (PID=76576) to work on /opt/anaconda3/envs/airflow_env/lib/python3.10/site-packages/airflow/example_dags/example_sla_dag.py
[2025-06-25T22:32:19.273-0400] {processor.py:830} INFO - Processing file /opt/anaconda3/envs/airflow_env/lib/python3.10/site-packages/airflow/example_dags/example_sla_dag.py for tasks to queue
[2025-06-25T22:32:19.273-0400] {logging_mixin.py:188} INFO - [2025-06-25T22:32:19.273-0400] {dagbag.py:545} INFO - Filling up the DagBag from /opt/anaconda3/envs/airflow_env/lib/python3.10/site-packages/airflow/example_dags/example_sla_dag.py
[2025-06-25T22:32:19.286-0400] {processor.py:840} INFO - DAG(s) 'example_sla_dag' retrieved from /opt/anaconda3/envs/airflow_env/lib/python3.10/site-packages/airflow/example_dags/example_sla_dag.py
[2025-06-25T22:32:19.318-0400] {logging_mixin.py:188} INFO - [2025-06-25T22:32:19.318-0400] {dag.py:3096} INFO - Sync 1 DAGs
[2025-06-25T22:32:19.345-0400] {logging_mixin.py:188} INFO - [2025-06-25T22:32:19.345-0400] {dag.py:3954} INFO - Setting next_dagrun for example_sla_dag to 2025-06-26 02:30:00+00:00, run_after=2025-06-26 02:32:00+00:00
[2025-06-25T22:32:19.352-0400] {processor.py:183} INFO - Processing /opt/anaconda3/envs/airflow_env/lib/python3.10/site-packages/airflow/example_dags/example_sla_dag.py took 0.082 seconds
