[2025-06-25T20:01:44.963-0400] {processor.py:161} INFO - Started process (PID=58635) to work on /opt/anaconda3/envs/airflow_env/lib/python3.10/site-packages/airflow/example_dags/example_kubernetes_executor.py
[2025-06-25T20:01:44.963-0400] {processor.py:830} INFO - Processing file /opt/anaconda3/envs/airflow_env/lib/python3.10/site-packages/airflow/example_dags/example_kubernetes_executor.py for tasks to queue
[2025-06-25T20:01:44.964-0400] {logging_mixin.py:188} INFO - [2025-06-25T20:01:44.963-0400] {dagbag.py:545} INFO - Filling up the DagBag from /opt/anaconda3/envs/airflow_env/lib/python3.10/site-packages/airflow/example_dags/example_kubernetes_executor.py
[2025-06-25T20:01:44.978-0400] {logging_mixin.py:188} INFO - [2025-06-25T20:01:44.978-0400] {example_kubernetes_executor.py:39} WARNING - The example_kubernetes_executor example DAG requires the kubernetes provider. Please install it with: pip install apache-airflow[cncf.kubernetes]
[2025-06-25T20:01:44.978-0400] {processor.py:842} WARNING - No viable dags retrieved from /opt/anaconda3/envs/airflow_env/lib/python3.10/site-packages/airflow/example_dags/example_kubernetes_executor.py
[2025-06-25T20:01:45.007-0400] {processor.py:183} INFO - Processing /opt/anaconda3/envs/airflow_env/lib/python3.10/site-packages/airflow/example_dags/example_kubernetes_executor.py took 0.046 seconds
[2025-06-25T20:03:17.227-0400] {processor.py:161} INFO - Started process (PID=60008) to work on /opt/anaconda3/envs/airflow_env/lib/python3.10/site-packages/airflow/example_dags/example_kubernetes_executor.py
[2025-06-25T20:03:17.228-0400] {processor.py:830} INFO - Processing file /opt/anaconda3/envs/airflow_env/lib/python3.10/site-packages/airflow/example_dags/example_kubernetes_executor.py for tasks to queue
[2025-06-25T20:03:17.228-0400] {logging_mixin.py:188} INFO - [2025-06-25T20:03:17.228-0400] {dagbag.py:545} INFO - Filling up the DagBag from /opt/anaconda3/envs/airflow_env/lib/python3.10/site-packages/airflow/example_dags/example_kubernetes_executor.py
[2025-06-25T20:03:17.241-0400] {logging_mixin.py:188} INFO - [2025-06-25T20:03:17.241-0400] {example_kubernetes_executor.py:39} WARNING - The example_kubernetes_executor example DAG requires the kubernetes provider. Please install it with: pip install apache-airflow[cncf.kubernetes]
[2025-06-25T20:03:17.241-0400] {processor.py:842} WARNING - No viable dags retrieved from /opt/anaconda3/envs/airflow_env/lib/python3.10/site-packages/airflow/example_dags/example_kubernetes_executor.py
[2025-06-25T20:03:17.269-0400] {processor.py:183} INFO - Processing /opt/anaconda3/envs/airflow_env/lib/python3.10/site-packages/airflow/example_dags/example_kubernetes_executor.py took 0.043 seconds
[2025-06-25T20:04:51.145-0400] {processor.py:161} INFO - Started process (PID=60544) to work on /opt/anaconda3/envs/airflow_env/lib/python3.10/site-packages/airflow/example_dags/example_kubernetes_executor.py
[2025-06-25T20:04:51.146-0400] {processor.py:830} INFO - Processing file /opt/anaconda3/envs/airflow_env/lib/python3.10/site-packages/airflow/example_dags/example_kubernetes_executor.py for tasks to queue
[2025-06-25T20:04:51.146-0400] {logging_mixin.py:188} INFO - [2025-06-25T20:04:51.146-0400] {dagbag.py:545} INFO - Filling up the DagBag from /opt/anaconda3/envs/airflow_env/lib/python3.10/site-packages/airflow/example_dags/example_kubernetes_executor.py
[2025-06-25T20:04:51.160-0400] {logging_mixin.py:188} INFO - [2025-06-25T20:04:51.160-0400] {example_kubernetes_executor.py:39} WARNING - The example_kubernetes_executor example DAG requires the kubernetes provider. Please install it with: pip install apache-airflow[cncf.kubernetes]
[2025-06-25T20:04:51.160-0400] {processor.py:842} WARNING - No viable dags retrieved from /opt/anaconda3/envs/airflow_env/lib/python3.10/site-packages/airflow/example_dags/example_kubernetes_executor.py
[2025-06-25T20:04:51.188-0400] {processor.py:183} INFO - Processing /opt/anaconda3/envs/airflow_env/lib/python3.10/site-packages/airflow/example_dags/example_kubernetes_executor.py took 0.045 seconds
[2025-06-25T20:06:23.572-0400] {processor.py:161} INFO - Started process (PID=60878) to work on /opt/anaconda3/envs/airflow_env/lib/python3.10/site-packages/airflow/example_dags/example_kubernetes_executor.py
[2025-06-25T20:06:23.573-0400] {processor.py:830} INFO - Processing file /opt/anaconda3/envs/airflow_env/lib/python3.10/site-packages/airflow/example_dags/example_kubernetes_executor.py for tasks to queue
[2025-06-25T20:06:23.573-0400] {logging_mixin.py:188} INFO - [2025-06-25T20:06:23.573-0400] {dagbag.py:545} INFO - Filling up the DagBag from /opt/anaconda3/envs/airflow_env/lib/python3.10/site-packages/airflow/example_dags/example_kubernetes_executor.py
[2025-06-25T20:06:23.586-0400] {logging_mixin.py:188} INFO - [2025-06-25T20:06:23.586-0400] {example_kubernetes_executor.py:39} WARNING - The example_kubernetes_executor example DAG requires the kubernetes provider. Please install it with: pip install apache-airflow[cncf.kubernetes]
[2025-06-25T20:06:23.586-0400] {processor.py:842} WARNING - No viable dags retrieved from /opt/anaconda3/envs/airflow_env/lib/python3.10/site-packages/airflow/example_dags/example_kubernetes_executor.py
[2025-06-25T20:06:23.614-0400] {processor.py:183} INFO - Processing /opt/anaconda3/envs/airflow_env/lib/python3.10/site-packages/airflow/example_dags/example_kubernetes_executor.py took 0.044 seconds
[2025-06-25T20:07:09.402-0400] {processor.py:161} INFO - Started process (PID=61006) to work on /opt/anaconda3/envs/airflow_env/lib/python3.10/site-packages/airflow/example_dags/example_kubernetes_executor.py
[2025-06-25T20:07:09.402-0400] {processor.py:830} INFO - Processing file /opt/anaconda3/envs/airflow_env/lib/python3.10/site-packages/airflow/example_dags/example_kubernetes_executor.py for tasks to queue
[2025-06-25T20:07:09.403-0400] {logging_mixin.py:188} INFO - [2025-06-25T20:07:09.402-0400] {dagbag.py:545} INFO - Filling up the DagBag from /opt/anaconda3/envs/airflow_env/lib/python3.10/site-packages/airflow/example_dags/example_kubernetes_executor.py
[2025-06-25T20:07:09.417-0400] {logging_mixin.py:188} INFO - [2025-06-25T20:07:09.416-0400] {example_kubernetes_executor.py:39} WARNING - The example_kubernetes_executor example DAG requires the kubernetes provider. Please install it with: pip install apache-airflow[cncf.kubernetes]
[2025-06-25T20:07:09.417-0400] {processor.py:842} WARNING - No viable dags retrieved from /opt/anaconda3/envs/airflow_env/lib/python3.10/site-packages/airflow/example_dags/example_kubernetes_executor.py
[2025-06-25T20:07:09.449-0400] {processor.py:183} INFO - Processing /opt/anaconda3/envs/airflow_env/lib/python3.10/site-packages/airflow/example_dags/example_kubernetes_executor.py took 0.049 seconds
[2025-06-25T20:08:33.257-0400] {processor.py:161} INFO - Started process (PID=61243) to work on /opt/anaconda3/envs/airflow_env/lib/python3.10/site-packages/airflow/example_dags/example_kubernetes_executor.py
[2025-06-25T20:08:33.257-0400] {processor.py:830} INFO - Processing file /opt/anaconda3/envs/airflow_env/lib/python3.10/site-packages/airflow/example_dags/example_kubernetes_executor.py for tasks to queue
[2025-06-25T20:08:33.257-0400] {logging_mixin.py:188} INFO - [2025-06-25T20:08:33.257-0400] {dagbag.py:545} INFO - Filling up the DagBag from /opt/anaconda3/envs/airflow_env/lib/python3.10/site-packages/airflow/example_dags/example_kubernetes_executor.py
[2025-06-25T20:08:33.269-0400] {logging_mixin.py:188} INFO - [2025-06-25T20:08:33.269-0400] {example_kubernetes_executor.py:39} WARNING - The example_kubernetes_executor example DAG requires the kubernetes provider. Please install it with: pip install apache-airflow[cncf.kubernetes]
[2025-06-25T20:08:33.269-0400] {processor.py:842} WARNING - No viable dags retrieved from /opt/anaconda3/envs/airflow_env/lib/python3.10/site-packages/airflow/example_dags/example_kubernetes_executor.py
[2025-06-25T20:08:33.296-0400] {processor.py:183} INFO - Processing /opt/anaconda3/envs/airflow_env/lib/python3.10/site-packages/airflow/example_dags/example_kubernetes_executor.py took 0.040 seconds
[2025-06-25T20:08:40.284-0400] {processor.py:161} INFO - Started process (PID=61259) to work on /opt/anaconda3/envs/airflow_env/lib/python3.10/site-packages/airflow/example_dags/example_kubernetes_executor.py
[2025-06-25T20:08:40.284-0400] {processor.py:830} INFO - Processing file /opt/anaconda3/envs/airflow_env/lib/python3.10/site-packages/airflow/example_dags/example_kubernetes_executor.py for tasks to queue
[2025-06-25T20:08:40.284-0400] {logging_mixin.py:188} INFO - [2025-06-25T20:08:40.284-0400] {dagbag.py:545} INFO - Filling up the DagBag from /opt/anaconda3/envs/airflow_env/lib/python3.10/site-packages/airflow/example_dags/example_kubernetes_executor.py
[2025-06-25T20:08:40.297-0400] {logging_mixin.py:188} INFO - [2025-06-25T20:08:40.297-0400] {example_kubernetes_executor.py:39} WARNING - The example_kubernetes_executor example DAG requires the kubernetes provider. Please install it with: pip install apache-airflow[cncf.kubernetes]
[2025-06-25T20:08:40.297-0400] {processor.py:842} WARNING - No viable dags retrieved from /opt/anaconda3/envs/airflow_env/lib/python3.10/site-packages/airflow/example_dags/example_kubernetes_executor.py
[2025-06-25T20:08:40.337-0400] {processor.py:183} INFO - Processing /opt/anaconda3/envs/airflow_env/lib/python3.10/site-packages/airflow/example_dags/example_kubernetes_executor.py took 0.055 seconds
[2025-06-25T20:10:33.931-0400] {processor.py:161} INFO - Started process (PID=61516) to work on /opt/anaconda3/envs/airflow_env/lib/python3.10/site-packages/airflow/example_dags/example_kubernetes_executor.py
[2025-06-25T20:10:33.931-0400] {processor.py:830} INFO - Processing file /opt/anaconda3/envs/airflow_env/lib/python3.10/site-packages/airflow/example_dags/example_kubernetes_executor.py for tasks to queue
[2025-06-25T20:10:33.931-0400] {logging_mixin.py:188} INFO - [2025-06-25T20:10:33.931-0400] {dagbag.py:545} INFO - Filling up the DagBag from /opt/anaconda3/envs/airflow_env/lib/python3.10/site-packages/airflow/example_dags/example_kubernetes_executor.py
[2025-06-25T20:10:33.947-0400] {logging_mixin.py:188} INFO - [2025-06-25T20:10:33.946-0400] {example_kubernetes_executor.py:39} WARNING - The example_kubernetes_executor example DAG requires the kubernetes provider. Please install it with: pip install apache-airflow[cncf.kubernetes]
[2025-06-25T20:10:33.947-0400] {processor.py:842} WARNING - No viable dags retrieved from /opt/anaconda3/envs/airflow_env/lib/python3.10/site-packages/airflow/example_dags/example_kubernetes_executor.py
[2025-06-25T20:10:33.983-0400] {processor.py:183} INFO - Processing /opt/anaconda3/envs/airflow_env/lib/python3.10/site-packages/airflow/example_dags/example_kubernetes_executor.py took 0.055 seconds
[2025-06-25T20:11:15.756-0400] {processor.py:161} INFO - Started process (PID=61614) to work on /opt/anaconda3/envs/airflow_env/lib/python3.10/site-packages/airflow/example_dags/example_kubernetes_executor.py
[2025-06-25T20:11:15.757-0400] {processor.py:830} INFO - Processing file /opt/anaconda3/envs/airflow_env/lib/python3.10/site-packages/airflow/example_dags/example_kubernetes_executor.py for tasks to queue
[2025-06-25T20:11:15.757-0400] {logging_mixin.py:188} INFO - [2025-06-25T20:11:15.757-0400] {dagbag.py:545} INFO - Filling up the DagBag from /opt/anaconda3/envs/airflow_env/lib/python3.10/site-packages/airflow/example_dags/example_kubernetes_executor.py
[2025-06-25T20:11:15.770-0400] {logging_mixin.py:188} INFO - [2025-06-25T20:11:15.770-0400] {example_kubernetes_executor.py:39} WARNING - The example_kubernetes_executor example DAG requires the kubernetes provider. Please install it with: pip install apache-airflow[cncf.kubernetes]
[2025-06-25T20:11:15.770-0400] {processor.py:842} WARNING - No viable dags retrieved from /opt/anaconda3/envs/airflow_env/lib/python3.10/site-packages/airflow/example_dags/example_kubernetes_executor.py
[2025-06-25T20:11:15.799-0400] {processor.py:183} INFO - Processing /opt/anaconda3/envs/airflow_env/lib/python3.10/site-packages/airflow/example_dags/example_kubernetes_executor.py took 0.044 seconds
[2025-06-25T20:12:34.081-0400] {processor.py:161} INFO - Started process (PID=61783) to work on /opt/anaconda3/envs/airflow_env/lib/python3.10/site-packages/airflow/example_dags/example_kubernetes_executor.py
[2025-06-25T20:12:34.081-0400] {processor.py:830} INFO - Processing file /opt/anaconda3/envs/airflow_env/lib/python3.10/site-packages/airflow/example_dags/example_kubernetes_executor.py for tasks to queue
[2025-06-25T20:12:34.082-0400] {logging_mixin.py:188} INFO - [2025-06-25T20:12:34.082-0400] {dagbag.py:545} INFO - Filling up the DagBag from /opt/anaconda3/envs/airflow_env/lib/python3.10/site-packages/airflow/example_dags/example_kubernetes_executor.py
[2025-06-25T20:12:34.094-0400] {logging_mixin.py:188} INFO - [2025-06-25T20:12:34.094-0400] {example_kubernetes_executor.py:39} WARNING - The example_kubernetes_executor example DAG requires the kubernetes provider. Please install it with: pip install apache-airflow[cncf.kubernetes]
[2025-06-25T20:12:34.094-0400] {processor.py:842} WARNING - No viable dags retrieved from /opt/anaconda3/envs/airflow_env/lib/python3.10/site-packages/airflow/example_dags/example_kubernetes_executor.py
[2025-06-25T20:12:34.125-0400] {processor.py:183} INFO - Processing /opt/anaconda3/envs/airflow_env/lib/python3.10/site-packages/airflow/example_dags/example_kubernetes_executor.py took 0.045 seconds
[2025-06-25T20:13:02.792-0400] {processor.py:161} INFO - Started process (PID=61847) to work on /opt/anaconda3/envs/airflow_env/lib/python3.10/site-packages/airflow/example_dags/example_kubernetes_executor.py
[2025-06-25T20:13:02.792-0400] {processor.py:830} INFO - Processing file /opt/anaconda3/envs/airflow_env/lib/python3.10/site-packages/airflow/example_dags/example_kubernetes_executor.py for tasks to queue
[2025-06-25T20:13:02.793-0400] {logging_mixin.py:188} INFO - [2025-06-25T20:13:02.793-0400] {dagbag.py:545} INFO - Filling up the DagBag from /opt/anaconda3/envs/airflow_env/lib/python3.10/site-packages/airflow/example_dags/example_kubernetes_executor.py
[2025-06-25T20:13:02.805-0400] {logging_mixin.py:188} INFO - [2025-06-25T20:13:02.805-0400] {example_kubernetes_executor.py:39} WARNING - The example_kubernetes_executor example DAG requires the kubernetes provider. Please install it with: pip install apache-airflow[cncf.kubernetes]
[2025-06-25T20:13:02.805-0400] {processor.py:842} WARNING - No viable dags retrieved from /opt/anaconda3/envs/airflow_env/lib/python3.10/site-packages/airflow/example_dags/example_kubernetes_executor.py
[2025-06-25T20:13:02.832-0400] {processor.py:183} INFO - Processing /opt/anaconda3/envs/airflow_env/lib/python3.10/site-packages/airflow/example_dags/example_kubernetes_executor.py took 0.042 seconds
[2025-06-25T20:14:13.460-0400] {processor.py:161} INFO - Started process (PID=61953) to work on /opt/anaconda3/envs/airflow_env/lib/python3.10/site-packages/airflow/example_dags/example_kubernetes_executor.py
[2025-06-25T20:14:13.460-0400] {processor.py:830} INFO - Processing file /opt/anaconda3/envs/airflow_env/lib/python3.10/site-packages/airflow/example_dags/example_kubernetes_executor.py for tasks to queue
[2025-06-25T20:14:13.461-0400] {logging_mixin.py:188} INFO - [2025-06-25T20:14:13.461-0400] {dagbag.py:545} INFO - Filling up the DagBag from /opt/anaconda3/envs/airflow_env/lib/python3.10/site-packages/airflow/example_dags/example_kubernetes_executor.py
[2025-06-25T20:14:13.474-0400] {logging_mixin.py:188} INFO - [2025-06-25T20:14:13.474-0400] {example_kubernetes_executor.py:39} WARNING - The example_kubernetes_executor example DAG requires the kubernetes provider. Please install it with: pip install apache-airflow[cncf.kubernetes]
[2025-06-25T20:14:13.474-0400] {processor.py:842} WARNING - No viable dags retrieved from /opt/anaconda3/envs/airflow_env/lib/python3.10/site-packages/airflow/example_dags/example_kubernetes_executor.py
[2025-06-25T20:14:13.504-0400] {processor.py:183} INFO - Processing /opt/anaconda3/envs/airflow_env/lib/python3.10/site-packages/airflow/example_dags/example_kubernetes_executor.py took 0.046 seconds
[2025-06-25T20:14:40.692-0400] {processor.py:161} INFO - Started process (PID=61995) to work on /opt/anaconda3/envs/airflow_env/lib/python3.10/site-packages/airflow/example_dags/example_kubernetes_executor.py
[2025-06-25T20:14:40.692-0400] {processor.py:830} INFO - Processing file /opt/anaconda3/envs/airflow_env/lib/python3.10/site-packages/airflow/example_dags/example_kubernetes_executor.py for tasks to queue
[2025-06-25T20:14:40.692-0400] {logging_mixin.py:188} INFO - [2025-06-25T20:14:40.692-0400] {dagbag.py:545} INFO - Filling up the DagBag from /opt/anaconda3/envs/airflow_env/lib/python3.10/site-packages/airflow/example_dags/example_kubernetes_executor.py
[2025-06-25T20:14:40.704-0400] {logging_mixin.py:188} INFO - [2025-06-25T20:14:40.704-0400] {example_kubernetes_executor.py:39} WARNING - The example_kubernetes_executor example DAG requires the kubernetes provider. Please install it with: pip install apache-airflow[cncf.kubernetes]
[2025-06-25T20:14:40.704-0400] {processor.py:842} WARNING - No viable dags retrieved from /opt/anaconda3/envs/airflow_env/lib/python3.10/site-packages/airflow/example_dags/example_kubernetes_executor.py
[2025-06-25T20:14:40.730-0400] {processor.py:183} INFO - Processing /opt/anaconda3/envs/airflow_env/lib/python3.10/site-packages/airflow/example_dags/example_kubernetes_executor.py took 0.040 seconds
[2025-06-25T20:15:53.385-0400] {processor.py:161} INFO - Started process (PID=62110) to work on /opt/anaconda3/envs/airflow_env/lib/python3.10/site-packages/airflow/example_dags/example_kubernetes_executor.py
[2025-06-25T20:15:53.385-0400] {processor.py:830} INFO - Processing file /opt/anaconda3/envs/airflow_env/lib/python3.10/site-packages/airflow/example_dags/example_kubernetes_executor.py for tasks to queue
[2025-06-25T20:15:53.385-0400] {logging_mixin.py:188} INFO - [2025-06-25T20:15:53.385-0400] {dagbag.py:545} INFO - Filling up the DagBag from /opt/anaconda3/envs/airflow_env/lib/python3.10/site-packages/airflow/example_dags/example_kubernetes_executor.py
[2025-06-25T20:15:53.398-0400] {logging_mixin.py:188} INFO - [2025-06-25T20:15:53.398-0400] {example_kubernetes_executor.py:39} WARNING - The example_kubernetes_executor example DAG requires the kubernetes provider. Please install it with: pip install apache-airflow[cncf.kubernetes]
[2025-06-25T20:15:53.398-0400] {processor.py:842} WARNING - No viable dags retrieved from /opt/anaconda3/envs/airflow_env/lib/python3.10/site-packages/airflow/example_dags/example_kubernetes_executor.py
[2025-06-25T20:15:53.427-0400] {processor.py:183} INFO - Processing /opt/anaconda3/envs/airflow_env/lib/python3.10/site-packages/airflow/example_dags/example_kubernetes_executor.py took 0.044 seconds
[2025-06-25T20:16:14.663-0400] {processor.py:161} INFO - Started process (PID=62139) to work on /opt/anaconda3/envs/airflow_env/lib/python3.10/site-packages/airflow/example_dags/example_kubernetes_executor.py
[2025-06-25T20:16:14.663-0400] {processor.py:830} INFO - Processing file /opt/anaconda3/envs/airflow_env/lib/python3.10/site-packages/airflow/example_dags/example_kubernetes_executor.py for tasks to queue
[2025-06-25T20:16:14.663-0400] {logging_mixin.py:188} INFO - [2025-06-25T20:16:14.663-0400] {dagbag.py:545} INFO - Filling up the DagBag from /opt/anaconda3/envs/airflow_env/lib/python3.10/site-packages/airflow/example_dags/example_kubernetes_executor.py
[2025-06-25T20:16:14.678-0400] {logging_mixin.py:188} INFO - [2025-06-25T20:16:14.678-0400] {example_kubernetes_executor.py:39} WARNING - The example_kubernetes_executor example DAG requires the kubernetes provider. Please install it with: pip install apache-airflow[cncf.kubernetes]
[2025-06-25T20:16:14.678-0400] {processor.py:842} WARNING - No viable dags retrieved from /opt/anaconda3/envs/airflow_env/lib/python3.10/site-packages/airflow/example_dags/example_kubernetes_executor.py
[2025-06-25T20:16:14.706-0400] {processor.py:183} INFO - Processing /opt/anaconda3/envs/airflow_env/lib/python3.10/site-packages/airflow/example_dags/example_kubernetes_executor.py took 0.046 seconds
[2025-06-25T20:17:28.920-0400] {processor.py:161} INFO - Started process (PID=62264) to work on /opt/anaconda3/envs/airflow_env/lib/python3.10/site-packages/airflow/example_dags/example_kubernetes_executor.py
[2025-06-25T20:17:28.921-0400] {processor.py:830} INFO - Processing file /opt/anaconda3/envs/airflow_env/lib/python3.10/site-packages/airflow/example_dags/example_kubernetes_executor.py for tasks to queue
[2025-06-25T20:17:28.921-0400] {logging_mixin.py:188} INFO - [2025-06-25T20:17:28.921-0400] {dagbag.py:545} INFO - Filling up the DagBag from /opt/anaconda3/envs/airflow_env/lib/python3.10/site-packages/airflow/example_dags/example_kubernetes_executor.py
[2025-06-25T20:17:28.934-0400] {logging_mixin.py:188} INFO - [2025-06-25T20:17:28.934-0400] {example_kubernetes_executor.py:39} WARNING - The example_kubernetes_executor example DAG requires the kubernetes provider. Please install it with: pip install apache-airflow[cncf.kubernetes]
[2025-06-25T20:17:28.934-0400] {processor.py:842} WARNING - No viable dags retrieved from /opt/anaconda3/envs/airflow_env/lib/python3.10/site-packages/airflow/example_dags/example_kubernetes_executor.py
[2025-06-25T20:17:28.963-0400] {processor.py:183} INFO - Processing /opt/anaconda3/envs/airflow_env/lib/python3.10/site-packages/airflow/example_dags/example_kubernetes_executor.py took 0.044 seconds
[2025-06-25T20:17:54.440-0400] {processor.py:161} INFO - Started process (PID=62303) to work on /opt/anaconda3/envs/airflow_env/lib/python3.10/site-packages/airflow/example_dags/example_kubernetes_executor.py
[2025-06-25T20:17:54.441-0400] {processor.py:830} INFO - Processing file /opt/anaconda3/envs/airflow_env/lib/python3.10/site-packages/airflow/example_dags/example_kubernetes_executor.py for tasks to queue
[2025-06-25T20:17:54.441-0400] {logging_mixin.py:188} INFO - [2025-06-25T20:17:54.441-0400] {dagbag.py:545} INFO - Filling up the DagBag from /opt/anaconda3/envs/airflow_env/lib/python3.10/site-packages/airflow/example_dags/example_kubernetes_executor.py
[2025-06-25T20:17:54.453-0400] {logging_mixin.py:188} INFO - [2025-06-25T20:17:54.453-0400] {example_kubernetes_executor.py:39} WARNING - The example_kubernetes_executor example DAG requires the kubernetes provider. Please install it with: pip install apache-airflow[cncf.kubernetes]
[2025-06-25T20:17:54.453-0400] {processor.py:842} WARNING - No viable dags retrieved from /opt/anaconda3/envs/airflow_env/lib/python3.10/site-packages/airflow/example_dags/example_kubernetes_executor.py
[2025-06-25T20:17:54.479-0400] {processor.py:183} INFO - Processing /opt/anaconda3/envs/airflow_env/lib/python3.10/site-packages/airflow/example_dags/example_kubernetes_executor.py took 0.040 seconds
[2025-06-25T20:19:40.999-0400] {processor.py:161} INFO - Started process (PID=62510) to work on /opt/anaconda3/envs/airflow_env/lib/python3.10/site-packages/airflow/example_dags/example_kubernetes_executor.py
[2025-06-25T20:19:40.999-0400] {processor.py:830} INFO - Processing file /opt/anaconda3/envs/airflow_env/lib/python3.10/site-packages/airflow/example_dags/example_kubernetes_executor.py for tasks to queue
[2025-06-25T20:19:41.000-0400] {logging_mixin.py:188} INFO - [2025-06-25T20:19:40.999-0400] {dagbag.py:545} INFO - Filling up the DagBag from /opt/anaconda3/envs/airflow_env/lib/python3.10/site-packages/airflow/example_dags/example_kubernetes_executor.py
[2025-06-25T20:19:41.013-0400] {logging_mixin.py:188} INFO - [2025-06-25T20:19:41.013-0400] {example_kubernetes_executor.py:39} WARNING - The example_kubernetes_executor example DAG requires the kubernetes provider. Please install it with: pip install apache-airflow[cncf.kubernetes]
[2025-06-25T20:19:41.013-0400] {processor.py:842} WARNING - No viable dags retrieved from /opt/anaconda3/envs/airflow_env/lib/python3.10/site-packages/airflow/example_dags/example_kubernetes_executor.py
[2025-06-25T20:19:41.043-0400] {processor.py:183} INFO - Processing /opt/anaconda3/envs/airflow_env/lib/python3.10/site-packages/airflow/example_dags/example_kubernetes_executor.py took 0.046 seconds
[2025-06-25T20:20:11.231-0400] {processor.py:161} INFO - Started process (PID=62577) to work on /opt/anaconda3/envs/airflow_env/lib/python3.10/site-packages/airflow/example_dags/example_kubernetes_executor.py
[2025-06-25T20:20:11.231-0400] {processor.py:830} INFO - Processing file /opt/anaconda3/envs/airflow_env/lib/python3.10/site-packages/airflow/example_dags/example_kubernetes_executor.py for tasks to queue
[2025-06-25T20:20:11.231-0400] {logging_mixin.py:188} INFO - [2025-06-25T20:20:11.231-0400] {dagbag.py:545} INFO - Filling up the DagBag from /opt/anaconda3/envs/airflow_env/lib/python3.10/site-packages/airflow/example_dags/example_kubernetes_executor.py
[2025-06-25T20:20:11.244-0400] {logging_mixin.py:188} INFO - [2025-06-25T20:20:11.244-0400] {example_kubernetes_executor.py:39} WARNING - The example_kubernetes_executor example DAG requires the kubernetes provider. Please install it with: pip install apache-airflow[cncf.kubernetes]
[2025-06-25T20:20:11.244-0400] {processor.py:842} WARNING - No viable dags retrieved from /opt/anaconda3/envs/airflow_env/lib/python3.10/site-packages/airflow/example_dags/example_kubernetes_executor.py
[2025-06-25T20:20:11.272-0400] {processor.py:183} INFO - Processing /opt/anaconda3/envs/airflow_env/lib/python3.10/site-packages/airflow/example_dags/example_kubernetes_executor.py took 0.043 seconds
[2025-06-25T20:21:19.262-0400] {processor.py:161} INFO - Started process (PID=62685) to work on /opt/anaconda3/envs/airflow_env/lib/python3.10/site-packages/airflow/example_dags/example_kubernetes_executor.py
[2025-06-25T20:21:19.262-0400] {processor.py:830} INFO - Processing file /opt/anaconda3/envs/airflow_env/lib/python3.10/site-packages/airflow/example_dags/example_kubernetes_executor.py for tasks to queue
[2025-06-25T20:21:19.263-0400] {logging_mixin.py:188} INFO - [2025-06-25T20:21:19.262-0400] {dagbag.py:545} INFO - Filling up the DagBag from /opt/anaconda3/envs/airflow_env/lib/python3.10/site-packages/airflow/example_dags/example_kubernetes_executor.py
[2025-06-25T20:21:19.274-0400] {logging_mixin.py:188} INFO - [2025-06-25T20:21:19.274-0400] {example_kubernetes_executor.py:39} WARNING - The example_kubernetes_executor example DAG requires the kubernetes provider. Please install it with: pip install apache-airflow[cncf.kubernetes]
[2025-06-25T20:21:19.274-0400] {processor.py:842} WARNING - No viable dags retrieved from /opt/anaconda3/envs/airflow_env/lib/python3.10/site-packages/airflow/example_dags/example_kubernetes_executor.py
[2025-06-25T20:21:19.301-0400] {processor.py:183} INFO - Processing /opt/anaconda3/envs/airflow_env/lib/python3.10/site-packages/airflow/example_dags/example_kubernetes_executor.py took 0.041 seconds
[2025-06-25T20:21:50.948-0400] {processor.py:161} INFO - Started process (PID=62730) to work on /opt/anaconda3/envs/airflow_env/lib/python3.10/site-packages/airflow/example_dags/example_kubernetes_executor.py
[2025-06-25T20:21:50.948-0400] {processor.py:830} INFO - Processing file /opt/anaconda3/envs/airflow_env/lib/python3.10/site-packages/airflow/example_dags/example_kubernetes_executor.py for tasks to queue
[2025-06-25T20:21:50.948-0400] {logging_mixin.py:188} INFO - [2025-06-25T20:21:50.948-0400] {dagbag.py:545} INFO - Filling up the DagBag from /opt/anaconda3/envs/airflow_env/lib/python3.10/site-packages/airflow/example_dags/example_kubernetes_executor.py
[2025-06-25T20:21:50.961-0400] {logging_mixin.py:188} INFO - [2025-06-25T20:21:50.961-0400] {example_kubernetes_executor.py:39} WARNING - The example_kubernetes_executor example DAG requires the kubernetes provider. Please install it with: pip install apache-airflow[cncf.kubernetes]
[2025-06-25T20:21:50.961-0400] {processor.py:842} WARNING - No viable dags retrieved from /opt/anaconda3/envs/airflow_env/lib/python3.10/site-packages/airflow/example_dags/example_kubernetes_executor.py
[2025-06-25T20:21:50.988-0400] {processor.py:183} INFO - Processing /opt/anaconda3/envs/airflow_env/lib/python3.10/site-packages/airflow/example_dags/example_kubernetes_executor.py took 0.042 seconds
[2025-06-25T20:22:54.583-0400] {processor.py:161} INFO - Started process (PID=62857) to work on /opt/anaconda3/envs/airflow_env/lib/python3.10/site-packages/airflow/example_dags/example_kubernetes_executor.py
[2025-06-25T20:22:54.584-0400] {processor.py:830} INFO - Processing file /opt/anaconda3/envs/airflow_env/lib/python3.10/site-packages/airflow/example_dags/example_kubernetes_executor.py for tasks to queue
[2025-06-25T20:22:54.584-0400] {logging_mixin.py:188} INFO - [2025-06-25T20:22:54.584-0400] {dagbag.py:545} INFO - Filling up the DagBag from /opt/anaconda3/envs/airflow_env/lib/python3.10/site-packages/airflow/example_dags/example_kubernetes_executor.py
[2025-06-25T20:22:54.597-0400] {logging_mixin.py:188} INFO - [2025-06-25T20:22:54.597-0400] {example_kubernetes_executor.py:39} WARNING - The example_kubernetes_executor example DAG requires the kubernetes provider. Please install it with: pip install apache-airflow[cncf.kubernetes]
[2025-06-25T20:22:54.598-0400] {processor.py:842} WARNING - No viable dags retrieved from /opt/anaconda3/envs/airflow_env/lib/python3.10/site-packages/airflow/example_dags/example_kubernetes_executor.py
[2025-06-25T20:22:54.627-0400] {processor.py:183} INFO - Processing /opt/anaconda3/envs/airflow_env/lib/python3.10/site-packages/airflow/example_dags/example_kubernetes_executor.py took 0.046 seconds
[2025-06-25T20:23:29.997-0400] {processor.py:161} INFO - Started process (PID=62939) to work on /opt/anaconda3/envs/airflow_env/lib/python3.10/site-packages/airflow/example_dags/example_kubernetes_executor.py
[2025-06-25T20:23:29.998-0400] {processor.py:830} INFO - Processing file /opt/anaconda3/envs/airflow_env/lib/python3.10/site-packages/airflow/example_dags/example_kubernetes_executor.py for tasks to queue
[2025-06-25T20:23:29.998-0400] {logging_mixin.py:188} INFO - [2025-06-25T20:23:29.998-0400] {dagbag.py:545} INFO - Filling up the DagBag from /opt/anaconda3/envs/airflow_env/lib/python3.10/site-packages/airflow/example_dags/example_kubernetes_executor.py
[2025-06-25T20:23:30.011-0400] {logging_mixin.py:188} INFO - [2025-06-25T20:23:30.011-0400] {example_kubernetes_executor.py:39} WARNING - The example_kubernetes_executor example DAG requires the kubernetes provider. Please install it with: pip install apache-airflow[cncf.kubernetes]
[2025-06-25T20:23:30.011-0400] {processor.py:842} WARNING - No viable dags retrieved from /opt/anaconda3/envs/airflow_env/lib/python3.10/site-packages/airflow/example_dags/example_kubernetes_executor.py
[2025-06-25T20:23:30.037-0400] {processor.py:183} INFO - Processing /opt/anaconda3/envs/airflow_env/lib/python3.10/site-packages/airflow/example_dags/example_kubernetes_executor.py took 0.042 seconds
[2025-06-25T20:24:40.016-0400] {processor.py:161} INFO - Started process (PID=63061) to work on /opt/anaconda3/envs/airflow_env/lib/python3.10/site-packages/airflow/example_dags/example_kubernetes_executor.py
[2025-06-25T20:24:40.016-0400] {processor.py:830} INFO - Processing file /opt/anaconda3/envs/airflow_env/lib/python3.10/site-packages/airflow/example_dags/example_kubernetes_executor.py for tasks to queue
[2025-06-25T20:24:40.016-0400] {logging_mixin.py:188} INFO - [2025-06-25T20:24:40.016-0400] {dagbag.py:545} INFO - Filling up the DagBag from /opt/anaconda3/envs/airflow_env/lib/python3.10/site-packages/airflow/example_dags/example_kubernetes_executor.py
[2025-06-25T20:24:40.031-0400] {logging_mixin.py:188} INFO - [2025-06-25T20:24:40.031-0400] {example_kubernetes_executor.py:39} WARNING - The example_kubernetes_executor example DAG requires the kubernetes provider. Please install it with: pip install apache-airflow[cncf.kubernetes]
[2025-06-25T20:24:40.031-0400] {processor.py:842} WARNING - No viable dags retrieved from /opt/anaconda3/envs/airflow_env/lib/python3.10/site-packages/airflow/example_dags/example_kubernetes_executor.py
[2025-06-25T20:24:40.060-0400] {processor.py:183} INFO - Processing /opt/anaconda3/envs/airflow_env/lib/python3.10/site-packages/airflow/example_dags/example_kubernetes_executor.py took 0.047 seconds
[2025-06-25T20:25:50.577-0400] {processor.py:161} INFO - Started process (PID=63198) to work on /opt/anaconda3/envs/airflow_env/lib/python3.10/site-packages/airflow/example_dags/example_kubernetes_executor.py
[2025-06-25T20:25:50.577-0400] {processor.py:830} INFO - Processing file /opt/anaconda3/envs/airflow_env/lib/python3.10/site-packages/airflow/example_dags/example_kubernetes_executor.py for tasks to queue
[2025-06-25T20:25:50.578-0400] {logging_mixin.py:188} INFO - [2025-06-25T20:25:50.578-0400] {dagbag.py:545} INFO - Filling up the DagBag from /opt/anaconda3/envs/airflow_env/lib/python3.10/site-packages/airflow/example_dags/example_kubernetes_executor.py
[2025-06-25T20:25:50.590-0400] {logging_mixin.py:188} INFO - [2025-06-25T20:25:50.590-0400] {example_kubernetes_executor.py:39} WARNING - The example_kubernetes_executor example DAG requires the kubernetes provider. Please install it with: pip install apache-airflow[cncf.kubernetes]
[2025-06-25T20:25:50.590-0400] {processor.py:842} WARNING - No viable dags retrieved from /opt/anaconda3/envs/airflow_env/lib/python3.10/site-packages/airflow/example_dags/example_kubernetes_executor.py
[2025-06-25T20:25:50.617-0400] {processor.py:183} INFO - Processing /opt/anaconda3/envs/airflow_env/lib/python3.10/site-packages/airflow/example_dags/example_kubernetes_executor.py took 0.042 seconds
[2025-06-25T20:26:20.685-0400] {processor.py:161} INFO - Started process (PID=63257) to work on /opt/anaconda3/envs/airflow_env/lib/python3.10/site-packages/airflow/example_dags/example_kubernetes_executor.py
[2025-06-25T20:26:20.685-0400] {processor.py:830} INFO - Processing file /opt/anaconda3/envs/airflow_env/lib/python3.10/site-packages/airflow/example_dags/example_kubernetes_executor.py for tasks to queue
[2025-06-25T20:26:20.686-0400] {logging_mixin.py:188} INFO - [2025-06-25T20:26:20.686-0400] {dagbag.py:545} INFO - Filling up the DagBag from /opt/anaconda3/envs/airflow_env/lib/python3.10/site-packages/airflow/example_dags/example_kubernetes_executor.py
[2025-06-25T20:26:20.699-0400] {logging_mixin.py:188} INFO - [2025-06-25T20:26:20.699-0400] {example_kubernetes_executor.py:39} WARNING - The example_kubernetes_executor example DAG requires the kubernetes provider. Please install it with: pip install apache-airflow[cncf.kubernetes]
[2025-06-25T20:26:20.699-0400] {processor.py:842} WARNING - No viable dags retrieved from /opt/anaconda3/envs/airflow_env/lib/python3.10/site-packages/airflow/example_dags/example_kubernetes_executor.py
[2025-06-25T20:26:20.727-0400] {processor.py:183} INFO - Processing /opt/anaconda3/envs/airflow_env/lib/python3.10/site-packages/airflow/example_dags/example_kubernetes_executor.py took 0.045 seconds
[2025-06-25T20:27:26.435-0400] {processor.py:161} INFO - Started process (PID=63388) to work on /opt/anaconda3/envs/airflow_env/lib/python3.10/site-packages/airflow/example_dags/example_kubernetes_executor.py
[2025-06-25T20:27:26.435-0400] {processor.py:830} INFO - Processing file /opt/anaconda3/envs/airflow_env/lib/python3.10/site-packages/airflow/example_dags/example_kubernetes_executor.py for tasks to queue
[2025-06-25T20:27:26.435-0400] {logging_mixin.py:188} INFO - [2025-06-25T20:27:26.435-0400] {dagbag.py:545} INFO - Filling up the DagBag from /opt/anaconda3/envs/airflow_env/lib/python3.10/site-packages/airflow/example_dags/example_kubernetes_executor.py
[2025-06-25T20:27:26.450-0400] {logging_mixin.py:188} INFO - [2025-06-25T20:27:26.449-0400] {example_kubernetes_executor.py:39} WARNING - The example_kubernetes_executor example DAG requires the kubernetes provider. Please install it with: pip install apache-airflow[cncf.kubernetes]
[2025-06-25T20:27:26.450-0400] {processor.py:842} WARNING - No viable dags retrieved from /opt/anaconda3/envs/airflow_env/lib/python3.10/site-packages/airflow/example_dags/example_kubernetes_executor.py
[2025-06-25T20:27:26.478-0400] {processor.py:183} INFO - Processing /opt/anaconda3/envs/airflow_env/lib/python3.10/site-packages/airflow/example_dags/example_kubernetes_executor.py took 0.045 seconds
[2025-06-25T20:27:58.783-0400] {processor.py:161} INFO - Started process (PID=63453) to work on /opt/anaconda3/envs/airflow_env/lib/python3.10/site-packages/airflow/example_dags/example_kubernetes_executor.py
[2025-06-25T20:27:58.783-0400] {processor.py:830} INFO - Processing file /opt/anaconda3/envs/airflow_env/lib/python3.10/site-packages/airflow/example_dags/example_kubernetes_executor.py for tasks to queue
[2025-06-25T20:27:58.783-0400] {logging_mixin.py:188} INFO - [2025-06-25T20:27:58.783-0400] {dagbag.py:545} INFO - Filling up the DagBag from /opt/anaconda3/envs/airflow_env/lib/python3.10/site-packages/airflow/example_dags/example_kubernetes_executor.py
[2025-06-25T20:27:58.797-0400] {logging_mixin.py:188} INFO - [2025-06-25T20:27:58.797-0400] {example_kubernetes_executor.py:39} WARNING - The example_kubernetes_executor example DAG requires the kubernetes provider. Please install it with: pip install apache-airflow[cncf.kubernetes]
[2025-06-25T20:27:58.797-0400] {processor.py:842} WARNING - No viable dags retrieved from /opt/anaconda3/envs/airflow_env/lib/python3.10/site-packages/airflow/example_dags/example_kubernetes_executor.py
[2025-06-25T20:27:58.827-0400] {processor.py:183} INFO - Processing /opt/anaconda3/envs/airflow_env/lib/python3.10/site-packages/airflow/example_dags/example_kubernetes_executor.py took 0.046 seconds
[2025-06-25T20:29:05.497-0400] {processor.py:161} INFO - Started process (PID=63605) to work on /opt/anaconda3/envs/airflow_env/lib/python3.10/site-packages/airflow/example_dags/example_kubernetes_executor.py
[2025-06-25T20:29:05.497-0400] {processor.py:830} INFO - Processing file /opt/anaconda3/envs/airflow_env/lib/python3.10/site-packages/airflow/example_dags/example_kubernetes_executor.py for tasks to queue
[2025-06-25T20:29:05.498-0400] {logging_mixin.py:188} INFO - [2025-06-25T20:29:05.497-0400] {dagbag.py:545} INFO - Filling up the DagBag from /opt/anaconda3/envs/airflow_env/lib/python3.10/site-packages/airflow/example_dags/example_kubernetes_executor.py
[2025-06-25T20:29:05.510-0400] {logging_mixin.py:188} INFO - [2025-06-25T20:29:05.510-0400] {example_kubernetes_executor.py:39} WARNING - The example_kubernetes_executor example DAG requires the kubernetes provider. Please install it with: pip install apache-airflow[cncf.kubernetes]
[2025-06-25T20:29:05.510-0400] {processor.py:842} WARNING - No viable dags retrieved from /opt/anaconda3/envs/airflow_env/lib/python3.10/site-packages/airflow/example_dags/example_kubernetes_executor.py
[2025-06-25T20:29:05.536-0400] {processor.py:183} INFO - Processing /opt/anaconda3/envs/airflow_env/lib/python3.10/site-packages/airflow/example_dags/example_kubernetes_executor.py took 0.041 seconds
[2025-06-25T20:29:37.289-0400] {processor.py:161} INFO - Started process (PID=63685) to work on /opt/anaconda3/envs/airflow_env/lib/python3.10/site-packages/airflow/example_dags/example_kubernetes_executor.py
[2025-06-25T20:29:37.289-0400] {processor.py:830} INFO - Processing file /opt/anaconda3/envs/airflow_env/lib/python3.10/site-packages/airflow/example_dags/example_kubernetes_executor.py for tasks to queue
[2025-06-25T20:29:37.289-0400] {logging_mixin.py:188} INFO - [2025-06-25T20:29:37.289-0400] {dagbag.py:545} INFO - Filling up the DagBag from /opt/anaconda3/envs/airflow_env/lib/python3.10/site-packages/airflow/example_dags/example_kubernetes_executor.py
[2025-06-25T20:29:37.301-0400] {logging_mixin.py:188} INFO - [2025-06-25T20:29:37.301-0400] {example_kubernetes_executor.py:39} WARNING - The example_kubernetes_executor example DAG requires the kubernetes provider. Please install it with: pip install apache-airflow[cncf.kubernetes]
[2025-06-25T20:29:37.301-0400] {processor.py:842} WARNING - No viable dags retrieved from /opt/anaconda3/envs/airflow_env/lib/python3.10/site-packages/airflow/example_dags/example_kubernetes_executor.py
[2025-06-25T20:29:37.328-0400] {processor.py:183} INFO - Processing /opt/anaconda3/envs/airflow_env/lib/python3.10/site-packages/airflow/example_dags/example_kubernetes_executor.py took 0.040 seconds
[2025-06-25T20:31:29.844-0400] {processor.py:161} INFO - Started process (PID=63956) to work on /opt/anaconda3/envs/airflow_env/lib/python3.10/site-packages/airflow/example_dags/example_kubernetes_executor.py
[2025-06-25T20:31:29.844-0400] {processor.py:830} INFO - Processing file /opt/anaconda3/envs/airflow_env/lib/python3.10/site-packages/airflow/example_dags/example_kubernetes_executor.py for tasks to queue
[2025-06-25T20:31:29.844-0400] {logging_mixin.py:188} INFO - [2025-06-25T20:31:29.844-0400] {dagbag.py:545} INFO - Filling up the DagBag from /opt/anaconda3/envs/airflow_env/lib/python3.10/site-packages/airflow/example_dags/example_kubernetes_executor.py
[2025-06-25T20:31:29.857-0400] {logging_mixin.py:188} INFO - [2025-06-25T20:31:29.857-0400] {example_kubernetes_executor.py:39} WARNING - The example_kubernetes_executor example DAG requires the kubernetes provider. Please install it with: pip install apache-airflow[cncf.kubernetes]
[2025-06-25T20:31:29.857-0400] {processor.py:842} WARNING - No viable dags retrieved from /opt/anaconda3/envs/airflow_env/lib/python3.10/site-packages/airflow/example_dags/example_kubernetes_executor.py
[2025-06-25T20:31:29.884-0400] {processor.py:183} INFO - Processing /opt/anaconda3/envs/airflow_env/lib/python3.10/site-packages/airflow/example_dags/example_kubernetes_executor.py took 0.042 seconds
[2025-06-25T20:31:45.205-0400] {processor.py:161} INFO - Started process (PID=63989) to work on /opt/anaconda3/envs/airflow_env/lib/python3.10/site-packages/airflow/example_dags/example_kubernetes_executor.py
[2025-06-25T20:31:45.205-0400] {processor.py:830} INFO - Processing file /opt/anaconda3/envs/airflow_env/lib/python3.10/site-packages/airflow/example_dags/example_kubernetes_executor.py for tasks to queue
[2025-06-25T20:31:45.206-0400] {logging_mixin.py:188} INFO - [2025-06-25T20:31:45.206-0400] {dagbag.py:545} INFO - Filling up the DagBag from /opt/anaconda3/envs/airflow_env/lib/python3.10/site-packages/airflow/example_dags/example_kubernetes_executor.py
[2025-06-25T20:31:45.219-0400] {logging_mixin.py:188} INFO - [2025-06-25T20:31:45.219-0400] {example_kubernetes_executor.py:39} WARNING - The example_kubernetes_executor example DAG requires the kubernetes provider. Please install it with: pip install apache-airflow[cncf.kubernetes]
[2025-06-25T20:31:45.219-0400] {processor.py:842} WARNING - No viable dags retrieved from /opt/anaconda3/envs/airflow_env/lib/python3.10/site-packages/airflow/example_dags/example_kubernetes_executor.py
[2025-06-25T20:31:45.247-0400] {processor.py:183} INFO - Processing /opt/anaconda3/envs/airflow_env/lib/python3.10/site-packages/airflow/example_dags/example_kubernetes_executor.py took 0.044 seconds
[2025-06-25T20:33:36.857-0400] {processor.py:161} INFO - Started process (PID=64186) to work on /opt/anaconda3/envs/airflow_env/lib/python3.10/site-packages/airflow/example_dags/example_kubernetes_executor.py
[2025-06-25T20:33:36.858-0400] {processor.py:830} INFO - Processing file /opt/anaconda3/envs/airflow_env/lib/python3.10/site-packages/airflow/example_dags/example_kubernetes_executor.py for tasks to queue
[2025-06-25T20:33:36.858-0400] {logging_mixin.py:188} INFO - [2025-06-25T20:33:36.858-0400] {dagbag.py:545} INFO - Filling up the DagBag from /opt/anaconda3/envs/airflow_env/lib/python3.10/site-packages/airflow/example_dags/example_kubernetes_executor.py
[2025-06-25T20:33:36.870-0400] {logging_mixin.py:188} INFO - [2025-06-25T20:33:36.870-0400] {example_kubernetes_executor.py:39} WARNING - The example_kubernetes_executor example DAG requires the kubernetes provider. Please install it with: pip install apache-airflow[cncf.kubernetes]
[2025-06-25T20:33:36.870-0400] {processor.py:842} WARNING - No viable dags retrieved from /opt/anaconda3/envs/airflow_env/lib/python3.10/site-packages/airflow/example_dags/example_kubernetes_executor.py
[2025-06-25T20:33:36.898-0400] {processor.py:183} INFO - Processing /opt/anaconda3/envs/airflow_env/lib/python3.10/site-packages/airflow/example_dags/example_kubernetes_executor.py took 0.042 seconds
[2025-06-25T20:34:00.161-0400] {processor.py:161} INFO - Started process (PID=64227) to work on /opt/anaconda3/envs/airflow_env/lib/python3.10/site-packages/airflow/example_dags/example_kubernetes_executor.py
[2025-06-25T20:34:00.161-0400] {processor.py:830} INFO - Processing file /opt/anaconda3/envs/airflow_env/lib/python3.10/site-packages/airflow/example_dags/example_kubernetes_executor.py for tasks to queue
[2025-06-25T20:34:00.161-0400] {logging_mixin.py:188} INFO - [2025-06-25T20:34:00.161-0400] {dagbag.py:545} INFO - Filling up the DagBag from /opt/anaconda3/envs/airflow_env/lib/python3.10/site-packages/airflow/example_dags/example_kubernetes_executor.py
[2025-06-25T20:34:00.173-0400] {logging_mixin.py:188} INFO - [2025-06-25T20:34:00.173-0400] {example_kubernetes_executor.py:39} WARNING - The example_kubernetes_executor example DAG requires the kubernetes provider. Please install it with: pip install apache-airflow[cncf.kubernetes]
[2025-06-25T20:34:00.173-0400] {processor.py:842} WARNING - No viable dags retrieved from /opt/anaconda3/envs/airflow_env/lib/python3.10/site-packages/airflow/example_dags/example_kubernetes_executor.py
[2025-06-25T20:34:00.200-0400] {processor.py:183} INFO - Processing /opt/anaconda3/envs/airflow_env/lib/python3.10/site-packages/airflow/example_dags/example_kubernetes_executor.py took 0.041 seconds
[2025-06-25T20:35:18.013-0400] {processor.py:161} INFO - Started process (PID=64370) to work on /opt/anaconda3/envs/airflow_env/lib/python3.10/site-packages/airflow/example_dags/example_kubernetes_executor.py
[2025-06-25T20:35:18.014-0400] {processor.py:830} INFO - Processing file /opt/anaconda3/envs/airflow_env/lib/python3.10/site-packages/airflow/example_dags/example_kubernetes_executor.py for tasks to queue
[2025-06-25T20:35:18.014-0400] {logging_mixin.py:188} INFO - [2025-06-25T20:35:18.014-0400] {dagbag.py:545} INFO - Filling up the DagBag from /opt/anaconda3/envs/airflow_env/lib/python3.10/site-packages/airflow/example_dags/example_kubernetes_executor.py
[2025-06-25T20:35:18.027-0400] {logging_mixin.py:188} INFO - [2025-06-25T20:35:18.027-0400] {example_kubernetes_executor.py:39} WARNING - The example_kubernetes_executor example DAG requires the kubernetes provider. Please install it with: pip install apache-airflow[cncf.kubernetes]
[2025-06-25T20:35:18.027-0400] {processor.py:842} WARNING - No viable dags retrieved from /opt/anaconda3/envs/airflow_env/lib/python3.10/site-packages/airflow/example_dags/example_kubernetes_executor.py
[2025-06-25T20:35:18.055-0400] {processor.py:183} INFO - Processing /opt/anaconda3/envs/airflow_env/lib/python3.10/site-packages/airflow/example_dags/example_kubernetes_executor.py took 0.043 seconds
[2025-06-25T20:35:37.038-0400] {processor.py:161} INFO - Started process (PID=64398) to work on /opt/anaconda3/envs/airflow_env/lib/python3.10/site-packages/airflow/example_dags/example_kubernetes_executor.py
[2025-06-25T20:35:37.039-0400] {processor.py:830} INFO - Processing file /opt/anaconda3/envs/airflow_env/lib/python3.10/site-packages/airflow/example_dags/example_kubernetes_executor.py for tasks to queue
[2025-06-25T20:35:37.039-0400] {logging_mixin.py:188} INFO - [2025-06-25T20:35:37.039-0400] {dagbag.py:545} INFO - Filling up the DagBag from /opt/anaconda3/envs/airflow_env/lib/python3.10/site-packages/airflow/example_dags/example_kubernetes_executor.py
[2025-06-25T20:35:37.052-0400] {logging_mixin.py:188} INFO - [2025-06-25T20:35:37.051-0400] {example_kubernetes_executor.py:39} WARNING - The example_kubernetes_executor example DAG requires the kubernetes provider. Please install it with: pip install apache-airflow[cncf.kubernetes]
[2025-06-25T20:35:37.052-0400] {processor.py:842} WARNING - No viable dags retrieved from /opt/anaconda3/envs/airflow_env/lib/python3.10/site-packages/airflow/example_dags/example_kubernetes_executor.py
[2025-06-25T20:35:37.079-0400] {processor.py:183} INFO - Processing /opt/anaconda3/envs/airflow_env/lib/python3.10/site-packages/airflow/example_dags/example_kubernetes_executor.py took 0.043 seconds
[2025-06-25T20:36:52.625-0400] {processor.py:161} INFO - Started process (PID=64546) to work on /opt/anaconda3/envs/airflow_env/lib/python3.10/site-packages/airflow/example_dags/example_kubernetes_executor.py
[2025-06-25T20:36:52.626-0400] {processor.py:830} INFO - Processing file /opt/anaconda3/envs/airflow_env/lib/python3.10/site-packages/airflow/example_dags/example_kubernetes_executor.py for tasks to queue
[2025-06-25T20:36:52.626-0400] {logging_mixin.py:188} INFO - [2025-06-25T20:36:52.626-0400] {dagbag.py:545} INFO - Filling up the DagBag from /opt/anaconda3/envs/airflow_env/lib/python3.10/site-packages/airflow/example_dags/example_kubernetes_executor.py
[2025-06-25T20:36:52.638-0400] {logging_mixin.py:188} INFO - [2025-06-25T20:36:52.638-0400] {example_kubernetes_executor.py:39} WARNING - The example_kubernetes_executor example DAG requires the kubernetes provider. Please install it with: pip install apache-airflow[cncf.kubernetes]
[2025-06-25T20:36:52.638-0400] {processor.py:842} WARNING - No viable dags retrieved from /opt/anaconda3/envs/airflow_env/lib/python3.10/site-packages/airflow/example_dags/example_kubernetes_executor.py
[2025-06-25T20:36:52.664-0400] {processor.py:183} INFO - Processing /opt/anaconda3/envs/airflow_env/lib/python3.10/site-packages/airflow/example_dags/example_kubernetes_executor.py took 0.041 seconds
[2025-06-25T20:37:15.858-0400] {processor.py:161} INFO - Started process (PID=64595) to work on /opt/anaconda3/envs/airflow_env/lib/python3.10/site-packages/airflow/example_dags/example_kubernetes_executor.py
[2025-06-25T20:37:15.858-0400] {processor.py:830} INFO - Processing file /opt/anaconda3/envs/airflow_env/lib/python3.10/site-packages/airflow/example_dags/example_kubernetes_executor.py for tasks to queue
[2025-06-25T20:37:15.859-0400] {logging_mixin.py:188} INFO - [2025-06-25T20:37:15.858-0400] {dagbag.py:545} INFO - Filling up the DagBag from /opt/anaconda3/envs/airflow_env/lib/python3.10/site-packages/airflow/example_dags/example_kubernetes_executor.py
[2025-06-25T20:37:15.871-0400] {logging_mixin.py:188} INFO - [2025-06-25T20:37:15.871-0400] {example_kubernetes_executor.py:39} WARNING - The example_kubernetes_executor example DAG requires the kubernetes provider. Please install it with: pip install apache-airflow[cncf.kubernetes]
[2025-06-25T20:37:15.872-0400] {processor.py:842} WARNING - No viable dags retrieved from /opt/anaconda3/envs/airflow_env/lib/python3.10/site-packages/airflow/example_dags/example_kubernetes_executor.py
[2025-06-25T20:37:15.903-0400] {processor.py:183} INFO - Processing /opt/anaconda3/envs/airflow_env/lib/python3.10/site-packages/airflow/example_dags/example_kubernetes_executor.py took 0.047 seconds
[2025-06-25T20:38:58.658-0400] {processor.py:161} INFO - Started process (PID=64832) to work on /opt/anaconda3/envs/airflow_env/lib/python3.10/site-packages/airflow/example_dags/example_kubernetes_executor.py
[2025-06-25T20:38:58.659-0400] {processor.py:830} INFO - Processing file /opt/anaconda3/envs/airflow_env/lib/python3.10/site-packages/airflow/example_dags/example_kubernetes_executor.py for tasks to queue
[2025-06-25T20:38:58.659-0400] {logging_mixin.py:188} INFO - [2025-06-25T20:38:58.659-0400] {dagbag.py:545} INFO - Filling up the DagBag from /opt/anaconda3/envs/airflow_env/lib/python3.10/site-packages/airflow/example_dags/example_kubernetes_executor.py
[2025-06-25T20:38:58.672-0400] {logging_mixin.py:188} INFO - [2025-06-25T20:38:58.672-0400] {example_kubernetes_executor.py:39} WARNING - The example_kubernetes_executor example DAG requires the kubernetes provider. Please install it with: pip install apache-airflow[cncf.kubernetes]
[2025-06-25T20:38:58.672-0400] {processor.py:842} WARNING - No viable dags retrieved from /opt/anaconda3/envs/airflow_env/lib/python3.10/site-packages/airflow/example_dags/example_kubernetes_executor.py
[2025-06-25T20:38:58.698-0400] {processor.py:183} INFO - Processing /opt/anaconda3/envs/airflow_env/lib/python3.10/site-packages/airflow/example_dags/example_kubernetes_executor.py took 0.042 seconds
[2025-06-25T20:39:36.183-0400] {processor.py:161} INFO - Started process (PID=64904) to work on /opt/anaconda3/envs/airflow_env/lib/python3.10/site-packages/airflow/example_dags/example_kubernetes_executor.py
[2025-06-25T20:39:36.185-0400] {processor.py:830} INFO - Processing file /opt/anaconda3/envs/airflow_env/lib/python3.10/site-packages/airflow/example_dags/example_kubernetes_executor.py for tasks to queue
[2025-06-25T20:39:36.185-0400] {logging_mixin.py:188} INFO - [2025-06-25T20:39:36.185-0400] {dagbag.py:545} INFO - Filling up the DagBag from /opt/anaconda3/envs/airflow_env/lib/python3.10/site-packages/airflow/example_dags/example_kubernetes_executor.py
[2025-06-25T20:39:36.198-0400] {logging_mixin.py:188} INFO - [2025-06-25T20:39:36.198-0400] {example_kubernetes_executor.py:39} WARNING - The example_kubernetes_executor example DAG requires the kubernetes provider. Please install it with: pip install apache-airflow[cncf.kubernetes]
[2025-06-25T20:39:36.198-0400] {processor.py:842} WARNING - No viable dags retrieved from /opt/anaconda3/envs/airflow_env/lib/python3.10/site-packages/airflow/example_dags/example_kubernetes_executor.py
[2025-06-25T20:39:36.225-0400] {processor.py:183} INFO - Processing /opt/anaconda3/envs/airflow_env/lib/python3.10/site-packages/airflow/example_dags/example_kubernetes_executor.py took 0.044 seconds
[2025-06-25T20:40:33.254-0400] {processor.py:161} INFO - Started process (PID=65024) to work on /opt/anaconda3/envs/airflow_env/lib/python3.10/site-packages/airflow/example_dags/example_kubernetes_executor.py
[2025-06-25T20:40:33.255-0400] {processor.py:830} INFO - Processing file /opt/anaconda3/envs/airflow_env/lib/python3.10/site-packages/airflow/example_dags/example_kubernetes_executor.py for tasks to queue
[2025-06-25T20:40:33.255-0400] {logging_mixin.py:188} INFO - [2025-06-25T20:40:33.255-0400] {dagbag.py:545} INFO - Filling up the DagBag from /opt/anaconda3/envs/airflow_env/lib/python3.10/site-packages/airflow/example_dags/example_kubernetes_executor.py
[2025-06-25T20:40:33.268-0400] {logging_mixin.py:188} INFO - [2025-06-25T20:40:33.268-0400] {example_kubernetes_executor.py:39} WARNING - The example_kubernetes_executor example DAG requires the kubernetes provider. Please install it with: pip install apache-airflow[cncf.kubernetes]
[2025-06-25T20:40:33.268-0400] {processor.py:842} WARNING - No viable dags retrieved from /opt/anaconda3/envs/airflow_env/lib/python3.10/site-packages/airflow/example_dags/example_kubernetes_executor.py
[2025-06-25T20:40:33.297-0400] {processor.py:183} INFO - Processing /opt/anaconda3/envs/airflow_env/lib/python3.10/site-packages/airflow/example_dags/example_kubernetes_executor.py took 0.045 seconds
[2025-06-25T20:41:18.507-0400] {processor.py:161} INFO - Started process (PID=65116) to work on /opt/anaconda3/envs/airflow_env/lib/python3.10/site-packages/airflow/example_dags/example_kubernetes_executor.py
[2025-06-25T20:41:18.508-0400] {processor.py:830} INFO - Processing file /opt/anaconda3/envs/airflow_env/lib/python3.10/site-packages/airflow/example_dags/example_kubernetes_executor.py for tasks to queue
[2025-06-25T20:41:18.508-0400] {logging_mixin.py:188} INFO - [2025-06-25T20:41:18.508-0400] {dagbag.py:545} INFO - Filling up the DagBag from /opt/anaconda3/envs/airflow_env/lib/python3.10/site-packages/airflow/example_dags/example_kubernetes_executor.py
[2025-06-25T20:41:18.521-0400] {logging_mixin.py:188} INFO - [2025-06-25T20:41:18.521-0400] {example_kubernetes_executor.py:39} WARNING - The example_kubernetes_executor example DAG requires the kubernetes provider. Please install it with: pip install apache-airflow[cncf.kubernetes]
[2025-06-25T20:41:18.521-0400] {processor.py:842} WARNING - No viable dags retrieved from /opt/anaconda3/envs/airflow_env/lib/python3.10/site-packages/airflow/example_dags/example_kubernetes_executor.py
[2025-06-25T20:41:18.550-0400] {processor.py:183} INFO - Processing /opt/anaconda3/envs/airflow_env/lib/python3.10/site-packages/airflow/example_dags/example_kubernetes_executor.py took 0.045 seconds
[2025-06-25T20:42:10.939-0400] {processor.py:161} INFO - Started process (PID=65214) to work on /opt/anaconda3/envs/airflow_env/lib/python3.10/site-packages/airflow/example_dags/example_kubernetes_executor.py
[2025-06-25T20:42:10.939-0400] {processor.py:830} INFO - Processing file /opt/anaconda3/envs/airflow_env/lib/python3.10/site-packages/airflow/example_dags/example_kubernetes_executor.py for tasks to queue
[2025-06-25T20:42:10.940-0400] {logging_mixin.py:188} INFO - [2025-06-25T20:42:10.940-0400] {dagbag.py:545} INFO - Filling up the DagBag from /opt/anaconda3/envs/airflow_env/lib/python3.10/site-packages/airflow/example_dags/example_kubernetes_executor.py
[2025-06-25T20:42:10.952-0400] {logging_mixin.py:188} INFO - [2025-06-25T20:42:10.952-0400] {example_kubernetes_executor.py:39} WARNING - The example_kubernetes_executor example DAG requires the kubernetes provider. Please install it with: pip install apache-airflow[cncf.kubernetes]
[2025-06-25T20:42:10.952-0400] {processor.py:842} WARNING - No viable dags retrieved from /opt/anaconda3/envs/airflow_env/lib/python3.10/site-packages/airflow/example_dags/example_kubernetes_executor.py
[2025-06-25T20:42:10.980-0400] {processor.py:183} INFO - Processing /opt/anaconda3/envs/airflow_env/lib/python3.10/site-packages/airflow/example_dags/example_kubernetes_executor.py took 0.043 seconds
[2025-06-25T20:42:55.942-0400] {processor.py:161} INFO - Started process (PID=65320) to work on /opt/anaconda3/envs/airflow_env/lib/python3.10/site-packages/airflow/example_dags/example_kubernetes_executor.py
[2025-06-25T20:42:55.943-0400] {processor.py:830} INFO - Processing file /opt/anaconda3/envs/airflow_env/lib/python3.10/site-packages/airflow/example_dags/example_kubernetes_executor.py for tasks to queue
[2025-06-25T20:42:55.943-0400] {logging_mixin.py:188} INFO - [2025-06-25T20:42:55.943-0400] {dagbag.py:545} INFO - Filling up the DagBag from /opt/anaconda3/envs/airflow_env/lib/python3.10/site-packages/airflow/example_dags/example_kubernetes_executor.py
[2025-06-25T20:42:55.955-0400] {logging_mixin.py:188} INFO - [2025-06-25T20:42:55.955-0400] {example_kubernetes_executor.py:39} WARNING - The example_kubernetes_executor example DAG requires the kubernetes provider. Please install it with: pip install apache-airflow[cncf.kubernetes]
[2025-06-25T20:42:55.955-0400] {processor.py:842} WARNING - No viable dags retrieved from /opt/anaconda3/envs/airflow_env/lib/python3.10/site-packages/airflow/example_dags/example_kubernetes_executor.py
[2025-06-25T20:42:55.982-0400] {processor.py:183} INFO - Processing /opt/anaconda3/envs/airflow_env/lib/python3.10/site-packages/airflow/example_dags/example_kubernetes_executor.py took 0.042 seconds
[2025-06-25T20:43:51.594-0400] {processor.py:161} INFO - Started process (PID=65476) to work on /opt/anaconda3/envs/airflow_env/lib/python3.10/site-packages/airflow/example_dags/example_kubernetes_executor.py
[2025-06-25T20:43:51.595-0400] {processor.py:830} INFO - Processing file /opt/anaconda3/envs/airflow_env/lib/python3.10/site-packages/airflow/example_dags/example_kubernetes_executor.py for tasks to queue
[2025-06-25T20:43:51.595-0400] {logging_mixin.py:188} INFO - [2025-06-25T20:43:51.595-0400] {dagbag.py:545} INFO - Filling up the DagBag from /opt/anaconda3/envs/airflow_env/lib/python3.10/site-packages/airflow/example_dags/example_kubernetes_executor.py
[2025-06-25T20:43:51.609-0400] {logging_mixin.py:188} INFO - [2025-06-25T20:43:51.609-0400] {example_kubernetes_executor.py:39} WARNING - The example_kubernetes_executor example DAG requires the kubernetes provider. Please install it with: pip install apache-airflow[cncf.kubernetes]
[2025-06-25T20:43:51.609-0400] {processor.py:842} WARNING - No viable dags retrieved from /opt/anaconda3/envs/airflow_env/lib/python3.10/site-packages/airflow/example_dags/example_kubernetes_executor.py
[2025-06-25T20:43:51.638-0400] {processor.py:183} INFO - Processing /opt/anaconda3/envs/airflow_env/lib/python3.10/site-packages/airflow/example_dags/example_kubernetes_executor.py took 0.046 seconds
[2025-06-25T20:44:32.767-0400] {processor.py:161} INFO - Started process (PID=65577) to work on /opt/anaconda3/envs/airflow_env/lib/python3.10/site-packages/airflow/example_dags/example_kubernetes_executor.py
[2025-06-25T20:44:32.768-0400] {processor.py:830} INFO - Processing file /opt/anaconda3/envs/airflow_env/lib/python3.10/site-packages/airflow/example_dags/example_kubernetes_executor.py for tasks to queue
[2025-06-25T20:44:32.768-0400] {logging_mixin.py:188} INFO - [2025-06-25T20:44:32.768-0400] {dagbag.py:545} INFO - Filling up the DagBag from /opt/anaconda3/envs/airflow_env/lib/python3.10/site-packages/airflow/example_dags/example_kubernetes_executor.py
[2025-06-25T20:44:32.783-0400] {logging_mixin.py:188} INFO - [2025-06-25T20:44:32.783-0400] {example_kubernetes_executor.py:39} WARNING - The example_kubernetes_executor example DAG requires the kubernetes provider. Please install it with: pip install apache-airflow[cncf.kubernetes]
[2025-06-25T20:44:32.783-0400] {processor.py:842} WARNING - No viable dags retrieved from /opt/anaconda3/envs/airflow_env/lib/python3.10/site-packages/airflow/example_dags/example_kubernetes_executor.py
[2025-06-25T20:44:32.813-0400] {processor.py:183} INFO - Processing /opt/anaconda3/envs/airflow_env/lib/python3.10/site-packages/airflow/example_dags/example_kubernetes_executor.py took 0.050 seconds
[2025-06-25T20:45:30.474-0400] {processor.py:161} INFO - Started process (PID=65710) to work on /opt/anaconda3/envs/airflow_env/lib/python3.10/site-packages/airflow/example_dags/example_kubernetes_executor.py
[2025-06-25T20:45:30.476-0400] {processor.py:830} INFO - Processing file /opt/anaconda3/envs/airflow_env/lib/python3.10/site-packages/airflow/example_dags/example_kubernetes_executor.py for tasks to queue
[2025-06-25T20:45:30.476-0400] {logging_mixin.py:188} INFO - [2025-06-25T20:45:30.476-0400] {dagbag.py:545} INFO - Filling up the DagBag from /opt/anaconda3/envs/airflow_env/lib/python3.10/site-packages/airflow/example_dags/example_kubernetes_executor.py
[2025-06-25T20:45:30.489-0400] {logging_mixin.py:188} INFO - [2025-06-25T20:45:30.489-0400] {example_kubernetes_executor.py:39} WARNING - The example_kubernetes_executor example DAG requires the kubernetes provider. Please install it with: pip install apache-airflow[cncf.kubernetes]
[2025-06-25T20:45:30.489-0400] {processor.py:842} WARNING - No viable dags retrieved from /opt/anaconda3/envs/airflow_env/lib/python3.10/site-packages/airflow/example_dags/example_kubernetes_executor.py
[2025-06-25T20:45:30.518-0400] {processor.py:183} INFO - Processing /opt/anaconda3/envs/airflow_env/lib/python3.10/site-packages/airflow/example_dags/example_kubernetes_executor.py took 0.046 seconds
[2025-06-25T20:46:50.979-0400] {processor.py:161} INFO - Started process (PID=65885) to work on /opt/anaconda3/envs/airflow_env/lib/python3.10/site-packages/airflow/example_dags/example_kubernetes_executor.py
[2025-06-25T20:46:50.980-0400] {processor.py:830} INFO - Processing file /opt/anaconda3/envs/airflow_env/lib/python3.10/site-packages/airflow/example_dags/example_kubernetes_executor.py for tasks to queue
[2025-06-25T20:46:50.981-0400] {logging_mixin.py:188} INFO - [2025-06-25T20:46:50.981-0400] {dagbag.py:545} INFO - Filling up the DagBag from /opt/anaconda3/envs/airflow_env/lib/python3.10/site-packages/airflow/example_dags/example_kubernetes_executor.py
[2025-06-25T20:46:50.996-0400] {logging_mixin.py:188} INFO - [2025-06-25T20:46:50.996-0400] {example_kubernetes_executor.py:39} WARNING - The example_kubernetes_executor example DAG requires the kubernetes provider. Please install it with: pip install apache-airflow[cncf.kubernetes]
[2025-06-25T20:46:50.996-0400] {processor.py:842} WARNING - No viable dags retrieved from /opt/anaconda3/envs/airflow_env/lib/python3.10/site-packages/airflow/example_dags/example_kubernetes_executor.py
[2025-06-25T20:46:51.031-0400] {processor.py:183} INFO - Processing /opt/anaconda3/envs/airflow_env/lib/python3.10/site-packages/airflow/example_dags/example_kubernetes_executor.py took 0.054 seconds
[2025-06-25T20:47:23.931-0400] {processor.py:161} INFO - Started process (PID=65948) to work on /opt/anaconda3/envs/airflow_env/lib/python3.10/site-packages/airflow/example_dags/example_kubernetes_executor.py
[2025-06-25T20:47:23.932-0400] {processor.py:830} INFO - Processing file /opt/anaconda3/envs/airflow_env/lib/python3.10/site-packages/airflow/example_dags/example_kubernetes_executor.py for tasks to queue
[2025-06-25T20:47:23.932-0400] {logging_mixin.py:188} INFO - [2025-06-25T20:47:23.932-0400] {dagbag.py:545} INFO - Filling up the DagBag from /opt/anaconda3/envs/airflow_env/lib/python3.10/site-packages/airflow/example_dags/example_kubernetes_executor.py
[2025-06-25T20:47:23.947-0400] {logging_mixin.py:188} INFO - [2025-06-25T20:47:23.947-0400] {example_kubernetes_executor.py:39} WARNING - The example_kubernetes_executor example DAG requires the kubernetes provider. Please install it with: pip install apache-airflow[cncf.kubernetes]
[2025-06-25T20:47:23.948-0400] {processor.py:842} WARNING - No viable dags retrieved from /opt/anaconda3/envs/airflow_env/lib/python3.10/site-packages/airflow/example_dags/example_kubernetes_executor.py
[2025-06-25T20:47:23.978-0400] {processor.py:183} INFO - Processing /opt/anaconda3/envs/airflow_env/lib/python3.10/site-packages/airflow/example_dags/example_kubernetes_executor.py took 0.049 seconds
[2025-06-25T20:48:36.936-0400] {processor.py:161} INFO - Started process (PID=66145) to work on /opt/anaconda3/envs/airflow_env/lib/python3.10/site-packages/airflow/example_dags/example_kubernetes_executor.py
[2025-06-25T20:48:36.936-0400] {processor.py:830} INFO - Processing file /opt/anaconda3/envs/airflow_env/lib/python3.10/site-packages/airflow/example_dags/example_kubernetes_executor.py for tasks to queue
[2025-06-25T20:48:36.936-0400] {logging_mixin.py:188} INFO - [2025-06-25T20:48:36.936-0400] {dagbag.py:545} INFO - Filling up the DagBag from /opt/anaconda3/envs/airflow_env/lib/python3.10/site-packages/airflow/example_dags/example_kubernetes_executor.py
[2025-06-25T20:48:36.948-0400] {logging_mixin.py:188} INFO - [2025-06-25T20:48:36.948-0400] {example_kubernetes_executor.py:39} WARNING - The example_kubernetes_executor example DAG requires the kubernetes provider. Please install it with: pip install apache-airflow[cncf.kubernetes]
[2025-06-25T20:48:36.948-0400] {processor.py:842} WARNING - No viable dags retrieved from /opt/anaconda3/envs/airflow_env/lib/python3.10/site-packages/airflow/example_dags/example_kubernetes_executor.py
[2025-06-25T20:48:36.975-0400] {processor.py:183} INFO - Processing /opt/anaconda3/envs/airflow_env/lib/python3.10/site-packages/airflow/example_dags/example_kubernetes_executor.py took 0.041 seconds
[2025-06-25T20:49:11.183-0400] {processor.py:161} INFO - Started process (PID=66216) to work on /opt/anaconda3/envs/airflow_env/lib/python3.10/site-packages/airflow/example_dags/example_kubernetes_executor.py
[2025-06-25T20:49:11.184-0400] {processor.py:830} INFO - Processing file /opt/anaconda3/envs/airflow_env/lib/python3.10/site-packages/airflow/example_dags/example_kubernetes_executor.py for tasks to queue
[2025-06-25T20:49:11.184-0400] {logging_mixin.py:188} INFO - [2025-06-25T20:49:11.184-0400] {dagbag.py:545} INFO - Filling up the DagBag from /opt/anaconda3/envs/airflow_env/lib/python3.10/site-packages/airflow/example_dags/example_kubernetes_executor.py
[2025-06-25T20:49:11.198-0400] {logging_mixin.py:188} INFO - [2025-06-25T20:49:11.198-0400] {example_kubernetes_executor.py:39} WARNING - The example_kubernetes_executor example DAG requires the kubernetes provider. Please install it with: pip install apache-airflow[cncf.kubernetes]
[2025-06-25T20:49:11.198-0400] {processor.py:842} WARNING - No viable dags retrieved from /opt/anaconda3/envs/airflow_env/lib/python3.10/site-packages/airflow/example_dags/example_kubernetes_executor.py
[2025-06-25T20:49:11.228-0400] {processor.py:183} INFO - Processing /opt/anaconda3/envs/airflow_env/lib/python3.10/site-packages/airflow/example_dags/example_kubernetes_executor.py took 0.046 seconds
[2025-06-25T20:50:48.895-0400] {processor.py:161} INFO - Started process (PID=66436) to work on /opt/anaconda3/envs/airflow_env/lib/python3.10/site-packages/airflow/example_dags/example_kubernetes_executor.py
[2025-06-25T20:50:48.895-0400] {processor.py:830} INFO - Processing file /opt/anaconda3/envs/airflow_env/lib/python3.10/site-packages/airflow/example_dags/example_kubernetes_executor.py for tasks to queue
[2025-06-25T20:50:48.895-0400] {logging_mixin.py:188} INFO - [2025-06-25T20:50:48.895-0400] {dagbag.py:545} INFO - Filling up the DagBag from /opt/anaconda3/envs/airflow_env/lib/python3.10/site-packages/airflow/example_dags/example_kubernetes_executor.py
[2025-06-25T20:50:48.910-0400] {logging_mixin.py:188} INFO - [2025-06-25T20:50:48.910-0400] {example_kubernetes_executor.py:39} WARNING - The example_kubernetes_executor example DAG requires the kubernetes provider. Please install it with: pip install apache-airflow[cncf.kubernetes]
[2025-06-25T20:50:48.910-0400] {processor.py:842} WARNING - No viable dags retrieved from /opt/anaconda3/envs/airflow_env/lib/python3.10/site-packages/airflow/example_dags/example_kubernetes_executor.py
[2025-06-25T20:50:48.939-0400] {processor.py:183} INFO - Processing /opt/anaconda3/envs/airflow_env/lib/python3.10/site-packages/airflow/example_dags/example_kubernetes_executor.py took 0.046 seconds
[2025-06-25T20:51:30.542-0400] {processor.py:161} INFO - Started process (PID=66528) to work on /opt/anaconda3/envs/airflow_env/lib/python3.10/site-packages/airflow/example_dags/example_kubernetes_executor.py
[2025-06-25T20:51:30.543-0400] {processor.py:830} INFO - Processing file /opt/anaconda3/envs/airflow_env/lib/python3.10/site-packages/airflow/example_dags/example_kubernetes_executor.py for tasks to queue
[2025-06-25T20:51:30.543-0400] {logging_mixin.py:188} INFO - [2025-06-25T20:51:30.543-0400] {dagbag.py:545} INFO - Filling up the DagBag from /opt/anaconda3/envs/airflow_env/lib/python3.10/site-packages/airflow/example_dags/example_kubernetes_executor.py
[2025-06-25T20:51:30.557-0400] {logging_mixin.py:188} INFO - [2025-06-25T20:51:30.557-0400] {example_kubernetes_executor.py:39} WARNING - The example_kubernetes_executor example DAG requires the kubernetes provider. Please install it with: pip install apache-airflow[cncf.kubernetes]
[2025-06-25T20:51:30.557-0400] {processor.py:842} WARNING - No viable dags retrieved from /opt/anaconda3/envs/airflow_env/lib/python3.10/site-packages/airflow/example_dags/example_kubernetes_executor.py
[2025-06-25T20:51:30.587-0400] {processor.py:183} INFO - Processing /opt/anaconda3/envs/airflow_env/lib/python3.10/site-packages/airflow/example_dags/example_kubernetes_executor.py took 0.046 seconds
[2025-06-25T20:52:59.150-0400] {processor.py:161} INFO - Started process (PID=66719) to work on /opt/anaconda3/envs/airflow_env/lib/python3.10/site-packages/airflow/example_dags/example_kubernetes_executor.py
[2025-06-25T20:52:59.151-0400] {processor.py:830} INFO - Processing file /opt/anaconda3/envs/airflow_env/lib/python3.10/site-packages/airflow/example_dags/example_kubernetes_executor.py for tasks to queue
[2025-06-25T20:52:59.152-0400] {logging_mixin.py:188} INFO - [2025-06-25T20:52:59.152-0400] {dagbag.py:545} INFO - Filling up the DagBag from /opt/anaconda3/envs/airflow_env/lib/python3.10/site-packages/airflow/example_dags/example_kubernetes_executor.py
[2025-06-25T20:52:59.164-0400] {logging_mixin.py:188} INFO - [2025-06-25T20:52:59.164-0400] {example_kubernetes_executor.py:39} WARNING - The example_kubernetes_executor example DAG requires the kubernetes provider. Please install it with: pip install apache-airflow[cncf.kubernetes]
[2025-06-25T20:52:59.164-0400] {processor.py:842} WARNING - No viable dags retrieved from /opt/anaconda3/envs/airflow_env/lib/python3.10/site-packages/airflow/example_dags/example_kubernetes_executor.py
[2025-06-25T20:52:59.192-0400] {processor.py:183} INFO - Processing /opt/anaconda3/envs/airflow_env/lib/python3.10/site-packages/airflow/example_dags/example_kubernetes_executor.py took 0.044 seconds
[2025-06-25T20:53:47.757-0400] {processor.py:161} INFO - Started process (PID=66841) to work on /opt/anaconda3/envs/airflow_env/lib/python3.10/site-packages/airflow/example_dags/example_kubernetes_executor.py
[2025-06-25T20:53:47.758-0400] {processor.py:830} INFO - Processing file /opt/anaconda3/envs/airflow_env/lib/python3.10/site-packages/airflow/example_dags/example_kubernetes_executor.py for tasks to queue
[2025-06-25T20:53:47.759-0400] {logging_mixin.py:188} INFO - [2025-06-25T20:53:47.758-0400] {dagbag.py:545} INFO - Filling up the DagBag from /opt/anaconda3/envs/airflow_env/lib/python3.10/site-packages/airflow/example_dags/example_kubernetes_executor.py
[2025-06-25T20:53:47.772-0400] {logging_mixin.py:188} INFO - [2025-06-25T20:53:47.772-0400] {example_kubernetes_executor.py:39} WARNING - The example_kubernetes_executor example DAG requires the kubernetes provider. Please install it with: pip install apache-airflow[cncf.kubernetes]
[2025-06-25T20:53:47.772-0400] {processor.py:842} WARNING - No viable dags retrieved from /opt/anaconda3/envs/airflow_env/lib/python3.10/site-packages/airflow/example_dags/example_kubernetes_executor.py
[2025-06-25T20:53:47.800-0400] {processor.py:183} INFO - Processing /opt/anaconda3/envs/airflow_env/lib/python3.10/site-packages/airflow/example_dags/example_kubernetes_executor.py took 0.044 seconds
[2025-06-25T20:55:22.750-0400] {processor.py:161} INFO - Started process (PID=67067) to work on /opt/anaconda3/envs/airflow_env/lib/python3.10/site-packages/airflow/example_dags/example_kubernetes_executor.py
[2025-06-25T20:55:22.751-0400] {processor.py:830} INFO - Processing file /opt/anaconda3/envs/airflow_env/lib/python3.10/site-packages/airflow/example_dags/example_kubernetes_executor.py for tasks to queue
[2025-06-25T20:55:22.751-0400] {logging_mixin.py:188} INFO - [2025-06-25T20:55:22.751-0400] {dagbag.py:545} INFO - Filling up the DagBag from /opt/anaconda3/envs/airflow_env/lib/python3.10/site-packages/airflow/example_dags/example_kubernetes_executor.py
[2025-06-25T20:55:22.764-0400] {logging_mixin.py:188} INFO - [2025-06-25T20:55:22.764-0400] {example_kubernetes_executor.py:39} WARNING - The example_kubernetes_executor example DAG requires the kubernetes provider. Please install it with: pip install apache-airflow[cncf.kubernetes]
[2025-06-25T20:55:22.765-0400] {processor.py:842} WARNING - No viable dags retrieved from /opt/anaconda3/envs/airflow_env/lib/python3.10/site-packages/airflow/example_dags/example_kubernetes_executor.py
[2025-06-25T20:55:22.793-0400] {processor.py:183} INFO - Processing /opt/anaconda3/envs/airflow_env/lib/python3.10/site-packages/airflow/example_dags/example_kubernetes_executor.py took 0.045 seconds
[2025-06-25T20:55:43.917-0400] {processor.py:161} INFO - Started process (PID=67105) to work on /opt/anaconda3/envs/airflow_env/lib/python3.10/site-packages/airflow/example_dags/example_kubernetes_executor.py
[2025-06-25T20:55:43.917-0400] {processor.py:830} INFO - Processing file /opt/anaconda3/envs/airflow_env/lib/python3.10/site-packages/airflow/example_dags/example_kubernetes_executor.py for tasks to queue
[2025-06-25T20:55:43.917-0400] {logging_mixin.py:188} INFO - [2025-06-25T20:55:43.917-0400] {dagbag.py:545} INFO - Filling up the DagBag from /opt/anaconda3/envs/airflow_env/lib/python3.10/site-packages/airflow/example_dags/example_kubernetes_executor.py
[2025-06-25T20:55:43.931-0400] {logging_mixin.py:188} INFO - [2025-06-25T20:55:43.931-0400] {example_kubernetes_executor.py:39} WARNING - The example_kubernetes_executor example DAG requires the kubernetes provider. Please install it with: pip install apache-airflow[cncf.kubernetes]
[2025-06-25T20:55:43.931-0400] {processor.py:842} WARNING - No viable dags retrieved from /opt/anaconda3/envs/airflow_env/lib/python3.10/site-packages/airflow/example_dags/example_kubernetes_executor.py
[2025-06-25T20:55:43.959-0400] {processor.py:183} INFO - Processing /opt/anaconda3/envs/airflow_env/lib/python3.10/site-packages/airflow/example_dags/example_kubernetes_executor.py took 0.045 seconds
[2025-06-25T20:57:00.592-0400] {processor.py:161} INFO - Started process (PID=67225) to work on /opt/anaconda3/envs/airflow_env/lib/python3.10/site-packages/airflow/example_dags/example_kubernetes_executor.py
[2025-06-25T20:57:00.593-0400] {processor.py:830} INFO - Processing file /opt/anaconda3/envs/airflow_env/lib/python3.10/site-packages/airflow/example_dags/example_kubernetes_executor.py for tasks to queue
[2025-06-25T20:57:00.593-0400] {logging_mixin.py:188} INFO - [2025-06-25T20:57:00.593-0400] {dagbag.py:545} INFO - Filling up the DagBag from /opt/anaconda3/envs/airflow_env/lib/python3.10/site-packages/airflow/example_dags/example_kubernetes_executor.py
[2025-06-25T20:57:00.605-0400] {logging_mixin.py:188} INFO - [2025-06-25T20:57:00.605-0400] {example_kubernetes_executor.py:39} WARNING - The example_kubernetes_executor example DAG requires the kubernetes provider. Please install it with: pip install apache-airflow[cncf.kubernetes]
[2025-06-25T20:57:00.606-0400] {processor.py:842} WARNING - No viable dags retrieved from /opt/anaconda3/envs/airflow_env/lib/python3.10/site-packages/airflow/example_dags/example_kubernetes_executor.py
[2025-06-25T20:57:00.632-0400] {processor.py:183} INFO - Processing /opt/anaconda3/envs/airflow_env/lib/python3.10/site-packages/airflow/example_dags/example_kubernetes_executor.py took 0.042 seconds
[2025-06-25T20:57:18.622-0400] {processor.py:161} INFO - Started process (PID=67259) to work on /opt/anaconda3/envs/airflow_env/lib/python3.10/site-packages/airflow/example_dags/example_kubernetes_executor.py
[2025-06-25T20:57:18.622-0400] {processor.py:830} INFO - Processing file /opt/anaconda3/envs/airflow_env/lib/python3.10/site-packages/airflow/example_dags/example_kubernetes_executor.py for tasks to queue
[2025-06-25T20:57:18.623-0400] {logging_mixin.py:188} INFO - [2025-06-25T20:57:18.623-0400] {dagbag.py:545} INFO - Filling up the DagBag from /opt/anaconda3/envs/airflow_env/lib/python3.10/site-packages/airflow/example_dags/example_kubernetes_executor.py
[2025-06-25T20:57:18.635-0400] {logging_mixin.py:188} INFO - [2025-06-25T20:57:18.635-0400] {example_kubernetes_executor.py:39} WARNING - The example_kubernetes_executor example DAG requires the kubernetes provider. Please install it with: pip install apache-airflow[cncf.kubernetes]
[2025-06-25T20:57:18.635-0400] {processor.py:842} WARNING - No viable dags retrieved from /opt/anaconda3/envs/airflow_env/lib/python3.10/site-packages/airflow/example_dags/example_kubernetes_executor.py
[2025-06-25T20:57:18.663-0400] {processor.py:183} INFO - Processing /opt/anaconda3/envs/airflow_env/lib/python3.10/site-packages/airflow/example_dags/example_kubernetes_executor.py took 0.042 seconds
[2025-06-25T20:58:37.360-0400] {processor.py:161} INFO - Started process (PID=67412) to work on /opt/anaconda3/envs/airflow_env/lib/python3.10/site-packages/airflow/example_dags/example_kubernetes_executor.py
[2025-06-25T20:58:37.361-0400] {processor.py:830} INFO - Processing file /opt/anaconda3/envs/airflow_env/lib/python3.10/site-packages/airflow/example_dags/example_kubernetes_executor.py for tasks to queue
[2025-06-25T20:58:37.361-0400] {logging_mixin.py:188} INFO - [2025-06-25T20:58:37.361-0400] {dagbag.py:545} INFO - Filling up the DagBag from /opt/anaconda3/envs/airflow_env/lib/python3.10/site-packages/airflow/example_dags/example_kubernetes_executor.py
[2025-06-25T20:58:37.374-0400] {logging_mixin.py:188} INFO - [2025-06-25T20:58:37.374-0400] {example_kubernetes_executor.py:39} WARNING - The example_kubernetes_executor example DAG requires the kubernetes provider. Please install it with: pip install apache-airflow[cncf.kubernetes]
[2025-06-25T20:58:37.374-0400] {processor.py:842} WARNING - No viable dags retrieved from /opt/anaconda3/envs/airflow_env/lib/python3.10/site-packages/airflow/example_dags/example_kubernetes_executor.py
[2025-06-25T20:58:37.403-0400] {processor.py:183} INFO - Processing /opt/anaconda3/envs/airflow_env/lib/python3.10/site-packages/airflow/example_dags/example_kubernetes_executor.py took 0.045 seconds
[2025-06-25T20:58:55.580-0400] {processor.py:161} INFO - Started process (PID=67445) to work on /opt/anaconda3/envs/airflow_env/lib/python3.10/site-packages/airflow/example_dags/example_kubernetes_executor.py
[2025-06-25T20:58:55.581-0400] {processor.py:830} INFO - Processing file /opt/anaconda3/envs/airflow_env/lib/python3.10/site-packages/airflow/example_dags/example_kubernetes_executor.py for tasks to queue
[2025-06-25T20:58:55.581-0400] {logging_mixin.py:188} INFO - [2025-06-25T20:58:55.581-0400] {dagbag.py:545} INFO - Filling up the DagBag from /opt/anaconda3/envs/airflow_env/lib/python3.10/site-packages/airflow/example_dags/example_kubernetes_executor.py
[2025-06-25T20:58:55.593-0400] {logging_mixin.py:188} INFO - [2025-06-25T20:58:55.593-0400] {example_kubernetes_executor.py:39} WARNING - The example_kubernetes_executor example DAG requires the kubernetes provider. Please install it with: pip install apache-airflow[cncf.kubernetes]
[2025-06-25T20:58:55.593-0400] {processor.py:842} WARNING - No viable dags retrieved from /opt/anaconda3/envs/airflow_env/lib/python3.10/site-packages/airflow/example_dags/example_kubernetes_executor.py
[2025-06-25T20:58:55.619-0400] {processor.py:183} INFO - Processing /opt/anaconda3/envs/airflow_env/lib/python3.10/site-packages/airflow/example_dags/example_kubernetes_executor.py took 0.040 seconds
[2025-06-25T21:00:15.991-0400] {processor.py:161} INFO - Started process (PID=67601) to work on /opt/anaconda3/envs/airflow_env/lib/python3.10/site-packages/airflow/example_dags/example_kubernetes_executor.py
[2025-06-25T21:00:15.992-0400] {processor.py:830} INFO - Processing file /opt/anaconda3/envs/airflow_env/lib/python3.10/site-packages/airflow/example_dags/example_kubernetes_executor.py for tasks to queue
[2025-06-25T21:00:15.993-0400] {logging_mixin.py:188} INFO - [2025-06-25T21:00:15.993-0400] {dagbag.py:545} INFO - Filling up the DagBag from /opt/anaconda3/envs/airflow_env/lib/python3.10/site-packages/airflow/example_dags/example_kubernetes_executor.py
[2025-06-25T21:00:16.006-0400] {logging_mixin.py:188} INFO - [2025-06-25T21:00:16.006-0400] {example_kubernetes_executor.py:39} WARNING - The example_kubernetes_executor example DAG requires the kubernetes provider. Please install it with: pip install apache-airflow[cncf.kubernetes]
[2025-06-25T21:00:16.006-0400] {processor.py:842} WARNING - No viable dags retrieved from /opt/anaconda3/envs/airflow_env/lib/python3.10/site-packages/airflow/example_dags/example_kubernetes_executor.py
[2025-06-25T21:00:16.035-0400] {processor.py:183} INFO - Processing /opt/anaconda3/envs/airflow_env/lib/python3.10/site-packages/airflow/example_dags/example_kubernetes_executor.py took 0.046 seconds
[2025-06-25T21:00:36.138-0400] {processor.py:161} INFO - Started process (PID=67642) to work on /opt/anaconda3/envs/airflow_env/lib/python3.10/site-packages/airflow/example_dags/example_kubernetes_executor.py
[2025-06-25T21:00:36.138-0400] {processor.py:830} INFO - Processing file /opt/anaconda3/envs/airflow_env/lib/python3.10/site-packages/airflow/example_dags/example_kubernetes_executor.py for tasks to queue
[2025-06-25T21:00:36.138-0400] {logging_mixin.py:188} INFO - [2025-06-25T21:00:36.138-0400] {dagbag.py:545} INFO - Filling up the DagBag from /opt/anaconda3/envs/airflow_env/lib/python3.10/site-packages/airflow/example_dags/example_kubernetes_executor.py
[2025-06-25T21:00:36.151-0400] {logging_mixin.py:188} INFO - [2025-06-25T21:00:36.151-0400] {example_kubernetes_executor.py:39} WARNING - The example_kubernetes_executor example DAG requires the kubernetes provider. Please install it with: pip install apache-airflow[cncf.kubernetes]
[2025-06-25T21:00:36.151-0400] {processor.py:842} WARNING - No viable dags retrieved from /opt/anaconda3/envs/airflow_env/lib/python3.10/site-packages/airflow/example_dags/example_kubernetes_executor.py
[2025-06-25T21:00:36.179-0400] {processor.py:183} INFO - Processing /opt/anaconda3/envs/airflow_env/lib/python3.10/site-packages/airflow/example_dags/example_kubernetes_executor.py took 0.043 seconds
[2025-06-25T21:01:43.274-0400] {processor.py:161} INFO - Started process (PID=67738) to work on /opt/anaconda3/envs/airflow_env/lib/python3.10/site-packages/airflow/example_dags/example_kubernetes_executor.py
[2025-06-25T21:01:43.274-0400] {processor.py:830} INFO - Processing file /opt/anaconda3/envs/airflow_env/lib/python3.10/site-packages/airflow/example_dags/example_kubernetes_executor.py for tasks to queue
[2025-06-25T21:01:43.274-0400] {logging_mixin.py:188} INFO - [2025-06-25T21:01:43.274-0400] {dagbag.py:545} INFO - Filling up the DagBag from /opt/anaconda3/envs/airflow_env/lib/python3.10/site-packages/airflow/example_dags/example_kubernetes_executor.py
[2025-06-25T21:01:43.286-0400] {logging_mixin.py:188} INFO - [2025-06-25T21:01:43.286-0400] {example_kubernetes_executor.py:39} WARNING - The example_kubernetes_executor example DAG requires the kubernetes provider. Please install it with: pip install apache-airflow[cncf.kubernetes]
[2025-06-25T21:01:43.286-0400] {processor.py:842} WARNING - No viable dags retrieved from /opt/anaconda3/envs/airflow_env/lib/python3.10/site-packages/airflow/example_dags/example_kubernetes_executor.py
[2025-06-25T21:01:43.312-0400] {processor.py:183} INFO - Processing /opt/anaconda3/envs/airflow_env/lib/python3.10/site-packages/airflow/example_dags/example_kubernetes_executor.py took 0.040 seconds
[2025-06-25T21:02:08.433-0400] {processor.py:161} INFO - Started process (PID=67772) to work on /opt/anaconda3/envs/airflow_env/lib/python3.10/site-packages/airflow/example_dags/example_kubernetes_executor.py
[2025-06-25T21:02:08.434-0400] {processor.py:830} INFO - Processing file /opt/anaconda3/envs/airflow_env/lib/python3.10/site-packages/airflow/example_dags/example_kubernetes_executor.py for tasks to queue
[2025-06-25T21:02:08.434-0400] {logging_mixin.py:188} INFO - [2025-06-25T21:02:08.434-0400] {dagbag.py:545} INFO - Filling up the DagBag from /opt/anaconda3/envs/airflow_env/lib/python3.10/site-packages/airflow/example_dags/example_kubernetes_executor.py
[2025-06-25T21:02:08.447-0400] {logging_mixin.py:188} INFO - [2025-06-25T21:02:08.447-0400] {example_kubernetes_executor.py:39} WARNING - The example_kubernetes_executor example DAG requires the kubernetes provider. Please install it with: pip install apache-airflow[cncf.kubernetes]
[2025-06-25T21:02:08.447-0400] {processor.py:842} WARNING - No viable dags retrieved from /opt/anaconda3/envs/airflow_env/lib/python3.10/site-packages/airflow/example_dags/example_kubernetes_executor.py
[2025-06-25T21:02:08.474-0400] {processor.py:183} INFO - Processing /opt/anaconda3/envs/airflow_env/lib/python3.10/site-packages/airflow/example_dags/example_kubernetes_executor.py took 0.043 seconds
[2025-06-25T21:03:15.481-0400] {processor.py:161} INFO - Started process (PID=67873) to work on /opt/anaconda3/envs/airflow_env/lib/python3.10/site-packages/airflow/example_dags/example_kubernetes_executor.py
[2025-06-25T21:03:15.482-0400] {processor.py:830} INFO - Processing file /opt/anaconda3/envs/airflow_env/lib/python3.10/site-packages/airflow/example_dags/example_kubernetes_executor.py for tasks to queue
[2025-06-25T21:03:15.483-0400] {logging_mixin.py:188} INFO - [2025-06-25T21:03:15.483-0400] {dagbag.py:545} INFO - Filling up the DagBag from /opt/anaconda3/envs/airflow_env/lib/python3.10/site-packages/airflow/example_dags/example_kubernetes_executor.py
[2025-06-25T21:03:15.496-0400] {logging_mixin.py:188} INFO - [2025-06-25T21:03:15.495-0400] {example_kubernetes_executor.py:39} WARNING - The example_kubernetes_executor example DAG requires the kubernetes provider. Please install it with: pip install apache-airflow[cncf.kubernetes]
[2025-06-25T21:03:15.496-0400] {processor.py:842} WARNING - No viable dags retrieved from /opt/anaconda3/envs/airflow_env/lib/python3.10/site-packages/airflow/example_dags/example_kubernetes_executor.py
[2025-06-25T21:03:15.523-0400] {processor.py:183} INFO - Processing /opt/anaconda3/envs/airflow_env/lib/python3.10/site-packages/airflow/example_dags/example_kubernetes_executor.py took 0.044 seconds
[2025-06-25T21:03:41.195-0400] {processor.py:161} INFO - Started process (PID=67910) to work on /opt/anaconda3/envs/airflow_env/lib/python3.10/site-packages/airflow/example_dags/example_kubernetes_executor.py
[2025-06-25T21:03:41.196-0400] {processor.py:830} INFO - Processing file /opt/anaconda3/envs/airflow_env/lib/python3.10/site-packages/airflow/example_dags/example_kubernetes_executor.py for tasks to queue
[2025-06-25T21:03:41.196-0400] {logging_mixin.py:188} INFO - [2025-06-25T21:03:41.196-0400] {dagbag.py:545} INFO - Filling up the DagBag from /opt/anaconda3/envs/airflow_env/lib/python3.10/site-packages/airflow/example_dags/example_kubernetes_executor.py
[2025-06-25T21:03:41.209-0400] {logging_mixin.py:188} INFO - [2025-06-25T21:03:41.208-0400] {example_kubernetes_executor.py:39} WARNING - The example_kubernetes_executor example DAG requires the kubernetes provider. Please install it with: pip install apache-airflow[cncf.kubernetes]
[2025-06-25T21:03:41.209-0400] {processor.py:842} WARNING - No viable dags retrieved from /opt/anaconda3/envs/airflow_env/lib/python3.10/site-packages/airflow/example_dags/example_kubernetes_executor.py
[2025-06-25T21:03:41.236-0400] {processor.py:183} INFO - Processing /opt/anaconda3/envs/airflow_env/lib/python3.10/site-packages/airflow/example_dags/example_kubernetes_executor.py took 0.044 seconds
[2025-06-25T21:04:55.472-0400] {processor.py:161} INFO - Started process (PID=68038) to work on /opt/anaconda3/envs/airflow_env/lib/python3.10/site-packages/airflow/example_dags/example_kubernetes_executor.py
[2025-06-25T21:04:55.473-0400] {processor.py:830} INFO - Processing file /opt/anaconda3/envs/airflow_env/lib/python3.10/site-packages/airflow/example_dags/example_kubernetes_executor.py for tasks to queue
[2025-06-25T21:04:55.473-0400] {logging_mixin.py:188} INFO - [2025-06-25T21:04:55.473-0400] {dagbag.py:545} INFO - Filling up the DagBag from /opt/anaconda3/envs/airflow_env/lib/python3.10/site-packages/airflow/example_dags/example_kubernetes_executor.py
[2025-06-25T21:04:55.486-0400] {logging_mixin.py:188} INFO - [2025-06-25T21:04:55.486-0400] {example_kubernetes_executor.py:39} WARNING - The example_kubernetes_executor example DAG requires the kubernetes provider. Please install it with: pip install apache-airflow[cncf.kubernetes]
[2025-06-25T21:04:55.486-0400] {processor.py:842} WARNING - No viable dags retrieved from /opt/anaconda3/envs/airflow_env/lib/python3.10/site-packages/airflow/example_dags/example_kubernetes_executor.py
[2025-06-25T21:04:55.514-0400] {processor.py:183} INFO - Processing /opt/anaconda3/envs/airflow_env/lib/python3.10/site-packages/airflow/example_dags/example_kubernetes_executor.py took 0.043 seconds
[2025-06-25T21:05:19.608-0400] {processor.py:161} INFO - Started process (PID=68082) to work on /opt/anaconda3/envs/airflow_env/lib/python3.10/site-packages/airflow/example_dags/example_kubernetes_executor.py
[2025-06-25T21:05:19.609-0400] {processor.py:830} INFO - Processing file /opt/anaconda3/envs/airflow_env/lib/python3.10/site-packages/airflow/example_dags/example_kubernetes_executor.py for tasks to queue
[2025-06-25T21:05:19.610-0400] {logging_mixin.py:188} INFO - [2025-06-25T21:05:19.610-0400] {dagbag.py:545} INFO - Filling up the DagBag from /opt/anaconda3/envs/airflow_env/lib/python3.10/site-packages/airflow/example_dags/example_kubernetes_executor.py
[2025-06-25T21:05:19.624-0400] {logging_mixin.py:188} INFO - [2025-06-25T21:05:19.624-0400] {example_kubernetes_executor.py:39} WARNING - The example_kubernetes_executor example DAG requires the kubernetes provider. Please install it with: pip install apache-airflow[cncf.kubernetes]
[2025-06-25T21:05:19.624-0400] {processor.py:842} WARNING - No viable dags retrieved from /opt/anaconda3/envs/airflow_env/lib/python3.10/site-packages/airflow/example_dags/example_kubernetes_executor.py
[2025-06-25T21:05:19.653-0400] {processor.py:183} INFO - Processing /opt/anaconda3/envs/airflow_env/lib/python3.10/site-packages/airflow/example_dags/example_kubernetes_executor.py took 0.046 seconds
[2025-06-25T21:06:43.853-0400] {processor.py:161} INFO - Started process (PID=68207) to work on /opt/anaconda3/envs/airflow_env/lib/python3.10/site-packages/airflow/example_dags/example_kubernetes_executor.py
[2025-06-25T21:06:43.854-0400] {processor.py:830} INFO - Processing file /opt/anaconda3/envs/airflow_env/lib/python3.10/site-packages/airflow/example_dags/example_kubernetes_executor.py for tasks to queue
[2025-06-25T21:06:43.855-0400] {logging_mixin.py:188} INFO - [2025-06-25T21:06:43.854-0400] {dagbag.py:545} INFO - Filling up the DagBag from /opt/anaconda3/envs/airflow_env/lib/python3.10/site-packages/airflow/example_dags/example_kubernetes_executor.py
[2025-06-25T21:06:43.867-0400] {logging_mixin.py:188} INFO - [2025-06-25T21:06:43.867-0400] {example_kubernetes_executor.py:39} WARNING - The example_kubernetes_executor example DAG requires the kubernetes provider. Please install it with: pip install apache-airflow[cncf.kubernetes]
[2025-06-25T21:06:43.867-0400] {processor.py:842} WARNING - No viable dags retrieved from /opt/anaconda3/envs/airflow_env/lib/python3.10/site-packages/airflow/example_dags/example_kubernetes_executor.py
[2025-06-25T21:06:43.896-0400] {processor.py:183} INFO - Processing /opt/anaconda3/envs/airflow_env/lib/python3.10/site-packages/airflow/example_dags/example_kubernetes_executor.py took 0.045 seconds
[2025-06-25T21:07:04.804-0400] {processor.py:161} INFO - Started process (PID=68250) to work on /opt/anaconda3/envs/airflow_env/lib/python3.10/site-packages/airflow/example_dags/example_kubernetes_executor.py
[2025-06-25T21:07:04.805-0400] {processor.py:830} INFO - Processing file /opt/anaconda3/envs/airflow_env/lib/python3.10/site-packages/airflow/example_dags/example_kubernetes_executor.py for tasks to queue
[2025-06-25T21:07:04.805-0400] {logging_mixin.py:188} INFO - [2025-06-25T21:07:04.805-0400] {dagbag.py:545} INFO - Filling up the DagBag from /opt/anaconda3/envs/airflow_env/lib/python3.10/site-packages/airflow/example_dags/example_kubernetes_executor.py
[2025-06-25T21:07:04.819-0400] {logging_mixin.py:188} INFO - [2025-06-25T21:07:04.819-0400] {example_kubernetes_executor.py:39} WARNING - The example_kubernetes_executor example DAG requires the kubernetes provider. Please install it with: pip install apache-airflow[cncf.kubernetes]
[2025-06-25T21:07:04.819-0400] {processor.py:842} WARNING - No viable dags retrieved from /opt/anaconda3/envs/airflow_env/lib/python3.10/site-packages/airflow/example_dags/example_kubernetes_executor.py
[2025-06-25T21:07:04.846-0400] {processor.py:183} INFO - Processing /opt/anaconda3/envs/airflow_env/lib/python3.10/site-packages/airflow/example_dags/example_kubernetes_executor.py took 0.045 seconds
[2025-06-25T21:08:27.334-0400] {processor.py:161} INFO - Started process (PID=68383) to work on /opt/anaconda3/envs/airflow_env/lib/python3.10/site-packages/airflow/example_dags/example_kubernetes_executor.py
[2025-06-25T21:08:27.335-0400] {processor.py:830} INFO - Processing file /opt/anaconda3/envs/airflow_env/lib/python3.10/site-packages/airflow/example_dags/example_kubernetes_executor.py for tasks to queue
[2025-06-25T21:08:27.335-0400] {logging_mixin.py:188} INFO - [2025-06-25T21:08:27.335-0400] {dagbag.py:545} INFO - Filling up the DagBag from /opt/anaconda3/envs/airflow_env/lib/python3.10/site-packages/airflow/example_dags/example_kubernetes_executor.py
[2025-06-25T21:08:27.347-0400] {logging_mixin.py:188} INFO - [2025-06-25T21:08:27.347-0400] {example_kubernetes_executor.py:39} WARNING - The example_kubernetes_executor example DAG requires the kubernetes provider. Please install it with: pip install apache-airflow[cncf.kubernetes]
[2025-06-25T21:08:27.347-0400] {processor.py:842} WARNING - No viable dags retrieved from /opt/anaconda3/envs/airflow_env/lib/python3.10/site-packages/airflow/example_dags/example_kubernetes_executor.py
[2025-06-25T21:08:27.374-0400] {processor.py:183} INFO - Processing /opt/anaconda3/envs/airflow_env/lib/python3.10/site-packages/airflow/example_dags/example_kubernetes_executor.py took 0.042 seconds
[2025-06-25T21:08:49.683-0400] {processor.py:161} INFO - Started process (PID=68412) to work on /opt/anaconda3/envs/airflow_env/lib/python3.10/site-packages/airflow/example_dags/example_kubernetes_executor.py
[2025-06-25T21:08:49.684-0400] {processor.py:830} INFO - Processing file /opt/anaconda3/envs/airflow_env/lib/python3.10/site-packages/airflow/example_dags/example_kubernetes_executor.py for tasks to queue
[2025-06-25T21:08:49.684-0400] {logging_mixin.py:188} INFO - [2025-06-25T21:08:49.684-0400] {dagbag.py:545} INFO - Filling up the DagBag from /opt/anaconda3/envs/airflow_env/lib/python3.10/site-packages/airflow/example_dags/example_kubernetes_executor.py
[2025-06-25T21:08:49.697-0400] {logging_mixin.py:188} INFO - [2025-06-25T21:08:49.697-0400] {example_kubernetes_executor.py:39} WARNING - The example_kubernetes_executor example DAG requires the kubernetes provider. Please install it with: pip install apache-airflow[cncf.kubernetes]
[2025-06-25T21:08:49.697-0400] {processor.py:842} WARNING - No viable dags retrieved from /opt/anaconda3/envs/airflow_env/lib/python3.10/site-packages/airflow/example_dags/example_kubernetes_executor.py
[2025-06-25T21:08:49.725-0400] {processor.py:183} INFO - Processing /opt/anaconda3/envs/airflow_env/lib/python3.10/site-packages/airflow/example_dags/example_kubernetes_executor.py took 0.044 seconds
[2025-06-25T21:10:11.619-0400] {processor.py:161} INFO - Started process (PID=68533) to work on /opt/anaconda3/envs/airflow_env/lib/python3.10/site-packages/airflow/example_dags/example_kubernetes_executor.py
[2025-06-25T21:10:11.621-0400] {processor.py:830} INFO - Processing file /opt/anaconda3/envs/airflow_env/lib/python3.10/site-packages/airflow/example_dags/example_kubernetes_executor.py for tasks to queue
[2025-06-25T21:10:11.621-0400] {logging_mixin.py:188} INFO - [2025-06-25T21:10:11.621-0400] {dagbag.py:545} INFO - Filling up the DagBag from /opt/anaconda3/envs/airflow_env/lib/python3.10/site-packages/airflow/example_dags/example_kubernetes_executor.py
[2025-06-25T21:10:11.657-0400] {logging_mixin.py:188} INFO - [2025-06-25T21:10:11.656-0400] {example_kubernetes_executor.py:39} WARNING - The example_kubernetes_executor example DAG requires the kubernetes provider. Please install it with: pip install apache-airflow[cncf.kubernetes]
[2025-06-25T21:10:11.658-0400] {processor.py:842} WARNING - No viable dags retrieved from /opt/anaconda3/envs/airflow_env/lib/python3.10/site-packages/airflow/example_dags/example_kubernetes_executor.py
[2025-06-25T21:10:11.707-0400] {processor.py:183} INFO - Processing /opt/anaconda3/envs/airflow_env/lib/python3.10/site-packages/airflow/example_dags/example_kubernetes_executor.py took 0.093 seconds
[2025-06-25T21:10:28.759-0400] {processor.py:161} INFO - Started process (PID=68599) to work on /opt/anaconda3/envs/airflow_env/lib/python3.10/site-packages/airflow/example_dags/example_kubernetes_executor.py
[2025-06-25T21:10:28.761-0400] {processor.py:830} INFO - Processing file /opt/anaconda3/envs/airflow_env/lib/python3.10/site-packages/airflow/example_dags/example_kubernetes_executor.py for tasks to queue
[2025-06-25T21:10:28.761-0400] {logging_mixin.py:188} INFO - [2025-06-25T21:10:28.761-0400] {dagbag.py:545} INFO - Filling up the DagBag from /opt/anaconda3/envs/airflow_env/lib/python3.10/site-packages/airflow/example_dags/example_kubernetes_executor.py
[2025-06-25T21:10:28.775-0400] {logging_mixin.py:188} INFO - [2025-06-25T21:10:28.774-0400] {example_kubernetes_executor.py:39} WARNING - The example_kubernetes_executor example DAG requires the kubernetes provider. Please install it with: pip install apache-airflow[cncf.kubernetes]
[2025-06-25T21:10:28.775-0400] {processor.py:842} WARNING - No viable dags retrieved from /opt/anaconda3/envs/airflow_env/lib/python3.10/site-packages/airflow/example_dags/example_kubernetes_executor.py
[2025-06-25T21:10:28.804-0400] {processor.py:183} INFO - Processing /opt/anaconda3/envs/airflow_env/lib/python3.10/site-packages/airflow/example_dags/example_kubernetes_executor.py took 0.047 seconds
[2025-06-25T21:11:59.216-0400] {processor.py:161} INFO - Started process (PID=68831) to work on /opt/anaconda3/envs/airflow_env/lib/python3.10/site-packages/airflow/example_dags/example_kubernetes_executor.py
[2025-06-25T21:11:59.217-0400] {processor.py:830} INFO - Processing file /opt/anaconda3/envs/airflow_env/lib/python3.10/site-packages/airflow/example_dags/example_kubernetes_executor.py for tasks to queue
[2025-06-25T21:11:59.218-0400] {logging_mixin.py:188} INFO - [2025-06-25T21:11:59.218-0400] {dagbag.py:545} INFO - Filling up the DagBag from /opt/anaconda3/envs/airflow_env/lib/python3.10/site-packages/airflow/example_dags/example_kubernetes_executor.py
[2025-06-25T21:11:59.234-0400] {logging_mixin.py:188} INFO - [2025-06-25T21:11:59.234-0400] {example_kubernetes_executor.py:39} WARNING - The example_kubernetes_executor example DAG requires the kubernetes provider. Please install it with: pip install apache-airflow[cncf.kubernetes]
[2025-06-25T21:11:59.234-0400] {processor.py:842} WARNING - No viable dags retrieved from /opt/anaconda3/envs/airflow_env/lib/python3.10/site-packages/airflow/example_dags/example_kubernetes_executor.py
[2025-06-25T21:11:59.265-0400] {processor.py:183} INFO - Processing /opt/anaconda3/envs/airflow_env/lib/python3.10/site-packages/airflow/example_dags/example_kubernetes_executor.py took 0.052 seconds
[2025-06-25T21:12:31.277-0400] {processor.py:161} INFO - Started process (PID=68875) to work on /opt/anaconda3/envs/airflow_env/lib/python3.10/site-packages/airflow/example_dags/example_kubernetes_executor.py
[2025-06-25T21:12:31.278-0400] {processor.py:830} INFO - Processing file /opt/anaconda3/envs/airflow_env/lib/python3.10/site-packages/airflow/example_dags/example_kubernetes_executor.py for tasks to queue
[2025-06-25T21:12:31.278-0400] {logging_mixin.py:188} INFO - [2025-06-25T21:12:31.278-0400] {dagbag.py:545} INFO - Filling up the DagBag from /opt/anaconda3/envs/airflow_env/lib/python3.10/site-packages/airflow/example_dags/example_kubernetes_executor.py
[2025-06-25T21:12:31.294-0400] {logging_mixin.py:188} INFO - [2025-06-25T21:12:31.293-0400] {example_kubernetes_executor.py:39} WARNING - The example_kubernetes_executor example DAG requires the kubernetes provider. Please install it with: pip install apache-airflow[cncf.kubernetes]
[2025-06-25T21:12:31.294-0400] {processor.py:842} WARNING - No viable dags retrieved from /opt/anaconda3/envs/airflow_env/lib/python3.10/site-packages/airflow/example_dags/example_kubernetes_executor.py
[2025-06-25T21:12:31.329-0400] {processor.py:183} INFO - Processing /opt/anaconda3/envs/airflow_env/lib/python3.10/site-packages/airflow/example_dags/example_kubernetes_executor.py took 0.055 seconds
[2025-06-25T21:13:55.475-0400] {processor.py:161} INFO - Started process (PID=69016) to work on /opt/anaconda3/envs/airflow_env/lib/python3.10/site-packages/airflow/example_dags/example_kubernetes_executor.py
[2025-06-25T21:13:55.476-0400] {processor.py:830} INFO - Processing file /opt/anaconda3/envs/airflow_env/lib/python3.10/site-packages/airflow/example_dags/example_kubernetes_executor.py for tasks to queue
[2025-06-25T21:13:55.476-0400] {logging_mixin.py:188} INFO - [2025-06-25T21:13:55.476-0400] {dagbag.py:545} INFO - Filling up the DagBag from /opt/anaconda3/envs/airflow_env/lib/python3.10/site-packages/airflow/example_dags/example_kubernetes_executor.py
[2025-06-25T21:13:55.498-0400] {logging_mixin.py:188} INFO - [2025-06-25T21:13:55.497-0400] {example_kubernetes_executor.py:39} WARNING - The example_kubernetes_executor example DAG requires the kubernetes provider. Please install it with: pip install apache-airflow[cncf.kubernetes]
[2025-06-25T21:13:55.498-0400] {processor.py:842} WARNING - No viable dags retrieved from /opt/anaconda3/envs/airflow_env/lib/python3.10/site-packages/airflow/example_dags/example_kubernetes_executor.py
[2025-06-25T21:13:55.561-0400] {processor.py:183} INFO - Processing /opt/anaconda3/envs/airflow_env/lib/python3.10/site-packages/airflow/example_dags/example_kubernetes_executor.py took 0.089 seconds
[2025-06-25T21:14:30.326-0400] {processor.py:161} INFO - Started process (PID=69089) to work on /opt/anaconda3/envs/airflow_env/lib/python3.10/site-packages/airflow/example_dags/example_kubernetes_executor.py
[2025-06-25T21:14:30.327-0400] {processor.py:830} INFO - Processing file /opt/anaconda3/envs/airflow_env/lib/python3.10/site-packages/airflow/example_dags/example_kubernetes_executor.py for tasks to queue
[2025-06-25T21:14:30.328-0400] {logging_mixin.py:188} INFO - [2025-06-25T21:14:30.328-0400] {dagbag.py:545} INFO - Filling up the DagBag from /opt/anaconda3/envs/airflow_env/lib/python3.10/site-packages/airflow/example_dags/example_kubernetes_executor.py
[2025-06-25T21:14:30.342-0400] {logging_mixin.py:188} INFO - [2025-06-25T21:14:30.341-0400] {example_kubernetes_executor.py:39} WARNING - The example_kubernetes_executor example DAG requires the kubernetes provider. Please install it with: pip install apache-airflow[cncf.kubernetes]
[2025-06-25T21:14:30.342-0400] {processor.py:842} WARNING - No viable dags retrieved from /opt/anaconda3/envs/airflow_env/lib/python3.10/site-packages/airflow/example_dags/example_kubernetes_executor.py
[2025-06-25T21:14:30.372-0400] {processor.py:183} INFO - Processing /opt/anaconda3/envs/airflow_env/lib/python3.10/site-packages/airflow/example_dags/example_kubernetes_executor.py took 0.048 seconds
[2025-06-25T21:15:45.118-0400] {processor.py:161} INFO - Started process (PID=69220) to work on /opt/anaconda3/envs/airflow_env/lib/python3.10/site-packages/airflow/example_dags/example_kubernetes_executor.py
[2025-06-25T21:15:45.119-0400] {processor.py:830} INFO - Processing file /opt/anaconda3/envs/airflow_env/lib/python3.10/site-packages/airflow/example_dags/example_kubernetes_executor.py for tasks to queue
[2025-06-25T21:15:45.119-0400] {logging_mixin.py:188} INFO - [2025-06-25T21:15:45.119-0400] {dagbag.py:545} INFO - Filling up the DagBag from /opt/anaconda3/envs/airflow_env/lib/python3.10/site-packages/airflow/example_dags/example_kubernetes_executor.py
[2025-06-25T21:15:45.132-0400] {logging_mixin.py:188} INFO - [2025-06-25T21:15:45.132-0400] {example_kubernetes_executor.py:39} WARNING - The example_kubernetes_executor example DAG requires the kubernetes provider. Please install it with: pip install apache-airflow[cncf.kubernetes]
[2025-06-25T21:15:45.132-0400] {processor.py:842} WARNING - No viable dags retrieved from /opt/anaconda3/envs/airflow_env/lib/python3.10/site-packages/airflow/example_dags/example_kubernetes_executor.py
[2025-06-25T21:15:45.170-0400] {processor.py:183} INFO - Processing /opt/anaconda3/envs/airflow_env/lib/python3.10/site-packages/airflow/example_dags/example_kubernetes_executor.py took 0.054 seconds
[2025-06-25T21:16:11.974-0400] {processor.py:161} INFO - Started process (PID=69256) to work on /opt/anaconda3/envs/airflow_env/lib/python3.10/site-packages/airflow/example_dags/example_kubernetes_executor.py
[2025-06-25T21:16:11.975-0400] {processor.py:830} INFO - Processing file /opt/anaconda3/envs/airflow_env/lib/python3.10/site-packages/airflow/example_dags/example_kubernetes_executor.py for tasks to queue
[2025-06-25T21:16:11.975-0400] {logging_mixin.py:188} INFO - [2025-06-25T21:16:11.975-0400] {dagbag.py:545} INFO - Filling up the DagBag from /opt/anaconda3/envs/airflow_env/lib/python3.10/site-packages/airflow/example_dags/example_kubernetes_executor.py
[2025-06-25T21:16:11.988-0400] {logging_mixin.py:188} INFO - [2025-06-25T21:16:11.988-0400] {example_kubernetes_executor.py:39} WARNING - The example_kubernetes_executor example DAG requires the kubernetes provider. Please install it with: pip install apache-airflow[cncf.kubernetes]
[2025-06-25T21:16:11.988-0400] {processor.py:842} WARNING - No viable dags retrieved from /opt/anaconda3/envs/airflow_env/lib/python3.10/site-packages/airflow/example_dags/example_kubernetes_executor.py
[2025-06-25T21:16:12.018-0400] {processor.py:183} INFO - Processing /opt/anaconda3/envs/airflow_env/lib/python3.10/site-packages/airflow/example_dags/example_kubernetes_executor.py took 0.046 seconds
[2025-06-25T21:19:15.659-0400] {processor.py:161} INFO - Started process (PID=69436) to work on /opt/anaconda3/envs/airflow_env/lib/python3.10/site-packages/airflow/example_dags/example_kubernetes_executor.py
[2025-06-25T21:19:15.661-0400] {processor.py:830} INFO - Processing file /opt/anaconda3/envs/airflow_env/lib/python3.10/site-packages/airflow/example_dags/example_kubernetes_executor.py for tasks to queue
[2025-06-25T21:19:15.662-0400] {logging_mixin.py:188} INFO - [2025-06-25T21:19:15.662-0400] {dagbag.py:545} INFO - Filling up the DagBag from /opt/anaconda3/envs/airflow_env/lib/python3.10/site-packages/airflow/example_dags/example_kubernetes_executor.py
[2025-06-25T21:19:15.676-0400] {logging_mixin.py:188} INFO - [2025-06-25T21:19:15.676-0400] {example_kubernetes_executor.py:39} WARNING - The example_kubernetes_executor example DAG requires the kubernetes provider. Please install it with: pip install apache-airflow[cncf.kubernetes]
[2025-06-25T21:19:15.676-0400] {processor.py:842} WARNING - No viable dags retrieved from /opt/anaconda3/envs/airflow_env/lib/python3.10/site-packages/airflow/example_dags/example_kubernetes_executor.py
[2025-06-25T21:19:15.708-0400] {processor.py:183} INFO - Processing /opt/anaconda3/envs/airflow_env/lib/python3.10/site-packages/airflow/example_dags/example_kubernetes_executor.py took 0.051 seconds
[2025-06-25T21:20:00.187-0400] {processor.py:161} INFO - Started process (PID=69514) to work on /opt/anaconda3/envs/airflow_env/lib/python3.10/site-packages/airflow/example_dags/example_kubernetes_executor.py
[2025-06-25T21:20:00.188-0400] {processor.py:830} INFO - Processing file /opt/anaconda3/envs/airflow_env/lib/python3.10/site-packages/airflow/example_dags/example_kubernetes_executor.py for tasks to queue
[2025-06-25T21:20:00.189-0400] {logging_mixin.py:188} INFO - [2025-06-25T21:20:00.189-0400] {dagbag.py:545} INFO - Filling up the DagBag from /opt/anaconda3/envs/airflow_env/lib/python3.10/site-packages/airflow/example_dags/example_kubernetes_executor.py
[2025-06-25T21:20:00.203-0400] {logging_mixin.py:188} INFO - [2025-06-25T21:20:00.203-0400] {example_kubernetes_executor.py:39} WARNING - The example_kubernetes_executor example DAG requires the kubernetes provider. Please install it with: pip install apache-airflow[cncf.kubernetes]
[2025-06-25T21:20:00.203-0400] {processor.py:842} WARNING - No viable dags retrieved from /opt/anaconda3/envs/airflow_env/lib/python3.10/site-packages/airflow/example_dags/example_kubernetes_executor.py
[2025-06-25T21:20:00.239-0400] {processor.py:183} INFO - Processing /opt/anaconda3/envs/airflow_env/lib/python3.10/site-packages/airflow/example_dags/example_kubernetes_executor.py took 0.054 seconds
[2025-06-25T21:21:12.075-0400] {processor.py:161} INFO - Started process (PID=69648) to work on /opt/anaconda3/envs/airflow_env/lib/python3.10/site-packages/airflow/example_dags/example_kubernetes_executor.py
[2025-06-25T21:21:12.075-0400] {processor.py:830} INFO - Processing file /opt/anaconda3/envs/airflow_env/lib/python3.10/site-packages/airflow/example_dags/example_kubernetes_executor.py for tasks to queue
[2025-06-25T21:21:12.076-0400] {logging_mixin.py:188} INFO - [2025-06-25T21:21:12.076-0400] {dagbag.py:545} INFO - Filling up the DagBag from /opt/anaconda3/envs/airflow_env/lib/python3.10/site-packages/airflow/example_dags/example_kubernetes_executor.py
[2025-06-25T21:21:12.092-0400] {logging_mixin.py:188} INFO - [2025-06-25T21:21:12.092-0400] {example_kubernetes_executor.py:39} WARNING - The example_kubernetes_executor example DAG requires the kubernetes provider. Please install it with: pip install apache-airflow[cncf.kubernetes]
[2025-06-25T21:21:12.093-0400] {processor.py:842} WARNING - No viable dags retrieved from /opt/anaconda3/envs/airflow_env/lib/python3.10/site-packages/airflow/example_dags/example_kubernetes_executor.py
[2025-06-25T21:21:12.130-0400] {processor.py:183} INFO - Processing /opt/anaconda3/envs/airflow_env/lib/python3.10/site-packages/airflow/example_dags/example_kubernetes_executor.py took 0.058 seconds
[2025-06-25T21:21:56.152-0400] {processor.py:161} INFO - Started process (PID=69703) to work on /opt/anaconda3/envs/airflow_env/lib/python3.10/site-packages/airflow/example_dags/example_kubernetes_executor.py
[2025-06-25T21:21:56.156-0400] {processor.py:830} INFO - Processing file /opt/anaconda3/envs/airflow_env/lib/python3.10/site-packages/airflow/example_dags/example_kubernetes_executor.py for tasks to queue
[2025-06-25T21:21:56.157-0400] {logging_mixin.py:188} INFO - [2025-06-25T21:21:56.157-0400] {dagbag.py:545} INFO - Filling up the DagBag from /opt/anaconda3/envs/airflow_env/lib/python3.10/site-packages/airflow/example_dags/example_kubernetes_executor.py
[2025-06-25T21:21:56.175-0400] {logging_mixin.py:188} INFO - [2025-06-25T21:21:56.174-0400] {example_kubernetes_executor.py:39} WARNING - The example_kubernetes_executor example DAG requires the kubernetes provider. Please install it with: pip install apache-airflow[cncf.kubernetes]
[2025-06-25T21:21:56.175-0400] {processor.py:842} WARNING - No viable dags retrieved from /opt/anaconda3/envs/airflow_env/lib/python3.10/site-packages/airflow/example_dags/example_kubernetes_executor.py
[2025-06-25T21:21:56.208-0400] {processor.py:183} INFO - Processing /opt/anaconda3/envs/airflow_env/lib/python3.10/site-packages/airflow/example_dags/example_kubernetes_executor.py took 0.059 seconds
[2025-06-25T21:23:11.065-0400] {processor.py:161} INFO - Started process (PID=69824) to work on /opt/anaconda3/envs/airflow_env/lib/python3.10/site-packages/airflow/example_dags/example_kubernetes_executor.py
[2025-06-25T21:23:11.066-0400] {processor.py:830} INFO - Processing file /opt/anaconda3/envs/airflow_env/lib/python3.10/site-packages/airflow/example_dags/example_kubernetes_executor.py for tasks to queue
[2025-06-25T21:23:11.067-0400] {logging_mixin.py:188} INFO - [2025-06-25T21:23:11.067-0400] {dagbag.py:545} INFO - Filling up the DagBag from /opt/anaconda3/envs/airflow_env/lib/python3.10/site-packages/airflow/example_dags/example_kubernetes_executor.py
[2025-06-25T21:23:11.081-0400] {logging_mixin.py:188} INFO - [2025-06-25T21:23:11.081-0400] {example_kubernetes_executor.py:39} WARNING - The example_kubernetes_executor example DAG requires the kubernetes provider. Please install it with: pip install apache-airflow[cncf.kubernetes]
[2025-06-25T21:23:11.081-0400] {processor.py:842} WARNING - No viable dags retrieved from /opt/anaconda3/envs/airflow_env/lib/python3.10/site-packages/airflow/example_dags/example_kubernetes_executor.py
[2025-06-25T21:23:11.113-0400] {processor.py:183} INFO - Processing /opt/anaconda3/envs/airflow_env/lib/python3.10/site-packages/airflow/example_dags/example_kubernetes_executor.py took 0.051 seconds
[2025-06-25T21:23:57.678-0400] {processor.py:161} INFO - Started process (PID=69895) to work on /opt/anaconda3/envs/airflow_env/lib/python3.10/site-packages/airflow/example_dags/example_kubernetes_executor.py
[2025-06-25T21:23:57.679-0400] {processor.py:830} INFO - Processing file /opt/anaconda3/envs/airflow_env/lib/python3.10/site-packages/airflow/example_dags/example_kubernetes_executor.py for tasks to queue
[2025-06-25T21:23:57.679-0400] {logging_mixin.py:188} INFO - [2025-06-25T21:23:57.679-0400] {dagbag.py:545} INFO - Filling up the DagBag from /opt/anaconda3/envs/airflow_env/lib/python3.10/site-packages/airflow/example_dags/example_kubernetes_executor.py
[2025-06-25T21:23:57.693-0400] {logging_mixin.py:188} INFO - [2025-06-25T21:23:57.693-0400] {example_kubernetes_executor.py:39} WARNING - The example_kubernetes_executor example DAG requires the kubernetes provider. Please install it with: pip install apache-airflow[cncf.kubernetes]
[2025-06-25T21:23:57.693-0400] {processor.py:842} WARNING - No viable dags retrieved from /opt/anaconda3/envs/airflow_env/lib/python3.10/site-packages/airflow/example_dags/example_kubernetes_executor.py
[2025-06-25T21:23:57.726-0400] {processor.py:183} INFO - Processing /opt/anaconda3/envs/airflow_env/lib/python3.10/site-packages/airflow/example_dags/example_kubernetes_executor.py took 0.051 seconds
[2025-06-25T21:25:10.669-0400] {processor.py:161} INFO - Started process (PID=70011) to work on /opt/anaconda3/envs/airflow_env/lib/python3.10/site-packages/airflow/example_dags/example_kubernetes_executor.py
[2025-06-25T21:25:10.670-0400] {processor.py:830} INFO - Processing file /opt/anaconda3/envs/airflow_env/lib/python3.10/site-packages/airflow/example_dags/example_kubernetes_executor.py for tasks to queue
[2025-06-25T21:25:10.670-0400] {logging_mixin.py:188} INFO - [2025-06-25T21:25:10.670-0400] {dagbag.py:545} INFO - Filling up the DagBag from /opt/anaconda3/envs/airflow_env/lib/python3.10/site-packages/airflow/example_dags/example_kubernetes_executor.py
[2025-06-25T21:25:10.685-0400] {logging_mixin.py:188} INFO - [2025-06-25T21:25:10.685-0400] {example_kubernetes_executor.py:39} WARNING - The example_kubernetes_executor example DAG requires the kubernetes provider. Please install it with: pip install apache-airflow[cncf.kubernetes]
[2025-06-25T21:25:10.685-0400] {processor.py:842} WARNING - No viable dags retrieved from /opt/anaconda3/envs/airflow_env/lib/python3.10/site-packages/airflow/example_dags/example_kubernetes_executor.py
[2025-06-25T21:25:10.717-0400] {processor.py:183} INFO - Processing /opt/anaconda3/envs/airflow_env/lib/python3.10/site-packages/airflow/example_dags/example_kubernetes_executor.py took 0.050 seconds
[2025-06-25T21:25:53.889-0400] {processor.py:161} INFO - Started process (PID=70084) to work on /opt/anaconda3/envs/airflow_env/lib/python3.10/site-packages/airflow/example_dags/example_kubernetes_executor.py
[2025-06-25T21:25:53.889-0400] {processor.py:830} INFO - Processing file /opt/anaconda3/envs/airflow_env/lib/python3.10/site-packages/airflow/example_dags/example_kubernetes_executor.py for tasks to queue
[2025-06-25T21:25:53.890-0400] {logging_mixin.py:188} INFO - [2025-06-25T21:25:53.890-0400] {dagbag.py:545} INFO - Filling up the DagBag from /opt/anaconda3/envs/airflow_env/lib/python3.10/site-packages/airflow/example_dags/example_kubernetes_executor.py
[2025-06-25T21:25:53.903-0400] {logging_mixin.py:188} INFO - [2025-06-25T21:25:53.903-0400] {example_kubernetes_executor.py:39} WARNING - The example_kubernetes_executor example DAG requires the kubernetes provider. Please install it with: pip install apache-airflow[cncf.kubernetes]
[2025-06-25T21:25:53.903-0400] {processor.py:842} WARNING - No viable dags retrieved from /opt/anaconda3/envs/airflow_env/lib/python3.10/site-packages/airflow/example_dags/example_kubernetes_executor.py
[2025-06-25T21:25:53.931-0400] {processor.py:183} INFO - Processing /opt/anaconda3/envs/airflow_env/lib/python3.10/site-packages/airflow/example_dags/example_kubernetes_executor.py took 0.045 seconds
[2025-06-25T21:27:10.798-0400] {processor.py:161} INFO - Started process (PID=70187) to work on /opt/anaconda3/envs/airflow_env/lib/python3.10/site-packages/airflow/example_dags/example_kubernetes_executor.py
[2025-06-25T21:27:10.799-0400] {processor.py:830} INFO - Processing file /opt/anaconda3/envs/airflow_env/lib/python3.10/site-packages/airflow/example_dags/example_kubernetes_executor.py for tasks to queue
[2025-06-25T21:27:10.800-0400] {logging_mixin.py:188} INFO - [2025-06-25T21:27:10.800-0400] {dagbag.py:545} INFO - Filling up the DagBag from /opt/anaconda3/envs/airflow_env/lib/python3.10/site-packages/airflow/example_dags/example_kubernetes_executor.py
[2025-06-25T21:27:10.822-0400] {logging_mixin.py:188} INFO - [2025-06-25T21:27:10.822-0400] {example_kubernetes_executor.py:39} WARNING - The example_kubernetes_executor example DAG requires the kubernetes provider. Please install it with: pip install apache-airflow[cncf.kubernetes]
[2025-06-25T21:27:10.822-0400] {processor.py:842} WARNING - No viable dags retrieved from /opt/anaconda3/envs/airflow_env/lib/python3.10/site-packages/airflow/example_dags/example_kubernetes_executor.py
[2025-06-25T21:27:10.855-0400] {processor.py:183} INFO - Processing /opt/anaconda3/envs/airflow_env/lib/python3.10/site-packages/airflow/example_dags/example_kubernetes_executor.py took 0.059 seconds
[2025-06-25T21:27:48.721-0400] {processor.py:161} INFO - Started process (PID=70254) to work on /opt/anaconda3/envs/airflow_env/lib/python3.10/site-packages/airflow/example_dags/example_kubernetes_executor.py
[2025-06-25T21:27:48.722-0400] {processor.py:830} INFO - Processing file /opt/anaconda3/envs/airflow_env/lib/python3.10/site-packages/airflow/example_dags/example_kubernetes_executor.py for tasks to queue
[2025-06-25T21:27:48.722-0400] {logging_mixin.py:188} INFO - [2025-06-25T21:27:48.722-0400] {dagbag.py:545} INFO - Filling up the DagBag from /opt/anaconda3/envs/airflow_env/lib/python3.10/site-packages/airflow/example_dags/example_kubernetes_executor.py
[2025-06-25T21:27:48.736-0400] {logging_mixin.py:188} INFO - [2025-06-25T21:27:48.736-0400] {example_kubernetes_executor.py:39} WARNING - The example_kubernetes_executor example DAG requires the kubernetes provider. Please install it with: pip install apache-airflow[cncf.kubernetes]
[2025-06-25T21:27:48.737-0400] {processor.py:842} WARNING - No viable dags retrieved from /opt/anaconda3/envs/airflow_env/lib/python3.10/site-packages/airflow/example_dags/example_kubernetes_executor.py
[2025-06-25T21:27:48.768-0400] {processor.py:183} INFO - Processing /opt/anaconda3/envs/airflow_env/lib/python3.10/site-packages/airflow/example_dags/example_kubernetes_executor.py took 0.050 seconds
[2025-06-25T21:29:14.169-0400] {processor.py:161} INFO - Started process (PID=70409) to work on /opt/anaconda3/envs/airflow_env/lib/python3.10/site-packages/airflow/example_dags/example_kubernetes_executor.py
[2025-06-25T21:29:14.170-0400] {processor.py:830} INFO - Processing file /opt/anaconda3/envs/airflow_env/lib/python3.10/site-packages/airflow/example_dags/example_kubernetes_executor.py for tasks to queue
[2025-06-25T21:29:14.171-0400] {logging_mixin.py:188} INFO - [2025-06-25T21:29:14.171-0400] {dagbag.py:545} INFO - Filling up the DagBag from /opt/anaconda3/envs/airflow_env/lib/python3.10/site-packages/airflow/example_dags/example_kubernetes_executor.py
[2025-06-25T21:29:14.190-0400] {logging_mixin.py:188} INFO - [2025-06-25T21:29:14.190-0400] {example_kubernetes_executor.py:39} WARNING - The example_kubernetes_executor example DAG requires the kubernetes provider. Please install it with: pip install apache-airflow[cncf.kubernetes]
[2025-06-25T21:29:14.190-0400] {processor.py:842} WARNING - No viable dags retrieved from /opt/anaconda3/envs/airflow_env/lib/python3.10/site-packages/airflow/example_dags/example_kubernetes_executor.py
[2025-06-25T21:29:14.227-0400] {processor.py:183} INFO - Processing /opt/anaconda3/envs/airflow_env/lib/python3.10/site-packages/airflow/example_dags/example_kubernetes_executor.py took 0.060 seconds
[2025-06-25T21:29:51.033-0400] {processor.py:161} INFO - Started process (PID=70460) to work on /opt/anaconda3/envs/airflow_env/lib/python3.10/site-packages/airflow/example_dags/example_kubernetes_executor.py
[2025-06-25T21:29:51.034-0400] {processor.py:830} INFO - Processing file /opt/anaconda3/envs/airflow_env/lib/python3.10/site-packages/airflow/example_dags/example_kubernetes_executor.py for tasks to queue
[2025-06-25T21:29:51.034-0400] {logging_mixin.py:188} INFO - [2025-06-25T21:29:51.034-0400] {dagbag.py:545} INFO - Filling up the DagBag from /opt/anaconda3/envs/airflow_env/lib/python3.10/site-packages/airflow/example_dags/example_kubernetes_executor.py
[2025-06-25T21:29:51.048-0400] {logging_mixin.py:188} INFO - [2025-06-25T21:29:51.048-0400] {example_kubernetes_executor.py:39} WARNING - The example_kubernetes_executor example DAG requires the kubernetes provider. Please install it with: pip install apache-airflow[cncf.kubernetes]
[2025-06-25T21:29:51.048-0400] {processor.py:842} WARNING - No viable dags retrieved from /opt/anaconda3/envs/airflow_env/lib/python3.10/site-packages/airflow/example_dags/example_kubernetes_executor.py
[2025-06-25T21:29:51.079-0400] {processor.py:183} INFO - Processing /opt/anaconda3/envs/airflow_env/lib/python3.10/site-packages/airflow/example_dags/example_kubernetes_executor.py took 0.048 seconds
[2025-06-25T21:31:06.015-0400] {processor.py:161} INFO - Started process (PID=70571) to work on /opt/anaconda3/envs/airflow_env/lib/python3.10/site-packages/airflow/example_dags/example_kubernetes_executor.py
[2025-06-25T21:31:06.016-0400] {processor.py:830} INFO - Processing file /opt/anaconda3/envs/airflow_env/lib/python3.10/site-packages/airflow/example_dags/example_kubernetes_executor.py for tasks to queue
[2025-06-25T21:31:06.016-0400] {logging_mixin.py:188} INFO - [2025-06-25T21:31:06.016-0400] {dagbag.py:545} INFO - Filling up the DagBag from /opt/anaconda3/envs/airflow_env/lib/python3.10/site-packages/airflow/example_dags/example_kubernetes_executor.py
[2025-06-25T21:31:06.032-0400] {logging_mixin.py:188} INFO - [2025-06-25T21:31:06.032-0400] {example_kubernetes_executor.py:39} WARNING - The example_kubernetes_executor example DAG requires the kubernetes provider. Please install it with: pip install apache-airflow[cncf.kubernetes]
[2025-06-25T21:31:06.032-0400] {processor.py:842} WARNING - No viable dags retrieved from /opt/anaconda3/envs/airflow_env/lib/python3.10/site-packages/airflow/example_dags/example_kubernetes_executor.py
[2025-06-25T21:31:06.066-0400] {processor.py:183} INFO - Processing /opt/anaconda3/envs/airflow_env/lib/python3.10/site-packages/airflow/example_dags/example_kubernetes_executor.py took 0.054 seconds
[2025-06-25T21:31:47.019-0400] {processor.py:161} INFO - Started process (PID=70638) to work on /opt/anaconda3/envs/airflow_env/lib/python3.10/site-packages/airflow/example_dags/example_kubernetes_executor.py
[2025-06-25T21:31:47.020-0400] {processor.py:830} INFO - Processing file /opt/anaconda3/envs/airflow_env/lib/python3.10/site-packages/airflow/example_dags/example_kubernetes_executor.py for tasks to queue
[2025-06-25T21:31:47.021-0400] {logging_mixin.py:188} INFO - [2025-06-25T21:31:47.020-0400] {dagbag.py:545} INFO - Filling up the DagBag from /opt/anaconda3/envs/airflow_env/lib/python3.10/site-packages/airflow/example_dags/example_kubernetes_executor.py
[2025-06-25T21:31:47.035-0400] {logging_mixin.py:188} INFO - [2025-06-25T21:31:47.035-0400] {example_kubernetes_executor.py:39} WARNING - The example_kubernetes_executor example DAG requires the kubernetes provider. Please install it with: pip install apache-airflow[cncf.kubernetes]
[2025-06-25T21:31:47.035-0400] {processor.py:842} WARNING - No viable dags retrieved from /opt/anaconda3/envs/airflow_env/lib/python3.10/site-packages/airflow/example_dags/example_kubernetes_executor.py
[2025-06-25T21:31:47.072-0400] {processor.py:183} INFO - Processing /opt/anaconda3/envs/airflow_env/lib/python3.10/site-packages/airflow/example_dags/example_kubernetes_executor.py took 0.055 seconds
[2025-06-25T21:33:02.043-0400] {processor.py:161} INFO - Started process (PID=70747) to work on /opt/anaconda3/envs/airflow_env/lib/python3.10/site-packages/airflow/example_dags/example_kubernetes_executor.py
[2025-06-25T21:33:02.044-0400] {processor.py:830} INFO - Processing file /opt/anaconda3/envs/airflow_env/lib/python3.10/site-packages/airflow/example_dags/example_kubernetes_executor.py for tasks to queue
[2025-06-25T21:33:02.044-0400] {logging_mixin.py:188} INFO - [2025-06-25T21:33:02.044-0400] {dagbag.py:545} INFO - Filling up the DagBag from /opt/anaconda3/envs/airflow_env/lib/python3.10/site-packages/airflow/example_dags/example_kubernetes_executor.py
[2025-06-25T21:33:02.057-0400] {logging_mixin.py:188} INFO - [2025-06-25T21:33:02.057-0400] {example_kubernetes_executor.py:39} WARNING - The example_kubernetes_executor example DAG requires the kubernetes provider. Please install it with: pip install apache-airflow[cncf.kubernetes]
[2025-06-25T21:33:02.057-0400] {processor.py:842} WARNING - No viable dags retrieved from /opt/anaconda3/envs/airflow_env/lib/python3.10/site-packages/airflow/example_dags/example_kubernetes_executor.py
[2025-06-25T21:33:02.084-0400] {processor.py:183} INFO - Processing /opt/anaconda3/envs/airflow_env/lib/python3.10/site-packages/airflow/example_dags/example_kubernetes_executor.py took 0.043 seconds
[2025-06-25T21:33:39.718-0400] {processor.py:161} INFO - Started process (PID=70802) to work on /opt/anaconda3/envs/airflow_env/lib/python3.10/site-packages/airflow/example_dags/example_kubernetes_executor.py
[2025-06-25T21:33:39.718-0400] {processor.py:830} INFO - Processing file /opt/anaconda3/envs/airflow_env/lib/python3.10/site-packages/airflow/example_dags/example_kubernetes_executor.py for tasks to queue
[2025-06-25T21:33:39.719-0400] {logging_mixin.py:188} INFO - [2025-06-25T21:33:39.719-0400] {dagbag.py:545} INFO - Filling up the DagBag from /opt/anaconda3/envs/airflow_env/lib/python3.10/site-packages/airflow/example_dags/example_kubernetes_executor.py
[2025-06-25T21:33:39.731-0400] {logging_mixin.py:188} INFO - [2025-06-25T21:33:39.731-0400] {example_kubernetes_executor.py:39} WARNING - The example_kubernetes_executor example DAG requires the kubernetes provider. Please install it with: pip install apache-airflow[cncf.kubernetes]
[2025-06-25T21:33:39.732-0400] {processor.py:842} WARNING - No viable dags retrieved from /opt/anaconda3/envs/airflow_env/lib/python3.10/site-packages/airflow/example_dags/example_kubernetes_executor.py
[2025-06-25T21:33:39.760-0400] {processor.py:183} INFO - Processing /opt/anaconda3/envs/airflow_env/lib/python3.10/site-packages/airflow/example_dags/example_kubernetes_executor.py took 0.044 seconds
[2025-06-25T21:34:47.381-0400] {processor.py:161} INFO - Started process (PID=70889) to work on /opt/anaconda3/envs/airflow_env/lib/python3.10/site-packages/airflow/example_dags/example_kubernetes_executor.py
[2025-06-25T21:34:47.381-0400] {processor.py:830} INFO - Processing file /opt/anaconda3/envs/airflow_env/lib/python3.10/site-packages/airflow/example_dags/example_kubernetes_executor.py for tasks to queue
[2025-06-25T21:34:47.381-0400] {logging_mixin.py:188} INFO - [2025-06-25T21:34:47.381-0400] {dagbag.py:545} INFO - Filling up the DagBag from /opt/anaconda3/envs/airflow_env/lib/python3.10/site-packages/airflow/example_dags/example_kubernetes_executor.py
[2025-06-25T21:34:47.394-0400] {logging_mixin.py:188} INFO - [2025-06-25T21:34:47.394-0400] {example_kubernetes_executor.py:39} WARNING - The example_kubernetes_executor example DAG requires the kubernetes provider. Please install it with: pip install apache-airflow[cncf.kubernetes]
[2025-06-25T21:34:47.394-0400] {processor.py:842} WARNING - No viable dags retrieved from /opt/anaconda3/envs/airflow_env/lib/python3.10/site-packages/airflow/example_dags/example_kubernetes_executor.py
[2025-06-25T21:34:47.421-0400] {processor.py:183} INFO - Processing /opt/anaconda3/envs/airflow_env/lib/python3.10/site-packages/airflow/example_dags/example_kubernetes_executor.py took 0.042 seconds
[2025-06-25T21:35:29.216-0400] {processor.py:161} INFO - Started process (PID=70954) to work on /opt/anaconda3/envs/airflow_env/lib/python3.10/site-packages/airflow/example_dags/example_kubernetes_executor.py
[2025-06-25T21:35:29.217-0400] {processor.py:830} INFO - Processing file /opt/anaconda3/envs/airflow_env/lib/python3.10/site-packages/airflow/example_dags/example_kubernetes_executor.py for tasks to queue
[2025-06-25T21:35:29.217-0400] {logging_mixin.py:188} INFO - [2025-06-25T21:35:29.217-0400] {dagbag.py:545} INFO - Filling up the DagBag from /opt/anaconda3/envs/airflow_env/lib/python3.10/site-packages/airflow/example_dags/example_kubernetes_executor.py
[2025-06-25T21:35:29.229-0400] {logging_mixin.py:188} INFO - [2025-06-25T21:35:29.229-0400] {example_kubernetes_executor.py:39} WARNING - The example_kubernetes_executor example DAG requires the kubernetes provider. Please install it with: pip install apache-airflow[cncf.kubernetes]
[2025-06-25T21:35:29.229-0400] {processor.py:842} WARNING - No viable dags retrieved from /opt/anaconda3/envs/airflow_env/lib/python3.10/site-packages/airflow/example_dags/example_kubernetes_executor.py
[2025-06-25T21:35:29.255-0400] {processor.py:183} INFO - Processing /opt/anaconda3/envs/airflow_env/lib/python3.10/site-packages/airflow/example_dags/example_kubernetes_executor.py took 0.041 seconds
[2025-06-25T21:36:30.728-0400] {processor.py:161} INFO - Started process (PID=71041) to work on /opt/anaconda3/envs/airflow_env/lib/python3.10/site-packages/airflow/example_dags/example_kubernetes_executor.py
[2025-06-25T21:36:30.729-0400] {processor.py:830} INFO - Processing file /opt/anaconda3/envs/airflow_env/lib/python3.10/site-packages/airflow/example_dags/example_kubernetes_executor.py for tasks to queue
[2025-06-25T21:36:30.729-0400] {logging_mixin.py:188} INFO - [2025-06-25T21:36:30.729-0400] {dagbag.py:545} INFO - Filling up the DagBag from /opt/anaconda3/envs/airflow_env/lib/python3.10/site-packages/airflow/example_dags/example_kubernetes_executor.py
[2025-06-25T21:36:30.741-0400] {logging_mixin.py:188} INFO - [2025-06-25T21:36:30.741-0400] {example_kubernetes_executor.py:39} WARNING - The example_kubernetes_executor example DAG requires the kubernetes provider. Please install it with: pip install apache-airflow[cncf.kubernetes]
[2025-06-25T21:36:30.742-0400] {processor.py:842} WARNING - No viable dags retrieved from /opt/anaconda3/envs/airflow_env/lib/python3.10/site-packages/airflow/example_dags/example_kubernetes_executor.py
[2025-06-25T21:36:30.768-0400] {processor.py:183} INFO - Processing /opt/anaconda3/envs/airflow_env/lib/python3.10/site-packages/airflow/example_dags/example_kubernetes_executor.py took 0.041 seconds
[2025-06-25T21:37:08.877-0400] {processor.py:161} INFO - Started process (PID=71129) to work on /opt/anaconda3/envs/airflow_env/lib/python3.10/site-packages/airflow/example_dags/example_kubernetes_executor.py
[2025-06-25T21:37:08.878-0400] {processor.py:830} INFO - Processing file /opt/anaconda3/envs/airflow_env/lib/python3.10/site-packages/airflow/example_dags/example_kubernetes_executor.py for tasks to queue
[2025-06-25T21:37:08.878-0400] {logging_mixin.py:188} INFO - [2025-06-25T21:37:08.878-0400] {dagbag.py:545} INFO - Filling up the DagBag from /opt/anaconda3/envs/airflow_env/lib/python3.10/site-packages/airflow/example_dags/example_kubernetes_executor.py
[2025-06-25T21:37:08.892-0400] {logging_mixin.py:188} INFO - [2025-06-25T21:37:08.892-0400] {example_kubernetes_executor.py:39} WARNING - The example_kubernetes_executor example DAG requires the kubernetes provider. Please install it with: pip install apache-airflow[cncf.kubernetes]
[2025-06-25T21:37:08.892-0400] {processor.py:842} WARNING - No viable dags retrieved from /opt/anaconda3/envs/airflow_env/lib/python3.10/site-packages/airflow/example_dags/example_kubernetes_executor.py
[2025-06-25T21:37:08.923-0400] {processor.py:183} INFO - Processing /opt/anaconda3/envs/airflow_env/lib/python3.10/site-packages/airflow/example_dags/example_kubernetes_executor.py took 0.048 seconds
[2025-06-25T21:38:07.893-0400] {processor.py:161} INFO - Started process (PID=71221) to work on /opt/anaconda3/envs/airflow_env/lib/python3.10/site-packages/airflow/example_dags/example_kubernetes_executor.py
[2025-06-25T21:38:07.893-0400] {processor.py:830} INFO - Processing file /opt/anaconda3/envs/airflow_env/lib/python3.10/site-packages/airflow/example_dags/example_kubernetes_executor.py for tasks to queue
[2025-06-25T21:38:07.894-0400] {logging_mixin.py:188} INFO - [2025-06-25T21:38:07.894-0400] {dagbag.py:545} INFO - Filling up the DagBag from /opt/anaconda3/envs/airflow_env/lib/python3.10/site-packages/airflow/example_dags/example_kubernetes_executor.py
[2025-06-25T21:38:07.907-0400] {logging_mixin.py:188} INFO - [2025-06-25T21:38:07.907-0400] {example_kubernetes_executor.py:39} WARNING - The example_kubernetes_executor example DAG requires the kubernetes provider. Please install it with: pip install apache-airflow[cncf.kubernetes]
[2025-06-25T21:38:07.907-0400] {processor.py:842} WARNING - No viable dags retrieved from /opt/anaconda3/envs/airflow_env/lib/python3.10/site-packages/airflow/example_dags/example_kubernetes_executor.py
[2025-06-25T21:38:07.937-0400] {processor.py:183} INFO - Processing /opt/anaconda3/envs/airflow_env/lib/python3.10/site-packages/airflow/example_dags/example_kubernetes_executor.py took 0.046 seconds
[2025-06-25T21:38:55.803-0400] {processor.py:161} INFO - Started process (PID=71294) to work on /opt/anaconda3/envs/airflow_env/lib/python3.10/site-packages/airflow/example_dags/example_kubernetes_executor.py
[2025-06-25T21:38:55.803-0400] {processor.py:830} INFO - Processing file /opt/anaconda3/envs/airflow_env/lib/python3.10/site-packages/airflow/example_dags/example_kubernetes_executor.py for tasks to queue
[2025-06-25T21:38:55.803-0400] {logging_mixin.py:188} INFO - [2025-06-25T21:38:55.803-0400] {dagbag.py:545} INFO - Filling up the DagBag from /opt/anaconda3/envs/airflow_env/lib/python3.10/site-packages/airflow/example_dags/example_kubernetes_executor.py
[2025-06-25T21:38:55.816-0400] {logging_mixin.py:188} INFO - [2025-06-25T21:38:55.816-0400] {example_kubernetes_executor.py:39} WARNING - The example_kubernetes_executor example DAG requires the kubernetes provider. Please install it with: pip install apache-airflow[cncf.kubernetes]
[2025-06-25T21:38:55.816-0400] {processor.py:842} WARNING - No viable dags retrieved from /opt/anaconda3/envs/airflow_env/lib/python3.10/site-packages/airflow/example_dags/example_kubernetes_executor.py
[2025-06-25T21:38:55.844-0400] {processor.py:183} INFO - Processing /opt/anaconda3/envs/airflow_env/lib/python3.10/site-packages/airflow/example_dags/example_kubernetes_executor.py took 0.044 seconds
[2025-06-25T21:39:50.816-0400] {processor.py:161} INFO - Started process (PID=71381) to work on /opt/anaconda3/envs/airflow_env/lib/python3.10/site-packages/airflow/example_dags/example_kubernetes_executor.py
[2025-06-25T21:39:50.816-0400] {processor.py:830} INFO - Processing file /opt/anaconda3/envs/airflow_env/lib/python3.10/site-packages/airflow/example_dags/example_kubernetes_executor.py for tasks to queue
[2025-06-25T21:39:50.816-0400] {logging_mixin.py:188} INFO - [2025-06-25T21:39:50.816-0400] {dagbag.py:545} INFO - Filling up the DagBag from /opt/anaconda3/envs/airflow_env/lib/python3.10/site-packages/airflow/example_dags/example_kubernetes_executor.py
[2025-06-25T21:39:50.830-0400] {logging_mixin.py:188} INFO - [2025-06-25T21:39:50.830-0400] {example_kubernetes_executor.py:39} WARNING - The example_kubernetes_executor example DAG requires the kubernetes provider. Please install it with: pip install apache-airflow[cncf.kubernetes]
[2025-06-25T21:39:50.830-0400] {processor.py:842} WARNING - No viable dags retrieved from /opt/anaconda3/envs/airflow_env/lib/python3.10/site-packages/airflow/example_dags/example_kubernetes_executor.py
[2025-06-25T21:39:50.860-0400] {processor.py:183} INFO - Processing /opt/anaconda3/envs/airflow_env/lib/python3.10/site-packages/airflow/example_dags/example_kubernetes_executor.py took 0.046 seconds
[2025-06-25T21:40:28.443-0400] {processor.py:161} INFO - Started process (PID=71482) to work on /opt/anaconda3/envs/airflow_env/lib/python3.10/site-packages/airflow/example_dags/example_kubernetes_executor.py
[2025-06-25T21:40:28.444-0400] {processor.py:830} INFO - Processing file /opt/anaconda3/envs/airflow_env/lib/python3.10/site-packages/airflow/example_dags/example_kubernetes_executor.py for tasks to queue
[2025-06-25T21:40:28.444-0400] {logging_mixin.py:188} INFO - [2025-06-25T21:40:28.444-0400] {dagbag.py:545} INFO - Filling up the DagBag from /opt/anaconda3/envs/airflow_env/lib/python3.10/site-packages/airflow/example_dags/example_kubernetes_executor.py
[2025-06-25T21:40:28.456-0400] {logging_mixin.py:188} INFO - [2025-06-25T21:40:28.456-0400] {example_kubernetes_executor.py:39} WARNING - The example_kubernetes_executor example DAG requires the kubernetes provider. Please install it with: pip install apache-airflow[cncf.kubernetes]
[2025-06-25T21:40:28.456-0400] {processor.py:842} WARNING - No viable dags retrieved from /opt/anaconda3/envs/airflow_env/lib/python3.10/site-packages/airflow/example_dags/example_kubernetes_executor.py
[2025-06-25T21:40:28.483-0400] {processor.py:183} INFO - Processing /opt/anaconda3/envs/airflow_env/lib/python3.10/site-packages/airflow/example_dags/example_kubernetes_executor.py took 0.041 seconds
[2025-06-25T21:41:32.376-0400] {processor.py:161} INFO - Started process (PID=71590) to work on /opt/anaconda3/envs/airflow_env/lib/python3.10/site-packages/airflow/example_dags/example_kubernetes_executor.py
[2025-06-25T21:41:32.376-0400] {processor.py:830} INFO - Processing file /opt/anaconda3/envs/airflow_env/lib/python3.10/site-packages/airflow/example_dags/example_kubernetes_executor.py for tasks to queue
[2025-06-25T21:41:32.377-0400] {logging_mixin.py:188} INFO - [2025-06-25T21:41:32.377-0400] {dagbag.py:545} INFO - Filling up the DagBag from /opt/anaconda3/envs/airflow_env/lib/python3.10/site-packages/airflow/example_dags/example_kubernetes_executor.py
[2025-06-25T21:41:32.389-0400] {logging_mixin.py:188} INFO - [2025-06-25T21:41:32.389-0400] {example_kubernetes_executor.py:39} WARNING - The example_kubernetes_executor example DAG requires the kubernetes provider. Please install it with: pip install apache-airflow[cncf.kubernetes]
[2025-06-25T21:41:32.389-0400] {processor.py:842} WARNING - No viable dags retrieved from /opt/anaconda3/envs/airflow_env/lib/python3.10/site-packages/airflow/example_dags/example_kubernetes_executor.py
[2025-06-25T21:41:32.417-0400] {processor.py:183} INFO - Processing /opt/anaconda3/envs/airflow_env/lib/python3.10/site-packages/airflow/example_dags/example_kubernetes_executor.py took 0.043 seconds
[2025-06-25T21:42:04.456-0400] {processor.py:161} INFO - Started process (PID=71666) to work on /opt/anaconda3/envs/airflow_env/lib/python3.10/site-packages/airflow/example_dags/example_kubernetes_executor.py
[2025-06-25T21:42:04.457-0400] {processor.py:830} INFO - Processing file /opt/anaconda3/envs/airflow_env/lib/python3.10/site-packages/airflow/example_dags/example_kubernetes_executor.py for tasks to queue
[2025-06-25T21:42:04.457-0400] {logging_mixin.py:188} INFO - [2025-06-25T21:42:04.457-0400] {dagbag.py:545} INFO - Filling up the DagBag from /opt/anaconda3/envs/airflow_env/lib/python3.10/site-packages/airflow/example_dags/example_kubernetes_executor.py
[2025-06-25T21:42:04.469-0400] {logging_mixin.py:188} INFO - [2025-06-25T21:42:04.468-0400] {example_kubernetes_executor.py:39} WARNING - The example_kubernetes_executor example DAG requires the kubernetes provider. Please install it with: pip install apache-airflow[cncf.kubernetes]
[2025-06-25T21:42:04.469-0400] {processor.py:842} WARNING - No viable dags retrieved from /opt/anaconda3/envs/airflow_env/lib/python3.10/site-packages/airflow/example_dags/example_kubernetes_executor.py
[2025-06-25T21:42:04.495-0400] {processor.py:183} INFO - Processing /opt/anaconda3/envs/airflow_env/lib/python3.10/site-packages/airflow/example_dags/example_kubernetes_executor.py took 0.041 seconds
[2025-06-25T21:43:08.972-0400] {processor.py:161} INFO - Started process (PID=71823) to work on /opt/anaconda3/envs/airflow_env/lib/python3.10/site-packages/airflow/example_dags/example_kubernetes_executor.py
[2025-06-25T21:43:08.972-0400] {processor.py:830} INFO - Processing file /opt/anaconda3/envs/airflow_env/lib/python3.10/site-packages/airflow/example_dags/example_kubernetes_executor.py for tasks to queue
[2025-06-25T21:43:08.972-0400] {logging_mixin.py:188} INFO - [2025-06-25T21:43:08.972-0400] {dagbag.py:545} INFO - Filling up the DagBag from /opt/anaconda3/envs/airflow_env/lib/python3.10/site-packages/airflow/example_dags/example_kubernetes_executor.py
[2025-06-25T21:43:08.986-0400] {logging_mixin.py:188} INFO - [2025-06-25T21:43:08.986-0400] {example_kubernetes_executor.py:39} WARNING - The example_kubernetes_executor example DAG requires the kubernetes provider. Please install it with: pip install apache-airflow[cncf.kubernetes]
[2025-06-25T21:43:08.987-0400] {processor.py:842} WARNING - No viable dags retrieved from /opt/anaconda3/envs/airflow_env/lib/python3.10/site-packages/airflow/example_dags/example_kubernetes_executor.py
[2025-06-25T21:43:09.016-0400] {processor.py:183} INFO - Processing /opt/anaconda3/envs/airflow_env/lib/python3.10/site-packages/airflow/example_dags/example_kubernetes_executor.py took 0.047 seconds
[2025-06-25T21:43:43.188-0400] {processor.py:161} INFO - Started process (PID=71903) to work on /opt/anaconda3/envs/airflow_env/lib/python3.10/site-packages/airflow/example_dags/example_kubernetes_executor.py
[2025-06-25T21:43:43.188-0400] {processor.py:830} INFO - Processing file /opt/anaconda3/envs/airflow_env/lib/python3.10/site-packages/airflow/example_dags/example_kubernetes_executor.py for tasks to queue
[2025-06-25T21:43:43.188-0400] {logging_mixin.py:188} INFO - [2025-06-25T21:43:43.188-0400] {dagbag.py:545} INFO - Filling up the DagBag from /opt/anaconda3/envs/airflow_env/lib/python3.10/site-packages/airflow/example_dags/example_kubernetes_executor.py
[2025-06-25T21:43:43.201-0400] {logging_mixin.py:188} INFO - [2025-06-25T21:43:43.201-0400] {example_kubernetes_executor.py:39} WARNING - The example_kubernetes_executor example DAG requires the kubernetes provider. Please install it with: pip install apache-airflow[cncf.kubernetes]
[2025-06-25T21:43:43.201-0400] {processor.py:842} WARNING - No viable dags retrieved from /opt/anaconda3/envs/airflow_env/lib/python3.10/site-packages/airflow/example_dags/example_kubernetes_executor.py
[2025-06-25T21:43:43.228-0400] {processor.py:183} INFO - Processing /opt/anaconda3/envs/airflow_env/lib/python3.10/site-packages/airflow/example_dags/example_kubernetes_executor.py took 0.042 seconds
[2025-06-25T21:44:49.736-0400] {processor.py:161} INFO - Started process (PID=72031) to work on /opt/anaconda3/envs/airflow_env/lib/python3.10/site-packages/airflow/example_dags/example_kubernetes_executor.py
[2025-06-25T21:44:49.736-0400] {processor.py:830} INFO - Processing file /opt/anaconda3/envs/airflow_env/lib/python3.10/site-packages/airflow/example_dags/example_kubernetes_executor.py for tasks to queue
[2025-06-25T21:44:49.736-0400] {logging_mixin.py:188} INFO - [2025-06-25T21:44:49.736-0400] {dagbag.py:545} INFO - Filling up the DagBag from /opt/anaconda3/envs/airflow_env/lib/python3.10/site-packages/airflow/example_dags/example_kubernetes_executor.py
[2025-06-25T21:44:49.749-0400] {logging_mixin.py:188} INFO - [2025-06-25T21:44:49.749-0400] {example_kubernetes_executor.py:39} WARNING - The example_kubernetes_executor example DAG requires the kubernetes provider. Please install it with: pip install apache-airflow[cncf.kubernetes]
[2025-06-25T21:44:49.749-0400] {processor.py:842} WARNING - No viable dags retrieved from /opt/anaconda3/envs/airflow_env/lib/python3.10/site-packages/airflow/example_dags/example_kubernetes_executor.py
[2025-06-25T21:44:49.778-0400] {processor.py:183} INFO - Processing /opt/anaconda3/envs/airflow_env/lib/python3.10/site-packages/airflow/example_dags/example_kubernetes_executor.py took 0.044 seconds
[2025-06-25T21:45:26.284-0400] {processor.py:161} INFO - Started process (PID=72099) to work on /opt/anaconda3/envs/airflow_env/lib/python3.10/site-packages/airflow/example_dags/example_kubernetes_executor.py
[2025-06-25T21:45:26.284-0400] {processor.py:830} INFO - Processing file /opt/anaconda3/envs/airflow_env/lib/python3.10/site-packages/airflow/example_dags/example_kubernetes_executor.py for tasks to queue
[2025-06-25T21:45:26.284-0400] {logging_mixin.py:188} INFO - [2025-06-25T21:45:26.284-0400] {dagbag.py:545} INFO - Filling up the DagBag from /opt/anaconda3/envs/airflow_env/lib/python3.10/site-packages/airflow/example_dags/example_kubernetes_executor.py
[2025-06-25T21:45:26.298-0400] {logging_mixin.py:188} INFO - [2025-06-25T21:45:26.298-0400] {example_kubernetes_executor.py:39} WARNING - The example_kubernetes_executor example DAG requires the kubernetes provider. Please install it with: pip install apache-airflow[cncf.kubernetes]
[2025-06-25T21:45:26.298-0400] {processor.py:842} WARNING - No viable dags retrieved from /opt/anaconda3/envs/airflow_env/lib/python3.10/site-packages/airflow/example_dags/example_kubernetes_executor.py
[2025-06-25T21:45:26.327-0400] {processor.py:183} INFO - Processing /opt/anaconda3/envs/airflow_env/lib/python3.10/site-packages/airflow/example_dags/example_kubernetes_executor.py took 0.048 seconds
[2025-06-25T21:46:32.272-0400] {processor.py:161} INFO - Started process (PID=72223) to work on /opt/anaconda3/envs/airflow_env/lib/python3.10/site-packages/airflow/example_dags/example_kubernetes_executor.py
[2025-06-25T21:46:32.272-0400] {processor.py:830} INFO - Processing file /opt/anaconda3/envs/airflow_env/lib/python3.10/site-packages/airflow/example_dags/example_kubernetes_executor.py for tasks to queue
[2025-06-25T21:46:32.272-0400] {logging_mixin.py:188} INFO - [2025-06-25T21:46:32.272-0400] {dagbag.py:545} INFO - Filling up the DagBag from /opt/anaconda3/envs/airflow_env/lib/python3.10/site-packages/airflow/example_dags/example_kubernetes_executor.py
[2025-06-25T21:46:32.284-0400] {logging_mixin.py:188} INFO - [2025-06-25T21:46:32.284-0400] {example_kubernetes_executor.py:39} WARNING - The example_kubernetes_executor example DAG requires the kubernetes provider. Please install it with: pip install apache-airflow[cncf.kubernetes]
[2025-06-25T21:46:32.284-0400] {processor.py:842} WARNING - No viable dags retrieved from /opt/anaconda3/envs/airflow_env/lib/python3.10/site-packages/airflow/example_dags/example_kubernetes_executor.py
[2025-06-25T21:46:32.310-0400] {processor.py:183} INFO - Processing /opt/anaconda3/envs/airflow_env/lib/python3.10/site-packages/airflow/example_dags/example_kubernetes_executor.py took 0.040 seconds
[2025-06-25T21:47:04.419-0400] {processor.py:161} INFO - Started process (PID=72273) to work on /opt/anaconda3/envs/airflow_env/lib/python3.10/site-packages/airflow/example_dags/example_kubernetes_executor.py
[2025-06-25T21:47:04.419-0400] {processor.py:830} INFO - Processing file /opt/anaconda3/envs/airflow_env/lib/python3.10/site-packages/airflow/example_dags/example_kubernetes_executor.py for tasks to queue
[2025-06-25T21:47:04.419-0400] {logging_mixin.py:188} INFO - [2025-06-25T21:47:04.419-0400] {dagbag.py:545} INFO - Filling up the DagBag from /opt/anaconda3/envs/airflow_env/lib/python3.10/site-packages/airflow/example_dags/example_kubernetes_executor.py
[2025-06-25T21:47:04.431-0400] {logging_mixin.py:188} INFO - [2025-06-25T21:47:04.431-0400] {example_kubernetes_executor.py:39} WARNING - The example_kubernetes_executor example DAG requires the kubernetes provider. Please install it with: pip install apache-airflow[cncf.kubernetes]
[2025-06-25T21:47:04.431-0400] {processor.py:842} WARNING - No viable dags retrieved from /opt/anaconda3/envs/airflow_env/lib/python3.10/site-packages/airflow/example_dags/example_kubernetes_executor.py
[2025-06-25T21:47:04.459-0400] {processor.py:183} INFO - Processing /opt/anaconda3/envs/airflow_env/lib/python3.10/site-packages/airflow/example_dags/example_kubernetes_executor.py took 0.041 seconds
[2025-06-25T21:48:17.111-0400] {processor.py:161} INFO - Started process (PID=72438) to work on /opt/anaconda3/envs/airflow_env/lib/python3.10/site-packages/airflow/example_dags/example_kubernetes_executor.py
[2025-06-25T21:48:17.112-0400] {processor.py:830} INFO - Processing file /opt/anaconda3/envs/airflow_env/lib/python3.10/site-packages/airflow/example_dags/example_kubernetes_executor.py for tasks to queue
[2025-06-25T21:48:17.112-0400] {logging_mixin.py:188} INFO - [2025-06-25T21:48:17.112-0400] {dagbag.py:545} INFO - Filling up the DagBag from /opt/anaconda3/envs/airflow_env/lib/python3.10/site-packages/airflow/example_dags/example_kubernetes_executor.py
[2025-06-25T21:48:17.125-0400] {logging_mixin.py:188} INFO - [2025-06-25T21:48:17.125-0400] {example_kubernetes_executor.py:39} WARNING - The example_kubernetes_executor example DAG requires the kubernetes provider. Please install it with: pip install apache-airflow[cncf.kubernetes]
[2025-06-25T21:48:17.125-0400] {processor.py:842} WARNING - No viable dags retrieved from /opt/anaconda3/envs/airflow_env/lib/python3.10/site-packages/airflow/example_dags/example_kubernetes_executor.py
[2025-06-25T21:48:17.154-0400] {processor.py:183} INFO - Processing /opt/anaconda3/envs/airflow_env/lib/python3.10/site-packages/airflow/example_dags/example_kubernetes_executor.py took 0.044 seconds
[2025-06-25T21:48:52.075-0400] {processor.py:161} INFO - Started process (PID=72481) to work on /opt/anaconda3/envs/airflow_env/lib/python3.10/site-packages/airflow/example_dags/example_kubernetes_executor.py
[2025-06-25T21:48:52.075-0400] {processor.py:830} INFO - Processing file /opt/anaconda3/envs/airflow_env/lib/python3.10/site-packages/airflow/example_dags/example_kubernetes_executor.py for tasks to queue
[2025-06-25T21:48:52.075-0400] {logging_mixin.py:188} INFO - [2025-06-25T21:48:52.075-0400] {dagbag.py:545} INFO - Filling up the DagBag from /opt/anaconda3/envs/airflow_env/lib/python3.10/site-packages/airflow/example_dags/example_kubernetes_executor.py
[2025-06-25T21:48:52.091-0400] {logging_mixin.py:188} INFO - [2025-06-25T21:48:52.091-0400] {example_kubernetes_executor.py:39} WARNING - The example_kubernetes_executor example DAG requires the kubernetes provider. Please install it with: pip install apache-airflow[cncf.kubernetes]
[2025-06-25T21:48:52.091-0400] {processor.py:842} WARNING - No viable dags retrieved from /opt/anaconda3/envs/airflow_env/lib/python3.10/site-packages/airflow/example_dags/example_kubernetes_executor.py
[2025-06-25T21:48:52.119-0400] {processor.py:183} INFO - Processing /opt/anaconda3/envs/airflow_env/lib/python3.10/site-packages/airflow/example_dags/example_kubernetes_executor.py took 0.047 seconds
[2025-06-25T21:50:01.278-0400] {processor.py:161} INFO - Started process (PID=72581) to work on /opt/anaconda3/envs/airflow_env/lib/python3.10/site-packages/airflow/example_dags/example_kubernetes_executor.py
[2025-06-25T21:50:01.279-0400] {processor.py:830} INFO - Processing file /opt/anaconda3/envs/airflow_env/lib/python3.10/site-packages/airflow/example_dags/example_kubernetes_executor.py for tasks to queue
[2025-06-25T21:50:01.279-0400] {logging_mixin.py:188} INFO - [2025-06-25T21:50:01.279-0400] {dagbag.py:545} INFO - Filling up the DagBag from /opt/anaconda3/envs/airflow_env/lib/python3.10/site-packages/airflow/example_dags/example_kubernetes_executor.py
[2025-06-25T21:50:01.292-0400] {logging_mixin.py:188} INFO - [2025-06-25T21:50:01.292-0400] {example_kubernetes_executor.py:39} WARNING - The example_kubernetes_executor example DAG requires the kubernetes provider. Please install it with: pip install apache-airflow[cncf.kubernetes]
[2025-06-25T21:50:01.292-0400] {processor.py:842} WARNING - No viable dags retrieved from /opt/anaconda3/envs/airflow_env/lib/python3.10/site-packages/airflow/example_dags/example_kubernetes_executor.py
[2025-06-25T21:50:01.320-0400] {processor.py:183} INFO - Processing /opt/anaconda3/envs/airflow_env/lib/python3.10/site-packages/airflow/example_dags/example_kubernetes_executor.py took 0.044 seconds
[2025-06-25T21:50:35.881-0400] {processor.py:161} INFO - Started process (PID=72632) to work on /opt/anaconda3/envs/airflow_env/lib/python3.10/site-packages/airflow/example_dags/example_kubernetes_executor.py
[2025-06-25T21:50:35.882-0400] {processor.py:830} INFO - Processing file /opt/anaconda3/envs/airflow_env/lib/python3.10/site-packages/airflow/example_dags/example_kubernetes_executor.py for tasks to queue
[2025-06-25T21:50:35.882-0400] {logging_mixin.py:188} INFO - [2025-06-25T21:50:35.882-0400] {dagbag.py:545} INFO - Filling up the DagBag from /opt/anaconda3/envs/airflow_env/lib/python3.10/site-packages/airflow/example_dags/example_kubernetes_executor.py
[2025-06-25T21:50:35.894-0400] {logging_mixin.py:188} INFO - [2025-06-25T21:50:35.894-0400] {example_kubernetes_executor.py:39} WARNING - The example_kubernetes_executor example DAG requires the kubernetes provider. Please install it with: pip install apache-airflow[cncf.kubernetes]
[2025-06-25T21:50:35.894-0400] {processor.py:842} WARNING - No viable dags retrieved from /opt/anaconda3/envs/airflow_env/lib/python3.10/site-packages/airflow/example_dags/example_kubernetes_executor.py
[2025-06-25T21:50:35.920-0400] {processor.py:183} INFO - Processing /opt/anaconda3/envs/airflow_env/lib/python3.10/site-packages/airflow/example_dags/example_kubernetes_executor.py took 0.040 seconds
[2025-06-25T21:51:39.750-0400] {processor.py:161} INFO - Started process (PID=72734) to work on /opt/anaconda3/envs/airflow_env/lib/python3.10/site-packages/airflow/example_dags/example_kubernetes_executor.py
[2025-06-25T21:51:39.751-0400] {processor.py:830} INFO - Processing file /opt/anaconda3/envs/airflow_env/lib/python3.10/site-packages/airflow/example_dags/example_kubernetes_executor.py for tasks to queue
[2025-06-25T21:51:39.751-0400] {logging_mixin.py:188} INFO - [2025-06-25T21:51:39.751-0400] {dagbag.py:545} INFO - Filling up the DagBag from /opt/anaconda3/envs/airflow_env/lib/python3.10/site-packages/airflow/example_dags/example_kubernetes_executor.py
[2025-06-25T21:51:39.764-0400] {logging_mixin.py:188} INFO - [2025-06-25T21:51:39.764-0400] {example_kubernetes_executor.py:39} WARNING - The example_kubernetes_executor example DAG requires the kubernetes provider. Please install it with: pip install apache-airflow[cncf.kubernetes]
[2025-06-25T21:51:39.764-0400] {processor.py:842} WARNING - No viable dags retrieved from /opt/anaconda3/envs/airflow_env/lib/python3.10/site-packages/airflow/example_dags/example_kubernetes_executor.py
[2025-06-25T21:51:39.791-0400] {processor.py:183} INFO - Processing /opt/anaconda3/envs/airflow_env/lib/python3.10/site-packages/airflow/example_dags/example_kubernetes_executor.py took 0.043 seconds
[2025-06-25T21:52:16.300-0400] {processor.py:161} INFO - Started process (PID=72789) to work on /opt/anaconda3/envs/airflow_env/lib/python3.10/site-packages/airflow/example_dags/example_kubernetes_executor.py
[2025-06-25T21:52:16.300-0400] {processor.py:830} INFO - Processing file /opt/anaconda3/envs/airflow_env/lib/python3.10/site-packages/airflow/example_dags/example_kubernetes_executor.py for tasks to queue
[2025-06-25T21:52:16.301-0400] {logging_mixin.py:188} INFO - [2025-06-25T21:52:16.301-0400] {dagbag.py:545} INFO - Filling up the DagBag from /opt/anaconda3/envs/airflow_env/lib/python3.10/site-packages/airflow/example_dags/example_kubernetes_executor.py
[2025-06-25T21:52:16.314-0400] {logging_mixin.py:188} INFO - [2025-06-25T21:52:16.314-0400] {example_kubernetes_executor.py:39} WARNING - The example_kubernetes_executor example DAG requires the kubernetes provider. Please install it with: pip install apache-airflow[cncf.kubernetes]
[2025-06-25T21:52:16.314-0400] {processor.py:842} WARNING - No viable dags retrieved from /opt/anaconda3/envs/airflow_env/lib/python3.10/site-packages/airflow/example_dags/example_kubernetes_executor.py
[2025-06-25T21:52:16.341-0400] {processor.py:183} INFO - Processing /opt/anaconda3/envs/airflow_env/lib/python3.10/site-packages/airflow/example_dags/example_kubernetes_executor.py took 0.043 seconds
[2025-06-25T21:53:22.161-0400] {processor.py:161} INFO - Started process (PID=72883) to work on /opt/anaconda3/envs/airflow_env/lib/python3.10/site-packages/airflow/example_dags/example_kubernetes_executor.py
[2025-06-25T21:53:22.162-0400] {processor.py:830} INFO - Processing file /opt/anaconda3/envs/airflow_env/lib/python3.10/site-packages/airflow/example_dags/example_kubernetes_executor.py for tasks to queue
[2025-06-25T21:53:22.162-0400] {logging_mixin.py:188} INFO - [2025-06-25T21:53:22.162-0400] {dagbag.py:545} INFO - Filling up the DagBag from /opt/anaconda3/envs/airflow_env/lib/python3.10/site-packages/airflow/example_dags/example_kubernetes_executor.py
[2025-06-25T21:53:22.175-0400] {logging_mixin.py:188} INFO - [2025-06-25T21:53:22.174-0400] {example_kubernetes_executor.py:39} WARNING - The example_kubernetes_executor example DAG requires the kubernetes provider. Please install it with: pip install apache-airflow[cncf.kubernetes]
[2025-06-25T21:53:22.175-0400] {processor.py:842} WARNING - No viable dags retrieved from /opt/anaconda3/envs/airflow_env/lib/python3.10/site-packages/airflow/example_dags/example_kubernetes_executor.py
[2025-06-25T21:53:22.201-0400] {processor.py:183} INFO - Processing /opt/anaconda3/envs/airflow_env/lib/python3.10/site-packages/airflow/example_dags/example_kubernetes_executor.py took 0.041 seconds
[2025-06-25T21:53:52.564-0400] {processor.py:161} INFO - Started process (PID=72965) to work on /opt/anaconda3/envs/airflow_env/lib/python3.10/site-packages/airflow/example_dags/example_kubernetes_executor.py
[2025-06-25T21:53:52.564-0400] {processor.py:830} INFO - Processing file /opt/anaconda3/envs/airflow_env/lib/python3.10/site-packages/airflow/example_dags/example_kubernetes_executor.py for tasks to queue
[2025-06-25T21:53:52.564-0400] {logging_mixin.py:188} INFO - [2025-06-25T21:53:52.564-0400] {dagbag.py:545} INFO - Filling up the DagBag from /opt/anaconda3/envs/airflow_env/lib/python3.10/site-packages/airflow/example_dags/example_kubernetes_executor.py
[2025-06-25T21:53:52.577-0400] {logging_mixin.py:188} INFO - [2025-06-25T21:53:52.577-0400] {example_kubernetes_executor.py:39} WARNING - The example_kubernetes_executor example DAG requires the kubernetes provider. Please install it with: pip install apache-airflow[cncf.kubernetes]
[2025-06-25T21:53:52.577-0400] {processor.py:842} WARNING - No viable dags retrieved from /opt/anaconda3/envs/airflow_env/lib/python3.10/site-packages/airflow/example_dags/example_kubernetes_executor.py
[2025-06-25T21:53:52.604-0400] {processor.py:183} INFO - Processing /opt/anaconda3/envs/airflow_env/lib/python3.10/site-packages/airflow/example_dags/example_kubernetes_executor.py took 0.042 seconds
[2025-06-25T21:54:57.485-0400] {processor.py:161} INFO - Started process (PID=73094) to work on /opt/anaconda3/envs/airflow_env/lib/python3.10/site-packages/airflow/example_dags/example_kubernetes_executor.py
[2025-06-25T21:54:57.485-0400] {processor.py:830} INFO - Processing file /opt/anaconda3/envs/airflow_env/lib/python3.10/site-packages/airflow/example_dags/example_kubernetes_executor.py for tasks to queue
[2025-06-25T21:54:57.486-0400] {logging_mixin.py:188} INFO - [2025-06-25T21:54:57.486-0400] {dagbag.py:545} INFO - Filling up the DagBag from /opt/anaconda3/envs/airflow_env/lib/python3.10/site-packages/airflow/example_dags/example_kubernetes_executor.py
[2025-06-25T21:54:57.499-0400] {logging_mixin.py:188} INFO - [2025-06-25T21:54:57.499-0400] {example_kubernetes_executor.py:39} WARNING - The example_kubernetes_executor example DAG requires the kubernetes provider. Please install it with: pip install apache-airflow[cncf.kubernetes]
[2025-06-25T21:54:57.499-0400] {processor.py:842} WARNING - No viable dags retrieved from /opt/anaconda3/envs/airflow_env/lib/python3.10/site-packages/airflow/example_dags/example_kubernetes_executor.py
[2025-06-25T21:54:57.528-0400] {processor.py:183} INFO - Processing /opt/anaconda3/envs/airflow_env/lib/python3.10/site-packages/airflow/example_dags/example_kubernetes_executor.py took 0.045 seconds
[2025-06-25T21:55:34.313-0400] {processor.py:161} INFO - Started process (PID=73160) to work on /opt/anaconda3/envs/airflow_env/lib/python3.10/site-packages/airflow/example_dags/example_kubernetes_executor.py
[2025-06-25T21:55:34.314-0400] {processor.py:830} INFO - Processing file /opt/anaconda3/envs/airflow_env/lib/python3.10/site-packages/airflow/example_dags/example_kubernetes_executor.py for tasks to queue
[2025-06-25T21:55:34.314-0400] {logging_mixin.py:188} INFO - [2025-06-25T21:55:34.314-0400] {dagbag.py:545} INFO - Filling up the DagBag from /opt/anaconda3/envs/airflow_env/lib/python3.10/site-packages/airflow/example_dags/example_kubernetes_executor.py
[2025-06-25T21:55:34.327-0400] {logging_mixin.py:188} INFO - [2025-06-25T21:55:34.327-0400] {example_kubernetes_executor.py:39} WARNING - The example_kubernetes_executor example DAG requires the kubernetes provider. Please install it with: pip install apache-airflow[cncf.kubernetes]
[2025-06-25T21:55:34.327-0400] {processor.py:842} WARNING - No viable dags retrieved from /opt/anaconda3/envs/airflow_env/lib/python3.10/site-packages/airflow/example_dags/example_kubernetes_executor.py
[2025-06-25T21:55:34.354-0400] {processor.py:183} INFO - Processing /opt/anaconda3/envs/airflow_env/lib/python3.10/site-packages/airflow/example_dags/example_kubernetes_executor.py took 0.043 seconds
[2025-06-25T21:56:44.707-0400] {processor.py:161} INFO - Started process (PID=73259) to work on /opt/anaconda3/envs/airflow_env/lib/python3.10/site-packages/airflow/example_dags/example_kubernetes_executor.py
[2025-06-25T21:56:44.708-0400] {processor.py:830} INFO - Processing file /opt/anaconda3/envs/airflow_env/lib/python3.10/site-packages/airflow/example_dags/example_kubernetes_executor.py for tasks to queue
[2025-06-25T21:56:44.709-0400] {logging_mixin.py:188} INFO - [2025-06-25T21:56:44.709-0400] {dagbag.py:545} INFO - Filling up the DagBag from /opt/anaconda3/envs/airflow_env/lib/python3.10/site-packages/airflow/example_dags/example_kubernetes_executor.py
[2025-06-25T21:56:44.721-0400] {logging_mixin.py:188} INFO - [2025-06-25T21:56:44.721-0400] {example_kubernetes_executor.py:39} WARNING - The example_kubernetes_executor example DAG requires the kubernetes provider. Please install it with: pip install apache-airflow[cncf.kubernetes]
[2025-06-25T21:56:44.722-0400] {processor.py:842} WARNING - No viable dags retrieved from /opt/anaconda3/envs/airflow_env/lib/python3.10/site-packages/airflow/example_dags/example_kubernetes_executor.py
[2025-06-25T21:56:44.751-0400] {processor.py:183} INFO - Processing /opt/anaconda3/envs/airflow_env/lib/python3.10/site-packages/airflow/example_dags/example_kubernetes_executor.py took 0.045 seconds
[2025-06-25T21:57:21.166-0400] {processor.py:161} INFO - Started process (PID=73314) to work on /opt/anaconda3/envs/airflow_env/lib/python3.10/site-packages/airflow/example_dags/example_kubernetes_executor.py
[2025-06-25T21:57:21.167-0400] {processor.py:830} INFO - Processing file /opt/anaconda3/envs/airflow_env/lib/python3.10/site-packages/airflow/example_dags/example_kubernetes_executor.py for tasks to queue
[2025-06-25T21:57:21.167-0400] {logging_mixin.py:188} INFO - [2025-06-25T21:57:21.167-0400] {dagbag.py:545} INFO - Filling up the DagBag from /opt/anaconda3/envs/airflow_env/lib/python3.10/site-packages/airflow/example_dags/example_kubernetes_executor.py
[2025-06-25T21:57:21.180-0400] {logging_mixin.py:188} INFO - [2025-06-25T21:57:21.180-0400] {example_kubernetes_executor.py:39} WARNING - The example_kubernetes_executor example DAG requires the kubernetes provider. Please install it with: pip install apache-airflow[cncf.kubernetes]
[2025-06-25T21:57:21.181-0400] {processor.py:842} WARNING - No viable dags retrieved from /opt/anaconda3/envs/airflow_env/lib/python3.10/site-packages/airflow/example_dags/example_kubernetes_executor.py
[2025-06-25T21:57:21.209-0400] {processor.py:183} INFO - Processing /opt/anaconda3/envs/airflow_env/lib/python3.10/site-packages/airflow/example_dags/example_kubernetes_executor.py took 0.045 seconds
[2025-06-25T21:58:29.627-0400] {processor.py:161} INFO - Started process (PID=73435) to work on /opt/anaconda3/envs/airflow_env/lib/python3.10/site-packages/airflow/example_dags/example_kubernetes_executor.py
[2025-06-25T21:58:29.627-0400] {processor.py:830} INFO - Processing file /opt/anaconda3/envs/airflow_env/lib/python3.10/site-packages/airflow/example_dags/example_kubernetes_executor.py for tasks to queue
[2025-06-25T21:58:29.628-0400] {logging_mixin.py:188} INFO - [2025-06-25T21:58:29.627-0400] {dagbag.py:545} INFO - Filling up the DagBag from /opt/anaconda3/envs/airflow_env/lib/python3.10/site-packages/airflow/example_dags/example_kubernetes_executor.py
[2025-06-25T21:58:29.643-0400] {logging_mixin.py:188} INFO - [2025-06-25T21:58:29.643-0400] {example_kubernetes_executor.py:39} WARNING - The example_kubernetes_executor example DAG requires the kubernetes provider. Please install it with: pip install apache-airflow[cncf.kubernetes]
[2025-06-25T21:58:29.643-0400] {processor.py:842} WARNING - No viable dags retrieved from /opt/anaconda3/envs/airflow_env/lib/python3.10/site-packages/airflow/example_dags/example_kubernetes_executor.py
[2025-06-25T21:58:29.671-0400] {processor.py:183} INFO - Processing /opt/anaconda3/envs/airflow_env/lib/python3.10/site-packages/airflow/example_dags/example_kubernetes_executor.py took 0.047 seconds
[2025-06-25T21:59:06.371-0400] {processor.py:161} INFO - Started process (PID=73480) to work on /opt/anaconda3/envs/airflow_env/lib/python3.10/site-packages/airflow/example_dags/example_kubernetes_executor.py
[2025-06-25T21:59:06.372-0400] {processor.py:830} INFO - Processing file /opt/anaconda3/envs/airflow_env/lib/python3.10/site-packages/airflow/example_dags/example_kubernetes_executor.py for tasks to queue
[2025-06-25T21:59:06.373-0400] {logging_mixin.py:188} INFO - [2025-06-25T21:59:06.373-0400] {dagbag.py:545} INFO - Filling up the DagBag from /opt/anaconda3/envs/airflow_env/lib/python3.10/site-packages/airflow/example_dags/example_kubernetes_executor.py
[2025-06-25T21:59:06.386-0400] {logging_mixin.py:188} INFO - [2025-06-25T21:59:06.386-0400] {example_kubernetes_executor.py:39} WARNING - The example_kubernetes_executor example DAG requires the kubernetes provider. Please install it with: pip install apache-airflow[cncf.kubernetes]
[2025-06-25T21:59:06.386-0400] {processor.py:842} WARNING - No viable dags retrieved from /opt/anaconda3/envs/airflow_env/lib/python3.10/site-packages/airflow/example_dags/example_kubernetes_executor.py
[2025-06-25T21:59:06.413-0400] {processor.py:183} INFO - Processing /opt/anaconda3/envs/airflow_env/lib/python3.10/site-packages/airflow/example_dags/example_kubernetes_executor.py took 0.045 seconds
[2025-06-25T22:00:27.677-0400] {processor.py:161} INFO - Started process (PID=73591) to work on /opt/anaconda3/envs/airflow_env/lib/python3.10/site-packages/airflow/example_dags/example_kubernetes_executor.py
[2025-06-25T22:00:27.677-0400] {processor.py:830} INFO - Processing file /opt/anaconda3/envs/airflow_env/lib/python3.10/site-packages/airflow/example_dags/example_kubernetes_executor.py for tasks to queue
[2025-06-25T22:00:27.677-0400] {logging_mixin.py:188} INFO - [2025-06-25T22:00:27.677-0400] {dagbag.py:545} INFO - Filling up the DagBag from /opt/anaconda3/envs/airflow_env/lib/python3.10/site-packages/airflow/example_dags/example_kubernetes_executor.py
[2025-06-25T22:00:27.703-0400] {logging_mixin.py:188} INFO - [2025-06-25T22:00:27.703-0400] {example_kubernetes_executor.py:39} WARNING - The example_kubernetes_executor example DAG requires the kubernetes provider. Please install it with: pip install apache-airflow[cncf.kubernetes]
[2025-06-25T22:00:27.704-0400] {processor.py:842} WARNING - No viable dags retrieved from /opt/anaconda3/envs/airflow_env/lib/python3.10/site-packages/airflow/example_dags/example_kubernetes_executor.py
[2025-06-25T22:00:27.740-0400] {processor.py:183} INFO - Processing /opt/anaconda3/envs/airflow_env/lib/python3.10/site-packages/airflow/example_dags/example_kubernetes_executor.py took 0.066 seconds
[2025-06-25T22:01:01.636-0400] {processor.py:161} INFO - Started process (PID=73642) to work on /opt/anaconda3/envs/airflow_env/lib/python3.10/site-packages/airflow/example_dags/example_kubernetes_executor.py
[2025-06-25T22:01:01.637-0400] {processor.py:830} INFO - Processing file /opt/anaconda3/envs/airflow_env/lib/python3.10/site-packages/airflow/example_dags/example_kubernetes_executor.py for tasks to queue
[2025-06-25T22:01:01.637-0400] {logging_mixin.py:188} INFO - [2025-06-25T22:01:01.637-0400] {dagbag.py:545} INFO - Filling up the DagBag from /opt/anaconda3/envs/airflow_env/lib/python3.10/site-packages/airflow/example_dags/example_kubernetes_executor.py
[2025-06-25T22:01:01.650-0400] {logging_mixin.py:188} INFO - [2025-06-25T22:01:01.650-0400] {example_kubernetes_executor.py:39} WARNING - The example_kubernetes_executor example DAG requires the kubernetes provider. Please install it with: pip install apache-airflow[cncf.kubernetes]
[2025-06-25T22:01:01.650-0400] {processor.py:842} WARNING - No viable dags retrieved from /opt/anaconda3/envs/airflow_env/lib/python3.10/site-packages/airflow/example_dags/example_kubernetes_executor.py
[2025-06-25T22:01:01.677-0400] {processor.py:183} INFO - Processing /opt/anaconda3/envs/airflow_env/lib/python3.10/site-packages/airflow/example_dags/example_kubernetes_executor.py took 0.043 seconds
[2025-06-25T22:02:09.978-0400] {processor.py:161} INFO - Started process (PID=73761) to work on /opt/anaconda3/envs/airflow_env/lib/python3.10/site-packages/airflow/example_dags/example_kubernetes_executor.py
[2025-06-25T22:02:09.979-0400] {processor.py:830} INFO - Processing file /opt/anaconda3/envs/airflow_env/lib/python3.10/site-packages/airflow/example_dags/example_kubernetes_executor.py for tasks to queue
[2025-06-25T22:02:09.979-0400] {logging_mixin.py:188} INFO - [2025-06-25T22:02:09.979-0400] {dagbag.py:545} INFO - Filling up the DagBag from /opt/anaconda3/envs/airflow_env/lib/python3.10/site-packages/airflow/example_dags/example_kubernetes_executor.py
[2025-06-25T22:02:09.991-0400] {logging_mixin.py:188} INFO - [2025-06-25T22:02:09.991-0400] {example_kubernetes_executor.py:39} WARNING - The example_kubernetes_executor example DAG requires the kubernetes provider. Please install it with: pip install apache-airflow[cncf.kubernetes]
[2025-06-25T22:02:09.991-0400] {processor.py:842} WARNING - No viable dags retrieved from /opt/anaconda3/envs/airflow_env/lib/python3.10/site-packages/airflow/example_dags/example_kubernetes_executor.py
[2025-06-25T22:02:10.018-0400] {processor.py:183} INFO - Processing /opt/anaconda3/envs/airflow_env/lib/python3.10/site-packages/airflow/example_dags/example_kubernetes_executor.py took 0.041 seconds
[2025-06-25T22:02:38.226-0400] {processor.py:161} INFO - Started process (PID=73805) to work on /opt/anaconda3/envs/airflow_env/lib/python3.10/site-packages/airflow/example_dags/example_kubernetes_executor.py
[2025-06-25T22:02:38.227-0400] {processor.py:830} INFO - Processing file /opt/anaconda3/envs/airflow_env/lib/python3.10/site-packages/airflow/example_dags/example_kubernetes_executor.py for tasks to queue
[2025-06-25T22:02:38.227-0400] {logging_mixin.py:188} INFO - [2025-06-25T22:02:38.227-0400] {dagbag.py:545} INFO - Filling up the DagBag from /opt/anaconda3/envs/airflow_env/lib/python3.10/site-packages/airflow/example_dags/example_kubernetes_executor.py
[2025-06-25T22:02:38.240-0400] {logging_mixin.py:188} INFO - [2025-06-25T22:02:38.240-0400] {example_kubernetes_executor.py:39} WARNING - The example_kubernetes_executor example DAG requires the kubernetes provider. Please install it with: pip install apache-airflow[cncf.kubernetes]
[2025-06-25T22:02:38.240-0400] {processor.py:842} WARNING - No viable dags retrieved from /opt/anaconda3/envs/airflow_env/lib/python3.10/site-packages/airflow/example_dags/example_kubernetes_executor.py
[2025-06-25T22:02:38.269-0400] {processor.py:183} INFO - Processing /opt/anaconda3/envs/airflow_env/lib/python3.10/site-packages/airflow/example_dags/example_kubernetes_executor.py took 0.044 seconds
[2025-06-25T22:03:47.079-0400] {processor.py:161} INFO - Started process (PID=73905) to work on /opt/anaconda3/envs/airflow_env/lib/python3.10/site-packages/airflow/example_dags/example_kubernetes_executor.py
[2025-06-25T22:03:47.080-0400] {processor.py:830} INFO - Processing file /opt/anaconda3/envs/airflow_env/lib/python3.10/site-packages/airflow/example_dags/example_kubernetes_executor.py for tasks to queue
[2025-06-25T22:03:47.081-0400] {logging_mixin.py:188} INFO - [2025-06-25T22:03:47.080-0400] {dagbag.py:545} INFO - Filling up the DagBag from /opt/anaconda3/envs/airflow_env/lib/python3.10/site-packages/airflow/example_dags/example_kubernetes_executor.py
[2025-06-25T22:03:47.093-0400] {logging_mixin.py:188} INFO - [2025-06-25T22:03:47.093-0400] {example_kubernetes_executor.py:39} WARNING - The example_kubernetes_executor example DAG requires the kubernetes provider. Please install it with: pip install apache-airflow[cncf.kubernetes]
[2025-06-25T22:03:47.093-0400] {processor.py:842} WARNING - No viable dags retrieved from /opt/anaconda3/envs/airflow_env/lib/python3.10/site-packages/airflow/example_dags/example_kubernetes_executor.py
[2025-06-25T22:03:47.119-0400] {processor.py:183} INFO - Processing /opt/anaconda3/envs/airflow_env/lib/python3.10/site-packages/airflow/example_dags/example_kubernetes_executor.py took 0.041 seconds
[2025-06-25T22:04:22.386-0400] {processor.py:161} INFO - Started process (PID=73958) to work on /opt/anaconda3/envs/airflow_env/lib/python3.10/site-packages/airflow/example_dags/example_kubernetes_executor.py
[2025-06-25T22:04:22.388-0400] {processor.py:830} INFO - Processing file /opt/anaconda3/envs/airflow_env/lib/python3.10/site-packages/airflow/example_dags/example_kubernetes_executor.py for tasks to queue
[2025-06-25T22:04:22.388-0400] {logging_mixin.py:188} INFO - [2025-06-25T22:04:22.388-0400] {dagbag.py:545} INFO - Filling up the DagBag from /opt/anaconda3/envs/airflow_env/lib/python3.10/site-packages/airflow/example_dags/example_kubernetes_executor.py
[2025-06-25T22:04:22.402-0400] {logging_mixin.py:188} INFO - [2025-06-25T22:04:22.402-0400] {example_kubernetes_executor.py:39} WARNING - The example_kubernetes_executor example DAG requires the kubernetes provider. Please install it with: pip install apache-airflow[cncf.kubernetes]
[2025-06-25T22:04:22.402-0400] {processor.py:842} WARNING - No viable dags retrieved from /opt/anaconda3/envs/airflow_env/lib/python3.10/site-packages/airflow/example_dags/example_kubernetes_executor.py
[2025-06-25T22:04:22.430-0400] {processor.py:183} INFO - Processing /opt/anaconda3/envs/airflow_env/lib/python3.10/site-packages/airflow/example_dags/example_kubernetes_executor.py took 0.046 seconds
[2025-06-25T22:05:22.782-0400] {processor.py:161} INFO - Started process (PID=74042) to work on /opt/anaconda3/envs/airflow_env/lib/python3.10/site-packages/airflow/example_dags/example_kubernetes_executor.py
[2025-06-25T22:05:22.783-0400] {processor.py:830} INFO - Processing file /opt/anaconda3/envs/airflow_env/lib/python3.10/site-packages/airflow/example_dags/example_kubernetes_executor.py for tasks to queue
[2025-06-25T22:05:22.783-0400] {logging_mixin.py:188} INFO - [2025-06-25T22:05:22.783-0400] {dagbag.py:545} INFO - Filling up the DagBag from /opt/anaconda3/envs/airflow_env/lib/python3.10/site-packages/airflow/example_dags/example_kubernetes_executor.py
[2025-06-25T22:05:22.795-0400] {logging_mixin.py:188} INFO - [2025-06-25T22:05:22.795-0400] {example_kubernetes_executor.py:39} WARNING - The example_kubernetes_executor example DAG requires the kubernetes provider. Please install it with: pip install apache-airflow[cncf.kubernetes]
[2025-06-25T22:05:22.795-0400] {processor.py:842} WARNING - No viable dags retrieved from /opt/anaconda3/envs/airflow_env/lib/python3.10/site-packages/airflow/example_dags/example_kubernetes_executor.py
[2025-06-25T22:05:22.822-0400] {processor.py:183} INFO - Processing /opt/anaconda3/envs/airflow_env/lib/python3.10/site-packages/airflow/example_dags/example_kubernetes_executor.py took 0.042 seconds
[2025-06-25T22:06:04.181-0400] {processor.py:161} INFO - Started process (PID=74099) to work on /opt/anaconda3/envs/airflow_env/lib/python3.10/site-packages/airflow/example_dags/example_kubernetes_executor.py
[2025-06-25T22:06:04.181-0400] {processor.py:830} INFO - Processing file /opt/anaconda3/envs/airflow_env/lib/python3.10/site-packages/airflow/example_dags/example_kubernetes_executor.py for tasks to queue
[2025-06-25T22:06:04.182-0400] {logging_mixin.py:188} INFO - [2025-06-25T22:06:04.182-0400] {dagbag.py:545} INFO - Filling up the DagBag from /opt/anaconda3/envs/airflow_env/lib/python3.10/site-packages/airflow/example_dags/example_kubernetes_executor.py
[2025-06-25T22:06:04.199-0400] {logging_mixin.py:188} INFO - [2025-06-25T22:06:04.198-0400] {example_kubernetes_executor.py:39} WARNING - The example_kubernetes_executor example DAG requires the kubernetes provider. Please install it with: pip install apache-airflow[cncf.kubernetes]
[2025-06-25T22:06:04.199-0400] {processor.py:842} WARNING - No viable dags retrieved from /opt/anaconda3/envs/airflow_env/lib/python3.10/site-packages/airflow/example_dags/example_kubernetes_executor.py
[2025-06-25T22:06:04.235-0400] {processor.py:183} INFO - Processing /opt/anaconda3/envs/airflow_env/lib/python3.10/site-packages/airflow/example_dags/example_kubernetes_executor.py took 0.057 seconds
[2025-06-25T22:07:07.039-0400] {processor.py:161} INFO - Started process (PID=74203) to work on /opt/anaconda3/envs/airflow_env/lib/python3.10/site-packages/airflow/example_dags/example_kubernetes_executor.py
[2025-06-25T22:07:07.040-0400] {processor.py:830} INFO - Processing file /opt/anaconda3/envs/airflow_env/lib/python3.10/site-packages/airflow/example_dags/example_kubernetes_executor.py for tasks to queue
[2025-06-25T22:07:07.040-0400] {logging_mixin.py:188} INFO - [2025-06-25T22:07:07.040-0400] {dagbag.py:545} INFO - Filling up the DagBag from /opt/anaconda3/envs/airflow_env/lib/python3.10/site-packages/airflow/example_dags/example_kubernetes_executor.py
[2025-06-25T22:07:07.052-0400] {logging_mixin.py:188} INFO - [2025-06-25T22:07:07.052-0400] {example_kubernetes_executor.py:39} WARNING - The example_kubernetes_executor example DAG requires the kubernetes provider. Please install it with: pip install apache-airflow[cncf.kubernetes]
[2025-06-25T22:07:07.052-0400] {processor.py:842} WARNING - No viable dags retrieved from /opt/anaconda3/envs/airflow_env/lib/python3.10/site-packages/airflow/example_dags/example_kubernetes_executor.py
[2025-06-25T22:07:07.079-0400] {processor.py:183} INFO - Processing /opt/anaconda3/envs/airflow_env/lib/python3.10/site-packages/airflow/example_dags/example_kubernetes_executor.py took 0.042 seconds
[2025-06-25T22:07:41.348-0400] {processor.py:161} INFO - Started process (PID=74260) to work on /opt/anaconda3/envs/airflow_env/lib/python3.10/site-packages/airflow/example_dags/example_kubernetes_executor.py
[2025-06-25T22:07:41.349-0400] {processor.py:830} INFO - Processing file /opt/anaconda3/envs/airflow_env/lib/python3.10/site-packages/airflow/example_dags/example_kubernetes_executor.py for tasks to queue
[2025-06-25T22:07:41.350-0400] {logging_mixin.py:188} INFO - [2025-06-25T22:07:41.350-0400] {dagbag.py:545} INFO - Filling up the DagBag from /opt/anaconda3/envs/airflow_env/lib/python3.10/site-packages/airflow/example_dags/example_kubernetes_executor.py
[2025-06-25T22:07:41.363-0400] {logging_mixin.py:188} INFO - [2025-06-25T22:07:41.363-0400] {example_kubernetes_executor.py:39} WARNING - The example_kubernetes_executor example DAG requires the kubernetes provider. Please install it with: pip install apache-airflow[cncf.kubernetes]
[2025-06-25T22:07:41.363-0400] {processor.py:842} WARNING - No viable dags retrieved from /opt/anaconda3/envs/airflow_env/lib/python3.10/site-packages/airflow/example_dags/example_kubernetes_executor.py
[2025-06-25T22:07:41.392-0400] {processor.py:183} INFO - Processing /opt/anaconda3/envs/airflow_env/lib/python3.10/site-packages/airflow/example_dags/example_kubernetes_executor.py took 0.046 seconds
[2025-06-25T22:08:48.131-0400] {processor.py:161} INFO - Started process (PID=74367) to work on /opt/anaconda3/envs/airflow_env/lib/python3.10/site-packages/airflow/example_dags/example_kubernetes_executor.py
[2025-06-25T22:08:48.132-0400] {processor.py:830} INFO - Processing file /opt/anaconda3/envs/airflow_env/lib/python3.10/site-packages/airflow/example_dags/example_kubernetes_executor.py for tasks to queue
[2025-06-25T22:08:48.132-0400] {logging_mixin.py:188} INFO - [2025-06-25T22:08:48.132-0400] {dagbag.py:545} INFO - Filling up the DagBag from /opt/anaconda3/envs/airflow_env/lib/python3.10/site-packages/airflow/example_dags/example_kubernetes_executor.py
[2025-06-25T22:08:48.145-0400] {logging_mixin.py:188} INFO - [2025-06-25T22:08:48.145-0400] {example_kubernetes_executor.py:39} WARNING - The example_kubernetes_executor example DAG requires the kubernetes provider. Please install it with: pip install apache-airflow[cncf.kubernetes]
[2025-06-25T22:08:48.145-0400] {processor.py:842} WARNING - No viable dags retrieved from /opt/anaconda3/envs/airflow_env/lib/python3.10/site-packages/airflow/example_dags/example_kubernetes_executor.py
[2025-06-25T22:08:48.175-0400] {processor.py:183} INFO - Processing /opt/anaconda3/envs/airflow_env/lib/python3.10/site-packages/airflow/example_dags/example_kubernetes_executor.py took 0.045 seconds
[2025-06-25T22:09:18.258-0400] {processor.py:161} INFO - Started process (PID=74412) to work on /opt/anaconda3/envs/airflow_env/lib/python3.10/site-packages/airflow/example_dags/example_kubernetes_executor.py
[2025-06-25T22:09:18.258-0400] {processor.py:830} INFO - Processing file /opt/anaconda3/envs/airflow_env/lib/python3.10/site-packages/airflow/example_dags/example_kubernetes_executor.py for tasks to queue
[2025-06-25T22:09:18.259-0400] {logging_mixin.py:188} INFO - [2025-06-25T22:09:18.258-0400] {dagbag.py:545} INFO - Filling up the DagBag from /opt/anaconda3/envs/airflow_env/lib/python3.10/site-packages/airflow/example_dags/example_kubernetes_executor.py
[2025-06-25T22:09:18.271-0400] {logging_mixin.py:188} INFO - [2025-06-25T22:09:18.271-0400] {example_kubernetes_executor.py:39} WARNING - The example_kubernetes_executor example DAG requires the kubernetes provider. Please install it with: pip install apache-airflow[cncf.kubernetes]
[2025-06-25T22:09:18.271-0400] {processor.py:842} WARNING - No viable dags retrieved from /opt/anaconda3/envs/airflow_env/lib/python3.10/site-packages/airflow/example_dags/example_kubernetes_executor.py
[2025-06-25T22:09:18.297-0400] {processor.py:183} INFO - Processing /opt/anaconda3/envs/airflow_env/lib/python3.10/site-packages/airflow/example_dags/example_kubernetes_executor.py took 0.041 seconds
[2025-06-25T22:10:21.271-0400] {processor.py:161} INFO - Started process (PID=74499) to work on /opt/anaconda3/envs/airflow_env/lib/python3.10/site-packages/airflow/example_dags/example_kubernetes_executor.py
[2025-06-25T22:10:21.272-0400] {processor.py:830} INFO - Processing file /opt/anaconda3/envs/airflow_env/lib/python3.10/site-packages/airflow/example_dags/example_kubernetes_executor.py for tasks to queue
[2025-06-25T22:10:21.272-0400] {logging_mixin.py:188} INFO - [2025-06-25T22:10:21.272-0400] {dagbag.py:545} INFO - Filling up the DagBag from /opt/anaconda3/envs/airflow_env/lib/python3.10/site-packages/airflow/example_dags/example_kubernetes_executor.py
[2025-06-25T22:10:21.285-0400] {logging_mixin.py:188} INFO - [2025-06-25T22:10:21.285-0400] {example_kubernetes_executor.py:39} WARNING - The example_kubernetes_executor example DAG requires the kubernetes provider. Please install it with: pip install apache-airflow[cncf.kubernetes]
[2025-06-25T22:10:21.285-0400] {processor.py:842} WARNING - No viable dags retrieved from /opt/anaconda3/envs/airflow_env/lib/python3.10/site-packages/airflow/example_dags/example_kubernetes_executor.py
[2025-06-25T22:10:21.313-0400] {processor.py:183} INFO - Processing /opt/anaconda3/envs/airflow_env/lib/python3.10/site-packages/airflow/example_dags/example_kubernetes_executor.py took 0.044 seconds
[2025-06-25T22:11:04.188-0400] {processor.py:161} INFO - Started process (PID=74558) to work on /opt/anaconda3/envs/airflow_env/lib/python3.10/site-packages/airflow/example_dags/example_kubernetes_executor.py
[2025-06-25T22:11:04.189-0400] {processor.py:830} INFO - Processing file /opt/anaconda3/envs/airflow_env/lib/python3.10/site-packages/airflow/example_dags/example_kubernetes_executor.py for tasks to queue
[2025-06-25T22:11:04.190-0400] {logging_mixin.py:188} INFO - [2025-06-25T22:11:04.189-0400] {dagbag.py:545} INFO - Filling up the DagBag from /opt/anaconda3/envs/airflow_env/lib/python3.10/site-packages/airflow/example_dags/example_kubernetes_executor.py
[2025-06-25T22:11:04.208-0400] {logging_mixin.py:188} INFO - [2025-06-25T22:11:04.208-0400] {example_kubernetes_executor.py:39} WARNING - The example_kubernetes_executor example DAG requires the kubernetes provider. Please install it with: pip install apache-airflow[cncf.kubernetes]
[2025-06-25T22:11:04.208-0400] {processor.py:842} WARNING - No viable dags retrieved from /opt/anaconda3/envs/airflow_env/lib/python3.10/site-packages/airflow/example_dags/example_kubernetes_executor.py
[2025-06-25T22:11:04.242-0400] {processor.py:183} INFO - Processing /opt/anaconda3/envs/airflow_env/lib/python3.10/site-packages/airflow/example_dags/example_kubernetes_executor.py took 0.055 seconds
[2025-06-25T22:12:15.246-0400] {processor.py:161} INFO - Started process (PID=74693) to work on /opt/anaconda3/envs/airflow_env/lib/python3.10/site-packages/airflow/example_dags/example_kubernetes_executor.py
[2025-06-25T22:12:15.247-0400] {processor.py:830} INFO - Processing file /opt/anaconda3/envs/airflow_env/lib/python3.10/site-packages/airflow/example_dags/example_kubernetes_executor.py for tasks to queue
[2025-06-25T22:12:15.248-0400] {logging_mixin.py:188} INFO - [2025-06-25T22:12:15.247-0400] {dagbag.py:545} INFO - Filling up the DagBag from /opt/anaconda3/envs/airflow_env/lib/python3.10/site-packages/airflow/example_dags/example_kubernetes_executor.py
[2025-06-25T22:12:15.264-0400] {logging_mixin.py:188} INFO - [2025-06-25T22:12:15.263-0400] {example_kubernetes_executor.py:39} WARNING - The example_kubernetes_executor example DAG requires the kubernetes provider. Please install it with: pip install apache-airflow[cncf.kubernetes]
[2025-06-25T22:12:15.264-0400] {processor.py:842} WARNING - No viable dags retrieved from /opt/anaconda3/envs/airflow_env/lib/python3.10/site-packages/airflow/example_dags/example_kubernetes_executor.py
[2025-06-25T22:12:15.296-0400] {processor.py:183} INFO - Processing /opt/anaconda3/envs/airflow_env/lib/python3.10/site-packages/airflow/example_dags/example_kubernetes_executor.py took 0.052 seconds
[2025-06-25T22:13:00.873-0400] {processor.py:161} INFO - Started process (PID=74757) to work on /opt/anaconda3/envs/airflow_env/lib/python3.10/site-packages/airflow/example_dags/example_kubernetes_executor.py
[2025-06-25T22:13:00.874-0400] {processor.py:830} INFO - Processing file /opt/anaconda3/envs/airflow_env/lib/python3.10/site-packages/airflow/example_dags/example_kubernetes_executor.py for tasks to queue
[2025-06-25T22:13:00.874-0400] {logging_mixin.py:188} INFO - [2025-06-25T22:13:00.874-0400] {dagbag.py:545} INFO - Filling up the DagBag from /opt/anaconda3/envs/airflow_env/lib/python3.10/site-packages/airflow/example_dags/example_kubernetes_executor.py
[2025-06-25T22:13:00.887-0400] {logging_mixin.py:188} INFO - [2025-06-25T22:13:00.887-0400] {example_kubernetes_executor.py:39} WARNING - The example_kubernetes_executor example DAG requires the kubernetes provider. Please install it with: pip install apache-airflow[cncf.kubernetes]
[2025-06-25T22:13:00.887-0400] {processor.py:842} WARNING - No viable dags retrieved from /opt/anaconda3/envs/airflow_env/lib/python3.10/site-packages/airflow/example_dags/example_kubernetes_executor.py
[2025-06-25T22:13:00.917-0400] {processor.py:183} INFO - Processing /opt/anaconda3/envs/airflow_env/lib/python3.10/site-packages/airflow/example_dags/example_kubernetes_executor.py took 0.047 seconds
[2025-06-25T22:13:58.010-0400] {processor.py:161} INFO - Started process (PID=74838) to work on /opt/anaconda3/envs/airflow_env/lib/python3.10/site-packages/airflow/example_dags/example_kubernetes_executor.py
[2025-06-25T22:13:58.011-0400] {processor.py:830} INFO - Processing file /opt/anaconda3/envs/airflow_env/lib/python3.10/site-packages/airflow/example_dags/example_kubernetes_executor.py for tasks to queue
[2025-06-25T22:13:58.011-0400] {logging_mixin.py:188} INFO - [2025-06-25T22:13:58.011-0400] {dagbag.py:545} INFO - Filling up the DagBag from /opt/anaconda3/envs/airflow_env/lib/python3.10/site-packages/airflow/example_dags/example_kubernetes_executor.py
[2025-06-25T22:13:58.025-0400] {logging_mixin.py:188} INFO - [2025-06-25T22:13:58.025-0400] {example_kubernetes_executor.py:39} WARNING - The example_kubernetes_executor example DAG requires the kubernetes provider. Please install it with: pip install apache-airflow[cncf.kubernetes]
[2025-06-25T22:13:58.025-0400] {processor.py:842} WARNING - No viable dags retrieved from /opt/anaconda3/envs/airflow_env/lib/python3.10/site-packages/airflow/example_dags/example_kubernetes_executor.py
[2025-06-25T22:13:58.053-0400] {processor.py:183} INFO - Processing /opt/anaconda3/envs/airflow_env/lib/python3.10/site-packages/airflow/example_dags/example_kubernetes_executor.py took 0.045 seconds
[2025-06-25T22:14:45.706-0400] {processor.py:161} INFO - Started process (PID=74908) to work on /opt/anaconda3/envs/airflow_env/lib/python3.10/site-packages/airflow/example_dags/example_kubernetes_executor.py
[2025-06-25T22:14:45.707-0400] {processor.py:830} INFO - Processing file /opt/anaconda3/envs/airflow_env/lib/python3.10/site-packages/airflow/example_dags/example_kubernetes_executor.py for tasks to queue
[2025-06-25T22:14:45.708-0400] {logging_mixin.py:188} INFO - [2025-06-25T22:14:45.708-0400] {dagbag.py:545} INFO - Filling up the DagBag from /opt/anaconda3/envs/airflow_env/lib/python3.10/site-packages/airflow/example_dags/example_kubernetes_executor.py
[2025-06-25T22:14:45.721-0400] {logging_mixin.py:188} INFO - [2025-06-25T22:14:45.721-0400] {example_kubernetes_executor.py:39} WARNING - The example_kubernetes_executor example DAG requires the kubernetes provider. Please install it with: pip install apache-airflow[cncf.kubernetes]
[2025-06-25T22:14:45.721-0400] {processor.py:842} WARNING - No viable dags retrieved from /opt/anaconda3/envs/airflow_env/lib/python3.10/site-packages/airflow/example_dags/example_kubernetes_executor.py
[2025-06-25T22:14:45.750-0400] {processor.py:183} INFO - Processing /opt/anaconda3/envs/airflow_env/lib/python3.10/site-packages/airflow/example_dags/example_kubernetes_executor.py took 0.045 seconds
[2025-06-25T22:15:47.956-0400] {processor.py:161} INFO - Started process (PID=74994) to work on /opt/anaconda3/envs/airflow_env/lib/python3.10/site-packages/airflow/example_dags/example_kubernetes_executor.py
[2025-06-25T22:15:47.957-0400] {processor.py:830} INFO - Processing file /opt/anaconda3/envs/airflow_env/lib/python3.10/site-packages/airflow/example_dags/example_kubernetes_executor.py for tasks to queue
[2025-06-25T22:15:47.957-0400] {logging_mixin.py:188} INFO - [2025-06-25T22:15:47.957-0400] {dagbag.py:545} INFO - Filling up the DagBag from /opt/anaconda3/envs/airflow_env/lib/python3.10/site-packages/airflow/example_dags/example_kubernetes_executor.py
[2025-06-25T22:15:47.970-0400] {logging_mixin.py:188} INFO - [2025-06-25T22:15:47.970-0400] {example_kubernetes_executor.py:39} WARNING - The example_kubernetes_executor example DAG requires the kubernetes provider. Please install it with: pip install apache-airflow[cncf.kubernetes]
[2025-06-25T22:15:47.970-0400] {processor.py:842} WARNING - No viable dags retrieved from /opt/anaconda3/envs/airflow_env/lib/python3.10/site-packages/airflow/example_dags/example_kubernetes_executor.py
[2025-06-25T22:15:47.997-0400] {processor.py:183} INFO - Processing /opt/anaconda3/envs/airflow_env/lib/python3.10/site-packages/airflow/example_dags/example_kubernetes_executor.py took 0.043 seconds
[2025-06-25T22:16:33.336-0400] {processor.py:161} INFO - Started process (PID=75058) to work on /opt/anaconda3/envs/airflow_env/lib/python3.10/site-packages/airflow/example_dags/example_kubernetes_executor.py
[2025-06-25T22:16:33.336-0400] {processor.py:830} INFO - Processing file /opt/anaconda3/envs/airflow_env/lib/python3.10/site-packages/airflow/example_dags/example_kubernetes_executor.py for tasks to queue
[2025-06-25T22:16:33.336-0400] {logging_mixin.py:188} INFO - [2025-06-25T22:16:33.336-0400] {dagbag.py:545} INFO - Filling up the DagBag from /opt/anaconda3/envs/airflow_env/lib/python3.10/site-packages/airflow/example_dags/example_kubernetes_executor.py
[2025-06-25T22:16:33.351-0400] {logging_mixin.py:188} INFO - [2025-06-25T22:16:33.351-0400] {example_kubernetes_executor.py:39} WARNING - The example_kubernetes_executor example DAG requires the kubernetes provider. Please install it with: pip install apache-airflow[cncf.kubernetes]
[2025-06-25T22:16:33.352-0400] {processor.py:842} WARNING - No viable dags retrieved from /opt/anaconda3/envs/airflow_env/lib/python3.10/site-packages/airflow/example_dags/example_kubernetes_executor.py
[2025-06-25T22:16:33.387-0400] {processor.py:183} INFO - Processing /opt/anaconda3/envs/airflow_env/lib/python3.10/site-packages/airflow/example_dags/example_kubernetes_executor.py took 0.053 seconds
[2025-06-25T22:17:33.518-0400] {processor.py:161} INFO - Started process (PID=75141) to work on /opt/anaconda3/envs/airflow_env/lib/python3.10/site-packages/airflow/example_dags/example_kubernetes_executor.py
[2025-06-25T22:17:33.519-0400] {processor.py:830} INFO - Processing file /opt/anaconda3/envs/airflow_env/lib/python3.10/site-packages/airflow/example_dags/example_kubernetes_executor.py for tasks to queue
[2025-06-25T22:17:33.519-0400] {logging_mixin.py:188} INFO - [2025-06-25T22:17:33.519-0400] {dagbag.py:545} INFO - Filling up the DagBag from /opt/anaconda3/envs/airflow_env/lib/python3.10/site-packages/airflow/example_dags/example_kubernetes_executor.py
[2025-06-25T22:17:33.533-0400] {logging_mixin.py:188} INFO - [2025-06-25T22:17:33.533-0400] {example_kubernetes_executor.py:39} WARNING - The example_kubernetes_executor example DAG requires the kubernetes provider. Please install it with: pip install apache-airflow[cncf.kubernetes]
[2025-06-25T22:17:33.533-0400] {processor.py:842} WARNING - No viable dags retrieved from /opt/anaconda3/envs/airflow_env/lib/python3.10/site-packages/airflow/example_dags/example_kubernetes_executor.py
[2025-06-25T22:17:33.566-0400] {processor.py:183} INFO - Processing /opt/anaconda3/envs/airflow_env/lib/python3.10/site-packages/airflow/example_dags/example_kubernetes_executor.py took 0.050 seconds
[2025-06-25T22:18:31.629-0400] {processor.py:161} INFO - Started process (PID=75221) to work on /opt/anaconda3/envs/airflow_env/lib/python3.10/site-packages/airflow/example_dags/example_kubernetes_executor.py
[2025-06-25T22:18:31.631-0400] {processor.py:830} INFO - Processing file /opt/anaconda3/envs/airflow_env/lib/python3.10/site-packages/airflow/example_dags/example_kubernetes_executor.py for tasks to queue
[2025-06-25T22:18:31.631-0400] {logging_mixin.py:188} INFO - [2025-06-25T22:18:31.631-0400] {dagbag.py:545} INFO - Filling up the DagBag from /opt/anaconda3/envs/airflow_env/lib/python3.10/site-packages/airflow/example_dags/example_kubernetes_executor.py
[2025-06-25T22:18:31.644-0400] {logging_mixin.py:188} INFO - [2025-06-25T22:18:31.644-0400] {example_kubernetes_executor.py:39} WARNING - The example_kubernetes_executor example DAG requires the kubernetes provider. Please install it with: pip install apache-airflow[cncf.kubernetes]
[2025-06-25T22:18:31.644-0400] {processor.py:842} WARNING - No viable dags retrieved from /opt/anaconda3/envs/airflow_env/lib/python3.10/site-packages/airflow/example_dags/example_kubernetes_executor.py
[2025-06-25T22:18:31.673-0400] {processor.py:183} INFO - Processing /opt/anaconda3/envs/airflow_env/lib/python3.10/site-packages/airflow/example_dags/example_kubernetes_executor.py took 0.045 seconds
[2025-06-25T22:19:30.555-0400] {processor.py:161} INFO - Started process (PID=75299) to work on /opt/anaconda3/envs/airflow_env/lib/python3.10/site-packages/airflow/example_dags/example_kubernetes_executor.py
[2025-06-25T22:19:30.556-0400] {processor.py:830} INFO - Processing file /opt/anaconda3/envs/airflow_env/lib/python3.10/site-packages/airflow/example_dags/example_kubernetes_executor.py for tasks to queue
[2025-06-25T22:19:30.557-0400] {logging_mixin.py:188} INFO - [2025-06-25T22:19:30.557-0400] {dagbag.py:545} INFO - Filling up the DagBag from /opt/anaconda3/envs/airflow_env/lib/python3.10/site-packages/airflow/example_dags/example_kubernetes_executor.py
[2025-06-25T22:19:30.572-0400] {logging_mixin.py:188} INFO - [2025-06-25T22:19:30.572-0400] {example_kubernetes_executor.py:39} WARNING - The example_kubernetes_executor example DAG requires the kubernetes provider. Please install it with: pip install apache-airflow[cncf.kubernetes]
[2025-06-25T22:19:30.572-0400] {processor.py:842} WARNING - No viable dags retrieved from /opt/anaconda3/envs/airflow_env/lib/python3.10/site-packages/airflow/example_dags/example_kubernetes_executor.py
[2025-06-25T22:19:30.606-0400] {processor.py:183} INFO - Processing /opt/anaconda3/envs/airflow_env/lib/python3.10/site-packages/airflow/example_dags/example_kubernetes_executor.py took 0.054 seconds
[2025-06-25T22:20:26.791-0400] {processor.py:161} INFO - Started process (PID=75371) to work on /opt/anaconda3/envs/airflow_env/lib/python3.10/site-packages/airflow/example_dags/example_kubernetes_executor.py
[2025-06-25T22:20:26.792-0400] {processor.py:830} INFO - Processing file /opt/anaconda3/envs/airflow_env/lib/python3.10/site-packages/airflow/example_dags/example_kubernetes_executor.py for tasks to queue
[2025-06-25T22:20:26.792-0400] {logging_mixin.py:188} INFO - [2025-06-25T22:20:26.792-0400] {dagbag.py:545} INFO - Filling up the DagBag from /opt/anaconda3/envs/airflow_env/lib/python3.10/site-packages/airflow/example_dags/example_kubernetes_executor.py
[2025-06-25T22:20:26.805-0400] {logging_mixin.py:188} INFO - [2025-06-25T22:20:26.805-0400] {example_kubernetes_executor.py:39} WARNING - The example_kubernetes_executor example DAG requires the kubernetes provider. Please install it with: pip install apache-airflow[cncf.kubernetes]
[2025-06-25T22:20:26.805-0400] {processor.py:842} WARNING - No viable dags retrieved from /opt/anaconda3/envs/airflow_env/lib/python3.10/site-packages/airflow/example_dags/example_kubernetes_executor.py
[2025-06-25T22:20:26.833-0400] {processor.py:183} INFO - Processing /opt/anaconda3/envs/airflow_env/lib/python3.10/site-packages/airflow/example_dags/example_kubernetes_executor.py took 0.044 seconds
[2025-06-25T22:21:20.331-0400] {processor.py:161} INFO - Started process (PID=75447) to work on /opt/anaconda3/envs/airflow_env/lib/python3.10/site-packages/airflow/example_dags/example_kubernetes_executor.py
[2025-06-25T22:21:20.332-0400] {processor.py:830} INFO - Processing file /opt/anaconda3/envs/airflow_env/lib/python3.10/site-packages/airflow/example_dags/example_kubernetes_executor.py for tasks to queue
[2025-06-25T22:21:20.332-0400] {logging_mixin.py:188} INFO - [2025-06-25T22:21:20.332-0400] {dagbag.py:545} INFO - Filling up the DagBag from /opt/anaconda3/envs/airflow_env/lib/python3.10/site-packages/airflow/example_dags/example_kubernetes_executor.py
[2025-06-25T22:21:20.348-0400] {logging_mixin.py:188} INFO - [2025-06-25T22:21:20.348-0400] {example_kubernetes_executor.py:39} WARNING - The example_kubernetes_executor example DAG requires the kubernetes provider. Please install it with: pip install apache-airflow[cncf.kubernetes]
[2025-06-25T22:21:20.348-0400] {processor.py:842} WARNING - No viable dags retrieved from /opt/anaconda3/envs/airflow_env/lib/python3.10/site-packages/airflow/example_dags/example_kubernetes_executor.py
[2025-06-25T22:21:20.383-0400] {processor.py:183} INFO - Processing /opt/anaconda3/envs/airflow_env/lib/python3.10/site-packages/airflow/example_dags/example_kubernetes_executor.py took 0.054 seconds
[2025-06-25T22:22:10.454-0400] {processor.py:161} INFO - Started process (PID=75558) to work on /opt/anaconda3/envs/airflow_env/lib/python3.10/site-packages/airflow/example_dags/example_kubernetes_executor.py
[2025-06-25T22:22:10.455-0400] {processor.py:830} INFO - Processing file /opt/anaconda3/envs/airflow_env/lib/python3.10/site-packages/airflow/example_dags/example_kubernetes_executor.py for tasks to queue
[2025-06-25T22:22:10.455-0400] {logging_mixin.py:188} INFO - [2025-06-25T22:22:10.455-0400] {dagbag.py:545} INFO - Filling up the DagBag from /opt/anaconda3/envs/airflow_env/lib/python3.10/site-packages/airflow/example_dags/example_kubernetes_executor.py
[2025-06-25T22:22:10.470-0400] {logging_mixin.py:188} INFO - [2025-06-25T22:22:10.469-0400] {example_kubernetes_executor.py:39} WARNING - The example_kubernetes_executor example DAG requires the kubernetes provider. Please install it with: pip install apache-airflow[cncf.kubernetes]
[2025-06-25T22:22:10.470-0400] {processor.py:842} WARNING - No viable dags retrieved from /opt/anaconda3/envs/airflow_env/lib/python3.10/site-packages/airflow/example_dags/example_kubernetes_executor.py
[2025-06-25T22:22:10.502-0400] {processor.py:183} INFO - Processing /opt/anaconda3/envs/airflow_env/lib/python3.10/site-packages/airflow/example_dags/example_kubernetes_executor.py took 0.050 seconds
[2025-06-25T22:23:04.449-0400] {processor.py:161} INFO - Started process (PID=75659) to work on /opt/anaconda3/envs/airflow_env/lib/python3.10/site-packages/airflow/example_dags/example_kubernetes_executor.py
[2025-06-25T22:23:04.450-0400] {processor.py:830} INFO - Processing file /opt/anaconda3/envs/airflow_env/lib/python3.10/site-packages/airflow/example_dags/example_kubernetes_executor.py for tasks to queue
[2025-06-25T22:23:04.450-0400] {logging_mixin.py:188} INFO - [2025-06-25T22:23:04.450-0400] {dagbag.py:545} INFO - Filling up the DagBag from /opt/anaconda3/envs/airflow_env/lib/python3.10/site-packages/airflow/example_dags/example_kubernetes_executor.py
[2025-06-25T22:23:04.465-0400] {logging_mixin.py:188} INFO - [2025-06-25T22:23:04.465-0400] {example_kubernetes_executor.py:39} WARNING - The example_kubernetes_executor example DAG requires the kubernetes provider. Please install it with: pip install apache-airflow[cncf.kubernetes]
[2025-06-25T22:23:04.465-0400] {processor.py:842} WARNING - No viable dags retrieved from /opt/anaconda3/envs/airflow_env/lib/python3.10/site-packages/airflow/example_dags/example_kubernetes_executor.py
[2025-06-25T22:23:04.493-0400] {processor.py:183} INFO - Processing /opt/anaconda3/envs/airflow_env/lib/python3.10/site-packages/airflow/example_dags/example_kubernetes_executor.py took 0.047 seconds
[2025-06-25T22:24:04.557-0400] {processor.py:161} INFO - Started process (PID=75748) to work on /opt/anaconda3/envs/airflow_env/lib/python3.10/site-packages/airflow/example_dags/example_kubernetes_executor.py
[2025-06-25T22:24:04.558-0400] {processor.py:830} INFO - Processing file /opt/anaconda3/envs/airflow_env/lib/python3.10/site-packages/airflow/example_dags/example_kubernetes_executor.py for tasks to queue
[2025-06-25T22:24:04.558-0400] {logging_mixin.py:188} INFO - [2025-06-25T22:24:04.558-0400] {dagbag.py:545} INFO - Filling up the DagBag from /opt/anaconda3/envs/airflow_env/lib/python3.10/site-packages/airflow/example_dags/example_kubernetes_executor.py
[2025-06-25T22:24:04.571-0400] {logging_mixin.py:188} INFO - [2025-06-25T22:24:04.571-0400] {example_kubernetes_executor.py:39} WARNING - The example_kubernetes_executor example DAG requires the kubernetes provider. Please install it with: pip install apache-airflow[cncf.kubernetes]
[2025-06-25T22:24:04.571-0400] {processor.py:842} WARNING - No viable dags retrieved from /opt/anaconda3/envs/airflow_env/lib/python3.10/site-packages/airflow/example_dags/example_kubernetes_executor.py
[2025-06-25T22:24:04.606-0400] {processor.py:183} INFO - Processing /opt/anaconda3/envs/airflow_env/lib/python3.10/site-packages/airflow/example_dags/example_kubernetes_executor.py took 0.051 seconds
[2025-06-25T22:24:54.913-0400] {processor.py:161} INFO - Started process (PID=75822) to work on /opt/anaconda3/envs/airflow_env/lib/python3.10/site-packages/airflow/example_dags/example_kubernetes_executor.py
[2025-06-25T22:24:54.914-0400] {processor.py:830} INFO - Processing file /opt/anaconda3/envs/airflow_env/lib/python3.10/site-packages/airflow/example_dags/example_kubernetes_executor.py for tasks to queue
[2025-06-25T22:24:54.915-0400] {logging_mixin.py:188} INFO - [2025-06-25T22:24:54.915-0400] {dagbag.py:545} INFO - Filling up the DagBag from /opt/anaconda3/envs/airflow_env/lib/python3.10/site-packages/airflow/example_dags/example_kubernetes_executor.py
[2025-06-25T22:24:54.928-0400] {logging_mixin.py:188} INFO - [2025-06-25T22:24:54.928-0400] {example_kubernetes_executor.py:39} WARNING - The example_kubernetes_executor example DAG requires the kubernetes provider. Please install it with: pip install apache-airflow[cncf.kubernetes]
[2025-06-25T22:24:54.928-0400] {processor.py:842} WARNING - No viable dags retrieved from /opt/anaconda3/envs/airflow_env/lib/python3.10/site-packages/airflow/example_dags/example_kubernetes_executor.py
[2025-06-25T22:24:54.957-0400] {processor.py:183} INFO - Processing /opt/anaconda3/envs/airflow_env/lib/python3.10/site-packages/airflow/example_dags/example_kubernetes_executor.py took 0.046 seconds
[2025-06-25T22:26:00.303-0400] {processor.py:161} INFO - Started process (PID=75928) to work on /opt/anaconda3/envs/airflow_env/lib/python3.10/site-packages/airflow/example_dags/example_kubernetes_executor.py
[2025-06-25T22:26:00.304-0400] {processor.py:830} INFO - Processing file /opt/anaconda3/envs/airflow_env/lib/python3.10/site-packages/airflow/example_dags/example_kubernetes_executor.py for tasks to queue
[2025-06-25T22:26:00.305-0400] {logging_mixin.py:188} INFO - [2025-06-25T22:26:00.305-0400] {dagbag.py:545} INFO - Filling up the DagBag from /opt/anaconda3/envs/airflow_env/lib/python3.10/site-packages/airflow/example_dags/example_kubernetes_executor.py
[2025-06-25T22:26:00.317-0400] {logging_mixin.py:188} INFO - [2025-06-25T22:26:00.317-0400] {example_kubernetes_executor.py:39} WARNING - The example_kubernetes_executor example DAG requires the kubernetes provider. Please install it with: pip install apache-airflow[cncf.kubernetes]
[2025-06-25T22:26:00.317-0400] {processor.py:842} WARNING - No viable dags retrieved from /opt/anaconda3/envs/airflow_env/lib/python3.10/site-packages/airflow/example_dags/example_kubernetes_executor.py
[2025-06-25T22:26:00.344-0400] {processor.py:183} INFO - Processing /opt/anaconda3/envs/airflow_env/lib/python3.10/site-packages/airflow/example_dags/example_kubernetes_executor.py took 0.042 seconds
[2025-06-25T22:26:34.470-0400] {processor.py:161} INFO - Started process (PID=75980) to work on /opt/anaconda3/envs/airflow_env/lib/python3.10/site-packages/airflow/example_dags/example_kubernetes_executor.py
[2025-06-25T22:26:34.471-0400] {processor.py:830} INFO - Processing file /opt/anaconda3/envs/airflow_env/lib/python3.10/site-packages/airflow/example_dags/example_kubernetes_executor.py for tasks to queue
[2025-06-25T22:26:34.471-0400] {logging_mixin.py:188} INFO - [2025-06-25T22:26:34.471-0400] {dagbag.py:545} INFO - Filling up the DagBag from /opt/anaconda3/envs/airflow_env/lib/python3.10/site-packages/airflow/example_dags/example_kubernetes_executor.py
[2025-06-25T22:26:34.484-0400] {logging_mixin.py:188} INFO - [2025-06-25T22:26:34.484-0400] {example_kubernetes_executor.py:39} WARNING - The example_kubernetes_executor example DAG requires the kubernetes provider. Please install it with: pip install apache-airflow[cncf.kubernetes]
[2025-06-25T22:26:34.484-0400] {processor.py:842} WARNING - No viable dags retrieved from /opt/anaconda3/envs/airflow_env/lib/python3.10/site-packages/airflow/example_dags/example_kubernetes_executor.py
[2025-06-25T22:26:34.512-0400] {processor.py:183} INFO - Processing /opt/anaconda3/envs/airflow_env/lib/python3.10/site-packages/airflow/example_dags/example_kubernetes_executor.py took 0.044 seconds
[2025-06-25T22:27:36.118-0400] {processor.py:161} INFO - Started process (PID=76076) to work on /opt/anaconda3/envs/airflow_env/lib/python3.10/site-packages/airflow/example_dags/example_kubernetes_executor.py
[2025-06-25T22:27:36.118-0400] {processor.py:830} INFO - Processing file /opt/anaconda3/envs/airflow_env/lib/python3.10/site-packages/airflow/example_dags/example_kubernetes_executor.py for tasks to queue
[2025-06-25T22:27:36.119-0400] {logging_mixin.py:188} INFO - [2025-06-25T22:27:36.119-0400] {dagbag.py:545} INFO - Filling up the DagBag from /opt/anaconda3/envs/airflow_env/lib/python3.10/site-packages/airflow/example_dags/example_kubernetes_executor.py
[2025-06-25T22:27:36.131-0400] {logging_mixin.py:188} INFO - [2025-06-25T22:27:36.131-0400] {example_kubernetes_executor.py:39} WARNING - The example_kubernetes_executor example DAG requires the kubernetes provider. Please install it with: pip install apache-airflow[cncf.kubernetes]
[2025-06-25T22:27:36.131-0400] {processor.py:842} WARNING - No viable dags retrieved from /opt/anaconda3/envs/airflow_env/lib/python3.10/site-packages/airflow/example_dags/example_kubernetes_executor.py
[2025-06-25T22:27:36.157-0400] {processor.py:183} INFO - Processing /opt/anaconda3/envs/airflow_env/lib/python3.10/site-packages/airflow/example_dags/example_kubernetes_executor.py took 0.042 seconds
[2025-06-25T22:28:04.840-0400] {processor.py:161} INFO - Started process (PID=76121) to work on /opt/anaconda3/envs/airflow_env/lib/python3.10/site-packages/airflow/example_dags/example_kubernetes_executor.py
[2025-06-25T22:28:04.841-0400] {processor.py:830} INFO - Processing file /opt/anaconda3/envs/airflow_env/lib/python3.10/site-packages/airflow/example_dags/example_kubernetes_executor.py for tasks to queue
[2025-06-25T22:28:04.841-0400] {logging_mixin.py:188} INFO - [2025-06-25T22:28:04.841-0400] {dagbag.py:545} INFO - Filling up the DagBag from /opt/anaconda3/envs/airflow_env/lib/python3.10/site-packages/airflow/example_dags/example_kubernetes_executor.py
[2025-06-25T22:28:04.853-0400] {logging_mixin.py:188} INFO - [2025-06-25T22:28:04.853-0400] {example_kubernetes_executor.py:39} WARNING - The example_kubernetes_executor example DAG requires the kubernetes provider. Please install it with: pip install apache-airflow[cncf.kubernetes]
[2025-06-25T22:28:04.853-0400] {processor.py:842} WARNING - No viable dags retrieved from /opt/anaconda3/envs/airflow_env/lib/python3.10/site-packages/airflow/example_dags/example_kubernetes_executor.py
[2025-06-25T22:28:04.879-0400] {processor.py:183} INFO - Processing /opt/anaconda3/envs/airflow_env/lib/python3.10/site-packages/airflow/example_dags/example_kubernetes_executor.py took 0.041 seconds
[2025-06-25T22:29:24.765-0400] {processor.py:161} INFO - Started process (PID=76276) to work on /opt/anaconda3/envs/airflow_env/lib/python3.10/site-packages/airflow/example_dags/example_kubernetes_executor.py
[2025-06-25T22:29:24.766-0400] {processor.py:830} INFO - Processing file /opt/anaconda3/envs/airflow_env/lib/python3.10/site-packages/airflow/example_dags/example_kubernetes_executor.py for tasks to queue
[2025-06-25T22:29:24.767-0400] {logging_mixin.py:188} INFO - [2025-06-25T22:29:24.766-0400] {dagbag.py:545} INFO - Filling up the DagBag from /opt/anaconda3/envs/airflow_env/lib/python3.10/site-packages/airflow/example_dags/example_kubernetes_executor.py
[2025-06-25T22:29:24.779-0400] {logging_mixin.py:188} INFO - [2025-06-25T22:29:24.779-0400] {example_kubernetes_executor.py:39} WARNING - The example_kubernetes_executor example DAG requires the kubernetes provider. Please install it with: pip install apache-airflow[cncf.kubernetes]
[2025-06-25T22:29:24.779-0400] {processor.py:842} WARNING - No viable dags retrieved from /opt/anaconda3/envs/airflow_env/lib/python3.10/site-packages/airflow/example_dags/example_kubernetes_executor.py
[2025-06-25T22:29:24.808-0400] {processor.py:183} INFO - Processing /opt/anaconda3/envs/airflow_env/lib/python3.10/site-packages/airflow/example_dags/example_kubernetes_executor.py took 0.044 seconds
[2025-06-25T22:29:55.019-0400] {processor.py:161} INFO - Started process (PID=76323) to work on /opt/anaconda3/envs/airflow_env/lib/python3.10/site-packages/airflow/example_dags/example_kubernetes_executor.py
[2025-06-25T22:29:55.020-0400] {processor.py:830} INFO - Processing file /opt/anaconda3/envs/airflow_env/lib/python3.10/site-packages/airflow/example_dags/example_kubernetes_executor.py for tasks to queue
[2025-06-25T22:29:55.020-0400] {logging_mixin.py:188} INFO - [2025-06-25T22:29:55.020-0400] {dagbag.py:545} INFO - Filling up the DagBag from /opt/anaconda3/envs/airflow_env/lib/python3.10/site-packages/airflow/example_dags/example_kubernetes_executor.py
[2025-06-25T22:29:55.032-0400] {logging_mixin.py:188} INFO - [2025-06-25T22:29:55.032-0400] {example_kubernetes_executor.py:39} WARNING - The example_kubernetes_executor example DAG requires the kubernetes provider. Please install it with: pip install apache-airflow[cncf.kubernetes]
[2025-06-25T22:29:55.032-0400] {processor.py:842} WARNING - No viable dags retrieved from /opt/anaconda3/envs/airflow_env/lib/python3.10/site-packages/airflow/example_dags/example_kubernetes_executor.py
[2025-06-25T22:29:55.059-0400] {processor.py:183} INFO - Processing /opt/anaconda3/envs/airflow_env/lib/python3.10/site-packages/airflow/example_dags/example_kubernetes_executor.py took 0.041 seconds
[2025-06-25T22:31:11.602-0400] {processor.py:161} INFO - Started process (PID=76448) to work on /opt/anaconda3/envs/airflow_env/lib/python3.10/site-packages/airflow/example_dags/example_kubernetes_executor.py
[2025-06-25T22:31:11.603-0400] {processor.py:830} INFO - Processing file /opt/anaconda3/envs/airflow_env/lib/python3.10/site-packages/airflow/example_dags/example_kubernetes_executor.py for tasks to queue
[2025-06-25T22:31:11.603-0400] {logging_mixin.py:188} INFO - [2025-06-25T22:31:11.603-0400] {dagbag.py:545} INFO - Filling up the DagBag from /opt/anaconda3/envs/airflow_env/lib/python3.10/site-packages/airflow/example_dags/example_kubernetes_executor.py
[2025-06-25T22:31:11.615-0400] {logging_mixin.py:188} INFO - [2025-06-25T22:31:11.615-0400] {example_kubernetes_executor.py:39} WARNING - The example_kubernetes_executor example DAG requires the kubernetes provider. Please install it with: pip install apache-airflow[cncf.kubernetes]
[2025-06-25T22:31:11.616-0400] {processor.py:842} WARNING - No viable dags retrieved from /opt/anaconda3/envs/airflow_env/lib/python3.10/site-packages/airflow/example_dags/example_kubernetes_executor.py
[2025-06-25T22:31:11.643-0400] {processor.py:183} INFO - Processing /opt/anaconda3/envs/airflow_env/lib/python3.10/site-packages/airflow/example_dags/example_kubernetes_executor.py took 0.043 seconds
[2025-06-25T22:31:35.989-0400] {processor.py:161} INFO - Started process (PID=76481) to work on /opt/anaconda3/envs/airflow_env/lib/python3.10/site-packages/airflow/example_dags/example_kubernetes_executor.py
[2025-06-25T22:31:35.989-0400] {processor.py:830} INFO - Processing file /opt/anaconda3/envs/airflow_env/lib/python3.10/site-packages/airflow/example_dags/example_kubernetes_executor.py for tasks to queue
[2025-06-25T22:31:35.990-0400] {logging_mixin.py:188} INFO - [2025-06-25T22:31:35.990-0400] {dagbag.py:545} INFO - Filling up the DagBag from /opt/anaconda3/envs/airflow_env/lib/python3.10/site-packages/airflow/example_dags/example_kubernetes_executor.py
[2025-06-25T22:31:36.002-0400] {logging_mixin.py:188} INFO - [2025-06-25T22:31:36.002-0400] {example_kubernetes_executor.py:39} WARNING - The example_kubernetes_executor example DAG requires the kubernetes provider. Please install it with: pip install apache-airflow[cncf.kubernetes]
[2025-06-25T22:31:36.002-0400] {processor.py:842} WARNING - No viable dags retrieved from /opt/anaconda3/envs/airflow_env/lib/python3.10/site-packages/airflow/example_dags/example_kubernetes_executor.py
[2025-06-25T22:31:36.030-0400] {processor.py:183} INFO - Processing /opt/anaconda3/envs/airflow_env/lib/python3.10/site-packages/airflow/example_dags/example_kubernetes_executor.py took 0.042 seconds
