[2025-06-25T20:00:32.177-0400] {processor.py:161} INFO - Started process (PID=54598) to work on /opt/anaconda3/envs/airflow_env/lib/python3.10/site-packages/airflow/example_dags/tutorial_taskflow_api_virtualenv.py
[2025-06-25T20:00:32.178-0400] {processor.py:830} INFO - Processing file /opt/anaconda3/envs/airflow_env/lib/python3.10/site-packages/airflow/example_dags/tutorial_taskflow_api_virtualenv.py for tasks to queue
[2025-06-25T20:00:32.178-0400] {logging_mixin.py:188} INFO - [2025-06-25T20:00:32.178-0400] {dagbag.py:545} INFO - Filling up the DagBag from /opt/anaconda3/envs/airflow_env/lib/python3.10/site-packages/airflow/example_dags/tutorial_taskflow_api_virtualenv.py
[2025-06-25T20:00:32.192-0400] {processor.py:840} INFO - DAG(s) 'tutorial_taskflow_api_virtualenv' retrieved from /opt/anaconda3/envs/airflow_env/lib/python3.10/site-packages/airflow/example_dags/tutorial_taskflow_api_virtualenv.py
[2025-06-25T20:00:32.272-0400] {logging_mixin.py:188} INFO - [2025-06-25T20:00:32.272-0400] {dag.py:3096} INFO - Sync 1 DAGs
[2025-06-25T20:00:32.275-0400] {logging_mixin.py:188} INFO - [2025-06-25T20:00:32.275-0400] {dag.py:3954} INFO - Setting next_dagrun for tutorial_taskflow_api_virtualenv to None, run_after=None
[2025-06-25T20:00:32.282-0400] {processor.py:183} INFO - Processing /opt/anaconda3/envs/airflow_env/lib/python3.10/site-packages/airflow/example_dags/tutorial_taskflow_api_virtualenv.py took 0.106 seconds
[2025-06-25T20:01:27.221-0400] {processor.py:161} INFO - Started process (PID=57983) to work on /opt/anaconda3/envs/airflow_env/lib/python3.10/site-packages/airflow/example_dags/tutorial_taskflow_api_virtualenv.py
[2025-06-25T20:01:27.222-0400] {processor.py:830} INFO - Processing file /opt/anaconda3/envs/airflow_env/lib/python3.10/site-packages/airflow/example_dags/tutorial_taskflow_api_virtualenv.py for tasks to queue
[2025-06-25T20:01:27.222-0400] {logging_mixin.py:188} INFO - [2025-06-25T20:01:27.222-0400] {dagbag.py:545} INFO - Filling up the DagBag from /opt/anaconda3/envs/airflow_env/lib/python3.10/site-packages/airflow/example_dags/tutorial_taskflow_api_virtualenv.py
[2025-06-25T20:01:27.262-0400] {processor.py:840} INFO - DAG(s) 'tutorial_taskflow_api_virtualenv' retrieved from /opt/anaconda3/envs/airflow_env/lib/python3.10/site-packages/airflow/example_dags/tutorial_taskflow_api_virtualenv.py
[2025-06-25T20:01:27.390-0400] {logging_mixin.py:188} INFO - [2025-06-25T20:01:27.390-0400] {dag.py:3096} INFO - Sync 1 DAGs
[2025-06-25T20:01:27.394-0400] {logging_mixin.py:188} INFO - [2025-06-25T20:01:27.393-0400] {dag.py:3954} INFO - Setting next_dagrun for tutorial_taskflow_api_virtualenv to None, run_after=None
[2025-06-25T20:01:27.401-0400] {processor.py:183} INFO - Processing /opt/anaconda3/envs/airflow_env/lib/python3.10/site-packages/airflow/example_dags/tutorial_taskflow_api_virtualenv.py took 0.181 seconds
[2025-06-25T20:02:18.856-0400] {processor.py:161} INFO - Started process (PID=59954) to work on /opt/anaconda3/envs/airflow_env/lib/python3.10/site-packages/airflow/example_dags/tutorial_taskflow_api_virtualenv.py
[2025-06-25T20:02:18.857-0400] {processor.py:830} INFO - Processing file /opt/anaconda3/envs/airflow_env/lib/python3.10/site-packages/airflow/example_dags/tutorial_taskflow_api_virtualenv.py for tasks to queue
[2025-06-25T20:02:18.857-0400] {logging_mixin.py:188} INFO - [2025-06-25T20:02:18.857-0400] {dagbag.py:545} INFO - Filling up the DagBag from /opt/anaconda3/envs/airflow_env/lib/python3.10/site-packages/airflow/example_dags/tutorial_taskflow_api_virtualenv.py
[2025-06-25T20:02:18.872-0400] {processor.py:840} INFO - DAG(s) 'tutorial_taskflow_api_virtualenv' retrieved from /opt/anaconda3/envs/airflow_env/lib/python3.10/site-packages/airflow/example_dags/tutorial_taskflow_api_virtualenv.py
[2025-06-25T20:02:18.953-0400] {logging_mixin.py:188} INFO - [2025-06-25T20:02:18.953-0400] {dag.py:3096} INFO - Sync 1 DAGs
[2025-06-25T20:02:18.957-0400] {logging_mixin.py:188} INFO - [2025-06-25T20:02:18.956-0400] {dag.py:3954} INFO - Setting next_dagrun for tutorial_taskflow_api_virtualenv to None, run_after=None
[2025-06-25T20:02:18.964-0400] {processor.py:183} INFO - Processing /opt/anaconda3/envs/airflow_env/lib/python3.10/site-packages/airflow/example_dags/tutorial_taskflow_api_virtualenv.py took 0.109 seconds
[2025-06-25T20:03:04.457-0400] {processor.py:161} INFO - Started process (PID=59998) to work on /opt/anaconda3/envs/airflow_env/lib/python3.10/site-packages/airflow/example_dags/tutorial_taskflow_api_virtualenv.py
[2025-06-25T20:03:04.457-0400] {processor.py:830} INFO - Processing file /opt/anaconda3/envs/airflow_env/lib/python3.10/site-packages/airflow/example_dags/tutorial_taskflow_api_virtualenv.py for tasks to queue
[2025-06-25T20:03:04.457-0400] {logging_mixin.py:188} INFO - [2025-06-25T20:03:04.457-0400] {dagbag.py:545} INFO - Filling up the DagBag from /opt/anaconda3/envs/airflow_env/lib/python3.10/site-packages/airflow/example_dags/tutorial_taskflow_api_virtualenv.py
[2025-06-25T20:03:04.472-0400] {processor.py:840} INFO - DAG(s) 'tutorial_taskflow_api_virtualenv' retrieved from /opt/anaconda3/envs/airflow_env/lib/python3.10/site-packages/airflow/example_dags/tutorial_taskflow_api_virtualenv.py
[2025-06-25T20:03:04.555-0400] {logging_mixin.py:188} INFO - [2025-06-25T20:03:04.555-0400] {dag.py:3096} INFO - Sync 1 DAGs
[2025-06-25T20:03:04.558-0400] {logging_mixin.py:188} INFO - [2025-06-25T20:03:04.558-0400] {dag.py:3954} INFO - Setting next_dagrun for tutorial_taskflow_api_virtualenv to None, run_after=None
[2025-06-25T20:03:04.565-0400] {processor.py:183} INFO - Processing /opt/anaconda3/envs/airflow_env/lib/python3.10/site-packages/airflow/example_dags/tutorial_taskflow_api_virtualenv.py took 0.110 seconds
[2025-06-25T20:03:49.150-0400] {processor.py:161} INFO - Started process (PID=60032) to work on /opt/anaconda3/envs/airflow_env/lib/python3.10/site-packages/airflow/example_dags/tutorial_taskflow_api_virtualenv.py
[2025-06-25T20:03:49.150-0400] {processor.py:830} INFO - Processing file /opt/anaconda3/envs/airflow_env/lib/python3.10/site-packages/airflow/example_dags/tutorial_taskflow_api_virtualenv.py for tasks to queue
[2025-06-25T20:03:49.151-0400] {logging_mixin.py:188} INFO - [2025-06-25T20:03:49.151-0400] {dagbag.py:545} INFO - Filling up the DagBag from /opt/anaconda3/envs/airflow_env/lib/python3.10/site-packages/airflow/example_dags/tutorial_taskflow_api_virtualenv.py
[2025-06-25T20:03:49.165-0400] {processor.py:840} INFO - DAG(s) 'tutorial_taskflow_api_virtualenv' retrieved from /opt/anaconda3/envs/airflow_env/lib/python3.10/site-packages/airflow/example_dags/tutorial_taskflow_api_virtualenv.py
[2025-06-25T20:03:49.247-0400] {logging_mixin.py:188} INFO - [2025-06-25T20:03:49.247-0400] {dag.py:3096} INFO - Sync 1 DAGs
[2025-06-25T20:03:49.250-0400] {logging_mixin.py:188} INFO - [2025-06-25T20:03:49.250-0400] {dag.py:3954} INFO - Setting next_dagrun for tutorial_taskflow_api_virtualenv to None, run_after=None
[2025-06-25T20:03:49.258-0400] {processor.py:183} INFO - Processing /opt/anaconda3/envs/airflow_env/lib/python3.10/site-packages/airflow/example_dags/tutorial_taskflow_api_virtualenv.py took 0.109 seconds
[2025-06-25T20:04:35.979-0400] {processor.py:161} INFO - Started process (PID=60338) to work on /opt/anaconda3/envs/airflow_env/lib/python3.10/site-packages/airflow/example_dags/tutorial_taskflow_api_virtualenv.py
[2025-06-25T20:04:35.981-0400] {processor.py:830} INFO - Processing file /opt/anaconda3/envs/airflow_env/lib/python3.10/site-packages/airflow/example_dags/tutorial_taskflow_api_virtualenv.py for tasks to queue
[2025-06-25T20:04:35.981-0400] {logging_mixin.py:188} INFO - [2025-06-25T20:04:35.981-0400] {dagbag.py:545} INFO - Filling up the DagBag from /opt/anaconda3/envs/airflow_env/lib/python3.10/site-packages/airflow/example_dags/tutorial_taskflow_api_virtualenv.py
[2025-06-25T20:04:36.000-0400] {processor.py:840} INFO - DAG(s) 'tutorial_taskflow_api_virtualenv' retrieved from /opt/anaconda3/envs/airflow_env/lib/python3.10/site-packages/airflow/example_dags/tutorial_taskflow_api_virtualenv.py
[2025-06-25T20:04:36.096-0400] {logging_mixin.py:188} INFO - [2025-06-25T20:04:36.096-0400] {dag.py:3096} INFO - Sync 1 DAGs
[2025-06-25T20:04:36.099-0400] {logging_mixin.py:188} INFO - [2025-06-25T20:04:36.099-0400] {dag.py:3954} INFO - Setting next_dagrun for tutorial_taskflow_api_virtualenv to None, run_after=None
[2025-06-25T20:04:36.107-0400] {processor.py:183} INFO - Processing /opt/anaconda3/envs/airflow_env/lib/python3.10/site-packages/airflow/example_dags/tutorial_taskflow_api_virtualenv.py took 0.129 seconds
[2025-06-25T20:05:16.968-0400] {processor.py:161} INFO - Started process (PID=60758) to work on /opt/anaconda3/envs/airflow_env/lib/python3.10/site-packages/airflow/example_dags/tutorial_taskflow_api_virtualenv.py
[2025-06-25T20:05:16.968-0400] {processor.py:830} INFO - Processing file /opt/anaconda3/envs/airflow_env/lib/python3.10/site-packages/airflow/example_dags/tutorial_taskflow_api_virtualenv.py for tasks to queue
[2025-06-25T20:05:16.969-0400] {logging_mixin.py:188} INFO - [2025-06-25T20:05:16.969-0400] {dagbag.py:545} INFO - Filling up the DagBag from /opt/anaconda3/envs/airflow_env/lib/python3.10/site-packages/airflow/example_dags/tutorial_taskflow_api_virtualenv.py
[2025-06-25T20:05:16.987-0400] {processor.py:840} INFO - DAG(s) 'tutorial_taskflow_api_virtualenv' retrieved from /opt/anaconda3/envs/airflow_env/lib/python3.10/site-packages/airflow/example_dags/tutorial_taskflow_api_virtualenv.py
[2025-06-25T20:05:17.092-0400] {logging_mixin.py:188} INFO - [2025-06-25T20:05:17.092-0400] {dag.py:3096} INFO - Sync 1 DAGs
[2025-06-25T20:05:17.096-0400] {logging_mixin.py:188} INFO - [2025-06-25T20:05:17.096-0400] {dag.py:3954} INFO - Setting next_dagrun for tutorial_taskflow_api_virtualenv to None, run_after=None
[2025-06-25T20:05:17.104-0400] {processor.py:183} INFO - Processing /opt/anaconda3/envs/airflow_env/lib/python3.10/site-packages/airflow/example_dags/tutorial_taskflow_api_virtualenv.py took 0.138 seconds
[2025-06-25T20:06:20.333-0400] {processor.py:161} INFO - Started process (PID=60874) to work on /opt/anaconda3/envs/airflow_env/lib/python3.10/site-packages/airflow/example_dags/tutorial_taskflow_api_virtualenv.py
[2025-06-25T20:06:20.334-0400] {processor.py:830} INFO - Processing file /opt/anaconda3/envs/airflow_env/lib/python3.10/site-packages/airflow/example_dags/tutorial_taskflow_api_virtualenv.py for tasks to queue
[2025-06-25T20:06:20.334-0400] {logging_mixin.py:188} INFO - [2025-06-25T20:06:20.334-0400] {dagbag.py:545} INFO - Filling up the DagBag from /opt/anaconda3/envs/airflow_env/lib/python3.10/site-packages/airflow/example_dags/tutorial_taskflow_api_virtualenv.py
[2025-06-25T20:06:20.350-0400] {processor.py:840} INFO - DAG(s) 'tutorial_taskflow_api_virtualenv' retrieved from /opt/anaconda3/envs/airflow_env/lib/python3.10/site-packages/airflow/example_dags/tutorial_taskflow_api_virtualenv.py
[2025-06-25T20:06:20.435-0400] {logging_mixin.py:188} INFO - [2025-06-25T20:06:20.435-0400] {dag.py:3096} INFO - Sync 1 DAGs
[2025-06-25T20:06:20.438-0400] {logging_mixin.py:188} INFO - [2025-06-25T20:06:20.438-0400] {dag.py:3954} INFO - Setting next_dagrun for tutorial_taskflow_api_virtualenv to None, run_after=None
[2025-06-25T20:06:20.445-0400] {processor.py:183} INFO - Processing /opt/anaconda3/envs/airflow_env/lib/python3.10/site-packages/airflow/example_dags/tutorial_taskflow_api_virtualenv.py took 0.113 seconds
[2025-06-25T20:06:56.434-0400] {processor.py:161} INFO - Started process (PID=60968) to work on /opt/anaconda3/envs/airflow_env/lib/python3.10/site-packages/airflow/example_dags/tutorial_taskflow_api_virtualenv.py
[2025-06-25T20:06:56.434-0400] {processor.py:830} INFO - Processing file /opt/anaconda3/envs/airflow_env/lib/python3.10/site-packages/airflow/example_dags/tutorial_taskflow_api_virtualenv.py for tasks to queue
[2025-06-25T20:06:56.434-0400] {logging_mixin.py:188} INFO - [2025-06-25T20:06:56.434-0400] {dagbag.py:545} INFO - Filling up the DagBag from /opt/anaconda3/envs/airflow_env/lib/python3.10/site-packages/airflow/example_dags/tutorial_taskflow_api_virtualenv.py
[2025-06-25T20:06:56.450-0400] {processor.py:840} INFO - DAG(s) 'tutorial_taskflow_api_virtualenv' retrieved from /opt/anaconda3/envs/airflow_env/lib/python3.10/site-packages/airflow/example_dags/tutorial_taskflow_api_virtualenv.py
[2025-06-25T20:06:56.541-0400] {logging_mixin.py:188} INFO - [2025-06-25T20:06:56.541-0400] {dag.py:3096} INFO - Sync 1 DAGs
[2025-06-25T20:06:56.544-0400] {logging_mixin.py:188} INFO - [2025-06-25T20:06:56.544-0400] {dag.py:3954} INFO - Setting next_dagrun for tutorial_taskflow_api_virtualenv to None, run_after=None
[2025-06-25T20:06:56.552-0400] {processor.py:183} INFO - Processing /opt/anaconda3/envs/airflow_env/lib/python3.10/site-packages/airflow/example_dags/tutorial_taskflow_api_virtualenv.py took 0.120 seconds
[2025-06-25T20:07:54.373-0400] {processor.py:161} INFO - Started process (PID=61144) to work on /opt/anaconda3/envs/airflow_env/lib/python3.10/site-packages/airflow/example_dags/tutorial_taskflow_api_virtualenv.py
[2025-06-25T20:07:54.373-0400] {processor.py:830} INFO - Processing file /opt/anaconda3/envs/airflow_env/lib/python3.10/site-packages/airflow/example_dags/tutorial_taskflow_api_virtualenv.py for tasks to queue
[2025-06-25T20:07:54.373-0400] {logging_mixin.py:188} INFO - [2025-06-25T20:07:54.373-0400] {dagbag.py:545} INFO - Filling up the DagBag from /opt/anaconda3/envs/airflow_env/lib/python3.10/site-packages/airflow/example_dags/tutorial_taskflow_api_virtualenv.py
[2025-06-25T20:07:54.388-0400] {processor.py:840} INFO - DAG(s) 'tutorial_taskflow_api_virtualenv' retrieved from /opt/anaconda3/envs/airflow_env/lib/python3.10/site-packages/airflow/example_dags/tutorial_taskflow_api_virtualenv.py
[2025-06-25T20:07:54.479-0400] {logging_mixin.py:188} INFO - [2025-06-25T20:07:54.478-0400] {dag.py:3096} INFO - Sync 1 DAGs
[2025-06-25T20:07:54.482-0400] {logging_mixin.py:188} INFO - [2025-06-25T20:07:54.482-0400] {dag.py:3954} INFO - Setting next_dagrun for tutorial_taskflow_api_virtualenv to None, run_after=None
[2025-06-25T20:07:54.489-0400] {processor.py:183} INFO - Processing /opt/anaconda3/envs/airflow_env/lib/python3.10/site-packages/airflow/example_dags/tutorial_taskflow_api_virtualenv.py took 0.119 seconds
[2025-06-25T20:08:14.565-0400] {processor.py:161} INFO - Started process (PID=61183) to work on /opt/anaconda3/envs/airflow_env/lib/python3.10/site-packages/airflow/example_dags/tutorial_taskflow_api_virtualenv.py
[2025-06-25T20:08:14.565-0400] {processor.py:830} INFO - Processing file /opt/anaconda3/envs/airflow_env/lib/python3.10/site-packages/airflow/example_dags/tutorial_taskflow_api_virtualenv.py for tasks to queue
[2025-06-25T20:08:14.565-0400] {logging_mixin.py:188} INFO - [2025-06-25T20:08:14.565-0400] {dagbag.py:545} INFO - Filling up the DagBag from /opt/anaconda3/envs/airflow_env/lib/python3.10/site-packages/airflow/example_dags/tutorial_taskflow_api_virtualenv.py
[2025-06-25T20:08:14.581-0400] {processor.py:840} INFO - DAG(s) 'tutorial_taskflow_api_virtualenv' retrieved from /opt/anaconda3/envs/airflow_env/lib/python3.10/site-packages/airflow/example_dags/tutorial_taskflow_api_virtualenv.py
[2025-06-25T20:08:14.585-0400] {logging_mixin.py:188} INFO - [2025-06-25T20:08:14.585-0400] {dag.py:3096} INFO - Sync 1 DAGs
[2025-06-25T20:08:14.615-0400] {logging_mixin.py:188} INFO - [2025-06-25T20:08:14.615-0400] {dag.py:3954} INFO - Setting next_dagrun for tutorial_taskflow_api_virtualenv to None, run_after=None
[2025-06-25T20:08:14.646-0400] {processor.py:183} INFO - Processing /opt/anaconda3/envs/airflow_env/lib/python3.10/site-packages/airflow/example_dags/tutorial_taskflow_api_virtualenv.py took 0.083 seconds
[2025-06-25T20:09:01.859-0400] {processor.py:161} INFO - Started process (PID=61314) to work on /opt/anaconda3/envs/airflow_env/lib/python3.10/site-packages/airflow/example_dags/tutorial_taskflow_api_virtualenv.py
[2025-06-25T20:09:01.859-0400] {processor.py:830} INFO - Processing file /opt/anaconda3/envs/airflow_env/lib/python3.10/site-packages/airflow/example_dags/tutorial_taskflow_api_virtualenv.py for tasks to queue
[2025-06-25T20:09:01.859-0400] {logging_mixin.py:188} INFO - [2025-06-25T20:09:01.859-0400] {dagbag.py:545} INFO - Filling up the DagBag from /opt/anaconda3/envs/airflow_env/lib/python3.10/site-packages/airflow/example_dags/tutorial_taskflow_api_virtualenv.py
[2025-06-25T20:09:01.876-0400] {processor.py:840} INFO - DAG(s) 'tutorial_taskflow_api_virtualenv' retrieved from /opt/anaconda3/envs/airflow_env/lib/python3.10/site-packages/airflow/example_dags/tutorial_taskflow_api_virtualenv.py
[2025-06-25T20:09:01.978-0400] {logging_mixin.py:188} INFO - [2025-06-25T20:09:01.977-0400] {dag.py:3096} INFO - Sync 1 DAGs
[2025-06-25T20:09:01.981-0400] {logging_mixin.py:188} INFO - [2025-06-25T20:09:01.981-0400] {dag.py:3954} INFO - Setting next_dagrun for tutorial_taskflow_api_virtualenv to None, run_after=None
[2025-06-25T20:09:01.991-0400] {processor.py:183} INFO - Processing /opt/anaconda3/envs/airflow_env/lib/python3.10/site-packages/airflow/example_dags/tutorial_taskflow_api_virtualenv.py took 0.135 seconds
[2025-06-25T20:09:06.066-0400] {processor.py:161} INFO - Started process (PID=61326) to work on /opt/anaconda3/envs/airflow_env/lib/python3.10/site-packages/airflow/example_dags/tutorial_taskflow_api_virtualenv.py
[2025-06-25T20:09:06.066-0400] {processor.py:830} INFO - Processing file /opt/anaconda3/envs/airflow_env/lib/python3.10/site-packages/airflow/example_dags/tutorial_taskflow_api_virtualenv.py for tasks to queue
[2025-06-25T20:09:06.067-0400] {logging_mixin.py:188} INFO - [2025-06-25T20:09:06.067-0400] {dagbag.py:545} INFO - Filling up the DagBag from /opt/anaconda3/envs/airflow_env/lib/python3.10/site-packages/airflow/example_dags/tutorial_taskflow_api_virtualenv.py
[2025-06-25T20:09:06.080-0400] {processor.py:840} INFO - DAG(s) 'tutorial_taskflow_api_virtualenv' retrieved from /opt/anaconda3/envs/airflow_env/lib/python3.10/site-packages/airflow/example_dags/tutorial_taskflow_api_virtualenv.py
[2025-06-25T20:09:06.084-0400] {logging_mixin.py:188} INFO - [2025-06-25T20:09:06.084-0400] {dag.py:3096} INFO - Sync 1 DAGs
[2025-06-25T20:09:06.112-0400] {logging_mixin.py:188} INFO - [2025-06-25T20:09:06.112-0400] {dag.py:3954} INFO - Setting next_dagrun for tutorial_taskflow_api_virtualenv to None, run_after=None
[2025-06-25T20:09:06.140-0400] {processor.py:183} INFO - Processing /opt/anaconda3/envs/airflow_env/lib/python3.10/site-packages/airflow/example_dags/tutorial_taskflow_api_virtualenv.py took 0.076 seconds
[2025-06-25T20:10:13.370-0400] {processor.py:161} INFO - Started process (PID=61471) to work on /opt/anaconda3/envs/airflow_env/lib/python3.10/site-packages/airflow/example_dags/tutorial_taskflow_api_virtualenv.py
[2025-06-25T20:10:13.371-0400] {processor.py:830} INFO - Processing file /opt/anaconda3/envs/airflow_env/lib/python3.10/site-packages/airflow/example_dags/tutorial_taskflow_api_virtualenv.py for tasks to queue
[2025-06-25T20:10:13.371-0400] {logging_mixin.py:188} INFO - [2025-06-25T20:10:13.371-0400] {dagbag.py:545} INFO - Filling up the DagBag from /opt/anaconda3/envs/airflow_env/lib/python3.10/site-packages/airflow/example_dags/tutorial_taskflow_api_virtualenv.py
[2025-06-25T20:10:13.385-0400] {processor.py:840} INFO - DAG(s) 'tutorial_taskflow_api_virtualenv' retrieved from /opt/anaconda3/envs/airflow_env/lib/python3.10/site-packages/airflow/example_dags/tutorial_taskflow_api_virtualenv.py
[2025-06-25T20:10:13.469-0400] {logging_mixin.py:188} INFO - [2025-06-25T20:10:13.469-0400] {dag.py:3096} INFO - Sync 1 DAGs
[2025-06-25T20:10:13.473-0400] {logging_mixin.py:188} INFO - [2025-06-25T20:10:13.473-0400] {dag.py:3954} INFO - Setting next_dagrun for tutorial_taskflow_api_virtualenv to None, run_after=None
[2025-06-25T20:10:13.480-0400] {processor.py:183} INFO - Processing /opt/anaconda3/envs/airflow_env/lib/python3.10/site-packages/airflow/example_dags/tutorial_taskflow_api_virtualenv.py took 0.112 seconds
[2025-06-25T20:10:18.003-0400] {processor.py:161} INFO - Started process (PID=61480) to work on /opt/anaconda3/envs/airflow_env/lib/python3.10/site-packages/airflow/example_dags/tutorial_taskflow_api_virtualenv.py
[2025-06-25T20:10:18.003-0400] {processor.py:830} INFO - Processing file /opt/anaconda3/envs/airflow_env/lib/python3.10/site-packages/airflow/example_dags/tutorial_taskflow_api_virtualenv.py for tasks to queue
[2025-06-25T20:10:18.004-0400] {logging_mixin.py:188} INFO - [2025-06-25T20:10:18.004-0400] {dagbag.py:545} INFO - Filling up the DagBag from /opt/anaconda3/envs/airflow_env/lib/python3.10/site-packages/airflow/example_dags/tutorial_taskflow_api_virtualenv.py
[2025-06-25T20:10:18.018-0400] {processor.py:840} INFO - DAG(s) 'tutorial_taskflow_api_virtualenv' retrieved from /opt/anaconda3/envs/airflow_env/lib/python3.10/site-packages/airflow/example_dags/tutorial_taskflow_api_virtualenv.py
[2025-06-25T20:10:18.022-0400] {logging_mixin.py:188} INFO - [2025-06-25T20:10:18.022-0400] {dag.py:3096} INFO - Sync 1 DAGs
[2025-06-25T20:10:18.049-0400] {logging_mixin.py:188} INFO - [2025-06-25T20:10:18.049-0400] {dag.py:3954} INFO - Setting next_dagrun for tutorial_taskflow_api_virtualenv to None, run_after=None
[2025-06-25T20:10:18.076-0400] {processor.py:183} INFO - Processing /opt/anaconda3/envs/airflow_env/lib/python3.10/site-packages/airflow/example_dags/tutorial_taskflow_api_virtualenv.py took 0.075 seconds
[2025-06-25T20:11:43.913-0400] {processor.py:161} INFO - Started process (PID=61659) to work on /opt/anaconda3/envs/airflow_env/lib/python3.10/site-packages/airflow/example_dags/tutorial_taskflow_api_virtualenv.py
[2025-06-25T20:11:43.913-0400] {processor.py:830} INFO - Processing file /opt/anaconda3/envs/airflow_env/lib/python3.10/site-packages/airflow/example_dags/tutorial_taskflow_api_virtualenv.py for tasks to queue
[2025-06-25T20:11:43.914-0400] {logging_mixin.py:188} INFO - [2025-06-25T20:11:43.914-0400] {dagbag.py:545} INFO - Filling up the DagBag from /opt/anaconda3/envs/airflow_env/lib/python3.10/site-packages/airflow/example_dags/tutorial_taskflow_api_virtualenv.py
[2025-06-25T20:11:43.928-0400] {processor.py:840} INFO - DAG(s) 'tutorial_taskflow_api_virtualenv' retrieved from /opt/anaconda3/envs/airflow_env/lib/python3.10/site-packages/airflow/example_dags/tutorial_taskflow_api_virtualenv.py
[2025-06-25T20:11:44.022-0400] {logging_mixin.py:188} INFO - [2025-06-25T20:11:44.021-0400] {dag.py:3096} INFO - Sync 1 DAGs
[2025-06-25T20:11:44.025-0400] {logging_mixin.py:188} INFO - [2025-06-25T20:11:44.025-0400] {dag.py:3954} INFO - Setting next_dagrun for tutorial_taskflow_api_virtualenv to None, run_after=None
[2025-06-25T20:11:44.033-0400] {processor.py:183} INFO - Processing /opt/anaconda3/envs/airflow_env/lib/python3.10/site-packages/airflow/example_dags/tutorial_taskflow_api_virtualenv.py took 0.122 seconds
[2025-06-25T20:11:47.538-0400] {processor.py:161} INFO - Started process (PID=61682) to work on /opt/anaconda3/envs/airflow_env/lib/python3.10/site-packages/airflow/example_dags/tutorial_taskflow_api_virtualenv.py
[2025-06-25T20:11:47.538-0400] {processor.py:830} INFO - Processing file /opt/anaconda3/envs/airflow_env/lib/python3.10/site-packages/airflow/example_dags/tutorial_taskflow_api_virtualenv.py for tasks to queue
[2025-06-25T20:11:47.538-0400] {logging_mixin.py:188} INFO - [2025-06-25T20:11:47.538-0400] {dagbag.py:545} INFO - Filling up the DagBag from /opt/anaconda3/envs/airflow_env/lib/python3.10/site-packages/airflow/example_dags/tutorial_taskflow_api_virtualenv.py
[2025-06-25T20:11:47.553-0400] {processor.py:840} INFO - DAG(s) 'tutorial_taskflow_api_virtualenv' retrieved from /opt/anaconda3/envs/airflow_env/lib/python3.10/site-packages/airflow/example_dags/tutorial_taskflow_api_virtualenv.py
[2025-06-25T20:11:47.558-0400] {logging_mixin.py:188} INFO - [2025-06-25T20:11:47.557-0400] {dag.py:3096} INFO - Sync 1 DAGs
[2025-06-25T20:11:47.585-0400] {logging_mixin.py:188} INFO - [2025-06-25T20:11:47.585-0400] {dag.py:3954} INFO - Setting next_dagrun for tutorial_taskflow_api_virtualenv to None, run_after=None
[2025-06-25T20:11:47.619-0400] {processor.py:183} INFO - Processing /opt/anaconda3/envs/airflow_env/lib/python3.10/site-packages/airflow/example_dags/tutorial_taskflow_api_virtualenv.py took 0.083 seconds
[2025-06-25T20:12:40.680-0400] {processor.py:161} INFO - Started process (PID=61800) to work on /opt/anaconda3/envs/airflow_env/lib/python3.10/site-packages/airflow/example_dags/tutorial_taskflow_api_virtualenv.py
[2025-06-25T20:12:40.681-0400] {processor.py:830} INFO - Processing file /opt/anaconda3/envs/airflow_env/lib/python3.10/site-packages/airflow/example_dags/tutorial_taskflow_api_virtualenv.py for tasks to queue
[2025-06-25T20:12:40.681-0400] {logging_mixin.py:188} INFO - [2025-06-25T20:12:40.681-0400] {dagbag.py:545} INFO - Filling up the DagBag from /opt/anaconda3/envs/airflow_env/lib/python3.10/site-packages/airflow/example_dags/tutorial_taskflow_api_virtualenv.py
[2025-06-25T20:12:40.696-0400] {processor.py:840} INFO - DAG(s) 'tutorial_taskflow_api_virtualenv' retrieved from /opt/anaconda3/envs/airflow_env/lib/python3.10/site-packages/airflow/example_dags/tutorial_taskflow_api_virtualenv.py
[2025-06-25T20:12:40.776-0400] {logging_mixin.py:188} INFO - [2025-06-25T20:12:40.776-0400] {dag.py:3096} INFO - Sync 1 DAGs
[2025-06-25T20:12:40.779-0400] {logging_mixin.py:188} INFO - [2025-06-25T20:12:40.779-0400] {dag.py:3954} INFO - Setting next_dagrun for tutorial_taskflow_api_virtualenv to None, run_after=None
[2025-06-25T20:12:40.786-0400] {processor.py:183} INFO - Processing /opt/anaconda3/envs/airflow_env/lib/python3.10/site-packages/airflow/example_dags/tutorial_taskflow_api_virtualenv.py took 0.108 seconds
[2025-06-25T20:12:56.863-0400] {processor.py:161} INFO - Started process (PID=61838) to work on /opt/anaconda3/envs/airflow_env/lib/python3.10/site-packages/airflow/example_dags/tutorial_taskflow_api_virtualenv.py
[2025-06-25T20:12:56.863-0400] {processor.py:830} INFO - Processing file /opt/anaconda3/envs/airflow_env/lib/python3.10/site-packages/airflow/example_dags/tutorial_taskflow_api_virtualenv.py for tasks to queue
[2025-06-25T20:12:56.864-0400] {logging_mixin.py:188} INFO - [2025-06-25T20:12:56.864-0400] {dagbag.py:545} INFO - Filling up the DagBag from /opt/anaconda3/envs/airflow_env/lib/python3.10/site-packages/airflow/example_dags/tutorial_taskflow_api_virtualenv.py
[2025-06-25T20:12:56.878-0400] {processor.py:840} INFO - DAG(s) 'tutorial_taskflow_api_virtualenv' retrieved from /opt/anaconda3/envs/airflow_env/lib/python3.10/site-packages/airflow/example_dags/tutorial_taskflow_api_virtualenv.py
[2025-06-25T20:12:56.882-0400] {logging_mixin.py:188} INFO - [2025-06-25T20:12:56.882-0400] {dag.py:3096} INFO - Sync 1 DAGs
[2025-06-25T20:12:56.908-0400] {logging_mixin.py:188} INFO - [2025-06-25T20:12:56.908-0400] {dag.py:3954} INFO - Setting next_dagrun for tutorial_taskflow_api_virtualenv to None, run_after=None
[2025-06-25T20:12:56.933-0400] {processor.py:183} INFO - Processing /opt/anaconda3/envs/airflow_env/lib/python3.10/site-packages/airflow/example_dags/tutorial_taskflow_api_virtualenv.py took 0.072 seconds
[2025-06-25T20:13:28.031-0400] {processor.py:161} INFO - Started process (PID=61888) to work on /opt/anaconda3/envs/airflow_env/lib/python3.10/site-packages/airflow/example_dags/tutorial_taskflow_api_virtualenv.py
[2025-06-25T20:13:28.031-0400] {processor.py:830} INFO - Processing file /opt/anaconda3/envs/airflow_env/lib/python3.10/site-packages/airflow/example_dags/tutorial_taskflow_api_virtualenv.py for tasks to queue
[2025-06-25T20:13:28.032-0400] {logging_mixin.py:188} INFO - [2025-06-25T20:13:28.032-0400] {dagbag.py:545} INFO - Filling up the DagBag from /opt/anaconda3/envs/airflow_env/lib/python3.10/site-packages/airflow/example_dags/tutorial_taskflow_api_virtualenv.py
[2025-06-25T20:13:28.046-0400] {processor.py:840} INFO - DAG(s) 'tutorial_taskflow_api_virtualenv' retrieved from /opt/anaconda3/envs/airflow_env/lib/python3.10/site-packages/airflow/example_dags/tutorial_taskflow_api_virtualenv.py
[2025-06-25T20:13:28.140-0400] {logging_mixin.py:188} INFO - [2025-06-25T20:13:28.140-0400] {dag.py:3096} INFO - Sync 1 DAGs
[2025-06-25T20:13:28.144-0400] {logging_mixin.py:188} INFO - [2025-06-25T20:13:28.144-0400] {dag.py:3954} INFO - Setting next_dagrun for tutorial_taskflow_api_virtualenv to None, run_after=None
[2025-06-25T20:13:28.152-0400] {processor.py:183} INFO - Processing /opt/anaconda3/envs/airflow_env/lib/python3.10/site-packages/airflow/example_dags/tutorial_taskflow_api_virtualenv.py took 0.123 seconds
[2025-06-25T20:13:48.207-0400] {processor.py:161} INFO - Started process (PID=61917) to work on /opt/anaconda3/envs/airflow_env/lib/python3.10/site-packages/airflow/example_dags/tutorial_taskflow_api_virtualenv.py
[2025-06-25T20:13:48.207-0400] {processor.py:830} INFO - Processing file /opt/anaconda3/envs/airflow_env/lib/python3.10/site-packages/airflow/example_dags/tutorial_taskflow_api_virtualenv.py for tasks to queue
[2025-06-25T20:13:48.208-0400] {logging_mixin.py:188} INFO - [2025-06-25T20:13:48.208-0400] {dagbag.py:545} INFO - Filling up the DagBag from /opt/anaconda3/envs/airflow_env/lib/python3.10/site-packages/airflow/example_dags/tutorial_taskflow_api_virtualenv.py
[2025-06-25T20:13:48.222-0400] {processor.py:840} INFO - DAG(s) 'tutorial_taskflow_api_virtualenv' retrieved from /opt/anaconda3/envs/airflow_env/lib/python3.10/site-packages/airflow/example_dags/tutorial_taskflow_api_virtualenv.py
[2025-06-25T20:13:48.227-0400] {logging_mixin.py:188} INFO - [2025-06-25T20:13:48.227-0400] {dag.py:3096} INFO - Sync 1 DAGs
[2025-06-25T20:13:48.255-0400] {logging_mixin.py:188} INFO - [2025-06-25T20:13:48.255-0400] {dag.py:3954} INFO - Setting next_dagrun for tutorial_taskflow_api_virtualenv to None, run_after=None
[2025-06-25T20:13:48.288-0400] {processor.py:183} INFO - Processing /opt/anaconda3/envs/airflow_env/lib/python3.10/site-packages/airflow/example_dags/tutorial_taskflow_api_virtualenv.py took 0.083 seconds
[2025-06-25T20:14:16.366-0400] {processor.py:161} INFO - Started process (PID=61957) to work on /opt/anaconda3/envs/airflow_env/lib/python3.10/site-packages/airflow/example_dags/tutorial_taskflow_api_virtualenv.py
[2025-06-25T20:14:16.367-0400] {processor.py:830} INFO - Processing file /opt/anaconda3/envs/airflow_env/lib/python3.10/site-packages/airflow/example_dags/tutorial_taskflow_api_virtualenv.py for tasks to queue
[2025-06-25T20:14:16.367-0400] {logging_mixin.py:188} INFO - [2025-06-25T20:14:16.367-0400] {dagbag.py:545} INFO - Filling up the DagBag from /opt/anaconda3/envs/airflow_env/lib/python3.10/site-packages/airflow/example_dags/tutorial_taskflow_api_virtualenv.py
[2025-06-25T20:14:16.384-0400] {processor.py:840} INFO - DAG(s) 'tutorial_taskflow_api_virtualenv' retrieved from /opt/anaconda3/envs/airflow_env/lib/python3.10/site-packages/airflow/example_dags/tutorial_taskflow_api_virtualenv.py
[2025-06-25T20:14:16.479-0400] {logging_mixin.py:188} INFO - [2025-06-25T20:14:16.479-0400] {dag.py:3096} INFO - Sync 1 DAGs
[2025-06-25T20:14:16.483-0400] {logging_mixin.py:188} INFO - [2025-06-25T20:14:16.483-0400] {dag.py:3954} INFO - Setting next_dagrun for tutorial_taskflow_api_virtualenv to None, run_after=None
[2025-06-25T20:14:16.491-0400] {processor.py:183} INFO - Processing /opt/anaconda3/envs/airflow_env/lib/python3.10/site-packages/airflow/example_dags/tutorial_taskflow_api_virtualenv.py took 0.126 seconds
[2025-06-25T20:14:39.459-0400] {processor.py:161} INFO - Started process (PID=61992) to work on /opt/anaconda3/envs/airflow_env/lib/python3.10/site-packages/airflow/example_dags/tutorial_taskflow_api_virtualenv.py
[2025-06-25T20:14:39.460-0400] {processor.py:830} INFO - Processing file /opt/anaconda3/envs/airflow_env/lib/python3.10/site-packages/airflow/example_dags/tutorial_taskflow_api_virtualenv.py for tasks to queue
[2025-06-25T20:14:39.460-0400] {logging_mixin.py:188} INFO - [2025-06-25T20:14:39.460-0400] {dagbag.py:545} INFO - Filling up the DagBag from /opt/anaconda3/envs/airflow_env/lib/python3.10/site-packages/airflow/example_dags/tutorial_taskflow_api_virtualenv.py
[2025-06-25T20:14:39.474-0400] {processor.py:840} INFO - DAG(s) 'tutorial_taskflow_api_virtualenv' retrieved from /opt/anaconda3/envs/airflow_env/lib/python3.10/site-packages/airflow/example_dags/tutorial_taskflow_api_virtualenv.py
[2025-06-25T20:14:39.479-0400] {logging_mixin.py:188} INFO - [2025-06-25T20:14:39.479-0400] {dag.py:3096} INFO - Sync 1 DAGs
[2025-06-25T20:14:39.506-0400] {logging_mixin.py:188} INFO - [2025-06-25T20:14:39.506-0400] {dag.py:3954} INFO - Setting next_dagrun for tutorial_taskflow_api_virtualenv to None, run_after=None
[2025-06-25T20:14:39.532-0400] {processor.py:183} INFO - Processing /opt/anaconda3/envs/airflow_env/lib/python3.10/site-packages/airflow/example_dags/tutorial_taskflow_api_virtualenv.py took 0.075 seconds
[2025-06-25T20:15:05.661-0400] {processor.py:161} INFO - Started process (PID=62037) to work on /opt/anaconda3/envs/airflow_env/lib/python3.10/site-packages/airflow/example_dags/tutorial_taskflow_api_virtualenv.py
[2025-06-25T20:15:05.661-0400] {processor.py:830} INFO - Processing file /opt/anaconda3/envs/airflow_env/lib/python3.10/site-packages/airflow/example_dags/tutorial_taskflow_api_virtualenv.py for tasks to queue
[2025-06-25T20:15:05.662-0400] {logging_mixin.py:188} INFO - [2025-06-25T20:15:05.661-0400] {dagbag.py:545} INFO - Filling up the DagBag from /opt/anaconda3/envs/airflow_env/lib/python3.10/site-packages/airflow/example_dags/tutorial_taskflow_api_virtualenv.py
[2025-06-25T20:15:05.677-0400] {processor.py:840} INFO - DAG(s) 'tutorial_taskflow_api_virtualenv' retrieved from /opt/anaconda3/envs/airflow_env/lib/python3.10/site-packages/airflow/example_dags/tutorial_taskflow_api_virtualenv.py
[2025-06-25T20:15:05.767-0400] {logging_mixin.py:188} INFO - [2025-06-25T20:15:05.767-0400] {dag.py:3096} INFO - Sync 1 DAGs
[2025-06-25T20:15:05.770-0400] {logging_mixin.py:188} INFO - [2025-06-25T20:15:05.770-0400] {dag.py:3954} INFO - Setting next_dagrun for tutorial_taskflow_api_virtualenv to None, run_after=None
[2025-06-25T20:15:05.778-0400] {processor.py:183} INFO - Processing /opt/anaconda3/envs/airflow_env/lib/python3.10/site-packages/airflow/example_dags/tutorial_taskflow_api_virtualenv.py took 0.119 seconds
[2025-06-25T20:15:29.298-0400] {processor.py:161} INFO - Started process (PID=62075) to work on /opt/anaconda3/envs/airflow_env/lib/python3.10/site-packages/airflow/example_dags/tutorial_taskflow_api_virtualenv.py
[2025-06-25T20:15:29.299-0400] {processor.py:830} INFO - Processing file /opt/anaconda3/envs/airflow_env/lib/python3.10/site-packages/airflow/example_dags/tutorial_taskflow_api_virtualenv.py for tasks to queue
[2025-06-25T20:15:29.299-0400] {logging_mixin.py:188} INFO - [2025-06-25T20:15:29.299-0400] {dagbag.py:545} INFO - Filling up the DagBag from /opt/anaconda3/envs/airflow_env/lib/python3.10/site-packages/airflow/example_dags/tutorial_taskflow_api_virtualenv.py
[2025-06-25T20:15:29.314-0400] {processor.py:840} INFO - DAG(s) 'tutorial_taskflow_api_virtualenv' retrieved from /opt/anaconda3/envs/airflow_env/lib/python3.10/site-packages/airflow/example_dags/tutorial_taskflow_api_virtualenv.py
[2025-06-25T20:15:29.318-0400] {logging_mixin.py:188} INFO - [2025-06-25T20:15:29.318-0400] {dag.py:3096} INFO - Sync 1 DAGs
[2025-06-25T20:15:29.346-0400] {logging_mixin.py:188} INFO - [2025-06-25T20:15:29.346-0400] {dag.py:3954} INFO - Setting next_dagrun for tutorial_taskflow_api_virtualenv to None, run_after=None
[2025-06-25T20:15:29.381-0400] {processor.py:183} INFO - Processing /opt/anaconda3/envs/airflow_env/lib/python3.10/site-packages/airflow/example_dags/tutorial_taskflow_api_virtualenv.py took 0.085 seconds
[2025-06-25T20:15:51.658-0400] {processor.py:161} INFO - Started process (PID=62107) to work on /opt/anaconda3/envs/airflow_env/lib/python3.10/site-packages/airflow/example_dags/tutorial_taskflow_api_virtualenv.py
[2025-06-25T20:15:51.658-0400] {processor.py:830} INFO - Processing file /opt/anaconda3/envs/airflow_env/lib/python3.10/site-packages/airflow/example_dags/tutorial_taskflow_api_virtualenv.py for tasks to queue
[2025-06-25T20:15:51.659-0400] {logging_mixin.py:188} INFO - [2025-06-25T20:15:51.659-0400] {dagbag.py:545} INFO - Filling up the DagBag from /opt/anaconda3/envs/airflow_env/lib/python3.10/site-packages/airflow/example_dags/tutorial_taskflow_api_virtualenv.py
[2025-06-25T20:15:51.672-0400] {processor.py:840} INFO - DAG(s) 'tutorial_taskflow_api_virtualenv' retrieved from /opt/anaconda3/envs/airflow_env/lib/python3.10/site-packages/airflow/example_dags/tutorial_taskflow_api_virtualenv.py
[2025-06-25T20:15:51.750-0400] {logging_mixin.py:188} INFO - [2025-06-25T20:15:51.750-0400] {dag.py:3096} INFO - Sync 1 DAGs
[2025-06-25T20:15:51.753-0400] {logging_mixin.py:188} INFO - [2025-06-25T20:15:51.753-0400] {dag.py:3954} INFO - Setting next_dagrun for tutorial_taskflow_api_virtualenv to None, run_after=None
[2025-06-25T20:15:51.760-0400] {processor.py:183} INFO - Processing /opt/anaconda3/envs/airflow_env/lib/python3.10/site-packages/airflow/example_dags/tutorial_taskflow_api_virtualenv.py took 0.104 seconds
[2025-06-25T20:16:18.036-0400] {processor.py:161} INFO - Started process (PID=62156) to work on /opt/anaconda3/envs/airflow_env/lib/python3.10/site-packages/airflow/example_dags/tutorial_taskflow_api_virtualenv.py
[2025-06-25T20:16:18.037-0400] {processor.py:830} INFO - Processing file /opt/anaconda3/envs/airflow_env/lib/python3.10/site-packages/airflow/example_dags/tutorial_taskflow_api_virtualenv.py for tasks to queue
[2025-06-25T20:16:18.037-0400] {logging_mixin.py:188} INFO - [2025-06-25T20:16:18.037-0400] {dagbag.py:545} INFO - Filling up the DagBag from /opt/anaconda3/envs/airflow_env/lib/python3.10/site-packages/airflow/example_dags/tutorial_taskflow_api_virtualenv.py
[2025-06-25T20:16:18.051-0400] {processor.py:840} INFO - DAG(s) 'tutorial_taskflow_api_virtualenv' retrieved from /opt/anaconda3/envs/airflow_env/lib/python3.10/site-packages/airflow/example_dags/tutorial_taskflow_api_virtualenv.py
[2025-06-25T20:16:18.055-0400] {logging_mixin.py:188} INFO - [2025-06-25T20:16:18.055-0400] {dag.py:3096} INFO - Sync 1 DAGs
[2025-06-25T20:16:18.084-0400] {logging_mixin.py:188} INFO - [2025-06-25T20:16:18.084-0400] {dag.py:3954} INFO - Setting next_dagrun for tutorial_taskflow_api_virtualenv to None, run_after=None
[2025-06-25T20:16:18.117-0400] {processor.py:183} INFO - Processing /opt/anaconda3/envs/airflow_env/lib/python3.10/site-packages/airflow/example_dags/tutorial_taskflow_api_virtualenv.py took 0.083 seconds
[2025-06-25T20:16:40.544-0400] {processor.py:161} INFO - Started process (PID=62197) to work on /opt/anaconda3/envs/airflow_env/lib/python3.10/site-packages/airflow/example_dags/tutorial_taskflow_api_virtualenv.py
[2025-06-25T20:16:40.545-0400] {processor.py:830} INFO - Processing file /opt/anaconda3/envs/airflow_env/lib/python3.10/site-packages/airflow/example_dags/tutorial_taskflow_api_virtualenv.py for tasks to queue
[2025-06-25T20:16:40.545-0400] {logging_mixin.py:188} INFO - [2025-06-25T20:16:40.545-0400] {dagbag.py:545} INFO - Filling up the DagBag from /opt/anaconda3/envs/airflow_env/lib/python3.10/site-packages/airflow/example_dags/tutorial_taskflow_api_virtualenv.py
[2025-06-25T20:16:40.558-0400] {processor.py:840} INFO - DAG(s) 'tutorial_taskflow_api_virtualenv' retrieved from /opt/anaconda3/envs/airflow_env/lib/python3.10/site-packages/airflow/example_dags/tutorial_taskflow_api_virtualenv.py
[2025-06-25T20:16:40.638-0400] {logging_mixin.py:188} INFO - [2025-06-25T20:16:40.638-0400] {dag.py:3096} INFO - Sync 1 DAGs
[2025-06-25T20:16:40.642-0400] {logging_mixin.py:188} INFO - [2025-06-25T20:16:40.641-0400] {dag.py:3954} INFO - Setting next_dagrun for tutorial_taskflow_api_virtualenv to None, run_after=None
[2025-06-25T20:16:40.649-0400] {processor.py:183} INFO - Processing /opt/anaconda3/envs/airflow_env/lib/python3.10/site-packages/airflow/example_dags/tutorial_taskflow_api_virtualenv.py took 0.107 seconds
[2025-06-25T20:17:06.701-0400] {processor.py:161} INFO - Started process (PID=62233) to work on /opt/anaconda3/envs/airflow_env/lib/python3.10/site-packages/airflow/example_dags/tutorial_taskflow_api_virtualenv.py
[2025-06-25T20:17:06.702-0400] {processor.py:830} INFO - Processing file /opt/anaconda3/envs/airflow_env/lib/python3.10/site-packages/airflow/example_dags/tutorial_taskflow_api_virtualenv.py for tasks to queue
[2025-06-25T20:17:06.702-0400] {logging_mixin.py:188} INFO - [2025-06-25T20:17:06.702-0400] {dagbag.py:545} INFO - Filling up the DagBag from /opt/anaconda3/envs/airflow_env/lib/python3.10/site-packages/airflow/example_dags/tutorial_taskflow_api_virtualenv.py
[2025-06-25T20:17:06.716-0400] {processor.py:840} INFO - DAG(s) 'tutorial_taskflow_api_virtualenv' retrieved from /opt/anaconda3/envs/airflow_env/lib/python3.10/site-packages/airflow/example_dags/tutorial_taskflow_api_virtualenv.py
[2025-06-25T20:17:06.720-0400] {logging_mixin.py:188} INFO - [2025-06-25T20:17:06.720-0400] {dag.py:3096} INFO - Sync 1 DAGs
[2025-06-25T20:17:06.748-0400] {logging_mixin.py:188} INFO - [2025-06-25T20:17:06.748-0400] {dag.py:3954} INFO - Setting next_dagrun for tutorial_taskflow_api_virtualenv to None, run_after=None
[2025-06-25T20:17:06.775-0400] {processor.py:183} INFO - Processing /opt/anaconda3/envs/airflow_env/lib/python3.10/site-packages/airflow/example_dags/tutorial_taskflow_api_virtualenv.py took 0.076 seconds
[2025-06-25T20:17:32.154-0400] {processor.py:161} INFO - Started process (PID=62268) to work on /opt/anaconda3/envs/airflow_env/lib/python3.10/site-packages/airflow/example_dags/tutorial_taskflow_api_virtualenv.py
[2025-06-25T20:17:32.155-0400] {processor.py:830} INFO - Processing file /opt/anaconda3/envs/airflow_env/lib/python3.10/site-packages/airflow/example_dags/tutorial_taskflow_api_virtualenv.py for tasks to queue
[2025-06-25T20:17:32.155-0400] {logging_mixin.py:188} INFO - [2025-06-25T20:17:32.155-0400] {dagbag.py:545} INFO - Filling up the DagBag from /opt/anaconda3/envs/airflow_env/lib/python3.10/site-packages/airflow/example_dags/tutorial_taskflow_api_virtualenv.py
[2025-06-25T20:17:32.169-0400] {processor.py:840} INFO - DAG(s) 'tutorial_taskflow_api_virtualenv' retrieved from /opt/anaconda3/envs/airflow_env/lib/python3.10/site-packages/airflow/example_dags/tutorial_taskflow_api_virtualenv.py
[2025-06-25T20:17:32.251-0400] {logging_mixin.py:188} INFO - [2025-06-25T20:17:32.251-0400] {dag.py:3096} INFO - Sync 1 DAGs
[2025-06-25T20:17:32.254-0400] {logging_mixin.py:188} INFO - [2025-06-25T20:17:32.254-0400] {dag.py:3954} INFO - Setting next_dagrun for tutorial_taskflow_api_virtualenv to None, run_after=None
[2025-06-25T20:17:32.262-0400] {processor.py:183} INFO - Processing /opt/anaconda3/envs/airflow_env/lib/python3.10/site-packages/airflow/example_dags/tutorial_taskflow_api_virtualenv.py took 0.109 seconds
[2025-06-25T20:17:52.380-0400] {processor.py:161} INFO - Started process (PID=62300) to work on /opt/anaconda3/envs/airflow_env/lib/python3.10/site-packages/airflow/example_dags/tutorial_taskflow_api_virtualenv.py
[2025-06-25T20:17:52.380-0400] {processor.py:830} INFO - Processing file /opt/anaconda3/envs/airflow_env/lib/python3.10/site-packages/airflow/example_dags/tutorial_taskflow_api_virtualenv.py for tasks to queue
[2025-06-25T20:17:52.380-0400] {logging_mixin.py:188} INFO - [2025-06-25T20:17:52.380-0400] {dagbag.py:545} INFO - Filling up the DagBag from /opt/anaconda3/envs/airflow_env/lib/python3.10/site-packages/airflow/example_dags/tutorial_taskflow_api_virtualenv.py
[2025-06-25T20:17:52.394-0400] {processor.py:840} INFO - DAG(s) 'tutorial_taskflow_api_virtualenv' retrieved from /opt/anaconda3/envs/airflow_env/lib/python3.10/site-packages/airflow/example_dags/tutorial_taskflow_api_virtualenv.py
[2025-06-25T20:17:52.399-0400] {logging_mixin.py:188} INFO - [2025-06-25T20:17:52.398-0400] {dag.py:3096} INFO - Sync 1 DAGs
[2025-06-25T20:17:52.428-0400] {logging_mixin.py:188} INFO - [2025-06-25T20:17:52.428-0400] {dag.py:3954} INFO - Setting next_dagrun for tutorial_taskflow_api_virtualenv to None, run_after=None
[2025-06-25T20:17:52.457-0400] {processor.py:183} INFO - Processing /opt/anaconda3/envs/airflow_env/lib/python3.10/site-packages/airflow/example_dags/tutorial_taskflow_api_virtualenv.py took 0.079 seconds
[2025-06-25T20:18:20.761-0400] {processor.py:161} INFO - Started process (PID=62347) to work on /opt/anaconda3/envs/airflow_env/lib/python3.10/site-packages/airflow/example_dags/tutorial_taskflow_api_virtualenv.py
[2025-06-25T20:18:20.762-0400] {processor.py:830} INFO - Processing file /opt/anaconda3/envs/airflow_env/lib/python3.10/site-packages/airflow/example_dags/tutorial_taskflow_api_virtualenv.py for tasks to queue
[2025-06-25T20:18:20.762-0400] {logging_mixin.py:188} INFO - [2025-06-25T20:18:20.762-0400] {dagbag.py:545} INFO - Filling up the DagBag from /opt/anaconda3/envs/airflow_env/lib/python3.10/site-packages/airflow/example_dags/tutorial_taskflow_api_virtualenv.py
[2025-06-25T20:18:20.778-0400] {processor.py:840} INFO - DAG(s) 'tutorial_taskflow_api_virtualenv' retrieved from /opt/anaconda3/envs/airflow_env/lib/python3.10/site-packages/airflow/example_dags/tutorial_taskflow_api_virtualenv.py
[2025-06-25T20:18:20.871-0400] {logging_mixin.py:188} INFO - [2025-06-25T20:18:20.871-0400] {dag.py:3096} INFO - Sync 1 DAGs
[2025-06-25T20:18:20.875-0400] {logging_mixin.py:188} INFO - [2025-06-25T20:18:20.875-0400] {dag.py:3954} INFO - Setting next_dagrun for tutorial_taskflow_api_virtualenv to None, run_after=None
[2025-06-25T20:18:20.883-0400] {processor.py:183} INFO - Processing /opt/anaconda3/envs/airflow_env/lib/python3.10/site-packages/airflow/example_dags/tutorial_taskflow_api_virtualenv.py took 0.123 seconds
[2025-06-25T20:18:57.767-0400] {processor.py:161} INFO - Started process (PID=62428) to work on /opt/anaconda3/envs/airflow_env/lib/python3.10/site-packages/airflow/example_dags/tutorial_taskflow_api_virtualenv.py
[2025-06-25T20:18:57.767-0400] {processor.py:830} INFO - Processing file /opt/anaconda3/envs/airflow_env/lib/python3.10/site-packages/airflow/example_dags/tutorial_taskflow_api_virtualenv.py for tasks to queue
[2025-06-25T20:18:57.767-0400] {logging_mixin.py:188} INFO - [2025-06-25T20:18:57.767-0400] {dagbag.py:545} INFO - Filling up the DagBag from /opt/anaconda3/envs/airflow_env/lib/python3.10/site-packages/airflow/example_dags/tutorial_taskflow_api_virtualenv.py
[2025-06-25T20:18:57.786-0400] {processor.py:840} INFO - DAG(s) 'tutorial_taskflow_api_virtualenv' retrieved from /opt/anaconda3/envs/airflow_env/lib/python3.10/site-packages/airflow/example_dags/tutorial_taskflow_api_virtualenv.py
[2025-06-25T20:18:57.895-0400] {logging_mixin.py:188} INFO - [2025-06-25T20:18:57.894-0400] {dag.py:3096} INFO - Sync 1 DAGs
[2025-06-25T20:18:57.900-0400] {logging_mixin.py:188} INFO - [2025-06-25T20:18:57.900-0400] {dag.py:3954} INFO - Setting next_dagrun for tutorial_taskflow_api_virtualenv to None, run_after=None
[2025-06-25T20:18:57.910-0400] {processor.py:183} INFO - Processing /opt/anaconda3/envs/airflow_env/lib/python3.10/site-packages/airflow/example_dags/tutorial_taskflow_api_virtualenv.py took 0.147 seconds
[2025-06-25T20:19:36.449-0400] {processor.py:161} INFO - Started process (PID=62502) to work on /opt/anaconda3/envs/airflow_env/lib/python3.10/site-packages/airflow/example_dags/tutorial_taskflow_api_virtualenv.py
[2025-06-25T20:19:36.449-0400] {processor.py:830} INFO - Processing file /opt/anaconda3/envs/airflow_env/lib/python3.10/site-packages/airflow/example_dags/tutorial_taskflow_api_virtualenv.py for tasks to queue
[2025-06-25T20:19:36.449-0400] {logging_mixin.py:188} INFO - [2025-06-25T20:19:36.449-0400] {dagbag.py:545} INFO - Filling up the DagBag from /opt/anaconda3/envs/airflow_env/lib/python3.10/site-packages/airflow/example_dags/tutorial_taskflow_api_virtualenv.py
[2025-06-25T20:19:36.465-0400] {processor.py:840} INFO - DAG(s) 'tutorial_taskflow_api_virtualenv' retrieved from /opt/anaconda3/envs/airflow_env/lib/python3.10/site-packages/airflow/example_dags/tutorial_taskflow_api_virtualenv.py
[2025-06-25T20:19:36.556-0400] {logging_mixin.py:188} INFO - [2025-06-25T20:19:36.555-0400] {dag.py:3096} INFO - Sync 1 DAGs
[2025-06-25T20:19:36.559-0400] {logging_mixin.py:188} INFO - [2025-06-25T20:19:36.559-0400] {dag.py:3954} INFO - Setting next_dagrun for tutorial_taskflow_api_virtualenv to None, run_after=None
[2025-06-25T20:19:36.567-0400] {processor.py:183} INFO - Processing /opt/anaconda3/envs/airflow_env/lib/python3.10/site-packages/airflow/example_dags/tutorial_taskflow_api_virtualenv.py took 0.121 seconds
[2025-06-25T20:20:05.185-0400] {processor.py:161} INFO - Started process (PID=62568) to work on /opt/anaconda3/envs/airflow_env/lib/python3.10/site-packages/airflow/example_dags/tutorial_taskflow_api_virtualenv.py
[2025-06-25T20:20:05.185-0400] {processor.py:830} INFO - Processing file /opt/anaconda3/envs/airflow_env/lib/python3.10/site-packages/airflow/example_dags/tutorial_taskflow_api_virtualenv.py for tasks to queue
[2025-06-25T20:20:05.186-0400] {logging_mixin.py:188} INFO - [2025-06-25T20:20:05.186-0400] {dagbag.py:545} INFO - Filling up the DagBag from /opt/anaconda3/envs/airflow_env/lib/python3.10/site-packages/airflow/example_dags/tutorial_taskflow_api_virtualenv.py
[2025-06-25T20:20:05.200-0400] {processor.py:840} INFO - DAG(s) 'tutorial_taskflow_api_virtualenv' retrieved from /opt/anaconda3/envs/airflow_env/lib/python3.10/site-packages/airflow/example_dags/tutorial_taskflow_api_virtualenv.py
[2025-06-25T20:20:05.204-0400] {logging_mixin.py:188} INFO - [2025-06-25T20:20:05.204-0400] {dag.py:3096} INFO - Sync 1 DAGs
[2025-06-25T20:20:05.235-0400] {logging_mixin.py:188} INFO - [2025-06-25T20:20:05.235-0400] {dag.py:3954} INFO - Setting next_dagrun for tutorial_taskflow_api_virtualenv to None, run_after=None
[2025-06-25T20:20:05.264-0400] {processor.py:183} INFO - Processing /opt/anaconda3/envs/airflow_env/lib/python3.10/site-packages/airflow/example_dags/tutorial_taskflow_api_virtualenv.py took 0.081 seconds
[2025-06-25T20:20:37.896-0400] {processor.py:161} INFO - Started process (PID=62625) to work on /opt/anaconda3/envs/airflow_env/lib/python3.10/site-packages/airflow/example_dags/tutorial_taskflow_api_virtualenv.py
[2025-06-25T20:20:37.896-0400] {processor.py:830} INFO - Processing file /opt/anaconda3/envs/airflow_env/lib/python3.10/site-packages/airflow/example_dags/tutorial_taskflow_api_virtualenv.py for tasks to queue
[2025-06-25T20:20:37.897-0400] {logging_mixin.py:188} INFO - [2025-06-25T20:20:37.897-0400] {dagbag.py:545} INFO - Filling up the DagBag from /opt/anaconda3/envs/airflow_env/lib/python3.10/site-packages/airflow/example_dags/tutorial_taskflow_api_virtualenv.py
[2025-06-25T20:20:37.911-0400] {processor.py:840} INFO - DAG(s) 'tutorial_taskflow_api_virtualenv' retrieved from /opt/anaconda3/envs/airflow_env/lib/python3.10/site-packages/airflow/example_dags/tutorial_taskflow_api_virtualenv.py
[2025-06-25T20:20:37.990-0400] {logging_mixin.py:188} INFO - [2025-06-25T20:20:37.990-0400] {dag.py:3096} INFO - Sync 1 DAGs
[2025-06-25T20:20:37.993-0400] {logging_mixin.py:188} INFO - [2025-06-25T20:20:37.993-0400] {dag.py:3954} INFO - Setting next_dagrun for tutorial_taskflow_api_virtualenv to None, run_after=None
[2025-06-25T20:20:38.000-0400] {processor.py:183} INFO - Processing /opt/anaconda3/envs/airflow_env/lib/python3.10/site-packages/airflow/example_dags/tutorial_taskflow_api_virtualenv.py took 0.106 seconds
[2025-06-25T20:20:52.843-0400] {processor.py:161} INFO - Started process (PID=62647) to work on /opt/anaconda3/envs/airflow_env/lib/python3.10/site-packages/airflow/example_dags/tutorial_taskflow_api_virtualenv.py
[2025-06-25T20:20:52.843-0400] {processor.py:830} INFO - Processing file /opt/anaconda3/envs/airflow_env/lib/python3.10/site-packages/airflow/example_dags/tutorial_taskflow_api_virtualenv.py for tasks to queue
[2025-06-25T20:20:52.844-0400] {logging_mixin.py:188} INFO - [2025-06-25T20:20:52.844-0400] {dagbag.py:545} INFO - Filling up the DagBag from /opt/anaconda3/envs/airflow_env/lib/python3.10/site-packages/airflow/example_dags/tutorial_taskflow_api_virtualenv.py
[2025-06-25T20:20:52.857-0400] {processor.py:840} INFO - DAG(s) 'tutorial_taskflow_api_virtualenv' retrieved from /opt/anaconda3/envs/airflow_env/lib/python3.10/site-packages/airflow/example_dags/tutorial_taskflow_api_virtualenv.py
[2025-06-25T20:20:52.861-0400] {logging_mixin.py:188} INFO - [2025-06-25T20:20:52.861-0400] {dag.py:3096} INFO - Sync 1 DAGs
[2025-06-25T20:20:52.887-0400] {logging_mixin.py:188} INFO - [2025-06-25T20:20:52.887-0400] {dag.py:3954} INFO - Setting next_dagrun for tutorial_taskflow_api_virtualenv to None, run_after=None
[2025-06-25T20:20:52.914-0400] {processor.py:183} INFO - Processing /opt/anaconda3/envs/airflow_env/lib/python3.10/site-packages/airflow/example_dags/tutorial_taskflow_api_virtualenv.py took 0.072 seconds
[2025-06-25T20:21:27.190-0400] {processor.py:161} INFO - Started process (PID=62696) to work on /opt/anaconda3/envs/airflow_env/lib/python3.10/site-packages/airflow/example_dags/tutorial_taskflow_api_virtualenv.py
[2025-06-25T20:21:27.191-0400] {processor.py:830} INFO - Processing file /opt/anaconda3/envs/airflow_env/lib/python3.10/site-packages/airflow/example_dags/tutorial_taskflow_api_virtualenv.py for tasks to queue
[2025-06-25T20:21:27.191-0400] {logging_mixin.py:188} INFO - [2025-06-25T20:21:27.191-0400] {dagbag.py:545} INFO - Filling up the DagBag from /opt/anaconda3/envs/airflow_env/lib/python3.10/site-packages/airflow/example_dags/tutorial_taskflow_api_virtualenv.py
[2025-06-25T20:21:27.204-0400] {processor.py:840} INFO - DAG(s) 'tutorial_taskflow_api_virtualenv' retrieved from /opt/anaconda3/envs/airflow_env/lib/python3.10/site-packages/airflow/example_dags/tutorial_taskflow_api_virtualenv.py
[2025-06-25T20:21:27.282-0400] {logging_mixin.py:188} INFO - [2025-06-25T20:21:27.282-0400] {dag.py:3096} INFO - Sync 1 DAGs
[2025-06-25T20:21:27.285-0400] {logging_mixin.py:188} INFO - [2025-06-25T20:21:27.285-0400] {dag.py:3954} INFO - Setting next_dagrun for tutorial_taskflow_api_virtualenv to None, run_after=None
[2025-06-25T20:21:27.292-0400] {processor.py:183} INFO - Processing /opt/anaconda3/envs/airflow_env/lib/python3.10/site-packages/airflow/example_dags/tutorial_taskflow_api_virtualenv.py took 0.104 seconds
[2025-06-25T20:21:43.050-0400] {processor.py:161} INFO - Started process (PID=62718) to work on /opt/anaconda3/envs/airflow_env/lib/python3.10/site-packages/airflow/example_dags/tutorial_taskflow_api_virtualenv.py
[2025-06-25T20:21:43.051-0400] {processor.py:830} INFO - Processing file /opt/anaconda3/envs/airflow_env/lib/python3.10/site-packages/airflow/example_dags/tutorial_taskflow_api_virtualenv.py for tasks to queue
[2025-06-25T20:21:43.051-0400] {logging_mixin.py:188} INFO - [2025-06-25T20:21:43.051-0400] {dagbag.py:545} INFO - Filling up the DagBag from /opt/anaconda3/envs/airflow_env/lib/python3.10/site-packages/airflow/example_dags/tutorial_taskflow_api_virtualenv.py
[2025-06-25T20:21:43.065-0400] {processor.py:840} INFO - DAG(s) 'tutorial_taskflow_api_virtualenv' retrieved from /opt/anaconda3/envs/airflow_env/lib/python3.10/site-packages/airflow/example_dags/tutorial_taskflow_api_virtualenv.py
[2025-06-25T20:21:43.070-0400] {logging_mixin.py:188} INFO - [2025-06-25T20:21:43.069-0400] {dag.py:3096} INFO - Sync 1 DAGs
[2025-06-25T20:21:43.097-0400] {logging_mixin.py:188} INFO - [2025-06-25T20:21:43.097-0400] {dag.py:3954} INFO - Setting next_dagrun for tutorial_taskflow_api_virtualenv to None, run_after=None
[2025-06-25T20:21:43.132-0400] {processor.py:183} INFO - Processing /opt/anaconda3/envs/airflow_env/lib/python3.10/site-packages/airflow/example_dags/tutorial_taskflow_api_virtualenv.py took 0.083 seconds
[2025-06-25T20:22:16.430-0400] {processor.py:161} INFO - Started process (PID=62769) to work on /opt/anaconda3/envs/airflow_env/lib/python3.10/site-packages/airflow/example_dags/tutorial_taskflow_api_virtualenv.py
[2025-06-25T20:22:16.431-0400] {processor.py:830} INFO - Processing file /opt/anaconda3/envs/airflow_env/lib/python3.10/site-packages/airflow/example_dags/tutorial_taskflow_api_virtualenv.py for tasks to queue
[2025-06-25T20:22:16.431-0400] {logging_mixin.py:188} INFO - [2025-06-25T20:22:16.431-0400] {dagbag.py:545} INFO - Filling up the DagBag from /opt/anaconda3/envs/airflow_env/lib/python3.10/site-packages/airflow/example_dags/tutorial_taskflow_api_virtualenv.py
[2025-06-25T20:22:16.445-0400] {processor.py:840} INFO - DAG(s) 'tutorial_taskflow_api_virtualenv' retrieved from /opt/anaconda3/envs/airflow_env/lib/python3.10/site-packages/airflow/example_dags/tutorial_taskflow_api_virtualenv.py
[2025-06-25T20:22:16.523-0400] {logging_mixin.py:188} INFO - [2025-06-25T20:22:16.523-0400] {dag.py:3096} INFO - Sync 1 DAGs
[2025-06-25T20:22:16.526-0400] {logging_mixin.py:188} INFO - [2025-06-25T20:22:16.526-0400] {dag.py:3954} INFO - Setting next_dagrun for tutorial_taskflow_api_virtualenv to None, run_after=None
[2025-06-25T20:22:16.533-0400] {processor.py:183} INFO - Processing /opt/anaconda3/envs/airflow_env/lib/python3.10/site-packages/airflow/example_dags/tutorial_taskflow_api_virtualenv.py took 0.105 seconds
[2025-06-25T20:22:31.059-0400] {processor.py:161} INFO - Started process (PID=62790) to work on /opt/anaconda3/envs/airflow_env/lib/python3.10/site-packages/airflow/example_dags/tutorial_taskflow_api_virtualenv.py
[2025-06-25T20:22:31.060-0400] {processor.py:830} INFO - Processing file /opt/anaconda3/envs/airflow_env/lib/python3.10/site-packages/airflow/example_dags/tutorial_taskflow_api_virtualenv.py for tasks to queue
[2025-06-25T20:22:31.060-0400] {logging_mixin.py:188} INFO - [2025-06-25T20:22:31.060-0400] {dagbag.py:545} INFO - Filling up the DagBag from /opt/anaconda3/envs/airflow_env/lib/python3.10/site-packages/airflow/example_dags/tutorial_taskflow_api_virtualenv.py
[2025-06-25T20:22:31.076-0400] {processor.py:840} INFO - DAG(s) 'tutorial_taskflow_api_virtualenv' retrieved from /opt/anaconda3/envs/airflow_env/lib/python3.10/site-packages/airflow/example_dags/tutorial_taskflow_api_virtualenv.py
[2025-06-25T20:22:31.080-0400] {logging_mixin.py:188} INFO - [2025-06-25T20:22:31.080-0400] {dag.py:3096} INFO - Sync 1 DAGs
[2025-06-25T20:22:31.110-0400] {logging_mixin.py:188} INFO - [2025-06-25T20:22:31.110-0400] {dag.py:3954} INFO - Setting next_dagrun for tutorial_taskflow_api_virtualenv to None, run_after=None
[2025-06-25T20:22:31.138-0400] {processor.py:183} INFO - Processing /opt/anaconda3/envs/airflow_env/lib/python3.10/site-packages/airflow/example_dags/tutorial_taskflow_api_virtualenv.py took 0.082 seconds
[2025-06-25T20:23:05.185-0400] {processor.py:161} INFO - Started process (PID=62891) to work on /opt/anaconda3/envs/airflow_env/lib/python3.10/site-packages/airflow/example_dags/tutorial_taskflow_api_virtualenv.py
[2025-06-25T20:23:05.186-0400] {processor.py:830} INFO - Processing file /opt/anaconda3/envs/airflow_env/lib/python3.10/site-packages/airflow/example_dags/tutorial_taskflow_api_virtualenv.py for tasks to queue
[2025-06-25T20:23:05.186-0400] {logging_mixin.py:188} INFO - [2025-06-25T20:23:05.186-0400] {dagbag.py:545} INFO - Filling up the DagBag from /opt/anaconda3/envs/airflow_env/lib/python3.10/site-packages/airflow/example_dags/tutorial_taskflow_api_virtualenv.py
[2025-06-25T20:23:05.205-0400] {processor.py:840} INFO - DAG(s) 'tutorial_taskflow_api_virtualenv' retrieved from /opt/anaconda3/envs/airflow_env/lib/python3.10/site-packages/airflow/example_dags/tutorial_taskflow_api_virtualenv.py
[2025-06-25T20:23:05.305-0400] {logging_mixin.py:188} INFO - [2025-06-25T20:23:05.305-0400] {dag.py:3096} INFO - Sync 1 DAGs
[2025-06-25T20:23:05.308-0400] {logging_mixin.py:188} INFO - [2025-06-25T20:23:05.308-0400] {dag.py:3954} INFO - Setting next_dagrun for tutorial_taskflow_api_virtualenv to None, run_after=None
[2025-06-25T20:23:05.317-0400] {processor.py:183} INFO - Processing /opt/anaconda3/envs/airflow_env/lib/python3.10/site-packages/airflow/example_dags/tutorial_taskflow_api_virtualenv.py took 0.135 seconds
[2025-06-25T20:23:21.792-0400] {processor.py:161} INFO - Started process (PID=62927) to work on /opt/anaconda3/envs/airflow_env/lib/python3.10/site-packages/airflow/example_dags/tutorial_taskflow_api_virtualenv.py
[2025-06-25T20:23:21.792-0400] {processor.py:830} INFO - Processing file /opt/anaconda3/envs/airflow_env/lib/python3.10/site-packages/airflow/example_dags/tutorial_taskflow_api_virtualenv.py for tasks to queue
[2025-06-25T20:23:21.792-0400] {logging_mixin.py:188} INFO - [2025-06-25T20:23:21.792-0400] {dagbag.py:545} INFO - Filling up the DagBag from /opt/anaconda3/envs/airflow_env/lib/python3.10/site-packages/airflow/example_dags/tutorial_taskflow_api_virtualenv.py
[2025-06-25T20:23:21.806-0400] {processor.py:840} INFO - DAG(s) 'tutorial_taskflow_api_virtualenv' retrieved from /opt/anaconda3/envs/airflow_env/lib/python3.10/site-packages/airflow/example_dags/tutorial_taskflow_api_virtualenv.py
[2025-06-25T20:23:21.809-0400] {logging_mixin.py:188} INFO - [2025-06-25T20:23:21.809-0400] {dag.py:3096} INFO - Sync 1 DAGs
[2025-06-25T20:23:21.836-0400] {logging_mixin.py:188} INFO - [2025-06-25T20:23:21.836-0400] {dag.py:3954} INFO - Setting next_dagrun for tutorial_taskflow_api_virtualenv to None, run_after=None
[2025-06-25T20:23:21.866-0400] {processor.py:183} INFO - Processing /opt/anaconda3/envs/airflow_env/lib/python3.10/site-packages/airflow/example_dags/tutorial_taskflow_api_virtualenv.py took 0.077 seconds
[2025-06-25T20:24:11.708-0400] {processor.py:161} INFO - Started process (PID=63015) to work on /opt/anaconda3/envs/airflow_env/lib/python3.10/site-packages/airflow/example_dags/tutorial_taskflow_api_virtualenv.py
[2025-06-25T20:24:11.709-0400] {processor.py:830} INFO - Processing file /opt/anaconda3/envs/airflow_env/lib/python3.10/site-packages/airflow/example_dags/tutorial_taskflow_api_virtualenv.py for tasks to queue
[2025-06-25T20:24:11.709-0400] {logging_mixin.py:188} INFO - [2025-06-25T20:24:11.709-0400] {dagbag.py:545} INFO - Filling up the DagBag from /opt/anaconda3/envs/airflow_env/lib/python3.10/site-packages/airflow/example_dags/tutorial_taskflow_api_virtualenv.py
[2025-06-25T20:24:11.724-0400] {processor.py:840} INFO - DAG(s) 'tutorial_taskflow_api_virtualenv' retrieved from /opt/anaconda3/envs/airflow_env/lib/python3.10/site-packages/airflow/example_dags/tutorial_taskflow_api_virtualenv.py
[2025-06-25T20:24:11.812-0400] {logging_mixin.py:188} INFO - [2025-06-25T20:24:11.812-0400] {dag.py:3096} INFO - Sync 1 DAGs
[2025-06-25T20:24:11.815-0400] {logging_mixin.py:188} INFO - [2025-06-25T20:24:11.815-0400] {dag.py:3954} INFO - Setting next_dagrun for tutorial_taskflow_api_virtualenv to None, run_after=None
[2025-06-25T20:24:11.823-0400] {processor.py:183} INFO - Processing /opt/anaconda3/envs/airflow_env/lib/python3.10/site-packages/airflow/example_dags/tutorial_taskflow_api_virtualenv.py took 0.117 seconds
[2025-06-25T20:24:15.788-0400] {processor.py:161} INFO - Started process (PID=63027) to work on /opt/anaconda3/envs/airflow_env/lib/python3.10/site-packages/airflow/example_dags/tutorial_taskflow_api_virtualenv.py
[2025-06-25T20:24:15.788-0400] {processor.py:830} INFO - Processing file /opt/anaconda3/envs/airflow_env/lib/python3.10/site-packages/airflow/example_dags/tutorial_taskflow_api_virtualenv.py for tasks to queue
[2025-06-25T20:24:15.789-0400] {logging_mixin.py:188} INFO - [2025-06-25T20:24:15.789-0400] {dagbag.py:545} INFO - Filling up the DagBag from /opt/anaconda3/envs/airflow_env/lib/python3.10/site-packages/airflow/example_dags/tutorial_taskflow_api_virtualenv.py
[2025-06-25T20:24:15.806-0400] {processor.py:840} INFO - DAG(s) 'tutorial_taskflow_api_virtualenv' retrieved from /opt/anaconda3/envs/airflow_env/lib/python3.10/site-packages/airflow/example_dags/tutorial_taskflow_api_virtualenv.py
[2025-06-25T20:24:15.811-0400] {logging_mixin.py:188} INFO - [2025-06-25T20:24:15.811-0400] {dag.py:3096} INFO - Sync 1 DAGs
[2025-06-25T20:24:15.845-0400] {logging_mixin.py:188} INFO - [2025-06-25T20:24:15.845-0400] {dag.py:3954} INFO - Setting next_dagrun for tutorial_taskflow_api_virtualenv to None, run_after=None
[2025-06-25T20:24:15.880-0400] {processor.py:183} INFO - Processing /opt/anaconda3/envs/airflow_env/lib/python3.10/site-packages/airflow/example_dags/tutorial_taskflow_api_virtualenv.py took 0.094 seconds
[2025-06-25T20:25:04.731-0400] {processor.py:161} INFO - Started process (PID=63117) to work on /opt/anaconda3/envs/airflow_env/lib/python3.10/site-packages/airflow/example_dags/tutorial_taskflow_api_virtualenv.py
[2025-06-25T20:25:04.731-0400] {processor.py:830} INFO - Processing file /opt/anaconda3/envs/airflow_env/lib/python3.10/site-packages/airflow/example_dags/tutorial_taskflow_api_virtualenv.py for tasks to queue
[2025-06-25T20:25:04.731-0400] {logging_mixin.py:188} INFO - [2025-06-25T20:25:04.731-0400] {dagbag.py:545} INFO - Filling up the DagBag from /opt/anaconda3/envs/airflow_env/lib/python3.10/site-packages/airflow/example_dags/tutorial_taskflow_api_virtualenv.py
[2025-06-25T20:25:04.745-0400] {processor.py:840} INFO - DAG(s) 'tutorial_taskflow_api_virtualenv' retrieved from /opt/anaconda3/envs/airflow_env/lib/python3.10/site-packages/airflow/example_dags/tutorial_taskflow_api_virtualenv.py
[2025-06-25T20:25:04.822-0400] {logging_mixin.py:188} INFO - [2025-06-25T20:25:04.822-0400] {dag.py:3096} INFO - Sync 1 DAGs
[2025-06-25T20:25:04.825-0400] {logging_mixin.py:188} INFO - [2025-06-25T20:25:04.825-0400] {dag.py:3954} INFO - Setting next_dagrun for tutorial_taskflow_api_virtualenv to None, run_after=None
[2025-06-25T20:25:04.832-0400] {processor.py:183} INFO - Processing /opt/anaconda3/envs/airflow_env/lib/python3.10/site-packages/airflow/example_dags/tutorial_taskflow_api_virtualenv.py took 0.103 seconds
[2025-06-25T20:25:25.715-0400] {processor.py:161} INFO - Started process (PID=63154) to work on /opt/anaconda3/envs/airflow_env/lib/python3.10/site-packages/airflow/example_dags/tutorial_taskflow_api_virtualenv.py
[2025-06-25T20:25:25.715-0400] {processor.py:830} INFO - Processing file /opt/anaconda3/envs/airflow_env/lib/python3.10/site-packages/airflow/example_dags/tutorial_taskflow_api_virtualenv.py for tasks to queue
[2025-06-25T20:25:25.715-0400] {logging_mixin.py:188} INFO - [2025-06-25T20:25:25.715-0400] {dagbag.py:545} INFO - Filling up the DagBag from /opt/anaconda3/envs/airflow_env/lib/python3.10/site-packages/airflow/example_dags/tutorial_taskflow_api_virtualenv.py
[2025-06-25T20:25:25.730-0400] {processor.py:840} INFO - DAG(s) 'tutorial_taskflow_api_virtualenv' retrieved from /opt/anaconda3/envs/airflow_env/lib/python3.10/site-packages/airflow/example_dags/tutorial_taskflow_api_virtualenv.py
[2025-06-25T20:25:25.735-0400] {logging_mixin.py:188} INFO - [2025-06-25T20:25:25.735-0400] {dag.py:3096} INFO - Sync 1 DAGs
[2025-06-25T20:25:25.764-0400] {logging_mixin.py:188} INFO - [2025-06-25T20:25:25.764-0400] {dag.py:3954} INFO - Setting next_dagrun for tutorial_taskflow_api_virtualenv to None, run_after=None
[2025-06-25T20:25:25.796-0400] {processor.py:183} INFO - Processing /opt/anaconda3/envs/airflow_env/lib/python3.10/site-packages/airflow/example_dags/tutorial_taskflow_api_virtualenv.py took 0.084 seconds
[2025-06-25T20:25:56.144-0400] {processor.py:161} INFO - Started process (PID=63206) to work on /opt/anaconda3/envs/airflow_env/lib/python3.10/site-packages/airflow/example_dags/tutorial_taskflow_api_virtualenv.py
[2025-06-25T20:25:56.144-0400] {processor.py:830} INFO - Processing file /opt/anaconda3/envs/airflow_env/lib/python3.10/site-packages/airflow/example_dags/tutorial_taskflow_api_virtualenv.py for tasks to queue
[2025-06-25T20:25:56.144-0400] {logging_mixin.py:188} INFO - [2025-06-25T20:25:56.144-0400] {dagbag.py:545} INFO - Filling up the DagBag from /opt/anaconda3/envs/airflow_env/lib/python3.10/site-packages/airflow/example_dags/tutorial_taskflow_api_virtualenv.py
[2025-06-25T20:25:56.158-0400] {processor.py:840} INFO - DAG(s) 'tutorial_taskflow_api_virtualenv' retrieved from /opt/anaconda3/envs/airflow_env/lib/python3.10/site-packages/airflow/example_dags/tutorial_taskflow_api_virtualenv.py
[2025-06-25T20:25:56.236-0400] {logging_mixin.py:188} INFO - [2025-06-25T20:25:56.236-0400] {dag.py:3096} INFO - Sync 1 DAGs
[2025-06-25T20:25:56.239-0400] {logging_mixin.py:188} INFO - [2025-06-25T20:25:56.239-0400] {dag.py:3954} INFO - Setting next_dagrun for tutorial_taskflow_api_virtualenv to None, run_after=None
[2025-06-25T20:25:56.247-0400] {processor.py:183} INFO - Processing /opt/anaconda3/envs/airflow_env/lib/python3.10/site-packages/airflow/example_dags/tutorial_taskflow_api_virtualenv.py took 0.105 seconds
[2025-06-25T20:26:14.425-0400] {processor.py:161} INFO - Started process (PID=63233) to work on /opt/anaconda3/envs/airflow_env/lib/python3.10/site-packages/airflow/example_dags/tutorial_taskflow_api_virtualenv.py
[2025-06-25T20:26:14.425-0400] {processor.py:830} INFO - Processing file /opt/anaconda3/envs/airflow_env/lib/python3.10/site-packages/airflow/example_dags/tutorial_taskflow_api_virtualenv.py for tasks to queue
[2025-06-25T20:26:14.425-0400] {logging_mixin.py:188} INFO - [2025-06-25T20:26:14.425-0400] {dagbag.py:545} INFO - Filling up the DagBag from /opt/anaconda3/envs/airflow_env/lib/python3.10/site-packages/airflow/example_dags/tutorial_taskflow_api_virtualenv.py
[2025-06-25T20:26:14.439-0400] {processor.py:840} INFO - DAG(s) 'tutorial_taskflow_api_virtualenv' retrieved from /opt/anaconda3/envs/airflow_env/lib/python3.10/site-packages/airflow/example_dags/tutorial_taskflow_api_virtualenv.py
[2025-06-25T20:26:14.442-0400] {logging_mixin.py:188} INFO - [2025-06-25T20:26:14.442-0400] {dag.py:3096} INFO - Sync 1 DAGs
[2025-06-25T20:26:14.469-0400] {logging_mixin.py:188} INFO - [2025-06-25T20:26:14.469-0400] {dag.py:3954} INFO - Setting next_dagrun for tutorial_taskflow_api_virtualenv to None, run_after=None
[2025-06-25T20:26:14.495-0400] {processor.py:183} INFO - Processing /opt/anaconda3/envs/airflow_env/lib/python3.10/site-packages/airflow/example_dags/tutorial_taskflow_api_virtualenv.py took 0.072 seconds
[2025-06-25T20:26:46.948-0400] {processor.py:161} INFO - Started process (PID=63311) to work on /opt/anaconda3/envs/airflow_env/lib/python3.10/site-packages/airflow/example_dags/tutorial_taskflow_api_virtualenv.py
[2025-06-25T20:26:46.948-0400] {processor.py:830} INFO - Processing file /opt/anaconda3/envs/airflow_env/lib/python3.10/site-packages/airflow/example_dags/tutorial_taskflow_api_virtualenv.py for tasks to queue
[2025-06-25T20:26:46.948-0400] {logging_mixin.py:188} INFO - [2025-06-25T20:26:46.948-0400] {dagbag.py:545} INFO - Filling up the DagBag from /opt/anaconda3/envs/airflow_env/lib/python3.10/site-packages/airflow/example_dags/tutorial_taskflow_api_virtualenv.py
[2025-06-25T20:26:46.963-0400] {processor.py:840} INFO - DAG(s) 'tutorial_taskflow_api_virtualenv' retrieved from /opt/anaconda3/envs/airflow_env/lib/python3.10/site-packages/airflow/example_dags/tutorial_taskflow_api_virtualenv.py
[2025-06-25T20:26:47.048-0400] {logging_mixin.py:188} INFO - [2025-06-25T20:26:47.048-0400] {dag.py:3096} INFO - Sync 1 DAGs
[2025-06-25T20:26:47.051-0400] {logging_mixin.py:188} INFO - [2025-06-25T20:26:47.051-0400] {dag.py:3954} INFO - Setting next_dagrun for tutorial_taskflow_api_virtualenv to None, run_after=None
[2025-06-25T20:26:47.059-0400] {processor.py:183} INFO - Processing /opt/anaconda3/envs/airflow_env/lib/python3.10/site-packages/airflow/example_dags/tutorial_taskflow_api_virtualenv.py took 0.113 seconds
[2025-06-25T20:27:04.297-0400] {processor.py:161} INFO - Started process (PID=63348) to work on /opt/anaconda3/envs/airflow_env/lib/python3.10/site-packages/airflow/example_dags/tutorial_taskflow_api_virtualenv.py
[2025-06-25T20:27:04.297-0400] {processor.py:830} INFO - Processing file /opt/anaconda3/envs/airflow_env/lib/python3.10/site-packages/airflow/example_dags/tutorial_taskflow_api_virtualenv.py for tasks to queue
[2025-06-25T20:27:04.297-0400] {logging_mixin.py:188} INFO - [2025-06-25T20:27:04.297-0400] {dagbag.py:545} INFO - Filling up the DagBag from /opt/anaconda3/envs/airflow_env/lib/python3.10/site-packages/airflow/example_dags/tutorial_taskflow_api_virtualenv.py
[2025-06-25T20:27:04.311-0400] {processor.py:840} INFO - DAG(s) 'tutorial_taskflow_api_virtualenv' retrieved from /opt/anaconda3/envs/airflow_env/lib/python3.10/site-packages/airflow/example_dags/tutorial_taskflow_api_virtualenv.py
[2025-06-25T20:27:04.315-0400] {logging_mixin.py:188} INFO - [2025-06-25T20:27:04.315-0400] {dag.py:3096} INFO - Sync 1 DAGs
[2025-06-25T20:27:04.341-0400] {logging_mixin.py:188} INFO - [2025-06-25T20:27:04.341-0400] {dag.py:3954} INFO - Setting next_dagrun for tutorial_taskflow_api_virtualenv to None, run_after=None
[2025-06-25T20:27:04.368-0400] {processor.py:183} INFO - Processing /opt/anaconda3/envs/airflow_env/lib/python3.10/site-packages/airflow/example_dags/tutorial_taskflow_api_virtualenv.py took 0.073 seconds
[2025-06-25T20:27:35.383-0400] {processor.py:161} INFO - Started process (PID=63401) to work on /opt/anaconda3/envs/airflow_env/lib/python3.10/site-packages/airflow/example_dags/tutorial_taskflow_api_virtualenv.py
[2025-06-25T20:27:35.384-0400] {processor.py:830} INFO - Processing file /opt/anaconda3/envs/airflow_env/lib/python3.10/site-packages/airflow/example_dags/tutorial_taskflow_api_virtualenv.py for tasks to queue
[2025-06-25T20:27:35.384-0400] {logging_mixin.py:188} INFO - [2025-06-25T20:27:35.384-0400] {dagbag.py:545} INFO - Filling up the DagBag from /opt/anaconda3/envs/airflow_env/lib/python3.10/site-packages/airflow/example_dags/tutorial_taskflow_api_virtualenv.py
[2025-06-25T20:27:35.398-0400] {processor.py:840} INFO - DAG(s) 'tutorial_taskflow_api_virtualenv' retrieved from /opt/anaconda3/envs/airflow_env/lib/python3.10/site-packages/airflow/example_dags/tutorial_taskflow_api_virtualenv.py
[2025-06-25T20:27:35.483-0400] {logging_mixin.py:188} INFO - [2025-06-25T20:27:35.483-0400] {dag.py:3096} INFO - Sync 1 DAGs
[2025-06-25T20:27:35.486-0400] {logging_mixin.py:188} INFO - [2025-06-25T20:27:35.486-0400] {dag.py:3954} INFO - Setting next_dagrun for tutorial_taskflow_api_virtualenv to None, run_after=None
[2025-06-25T20:27:35.494-0400] {processor.py:183} INFO - Processing /opt/anaconda3/envs/airflow_env/lib/python3.10/site-packages/airflow/example_dags/tutorial_taskflow_api_virtualenv.py took 0.112 seconds
[2025-06-25T20:27:51.925-0400] {processor.py:161} INFO - Started process (PID=63441) to work on /opt/anaconda3/envs/airflow_env/lib/python3.10/site-packages/airflow/example_dags/tutorial_taskflow_api_virtualenv.py
[2025-06-25T20:27:51.925-0400] {processor.py:830} INFO - Processing file /opt/anaconda3/envs/airflow_env/lib/python3.10/site-packages/airflow/example_dags/tutorial_taskflow_api_virtualenv.py for tasks to queue
[2025-06-25T20:27:51.926-0400] {logging_mixin.py:188} INFO - [2025-06-25T20:27:51.926-0400] {dagbag.py:545} INFO - Filling up the DagBag from /opt/anaconda3/envs/airflow_env/lib/python3.10/site-packages/airflow/example_dags/tutorial_taskflow_api_virtualenv.py
[2025-06-25T20:27:51.941-0400] {processor.py:840} INFO - DAG(s) 'tutorial_taskflow_api_virtualenv' retrieved from /opt/anaconda3/envs/airflow_env/lib/python3.10/site-packages/airflow/example_dags/tutorial_taskflow_api_virtualenv.py
[2025-06-25T20:27:51.946-0400] {logging_mixin.py:188} INFO - [2025-06-25T20:27:51.946-0400] {dag.py:3096} INFO - Sync 1 DAGs
[2025-06-25T20:27:51.977-0400] {logging_mixin.py:188} INFO - [2025-06-25T20:27:51.977-0400] {dag.py:3954} INFO - Setting next_dagrun for tutorial_taskflow_api_virtualenv to None, run_after=None
[2025-06-25T20:27:52.007-0400] {processor.py:183} INFO - Processing /opt/anaconda3/envs/airflow_env/lib/python3.10/site-packages/airflow/example_dags/tutorial_taskflow_api_virtualenv.py took 0.085 seconds
[2025-06-25T20:28:23.983-0400] {processor.py:161} INFO - Started process (PID=63511) to work on /opt/anaconda3/envs/airflow_env/lib/python3.10/site-packages/airflow/example_dags/tutorial_taskflow_api_virtualenv.py
[2025-06-25T20:28:23.983-0400] {processor.py:830} INFO - Processing file /opt/anaconda3/envs/airflow_env/lib/python3.10/site-packages/airflow/example_dags/tutorial_taskflow_api_virtualenv.py for tasks to queue
[2025-06-25T20:28:23.984-0400] {logging_mixin.py:188} INFO - [2025-06-25T20:28:23.983-0400] {dagbag.py:545} INFO - Filling up the DagBag from /opt/anaconda3/envs/airflow_env/lib/python3.10/site-packages/airflow/example_dags/tutorial_taskflow_api_virtualenv.py
[2025-06-25T20:28:23.999-0400] {processor.py:840} INFO - DAG(s) 'tutorial_taskflow_api_virtualenv' retrieved from /opt/anaconda3/envs/airflow_env/lib/python3.10/site-packages/airflow/example_dags/tutorial_taskflow_api_virtualenv.py
[2025-06-25T20:28:24.086-0400] {logging_mixin.py:188} INFO - [2025-06-25T20:28:24.086-0400] {dag.py:3096} INFO - Sync 1 DAGs
[2025-06-25T20:28:24.089-0400] {logging_mixin.py:188} INFO - [2025-06-25T20:28:24.089-0400] {dag.py:3954} INFO - Setting next_dagrun for tutorial_taskflow_api_virtualenv to None, run_after=None
[2025-06-25T20:28:24.097-0400] {processor.py:183} INFO - Processing /opt/anaconda3/envs/airflow_env/lib/python3.10/site-packages/airflow/example_dags/tutorial_taskflow_api_virtualenv.py took 0.117 seconds
[2025-06-25T20:28:40.880-0400] {processor.py:161} INFO - Started process (PID=63555) to work on /opt/anaconda3/envs/airflow_env/lib/python3.10/site-packages/airflow/example_dags/tutorial_taskflow_api_virtualenv.py
[2025-06-25T20:28:40.880-0400] {processor.py:830} INFO - Processing file /opt/anaconda3/envs/airflow_env/lib/python3.10/site-packages/airflow/example_dags/tutorial_taskflow_api_virtualenv.py for tasks to queue
[2025-06-25T20:28:40.880-0400] {logging_mixin.py:188} INFO - [2025-06-25T20:28:40.880-0400] {dagbag.py:545} INFO - Filling up the DagBag from /opt/anaconda3/envs/airflow_env/lib/python3.10/site-packages/airflow/example_dags/tutorial_taskflow_api_virtualenv.py
[2025-06-25T20:28:40.894-0400] {processor.py:840} INFO - DAG(s) 'tutorial_taskflow_api_virtualenv' retrieved from /opt/anaconda3/envs/airflow_env/lib/python3.10/site-packages/airflow/example_dags/tutorial_taskflow_api_virtualenv.py
[2025-06-25T20:28:40.898-0400] {logging_mixin.py:188} INFO - [2025-06-25T20:28:40.898-0400] {dag.py:3096} INFO - Sync 1 DAGs
[2025-06-25T20:28:40.924-0400] {logging_mixin.py:188} INFO - [2025-06-25T20:28:40.924-0400] {dag.py:3954} INFO - Setting next_dagrun for tutorial_taskflow_api_virtualenv to None, run_after=None
[2025-06-25T20:28:40.950-0400] {processor.py:183} INFO - Processing /opt/anaconda3/envs/airflow_env/lib/python3.10/site-packages/airflow/example_dags/tutorial_taskflow_api_virtualenv.py took 0.072 seconds
[2025-06-25T20:29:13.512-0400] {processor.py:161} INFO - Started process (PID=63629) to work on /opt/anaconda3/envs/airflow_env/lib/python3.10/site-packages/airflow/example_dags/tutorial_taskflow_api_virtualenv.py
[2025-06-25T20:29:13.513-0400] {processor.py:830} INFO - Processing file /opt/anaconda3/envs/airflow_env/lib/python3.10/site-packages/airflow/example_dags/tutorial_taskflow_api_virtualenv.py for tasks to queue
[2025-06-25T20:29:13.513-0400] {logging_mixin.py:188} INFO - [2025-06-25T20:29:13.513-0400] {dagbag.py:545} INFO - Filling up the DagBag from /opt/anaconda3/envs/airflow_env/lib/python3.10/site-packages/airflow/example_dags/tutorial_taskflow_api_virtualenv.py
[2025-06-25T20:29:13.526-0400] {processor.py:840} INFO - DAG(s) 'tutorial_taskflow_api_virtualenv' retrieved from /opt/anaconda3/envs/airflow_env/lib/python3.10/site-packages/airflow/example_dags/tutorial_taskflow_api_virtualenv.py
[2025-06-25T20:29:13.607-0400] {logging_mixin.py:188} INFO - [2025-06-25T20:29:13.607-0400] {dag.py:3096} INFO - Sync 1 DAGs
[2025-06-25T20:29:13.610-0400] {logging_mixin.py:188} INFO - [2025-06-25T20:29:13.610-0400] {dag.py:3954} INFO - Setting next_dagrun for tutorial_taskflow_api_virtualenv to None, run_after=None
[2025-06-25T20:29:13.617-0400] {processor.py:183} INFO - Processing /opt/anaconda3/envs/airflow_env/lib/python3.10/site-packages/airflow/example_dags/tutorial_taskflow_api_virtualenv.py took 0.106 seconds
[2025-06-25T20:29:32.135-0400] {processor.py:161} INFO - Started process (PID=63670) to work on /opt/anaconda3/envs/airflow_env/lib/python3.10/site-packages/airflow/example_dags/tutorial_taskflow_api_virtualenv.py
[2025-06-25T20:29:32.136-0400] {processor.py:830} INFO - Processing file /opt/anaconda3/envs/airflow_env/lib/python3.10/site-packages/airflow/example_dags/tutorial_taskflow_api_virtualenv.py for tasks to queue
[2025-06-25T20:29:32.136-0400] {logging_mixin.py:188} INFO - [2025-06-25T20:29:32.136-0400] {dagbag.py:545} INFO - Filling up the DagBag from /opt/anaconda3/envs/airflow_env/lib/python3.10/site-packages/airflow/example_dags/tutorial_taskflow_api_virtualenv.py
[2025-06-25T20:29:32.150-0400] {processor.py:840} INFO - DAG(s) 'tutorial_taskflow_api_virtualenv' retrieved from /opt/anaconda3/envs/airflow_env/lib/python3.10/site-packages/airflow/example_dags/tutorial_taskflow_api_virtualenv.py
[2025-06-25T20:29:32.153-0400] {logging_mixin.py:188} INFO - [2025-06-25T20:29:32.153-0400] {dag.py:3096} INFO - Sync 1 DAGs
[2025-06-25T20:29:32.180-0400] {logging_mixin.py:188} INFO - [2025-06-25T20:29:32.180-0400] {dag.py:3954} INFO - Setting next_dagrun for tutorial_taskflow_api_virtualenv to None, run_after=None
[2025-06-25T20:29:32.206-0400] {processor.py:183} INFO - Processing /opt/anaconda3/envs/airflow_env/lib/python3.10/site-packages/airflow/example_dags/tutorial_taskflow_api_virtualenv.py took 0.073 seconds
[2025-06-25T20:30:04.586-0400] {processor.py:161} INFO - Started process (PID=63759) to work on /opt/anaconda3/envs/airflow_env/lib/python3.10/site-packages/airflow/example_dags/tutorial_taskflow_api_virtualenv.py
[2025-06-25T20:30:04.587-0400] {processor.py:830} INFO - Processing file /opt/anaconda3/envs/airflow_env/lib/python3.10/site-packages/airflow/example_dags/tutorial_taskflow_api_virtualenv.py for tasks to queue
[2025-06-25T20:30:04.587-0400] {logging_mixin.py:188} INFO - [2025-06-25T20:30:04.587-0400] {dagbag.py:545} INFO - Filling up the DagBag from /opt/anaconda3/envs/airflow_env/lib/python3.10/site-packages/airflow/example_dags/tutorial_taskflow_api_virtualenv.py
[2025-06-25T20:30:04.615-0400] {processor.py:840} INFO - DAG(s) 'tutorial_taskflow_api_virtualenv' retrieved from /opt/anaconda3/envs/airflow_env/lib/python3.10/site-packages/airflow/example_dags/tutorial_taskflow_api_virtualenv.py
[2025-06-25T20:30:04.725-0400] {logging_mixin.py:188} INFO - [2025-06-25T20:30:04.725-0400] {dag.py:3096} INFO - Sync 1 DAGs
[2025-06-25T20:30:04.728-0400] {logging_mixin.py:188} INFO - [2025-06-25T20:30:04.728-0400] {dag.py:3954} INFO - Setting next_dagrun for tutorial_taskflow_api_virtualenv to None, run_after=None
[2025-06-25T20:30:04.736-0400] {processor.py:183} INFO - Processing /opt/anaconda3/envs/airflow_env/lib/python3.10/site-packages/airflow/example_dags/tutorial_taskflow_api_virtualenv.py took 0.152 seconds
[2025-06-25T20:30:58.706-0400] {processor.py:161} INFO - Started process (PID=63872) to work on /opt/anaconda3/envs/airflow_env/lib/python3.10/site-packages/airflow/example_dags/tutorial_taskflow_api_virtualenv.py
[2025-06-25T20:30:58.706-0400] {processor.py:830} INFO - Processing file /opt/anaconda3/envs/airflow_env/lib/python3.10/site-packages/airflow/example_dags/tutorial_taskflow_api_virtualenv.py for tasks to queue
[2025-06-25T20:30:58.707-0400] {logging_mixin.py:188} INFO - [2025-06-25T20:30:58.707-0400] {dagbag.py:545} INFO - Filling up the DagBag from /opt/anaconda3/envs/airflow_env/lib/python3.10/site-packages/airflow/example_dags/tutorial_taskflow_api_virtualenv.py
[2025-06-25T20:30:58.721-0400] {processor.py:840} INFO - DAG(s) 'tutorial_taskflow_api_virtualenv' retrieved from /opt/anaconda3/envs/airflow_env/lib/python3.10/site-packages/airflow/example_dags/tutorial_taskflow_api_virtualenv.py
[2025-06-25T20:30:58.804-0400] {logging_mixin.py:188} INFO - [2025-06-25T20:30:58.804-0400] {dag.py:3096} INFO - Sync 1 DAGs
[2025-06-25T20:30:58.807-0400] {logging_mixin.py:188} INFO - [2025-06-25T20:30:58.807-0400] {dag.py:3954} INFO - Setting next_dagrun for tutorial_taskflow_api_virtualenv to None, run_after=None
[2025-06-25T20:30:58.816-0400] {processor.py:183} INFO - Processing /opt/anaconda3/envs/airflow_env/lib/python3.10/site-packages/airflow/example_dags/tutorial_taskflow_api_virtualenv.py took 0.111 seconds
[2025-06-25T20:31:04.693-0400] {processor.py:161} INFO - Started process (PID=63887) to work on /opt/anaconda3/envs/airflow_env/lib/python3.10/site-packages/airflow/example_dags/tutorial_taskflow_api_virtualenv.py
[2025-06-25T20:31:04.693-0400] {processor.py:830} INFO - Processing file /opt/anaconda3/envs/airflow_env/lib/python3.10/site-packages/airflow/example_dags/tutorial_taskflow_api_virtualenv.py for tasks to queue
[2025-06-25T20:31:04.694-0400] {logging_mixin.py:188} INFO - [2025-06-25T20:31:04.694-0400] {dagbag.py:545} INFO - Filling up the DagBag from /opt/anaconda3/envs/airflow_env/lib/python3.10/site-packages/airflow/example_dags/tutorial_taskflow_api_virtualenv.py
[2025-06-25T20:31:04.707-0400] {processor.py:840} INFO - DAG(s) 'tutorial_taskflow_api_virtualenv' retrieved from /opt/anaconda3/envs/airflow_env/lib/python3.10/site-packages/airflow/example_dags/tutorial_taskflow_api_virtualenv.py
[2025-06-25T20:31:04.711-0400] {logging_mixin.py:188} INFO - [2025-06-25T20:31:04.711-0400] {dag.py:3096} INFO - Sync 1 DAGs
[2025-06-25T20:31:04.738-0400] {logging_mixin.py:188} INFO - [2025-06-25T20:31:04.738-0400] {dag.py:3954} INFO - Setting next_dagrun for tutorial_taskflow_api_virtualenv to None, run_after=None
[2025-06-25T20:31:04.766-0400] {processor.py:183} INFO - Processing /opt/anaconda3/envs/airflow_env/lib/python3.10/site-packages/airflow/example_dags/tutorial_taskflow_api_virtualenv.py took 0.074 seconds
[2025-06-25T20:31:57.091-0400] {processor.py:161} INFO - Started process (PID=64011) to work on /opt/anaconda3/envs/airflow_env/lib/python3.10/site-packages/airflow/example_dags/tutorial_taskflow_api_virtualenv.py
[2025-06-25T20:31:57.091-0400] {processor.py:830} INFO - Processing file /opt/anaconda3/envs/airflow_env/lib/python3.10/site-packages/airflow/example_dags/tutorial_taskflow_api_virtualenv.py for tasks to queue
[2025-06-25T20:31:57.091-0400] {logging_mixin.py:188} INFO - [2025-06-25T20:31:57.091-0400] {dagbag.py:545} INFO - Filling up the DagBag from /opt/anaconda3/envs/airflow_env/lib/python3.10/site-packages/airflow/example_dags/tutorial_taskflow_api_virtualenv.py
[2025-06-25T20:31:57.105-0400] {processor.py:840} INFO - DAG(s) 'tutorial_taskflow_api_virtualenv' retrieved from /opt/anaconda3/envs/airflow_env/lib/python3.10/site-packages/airflow/example_dags/tutorial_taskflow_api_virtualenv.py
[2025-06-25T20:31:57.186-0400] {logging_mixin.py:188} INFO - [2025-06-25T20:31:57.186-0400] {dag.py:3096} INFO - Sync 1 DAGs
[2025-06-25T20:31:57.189-0400] {logging_mixin.py:188} INFO - [2025-06-25T20:31:57.189-0400] {dag.py:3954} INFO - Setting next_dagrun for tutorial_taskflow_api_virtualenv to None, run_after=None
[2025-06-25T20:31:57.196-0400] {processor.py:183} INFO - Processing /opt/anaconda3/envs/airflow_env/lib/python3.10/site-packages/airflow/example_dags/tutorial_taskflow_api_virtualenv.py took 0.107 seconds
[2025-06-25T20:32:10.556-0400] {processor.py:161} INFO - Started process (PID=64035) to work on /opt/anaconda3/envs/airflow_env/lib/python3.10/site-packages/airflow/example_dags/tutorial_taskflow_api_virtualenv.py
[2025-06-25T20:32:10.557-0400] {processor.py:830} INFO - Processing file /opt/anaconda3/envs/airflow_env/lib/python3.10/site-packages/airflow/example_dags/tutorial_taskflow_api_virtualenv.py for tasks to queue
[2025-06-25T20:32:10.557-0400] {logging_mixin.py:188} INFO - [2025-06-25T20:32:10.557-0400] {dagbag.py:545} INFO - Filling up the DagBag from /opt/anaconda3/envs/airflow_env/lib/python3.10/site-packages/airflow/example_dags/tutorial_taskflow_api_virtualenv.py
[2025-06-25T20:32:10.573-0400] {processor.py:840} INFO - DAG(s) 'tutorial_taskflow_api_virtualenv' retrieved from /opt/anaconda3/envs/airflow_env/lib/python3.10/site-packages/airflow/example_dags/tutorial_taskflow_api_virtualenv.py
[2025-06-25T20:32:10.578-0400] {logging_mixin.py:188} INFO - [2025-06-25T20:32:10.578-0400] {dag.py:3096} INFO - Sync 1 DAGs
[2025-06-25T20:32:10.616-0400] {logging_mixin.py:188} INFO - [2025-06-25T20:32:10.615-0400] {dag.py:3954} INFO - Setting next_dagrun for tutorial_taskflow_api_virtualenv to None, run_after=None
[2025-06-25T20:32:10.660-0400] {processor.py:183} INFO - Processing /opt/anaconda3/envs/airflow_env/lib/python3.10/site-packages/airflow/example_dags/tutorial_taskflow_api_virtualenv.py took 0.106 seconds
[2025-06-25T20:33:09.355-0400] {processor.py:161} INFO - Started process (PID=64137) to work on /opt/anaconda3/envs/airflow_env/lib/python3.10/site-packages/airflow/example_dags/tutorial_taskflow_api_virtualenv.py
[2025-06-25T20:33:09.356-0400] {processor.py:830} INFO - Processing file /opt/anaconda3/envs/airflow_env/lib/python3.10/site-packages/airflow/example_dags/tutorial_taskflow_api_virtualenv.py for tasks to queue
[2025-06-25T20:33:09.356-0400] {logging_mixin.py:188} INFO - [2025-06-25T20:33:09.356-0400] {dagbag.py:545} INFO - Filling up the DagBag from /opt/anaconda3/envs/airflow_env/lib/python3.10/site-packages/airflow/example_dags/tutorial_taskflow_api_virtualenv.py
[2025-06-25T20:33:09.370-0400] {processor.py:840} INFO - DAG(s) 'tutorial_taskflow_api_virtualenv' retrieved from /opt/anaconda3/envs/airflow_env/lib/python3.10/site-packages/airflow/example_dags/tutorial_taskflow_api_virtualenv.py
[2025-06-25T20:33:09.450-0400] {logging_mixin.py:188} INFO - [2025-06-25T20:33:09.449-0400] {dag.py:3096} INFO - Sync 1 DAGs
[2025-06-25T20:33:09.453-0400] {logging_mixin.py:188} INFO - [2025-06-25T20:33:09.453-0400] {dag.py:3954} INFO - Setting next_dagrun for tutorial_taskflow_api_virtualenv to None, run_after=None
[2025-06-25T20:33:09.460-0400] {processor.py:183} INFO - Processing /opt/anaconda3/envs/airflow_env/lib/python3.10/site-packages/airflow/example_dags/tutorial_taskflow_api_virtualenv.py took 0.106 seconds
[2025-06-25T20:33:26.887-0400] {processor.py:161} INFO - Started process (PID=64168) to work on /opt/anaconda3/envs/airflow_env/lib/python3.10/site-packages/airflow/example_dags/tutorial_taskflow_api_virtualenv.py
[2025-06-25T20:33:26.887-0400] {processor.py:830} INFO - Processing file /opt/anaconda3/envs/airflow_env/lib/python3.10/site-packages/airflow/example_dags/tutorial_taskflow_api_virtualenv.py for tasks to queue
[2025-06-25T20:33:26.887-0400] {logging_mixin.py:188} INFO - [2025-06-25T20:33:26.887-0400] {dagbag.py:545} INFO - Filling up the DagBag from /opt/anaconda3/envs/airflow_env/lib/python3.10/site-packages/airflow/example_dags/tutorial_taskflow_api_virtualenv.py
[2025-06-25T20:33:26.905-0400] {processor.py:840} INFO - DAG(s) 'tutorial_taskflow_api_virtualenv' retrieved from /opt/anaconda3/envs/airflow_env/lib/python3.10/site-packages/airflow/example_dags/tutorial_taskflow_api_virtualenv.py
[2025-06-25T20:33:26.910-0400] {logging_mixin.py:188} INFO - [2025-06-25T20:33:26.910-0400] {dag.py:3096} INFO - Sync 1 DAGs
[2025-06-25T20:33:26.942-0400] {logging_mixin.py:188} INFO - [2025-06-25T20:33:26.942-0400] {dag.py:3954} INFO - Setting next_dagrun for tutorial_taskflow_api_virtualenv to None, run_after=None
[2025-06-25T20:33:26.976-0400] {processor.py:183} INFO - Processing /opt/anaconda3/envs/airflow_env/lib/python3.10/site-packages/airflow/example_dags/tutorial_taskflow_api_virtualenv.py took 0.092 seconds
[2025-06-25T20:34:03.448-0400] {processor.py:161} INFO - Started process (PID=64238) to work on /opt/anaconda3/envs/airflow_env/lib/python3.10/site-packages/airflow/example_dags/tutorial_taskflow_api_virtualenv.py
[2025-06-25T20:34:03.449-0400] {processor.py:830} INFO - Processing file /opt/anaconda3/envs/airflow_env/lib/python3.10/site-packages/airflow/example_dags/tutorial_taskflow_api_virtualenv.py for tasks to queue
[2025-06-25T20:34:03.449-0400] {logging_mixin.py:188} INFO - [2025-06-25T20:34:03.449-0400] {dagbag.py:545} INFO - Filling up the DagBag from /opt/anaconda3/envs/airflow_env/lib/python3.10/site-packages/airflow/example_dags/tutorial_taskflow_api_virtualenv.py
[2025-06-25T20:34:03.464-0400] {processor.py:840} INFO - DAG(s) 'tutorial_taskflow_api_virtualenv' retrieved from /opt/anaconda3/envs/airflow_env/lib/python3.10/site-packages/airflow/example_dags/tutorial_taskflow_api_virtualenv.py
[2025-06-25T20:34:03.549-0400] {logging_mixin.py:188} INFO - [2025-06-25T20:34:03.548-0400] {dag.py:3096} INFO - Sync 1 DAGs
[2025-06-25T20:34:03.552-0400] {logging_mixin.py:188} INFO - [2025-06-25T20:34:03.551-0400] {dag.py:3954} INFO - Setting next_dagrun for tutorial_taskflow_api_virtualenv to None, run_after=None
[2025-06-25T20:34:03.559-0400] {processor.py:183} INFO - Processing /opt/anaconda3/envs/airflow_env/lib/python3.10/site-packages/airflow/example_dags/tutorial_taskflow_api_virtualenv.py took 0.113 seconds
[2025-06-25T20:34:23.713-0400] {processor.py:161} INFO - Started process (PID=64280) to work on /opt/anaconda3/envs/airflow_env/lib/python3.10/site-packages/airflow/example_dags/tutorial_taskflow_api_virtualenv.py
[2025-06-25T20:34:23.714-0400] {processor.py:830} INFO - Processing file /opt/anaconda3/envs/airflow_env/lib/python3.10/site-packages/airflow/example_dags/tutorial_taskflow_api_virtualenv.py for tasks to queue
[2025-06-25T20:34:23.714-0400] {logging_mixin.py:188} INFO - [2025-06-25T20:34:23.714-0400] {dagbag.py:545} INFO - Filling up the DagBag from /opt/anaconda3/envs/airflow_env/lib/python3.10/site-packages/airflow/example_dags/tutorial_taskflow_api_virtualenv.py
[2025-06-25T20:34:23.728-0400] {processor.py:840} INFO - DAG(s) 'tutorial_taskflow_api_virtualenv' retrieved from /opt/anaconda3/envs/airflow_env/lib/python3.10/site-packages/airflow/example_dags/tutorial_taskflow_api_virtualenv.py
[2025-06-25T20:34:23.732-0400] {logging_mixin.py:188} INFO - [2025-06-25T20:34:23.732-0400] {dag.py:3096} INFO - Sync 1 DAGs
[2025-06-25T20:34:23.760-0400] {logging_mixin.py:188} INFO - [2025-06-25T20:34:23.760-0400] {dag.py:3954} INFO - Setting next_dagrun for tutorial_taskflow_api_virtualenv to None, run_after=None
[2025-06-25T20:34:23.788-0400] {processor.py:183} INFO - Processing /opt/anaconda3/envs/airflow_env/lib/python3.10/site-packages/airflow/example_dags/tutorial_taskflow_api_virtualenv.py took 0.077 seconds
[2025-06-25T20:34:53.131-0400] {processor.py:161} INFO - Started process (PID=64320) to work on /opt/anaconda3/envs/airflow_env/lib/python3.10/site-packages/airflow/example_dags/tutorial_taskflow_api_virtualenv.py
[2025-06-25T20:34:53.132-0400] {processor.py:830} INFO - Processing file /opt/anaconda3/envs/airflow_env/lib/python3.10/site-packages/airflow/example_dags/tutorial_taskflow_api_virtualenv.py for tasks to queue
[2025-06-25T20:34:53.132-0400] {logging_mixin.py:188} INFO - [2025-06-25T20:34:53.132-0400] {dagbag.py:545} INFO - Filling up the DagBag from /opt/anaconda3/envs/airflow_env/lib/python3.10/site-packages/airflow/example_dags/tutorial_taskflow_api_virtualenv.py
[2025-06-25T20:34:53.147-0400] {processor.py:840} INFO - DAG(s) 'tutorial_taskflow_api_virtualenv' retrieved from /opt/anaconda3/envs/airflow_env/lib/python3.10/site-packages/airflow/example_dags/tutorial_taskflow_api_virtualenv.py
[2025-06-25T20:34:53.239-0400] {logging_mixin.py:188} INFO - [2025-06-25T20:34:53.239-0400] {dag.py:3096} INFO - Sync 1 DAGs
[2025-06-25T20:34:53.242-0400] {logging_mixin.py:188} INFO - [2025-06-25T20:34:53.242-0400] {dag.py:3954} INFO - Setting next_dagrun for tutorial_taskflow_api_virtualenv to None, run_after=None
[2025-06-25T20:34:53.250-0400] {processor.py:183} INFO - Processing /opt/anaconda3/envs/airflow_env/lib/python3.10/site-packages/airflow/example_dags/tutorial_taskflow_api_virtualenv.py took 0.120 seconds
[2025-06-25T20:35:13.674-0400] {processor.py:161} INFO - Started process (PID=64363) to work on /opt/anaconda3/envs/airflow_env/lib/python3.10/site-packages/airflow/example_dags/tutorial_taskflow_api_virtualenv.py
[2025-06-25T20:35:13.674-0400] {processor.py:830} INFO - Processing file /opt/anaconda3/envs/airflow_env/lib/python3.10/site-packages/airflow/example_dags/tutorial_taskflow_api_virtualenv.py for tasks to queue
[2025-06-25T20:35:13.674-0400] {logging_mixin.py:188} INFO - [2025-06-25T20:35:13.674-0400] {dagbag.py:545} INFO - Filling up the DagBag from /opt/anaconda3/envs/airflow_env/lib/python3.10/site-packages/airflow/example_dags/tutorial_taskflow_api_virtualenv.py
[2025-06-25T20:35:13.688-0400] {processor.py:840} INFO - DAG(s) 'tutorial_taskflow_api_virtualenv' retrieved from /opt/anaconda3/envs/airflow_env/lib/python3.10/site-packages/airflow/example_dags/tutorial_taskflow_api_virtualenv.py
[2025-06-25T20:35:13.692-0400] {logging_mixin.py:188} INFO - [2025-06-25T20:35:13.691-0400] {dag.py:3096} INFO - Sync 1 DAGs
[2025-06-25T20:35:13.718-0400] {logging_mixin.py:188} INFO - [2025-06-25T20:35:13.718-0400] {dag.py:3954} INFO - Setting next_dagrun for tutorial_taskflow_api_virtualenv to None, run_after=None
[2025-06-25T20:35:13.745-0400] {processor.py:183} INFO - Processing /opt/anaconda3/envs/airflow_env/lib/python3.10/site-packages/airflow/example_dags/tutorial_taskflow_api_virtualenv.py took 0.073 seconds
[2025-06-25T20:35:40.772-0400] {processor.py:161} INFO - Started process (PID=64404) to work on /opt/anaconda3/envs/airflow_env/lib/python3.10/site-packages/airflow/example_dags/tutorial_taskflow_api_virtualenv.py
[2025-06-25T20:35:40.773-0400] {processor.py:830} INFO - Processing file /opt/anaconda3/envs/airflow_env/lib/python3.10/site-packages/airflow/example_dags/tutorial_taskflow_api_virtualenv.py for tasks to queue
[2025-06-25T20:35:40.773-0400] {logging_mixin.py:188} INFO - [2025-06-25T20:35:40.773-0400] {dagbag.py:545} INFO - Filling up the DagBag from /opt/anaconda3/envs/airflow_env/lib/python3.10/site-packages/airflow/example_dags/tutorial_taskflow_api_virtualenv.py
[2025-06-25T20:35:40.787-0400] {processor.py:840} INFO - DAG(s) 'tutorial_taskflow_api_virtualenv' retrieved from /opt/anaconda3/envs/airflow_env/lib/python3.10/site-packages/airflow/example_dags/tutorial_taskflow_api_virtualenv.py
[2025-06-25T20:35:40.869-0400] {logging_mixin.py:188} INFO - [2025-06-25T20:35:40.869-0400] {dag.py:3096} INFO - Sync 1 DAGs
[2025-06-25T20:35:40.872-0400] {logging_mixin.py:188} INFO - [2025-06-25T20:35:40.872-0400] {dag.py:3954} INFO - Setting next_dagrun for tutorial_taskflow_api_virtualenv to None, run_after=None
[2025-06-25T20:35:40.879-0400] {processor.py:183} INFO - Processing /opt/anaconda3/envs/airflow_env/lib/python3.10/site-packages/airflow/example_dags/tutorial_taskflow_api_virtualenv.py took 0.109 seconds
[2025-06-25T20:36:03.436-0400] {processor.py:161} INFO - Started process (PID=64436) to work on /opt/anaconda3/envs/airflow_env/lib/python3.10/site-packages/airflow/example_dags/tutorial_taskflow_api_virtualenv.py
[2025-06-25T20:36:03.436-0400] {processor.py:830} INFO - Processing file /opt/anaconda3/envs/airflow_env/lib/python3.10/site-packages/airflow/example_dags/tutorial_taskflow_api_virtualenv.py for tasks to queue
[2025-06-25T20:36:03.436-0400] {logging_mixin.py:188} INFO - [2025-06-25T20:36:03.436-0400] {dagbag.py:545} INFO - Filling up the DagBag from /opt/anaconda3/envs/airflow_env/lib/python3.10/site-packages/airflow/example_dags/tutorial_taskflow_api_virtualenv.py
[2025-06-25T20:36:03.450-0400] {processor.py:840} INFO - DAG(s) 'tutorial_taskflow_api_virtualenv' retrieved from /opt/anaconda3/envs/airflow_env/lib/python3.10/site-packages/airflow/example_dags/tutorial_taskflow_api_virtualenv.py
[2025-06-25T20:36:03.454-0400] {logging_mixin.py:188} INFO - [2025-06-25T20:36:03.454-0400] {dag.py:3096} INFO - Sync 1 DAGs
[2025-06-25T20:36:03.481-0400] {logging_mixin.py:188} INFO - [2025-06-25T20:36:03.481-0400] {dag.py:3954} INFO - Setting next_dagrun for tutorial_taskflow_api_virtualenv to None, run_after=None
[2025-06-25T20:36:03.510-0400] {processor.py:183} INFO - Processing /opt/anaconda3/envs/airflow_env/lib/python3.10/site-packages/airflow/example_dags/tutorial_taskflow_api_virtualenv.py took 0.076 seconds
[2025-06-25T20:36:29.617-0400] {processor.py:161} INFO - Started process (PID=64494) to work on /opt/anaconda3/envs/airflow_env/lib/python3.10/site-packages/airflow/example_dags/tutorial_taskflow_api_virtualenv.py
[2025-06-25T20:36:29.617-0400] {processor.py:830} INFO - Processing file /opt/anaconda3/envs/airflow_env/lib/python3.10/site-packages/airflow/example_dags/tutorial_taskflow_api_virtualenv.py for tasks to queue
[2025-06-25T20:36:29.617-0400] {logging_mixin.py:188} INFO - [2025-06-25T20:36:29.617-0400] {dagbag.py:545} INFO - Filling up the DagBag from /opt/anaconda3/envs/airflow_env/lib/python3.10/site-packages/airflow/example_dags/tutorial_taskflow_api_virtualenv.py
[2025-06-25T20:36:29.631-0400] {processor.py:840} INFO - DAG(s) 'tutorial_taskflow_api_virtualenv' retrieved from /opt/anaconda3/envs/airflow_env/lib/python3.10/site-packages/airflow/example_dags/tutorial_taskflow_api_virtualenv.py
[2025-06-25T20:36:29.710-0400] {logging_mixin.py:188} INFO - [2025-06-25T20:36:29.710-0400] {dag.py:3096} INFO - Sync 1 DAGs
[2025-06-25T20:36:29.713-0400] {logging_mixin.py:188} INFO - [2025-06-25T20:36:29.713-0400] {dag.py:3954} INFO - Setting next_dagrun for tutorial_taskflow_api_virtualenv to None, run_after=None
[2025-06-25T20:36:29.720-0400] {processor.py:183} INFO - Processing /opt/anaconda3/envs/airflow_env/lib/python3.10/site-packages/airflow/example_dags/tutorial_taskflow_api_virtualenv.py took 0.105 seconds
[2025-06-25T20:36:52.157-0400] {processor.py:161} INFO - Started process (PID=64545) to work on /opt/anaconda3/envs/airflow_env/lib/python3.10/site-packages/airflow/example_dags/tutorial_taskflow_api_virtualenv.py
[2025-06-25T20:36:52.158-0400] {processor.py:830} INFO - Processing file /opt/anaconda3/envs/airflow_env/lib/python3.10/site-packages/airflow/example_dags/tutorial_taskflow_api_virtualenv.py for tasks to queue
[2025-06-25T20:36:52.158-0400] {logging_mixin.py:188} INFO - [2025-06-25T20:36:52.158-0400] {dagbag.py:545} INFO - Filling up the DagBag from /opt/anaconda3/envs/airflow_env/lib/python3.10/site-packages/airflow/example_dags/tutorial_taskflow_api_virtualenv.py
[2025-06-25T20:36:52.172-0400] {processor.py:840} INFO - DAG(s) 'tutorial_taskflow_api_virtualenv' retrieved from /opt/anaconda3/envs/airflow_env/lib/python3.10/site-packages/airflow/example_dags/tutorial_taskflow_api_virtualenv.py
[2025-06-25T20:36:52.176-0400] {logging_mixin.py:188} INFO - [2025-06-25T20:36:52.176-0400] {dag.py:3096} INFO - Sync 1 DAGs
[2025-06-25T20:36:52.203-0400] {logging_mixin.py:188} INFO - [2025-06-25T20:36:52.203-0400] {dag.py:3954} INFO - Setting next_dagrun for tutorial_taskflow_api_virtualenv to None, run_after=None
[2025-06-25T20:36:52.231-0400] {processor.py:183} INFO - Processing /opt/anaconda3/envs/airflow_env/lib/python3.10/site-packages/airflow/example_dags/tutorial_taskflow_api_virtualenv.py took 0.075 seconds
[2025-06-25T20:37:16.199-0400] {processor.py:161} INFO - Started process (PID=64596) to work on /opt/anaconda3/envs/airflow_env/lib/python3.10/site-packages/airflow/example_dags/tutorial_taskflow_api_virtualenv.py
[2025-06-25T20:37:16.200-0400] {processor.py:830} INFO - Processing file /opt/anaconda3/envs/airflow_env/lib/python3.10/site-packages/airflow/example_dags/tutorial_taskflow_api_virtualenv.py for tasks to queue
[2025-06-25T20:37:16.200-0400] {logging_mixin.py:188} INFO - [2025-06-25T20:37:16.200-0400] {dagbag.py:545} INFO - Filling up the DagBag from /opt/anaconda3/envs/airflow_env/lib/python3.10/site-packages/airflow/example_dags/tutorial_taskflow_api_virtualenv.py
[2025-06-25T20:37:16.214-0400] {processor.py:840} INFO - DAG(s) 'tutorial_taskflow_api_virtualenv' retrieved from /opt/anaconda3/envs/airflow_env/lib/python3.10/site-packages/airflow/example_dags/tutorial_taskflow_api_virtualenv.py
[2025-06-25T20:37:16.295-0400] {logging_mixin.py:188} INFO - [2025-06-25T20:37:16.295-0400] {dag.py:3096} INFO - Sync 1 DAGs
[2025-06-25T20:37:16.298-0400] {logging_mixin.py:188} INFO - [2025-06-25T20:37:16.298-0400] {dag.py:3954} INFO - Setting next_dagrun for tutorial_taskflow_api_virtualenv to None, run_after=None
[2025-06-25T20:37:16.305-0400] {processor.py:183} INFO - Processing /opt/anaconda3/envs/airflow_env/lib/python3.10/site-packages/airflow/example_dags/tutorial_taskflow_api_virtualenv.py took 0.107 seconds
[2025-06-25T20:37:44.572-0400] {processor.py:161} INFO - Started process (PID=64677) to work on /opt/anaconda3/envs/airflow_env/lib/python3.10/site-packages/airflow/example_dags/tutorial_taskflow_api_virtualenv.py
[2025-06-25T20:37:44.573-0400] {processor.py:830} INFO - Processing file /opt/anaconda3/envs/airflow_env/lib/python3.10/site-packages/airflow/example_dags/tutorial_taskflow_api_virtualenv.py for tasks to queue
[2025-06-25T20:37:44.573-0400] {logging_mixin.py:188} INFO - [2025-06-25T20:37:44.573-0400] {dagbag.py:545} INFO - Filling up the DagBag from /opt/anaconda3/envs/airflow_env/lib/python3.10/site-packages/airflow/example_dags/tutorial_taskflow_api_virtualenv.py
[2025-06-25T20:37:44.593-0400] {processor.py:840} INFO - DAG(s) 'tutorial_taskflow_api_virtualenv' retrieved from /opt/anaconda3/envs/airflow_env/lib/python3.10/site-packages/airflow/example_dags/tutorial_taskflow_api_virtualenv.py
[2025-06-25T20:37:44.599-0400] {logging_mixin.py:188} INFO - [2025-06-25T20:37:44.599-0400] {dag.py:3096} INFO - Sync 1 DAGs
[2025-06-25T20:37:44.629-0400] {logging_mixin.py:188} INFO - [2025-06-25T20:37:44.629-0400] {dag.py:3954} INFO - Setting next_dagrun for tutorial_taskflow_api_virtualenv to None, run_after=None
[2025-06-25T20:37:44.659-0400] {processor.py:183} INFO - Processing /opt/anaconda3/envs/airflow_env/lib/python3.10/site-packages/airflow/example_dags/tutorial_taskflow_api_virtualenv.py took 0.089 seconds
[2025-06-25T20:38:23.949-0400] {processor.py:161} INFO - Started process (PID=64752) to work on /opt/anaconda3/envs/airflow_env/lib/python3.10/site-packages/airflow/example_dags/tutorial_taskflow_api_virtualenv.py
[2025-06-25T20:38:23.950-0400] {processor.py:830} INFO - Processing file /opt/anaconda3/envs/airflow_env/lib/python3.10/site-packages/airflow/example_dags/tutorial_taskflow_api_virtualenv.py for tasks to queue
[2025-06-25T20:38:23.950-0400] {logging_mixin.py:188} INFO - [2025-06-25T20:38:23.950-0400] {dagbag.py:545} INFO - Filling up the DagBag from /opt/anaconda3/envs/airflow_env/lib/python3.10/site-packages/airflow/example_dags/tutorial_taskflow_api_virtualenv.py
[2025-06-25T20:38:23.965-0400] {processor.py:840} INFO - DAG(s) 'tutorial_taskflow_api_virtualenv' retrieved from /opt/anaconda3/envs/airflow_env/lib/python3.10/site-packages/airflow/example_dags/tutorial_taskflow_api_virtualenv.py
[2025-06-25T20:38:24.046-0400] {logging_mixin.py:188} INFO - [2025-06-25T20:38:24.045-0400] {dag.py:3096} INFO - Sync 1 DAGs
[2025-06-25T20:38:24.048-0400] {logging_mixin.py:188} INFO - [2025-06-25T20:38:24.048-0400] {dag.py:3954} INFO - Setting next_dagrun for tutorial_taskflow_api_virtualenv to None, run_after=None
[2025-06-25T20:38:24.056-0400] {processor.py:183} INFO - Processing /opt/anaconda3/envs/airflow_env/lib/python3.10/site-packages/airflow/example_dags/tutorial_taskflow_api_virtualenv.py took 0.108 seconds
[2025-06-25T20:39:06.678-0400] {processor.py:161} INFO - Started process (PID=64847) to work on /opt/anaconda3/envs/airflow_env/lib/python3.10/site-packages/airflow/example_dags/tutorial_taskflow_api_virtualenv.py
[2025-06-25T20:39:06.679-0400] {processor.py:830} INFO - Processing file /opt/anaconda3/envs/airflow_env/lib/python3.10/site-packages/airflow/example_dags/tutorial_taskflow_api_virtualenv.py for tasks to queue
[2025-06-25T20:39:06.679-0400] {logging_mixin.py:188} INFO - [2025-06-25T20:39:06.679-0400] {dagbag.py:545} INFO - Filling up the DagBag from /opt/anaconda3/envs/airflow_env/lib/python3.10/site-packages/airflow/example_dags/tutorial_taskflow_api_virtualenv.py
[2025-06-25T20:39:06.693-0400] {processor.py:840} INFO - DAG(s) 'tutorial_taskflow_api_virtualenv' retrieved from /opt/anaconda3/envs/airflow_env/lib/python3.10/site-packages/airflow/example_dags/tutorial_taskflow_api_virtualenv.py
[2025-06-25T20:39:06.771-0400] {logging_mixin.py:188} INFO - [2025-06-25T20:39:06.771-0400] {dag.py:3096} INFO - Sync 1 DAGs
[2025-06-25T20:39:06.774-0400] {logging_mixin.py:188} INFO - [2025-06-25T20:39:06.774-0400] {dag.py:3954} INFO - Setting next_dagrun for tutorial_taskflow_api_virtualenv to None, run_after=None
[2025-06-25T20:39:06.781-0400] {processor.py:183} INFO - Processing /opt/anaconda3/envs/airflow_env/lib/python3.10/site-packages/airflow/example_dags/tutorial_taskflow_api_virtualenv.py took 0.105 seconds
[2025-06-25T20:39:23.678-0400] {processor.py:161} INFO - Started process (PID=64879) to work on /opt/anaconda3/envs/airflow_env/lib/python3.10/site-packages/airflow/example_dags/tutorial_taskflow_api_virtualenv.py
[2025-06-25T20:39:23.678-0400] {processor.py:830} INFO - Processing file /opt/anaconda3/envs/airflow_env/lib/python3.10/site-packages/airflow/example_dags/tutorial_taskflow_api_virtualenv.py for tasks to queue
[2025-06-25T20:39:23.678-0400] {logging_mixin.py:188} INFO - [2025-06-25T20:39:23.678-0400] {dagbag.py:545} INFO - Filling up the DagBag from /opt/anaconda3/envs/airflow_env/lib/python3.10/site-packages/airflow/example_dags/tutorial_taskflow_api_virtualenv.py
[2025-06-25T20:39:23.694-0400] {processor.py:840} INFO - DAG(s) 'tutorial_taskflow_api_virtualenv' retrieved from /opt/anaconda3/envs/airflow_env/lib/python3.10/site-packages/airflow/example_dags/tutorial_taskflow_api_virtualenv.py
[2025-06-25T20:39:23.699-0400] {logging_mixin.py:188} INFO - [2025-06-25T20:39:23.699-0400] {dag.py:3096} INFO - Sync 1 DAGs
[2025-06-25T20:39:23.730-0400] {logging_mixin.py:188} INFO - [2025-06-25T20:39:23.730-0400] {dag.py:3954} INFO - Setting next_dagrun for tutorial_taskflow_api_virtualenv to None, run_after=None
[2025-06-25T20:39:23.807-0400] {processor.py:183} INFO - Processing /opt/anaconda3/envs/airflow_env/lib/python3.10/site-packages/airflow/example_dags/tutorial_taskflow_api_virtualenv.py took 0.131 seconds
[2025-06-25T20:40:00.324-0400] {processor.py:161} INFO - Started process (PID=64940) to work on /opt/anaconda3/envs/airflow_env/lib/python3.10/site-packages/airflow/example_dags/tutorial_taskflow_api_virtualenv.py
[2025-06-25T20:40:00.324-0400] {processor.py:830} INFO - Processing file /opt/anaconda3/envs/airflow_env/lib/python3.10/site-packages/airflow/example_dags/tutorial_taskflow_api_virtualenv.py for tasks to queue
[2025-06-25T20:40:00.325-0400] {logging_mixin.py:188} INFO - [2025-06-25T20:40:00.325-0400] {dagbag.py:545} INFO - Filling up the DagBag from /opt/anaconda3/envs/airflow_env/lib/python3.10/site-packages/airflow/example_dags/tutorial_taskflow_api_virtualenv.py
[2025-06-25T20:40:00.340-0400] {processor.py:840} INFO - DAG(s) 'tutorial_taskflow_api_virtualenv' retrieved from /opt/anaconda3/envs/airflow_env/lib/python3.10/site-packages/airflow/example_dags/tutorial_taskflow_api_virtualenv.py
[2025-06-25T20:40:00.423-0400] {logging_mixin.py:188} INFO - [2025-06-25T20:40:00.423-0400] {dag.py:3096} INFO - Sync 1 DAGs
[2025-06-25T20:40:00.426-0400] {logging_mixin.py:188} INFO - [2025-06-25T20:40:00.426-0400] {dag.py:3954} INFO - Setting next_dagrun for tutorial_taskflow_api_virtualenv to None, run_after=None
[2025-06-25T20:40:00.433-0400] {processor.py:183} INFO - Processing /opt/anaconda3/envs/airflow_env/lib/python3.10/site-packages/airflow/example_dags/tutorial_taskflow_api_virtualenv.py took 0.111 seconds
[2025-06-25T20:40:11.125-0400] {processor.py:161} INFO - Started process (PID=64976) to work on /opt/anaconda3/envs/airflow_env/lib/python3.10/site-packages/airflow/example_dags/tutorial_taskflow_api_virtualenv.py
[2025-06-25T20:40:11.126-0400] {processor.py:830} INFO - Processing file /opt/anaconda3/envs/airflow_env/lib/python3.10/site-packages/airflow/example_dags/tutorial_taskflow_api_virtualenv.py for tasks to queue
[2025-06-25T20:40:11.126-0400] {logging_mixin.py:188} INFO - [2025-06-25T20:40:11.126-0400] {dagbag.py:545} INFO - Filling up the DagBag from /opt/anaconda3/envs/airflow_env/lib/python3.10/site-packages/airflow/example_dags/tutorial_taskflow_api_virtualenv.py
[2025-06-25T20:40:11.140-0400] {processor.py:840} INFO - DAG(s) 'tutorial_taskflow_api_virtualenv' retrieved from /opt/anaconda3/envs/airflow_env/lib/python3.10/site-packages/airflow/example_dags/tutorial_taskflow_api_virtualenv.py
[2025-06-25T20:40:11.144-0400] {logging_mixin.py:188} INFO - [2025-06-25T20:40:11.144-0400] {dag.py:3096} INFO - Sync 1 DAGs
[2025-06-25T20:40:11.172-0400] {logging_mixin.py:188} INFO - [2025-06-25T20:40:11.172-0400] {dag.py:3954} INFO - Setting next_dagrun for tutorial_taskflow_api_virtualenv to None, run_after=None
[2025-06-25T20:40:11.205-0400] {processor.py:183} INFO - Processing /opt/anaconda3/envs/airflow_env/lib/python3.10/site-packages/airflow/example_dags/tutorial_taskflow_api_virtualenv.py took 0.082 seconds
[2025-06-25T20:40:52.276-0400] {processor.py:161} INFO - Started process (PID=65067) to work on /opt/anaconda3/envs/airflow_env/lib/python3.10/site-packages/airflow/example_dags/tutorial_taskflow_api_virtualenv.py
[2025-06-25T20:40:52.277-0400] {processor.py:830} INFO - Processing file /opt/anaconda3/envs/airflow_env/lib/python3.10/site-packages/airflow/example_dags/tutorial_taskflow_api_virtualenv.py for tasks to queue
[2025-06-25T20:40:52.277-0400] {logging_mixin.py:188} INFO - [2025-06-25T20:40:52.277-0400] {dagbag.py:545} INFO - Filling up the DagBag from /opt/anaconda3/envs/airflow_env/lib/python3.10/site-packages/airflow/example_dags/tutorial_taskflow_api_virtualenv.py
[2025-06-25T20:40:52.293-0400] {processor.py:840} INFO - DAG(s) 'tutorial_taskflow_api_virtualenv' retrieved from /opt/anaconda3/envs/airflow_env/lib/python3.10/site-packages/airflow/example_dags/tutorial_taskflow_api_virtualenv.py
[2025-06-25T20:40:52.386-0400] {logging_mixin.py:188} INFO - [2025-06-25T20:40:52.385-0400] {dag.py:3096} INFO - Sync 1 DAGs
[2025-06-25T20:40:52.389-0400] {logging_mixin.py:188} INFO - [2025-06-25T20:40:52.389-0400] {dag.py:3954} INFO - Setting next_dagrun for tutorial_taskflow_api_virtualenv to None, run_after=None
[2025-06-25T20:40:52.396-0400] {processor.py:183} INFO - Processing /opt/anaconda3/envs/airflow_env/lib/python3.10/site-packages/airflow/example_dags/tutorial_taskflow_api_virtualenv.py took 0.121 seconds
[2025-06-25T20:40:56.964-0400] {processor.py:161} INFO - Started process (PID=65084) to work on /opt/anaconda3/envs/airflow_env/lib/python3.10/site-packages/airflow/example_dags/tutorial_taskflow_api_virtualenv.py
[2025-06-25T20:40:56.965-0400] {processor.py:830} INFO - Processing file /opt/anaconda3/envs/airflow_env/lib/python3.10/site-packages/airflow/example_dags/tutorial_taskflow_api_virtualenv.py for tasks to queue
[2025-06-25T20:40:56.965-0400] {logging_mixin.py:188} INFO - [2025-06-25T20:40:56.965-0400] {dagbag.py:545} INFO - Filling up the DagBag from /opt/anaconda3/envs/airflow_env/lib/python3.10/site-packages/airflow/example_dags/tutorial_taskflow_api_virtualenv.py
[2025-06-25T20:40:56.979-0400] {processor.py:840} INFO - DAG(s) 'tutorial_taskflow_api_virtualenv' retrieved from /opt/anaconda3/envs/airflow_env/lib/python3.10/site-packages/airflow/example_dags/tutorial_taskflow_api_virtualenv.py
[2025-06-25T20:40:56.983-0400] {logging_mixin.py:188} INFO - [2025-06-25T20:40:56.983-0400] {dag.py:3096} INFO - Sync 1 DAGs
[2025-06-25T20:40:57.012-0400] {logging_mixin.py:188} INFO - [2025-06-25T20:40:57.011-0400] {dag.py:3954} INFO - Setting next_dagrun for tutorial_taskflow_api_virtualenv to None, run_after=None
[2025-06-25T20:40:57.041-0400] {processor.py:183} INFO - Processing /opt/anaconda3/envs/airflow_env/lib/python3.10/site-packages/airflow/example_dags/tutorial_taskflow_api_virtualenv.py took 0.079 seconds
[2025-06-25T20:41:43.343-0400] {processor.py:161} INFO - Started process (PID=65157) to work on /opt/anaconda3/envs/airflow_env/lib/python3.10/site-packages/airflow/example_dags/tutorial_taskflow_api_virtualenv.py
[2025-06-25T20:41:43.344-0400] {processor.py:830} INFO - Processing file /opt/anaconda3/envs/airflow_env/lib/python3.10/site-packages/airflow/example_dags/tutorial_taskflow_api_virtualenv.py for tasks to queue
[2025-06-25T20:41:43.344-0400] {logging_mixin.py:188} INFO - [2025-06-25T20:41:43.344-0400] {dagbag.py:545} INFO - Filling up the DagBag from /opt/anaconda3/envs/airflow_env/lib/python3.10/site-packages/airflow/example_dags/tutorial_taskflow_api_virtualenv.py
[2025-06-25T20:41:43.358-0400] {processor.py:840} INFO - DAG(s) 'tutorial_taskflow_api_virtualenv' retrieved from /opt/anaconda3/envs/airflow_env/lib/python3.10/site-packages/airflow/example_dags/tutorial_taskflow_api_virtualenv.py
[2025-06-25T20:41:43.440-0400] {logging_mixin.py:188} INFO - [2025-06-25T20:41:43.440-0400] {dag.py:3096} INFO - Sync 1 DAGs
[2025-06-25T20:41:43.443-0400] {logging_mixin.py:188} INFO - [2025-06-25T20:41:43.443-0400] {dag.py:3954} INFO - Setting next_dagrun for tutorial_taskflow_api_virtualenv to None, run_after=None
[2025-06-25T20:41:43.451-0400] {processor.py:183} INFO - Processing /opt/anaconda3/envs/airflow_env/lib/python3.10/site-packages/airflow/example_dags/tutorial_taskflow_api_virtualenv.py took 0.110 seconds
[2025-06-25T20:41:46.881-0400] {processor.py:161} INFO - Started process (PID=65163) to work on /opt/anaconda3/envs/airflow_env/lib/python3.10/site-packages/airflow/example_dags/tutorial_taskflow_api_virtualenv.py
[2025-06-25T20:41:46.881-0400] {processor.py:830} INFO - Processing file /opt/anaconda3/envs/airflow_env/lib/python3.10/site-packages/airflow/example_dags/tutorial_taskflow_api_virtualenv.py for tasks to queue
[2025-06-25T20:41:46.881-0400] {logging_mixin.py:188} INFO - [2025-06-25T20:41:46.881-0400] {dagbag.py:545} INFO - Filling up the DagBag from /opt/anaconda3/envs/airflow_env/lib/python3.10/site-packages/airflow/example_dags/tutorial_taskflow_api_virtualenv.py
[2025-06-25T20:41:46.896-0400] {processor.py:840} INFO - DAG(s) 'tutorial_taskflow_api_virtualenv' retrieved from /opt/anaconda3/envs/airflow_env/lib/python3.10/site-packages/airflow/example_dags/tutorial_taskflow_api_virtualenv.py
[2025-06-25T20:41:46.900-0400] {logging_mixin.py:188} INFO - [2025-06-25T20:41:46.900-0400] {dag.py:3096} INFO - Sync 1 DAGs
[2025-06-25T20:41:46.928-0400] {logging_mixin.py:188} INFO - [2025-06-25T20:41:46.928-0400] {dag.py:3954} INFO - Setting next_dagrun for tutorial_taskflow_api_virtualenv to None, run_after=None
[2025-06-25T20:41:46.957-0400] {processor.py:183} INFO - Processing /opt/anaconda3/envs/airflow_env/lib/python3.10/site-packages/airflow/example_dags/tutorial_taskflow_api_virtualenv.py took 0.079 seconds
[2025-06-25T20:42:33.231-0400] {processor.py:161} INFO - Started process (PID=65268) to work on /opt/anaconda3/envs/airflow_env/lib/python3.10/site-packages/airflow/example_dags/tutorial_taskflow_api_virtualenv.py
[2025-06-25T20:42:33.232-0400] {processor.py:830} INFO - Processing file /opt/anaconda3/envs/airflow_env/lib/python3.10/site-packages/airflow/example_dags/tutorial_taskflow_api_virtualenv.py for tasks to queue
[2025-06-25T20:42:33.232-0400] {logging_mixin.py:188} INFO - [2025-06-25T20:42:33.232-0400] {dagbag.py:545} INFO - Filling up the DagBag from /opt/anaconda3/envs/airflow_env/lib/python3.10/site-packages/airflow/example_dags/tutorial_taskflow_api_virtualenv.py
[2025-06-25T20:42:33.246-0400] {processor.py:840} INFO - DAG(s) 'tutorial_taskflow_api_virtualenv' retrieved from /opt/anaconda3/envs/airflow_env/lib/python3.10/site-packages/airflow/example_dags/tutorial_taskflow_api_virtualenv.py
[2025-06-25T20:42:33.324-0400] {logging_mixin.py:188} INFO - [2025-06-25T20:42:33.324-0400] {dag.py:3096} INFO - Sync 1 DAGs
[2025-06-25T20:42:33.327-0400] {logging_mixin.py:188} INFO - [2025-06-25T20:42:33.327-0400] {dag.py:3954} INFO - Setting next_dagrun for tutorial_taskflow_api_virtualenv to None, run_after=None
[2025-06-25T20:42:33.334-0400] {processor.py:183} INFO - Processing /opt/anaconda3/envs/airflow_env/lib/python3.10/site-packages/airflow/example_dags/tutorial_taskflow_api_virtualenv.py took 0.104 seconds
[2025-06-25T20:42:35.577-0400] {processor.py:161} INFO - Started process (PID=65272) to work on /opt/anaconda3/envs/airflow_env/lib/python3.10/site-packages/airflow/example_dags/tutorial_taskflow_api_virtualenv.py
[2025-06-25T20:42:35.578-0400] {processor.py:830} INFO - Processing file /opt/anaconda3/envs/airflow_env/lib/python3.10/site-packages/airflow/example_dags/tutorial_taskflow_api_virtualenv.py for tasks to queue
[2025-06-25T20:42:35.578-0400] {logging_mixin.py:188} INFO - [2025-06-25T20:42:35.578-0400] {dagbag.py:545} INFO - Filling up the DagBag from /opt/anaconda3/envs/airflow_env/lib/python3.10/site-packages/airflow/example_dags/tutorial_taskflow_api_virtualenv.py
[2025-06-25T20:42:35.593-0400] {processor.py:840} INFO - DAG(s) 'tutorial_taskflow_api_virtualenv' retrieved from /opt/anaconda3/envs/airflow_env/lib/python3.10/site-packages/airflow/example_dags/tutorial_taskflow_api_virtualenv.py
[2025-06-25T20:42:35.597-0400] {logging_mixin.py:188} INFO - [2025-06-25T20:42:35.597-0400] {dag.py:3096} INFO - Sync 1 DAGs
[2025-06-25T20:42:35.625-0400] {logging_mixin.py:188} INFO - [2025-06-25T20:42:35.625-0400] {dag.py:3954} INFO - Setting next_dagrun for tutorial_taskflow_api_virtualenv to None, run_after=None
[2025-06-25T20:42:35.659-0400] {processor.py:183} INFO - Processing /opt/anaconda3/envs/airflow_env/lib/python3.10/site-packages/airflow/example_dags/tutorial_taskflow_api_virtualenv.py took 0.083 seconds
[2025-06-25T20:43:21.027-0400] {processor.py:161} INFO - Started process (PID=65405) to work on /opt/anaconda3/envs/airflow_env/lib/python3.10/site-packages/airflow/example_dags/tutorial_taskflow_api_virtualenv.py
[2025-06-25T20:43:21.027-0400] {processor.py:830} INFO - Processing file /opt/anaconda3/envs/airflow_env/lib/python3.10/site-packages/airflow/example_dags/tutorial_taskflow_api_virtualenv.py for tasks to queue
[2025-06-25T20:43:21.028-0400] {logging_mixin.py:188} INFO - [2025-06-25T20:43:21.027-0400] {dagbag.py:545} INFO - Filling up the DagBag from /opt/anaconda3/envs/airflow_env/lib/python3.10/site-packages/airflow/example_dags/tutorial_taskflow_api_virtualenv.py
[2025-06-25T20:43:21.043-0400] {processor.py:840} INFO - DAG(s) 'tutorial_taskflow_api_virtualenv' retrieved from /opt/anaconda3/envs/airflow_env/lib/python3.10/site-packages/airflow/example_dags/tutorial_taskflow_api_virtualenv.py
[2025-06-25T20:43:21.133-0400] {logging_mixin.py:188} INFO - [2025-06-25T20:43:21.133-0400] {dag.py:3096} INFO - Sync 1 DAGs
[2025-06-25T20:43:21.137-0400] {logging_mixin.py:188} INFO - [2025-06-25T20:43:21.137-0400] {dag.py:3954} INFO - Setting next_dagrun for tutorial_taskflow_api_virtualenv to None, run_after=None
[2025-06-25T20:43:21.144-0400] {processor.py:183} INFO - Processing /opt/anaconda3/envs/airflow_env/lib/python3.10/site-packages/airflow/example_dags/tutorial_taskflow_api_virtualenv.py took 0.119 seconds
[2025-06-25T20:43:26.150-0400] {processor.py:161} INFO - Started process (PID=65417) to work on /opt/anaconda3/envs/airflow_env/lib/python3.10/site-packages/airflow/example_dags/tutorial_taskflow_api_virtualenv.py
[2025-06-25T20:43:26.150-0400] {processor.py:830} INFO - Processing file /opt/anaconda3/envs/airflow_env/lib/python3.10/site-packages/airflow/example_dags/tutorial_taskflow_api_virtualenv.py for tasks to queue
[2025-06-25T20:43:26.150-0400] {logging_mixin.py:188} INFO - [2025-06-25T20:43:26.150-0400] {dagbag.py:545} INFO - Filling up the DagBag from /opt/anaconda3/envs/airflow_env/lib/python3.10/site-packages/airflow/example_dags/tutorial_taskflow_api_virtualenv.py
[2025-06-25T20:43:26.164-0400] {processor.py:840} INFO - DAG(s) 'tutorial_taskflow_api_virtualenv' retrieved from /opt/anaconda3/envs/airflow_env/lib/python3.10/site-packages/airflow/example_dags/tutorial_taskflow_api_virtualenv.py
[2025-06-25T20:43:26.169-0400] {logging_mixin.py:188} INFO - [2025-06-25T20:43:26.168-0400] {dag.py:3096} INFO - Sync 1 DAGs
[2025-06-25T20:43:26.195-0400] {logging_mixin.py:188} INFO - [2025-06-25T20:43:26.195-0400] {dag.py:3954} INFO - Setting next_dagrun for tutorial_taskflow_api_virtualenv to None, run_after=None
[2025-06-25T20:43:26.221-0400] {processor.py:183} INFO - Processing /opt/anaconda3/envs/airflow_env/lib/python3.10/site-packages/airflow/example_dags/tutorial_taskflow_api_virtualenv.py took 0.073 seconds
[2025-06-25T20:44:09.561-0400] {processor.py:161} INFO - Started process (PID=65517) to work on /opt/anaconda3/envs/airflow_env/lib/python3.10/site-packages/airflow/example_dags/tutorial_taskflow_api_virtualenv.py
[2025-06-25T20:44:09.562-0400] {processor.py:830} INFO - Processing file /opt/anaconda3/envs/airflow_env/lib/python3.10/site-packages/airflow/example_dags/tutorial_taskflow_api_virtualenv.py for tasks to queue
[2025-06-25T20:44:09.562-0400] {logging_mixin.py:188} INFO - [2025-06-25T20:44:09.562-0400] {dagbag.py:545} INFO - Filling up the DagBag from /opt/anaconda3/envs/airflow_env/lib/python3.10/site-packages/airflow/example_dags/tutorial_taskflow_api_virtualenv.py
[2025-06-25T20:44:09.578-0400] {processor.py:840} INFO - DAG(s) 'tutorial_taskflow_api_virtualenv' retrieved from /opt/anaconda3/envs/airflow_env/lib/python3.10/site-packages/airflow/example_dags/tutorial_taskflow_api_virtualenv.py
[2025-06-25T20:44:09.666-0400] {logging_mixin.py:188} INFO - [2025-06-25T20:44:09.666-0400] {dag.py:3096} INFO - Sync 1 DAGs
[2025-06-25T20:44:09.669-0400] {logging_mixin.py:188} INFO - [2025-06-25T20:44:09.669-0400] {dag.py:3954} INFO - Setting next_dagrun for tutorial_taskflow_api_virtualenv to None, run_after=None
[2025-06-25T20:44:09.677-0400] {processor.py:183} INFO - Processing /opt/anaconda3/envs/airflow_env/lib/python3.10/site-packages/airflow/example_dags/tutorial_taskflow_api_virtualenv.py took 0.118 seconds
[2025-06-25T20:44:15.436-0400] {processor.py:161} INFO - Started process (PID=65532) to work on /opt/anaconda3/envs/airflow_env/lib/python3.10/site-packages/airflow/example_dags/tutorial_taskflow_api_virtualenv.py
[2025-06-25T20:44:15.436-0400] {processor.py:830} INFO - Processing file /opt/anaconda3/envs/airflow_env/lib/python3.10/site-packages/airflow/example_dags/tutorial_taskflow_api_virtualenv.py for tasks to queue
[2025-06-25T20:44:15.436-0400] {logging_mixin.py:188} INFO - [2025-06-25T20:44:15.436-0400] {dagbag.py:545} INFO - Filling up the DagBag from /opt/anaconda3/envs/airflow_env/lib/python3.10/site-packages/airflow/example_dags/tutorial_taskflow_api_virtualenv.py
[2025-06-25T20:44:15.450-0400] {processor.py:840} INFO - DAG(s) 'tutorial_taskflow_api_virtualenv' retrieved from /opt/anaconda3/envs/airflow_env/lib/python3.10/site-packages/airflow/example_dags/tutorial_taskflow_api_virtualenv.py
[2025-06-25T20:44:15.455-0400] {logging_mixin.py:188} INFO - [2025-06-25T20:44:15.454-0400] {dag.py:3096} INFO - Sync 1 DAGs
[2025-06-25T20:44:15.482-0400] {logging_mixin.py:188} INFO - [2025-06-25T20:44:15.482-0400] {dag.py:3954} INFO - Setting next_dagrun for tutorial_taskflow_api_virtualenv to None, run_after=None
[2025-06-25T20:44:15.514-0400] {processor.py:183} INFO - Processing /opt/anaconda3/envs/airflow_env/lib/python3.10/site-packages/airflow/example_dags/tutorial_taskflow_api_virtualenv.py took 0.080 seconds
[2025-06-25T20:44:58.824-0400] {processor.py:161} INFO - Started process (PID=65639) to work on /opt/anaconda3/envs/airflow_env/lib/python3.10/site-packages/airflow/example_dags/tutorial_taskflow_api_virtualenv.py
[2025-06-25T20:44:58.824-0400] {processor.py:830} INFO - Processing file /opt/anaconda3/envs/airflow_env/lib/python3.10/site-packages/airflow/example_dags/tutorial_taskflow_api_virtualenv.py for tasks to queue
[2025-06-25T20:44:58.824-0400] {logging_mixin.py:188} INFO - [2025-06-25T20:44:58.824-0400] {dagbag.py:545} INFO - Filling up the DagBag from /opt/anaconda3/envs/airflow_env/lib/python3.10/site-packages/airflow/example_dags/tutorial_taskflow_api_virtualenv.py
[2025-06-25T20:44:58.838-0400] {processor.py:840} INFO - DAG(s) 'tutorial_taskflow_api_virtualenv' retrieved from /opt/anaconda3/envs/airflow_env/lib/python3.10/site-packages/airflow/example_dags/tutorial_taskflow_api_virtualenv.py
[2025-06-25T20:44:58.923-0400] {logging_mixin.py:188} INFO - [2025-06-25T20:44:58.923-0400] {dag.py:3096} INFO - Sync 1 DAGs
[2025-06-25T20:44:58.926-0400] {logging_mixin.py:188} INFO - [2025-06-25T20:44:58.926-0400] {dag.py:3954} INFO - Setting next_dagrun for tutorial_taskflow_api_virtualenv to None, run_after=None
[2025-06-25T20:44:58.934-0400] {processor.py:183} INFO - Processing /opt/anaconda3/envs/airflow_env/lib/python3.10/site-packages/airflow/example_dags/tutorial_taskflow_api_virtualenv.py took 0.112 seconds
[2025-06-25T20:45:05.651-0400] {processor.py:161} INFO - Started process (PID=65651) to work on /opt/anaconda3/envs/airflow_env/lib/python3.10/site-packages/airflow/example_dags/tutorial_taskflow_api_virtualenv.py
[2025-06-25T20:45:05.651-0400] {processor.py:830} INFO - Processing file /opt/anaconda3/envs/airflow_env/lib/python3.10/site-packages/airflow/example_dags/tutorial_taskflow_api_virtualenv.py for tasks to queue
[2025-06-25T20:45:05.651-0400] {logging_mixin.py:188} INFO - [2025-06-25T20:45:05.651-0400] {dagbag.py:545} INFO - Filling up the DagBag from /opt/anaconda3/envs/airflow_env/lib/python3.10/site-packages/airflow/example_dags/tutorial_taskflow_api_virtualenv.py
[2025-06-25T20:45:05.665-0400] {processor.py:840} INFO - DAG(s) 'tutorial_taskflow_api_virtualenv' retrieved from /opt/anaconda3/envs/airflow_env/lib/python3.10/site-packages/airflow/example_dags/tutorial_taskflow_api_virtualenv.py
[2025-06-25T20:45:05.669-0400] {logging_mixin.py:188} INFO - [2025-06-25T20:45:05.669-0400] {dag.py:3096} INFO - Sync 1 DAGs
[2025-06-25T20:45:05.696-0400] {logging_mixin.py:188} INFO - [2025-06-25T20:45:05.696-0400] {dag.py:3954} INFO - Setting next_dagrun for tutorial_taskflow_api_virtualenv to None, run_after=None
[2025-06-25T20:45:05.725-0400] {processor.py:183} INFO - Processing /opt/anaconda3/envs/airflow_env/lib/python3.10/site-packages/airflow/example_dags/tutorial_taskflow_api_virtualenv.py took 0.076 seconds
[2025-06-25T20:45:57.880-0400] {processor.py:161} INFO - Started process (PID=65781) to work on /opt/anaconda3/envs/airflow_env/lib/python3.10/site-packages/airflow/example_dags/tutorial_taskflow_api_virtualenv.py
[2025-06-25T20:45:57.881-0400] {processor.py:830} INFO - Processing file /opt/anaconda3/envs/airflow_env/lib/python3.10/site-packages/airflow/example_dags/tutorial_taskflow_api_virtualenv.py for tasks to queue
[2025-06-25T20:45:57.881-0400] {logging_mixin.py:188} INFO - [2025-06-25T20:45:57.881-0400] {dagbag.py:545} INFO - Filling up the DagBag from /opt/anaconda3/envs/airflow_env/lib/python3.10/site-packages/airflow/example_dags/tutorial_taskflow_api_virtualenv.py
[2025-06-25T20:45:57.897-0400] {processor.py:840} INFO - DAG(s) 'tutorial_taskflow_api_virtualenv' retrieved from /opt/anaconda3/envs/airflow_env/lib/python3.10/site-packages/airflow/example_dags/tutorial_taskflow_api_virtualenv.py
[2025-06-25T20:45:57.990-0400] {logging_mixin.py:188} INFO - [2025-06-25T20:45:57.990-0400] {dag.py:3096} INFO - Sync 1 DAGs
[2025-06-25T20:45:57.994-0400] {logging_mixin.py:188} INFO - [2025-06-25T20:45:57.994-0400] {dag.py:3954} INFO - Setting next_dagrun for tutorial_taskflow_api_virtualenv to None, run_after=None
[2025-06-25T20:45:58.003-0400] {processor.py:183} INFO - Processing /opt/anaconda3/envs/airflow_env/lib/python3.10/site-packages/airflow/example_dags/tutorial_taskflow_api_virtualenv.py took 0.125 seconds
[2025-06-25T20:45:59.856-0400] {processor.py:161} INFO - Started process (PID=65790) to work on /opt/anaconda3/envs/airflow_env/lib/python3.10/site-packages/airflow/example_dags/tutorial_taskflow_api_virtualenv.py
[2025-06-25T20:45:59.857-0400] {processor.py:830} INFO - Processing file /opt/anaconda3/envs/airflow_env/lib/python3.10/site-packages/airflow/example_dags/tutorial_taskflow_api_virtualenv.py for tasks to queue
[2025-06-25T20:45:59.857-0400] {logging_mixin.py:188} INFO - [2025-06-25T20:45:59.857-0400] {dagbag.py:545} INFO - Filling up the DagBag from /opt/anaconda3/envs/airflow_env/lib/python3.10/site-packages/airflow/example_dags/tutorial_taskflow_api_virtualenv.py
[2025-06-25T20:45:59.874-0400] {processor.py:840} INFO - DAG(s) 'tutorial_taskflow_api_virtualenv' retrieved from /opt/anaconda3/envs/airflow_env/lib/python3.10/site-packages/airflow/example_dags/tutorial_taskflow_api_virtualenv.py
[2025-06-25T20:45:59.880-0400] {logging_mixin.py:188} INFO - [2025-06-25T20:45:59.879-0400] {dag.py:3096} INFO - Sync 1 DAGs
[2025-06-25T20:45:59.909-0400] {logging_mixin.py:188} INFO - [2025-06-25T20:45:59.909-0400] {dag.py:3954} INFO - Setting next_dagrun for tutorial_taskflow_api_virtualenv to None, run_after=None
[2025-06-25T20:45:59.951-0400] {processor.py:183} INFO - Processing /opt/anaconda3/envs/airflow_env/lib/python3.10/site-packages/airflow/example_dags/tutorial_taskflow_api_virtualenv.py took 0.097 seconds
[2025-06-25T20:46:55.395-0400] {processor.py:161} INFO - Started process (PID=65891) to work on /opt/anaconda3/envs/airflow_env/lib/python3.10/site-packages/airflow/example_dags/tutorial_taskflow_api_virtualenv.py
[2025-06-25T20:46:55.396-0400] {processor.py:830} INFO - Processing file /opt/anaconda3/envs/airflow_env/lib/python3.10/site-packages/airflow/example_dags/tutorial_taskflow_api_virtualenv.py for tasks to queue
[2025-06-25T20:46:55.397-0400] {logging_mixin.py:188} INFO - [2025-06-25T20:46:55.397-0400] {dagbag.py:545} INFO - Filling up the DagBag from /opt/anaconda3/envs/airflow_env/lib/python3.10/site-packages/airflow/example_dags/tutorial_taskflow_api_virtualenv.py
[2025-06-25T20:46:55.411-0400] {processor.py:840} INFO - DAG(s) 'tutorial_taskflow_api_virtualenv' retrieved from /opt/anaconda3/envs/airflow_env/lib/python3.10/site-packages/airflow/example_dags/tutorial_taskflow_api_virtualenv.py
[2025-06-25T20:46:55.513-0400] {logging_mixin.py:188} INFO - [2025-06-25T20:46:55.513-0400] {dag.py:3096} INFO - Sync 1 DAGs
[2025-06-25T20:46:55.517-0400] {logging_mixin.py:188} INFO - [2025-06-25T20:46:55.517-0400] {dag.py:3954} INFO - Setting next_dagrun for tutorial_taskflow_api_virtualenv to None, run_after=None
[2025-06-25T20:46:55.526-0400] {processor.py:183} INFO - Processing /opt/anaconda3/envs/airflow_env/lib/python3.10/site-packages/airflow/example_dags/tutorial_taskflow_api_virtualenv.py took 0.133 seconds
[2025-06-25T20:47:19.022-0400] {processor.py:161} INFO - Started process (PID=65926) to work on /opt/anaconda3/envs/airflow_env/lib/python3.10/site-packages/airflow/example_dags/tutorial_taskflow_api_virtualenv.py
[2025-06-25T20:47:19.023-0400] {processor.py:830} INFO - Processing file /opt/anaconda3/envs/airflow_env/lib/python3.10/site-packages/airflow/example_dags/tutorial_taskflow_api_virtualenv.py for tasks to queue
[2025-06-25T20:47:19.023-0400] {logging_mixin.py:188} INFO - [2025-06-25T20:47:19.023-0400] {dagbag.py:545} INFO - Filling up the DagBag from /opt/anaconda3/envs/airflow_env/lib/python3.10/site-packages/airflow/example_dags/tutorial_taskflow_api_virtualenv.py
[2025-06-25T20:47:19.039-0400] {processor.py:840} INFO - DAG(s) 'tutorial_taskflow_api_virtualenv' retrieved from /opt/anaconda3/envs/airflow_env/lib/python3.10/site-packages/airflow/example_dags/tutorial_taskflow_api_virtualenv.py
[2025-06-25T20:47:19.044-0400] {logging_mixin.py:188} INFO - [2025-06-25T20:47:19.044-0400] {dag.py:3096} INFO - Sync 1 DAGs
[2025-06-25T20:47:19.076-0400] {logging_mixin.py:188} INFO - [2025-06-25T20:47:19.075-0400] {dag.py:3954} INFO - Setting next_dagrun for tutorial_taskflow_api_virtualenv to None, run_after=None
[2025-06-25T20:47:19.109-0400] {processor.py:183} INFO - Processing /opt/anaconda3/envs/airflow_env/lib/python3.10/site-packages/airflow/example_dags/tutorial_taskflow_api_virtualenv.py took 0.089 seconds
[2025-06-25T20:47:51.405-0400] {processor.py:161} INFO - Started process (PID=66040) to work on /opt/anaconda3/envs/airflow_env/lib/python3.10/site-packages/airflow/example_dags/tutorial_taskflow_api_virtualenv.py
[2025-06-25T20:47:51.405-0400] {processor.py:830} INFO - Processing file /opt/anaconda3/envs/airflow_env/lib/python3.10/site-packages/airflow/example_dags/tutorial_taskflow_api_virtualenv.py for tasks to queue
[2025-06-25T20:47:51.406-0400] {logging_mixin.py:188} INFO - [2025-06-25T20:47:51.406-0400] {dagbag.py:545} INFO - Filling up the DagBag from /opt/anaconda3/envs/airflow_env/lib/python3.10/site-packages/airflow/example_dags/tutorial_taskflow_api_virtualenv.py
[2025-06-25T20:47:51.422-0400] {processor.py:840} INFO - DAG(s) 'tutorial_taskflow_api_virtualenv' retrieved from /opt/anaconda3/envs/airflow_env/lib/python3.10/site-packages/airflow/example_dags/tutorial_taskflow_api_virtualenv.py
[2025-06-25T20:47:51.509-0400] {logging_mixin.py:188} INFO - [2025-06-25T20:47:51.509-0400] {dag.py:3096} INFO - Sync 1 DAGs
[2025-06-25T20:47:51.513-0400] {logging_mixin.py:188} INFO - [2025-06-25T20:47:51.512-0400] {dag.py:3954} INFO - Setting next_dagrun for tutorial_taskflow_api_virtualenv to None, run_after=None
[2025-06-25T20:47:51.521-0400] {processor.py:183} INFO - Processing /opt/anaconda3/envs/airflow_env/lib/python3.10/site-packages/airflow/example_dags/tutorial_taskflow_api_virtualenv.py took 0.118 seconds
[2025-06-25T20:48:13.466-0400] {processor.py:161} INFO - Started process (PID=66095) to work on /opt/anaconda3/envs/airflow_env/lib/python3.10/site-packages/airflow/example_dags/tutorial_taskflow_api_virtualenv.py
[2025-06-25T20:48:13.466-0400] {processor.py:830} INFO - Processing file /opt/anaconda3/envs/airflow_env/lib/python3.10/site-packages/airflow/example_dags/tutorial_taskflow_api_virtualenv.py for tasks to queue
[2025-06-25T20:48:13.466-0400] {logging_mixin.py:188} INFO - [2025-06-25T20:48:13.466-0400] {dagbag.py:545} INFO - Filling up the DagBag from /opt/anaconda3/envs/airflow_env/lib/python3.10/site-packages/airflow/example_dags/tutorial_taskflow_api_virtualenv.py
[2025-06-25T20:48:13.481-0400] {processor.py:840} INFO - DAG(s) 'tutorial_taskflow_api_virtualenv' retrieved from /opt/anaconda3/envs/airflow_env/lib/python3.10/site-packages/airflow/example_dags/tutorial_taskflow_api_virtualenv.py
[2025-06-25T20:48:13.485-0400] {logging_mixin.py:188} INFO - [2025-06-25T20:48:13.485-0400] {dag.py:3096} INFO - Sync 1 DAGs
[2025-06-25T20:48:13.513-0400] {logging_mixin.py:188} INFO - [2025-06-25T20:48:13.513-0400] {dag.py:3954} INFO - Setting next_dagrun for tutorial_taskflow_api_virtualenv to None, run_after=None
[2025-06-25T20:48:13.544-0400] {processor.py:183} INFO - Processing /opt/anaconda3/envs/airflow_env/lib/python3.10/site-packages/airflow/example_dags/tutorial_taskflow_api_virtualenv.py took 0.080 seconds
[2025-06-25T20:48:43.931-0400] {processor.py:161} INFO - Started process (PID=66162) to work on /opt/anaconda3/envs/airflow_env/lib/python3.10/site-packages/airflow/example_dags/tutorial_taskflow_api_virtualenv.py
[2025-06-25T20:48:43.931-0400] {processor.py:830} INFO - Processing file /opt/anaconda3/envs/airflow_env/lib/python3.10/site-packages/airflow/example_dags/tutorial_taskflow_api_virtualenv.py for tasks to queue
[2025-06-25T20:48:43.932-0400] {logging_mixin.py:188} INFO - [2025-06-25T20:48:43.932-0400] {dagbag.py:545} INFO - Filling up the DagBag from /opt/anaconda3/envs/airflow_env/lib/python3.10/site-packages/airflow/example_dags/tutorial_taskflow_api_virtualenv.py
[2025-06-25T20:48:43.948-0400] {processor.py:840} INFO - DAG(s) 'tutorial_taskflow_api_virtualenv' retrieved from /opt/anaconda3/envs/airflow_env/lib/python3.10/site-packages/airflow/example_dags/tutorial_taskflow_api_virtualenv.py
[2025-06-25T20:48:44.051-0400] {logging_mixin.py:188} INFO - [2025-06-25T20:48:44.051-0400] {dag.py:3096} INFO - Sync 1 DAGs
[2025-06-25T20:48:44.055-0400] {logging_mixin.py:188} INFO - [2025-06-25T20:48:44.055-0400] {dag.py:3954} INFO - Setting next_dagrun for tutorial_taskflow_api_virtualenv to None, run_after=None
[2025-06-25T20:48:44.064-0400] {processor.py:183} INFO - Processing /opt/anaconda3/envs/airflow_env/lib/python3.10/site-packages/airflow/example_dags/tutorial_taskflow_api_virtualenv.py took 0.135 seconds
[2025-06-25T20:49:01.917-0400] {processor.py:161} INFO - Started process (PID=66195) to work on /opt/anaconda3/envs/airflow_env/lib/python3.10/site-packages/airflow/example_dags/tutorial_taskflow_api_virtualenv.py
[2025-06-25T20:49:01.917-0400] {processor.py:830} INFO - Processing file /opt/anaconda3/envs/airflow_env/lib/python3.10/site-packages/airflow/example_dags/tutorial_taskflow_api_virtualenv.py for tasks to queue
[2025-06-25T20:49:01.918-0400] {logging_mixin.py:188} INFO - [2025-06-25T20:49:01.918-0400] {dagbag.py:545} INFO - Filling up the DagBag from /opt/anaconda3/envs/airflow_env/lib/python3.10/site-packages/airflow/example_dags/tutorial_taskflow_api_virtualenv.py
[2025-06-25T20:49:01.933-0400] {processor.py:840} INFO - DAG(s) 'tutorial_taskflow_api_virtualenv' retrieved from /opt/anaconda3/envs/airflow_env/lib/python3.10/site-packages/airflow/example_dags/tutorial_taskflow_api_virtualenv.py
[2025-06-25T20:49:01.937-0400] {logging_mixin.py:188} INFO - [2025-06-25T20:49:01.937-0400] {dag.py:3096} INFO - Sync 1 DAGs
[2025-06-25T20:49:01.969-0400] {logging_mixin.py:188} INFO - [2025-06-25T20:49:01.969-0400] {dag.py:3954} INFO - Setting next_dagrun for tutorial_taskflow_api_virtualenv to None, run_after=None
[2025-06-25T20:49:02.007-0400] {processor.py:183} INFO - Processing /opt/anaconda3/envs/airflow_env/lib/python3.10/site-packages/airflow/example_dags/tutorial_taskflow_api_virtualenv.py took 0.092 seconds
[2025-06-25T20:49:38.821-0400] {processor.py:161} INFO - Started process (PID=66285) to work on /opt/anaconda3/envs/airflow_env/lib/python3.10/site-packages/airflow/example_dags/tutorial_taskflow_api_virtualenv.py
[2025-06-25T20:49:38.822-0400] {processor.py:830} INFO - Processing file /opt/anaconda3/envs/airflow_env/lib/python3.10/site-packages/airflow/example_dags/tutorial_taskflow_api_virtualenv.py for tasks to queue
[2025-06-25T20:49:38.822-0400] {logging_mixin.py:188} INFO - [2025-06-25T20:49:38.822-0400] {dagbag.py:545} INFO - Filling up the DagBag from /opt/anaconda3/envs/airflow_env/lib/python3.10/site-packages/airflow/example_dags/tutorial_taskflow_api_virtualenv.py
[2025-06-25T20:49:38.840-0400] {processor.py:840} INFO - DAG(s) 'tutorial_taskflow_api_virtualenv' retrieved from /opt/anaconda3/envs/airflow_env/lib/python3.10/site-packages/airflow/example_dags/tutorial_taskflow_api_virtualenv.py
[2025-06-25T20:49:38.984-0400] {logging_mixin.py:188} INFO - [2025-06-25T20:49:38.984-0400] {dag.py:3096} INFO - Sync 1 DAGs
[2025-06-25T20:49:38.989-0400] {logging_mixin.py:188} INFO - [2025-06-25T20:49:38.989-0400] {dag.py:3954} INFO - Setting next_dagrun for tutorial_taskflow_api_virtualenv to None, run_after=None
[2025-06-25T20:49:39.004-0400] {processor.py:183} INFO - Processing /opt/anaconda3/envs/airflow_env/lib/python3.10/site-packages/airflow/example_dags/tutorial_taskflow_api_virtualenv.py took 0.186 seconds
[2025-06-25T20:50:07.843-0400] {processor.py:161} INFO - Started process (PID=66352) to work on /opt/anaconda3/envs/airflow_env/lib/python3.10/site-packages/airflow/example_dags/tutorial_taskflow_api_virtualenv.py
[2025-06-25T20:50:07.843-0400] {processor.py:830} INFO - Processing file /opt/anaconda3/envs/airflow_env/lib/python3.10/site-packages/airflow/example_dags/tutorial_taskflow_api_virtualenv.py for tasks to queue
[2025-06-25T20:50:07.843-0400] {logging_mixin.py:188} INFO - [2025-06-25T20:50:07.843-0400] {dagbag.py:545} INFO - Filling up the DagBag from /opt/anaconda3/envs/airflow_env/lib/python3.10/site-packages/airflow/example_dags/tutorial_taskflow_api_virtualenv.py
[2025-06-25T20:50:07.858-0400] {processor.py:840} INFO - DAG(s) 'tutorial_taskflow_api_virtualenv' retrieved from /opt/anaconda3/envs/airflow_env/lib/python3.10/site-packages/airflow/example_dags/tutorial_taskflow_api_virtualenv.py
[2025-06-25T20:50:07.863-0400] {logging_mixin.py:188} INFO - [2025-06-25T20:50:07.863-0400] {dag.py:3096} INFO - Sync 1 DAGs
[2025-06-25T20:50:07.892-0400] {logging_mixin.py:188} INFO - [2025-06-25T20:50:07.892-0400] {dag.py:3954} INFO - Setting next_dagrun for tutorial_taskflow_api_virtualenv to None, run_after=None
[2025-06-25T20:50:07.922-0400] {processor.py:183} INFO - Processing /opt/anaconda3/envs/airflow_env/lib/python3.10/site-packages/airflow/example_dags/tutorial_taskflow_api_virtualenv.py took 0.081 seconds
[2025-06-25T20:50:56.623-0400] {processor.py:161} INFO - Started process (PID=66452) to work on /opt/anaconda3/envs/airflow_env/lib/python3.10/site-packages/airflow/example_dags/tutorial_taskflow_api_virtualenv.py
[2025-06-25T20:50:56.624-0400] {processor.py:830} INFO - Processing file /opt/anaconda3/envs/airflow_env/lib/python3.10/site-packages/airflow/example_dags/tutorial_taskflow_api_virtualenv.py for tasks to queue
[2025-06-25T20:50:56.624-0400] {logging_mixin.py:188} INFO - [2025-06-25T20:50:56.624-0400] {dagbag.py:545} INFO - Filling up the DagBag from /opt/anaconda3/envs/airflow_env/lib/python3.10/site-packages/airflow/example_dags/tutorial_taskflow_api_virtualenv.py
[2025-06-25T20:50:56.639-0400] {processor.py:840} INFO - DAG(s) 'tutorial_taskflow_api_virtualenv' retrieved from /opt/anaconda3/envs/airflow_env/lib/python3.10/site-packages/airflow/example_dags/tutorial_taskflow_api_virtualenv.py
[2025-06-25T20:50:56.728-0400] {logging_mixin.py:188} INFO - [2025-06-25T20:50:56.727-0400] {dag.py:3096} INFO - Sync 1 DAGs
[2025-06-25T20:50:56.731-0400] {logging_mixin.py:188} INFO - [2025-06-25T20:50:56.731-0400] {dag.py:3954} INFO - Setting next_dagrun for tutorial_taskflow_api_virtualenv to None, run_after=None
[2025-06-25T20:50:56.739-0400] {processor.py:183} INFO - Processing /opt/anaconda3/envs/airflow_env/lib/python3.10/site-packages/airflow/example_dags/tutorial_taskflow_api_virtualenv.py took 0.118 seconds
[2025-06-25T20:51:16.536-0400] {processor.py:161} INFO - Started process (PID=66503) to work on /opt/anaconda3/envs/airflow_env/lib/python3.10/site-packages/airflow/example_dags/tutorial_taskflow_api_virtualenv.py
[2025-06-25T20:51:16.537-0400] {processor.py:830} INFO - Processing file /opt/anaconda3/envs/airflow_env/lib/python3.10/site-packages/airflow/example_dags/tutorial_taskflow_api_virtualenv.py for tasks to queue
[2025-06-25T20:51:16.537-0400] {logging_mixin.py:188} INFO - [2025-06-25T20:51:16.537-0400] {dagbag.py:545} INFO - Filling up the DagBag from /opt/anaconda3/envs/airflow_env/lib/python3.10/site-packages/airflow/example_dags/tutorial_taskflow_api_virtualenv.py
[2025-06-25T20:51:16.554-0400] {processor.py:840} INFO - DAG(s) 'tutorial_taskflow_api_virtualenv' retrieved from /opt/anaconda3/envs/airflow_env/lib/python3.10/site-packages/airflow/example_dags/tutorial_taskflow_api_virtualenv.py
[2025-06-25T20:51:16.559-0400] {logging_mixin.py:188} INFO - [2025-06-25T20:51:16.559-0400] {dag.py:3096} INFO - Sync 1 DAGs
[2025-06-25T20:51:16.590-0400] {logging_mixin.py:188} INFO - [2025-06-25T20:51:16.590-0400] {dag.py:3954} INFO - Setting next_dagrun for tutorial_taskflow_api_virtualenv to None, run_after=None
[2025-06-25T20:51:16.621-0400] {processor.py:183} INFO - Processing /opt/anaconda3/envs/airflow_env/lib/python3.10/site-packages/airflow/example_dags/tutorial_taskflow_api_virtualenv.py took 0.087 seconds
[2025-06-25T20:51:55.954-0400] {processor.py:161} INFO - Started process (PID=66585) to work on /opt/anaconda3/envs/airflow_env/lib/python3.10/site-packages/airflow/example_dags/tutorial_taskflow_api_virtualenv.py
[2025-06-25T20:51:55.955-0400] {processor.py:830} INFO - Processing file /opt/anaconda3/envs/airflow_env/lib/python3.10/site-packages/airflow/example_dags/tutorial_taskflow_api_virtualenv.py for tasks to queue
[2025-06-25T20:51:55.955-0400] {logging_mixin.py:188} INFO - [2025-06-25T20:51:55.955-0400] {dagbag.py:545} INFO - Filling up the DagBag from /opt/anaconda3/envs/airflow_env/lib/python3.10/site-packages/airflow/example_dags/tutorial_taskflow_api_virtualenv.py
[2025-06-25T20:51:55.969-0400] {processor.py:840} INFO - DAG(s) 'tutorial_taskflow_api_virtualenv' retrieved from /opt/anaconda3/envs/airflow_env/lib/python3.10/site-packages/airflow/example_dags/tutorial_taskflow_api_virtualenv.py
[2025-06-25T20:51:56.058-0400] {logging_mixin.py:188} INFO - [2025-06-25T20:51:56.058-0400] {dag.py:3096} INFO - Sync 1 DAGs
[2025-06-25T20:51:56.062-0400] {logging_mixin.py:188} INFO - [2025-06-25T20:51:56.061-0400] {dag.py:3954} INFO - Setting next_dagrun for tutorial_taskflow_api_virtualenv to None, run_after=None
[2025-06-25T20:51:56.069-0400] {processor.py:183} INFO - Processing /opt/anaconda3/envs/airflow_env/lib/python3.10/site-packages/airflow/example_dags/tutorial_taskflow_api_virtualenv.py took 0.117 seconds
[2025-06-25T20:52:08.701-0400] {processor.py:161} INFO - Started process (PID=66615) to work on /opt/anaconda3/envs/airflow_env/lib/python3.10/site-packages/airflow/example_dags/tutorial_taskflow_api_virtualenv.py
[2025-06-25T20:52:08.702-0400] {processor.py:830} INFO - Processing file /opt/anaconda3/envs/airflow_env/lib/python3.10/site-packages/airflow/example_dags/tutorial_taskflow_api_virtualenv.py for tasks to queue
[2025-06-25T20:52:08.702-0400] {logging_mixin.py:188} INFO - [2025-06-25T20:52:08.702-0400] {dagbag.py:545} INFO - Filling up the DagBag from /opt/anaconda3/envs/airflow_env/lib/python3.10/site-packages/airflow/example_dags/tutorial_taskflow_api_virtualenv.py
[2025-06-25T20:52:08.719-0400] {processor.py:840} INFO - DAG(s) 'tutorial_taskflow_api_virtualenv' retrieved from /opt/anaconda3/envs/airflow_env/lib/python3.10/site-packages/airflow/example_dags/tutorial_taskflow_api_virtualenv.py
[2025-06-25T20:52:08.723-0400] {logging_mixin.py:188} INFO - [2025-06-25T20:52:08.723-0400] {dag.py:3096} INFO - Sync 1 DAGs
[2025-06-25T20:52:08.761-0400] {logging_mixin.py:188} INFO - [2025-06-25T20:52:08.761-0400] {dag.py:3954} INFO - Setting next_dagrun for tutorial_taskflow_api_virtualenv to None, run_after=None
[2025-06-25T20:52:08.803-0400] {processor.py:183} INFO - Processing /opt/anaconda3/envs/airflow_env/lib/python3.10/site-packages/airflow/example_dags/tutorial_taskflow_api_virtualenv.py took 0.104 seconds
[2025-06-25T20:53:04.515-0400] {processor.py:161} INFO - Started process (PID=66728) to work on /opt/anaconda3/envs/airflow_env/lib/python3.10/site-packages/airflow/example_dags/tutorial_taskflow_api_virtualenv.py
[2025-06-25T20:53:04.516-0400] {processor.py:830} INFO - Processing file /opt/anaconda3/envs/airflow_env/lib/python3.10/site-packages/airflow/example_dags/tutorial_taskflow_api_virtualenv.py for tasks to queue
[2025-06-25T20:53:04.516-0400] {logging_mixin.py:188} INFO - [2025-06-25T20:53:04.516-0400] {dagbag.py:545} INFO - Filling up the DagBag from /opt/anaconda3/envs/airflow_env/lib/python3.10/site-packages/airflow/example_dags/tutorial_taskflow_api_virtualenv.py
[2025-06-25T20:53:04.531-0400] {processor.py:840} INFO - DAG(s) 'tutorial_taskflow_api_virtualenv' retrieved from /opt/anaconda3/envs/airflow_env/lib/python3.10/site-packages/airflow/example_dags/tutorial_taskflow_api_virtualenv.py
[2025-06-25T20:53:04.637-0400] {logging_mixin.py:188} INFO - [2025-06-25T20:53:04.637-0400] {dag.py:3096} INFO - Sync 1 DAGs
[2025-06-25T20:53:04.641-0400] {logging_mixin.py:188} INFO - [2025-06-25T20:53:04.641-0400] {dag.py:3954} INFO - Setting next_dagrun for tutorial_taskflow_api_virtualenv to None, run_after=None
[2025-06-25T20:53:04.650-0400] {processor.py:183} INFO - Processing /opt/anaconda3/envs/airflow_env/lib/python3.10/site-packages/airflow/example_dags/tutorial_taskflow_api_virtualenv.py took 0.136 seconds
[2025-06-25T20:53:28.978-0400] {processor.py:161} INFO - Started process (PID=66780) to work on /opt/anaconda3/envs/airflow_env/lib/python3.10/site-packages/airflow/example_dags/tutorial_taskflow_api_virtualenv.py
[2025-06-25T20:53:28.979-0400] {processor.py:830} INFO - Processing file /opt/anaconda3/envs/airflow_env/lib/python3.10/site-packages/airflow/example_dags/tutorial_taskflow_api_virtualenv.py for tasks to queue
[2025-06-25T20:53:28.979-0400] {logging_mixin.py:188} INFO - [2025-06-25T20:53:28.979-0400] {dagbag.py:545} INFO - Filling up the DagBag from /opt/anaconda3/envs/airflow_env/lib/python3.10/site-packages/airflow/example_dags/tutorial_taskflow_api_virtualenv.py
[2025-06-25T20:53:28.995-0400] {processor.py:840} INFO - DAG(s) 'tutorial_taskflow_api_virtualenv' retrieved from /opt/anaconda3/envs/airflow_env/lib/python3.10/site-packages/airflow/example_dags/tutorial_taskflow_api_virtualenv.py
[2025-06-25T20:53:28.999-0400] {logging_mixin.py:188} INFO - [2025-06-25T20:53:28.999-0400] {dag.py:3096} INFO - Sync 1 DAGs
[2025-06-25T20:53:29.029-0400] {logging_mixin.py:188} INFO - [2025-06-25T20:53:29.029-0400] {dag.py:3954} INFO - Setting next_dagrun for tutorial_taskflow_api_virtualenv to None, run_after=None
[2025-06-25T20:53:29.061-0400] {processor.py:183} INFO - Processing /opt/anaconda3/envs/airflow_env/lib/python3.10/site-packages/airflow/example_dags/tutorial_taskflow_api_virtualenv.py took 0.085 seconds
[2025-06-25T20:54:14.827-0400] {processor.py:161} INFO - Started process (PID=66896) to work on /opt/anaconda3/envs/airflow_env/lib/python3.10/site-packages/airflow/example_dags/tutorial_taskflow_api_virtualenv.py
[2025-06-25T20:54:14.827-0400] {processor.py:830} INFO - Processing file /opt/anaconda3/envs/airflow_env/lib/python3.10/site-packages/airflow/example_dags/tutorial_taskflow_api_virtualenv.py for tasks to queue
[2025-06-25T20:54:14.828-0400] {logging_mixin.py:188} INFO - [2025-06-25T20:54:14.828-0400] {dagbag.py:545} INFO - Filling up the DagBag from /opt/anaconda3/envs/airflow_env/lib/python3.10/site-packages/airflow/example_dags/tutorial_taskflow_api_virtualenv.py
[2025-06-25T20:54:14.844-0400] {processor.py:840} INFO - DAG(s) 'tutorial_taskflow_api_virtualenv' retrieved from /opt/anaconda3/envs/airflow_env/lib/python3.10/site-packages/airflow/example_dags/tutorial_taskflow_api_virtualenv.py
[2025-06-25T20:54:14.934-0400] {logging_mixin.py:188} INFO - [2025-06-25T20:54:14.934-0400] {dag.py:3096} INFO - Sync 1 DAGs
[2025-06-25T20:54:14.938-0400] {logging_mixin.py:188} INFO - [2025-06-25T20:54:14.938-0400] {dag.py:3954} INFO - Setting next_dagrun for tutorial_taskflow_api_virtualenv to None, run_after=None
[2025-06-25T20:54:14.945-0400] {processor.py:183} INFO - Processing /opt/anaconda3/envs/airflow_env/lib/python3.10/site-packages/airflow/example_dags/tutorial_taskflow_api_virtualenv.py took 0.121 seconds
[2025-06-25T20:54:50.892-0400] {processor.py:161} INFO - Started process (PID=66971) to work on /opt/anaconda3/envs/airflow_env/lib/python3.10/site-packages/airflow/example_dags/tutorial_taskflow_api_virtualenv.py
[2025-06-25T20:54:50.892-0400] {processor.py:830} INFO - Processing file /opt/anaconda3/envs/airflow_env/lib/python3.10/site-packages/airflow/example_dags/tutorial_taskflow_api_virtualenv.py for tasks to queue
[2025-06-25T20:54:50.893-0400] {logging_mixin.py:188} INFO - [2025-06-25T20:54:50.892-0400] {dagbag.py:545} INFO - Filling up the DagBag from /opt/anaconda3/envs/airflow_env/lib/python3.10/site-packages/airflow/example_dags/tutorial_taskflow_api_virtualenv.py
[2025-06-25T20:54:50.906-0400] {processor.py:840} INFO - DAG(s) 'tutorial_taskflow_api_virtualenv' retrieved from /opt/anaconda3/envs/airflow_env/lib/python3.10/site-packages/airflow/example_dags/tutorial_taskflow_api_virtualenv.py
[2025-06-25T20:54:50.984-0400] {logging_mixin.py:188} INFO - [2025-06-25T20:54:50.984-0400] {dag.py:3096} INFO - Sync 1 DAGs
[2025-06-25T20:54:50.987-0400] {logging_mixin.py:188} INFO - [2025-06-25T20:54:50.987-0400] {dag.py:3954} INFO - Setting next_dagrun for tutorial_taskflow_api_virtualenv to None, run_after=None
[2025-06-25T20:54:50.994-0400] {processor.py:183} INFO - Processing /opt/anaconda3/envs/airflow_env/lib/python3.10/site-packages/airflow/example_dags/tutorial_taskflow_api_virtualenv.py took 0.104 seconds
[2025-06-25T20:55:19.288-0400] {processor.py:161} INFO - Started process (PID=67057) to work on /opt/anaconda3/envs/airflow_env/lib/python3.10/site-packages/airflow/example_dags/tutorial_taskflow_api_virtualenv.py
[2025-06-25T20:55:19.289-0400] {processor.py:830} INFO - Processing file /opt/anaconda3/envs/airflow_env/lib/python3.10/site-packages/airflow/example_dags/tutorial_taskflow_api_virtualenv.py for tasks to queue
[2025-06-25T20:55:19.289-0400] {logging_mixin.py:188} INFO - [2025-06-25T20:55:19.289-0400] {dagbag.py:545} INFO - Filling up the DagBag from /opt/anaconda3/envs/airflow_env/lib/python3.10/site-packages/airflow/example_dags/tutorial_taskflow_api_virtualenv.py
[2025-06-25T20:55:19.304-0400] {processor.py:840} INFO - DAG(s) 'tutorial_taskflow_api_virtualenv' retrieved from /opt/anaconda3/envs/airflow_env/lib/python3.10/site-packages/airflow/example_dags/tutorial_taskflow_api_virtualenv.py
[2025-06-25T20:55:19.308-0400] {logging_mixin.py:188} INFO - [2025-06-25T20:55:19.308-0400] {dag.py:3096} INFO - Sync 1 DAGs
[2025-06-25T20:55:19.337-0400] {logging_mixin.py:188} INFO - [2025-06-25T20:55:19.337-0400] {dag.py:3954} INFO - Setting next_dagrun for tutorial_taskflow_api_virtualenv to None, run_after=None
[2025-06-25T20:55:19.371-0400] {processor.py:183} INFO - Processing /opt/anaconda3/envs/airflow_env/lib/python3.10/site-packages/airflow/example_dags/tutorial_taskflow_api_virtualenv.py took 0.085 seconds
[2025-06-25T20:55:48.978-0400] {processor.py:161} INFO - Started process (PID=67112) to work on /opt/anaconda3/envs/airflow_env/lib/python3.10/site-packages/airflow/example_dags/tutorial_taskflow_api_virtualenv.py
[2025-06-25T20:55:48.979-0400] {processor.py:830} INFO - Processing file /opt/anaconda3/envs/airflow_env/lib/python3.10/site-packages/airflow/example_dags/tutorial_taskflow_api_virtualenv.py for tasks to queue
[2025-06-25T20:55:48.979-0400] {logging_mixin.py:188} INFO - [2025-06-25T20:55:48.979-0400] {dagbag.py:545} INFO - Filling up the DagBag from /opt/anaconda3/envs/airflow_env/lib/python3.10/site-packages/airflow/example_dags/tutorial_taskflow_api_virtualenv.py
[2025-06-25T20:55:48.995-0400] {processor.py:840} INFO - DAG(s) 'tutorial_taskflow_api_virtualenv' retrieved from /opt/anaconda3/envs/airflow_env/lib/python3.10/site-packages/airflow/example_dags/tutorial_taskflow_api_virtualenv.py
[2025-06-25T20:55:49.087-0400] {logging_mixin.py:188} INFO - [2025-06-25T20:55:49.087-0400] {dag.py:3096} INFO - Sync 1 DAGs
[2025-06-25T20:55:49.090-0400] {logging_mixin.py:188} INFO - [2025-06-25T20:55:49.090-0400] {dag.py:3954} INFO - Setting next_dagrun for tutorial_taskflow_api_virtualenv to None, run_after=None
[2025-06-25T20:55:49.099-0400] {processor.py:183} INFO - Processing /opt/anaconda3/envs/airflow_env/lib/python3.10/site-packages/airflow/example_dags/tutorial_taskflow_api_virtualenv.py took 0.123 seconds
[2025-06-25T20:56:08.589-0400] {processor.py:161} INFO - Started process (PID=67138) to work on /opt/anaconda3/envs/airflow_env/lib/python3.10/site-packages/airflow/example_dags/tutorial_taskflow_api_virtualenv.py
[2025-06-25T20:56:08.590-0400] {processor.py:830} INFO - Processing file /opt/anaconda3/envs/airflow_env/lib/python3.10/site-packages/airflow/example_dags/tutorial_taskflow_api_virtualenv.py for tasks to queue
[2025-06-25T20:56:08.590-0400] {logging_mixin.py:188} INFO - [2025-06-25T20:56:08.590-0400] {dagbag.py:545} INFO - Filling up the DagBag from /opt/anaconda3/envs/airflow_env/lib/python3.10/site-packages/airflow/example_dags/tutorial_taskflow_api_virtualenv.py
[2025-06-25T20:56:08.603-0400] {processor.py:840} INFO - DAG(s) 'tutorial_taskflow_api_virtualenv' retrieved from /opt/anaconda3/envs/airflow_env/lib/python3.10/site-packages/airflow/example_dags/tutorial_taskflow_api_virtualenv.py
[2025-06-25T20:56:08.607-0400] {logging_mixin.py:188} INFO - [2025-06-25T20:56:08.607-0400] {dag.py:3096} INFO - Sync 1 DAGs
[2025-06-25T20:56:08.634-0400] {logging_mixin.py:188} INFO - [2025-06-25T20:56:08.634-0400] {dag.py:3954} INFO - Setting next_dagrun for tutorial_taskflow_api_virtualenv to None, run_after=None
[2025-06-25T20:56:08.660-0400] {processor.py:183} INFO - Processing /opt/anaconda3/envs/airflow_env/lib/python3.10/site-packages/airflow/example_dags/tutorial_taskflow_api_virtualenv.py took 0.072 seconds
[2025-06-25T20:56:38.671-0400] {processor.py:161} INFO - Started process (PID=67186) to work on /opt/anaconda3/envs/airflow_env/lib/python3.10/site-packages/airflow/example_dags/tutorial_taskflow_api_virtualenv.py
[2025-06-25T20:56:38.671-0400] {processor.py:830} INFO - Processing file /opt/anaconda3/envs/airflow_env/lib/python3.10/site-packages/airflow/example_dags/tutorial_taskflow_api_virtualenv.py for tasks to queue
[2025-06-25T20:56:38.671-0400] {logging_mixin.py:188} INFO - [2025-06-25T20:56:38.671-0400] {dagbag.py:545} INFO - Filling up the DagBag from /opt/anaconda3/envs/airflow_env/lib/python3.10/site-packages/airflow/example_dags/tutorial_taskflow_api_virtualenv.py
[2025-06-25T20:56:38.688-0400] {processor.py:840} INFO - DAG(s) 'tutorial_taskflow_api_virtualenv' retrieved from /opt/anaconda3/envs/airflow_env/lib/python3.10/site-packages/airflow/example_dags/tutorial_taskflow_api_virtualenv.py
[2025-06-25T20:56:38.779-0400] {logging_mixin.py:188} INFO - [2025-06-25T20:56:38.778-0400] {dag.py:3096} INFO - Sync 1 DAGs
[2025-06-25T20:56:38.781-0400] {logging_mixin.py:188} INFO - [2025-06-25T20:56:38.781-0400] {dag.py:3954} INFO - Setting next_dagrun for tutorial_taskflow_api_virtualenv to None, run_after=None
[2025-06-25T20:56:38.788-0400] {processor.py:183} INFO - Processing /opt/anaconda3/envs/airflow_env/lib/python3.10/site-packages/airflow/example_dags/tutorial_taskflow_api_virtualenv.py took 0.120 seconds
[2025-06-25T20:56:55.274-0400] {processor.py:161} INFO - Started process (PID=67217) to work on /opt/anaconda3/envs/airflow_env/lib/python3.10/site-packages/airflow/example_dags/tutorial_taskflow_api_virtualenv.py
[2025-06-25T20:56:55.274-0400] {processor.py:830} INFO - Processing file /opt/anaconda3/envs/airflow_env/lib/python3.10/site-packages/airflow/example_dags/tutorial_taskflow_api_virtualenv.py for tasks to queue
[2025-06-25T20:56:55.274-0400] {logging_mixin.py:188} INFO - [2025-06-25T20:56:55.274-0400] {dagbag.py:545} INFO - Filling up the DagBag from /opt/anaconda3/envs/airflow_env/lib/python3.10/site-packages/airflow/example_dags/tutorial_taskflow_api_virtualenv.py
[2025-06-25T20:56:55.288-0400] {processor.py:840} INFO - DAG(s) 'tutorial_taskflow_api_virtualenv' retrieved from /opt/anaconda3/envs/airflow_env/lib/python3.10/site-packages/airflow/example_dags/tutorial_taskflow_api_virtualenv.py
[2025-06-25T20:56:55.293-0400] {logging_mixin.py:188} INFO - [2025-06-25T20:56:55.292-0400] {dag.py:3096} INFO - Sync 1 DAGs
[2025-06-25T20:56:55.320-0400] {logging_mixin.py:188} INFO - [2025-06-25T20:56:55.320-0400] {dag.py:3954} INFO - Setting next_dagrun for tutorial_taskflow_api_virtualenv to None, run_after=None
[2025-06-25T20:56:55.348-0400] {processor.py:183} INFO - Processing /opt/anaconda3/envs/airflow_env/lib/python3.10/site-packages/airflow/example_dags/tutorial_taskflow_api_virtualenv.py took 0.076 seconds
[2025-06-25T20:57:25.557-0400] {processor.py:161} INFO - Started process (PID=67270) to work on /opt/anaconda3/envs/airflow_env/lib/python3.10/site-packages/airflow/example_dags/tutorial_taskflow_api_virtualenv.py
[2025-06-25T20:57:25.558-0400] {processor.py:830} INFO - Processing file /opt/anaconda3/envs/airflow_env/lib/python3.10/site-packages/airflow/example_dags/tutorial_taskflow_api_virtualenv.py for tasks to queue
[2025-06-25T20:57:25.559-0400] {logging_mixin.py:188} INFO - [2025-06-25T20:57:25.559-0400] {dagbag.py:545} INFO - Filling up the DagBag from /opt/anaconda3/envs/airflow_env/lib/python3.10/site-packages/airflow/example_dags/tutorial_taskflow_api_virtualenv.py
[2025-06-25T20:57:25.574-0400] {processor.py:840} INFO - DAG(s) 'tutorial_taskflow_api_virtualenv' retrieved from /opt/anaconda3/envs/airflow_env/lib/python3.10/site-packages/airflow/example_dags/tutorial_taskflow_api_virtualenv.py
[2025-06-25T20:57:25.673-0400] {logging_mixin.py:188} INFO - [2025-06-25T20:57:25.673-0400] {dag.py:3096} INFO - Sync 1 DAGs
[2025-06-25T20:57:25.676-0400] {logging_mixin.py:188} INFO - [2025-06-25T20:57:25.676-0400] {dag.py:3954} INFO - Setting next_dagrun for tutorial_taskflow_api_virtualenv to None, run_after=None
[2025-06-25T20:57:25.684-0400] {processor.py:183} INFO - Processing /opt/anaconda3/envs/airflow_env/lib/python3.10/site-packages/airflow/example_dags/tutorial_taskflow_api_virtualenv.py took 0.128 seconds
[2025-06-25T20:57:42.625-0400] {processor.py:161} INFO - Started process (PID=67310) to work on /opt/anaconda3/envs/airflow_env/lib/python3.10/site-packages/airflow/example_dags/tutorial_taskflow_api_virtualenv.py
[2025-06-25T20:57:42.626-0400] {processor.py:830} INFO - Processing file /opt/anaconda3/envs/airflow_env/lib/python3.10/site-packages/airflow/example_dags/tutorial_taskflow_api_virtualenv.py for tasks to queue
[2025-06-25T20:57:42.626-0400] {logging_mixin.py:188} INFO - [2025-06-25T20:57:42.626-0400] {dagbag.py:545} INFO - Filling up the DagBag from /opt/anaconda3/envs/airflow_env/lib/python3.10/site-packages/airflow/example_dags/tutorial_taskflow_api_virtualenv.py
[2025-06-25T20:57:42.651-0400] {processor.py:840} INFO - DAG(s) 'tutorial_taskflow_api_virtualenv' retrieved from /opt/anaconda3/envs/airflow_env/lib/python3.10/site-packages/airflow/example_dags/tutorial_taskflow_api_virtualenv.py
[2025-06-25T20:57:42.656-0400] {logging_mixin.py:188} INFO - [2025-06-25T20:57:42.656-0400] {dag.py:3096} INFO - Sync 1 DAGs
[2025-06-25T20:57:42.691-0400] {logging_mixin.py:188} INFO - [2025-06-25T20:57:42.691-0400] {dag.py:3954} INFO - Setting next_dagrun for tutorial_taskflow_api_virtualenv to None, run_after=None
[2025-06-25T20:57:42.726-0400] {processor.py:183} INFO - Processing /opt/anaconda3/envs/airflow_env/lib/python3.10/site-packages/airflow/example_dags/tutorial_taskflow_api_virtualenv.py took 0.104 seconds
[2025-06-25T20:58:13.065-0400] {processor.py:161} INFO - Started process (PID=67375) to work on /opt/anaconda3/envs/airflow_env/lib/python3.10/site-packages/airflow/example_dags/tutorial_taskflow_api_virtualenv.py
[2025-06-25T20:58:13.066-0400] {processor.py:830} INFO - Processing file /opt/anaconda3/envs/airflow_env/lib/python3.10/site-packages/airflow/example_dags/tutorial_taskflow_api_virtualenv.py for tasks to queue
[2025-06-25T20:58:13.066-0400] {logging_mixin.py:188} INFO - [2025-06-25T20:58:13.066-0400] {dagbag.py:545} INFO - Filling up the DagBag from /opt/anaconda3/envs/airflow_env/lib/python3.10/site-packages/airflow/example_dags/tutorial_taskflow_api_virtualenv.py
[2025-06-25T20:58:13.080-0400] {processor.py:840} INFO - DAG(s) 'tutorial_taskflow_api_virtualenv' retrieved from /opt/anaconda3/envs/airflow_env/lib/python3.10/site-packages/airflow/example_dags/tutorial_taskflow_api_virtualenv.py
[2025-06-25T20:58:13.161-0400] {logging_mixin.py:188} INFO - [2025-06-25T20:58:13.161-0400] {dag.py:3096} INFO - Sync 1 DAGs
[2025-06-25T20:58:13.164-0400] {logging_mixin.py:188} INFO - [2025-06-25T20:58:13.164-0400] {dag.py:3954} INFO - Setting next_dagrun for tutorial_taskflow_api_virtualenv to None, run_after=None
[2025-06-25T20:58:13.172-0400] {processor.py:183} INFO - Processing /opt/anaconda3/envs/airflow_env/lib/python3.10/site-packages/airflow/example_dags/tutorial_taskflow_api_virtualenv.py took 0.108 seconds
[2025-06-25T20:58:30.575-0400] {processor.py:161} INFO - Started process (PID=67402) to work on /opt/anaconda3/envs/airflow_env/lib/python3.10/site-packages/airflow/example_dags/tutorial_taskflow_api_virtualenv.py
[2025-06-25T20:58:30.576-0400] {processor.py:830} INFO - Processing file /opt/anaconda3/envs/airflow_env/lib/python3.10/site-packages/airflow/example_dags/tutorial_taskflow_api_virtualenv.py for tasks to queue
[2025-06-25T20:58:30.576-0400] {logging_mixin.py:188} INFO - [2025-06-25T20:58:30.576-0400] {dagbag.py:545} INFO - Filling up the DagBag from /opt/anaconda3/envs/airflow_env/lib/python3.10/site-packages/airflow/example_dags/tutorial_taskflow_api_virtualenv.py
[2025-06-25T20:58:30.590-0400] {processor.py:840} INFO - DAG(s) 'tutorial_taskflow_api_virtualenv' retrieved from /opt/anaconda3/envs/airflow_env/lib/python3.10/site-packages/airflow/example_dags/tutorial_taskflow_api_virtualenv.py
[2025-06-25T20:58:30.594-0400] {logging_mixin.py:188} INFO - [2025-06-25T20:58:30.594-0400] {dag.py:3096} INFO - Sync 1 DAGs
[2025-06-25T20:58:30.622-0400] {logging_mixin.py:188} INFO - [2025-06-25T20:58:30.622-0400] {dag.py:3954} INFO - Setting next_dagrun for tutorial_taskflow_api_virtualenv to None, run_after=None
[2025-06-25T20:58:30.652-0400] {processor.py:183} INFO - Processing /opt/anaconda3/envs/airflow_env/lib/python3.10/site-packages/airflow/example_dags/tutorial_taskflow_api_virtualenv.py took 0.079 seconds
[2025-06-25T20:59:01.808-0400] {processor.py:161} INFO - Started process (PID=67457) to work on /opt/anaconda3/envs/airflow_env/lib/python3.10/site-packages/airflow/example_dags/tutorial_taskflow_api_virtualenv.py
[2025-06-25T20:59:01.809-0400] {processor.py:830} INFO - Processing file /opt/anaconda3/envs/airflow_env/lib/python3.10/site-packages/airflow/example_dags/tutorial_taskflow_api_virtualenv.py for tasks to queue
[2025-06-25T20:59:01.809-0400] {logging_mixin.py:188} INFO - [2025-06-25T20:59:01.809-0400] {dagbag.py:545} INFO - Filling up the DagBag from /opt/anaconda3/envs/airflow_env/lib/python3.10/site-packages/airflow/example_dags/tutorial_taskflow_api_virtualenv.py
[2025-06-25T20:59:01.822-0400] {processor.py:840} INFO - DAG(s) 'tutorial_taskflow_api_virtualenv' retrieved from /opt/anaconda3/envs/airflow_env/lib/python3.10/site-packages/airflow/example_dags/tutorial_taskflow_api_virtualenv.py
[2025-06-25T20:59:01.901-0400] {logging_mixin.py:188} INFO - [2025-06-25T20:59:01.901-0400] {dag.py:3096} INFO - Sync 1 DAGs
[2025-06-25T20:59:01.904-0400] {logging_mixin.py:188} INFO - [2025-06-25T20:59:01.904-0400] {dag.py:3954} INFO - Setting next_dagrun for tutorial_taskflow_api_virtualenv to None, run_after=None
[2025-06-25T20:59:01.911-0400] {processor.py:183} INFO - Processing /opt/anaconda3/envs/airflow_env/lib/python3.10/site-packages/airflow/example_dags/tutorial_taskflow_api_virtualenv.py took 0.105 seconds
[2025-06-25T20:59:20.385-0400] {processor.py:161} INFO - Started process (PID=67493) to work on /opt/anaconda3/envs/airflow_env/lib/python3.10/site-packages/airflow/example_dags/tutorial_taskflow_api_virtualenv.py
[2025-06-25T20:59:20.386-0400] {processor.py:830} INFO - Processing file /opt/anaconda3/envs/airflow_env/lib/python3.10/site-packages/airflow/example_dags/tutorial_taskflow_api_virtualenv.py for tasks to queue
[2025-06-25T20:59:20.386-0400] {logging_mixin.py:188} INFO - [2025-06-25T20:59:20.386-0400] {dagbag.py:545} INFO - Filling up the DagBag from /opt/anaconda3/envs/airflow_env/lib/python3.10/site-packages/airflow/example_dags/tutorial_taskflow_api_virtualenv.py
[2025-06-25T20:59:20.401-0400] {processor.py:840} INFO - DAG(s) 'tutorial_taskflow_api_virtualenv' retrieved from /opt/anaconda3/envs/airflow_env/lib/python3.10/site-packages/airflow/example_dags/tutorial_taskflow_api_virtualenv.py
[2025-06-25T20:59:20.405-0400] {logging_mixin.py:188} INFO - [2025-06-25T20:59:20.405-0400] {dag.py:3096} INFO - Sync 1 DAGs
[2025-06-25T20:59:20.433-0400] {logging_mixin.py:188} INFO - [2025-06-25T20:59:20.433-0400] {dag.py:3954} INFO - Setting next_dagrun for tutorial_taskflow_api_virtualenv to None, run_after=None
[2025-06-25T20:59:20.461-0400] {processor.py:183} INFO - Processing /opt/anaconda3/envs/airflow_env/lib/python3.10/site-packages/airflow/example_dags/tutorial_taskflow_api_virtualenv.py took 0.078 seconds
[2025-06-25T20:59:51.092-0400] {processor.py:161} INFO - Started process (PID=67562) to work on /opt/anaconda3/envs/airflow_env/lib/python3.10/site-packages/airflow/example_dags/tutorial_taskflow_api_virtualenv.py
[2025-06-25T20:59:51.092-0400] {processor.py:830} INFO - Processing file /opt/anaconda3/envs/airflow_env/lib/python3.10/site-packages/airflow/example_dags/tutorial_taskflow_api_virtualenv.py for tasks to queue
[2025-06-25T20:59:51.093-0400] {logging_mixin.py:188} INFO - [2025-06-25T20:59:51.092-0400] {dagbag.py:545} INFO - Filling up the DagBag from /opt/anaconda3/envs/airflow_env/lib/python3.10/site-packages/airflow/example_dags/tutorial_taskflow_api_virtualenv.py
[2025-06-25T20:59:51.107-0400] {processor.py:840} INFO - DAG(s) 'tutorial_taskflow_api_virtualenv' retrieved from /opt/anaconda3/envs/airflow_env/lib/python3.10/site-packages/airflow/example_dags/tutorial_taskflow_api_virtualenv.py
[2025-06-25T20:59:51.189-0400] {logging_mixin.py:188} INFO - [2025-06-25T20:59:51.188-0400] {dag.py:3096} INFO - Sync 1 DAGs
[2025-06-25T20:59:51.192-0400] {logging_mixin.py:188} INFO - [2025-06-25T20:59:51.191-0400] {dag.py:3954} INFO - Setting next_dagrun for tutorial_taskflow_api_virtualenv to None, run_after=None
[2025-06-25T20:59:51.199-0400] {processor.py:183} INFO - Processing /opt/anaconda3/envs/airflow_env/lib/python3.10/site-packages/airflow/example_dags/tutorial_taskflow_api_virtualenv.py took 0.109 seconds
[2025-06-25T21:00:11.640-0400] {processor.py:161} INFO - Started process (PID=67595) to work on /opt/anaconda3/envs/airflow_env/lib/python3.10/site-packages/airflow/example_dags/tutorial_taskflow_api_virtualenv.py
[2025-06-25T21:00:11.641-0400] {processor.py:830} INFO - Processing file /opt/anaconda3/envs/airflow_env/lib/python3.10/site-packages/airflow/example_dags/tutorial_taskflow_api_virtualenv.py for tasks to queue
[2025-06-25T21:00:11.641-0400] {logging_mixin.py:188} INFO - [2025-06-25T21:00:11.641-0400] {dagbag.py:545} INFO - Filling up the DagBag from /opt/anaconda3/envs/airflow_env/lib/python3.10/site-packages/airflow/example_dags/tutorial_taskflow_api_virtualenv.py
[2025-06-25T21:00:11.656-0400] {processor.py:840} INFO - DAG(s) 'tutorial_taskflow_api_virtualenv' retrieved from /opt/anaconda3/envs/airflow_env/lib/python3.10/site-packages/airflow/example_dags/tutorial_taskflow_api_virtualenv.py
[2025-06-25T21:00:11.660-0400] {logging_mixin.py:188} INFO - [2025-06-25T21:00:11.659-0400] {dag.py:3096} INFO - Sync 1 DAGs
[2025-06-25T21:00:11.687-0400] {logging_mixin.py:188} INFO - [2025-06-25T21:00:11.687-0400] {dag.py:3954} INFO - Setting next_dagrun for tutorial_taskflow_api_virtualenv to None, run_after=None
[2025-06-25T21:00:11.713-0400] {processor.py:183} INFO - Processing /opt/anaconda3/envs/airflow_env/lib/python3.10/site-packages/airflow/example_dags/tutorial_taskflow_api_virtualenv.py took 0.075 seconds
[2025-06-25T21:00:38.541-0400] {processor.py:161} INFO - Started process (PID=67645) to work on /opt/anaconda3/envs/airflow_env/lib/python3.10/site-packages/airflow/example_dags/tutorial_taskflow_api_virtualenv.py
[2025-06-25T21:00:38.542-0400] {processor.py:830} INFO - Processing file /opt/anaconda3/envs/airflow_env/lib/python3.10/site-packages/airflow/example_dags/tutorial_taskflow_api_virtualenv.py for tasks to queue
[2025-06-25T21:00:38.542-0400] {logging_mixin.py:188} INFO - [2025-06-25T21:00:38.542-0400] {dagbag.py:545} INFO - Filling up the DagBag from /opt/anaconda3/envs/airflow_env/lib/python3.10/site-packages/airflow/example_dags/tutorial_taskflow_api_virtualenv.py
[2025-06-25T21:00:38.556-0400] {processor.py:840} INFO - DAG(s) 'tutorial_taskflow_api_virtualenv' retrieved from /opt/anaconda3/envs/airflow_env/lib/python3.10/site-packages/airflow/example_dags/tutorial_taskflow_api_virtualenv.py
[2025-06-25T21:00:38.633-0400] {logging_mixin.py:188} INFO - [2025-06-25T21:00:38.633-0400] {dag.py:3096} INFO - Sync 1 DAGs
[2025-06-25T21:00:38.636-0400] {logging_mixin.py:188} INFO - [2025-06-25T21:00:38.636-0400] {dag.py:3954} INFO - Setting next_dagrun for tutorial_taskflow_api_virtualenv to None, run_after=None
[2025-06-25T21:00:38.643-0400] {processor.py:183} INFO - Processing /opt/anaconda3/envs/airflow_env/lib/python3.10/site-packages/airflow/example_dags/tutorial_taskflow_api_virtualenv.py took 0.104 seconds
[2025-06-25T21:00:59.570-0400] {processor.py:161} INFO - Started process (PID=67675) to work on /opt/anaconda3/envs/airflow_env/lib/python3.10/site-packages/airflow/example_dags/tutorial_taskflow_api_virtualenv.py
[2025-06-25T21:00:59.570-0400] {processor.py:830} INFO - Processing file /opt/anaconda3/envs/airflow_env/lib/python3.10/site-packages/airflow/example_dags/tutorial_taskflow_api_virtualenv.py for tasks to queue
[2025-06-25T21:00:59.570-0400] {logging_mixin.py:188} INFO - [2025-06-25T21:00:59.570-0400] {dagbag.py:545} INFO - Filling up the DagBag from /opt/anaconda3/envs/airflow_env/lib/python3.10/site-packages/airflow/example_dags/tutorial_taskflow_api_virtualenv.py
[2025-06-25T21:00:59.585-0400] {processor.py:840} INFO - DAG(s) 'tutorial_taskflow_api_virtualenv' retrieved from /opt/anaconda3/envs/airflow_env/lib/python3.10/site-packages/airflow/example_dags/tutorial_taskflow_api_virtualenv.py
[2025-06-25T21:00:59.588-0400] {logging_mixin.py:188} INFO - [2025-06-25T21:00:59.588-0400] {dag.py:3096} INFO - Sync 1 DAGs
[2025-06-25T21:00:59.616-0400] {logging_mixin.py:188} INFO - [2025-06-25T21:00:59.616-0400] {dag.py:3954} INFO - Setting next_dagrun for tutorial_taskflow_api_virtualenv to None, run_after=None
[2025-06-25T21:00:59.648-0400] {processor.py:183} INFO - Processing /opt/anaconda3/envs/airflow_env/lib/python3.10/site-packages/airflow/example_dags/tutorial_taskflow_api_virtualenv.py took 0.080 seconds
[2025-06-25T21:01:23.149-0400] {processor.py:161} INFO - Started process (PID=67708) to work on /opt/anaconda3/envs/airflow_env/lib/python3.10/site-packages/airflow/example_dags/tutorial_taskflow_api_virtualenv.py
[2025-06-25T21:01:23.149-0400] {processor.py:830} INFO - Processing file /opt/anaconda3/envs/airflow_env/lib/python3.10/site-packages/airflow/example_dags/tutorial_taskflow_api_virtualenv.py for tasks to queue
[2025-06-25T21:01:23.149-0400] {logging_mixin.py:188} INFO - [2025-06-25T21:01:23.149-0400] {dagbag.py:545} INFO - Filling up the DagBag from /opt/anaconda3/envs/airflow_env/lib/python3.10/site-packages/airflow/example_dags/tutorial_taskflow_api_virtualenv.py
[2025-06-25T21:01:23.164-0400] {processor.py:840} INFO - DAG(s) 'tutorial_taskflow_api_virtualenv' retrieved from /opt/anaconda3/envs/airflow_env/lib/python3.10/site-packages/airflow/example_dags/tutorial_taskflow_api_virtualenv.py
[2025-06-25T21:01:23.242-0400] {logging_mixin.py:188} INFO - [2025-06-25T21:01:23.242-0400] {dag.py:3096} INFO - Sync 1 DAGs
[2025-06-25T21:01:23.245-0400] {logging_mixin.py:188} INFO - [2025-06-25T21:01:23.245-0400] {dag.py:3954} INFO - Setting next_dagrun for tutorial_taskflow_api_virtualenv to None, run_after=None
[2025-06-25T21:01:23.252-0400] {processor.py:183} INFO - Processing /opt/anaconda3/envs/airflow_env/lib/python3.10/site-packages/airflow/example_dags/tutorial_taskflow_api_virtualenv.py took 0.105 seconds
[2025-06-25T21:01:45.436-0400] {processor.py:161} INFO - Started process (PID=67741) to work on /opt/anaconda3/envs/airflow_env/lib/python3.10/site-packages/airflow/example_dags/tutorial_taskflow_api_virtualenv.py
[2025-06-25T21:01:45.436-0400] {processor.py:830} INFO - Processing file /opt/anaconda3/envs/airflow_env/lib/python3.10/site-packages/airflow/example_dags/tutorial_taskflow_api_virtualenv.py for tasks to queue
[2025-06-25T21:01:45.436-0400] {logging_mixin.py:188} INFO - [2025-06-25T21:01:45.436-0400] {dagbag.py:545} INFO - Filling up the DagBag from /opt/anaconda3/envs/airflow_env/lib/python3.10/site-packages/airflow/example_dags/tutorial_taskflow_api_virtualenv.py
[2025-06-25T21:01:45.450-0400] {processor.py:840} INFO - DAG(s) 'tutorial_taskflow_api_virtualenv' retrieved from /opt/anaconda3/envs/airflow_env/lib/python3.10/site-packages/airflow/example_dags/tutorial_taskflow_api_virtualenv.py
[2025-06-25T21:01:45.454-0400] {logging_mixin.py:188} INFO - [2025-06-25T21:01:45.454-0400] {dag.py:3096} INFO - Sync 1 DAGs
[2025-06-25T21:01:45.480-0400] {logging_mixin.py:188} INFO - [2025-06-25T21:01:45.480-0400] {dag.py:3954} INFO - Setting next_dagrun for tutorial_taskflow_api_virtualenv to None, run_after=None
[2025-06-25T21:01:45.506-0400] {processor.py:183} INFO - Processing /opt/anaconda3/envs/airflow_env/lib/python3.10/site-packages/airflow/example_dags/tutorial_taskflow_api_virtualenv.py took 0.072 seconds
[2025-06-25T21:02:08.433-0400] {processor.py:161} INFO - Started process (PID=67773) to work on /opt/anaconda3/envs/airflow_env/lib/python3.10/site-packages/airflow/example_dags/tutorial_taskflow_api_virtualenv.py
[2025-06-25T21:02:08.434-0400] {processor.py:830} INFO - Processing file /opt/anaconda3/envs/airflow_env/lib/python3.10/site-packages/airflow/example_dags/tutorial_taskflow_api_virtualenv.py for tasks to queue
[2025-06-25T21:02:08.434-0400] {logging_mixin.py:188} INFO - [2025-06-25T21:02:08.434-0400] {dagbag.py:545} INFO - Filling up the DagBag from /opt/anaconda3/envs/airflow_env/lib/python3.10/site-packages/airflow/example_dags/tutorial_taskflow_api_virtualenv.py
[2025-06-25T21:02:08.448-0400] {processor.py:840} INFO - DAG(s) 'tutorial_taskflow_api_virtualenv' retrieved from /opt/anaconda3/envs/airflow_env/lib/python3.10/site-packages/airflow/example_dags/tutorial_taskflow_api_virtualenv.py
[2025-06-25T21:02:08.538-0400] {logging_mixin.py:188} INFO - [2025-06-25T21:02:08.538-0400] {dag.py:3096} INFO - Sync 1 DAGs
[2025-06-25T21:02:08.542-0400] {logging_mixin.py:188} INFO - [2025-06-25T21:02:08.541-0400] {dag.py:3954} INFO - Setting next_dagrun for tutorial_taskflow_api_virtualenv to None, run_after=None
[2025-06-25T21:02:08.549-0400] {processor.py:183} INFO - Processing /opt/anaconda3/envs/airflow_env/lib/python3.10/site-packages/airflow/example_dags/tutorial_taskflow_api_virtualenv.py took 0.118 seconds
[2025-06-25T21:02:32.981-0400] {processor.py:161} INFO - Started process (PID=67808) to work on /opt/anaconda3/envs/airflow_env/lib/python3.10/site-packages/airflow/example_dags/tutorial_taskflow_api_virtualenv.py
[2025-06-25T21:02:32.982-0400] {processor.py:830} INFO - Processing file /opt/anaconda3/envs/airflow_env/lib/python3.10/site-packages/airflow/example_dags/tutorial_taskflow_api_virtualenv.py for tasks to queue
[2025-06-25T21:02:32.982-0400] {logging_mixin.py:188} INFO - [2025-06-25T21:02:32.982-0400] {dagbag.py:545} INFO - Filling up the DagBag from /opt/anaconda3/envs/airflow_env/lib/python3.10/site-packages/airflow/example_dags/tutorial_taskflow_api_virtualenv.py
[2025-06-25T21:02:32.995-0400] {processor.py:840} INFO - DAG(s) 'tutorial_taskflow_api_virtualenv' retrieved from /opt/anaconda3/envs/airflow_env/lib/python3.10/site-packages/airflow/example_dags/tutorial_taskflow_api_virtualenv.py
[2025-06-25T21:02:32.999-0400] {logging_mixin.py:188} INFO - [2025-06-25T21:02:32.999-0400] {dag.py:3096} INFO - Sync 1 DAGs
[2025-06-25T21:02:33.026-0400] {logging_mixin.py:188} INFO - [2025-06-25T21:02:33.026-0400] {dag.py:3954} INFO - Setting next_dagrun for tutorial_taskflow_api_virtualenv to None, run_after=None
[2025-06-25T21:02:33.053-0400] {processor.py:183} INFO - Processing /opt/anaconda3/envs/airflow_env/lib/python3.10/site-packages/airflow/example_dags/tutorial_taskflow_api_virtualenv.py took 0.073 seconds
[2025-06-25T21:02:53.823-0400] {processor.py:161} INFO - Started process (PID=67842) to work on /opt/anaconda3/envs/airflow_env/lib/python3.10/site-packages/airflow/example_dags/tutorial_taskflow_api_virtualenv.py
[2025-06-25T21:02:53.824-0400] {processor.py:830} INFO - Processing file /opt/anaconda3/envs/airflow_env/lib/python3.10/site-packages/airflow/example_dags/tutorial_taskflow_api_virtualenv.py for tasks to queue
[2025-06-25T21:02:53.824-0400] {logging_mixin.py:188} INFO - [2025-06-25T21:02:53.824-0400] {dagbag.py:545} INFO - Filling up the DagBag from /opt/anaconda3/envs/airflow_env/lib/python3.10/site-packages/airflow/example_dags/tutorial_taskflow_api_virtualenv.py
[2025-06-25T21:02:53.839-0400] {processor.py:840} INFO - DAG(s) 'tutorial_taskflow_api_virtualenv' retrieved from /opt/anaconda3/envs/airflow_env/lib/python3.10/site-packages/airflow/example_dags/tutorial_taskflow_api_virtualenv.py
[2025-06-25T21:02:53.927-0400] {logging_mixin.py:188} INFO - [2025-06-25T21:02:53.927-0400] {dag.py:3096} INFO - Sync 1 DAGs
[2025-06-25T21:02:53.930-0400] {logging_mixin.py:188} INFO - [2025-06-25T21:02:53.930-0400] {dag.py:3954} INFO - Setting next_dagrun for tutorial_taskflow_api_virtualenv to None, run_after=None
[2025-06-25T21:02:53.938-0400] {processor.py:183} INFO - Processing /opt/anaconda3/envs/airflow_env/lib/python3.10/site-packages/airflow/example_dags/tutorial_taskflow_api_virtualenv.py took 0.117 seconds
[2025-06-25T21:03:18.185-0400] {processor.py:161} INFO - Started process (PID=67878) to work on /opt/anaconda3/envs/airflow_env/lib/python3.10/site-packages/airflow/example_dags/tutorial_taskflow_api_virtualenv.py
[2025-06-25T21:03:18.185-0400] {processor.py:830} INFO - Processing file /opt/anaconda3/envs/airflow_env/lib/python3.10/site-packages/airflow/example_dags/tutorial_taskflow_api_virtualenv.py for tasks to queue
[2025-06-25T21:03:18.186-0400] {logging_mixin.py:188} INFO - [2025-06-25T21:03:18.185-0400] {dagbag.py:545} INFO - Filling up the DagBag from /opt/anaconda3/envs/airflow_env/lib/python3.10/site-packages/airflow/example_dags/tutorial_taskflow_api_virtualenv.py
[2025-06-25T21:03:18.199-0400] {processor.py:840} INFO - DAG(s) 'tutorial_taskflow_api_virtualenv' retrieved from /opt/anaconda3/envs/airflow_env/lib/python3.10/site-packages/airflow/example_dags/tutorial_taskflow_api_virtualenv.py
[2025-06-25T21:03:18.203-0400] {logging_mixin.py:188} INFO - [2025-06-25T21:03:18.203-0400] {dag.py:3096} INFO - Sync 1 DAGs
[2025-06-25T21:03:18.229-0400] {logging_mixin.py:188} INFO - [2025-06-25T21:03:18.229-0400] {dag.py:3954} INFO - Setting next_dagrun for tutorial_taskflow_api_virtualenv to None, run_after=None
[2025-06-25T21:03:18.255-0400] {processor.py:183} INFO - Processing /opt/anaconda3/envs/airflow_env/lib/python3.10/site-packages/airflow/example_dags/tutorial_taskflow_api_virtualenv.py took 0.072 seconds
[2025-06-25T21:03:39.663-0400] {processor.py:161} INFO - Started process (PID=67909) to work on /opt/anaconda3/envs/airflow_env/lib/python3.10/site-packages/airflow/example_dags/tutorial_taskflow_api_virtualenv.py
[2025-06-25T21:03:39.664-0400] {processor.py:830} INFO - Processing file /opt/anaconda3/envs/airflow_env/lib/python3.10/site-packages/airflow/example_dags/tutorial_taskflow_api_virtualenv.py for tasks to queue
[2025-06-25T21:03:39.664-0400] {logging_mixin.py:188} INFO - [2025-06-25T21:03:39.664-0400] {dagbag.py:545} INFO - Filling up the DagBag from /opt/anaconda3/envs/airflow_env/lib/python3.10/site-packages/airflow/example_dags/tutorial_taskflow_api_virtualenv.py
[2025-06-25T21:03:39.680-0400] {processor.py:840} INFO - DAG(s) 'tutorial_taskflow_api_virtualenv' retrieved from /opt/anaconda3/envs/airflow_env/lib/python3.10/site-packages/airflow/example_dags/tutorial_taskflow_api_virtualenv.py
[2025-06-25T21:03:39.773-0400] {logging_mixin.py:188} INFO - [2025-06-25T21:03:39.773-0400] {dag.py:3096} INFO - Sync 1 DAGs
[2025-06-25T21:03:39.776-0400] {logging_mixin.py:188} INFO - [2025-06-25T21:03:39.776-0400] {dag.py:3954} INFO - Setting next_dagrun for tutorial_taskflow_api_virtualenv to None, run_after=None
[2025-06-25T21:03:39.783-0400] {processor.py:183} INFO - Processing /opt/anaconda3/envs/airflow_env/lib/python3.10/site-packages/airflow/example_dags/tutorial_taskflow_api_virtualenv.py took 0.122 seconds
[2025-06-25T21:04:06.751-0400] {processor.py:161} INFO - Started process (PID=67947) to work on /opt/anaconda3/envs/airflow_env/lib/python3.10/site-packages/airflow/example_dags/tutorial_taskflow_api_virtualenv.py
[2025-06-25T21:04:06.751-0400] {processor.py:830} INFO - Processing file /opt/anaconda3/envs/airflow_env/lib/python3.10/site-packages/airflow/example_dags/tutorial_taskflow_api_virtualenv.py for tasks to queue
[2025-06-25T21:04:06.752-0400] {logging_mixin.py:188} INFO - [2025-06-25T21:04:06.752-0400] {dagbag.py:545} INFO - Filling up the DagBag from /opt/anaconda3/envs/airflow_env/lib/python3.10/site-packages/airflow/example_dags/tutorial_taskflow_api_virtualenv.py
[2025-06-25T21:04:06.769-0400] {processor.py:840} INFO - DAG(s) 'tutorial_taskflow_api_virtualenv' retrieved from /opt/anaconda3/envs/airflow_env/lib/python3.10/site-packages/airflow/example_dags/tutorial_taskflow_api_virtualenv.py
[2025-06-25T21:04:06.773-0400] {logging_mixin.py:188} INFO - [2025-06-25T21:04:06.773-0400] {dag.py:3096} INFO - Sync 1 DAGs
[2025-06-25T21:04:06.825-0400] {logging_mixin.py:188} INFO - [2025-06-25T21:04:06.825-0400] {dag.py:3954} INFO - Setting next_dagrun for tutorial_taskflow_api_virtualenv to None, run_after=None
[2025-06-25T21:04:06.869-0400] {processor.py:183} INFO - Processing /opt/anaconda3/envs/airflow_env/lib/python3.10/site-packages/airflow/example_dags/tutorial_taskflow_api_virtualenv.py took 0.120 seconds
[2025-06-25T21:04:29.110-0400] {processor.py:161} INFO - Started process (PID=67995) to work on /opt/anaconda3/envs/airflow_env/lib/python3.10/site-packages/airflow/example_dags/tutorial_taskflow_api_virtualenv.py
[2025-06-25T21:04:29.111-0400] {processor.py:830} INFO - Processing file /opt/anaconda3/envs/airflow_env/lib/python3.10/site-packages/airflow/example_dags/tutorial_taskflow_api_virtualenv.py for tasks to queue
[2025-06-25T21:04:29.112-0400] {logging_mixin.py:188} INFO - [2025-06-25T21:04:29.112-0400] {dagbag.py:545} INFO - Filling up the DagBag from /opt/anaconda3/envs/airflow_env/lib/python3.10/site-packages/airflow/example_dags/tutorial_taskflow_api_virtualenv.py
[2025-06-25T21:04:29.126-0400] {processor.py:840} INFO - DAG(s) 'tutorial_taskflow_api_virtualenv' retrieved from /opt/anaconda3/envs/airflow_env/lib/python3.10/site-packages/airflow/example_dags/tutorial_taskflow_api_virtualenv.py
[2025-06-25T21:04:29.215-0400] {logging_mixin.py:188} INFO - [2025-06-25T21:04:29.215-0400] {dag.py:3096} INFO - Sync 1 DAGs
[2025-06-25T21:04:29.218-0400] {logging_mixin.py:188} INFO - [2025-06-25T21:04:29.218-0400] {dag.py:3954} INFO - Setting next_dagrun for tutorial_taskflow_api_virtualenv to None, run_after=None
[2025-06-25T21:04:29.227-0400] {processor.py:183} INFO - Processing /opt/anaconda3/envs/airflow_env/lib/python3.10/site-packages/airflow/example_dags/tutorial_taskflow_api_virtualenv.py took 0.119 seconds
[2025-06-25T21:04:55.057-0400] {processor.py:161} INFO - Started process (PID=68037) to work on /opt/anaconda3/envs/airflow_env/lib/python3.10/site-packages/airflow/example_dags/tutorial_taskflow_api_virtualenv.py
[2025-06-25T21:04:55.058-0400] {processor.py:830} INFO - Processing file /opt/anaconda3/envs/airflow_env/lib/python3.10/site-packages/airflow/example_dags/tutorial_taskflow_api_virtualenv.py for tasks to queue
[2025-06-25T21:04:55.058-0400] {logging_mixin.py:188} INFO - [2025-06-25T21:04:55.058-0400] {dagbag.py:545} INFO - Filling up the DagBag from /opt/anaconda3/envs/airflow_env/lib/python3.10/site-packages/airflow/example_dags/tutorial_taskflow_api_virtualenv.py
[2025-06-25T21:04:55.072-0400] {processor.py:840} INFO - DAG(s) 'tutorial_taskflow_api_virtualenv' retrieved from /opt/anaconda3/envs/airflow_env/lib/python3.10/site-packages/airflow/example_dags/tutorial_taskflow_api_virtualenv.py
[2025-06-25T21:04:55.077-0400] {logging_mixin.py:188} INFO - [2025-06-25T21:04:55.076-0400] {dag.py:3096} INFO - Sync 1 DAGs
[2025-06-25T21:04:55.104-0400] {logging_mixin.py:188} INFO - [2025-06-25T21:04:55.104-0400] {dag.py:3954} INFO - Setting next_dagrun for tutorial_taskflow_api_virtualenv to None, run_after=None
[2025-06-25T21:04:55.132-0400] {processor.py:183} INFO - Processing /opt/anaconda3/envs/airflow_env/lib/python3.10/site-packages/airflow/example_dags/tutorial_taskflow_api_virtualenv.py took 0.077 seconds
[2025-06-25T21:05:22.541-0400] {processor.py:161} INFO - Started process (PID=68087) to work on /opt/anaconda3/envs/airflow_env/lib/python3.10/site-packages/airflow/example_dags/tutorial_taskflow_api_virtualenv.py
[2025-06-25T21:05:22.542-0400] {processor.py:830} INFO - Processing file /opt/anaconda3/envs/airflow_env/lib/python3.10/site-packages/airflow/example_dags/tutorial_taskflow_api_virtualenv.py for tasks to queue
[2025-06-25T21:05:22.542-0400] {logging_mixin.py:188} INFO - [2025-06-25T21:05:22.542-0400] {dagbag.py:545} INFO - Filling up the DagBag from /opt/anaconda3/envs/airflow_env/lib/python3.10/site-packages/airflow/example_dags/tutorial_taskflow_api_virtualenv.py
[2025-06-25T21:05:22.556-0400] {processor.py:840} INFO - DAG(s) 'tutorial_taskflow_api_virtualenv' retrieved from /opt/anaconda3/envs/airflow_env/lib/python3.10/site-packages/airflow/example_dags/tutorial_taskflow_api_virtualenv.py
[2025-06-25T21:05:22.650-0400] {logging_mixin.py:188} INFO - [2025-06-25T21:05:22.650-0400] {dag.py:3096} INFO - Sync 1 DAGs
[2025-06-25T21:05:22.653-0400] {logging_mixin.py:188} INFO - [2025-06-25T21:05:22.653-0400] {dag.py:3954} INFO - Setting next_dagrun for tutorial_taskflow_api_virtualenv to None, run_after=None
[2025-06-25T21:05:22.660-0400] {processor.py:183} INFO - Processing /opt/anaconda3/envs/airflow_env/lib/python3.10/site-packages/airflow/example_dags/tutorial_taskflow_api_virtualenv.py took 0.122 seconds
[2025-06-25T21:05:44.640-0400] {processor.py:161} INFO - Started process (PID=68122) to work on /opt/anaconda3/envs/airflow_env/lib/python3.10/site-packages/airflow/example_dags/tutorial_taskflow_api_virtualenv.py
[2025-06-25T21:05:44.640-0400] {processor.py:830} INFO - Processing file /opt/anaconda3/envs/airflow_env/lib/python3.10/site-packages/airflow/example_dags/tutorial_taskflow_api_virtualenv.py for tasks to queue
[2025-06-25T21:05:44.640-0400] {logging_mixin.py:188} INFO - [2025-06-25T21:05:44.640-0400] {dagbag.py:545} INFO - Filling up the DagBag from /opt/anaconda3/envs/airflow_env/lib/python3.10/site-packages/airflow/example_dags/tutorial_taskflow_api_virtualenv.py
[2025-06-25T21:05:44.654-0400] {processor.py:840} INFO - DAG(s) 'tutorial_taskflow_api_virtualenv' retrieved from /opt/anaconda3/envs/airflow_env/lib/python3.10/site-packages/airflow/example_dags/tutorial_taskflow_api_virtualenv.py
[2025-06-25T21:05:44.658-0400] {logging_mixin.py:188} INFO - [2025-06-25T21:05:44.658-0400] {dag.py:3096} INFO - Sync 1 DAGs
[2025-06-25T21:05:44.684-0400] {logging_mixin.py:188} INFO - [2025-06-25T21:05:44.684-0400] {dag.py:3954} INFO - Setting next_dagrun for tutorial_taskflow_api_virtualenv to None, run_after=None
[2025-06-25T21:05:44.710-0400] {processor.py:183} INFO - Processing /opt/anaconda3/envs/airflow_env/lib/python3.10/site-packages/airflow/example_dags/tutorial_taskflow_api_virtualenv.py took 0.072 seconds
[2025-06-25T21:06:17.789-0400] {processor.py:161} INFO - Started process (PID=68164) to work on /opt/anaconda3/envs/airflow_env/lib/python3.10/site-packages/airflow/example_dags/tutorial_taskflow_api_virtualenv.py
[2025-06-25T21:06:17.789-0400] {processor.py:830} INFO - Processing file /opt/anaconda3/envs/airflow_env/lib/python3.10/site-packages/airflow/example_dags/tutorial_taskflow_api_virtualenv.py for tasks to queue
[2025-06-25T21:06:17.789-0400] {logging_mixin.py:188} INFO - [2025-06-25T21:06:17.789-0400] {dagbag.py:545} INFO - Filling up the DagBag from /opt/anaconda3/envs/airflow_env/lib/python3.10/site-packages/airflow/example_dags/tutorial_taskflow_api_virtualenv.py
[2025-06-25T21:06:17.803-0400] {processor.py:840} INFO - DAG(s) 'tutorial_taskflow_api_virtualenv' retrieved from /opt/anaconda3/envs/airflow_env/lib/python3.10/site-packages/airflow/example_dags/tutorial_taskflow_api_virtualenv.py
[2025-06-25T21:06:17.882-0400] {logging_mixin.py:188} INFO - [2025-06-25T21:06:17.882-0400] {dag.py:3096} INFO - Sync 1 DAGs
[2025-06-25T21:06:17.885-0400] {logging_mixin.py:188} INFO - [2025-06-25T21:06:17.885-0400] {dag.py:3954} INFO - Setting next_dagrun for tutorial_taskflow_api_virtualenv to None, run_after=None
[2025-06-25T21:06:17.892-0400] {processor.py:183} INFO - Processing /opt/anaconda3/envs/airflow_env/lib/python3.10/site-packages/airflow/example_dags/tutorial_taskflow_api_virtualenv.py took 0.106 seconds
[2025-06-25T21:06:37.095-0400] {processor.py:161} INFO - Started process (PID=68196) to work on /opt/anaconda3/envs/airflow_env/lib/python3.10/site-packages/airflow/example_dags/tutorial_taskflow_api_virtualenv.py
[2025-06-25T21:06:37.096-0400] {processor.py:830} INFO - Processing file /opt/anaconda3/envs/airflow_env/lib/python3.10/site-packages/airflow/example_dags/tutorial_taskflow_api_virtualenv.py for tasks to queue
[2025-06-25T21:06:37.096-0400] {logging_mixin.py:188} INFO - [2025-06-25T21:06:37.096-0400] {dagbag.py:545} INFO - Filling up the DagBag from /opt/anaconda3/envs/airflow_env/lib/python3.10/site-packages/airflow/example_dags/tutorial_taskflow_api_virtualenv.py
[2025-06-25T21:06:37.115-0400] {processor.py:840} INFO - DAG(s) 'tutorial_taskflow_api_virtualenv' retrieved from /opt/anaconda3/envs/airflow_env/lib/python3.10/site-packages/airflow/example_dags/tutorial_taskflow_api_virtualenv.py
[2025-06-25T21:06:37.120-0400] {logging_mixin.py:188} INFO - [2025-06-25T21:06:37.120-0400] {dag.py:3096} INFO - Sync 1 DAGs
[2025-06-25T21:06:37.155-0400] {logging_mixin.py:188} INFO - [2025-06-25T21:06:37.155-0400] {dag.py:3954} INFO - Setting next_dagrun for tutorial_taskflow_api_virtualenv to None, run_after=None
[2025-06-25T21:06:37.200-0400] {processor.py:183} INFO - Processing /opt/anaconda3/envs/airflow_env/lib/python3.10/site-packages/airflow/example_dags/tutorial_taskflow_api_virtualenv.py took 0.106 seconds
[2025-06-25T21:07:09.987-0400] {processor.py:161} INFO - Started process (PID=68256) to work on /opt/anaconda3/envs/airflow_env/lib/python3.10/site-packages/airflow/example_dags/tutorial_taskflow_api_virtualenv.py
[2025-06-25T21:07:09.988-0400] {processor.py:830} INFO - Processing file /opt/anaconda3/envs/airflow_env/lib/python3.10/site-packages/airflow/example_dags/tutorial_taskflow_api_virtualenv.py for tasks to queue
[2025-06-25T21:07:09.988-0400] {logging_mixin.py:188} INFO - [2025-06-25T21:07:09.988-0400] {dagbag.py:545} INFO - Filling up the DagBag from /opt/anaconda3/envs/airflow_env/lib/python3.10/site-packages/airflow/example_dags/tutorial_taskflow_api_virtualenv.py
[2025-06-25T21:07:10.003-0400] {processor.py:840} INFO - DAG(s) 'tutorial_taskflow_api_virtualenv' retrieved from /opt/anaconda3/envs/airflow_env/lib/python3.10/site-packages/airflow/example_dags/tutorial_taskflow_api_virtualenv.py
[2025-06-25T21:07:10.104-0400] {logging_mixin.py:188} INFO - [2025-06-25T21:07:10.104-0400] {dag.py:3096} INFO - Sync 1 DAGs
[2025-06-25T21:07:10.107-0400] {logging_mixin.py:188} INFO - [2025-06-25T21:07:10.107-0400] {dag.py:3954} INFO - Setting next_dagrun for tutorial_taskflow_api_virtualenv to None, run_after=None
[2025-06-25T21:07:10.115-0400] {processor.py:183} INFO - Processing /opt/anaconda3/envs/airflow_env/lib/python3.10/site-packages/airflow/example_dags/tutorial_taskflow_api_virtualenv.py took 0.129 seconds
[2025-06-25T21:07:31.855-0400] {processor.py:161} INFO - Started process (PID=68291) to work on /opt/anaconda3/envs/airflow_env/lib/python3.10/site-packages/airflow/example_dags/tutorial_taskflow_api_virtualenv.py
[2025-06-25T21:07:31.856-0400] {processor.py:830} INFO - Processing file /opt/anaconda3/envs/airflow_env/lib/python3.10/site-packages/airflow/example_dags/tutorial_taskflow_api_virtualenv.py for tasks to queue
[2025-06-25T21:07:31.856-0400] {logging_mixin.py:188} INFO - [2025-06-25T21:07:31.856-0400] {dagbag.py:545} INFO - Filling up the DagBag from /opt/anaconda3/envs/airflow_env/lib/python3.10/site-packages/airflow/example_dags/tutorial_taskflow_api_virtualenv.py
[2025-06-25T21:07:31.871-0400] {processor.py:840} INFO - DAG(s) 'tutorial_taskflow_api_virtualenv' retrieved from /opt/anaconda3/envs/airflow_env/lib/python3.10/site-packages/airflow/example_dags/tutorial_taskflow_api_virtualenv.py
[2025-06-25T21:07:31.876-0400] {logging_mixin.py:188} INFO - [2025-06-25T21:07:31.875-0400] {dag.py:3096} INFO - Sync 1 DAGs
[2025-06-25T21:07:31.903-0400] {logging_mixin.py:188} INFO - [2025-06-25T21:07:31.903-0400] {dag.py:3954} INFO - Setting next_dagrun for tutorial_taskflow_api_virtualenv to None, run_after=None
[2025-06-25T21:07:31.934-0400] {processor.py:183} INFO - Processing /opt/anaconda3/envs/airflow_env/lib/python3.10/site-packages/airflow/example_dags/tutorial_taskflow_api_virtualenv.py took 0.081 seconds
[2025-06-25T21:08:03.327-0400] {processor.py:161} INFO - Started process (PID=68340) to work on /opt/anaconda3/envs/airflow_env/lib/python3.10/site-packages/airflow/example_dags/tutorial_taskflow_api_virtualenv.py
[2025-06-25T21:08:03.328-0400] {processor.py:830} INFO - Processing file /opt/anaconda3/envs/airflow_env/lib/python3.10/site-packages/airflow/example_dags/tutorial_taskflow_api_virtualenv.py for tasks to queue
[2025-06-25T21:08:03.328-0400] {logging_mixin.py:188} INFO - [2025-06-25T21:08:03.328-0400] {dagbag.py:545} INFO - Filling up the DagBag from /opt/anaconda3/envs/airflow_env/lib/python3.10/site-packages/airflow/example_dags/tutorial_taskflow_api_virtualenv.py
[2025-06-25T21:08:03.342-0400] {processor.py:840} INFO - DAG(s) 'tutorial_taskflow_api_virtualenv' retrieved from /opt/anaconda3/envs/airflow_env/lib/python3.10/site-packages/airflow/example_dags/tutorial_taskflow_api_virtualenv.py
[2025-06-25T21:08:03.421-0400] {logging_mixin.py:188} INFO - [2025-06-25T21:08:03.421-0400] {dag.py:3096} INFO - Sync 1 DAGs
[2025-06-25T21:08:03.424-0400] {logging_mixin.py:188} INFO - [2025-06-25T21:08:03.424-0400] {dag.py:3954} INFO - Setting next_dagrun for tutorial_taskflow_api_virtualenv to None, run_after=None
[2025-06-25T21:08:03.432-0400] {processor.py:183} INFO - Processing /opt/anaconda3/envs/airflow_env/lib/python3.10/site-packages/airflow/example_dags/tutorial_taskflow_api_virtualenv.py took 0.108 seconds
[2025-06-25T21:08:24.062-0400] {processor.py:161} INFO - Started process (PID=68379) to work on /opt/anaconda3/envs/airflow_env/lib/python3.10/site-packages/airflow/example_dags/tutorial_taskflow_api_virtualenv.py
[2025-06-25T21:08:24.063-0400] {processor.py:830} INFO - Processing file /opt/anaconda3/envs/airflow_env/lib/python3.10/site-packages/airflow/example_dags/tutorial_taskflow_api_virtualenv.py for tasks to queue
[2025-06-25T21:08:24.063-0400] {logging_mixin.py:188} INFO - [2025-06-25T21:08:24.063-0400] {dagbag.py:545} INFO - Filling up the DagBag from /opt/anaconda3/envs/airflow_env/lib/python3.10/site-packages/airflow/example_dags/tutorial_taskflow_api_virtualenv.py
[2025-06-25T21:08:24.080-0400] {processor.py:840} INFO - DAG(s) 'tutorial_taskflow_api_virtualenv' retrieved from /opt/anaconda3/envs/airflow_env/lib/python3.10/site-packages/airflow/example_dags/tutorial_taskflow_api_virtualenv.py
[2025-06-25T21:08:24.084-0400] {logging_mixin.py:188} INFO - [2025-06-25T21:08:24.084-0400] {dag.py:3096} INFO - Sync 1 DAGs
[2025-06-25T21:08:24.114-0400] {logging_mixin.py:188} INFO - [2025-06-25T21:08:24.114-0400] {dag.py:3954} INFO - Setting next_dagrun for tutorial_taskflow_api_virtualenv to None, run_after=None
[2025-06-25T21:08:24.148-0400] {processor.py:183} INFO - Processing /opt/anaconda3/envs/airflow_env/lib/python3.10/site-packages/airflow/example_dags/tutorial_taskflow_api_virtualenv.py took 0.088 seconds
[2025-06-25T21:08:54.338-0400] {processor.py:161} INFO - Started process (PID=68420) to work on /opt/anaconda3/envs/airflow_env/lib/python3.10/site-packages/airflow/example_dags/tutorial_taskflow_api_virtualenv.py
[2025-06-25T21:08:54.339-0400] {processor.py:830} INFO - Processing file /opt/anaconda3/envs/airflow_env/lib/python3.10/site-packages/airflow/example_dags/tutorial_taskflow_api_virtualenv.py for tasks to queue
[2025-06-25T21:08:54.339-0400] {logging_mixin.py:188} INFO - [2025-06-25T21:08:54.339-0400] {dagbag.py:545} INFO - Filling up the DagBag from /opt/anaconda3/envs/airflow_env/lib/python3.10/site-packages/airflow/example_dags/tutorial_taskflow_api_virtualenv.py
[2025-06-25T21:08:54.355-0400] {processor.py:840} INFO - DAG(s) 'tutorial_taskflow_api_virtualenv' retrieved from /opt/anaconda3/envs/airflow_env/lib/python3.10/site-packages/airflow/example_dags/tutorial_taskflow_api_virtualenv.py
[2025-06-25T21:08:54.449-0400] {logging_mixin.py:188} INFO - [2025-06-25T21:08:54.448-0400] {dag.py:3096} INFO - Sync 1 DAGs
[2025-06-25T21:08:54.452-0400] {logging_mixin.py:188} INFO - [2025-06-25T21:08:54.451-0400] {dag.py:3954} INFO - Setting next_dagrun for tutorial_taskflow_api_virtualenv to None, run_after=None
[2025-06-25T21:08:54.458-0400] {processor.py:183} INFO - Processing /opt/anaconda3/envs/airflow_env/lib/python3.10/site-packages/airflow/example_dags/tutorial_taskflow_api_virtualenv.py took 0.123 seconds
[2025-06-25T21:09:14.650-0400] {processor.py:161} INFO - Started process (PID=68454) to work on /opt/anaconda3/envs/airflow_env/lib/python3.10/site-packages/airflow/example_dags/tutorial_taskflow_api_virtualenv.py
[2025-06-25T21:09:14.651-0400] {processor.py:830} INFO - Processing file /opt/anaconda3/envs/airflow_env/lib/python3.10/site-packages/airflow/example_dags/tutorial_taskflow_api_virtualenv.py for tasks to queue
[2025-06-25T21:09:14.652-0400] {logging_mixin.py:188} INFO - [2025-06-25T21:09:14.652-0400] {dagbag.py:545} INFO - Filling up the DagBag from /opt/anaconda3/envs/airflow_env/lib/python3.10/site-packages/airflow/example_dags/tutorial_taskflow_api_virtualenv.py
[2025-06-25T21:09:14.667-0400] {processor.py:840} INFO - DAG(s) 'tutorial_taskflow_api_virtualenv' retrieved from /opt/anaconda3/envs/airflow_env/lib/python3.10/site-packages/airflow/example_dags/tutorial_taskflow_api_virtualenv.py
[2025-06-25T21:09:14.671-0400] {logging_mixin.py:188} INFO - [2025-06-25T21:09:14.671-0400] {dag.py:3096} INFO - Sync 1 DAGs
[2025-06-25T21:09:14.703-0400] {logging_mixin.py:188} INFO - [2025-06-25T21:09:14.703-0400] {dag.py:3954} INFO - Setting next_dagrun for tutorial_taskflow_api_virtualenv to None, run_after=None
[2025-06-25T21:09:14.733-0400] {processor.py:183} INFO - Processing /opt/anaconda3/envs/airflow_env/lib/python3.10/site-packages/airflow/example_dags/tutorial_taskflow_api_virtualenv.py took 0.085 seconds
[2025-06-25T21:09:46.315-0400] {processor.py:161} INFO - Started process (PID=68500) to work on /opt/anaconda3/envs/airflow_env/lib/python3.10/site-packages/airflow/example_dags/tutorial_taskflow_api_virtualenv.py
[2025-06-25T21:09:46.316-0400] {processor.py:830} INFO - Processing file /opt/anaconda3/envs/airflow_env/lib/python3.10/site-packages/airflow/example_dags/tutorial_taskflow_api_virtualenv.py for tasks to queue
[2025-06-25T21:09:46.316-0400] {logging_mixin.py:188} INFO - [2025-06-25T21:09:46.316-0400] {dagbag.py:545} INFO - Filling up the DagBag from /opt/anaconda3/envs/airflow_env/lib/python3.10/site-packages/airflow/example_dags/tutorial_taskflow_api_virtualenv.py
[2025-06-25T21:09:46.330-0400] {processor.py:840} INFO - DAG(s) 'tutorial_taskflow_api_virtualenv' retrieved from /opt/anaconda3/envs/airflow_env/lib/python3.10/site-packages/airflow/example_dags/tutorial_taskflow_api_virtualenv.py
[2025-06-25T21:09:46.424-0400] {logging_mixin.py:188} INFO - [2025-06-25T21:09:46.423-0400] {dag.py:3096} INFO - Sync 1 DAGs
[2025-06-25T21:09:46.426-0400] {logging_mixin.py:188} INFO - [2025-06-25T21:09:46.426-0400] {dag.py:3954} INFO - Setting next_dagrun for tutorial_taskflow_api_virtualenv to None, run_after=None
[2025-06-25T21:09:46.433-0400] {processor.py:183} INFO - Processing /opt/anaconda3/envs/airflow_env/lib/python3.10/site-packages/airflow/example_dags/tutorial_taskflow_api_virtualenv.py took 0.120 seconds
[2025-06-25T21:10:04.461-0400] {processor.py:161} INFO - Started process (PID=68523) to work on /opt/anaconda3/envs/airflow_env/lib/python3.10/site-packages/airflow/example_dags/tutorial_taskflow_api_virtualenv.py
[2025-06-25T21:10:04.462-0400] {processor.py:830} INFO - Processing file /opt/anaconda3/envs/airflow_env/lib/python3.10/site-packages/airflow/example_dags/tutorial_taskflow_api_virtualenv.py for tasks to queue
[2025-06-25T21:10:04.462-0400] {logging_mixin.py:188} INFO - [2025-06-25T21:10:04.462-0400] {dagbag.py:545} INFO - Filling up the DagBag from /opt/anaconda3/envs/airflow_env/lib/python3.10/site-packages/airflow/example_dags/tutorial_taskflow_api_virtualenv.py
[2025-06-25T21:10:04.477-0400] {processor.py:840} INFO - DAG(s) 'tutorial_taskflow_api_virtualenv' retrieved from /opt/anaconda3/envs/airflow_env/lib/python3.10/site-packages/airflow/example_dags/tutorial_taskflow_api_virtualenv.py
[2025-06-25T21:10:04.481-0400] {logging_mixin.py:188} INFO - [2025-06-25T21:10:04.481-0400] {dag.py:3096} INFO - Sync 1 DAGs
[2025-06-25T21:10:04.508-0400] {logging_mixin.py:188} INFO - [2025-06-25T21:10:04.508-0400] {dag.py:3954} INFO - Setting next_dagrun for tutorial_taskflow_api_virtualenv to None, run_after=None
[2025-06-25T21:10:04.536-0400] {processor.py:183} INFO - Processing /opt/anaconda3/envs/airflow_env/lib/python3.10/site-packages/airflow/example_dags/tutorial_taskflow_api_virtualenv.py took 0.077 seconds
[2025-06-25T21:10:38.811-0400] {processor.py:161} INFO - Started process (PID=68622) to work on /opt/anaconda3/envs/airflow_env/lib/python3.10/site-packages/airflow/example_dags/tutorial_taskflow_api_virtualenv.py
[2025-06-25T21:10:38.811-0400] {processor.py:830} INFO - Processing file /opt/anaconda3/envs/airflow_env/lib/python3.10/site-packages/airflow/example_dags/tutorial_taskflow_api_virtualenv.py for tasks to queue
[2025-06-25T21:10:38.812-0400] {logging_mixin.py:188} INFO - [2025-06-25T21:10:38.811-0400] {dagbag.py:545} INFO - Filling up the DagBag from /opt/anaconda3/envs/airflow_env/lib/python3.10/site-packages/airflow/example_dags/tutorial_taskflow_api_virtualenv.py
[2025-06-25T21:10:38.831-0400] {processor.py:840} INFO - DAG(s) 'tutorial_taskflow_api_virtualenv' retrieved from /opt/anaconda3/envs/airflow_env/lib/python3.10/site-packages/airflow/example_dags/tutorial_taskflow_api_virtualenv.py
[2025-06-25T21:10:38.934-0400] {logging_mixin.py:188} INFO - [2025-06-25T21:10:38.933-0400] {dag.py:3096} INFO - Sync 1 DAGs
[2025-06-25T21:10:38.937-0400] {logging_mixin.py:188} INFO - [2025-06-25T21:10:38.937-0400] {dag.py:3954} INFO - Setting next_dagrun for tutorial_taskflow_api_virtualenv to None, run_after=None
[2025-06-25T21:10:38.945-0400] {processor.py:183} INFO - Processing /opt/anaconda3/envs/airflow_env/lib/python3.10/site-packages/airflow/example_dags/tutorial_taskflow_api_virtualenv.py took 0.137 seconds
[2025-06-25T21:10:56.669-0400] {processor.py:161} INFO - Started process (PID=68674) to work on /opt/anaconda3/envs/airflow_env/lib/python3.10/site-packages/airflow/example_dags/tutorial_taskflow_api_virtualenv.py
[2025-06-25T21:10:56.670-0400] {processor.py:830} INFO - Processing file /opt/anaconda3/envs/airflow_env/lib/python3.10/site-packages/airflow/example_dags/tutorial_taskflow_api_virtualenv.py for tasks to queue
[2025-06-25T21:10:56.670-0400] {logging_mixin.py:188} INFO - [2025-06-25T21:10:56.670-0400] {dagbag.py:545} INFO - Filling up the DagBag from /opt/anaconda3/envs/airflow_env/lib/python3.10/site-packages/airflow/example_dags/tutorial_taskflow_api_virtualenv.py
[2025-06-25T21:10:56.687-0400] {processor.py:840} INFO - DAG(s) 'tutorial_taskflow_api_virtualenv' retrieved from /opt/anaconda3/envs/airflow_env/lib/python3.10/site-packages/airflow/example_dags/tutorial_taskflow_api_virtualenv.py
[2025-06-25T21:10:56.691-0400] {logging_mixin.py:188} INFO - [2025-06-25T21:10:56.691-0400] {dag.py:3096} INFO - Sync 1 DAGs
[2025-06-25T21:10:56.721-0400] {logging_mixin.py:188} INFO - [2025-06-25T21:10:56.721-0400] {dag.py:3954} INFO - Setting next_dagrun for tutorial_taskflow_api_virtualenv to None, run_after=None
[2025-06-25T21:10:56.761-0400] {processor.py:183} INFO - Processing /opt/anaconda3/envs/airflow_env/lib/python3.10/site-packages/airflow/example_dags/tutorial_taskflow_api_virtualenv.py took 0.094 seconds
[2025-06-25T21:11:32.523-0400] {processor.py:161} INFO - Started process (PID=68773) to work on /opt/anaconda3/envs/airflow_env/lib/python3.10/site-packages/airflow/example_dags/tutorial_taskflow_api_virtualenv.py
[2025-06-25T21:11:32.523-0400] {processor.py:830} INFO - Processing file /opt/anaconda3/envs/airflow_env/lib/python3.10/site-packages/airflow/example_dags/tutorial_taskflow_api_virtualenv.py for tasks to queue
[2025-06-25T21:11:32.524-0400] {logging_mixin.py:188} INFO - [2025-06-25T21:11:32.524-0400] {dagbag.py:545} INFO - Filling up the DagBag from /opt/anaconda3/envs/airflow_env/lib/python3.10/site-packages/airflow/example_dags/tutorial_taskflow_api_virtualenv.py
[2025-06-25T21:11:32.540-0400] {processor.py:840} INFO - DAG(s) 'tutorial_taskflow_api_virtualenv' retrieved from /opt/anaconda3/envs/airflow_env/lib/python3.10/site-packages/airflow/example_dags/tutorial_taskflow_api_virtualenv.py
[2025-06-25T21:11:32.640-0400] {logging_mixin.py:188} INFO - [2025-06-25T21:11:32.640-0400] {dag.py:3096} INFO - Sync 1 DAGs
[2025-06-25T21:11:32.643-0400] {logging_mixin.py:188} INFO - [2025-06-25T21:11:32.643-0400] {dag.py:3954} INFO - Setting next_dagrun for tutorial_taskflow_api_virtualenv to None, run_after=None
[2025-06-25T21:11:32.651-0400] {processor.py:183} INFO - Processing /opt/anaconda3/envs/airflow_env/lib/python3.10/site-packages/airflow/example_dags/tutorial_taskflow_api_virtualenv.py took 0.131 seconds
[2025-06-25T21:11:58.690-0400] {processor.py:161} INFO - Started process (PID=68830) to work on /opt/anaconda3/envs/airflow_env/lib/python3.10/site-packages/airflow/example_dags/tutorial_taskflow_api_virtualenv.py
[2025-06-25T21:11:58.691-0400] {processor.py:830} INFO - Processing file /opt/anaconda3/envs/airflow_env/lib/python3.10/site-packages/airflow/example_dags/tutorial_taskflow_api_virtualenv.py for tasks to queue
[2025-06-25T21:11:58.691-0400] {logging_mixin.py:188} INFO - [2025-06-25T21:11:58.691-0400] {dagbag.py:545} INFO - Filling up the DagBag from /opt/anaconda3/envs/airflow_env/lib/python3.10/site-packages/airflow/example_dags/tutorial_taskflow_api_virtualenv.py
[2025-06-25T21:11:58.717-0400] {processor.py:840} INFO - DAG(s) 'tutorial_taskflow_api_virtualenv' retrieved from /opt/anaconda3/envs/airflow_env/lib/python3.10/site-packages/airflow/example_dags/tutorial_taskflow_api_virtualenv.py
[2025-06-25T21:11:58.723-0400] {logging_mixin.py:188} INFO - [2025-06-25T21:11:58.723-0400] {dag.py:3096} INFO - Sync 1 DAGs
[2025-06-25T21:11:58.768-0400] {logging_mixin.py:188} INFO - [2025-06-25T21:11:58.768-0400] {dag.py:3954} INFO - Setting next_dagrun for tutorial_taskflow_api_virtualenv to None, run_after=None
[2025-06-25T21:11:58.820-0400] {processor.py:183} INFO - Processing /opt/anaconda3/envs/airflow_env/lib/python3.10/site-packages/airflow/example_dags/tutorial_taskflow_api_virtualenv.py took 0.132 seconds
[2025-06-25T21:12:27.985-0400] {processor.py:161} INFO - Started process (PID=68872) to work on /opt/anaconda3/envs/airflow_env/lib/python3.10/site-packages/airflow/example_dags/tutorial_taskflow_api_virtualenv.py
[2025-06-25T21:12:27.986-0400] {processor.py:830} INFO - Processing file /opt/anaconda3/envs/airflow_env/lib/python3.10/site-packages/airflow/example_dags/tutorial_taskflow_api_virtualenv.py for tasks to queue
[2025-06-25T21:12:27.986-0400] {logging_mixin.py:188} INFO - [2025-06-25T21:12:27.986-0400] {dagbag.py:545} INFO - Filling up the DagBag from /opt/anaconda3/envs/airflow_env/lib/python3.10/site-packages/airflow/example_dags/tutorial_taskflow_api_virtualenv.py
[2025-06-25T21:12:28.002-0400] {processor.py:840} INFO - DAG(s) 'tutorial_taskflow_api_virtualenv' retrieved from /opt/anaconda3/envs/airflow_env/lib/python3.10/site-packages/airflow/example_dags/tutorial_taskflow_api_virtualenv.py
[2025-06-25T21:12:28.103-0400] {logging_mixin.py:188} INFO - [2025-06-25T21:12:28.103-0400] {dag.py:3096} INFO - Sync 1 DAGs
[2025-06-25T21:12:28.106-0400] {logging_mixin.py:188} INFO - [2025-06-25T21:12:28.106-0400] {dag.py:3954} INFO - Setting next_dagrun for tutorial_taskflow_api_virtualenv to None, run_after=None
[2025-06-25T21:12:28.114-0400] {processor.py:183} INFO - Processing /opt/anaconda3/envs/airflow_env/lib/python3.10/site-packages/airflow/example_dags/tutorial_taskflow_api_virtualenv.py took 0.131 seconds
[2025-06-25T21:12:58.729-0400] {processor.py:161} INFO - Started process (PID=68922) to work on /opt/anaconda3/envs/airflow_env/lib/python3.10/site-packages/airflow/example_dags/tutorial_taskflow_api_virtualenv.py
[2025-06-25T21:12:58.730-0400] {processor.py:830} INFO - Processing file /opt/anaconda3/envs/airflow_env/lib/python3.10/site-packages/airflow/example_dags/tutorial_taskflow_api_virtualenv.py for tasks to queue
[2025-06-25T21:12:58.731-0400] {logging_mixin.py:188} INFO - [2025-06-25T21:12:58.731-0400] {dagbag.py:545} INFO - Filling up the DagBag from /opt/anaconda3/envs/airflow_env/lib/python3.10/site-packages/airflow/example_dags/tutorial_taskflow_api_virtualenv.py
[2025-06-25T21:12:58.748-0400] {processor.py:840} INFO - DAG(s) 'tutorial_taskflow_api_virtualenv' retrieved from /opt/anaconda3/envs/airflow_env/lib/python3.10/site-packages/airflow/example_dags/tutorial_taskflow_api_virtualenv.py
[2025-06-25T21:12:58.860-0400] {logging_mixin.py:188} INFO - [2025-06-25T21:12:58.860-0400] {dag.py:3096} INFO - Sync 1 DAGs
[2025-06-25T21:12:58.863-0400] {logging_mixin.py:188} INFO - [2025-06-25T21:12:58.863-0400] {dag.py:3954} INFO - Setting next_dagrun for tutorial_taskflow_api_virtualenv to None, run_after=None
[2025-06-25T21:12:58.871-0400] {processor.py:183} INFO - Processing /opt/anaconda3/envs/airflow_env/lib/python3.10/site-packages/airflow/example_dags/tutorial_taskflow_api_virtualenv.py took 0.144 seconds
[2025-06-25T21:13:26.496-0400] {processor.py:161} INFO - Started process (PID=68974) to work on /opt/anaconda3/envs/airflow_env/lib/python3.10/site-packages/airflow/example_dags/tutorial_taskflow_api_virtualenv.py
[2025-06-25T21:13:26.497-0400] {processor.py:830} INFO - Processing file /opt/anaconda3/envs/airflow_env/lib/python3.10/site-packages/airflow/example_dags/tutorial_taskflow_api_virtualenv.py for tasks to queue
[2025-06-25T21:13:26.497-0400] {logging_mixin.py:188} INFO - [2025-06-25T21:13:26.497-0400] {dagbag.py:545} INFO - Filling up the DagBag from /opt/anaconda3/envs/airflow_env/lib/python3.10/site-packages/airflow/example_dags/tutorial_taskflow_api_virtualenv.py
[2025-06-25T21:13:26.513-0400] {processor.py:840} INFO - DAG(s) 'tutorial_taskflow_api_virtualenv' retrieved from /opt/anaconda3/envs/airflow_env/lib/python3.10/site-packages/airflow/example_dags/tutorial_taskflow_api_virtualenv.py
[2025-06-25T21:13:26.517-0400] {logging_mixin.py:188} INFO - [2025-06-25T21:13:26.517-0400] {dag.py:3096} INFO - Sync 1 DAGs
[2025-06-25T21:13:26.547-0400] {logging_mixin.py:188} INFO - [2025-06-25T21:13:26.547-0400] {dag.py:3954} INFO - Setting next_dagrun for tutorial_taskflow_api_virtualenv to None, run_after=None
[2025-06-25T21:13:26.585-0400] {processor.py:183} INFO - Processing /opt/anaconda3/envs/airflow_env/lib/python3.10/site-packages/airflow/example_dags/tutorial_taskflow_api_virtualenv.py took 0.092 seconds
[2025-06-25T21:13:58.983-0400] {processor.py:161} INFO - Started process (PID=69023) to work on /opt/anaconda3/envs/airflow_env/lib/python3.10/site-packages/airflow/example_dags/tutorial_taskflow_api_virtualenv.py
[2025-06-25T21:13:58.984-0400] {processor.py:830} INFO - Processing file /opt/anaconda3/envs/airflow_env/lib/python3.10/site-packages/airflow/example_dags/tutorial_taskflow_api_virtualenv.py for tasks to queue
[2025-06-25T21:13:58.985-0400] {logging_mixin.py:188} INFO - [2025-06-25T21:13:58.984-0400] {dagbag.py:545} INFO - Filling up the DagBag from /opt/anaconda3/envs/airflow_env/lib/python3.10/site-packages/airflow/example_dags/tutorial_taskflow_api_virtualenv.py
[2025-06-25T21:13:58.999-0400] {processor.py:840} INFO - DAG(s) 'tutorial_taskflow_api_virtualenv' retrieved from /opt/anaconda3/envs/airflow_env/lib/python3.10/site-packages/airflow/example_dags/tutorial_taskflow_api_virtualenv.py
[2025-06-25T21:13:59.111-0400] {logging_mixin.py:188} INFO - [2025-06-25T21:13:59.111-0400] {dag.py:3096} INFO - Sync 1 DAGs
[2025-06-25T21:13:59.114-0400] {logging_mixin.py:188} INFO - [2025-06-25T21:13:59.114-0400] {dag.py:3954} INFO - Setting next_dagrun for tutorial_taskflow_api_virtualenv to None, run_after=None
[2025-06-25T21:13:59.122-0400] {processor.py:183} INFO - Processing /opt/anaconda3/envs/airflow_env/lib/python3.10/site-packages/airflow/example_dags/tutorial_taskflow_api_virtualenv.py took 0.140 seconds
[2025-06-25T21:14:25.926-0400] {processor.py:161} INFO - Started process (PID=69082) to work on /opt/anaconda3/envs/airflow_env/lib/python3.10/site-packages/airflow/example_dags/tutorial_taskflow_api_virtualenv.py
[2025-06-25T21:14:25.927-0400] {processor.py:830} INFO - Processing file /opt/anaconda3/envs/airflow_env/lib/python3.10/site-packages/airflow/example_dags/tutorial_taskflow_api_virtualenv.py for tasks to queue
[2025-06-25T21:14:25.928-0400] {logging_mixin.py:188} INFO - [2025-06-25T21:14:25.928-0400] {dagbag.py:545} INFO - Filling up the DagBag from /opt/anaconda3/envs/airflow_env/lib/python3.10/site-packages/airflow/example_dags/tutorial_taskflow_api_virtualenv.py
[2025-06-25T21:14:25.945-0400] {processor.py:840} INFO - DAG(s) 'tutorial_taskflow_api_virtualenv' retrieved from /opt/anaconda3/envs/airflow_env/lib/python3.10/site-packages/airflow/example_dags/tutorial_taskflow_api_virtualenv.py
[2025-06-25T21:14:25.950-0400] {logging_mixin.py:188} INFO - [2025-06-25T21:14:25.950-0400] {dag.py:3096} INFO - Sync 1 DAGs
[2025-06-25T21:14:25.983-0400] {logging_mixin.py:188} INFO - [2025-06-25T21:14:25.983-0400] {dag.py:3954} INFO - Setting next_dagrun for tutorial_taskflow_api_virtualenv to None, run_after=None
[2025-06-25T21:14:26.019-0400] {processor.py:183} INFO - Processing /opt/anaconda3/envs/airflow_env/lib/python3.10/site-packages/airflow/example_dags/tutorial_taskflow_api_virtualenv.py took 0.094 seconds
[2025-06-25T21:14:57.087-0400] {processor.py:161} INFO - Started process (PID=69130) to work on /opt/anaconda3/envs/airflow_env/lib/python3.10/site-packages/airflow/example_dags/tutorial_taskflow_api_virtualenv.py
[2025-06-25T21:14:57.088-0400] {processor.py:830} INFO - Processing file /opt/anaconda3/envs/airflow_env/lib/python3.10/site-packages/airflow/example_dags/tutorial_taskflow_api_virtualenv.py for tasks to queue
[2025-06-25T21:14:57.088-0400] {logging_mixin.py:188} INFO - [2025-06-25T21:14:57.088-0400] {dagbag.py:545} INFO - Filling up the DagBag from /opt/anaconda3/envs/airflow_env/lib/python3.10/site-packages/airflow/example_dags/tutorial_taskflow_api_virtualenv.py
[2025-06-25T21:14:57.103-0400] {processor.py:840} INFO - DAG(s) 'tutorial_taskflow_api_virtualenv' retrieved from /opt/anaconda3/envs/airflow_env/lib/python3.10/site-packages/airflow/example_dags/tutorial_taskflow_api_virtualenv.py
[2025-06-25T21:14:57.209-0400] {logging_mixin.py:188} INFO - [2025-06-25T21:14:57.209-0400] {dag.py:3096} INFO - Sync 1 DAGs
[2025-06-25T21:14:57.213-0400] {logging_mixin.py:188} INFO - [2025-06-25T21:14:57.212-0400] {dag.py:3954} INFO - Setting next_dagrun for tutorial_taskflow_api_virtualenv to None, run_after=None
[2025-06-25T21:14:57.220-0400] {processor.py:183} INFO - Processing /opt/anaconda3/envs/airflow_env/lib/python3.10/site-packages/airflow/example_dags/tutorial_taskflow_api_virtualenv.py took 0.135 seconds
[2025-06-25T21:15:19.733-0400] {processor.py:161} INFO - Started process (PID=69174) to work on /opt/anaconda3/envs/airflow_env/lib/python3.10/site-packages/airflow/example_dags/tutorial_taskflow_api_virtualenv.py
[2025-06-25T21:15:19.735-0400] {processor.py:830} INFO - Processing file /opt/anaconda3/envs/airflow_env/lib/python3.10/site-packages/airflow/example_dags/tutorial_taskflow_api_virtualenv.py for tasks to queue
[2025-06-25T21:15:19.735-0400] {logging_mixin.py:188} INFO - [2025-06-25T21:15:19.735-0400] {dagbag.py:545} INFO - Filling up the DagBag from /opt/anaconda3/envs/airflow_env/lib/python3.10/site-packages/airflow/example_dags/tutorial_taskflow_api_virtualenv.py
[2025-06-25T21:15:19.750-0400] {processor.py:840} INFO - DAG(s) 'tutorial_taskflow_api_virtualenv' retrieved from /opt/anaconda3/envs/airflow_env/lib/python3.10/site-packages/airflow/example_dags/tutorial_taskflow_api_virtualenv.py
[2025-06-25T21:15:19.754-0400] {logging_mixin.py:188} INFO - [2025-06-25T21:15:19.754-0400] {dag.py:3096} INFO - Sync 1 DAGs
[2025-06-25T21:15:19.783-0400] {logging_mixin.py:188} INFO - [2025-06-25T21:15:19.783-0400] {dag.py:3954} INFO - Setting next_dagrun for tutorial_taskflow_api_virtualenv to None, run_after=None
[2025-06-25T21:15:19.811-0400] {processor.py:183} INFO - Processing /opt/anaconda3/envs/airflow_env/lib/python3.10/site-packages/airflow/example_dags/tutorial_taskflow_api_virtualenv.py took 0.080 seconds
[2025-06-25T21:15:48.170-0400] {processor.py:161} INFO - Started process (PID=69224) to work on /opt/anaconda3/envs/airflow_env/lib/python3.10/site-packages/airflow/example_dags/tutorial_taskflow_api_virtualenv.py
[2025-06-25T21:15:48.171-0400] {processor.py:830} INFO - Processing file /opt/anaconda3/envs/airflow_env/lib/python3.10/site-packages/airflow/example_dags/tutorial_taskflow_api_virtualenv.py for tasks to queue
[2025-06-25T21:15:48.172-0400] {logging_mixin.py:188} INFO - [2025-06-25T21:15:48.172-0400] {dagbag.py:545} INFO - Filling up the DagBag from /opt/anaconda3/envs/airflow_env/lib/python3.10/site-packages/airflow/example_dags/tutorial_taskflow_api_virtualenv.py
[2025-06-25T21:15:48.186-0400] {processor.py:840} INFO - DAG(s) 'tutorial_taskflow_api_virtualenv' retrieved from /opt/anaconda3/envs/airflow_env/lib/python3.10/site-packages/airflow/example_dags/tutorial_taskflow_api_virtualenv.py
[2025-06-25T21:15:48.278-0400] {logging_mixin.py:188} INFO - [2025-06-25T21:15:48.278-0400] {dag.py:3096} INFO - Sync 1 DAGs
[2025-06-25T21:15:48.281-0400] {logging_mixin.py:188} INFO - [2025-06-25T21:15:48.281-0400] {dag.py:3954} INFO - Setting next_dagrun for tutorial_taskflow_api_virtualenv to None, run_after=None
[2025-06-25T21:15:48.288-0400] {processor.py:183} INFO - Processing /opt/anaconda3/envs/airflow_env/lib/python3.10/site-packages/airflow/example_dags/tutorial_taskflow_api_virtualenv.py took 0.119 seconds
[2025-06-25T21:16:12.358-0400] {processor.py:161} INFO - Started process (PID=69257) to work on /opt/anaconda3/envs/airflow_env/lib/python3.10/site-packages/airflow/example_dags/tutorial_taskflow_api_virtualenv.py
[2025-06-25T21:16:12.359-0400] {processor.py:830} INFO - Processing file /opt/anaconda3/envs/airflow_env/lib/python3.10/site-packages/airflow/example_dags/tutorial_taskflow_api_virtualenv.py for tasks to queue
[2025-06-25T21:16:12.359-0400] {logging_mixin.py:188} INFO - [2025-06-25T21:16:12.359-0400] {dagbag.py:545} INFO - Filling up the DagBag from /opt/anaconda3/envs/airflow_env/lib/python3.10/site-packages/airflow/example_dags/tutorial_taskflow_api_virtualenv.py
[2025-06-25T21:16:12.380-0400] {processor.py:840} INFO - DAG(s) 'tutorial_taskflow_api_virtualenv' retrieved from /opt/anaconda3/envs/airflow_env/lib/python3.10/site-packages/airflow/example_dags/tutorial_taskflow_api_virtualenv.py
[2025-06-25T21:16:12.387-0400] {logging_mixin.py:188} INFO - [2025-06-25T21:16:12.387-0400] {dag.py:3096} INFO - Sync 1 DAGs
[2025-06-25T21:16:12.415-0400] {logging_mixin.py:188} INFO - [2025-06-25T21:16:12.415-0400] {dag.py:3954} INFO - Setting next_dagrun for tutorial_taskflow_api_virtualenv to None, run_after=None
[2025-06-25T21:16:12.444-0400] {processor.py:183} INFO - Processing /opt/anaconda3/envs/airflow_env/lib/python3.10/site-packages/airflow/example_dags/tutorial_taskflow_api_virtualenv.py took 0.088 seconds
[2025-06-25T21:16:40.888-0400] {processor.py:161} INFO - Started process (PID=69315) to work on /opt/anaconda3/envs/airflow_env/lib/python3.10/site-packages/airflow/example_dags/tutorial_taskflow_api_virtualenv.py
[2025-06-25T21:16:40.889-0400] {processor.py:830} INFO - Processing file /opt/anaconda3/envs/airflow_env/lib/python3.10/site-packages/airflow/example_dags/tutorial_taskflow_api_virtualenv.py for tasks to queue
[2025-06-25T21:16:40.889-0400] {logging_mixin.py:188} INFO - [2025-06-25T21:16:40.889-0400] {dagbag.py:545} INFO - Filling up the DagBag from /opt/anaconda3/envs/airflow_env/lib/python3.10/site-packages/airflow/example_dags/tutorial_taskflow_api_virtualenv.py
[2025-06-25T21:16:40.907-0400] {processor.py:840} INFO - DAG(s) 'tutorial_taskflow_api_virtualenv' retrieved from /opt/anaconda3/envs/airflow_env/lib/python3.10/site-packages/airflow/example_dags/tutorial_taskflow_api_virtualenv.py
[2025-06-25T21:16:41.018-0400] {logging_mixin.py:188} INFO - [2025-06-25T21:16:41.018-0400] {dag.py:3096} INFO - Sync 1 DAGs
[2025-06-25T21:16:41.022-0400] {logging_mixin.py:188} INFO - [2025-06-25T21:16:41.022-0400] {dag.py:3954} INFO - Setting next_dagrun for tutorial_taskflow_api_virtualenv to None, run_after=None
[2025-06-25T21:16:41.030-0400] {processor.py:183} INFO - Processing /opt/anaconda3/envs/airflow_env/lib/python3.10/site-packages/airflow/example_dags/tutorial_taskflow_api_virtualenv.py took 0.145 seconds
[2025-06-25T21:17:16.912-0400] {processor.py:161} INFO - Started process (PID=69359) to work on /opt/anaconda3/envs/airflow_env/lib/python3.10/site-packages/airflow/example_dags/tutorial_taskflow_api_virtualenv.py
[2025-06-25T21:17:16.913-0400] {processor.py:830} INFO - Processing file /opt/anaconda3/envs/airflow_env/lib/python3.10/site-packages/airflow/example_dags/tutorial_taskflow_api_virtualenv.py for tasks to queue
[2025-06-25T21:17:16.914-0400] {logging_mixin.py:188} INFO - [2025-06-25T21:17:16.914-0400] {dagbag.py:545} INFO - Filling up the DagBag from /opt/anaconda3/envs/airflow_env/lib/python3.10/site-packages/airflow/example_dags/tutorial_taskflow_api_virtualenv.py
[2025-06-25T21:17:16.945-0400] {processor.py:840} INFO - DAG(s) 'tutorial_taskflow_api_virtualenv' retrieved from /opt/anaconda3/envs/airflow_env/lib/python3.10/site-packages/airflow/example_dags/tutorial_taskflow_api_virtualenv.py
[2025-06-25T21:17:17.104-0400] {logging_mixin.py:188} INFO - [2025-06-25T21:17:17.104-0400] {dag.py:3096} INFO - Sync 1 DAGs
[2025-06-25T21:17:17.110-0400] {logging_mixin.py:188} INFO - [2025-06-25T21:17:17.110-0400] {dag.py:3954} INFO - Setting next_dagrun for tutorial_taskflow_api_virtualenv to None, run_after=None
[2025-06-25T21:17:17.124-0400] {processor.py:183} INFO - Processing /opt/anaconda3/envs/airflow_env/lib/python3.10/site-packages/airflow/example_dags/tutorial_taskflow_api_virtualenv.py took 0.215 seconds
[2025-06-25T21:19:08.147-0400] {processor.py:161} INFO - Started process (PID=69423) to work on /opt/anaconda3/envs/airflow_env/lib/python3.10/site-packages/airflow/example_dags/tutorial_taskflow_api_virtualenv.py
[2025-06-25T21:19:08.148-0400] {processor.py:830} INFO - Processing file /opt/anaconda3/envs/airflow_env/lib/python3.10/site-packages/airflow/example_dags/tutorial_taskflow_api_virtualenv.py for tasks to queue
[2025-06-25T21:19:08.148-0400] {logging_mixin.py:188} INFO - [2025-06-25T21:19:08.148-0400] {dagbag.py:545} INFO - Filling up the DagBag from /opt/anaconda3/envs/airflow_env/lib/python3.10/site-packages/airflow/example_dags/tutorial_taskflow_api_virtualenv.py
[2025-06-25T21:19:08.167-0400] {processor.py:840} INFO - DAG(s) 'tutorial_taskflow_api_virtualenv' retrieved from /opt/anaconda3/envs/airflow_env/lib/python3.10/site-packages/airflow/example_dags/tutorial_taskflow_api_virtualenv.py
[2025-06-25T21:19:08.269-0400] {logging_mixin.py:188} INFO - [2025-06-25T21:19:08.269-0400] {dag.py:3096} INFO - Sync 1 DAGs
[2025-06-25T21:19:08.273-0400] {logging_mixin.py:188} INFO - [2025-06-25T21:19:08.273-0400] {dag.py:3954} INFO - Setting next_dagrun for tutorial_taskflow_api_virtualenv to None, run_after=None
[2025-06-25T21:19:08.281-0400] {processor.py:183} INFO - Processing /opt/anaconda3/envs/airflow_env/lib/python3.10/site-packages/airflow/example_dags/tutorial_taskflow_api_virtualenv.py took 0.137 seconds
[2025-06-25T21:19:44.868-0400] {processor.py:161} INFO - Started process (PID=69480) to work on /opt/anaconda3/envs/airflow_env/lib/python3.10/site-packages/airflow/example_dags/tutorial_taskflow_api_virtualenv.py
[2025-06-25T21:19:44.868-0400] {processor.py:830} INFO - Processing file /opt/anaconda3/envs/airflow_env/lib/python3.10/site-packages/airflow/example_dags/tutorial_taskflow_api_virtualenv.py for tasks to queue
[2025-06-25T21:19:44.869-0400] {logging_mixin.py:188} INFO - [2025-06-25T21:19:44.868-0400] {dagbag.py:545} INFO - Filling up the DagBag from /opt/anaconda3/envs/airflow_env/lib/python3.10/site-packages/airflow/example_dags/tutorial_taskflow_api_virtualenv.py
[2025-06-25T21:19:44.883-0400] {processor.py:840} INFO - DAG(s) 'tutorial_taskflow_api_virtualenv' retrieved from /opt/anaconda3/envs/airflow_env/lib/python3.10/site-packages/airflow/example_dags/tutorial_taskflow_api_virtualenv.py
[2025-06-25T21:19:44.974-0400] {logging_mixin.py:188} INFO - [2025-06-25T21:19:44.974-0400] {dag.py:3096} INFO - Sync 1 DAGs
[2025-06-25T21:19:44.977-0400] {logging_mixin.py:188} INFO - [2025-06-25T21:19:44.977-0400] {dag.py:3954} INFO - Setting next_dagrun for tutorial_taskflow_api_virtualenv to None, run_after=None
[2025-06-25T21:19:44.985-0400] {processor.py:183} INFO - Processing /opt/anaconda3/envs/airflow_env/lib/python3.10/site-packages/airflow/example_dags/tutorial_taskflow_api_virtualenv.py took 0.119 seconds
[2025-06-25T21:20:29.250-0400] {processor.py:161} INFO - Started process (PID=69571) to work on /opt/anaconda3/envs/airflow_env/lib/python3.10/site-packages/airflow/example_dags/tutorial_taskflow_api_virtualenv.py
[2025-06-25T21:20:29.251-0400] {processor.py:830} INFO - Processing file /opt/anaconda3/envs/airflow_env/lib/python3.10/site-packages/airflow/example_dags/tutorial_taskflow_api_virtualenv.py for tasks to queue
[2025-06-25T21:20:29.251-0400] {logging_mixin.py:188} INFO - [2025-06-25T21:20:29.251-0400] {dagbag.py:545} INFO - Filling up the DagBag from /opt/anaconda3/envs/airflow_env/lib/python3.10/site-packages/airflow/example_dags/tutorial_taskflow_api_virtualenv.py
[2025-06-25T21:20:29.271-0400] {processor.py:840} INFO - DAG(s) 'tutorial_taskflow_api_virtualenv' retrieved from /opt/anaconda3/envs/airflow_env/lib/python3.10/site-packages/airflow/example_dags/tutorial_taskflow_api_virtualenv.py
[2025-06-25T21:20:29.387-0400] {logging_mixin.py:188} INFO - [2025-06-25T21:20:29.387-0400] {dag.py:3096} INFO - Sync 1 DAGs
[2025-06-25T21:20:29.391-0400] {logging_mixin.py:188} INFO - [2025-06-25T21:20:29.391-0400] {dag.py:3954} INFO - Setting next_dagrun for tutorial_taskflow_api_virtualenv to None, run_after=None
[2025-06-25T21:20:29.401-0400] {processor.py:183} INFO - Processing /opt/anaconda3/envs/airflow_env/lib/python3.10/site-packages/airflow/example_dags/tutorial_taskflow_api_virtualenv.py took 0.153 seconds
[2025-06-25T21:20:41.606-0400] {processor.py:161} INFO - Started process (PID=69591) to work on /opt/anaconda3/envs/airflow_env/lib/python3.10/site-packages/airflow/example_dags/tutorial_taskflow_api_virtualenv.py
[2025-06-25T21:20:41.606-0400] {processor.py:830} INFO - Processing file /opt/anaconda3/envs/airflow_env/lib/python3.10/site-packages/airflow/example_dags/tutorial_taskflow_api_virtualenv.py for tasks to queue
[2025-06-25T21:20:41.606-0400] {logging_mixin.py:188} INFO - [2025-06-25T21:20:41.606-0400] {dagbag.py:545} INFO - Filling up the DagBag from /opt/anaconda3/envs/airflow_env/lib/python3.10/site-packages/airflow/example_dags/tutorial_taskflow_api_virtualenv.py
[2025-06-25T21:20:41.632-0400] {processor.py:840} INFO - DAG(s) 'tutorial_taskflow_api_virtualenv' retrieved from /opt/anaconda3/envs/airflow_env/lib/python3.10/site-packages/airflow/example_dags/tutorial_taskflow_api_virtualenv.py
[2025-06-25T21:20:41.638-0400] {logging_mixin.py:188} INFO - [2025-06-25T21:20:41.638-0400] {dag.py:3096} INFO - Sync 1 DAGs
[2025-06-25T21:20:41.701-0400] {logging_mixin.py:188} INFO - [2025-06-25T21:20:41.701-0400] {dag.py:3954} INFO - Setting next_dagrun for tutorial_taskflow_api_virtualenv to None, run_after=None
[2025-06-25T21:20:41.755-0400] {processor.py:183} INFO - Processing /opt/anaconda3/envs/airflow_env/lib/python3.10/site-packages/airflow/example_dags/tutorial_taskflow_api_virtualenv.py took 0.152 seconds
[2025-06-25T21:21:27.372-0400] {processor.py:161} INFO - Started process (PID=69665) to work on /opt/anaconda3/envs/airflow_env/lib/python3.10/site-packages/airflow/example_dags/tutorial_taskflow_api_virtualenv.py
[2025-06-25T21:21:27.373-0400] {processor.py:830} INFO - Processing file /opt/anaconda3/envs/airflow_env/lib/python3.10/site-packages/airflow/example_dags/tutorial_taskflow_api_virtualenv.py for tasks to queue
[2025-06-25T21:21:27.374-0400] {logging_mixin.py:188} INFO - [2025-06-25T21:21:27.374-0400] {dagbag.py:545} INFO - Filling up the DagBag from /opt/anaconda3/envs/airflow_env/lib/python3.10/site-packages/airflow/example_dags/tutorial_taskflow_api_virtualenv.py
[2025-06-25T21:21:27.388-0400] {processor.py:840} INFO - DAG(s) 'tutorial_taskflow_api_virtualenv' retrieved from /opt/anaconda3/envs/airflow_env/lib/python3.10/site-packages/airflow/example_dags/tutorial_taskflow_api_virtualenv.py
[2025-06-25T21:21:27.477-0400] {logging_mixin.py:188} INFO - [2025-06-25T21:21:27.477-0400] {dag.py:3096} INFO - Sync 1 DAGs
[2025-06-25T21:21:27.480-0400] {logging_mixin.py:188} INFO - [2025-06-25T21:21:27.480-0400] {dag.py:3954} INFO - Setting next_dagrun for tutorial_taskflow_api_virtualenv to None, run_after=None
[2025-06-25T21:21:27.489-0400] {processor.py:183} INFO - Processing /opt/anaconda3/envs/airflow_env/lib/python3.10/site-packages/airflow/example_dags/tutorial_taskflow_api_virtualenv.py took 0.118 seconds
[2025-06-25T21:21:41.488-0400] {processor.py:161} INFO - Started process (PID=69683) to work on /opt/anaconda3/envs/airflow_env/lib/python3.10/site-packages/airflow/example_dags/tutorial_taskflow_api_virtualenv.py
[2025-06-25T21:21:41.489-0400] {processor.py:830} INFO - Processing file /opt/anaconda3/envs/airflow_env/lib/python3.10/site-packages/airflow/example_dags/tutorial_taskflow_api_virtualenv.py for tasks to queue
[2025-06-25T21:21:41.489-0400] {logging_mixin.py:188} INFO - [2025-06-25T21:21:41.489-0400] {dagbag.py:545} INFO - Filling up the DagBag from /opt/anaconda3/envs/airflow_env/lib/python3.10/site-packages/airflow/example_dags/tutorial_taskflow_api_virtualenv.py
[2025-06-25T21:21:41.538-0400] {processor.py:840} INFO - DAG(s) 'tutorial_taskflow_api_virtualenv' retrieved from /opt/anaconda3/envs/airflow_env/lib/python3.10/site-packages/airflow/example_dags/tutorial_taskflow_api_virtualenv.py
[2025-06-25T21:21:41.550-0400] {logging_mixin.py:188} INFO - [2025-06-25T21:21:41.550-0400] {dag.py:3096} INFO - Sync 1 DAGs
[2025-06-25T21:21:41.682-0400] {logging_mixin.py:188} INFO - [2025-06-25T21:21:41.681-0400] {dag.py:3954} INFO - Setting next_dagrun for tutorial_taskflow_api_virtualenv to None, run_after=None
[2025-06-25T21:21:41.769-0400] {processor.py:183} INFO - Processing /opt/anaconda3/envs/airflow_env/lib/python3.10/site-packages/airflow/example_dags/tutorial_taskflow_api_virtualenv.py took 0.284 seconds
[2025-06-25T21:22:25.668-0400] {processor.py:161} INFO - Started process (PID=69740) to work on /opt/anaconda3/envs/airflow_env/lib/python3.10/site-packages/airflow/example_dags/tutorial_taskflow_api_virtualenv.py
[2025-06-25T21:22:25.669-0400] {processor.py:830} INFO - Processing file /opt/anaconda3/envs/airflow_env/lib/python3.10/site-packages/airflow/example_dags/tutorial_taskflow_api_virtualenv.py for tasks to queue
[2025-06-25T21:22:25.669-0400] {logging_mixin.py:188} INFO - [2025-06-25T21:22:25.669-0400] {dagbag.py:545} INFO - Filling up the DagBag from /opt/anaconda3/envs/airflow_env/lib/python3.10/site-packages/airflow/example_dags/tutorial_taskflow_api_virtualenv.py
[2025-06-25T21:22:25.686-0400] {processor.py:840} INFO - DAG(s) 'tutorial_taskflow_api_virtualenv' retrieved from /opt/anaconda3/envs/airflow_env/lib/python3.10/site-packages/airflow/example_dags/tutorial_taskflow_api_virtualenv.py
[2025-06-25T21:22:25.795-0400] {logging_mixin.py:188} INFO - [2025-06-25T21:22:25.795-0400] {dag.py:3096} INFO - Sync 1 DAGs
[2025-06-25T21:22:25.799-0400] {logging_mixin.py:188} INFO - [2025-06-25T21:22:25.799-0400] {dag.py:3954} INFO - Setting next_dagrun for tutorial_taskflow_api_virtualenv to None, run_after=None
[2025-06-25T21:22:25.807-0400] {processor.py:183} INFO - Processing /opt/anaconda3/envs/airflow_env/lib/python3.10/site-packages/airflow/example_dags/tutorial_taskflow_api_virtualenv.py took 0.143 seconds
[2025-06-25T21:22:42.674-0400] {processor.py:161} INFO - Started process (PID=69775) to work on /opt/anaconda3/envs/airflow_env/lib/python3.10/site-packages/airflow/example_dags/tutorial_taskflow_api_virtualenv.py
[2025-06-25T21:22:42.675-0400] {processor.py:830} INFO - Processing file /opt/anaconda3/envs/airflow_env/lib/python3.10/site-packages/airflow/example_dags/tutorial_taskflow_api_virtualenv.py for tasks to queue
[2025-06-25T21:22:42.676-0400] {logging_mixin.py:188} INFO - [2025-06-25T21:22:42.675-0400] {dagbag.py:545} INFO - Filling up the DagBag from /opt/anaconda3/envs/airflow_env/lib/python3.10/site-packages/airflow/example_dags/tutorial_taskflow_api_virtualenv.py
[2025-06-25T21:22:42.695-0400] {processor.py:840} INFO - DAG(s) 'tutorial_taskflow_api_virtualenv' retrieved from /opt/anaconda3/envs/airflow_env/lib/python3.10/site-packages/airflow/example_dags/tutorial_taskflow_api_virtualenv.py
[2025-06-25T21:22:42.702-0400] {logging_mixin.py:188} INFO - [2025-06-25T21:22:42.701-0400] {dag.py:3096} INFO - Sync 1 DAGs
[2025-06-25T21:22:42.734-0400] {logging_mixin.py:188} INFO - [2025-06-25T21:22:42.734-0400] {dag.py:3954} INFO - Setting next_dagrun for tutorial_taskflow_api_virtualenv to None, run_after=None
[2025-06-25T21:22:42.774-0400] {processor.py:183} INFO - Processing /opt/anaconda3/envs/airflow_env/lib/python3.10/site-packages/airflow/example_dags/tutorial_taskflow_api_virtualenv.py took 0.104 seconds
[2025-06-25T21:23:27.744-0400] {processor.py:161} INFO - Started process (PID=69843) to work on /opt/anaconda3/envs/airflow_env/lib/python3.10/site-packages/airflow/example_dags/tutorial_taskflow_api_virtualenv.py
[2025-06-25T21:23:27.745-0400] {processor.py:830} INFO - Processing file /opt/anaconda3/envs/airflow_env/lib/python3.10/site-packages/airflow/example_dags/tutorial_taskflow_api_virtualenv.py for tasks to queue
[2025-06-25T21:23:27.745-0400] {logging_mixin.py:188} INFO - [2025-06-25T21:23:27.745-0400] {dagbag.py:545} INFO - Filling up the DagBag from /opt/anaconda3/envs/airflow_env/lib/python3.10/site-packages/airflow/example_dags/tutorial_taskflow_api_virtualenv.py
[2025-06-25T21:23:27.766-0400] {processor.py:840} INFO - DAG(s) 'tutorial_taskflow_api_virtualenv' retrieved from /opt/anaconda3/envs/airflow_env/lib/python3.10/site-packages/airflow/example_dags/tutorial_taskflow_api_virtualenv.py
[2025-06-25T21:23:27.885-0400] {logging_mixin.py:188} INFO - [2025-06-25T21:23:27.885-0400] {dag.py:3096} INFO - Sync 1 DAGs
[2025-06-25T21:23:27.891-0400] {logging_mixin.py:188} INFO - [2025-06-25T21:23:27.890-0400] {dag.py:3954} INFO - Setting next_dagrun for tutorial_taskflow_api_virtualenv to None, run_after=None
[2025-06-25T21:23:27.900-0400] {processor.py:183} INFO - Processing /opt/anaconda3/envs/airflow_env/lib/python3.10/site-packages/airflow/example_dags/tutorial_taskflow_api_virtualenv.py took 0.159 seconds
[2025-06-25T21:23:42.008-0400] {processor.py:161} INFO - Started process (PID=69871) to work on /opt/anaconda3/envs/airflow_env/lib/python3.10/site-packages/airflow/example_dags/tutorial_taskflow_api_virtualenv.py
[2025-06-25T21:23:42.009-0400] {processor.py:830} INFO - Processing file /opt/anaconda3/envs/airflow_env/lib/python3.10/site-packages/airflow/example_dags/tutorial_taskflow_api_virtualenv.py for tasks to queue
[2025-06-25T21:23:42.010-0400] {logging_mixin.py:188} INFO - [2025-06-25T21:23:42.010-0400] {dagbag.py:545} INFO - Filling up the DagBag from /opt/anaconda3/envs/airflow_env/lib/python3.10/site-packages/airflow/example_dags/tutorial_taskflow_api_virtualenv.py
[2025-06-25T21:23:42.026-0400] {processor.py:840} INFO - DAG(s) 'tutorial_taskflow_api_virtualenv' retrieved from /opt/anaconda3/envs/airflow_env/lib/python3.10/site-packages/airflow/example_dags/tutorial_taskflow_api_virtualenv.py
[2025-06-25T21:23:42.030-0400] {logging_mixin.py:188} INFO - [2025-06-25T21:23:42.030-0400] {dag.py:3096} INFO - Sync 1 DAGs
[2025-06-25T21:23:42.063-0400] {logging_mixin.py:188} INFO - [2025-06-25T21:23:42.062-0400] {dag.py:3954} INFO - Setting next_dagrun for tutorial_taskflow_api_virtualenv to None, run_after=None
[2025-06-25T21:23:42.094-0400] {processor.py:183} INFO - Processing /opt/anaconda3/envs/airflow_env/lib/python3.10/site-packages/airflow/example_dags/tutorial_taskflow_api_virtualenv.py took 0.089 seconds
[2025-06-25T21:24:26.517-0400] {processor.py:161} INFO - Started process (PID=69939) to work on /opt/anaconda3/envs/airflow_env/lib/python3.10/site-packages/airflow/example_dags/tutorial_taskflow_api_virtualenv.py
[2025-06-25T21:24:26.518-0400] {processor.py:830} INFO - Processing file /opt/anaconda3/envs/airflow_env/lib/python3.10/site-packages/airflow/example_dags/tutorial_taskflow_api_virtualenv.py for tasks to queue
[2025-06-25T21:24:26.519-0400] {logging_mixin.py:188} INFO - [2025-06-25T21:24:26.518-0400] {dagbag.py:545} INFO - Filling up the DagBag from /opt/anaconda3/envs/airflow_env/lib/python3.10/site-packages/airflow/example_dags/tutorial_taskflow_api_virtualenv.py
[2025-06-25T21:24:26.535-0400] {processor.py:840} INFO - DAG(s) 'tutorial_taskflow_api_virtualenv' retrieved from /opt/anaconda3/envs/airflow_env/lib/python3.10/site-packages/airflow/example_dags/tutorial_taskflow_api_virtualenv.py
[2025-06-25T21:24:26.640-0400] {logging_mixin.py:188} INFO - [2025-06-25T21:24:26.640-0400] {dag.py:3096} INFO - Sync 1 DAGs
[2025-06-25T21:24:26.644-0400] {logging_mixin.py:188} INFO - [2025-06-25T21:24:26.643-0400] {dag.py:3954} INFO - Setting next_dagrun for tutorial_taskflow_api_virtualenv to None, run_after=None
[2025-06-25T21:24:26.653-0400] {processor.py:183} INFO - Processing /opt/anaconda3/envs/airflow_env/lib/python3.10/site-packages/airflow/example_dags/tutorial_taskflow_api_virtualenv.py took 0.139 seconds
[2025-06-25T21:24:42.630-0400] {processor.py:161} INFO - Started process (PID=69970) to work on /opt/anaconda3/envs/airflow_env/lib/python3.10/site-packages/airflow/example_dags/tutorial_taskflow_api_virtualenv.py
[2025-06-25T21:24:42.630-0400] {processor.py:830} INFO - Processing file /opt/anaconda3/envs/airflow_env/lib/python3.10/site-packages/airflow/example_dags/tutorial_taskflow_api_virtualenv.py for tasks to queue
[2025-06-25T21:24:42.630-0400] {logging_mixin.py:188} INFO - [2025-06-25T21:24:42.630-0400] {dagbag.py:545} INFO - Filling up the DagBag from /opt/anaconda3/envs/airflow_env/lib/python3.10/site-packages/airflow/example_dags/tutorial_taskflow_api_virtualenv.py
[2025-06-25T21:24:42.648-0400] {processor.py:840} INFO - DAG(s) 'tutorial_taskflow_api_virtualenv' retrieved from /opt/anaconda3/envs/airflow_env/lib/python3.10/site-packages/airflow/example_dags/tutorial_taskflow_api_virtualenv.py
[2025-06-25T21:24:42.656-0400] {logging_mixin.py:188} INFO - [2025-06-25T21:24:42.656-0400] {dag.py:3096} INFO - Sync 1 DAGs
[2025-06-25T21:24:42.690-0400] {logging_mixin.py:188} INFO - [2025-06-25T21:24:42.690-0400] {dag.py:3954} INFO - Setting next_dagrun for tutorial_taskflow_api_virtualenv to None, run_after=None
[2025-06-25T21:24:42.734-0400] {processor.py:183} INFO - Processing /opt/anaconda3/envs/airflow_env/lib/python3.10/site-packages/airflow/example_dags/tutorial_taskflow_api_virtualenv.py took 0.107 seconds
[2025-06-25T21:25:25.702-0400] {processor.py:161} INFO - Started process (PID=70031) to work on /opt/anaconda3/envs/airflow_env/lib/python3.10/site-packages/airflow/example_dags/tutorial_taskflow_api_virtualenv.py
[2025-06-25T21:25:25.703-0400] {processor.py:830} INFO - Processing file /opt/anaconda3/envs/airflow_env/lib/python3.10/site-packages/airflow/example_dags/tutorial_taskflow_api_virtualenv.py for tasks to queue
[2025-06-25T21:25:25.703-0400] {logging_mixin.py:188} INFO - [2025-06-25T21:25:25.703-0400] {dagbag.py:545} INFO - Filling up the DagBag from /opt/anaconda3/envs/airflow_env/lib/python3.10/site-packages/airflow/example_dags/tutorial_taskflow_api_virtualenv.py
[2025-06-25T21:25:25.724-0400] {processor.py:840} INFO - DAG(s) 'tutorial_taskflow_api_virtualenv' retrieved from /opt/anaconda3/envs/airflow_env/lib/python3.10/site-packages/airflow/example_dags/tutorial_taskflow_api_virtualenv.py
[2025-06-25T21:25:25.858-0400] {logging_mixin.py:188} INFO - [2025-06-25T21:25:25.858-0400] {dag.py:3096} INFO - Sync 1 DAGs
[2025-06-25T21:25:25.862-0400] {logging_mixin.py:188} INFO - [2025-06-25T21:25:25.862-0400] {dag.py:3954} INFO - Setting next_dagrun for tutorial_taskflow_api_virtualenv to None, run_after=None
[2025-06-25T21:25:25.870-0400] {processor.py:183} INFO - Processing /opt/anaconda3/envs/airflow_env/lib/python3.10/site-packages/airflow/example_dags/tutorial_taskflow_api_virtualenv.py took 0.171 seconds
[2025-06-25T21:25:41.607-0400] {processor.py:161} INFO - Started process (PID=70061) to work on /opt/anaconda3/envs/airflow_env/lib/python3.10/site-packages/airflow/example_dags/tutorial_taskflow_api_virtualenv.py
[2025-06-25T21:25:41.608-0400] {processor.py:830} INFO - Processing file /opt/anaconda3/envs/airflow_env/lib/python3.10/site-packages/airflow/example_dags/tutorial_taskflow_api_virtualenv.py for tasks to queue
[2025-06-25T21:25:41.608-0400] {logging_mixin.py:188} INFO - [2025-06-25T21:25:41.608-0400] {dagbag.py:545} INFO - Filling up the DagBag from /opt/anaconda3/envs/airflow_env/lib/python3.10/site-packages/airflow/example_dags/tutorial_taskflow_api_virtualenv.py
[2025-06-25T21:25:41.627-0400] {processor.py:840} INFO - DAG(s) 'tutorial_taskflow_api_virtualenv' retrieved from /opt/anaconda3/envs/airflow_env/lib/python3.10/site-packages/airflow/example_dags/tutorial_taskflow_api_virtualenv.py
[2025-06-25T21:25:41.633-0400] {logging_mixin.py:188} INFO - [2025-06-25T21:25:41.633-0400] {dag.py:3096} INFO - Sync 1 DAGs
[2025-06-25T21:25:41.666-0400] {logging_mixin.py:188} INFO - [2025-06-25T21:25:41.666-0400] {dag.py:3954} INFO - Setting next_dagrun for tutorial_taskflow_api_virtualenv to None, run_after=None
[2025-06-25T21:25:41.698-0400] {processor.py:183} INFO - Processing /opt/anaconda3/envs/airflow_env/lib/python3.10/site-packages/airflow/example_dags/tutorial_taskflow_api_virtualenv.py took 0.093 seconds
[2025-06-25T21:26:22.783-0400] {processor.py:161} INFO - Started process (PID=70120) to work on /opt/anaconda3/envs/airflow_env/lib/python3.10/site-packages/airflow/example_dags/tutorial_taskflow_api_virtualenv.py
[2025-06-25T21:26:22.784-0400] {processor.py:830} INFO - Processing file /opt/anaconda3/envs/airflow_env/lib/python3.10/site-packages/airflow/example_dags/tutorial_taskflow_api_virtualenv.py for tasks to queue
[2025-06-25T21:26:22.784-0400] {logging_mixin.py:188} INFO - [2025-06-25T21:26:22.784-0400] {dagbag.py:545} INFO - Filling up the DagBag from /opt/anaconda3/envs/airflow_env/lib/python3.10/site-packages/airflow/example_dags/tutorial_taskflow_api_virtualenv.py
[2025-06-25T21:26:22.800-0400] {processor.py:840} INFO - DAG(s) 'tutorial_taskflow_api_virtualenv' retrieved from /opt/anaconda3/envs/airflow_env/lib/python3.10/site-packages/airflow/example_dags/tutorial_taskflow_api_virtualenv.py
[2025-06-25T21:26:22.903-0400] {logging_mixin.py:188} INFO - [2025-06-25T21:26:22.903-0400] {dag.py:3096} INFO - Sync 1 DAGs
[2025-06-25T21:26:22.907-0400] {logging_mixin.py:188} INFO - [2025-06-25T21:26:22.906-0400] {dag.py:3954} INFO - Setting next_dagrun for tutorial_taskflow_api_virtualenv to None, run_after=None
[2025-06-25T21:26:22.915-0400] {processor.py:183} INFO - Processing /opt/anaconda3/envs/airflow_env/lib/python3.10/site-packages/airflow/example_dags/tutorial_taskflow_api_virtualenv.py took 0.134 seconds
[2025-06-25T21:26:40.220-0400] {processor.py:161} INFO - Started process (PID=70144) to work on /opt/anaconda3/envs/airflow_env/lib/python3.10/site-packages/airflow/example_dags/tutorial_taskflow_api_virtualenv.py
[2025-06-25T21:26:40.221-0400] {processor.py:830} INFO - Processing file /opt/anaconda3/envs/airflow_env/lib/python3.10/site-packages/airflow/example_dags/tutorial_taskflow_api_virtualenv.py for tasks to queue
[2025-06-25T21:26:40.221-0400] {logging_mixin.py:188} INFO - [2025-06-25T21:26:40.221-0400] {dagbag.py:545} INFO - Filling up the DagBag from /opt/anaconda3/envs/airflow_env/lib/python3.10/site-packages/airflow/example_dags/tutorial_taskflow_api_virtualenv.py
[2025-06-25T21:26:40.238-0400] {processor.py:840} INFO - DAG(s) 'tutorial_taskflow_api_virtualenv' retrieved from /opt/anaconda3/envs/airflow_env/lib/python3.10/site-packages/airflow/example_dags/tutorial_taskflow_api_virtualenv.py
[2025-06-25T21:26:40.243-0400] {logging_mixin.py:188} INFO - [2025-06-25T21:26:40.243-0400] {dag.py:3096} INFO - Sync 1 DAGs
[2025-06-25T21:26:40.279-0400] {logging_mixin.py:188} INFO - [2025-06-25T21:26:40.278-0400] {dag.py:3954} INFO - Setting next_dagrun for tutorial_taskflow_api_virtualenv to None, run_after=None
[2025-06-25T21:26:40.324-0400] {processor.py:183} INFO - Processing /opt/anaconda3/envs/airflow_env/lib/python3.10/site-packages/airflow/example_dags/tutorial_taskflow_api_virtualenv.py took 0.106 seconds
[2025-06-25T21:27:18.171-0400] {processor.py:161} INFO - Started process (PID=70202) to work on /opt/anaconda3/envs/airflow_env/lib/python3.10/site-packages/airflow/example_dags/tutorial_taskflow_api_virtualenv.py
[2025-06-25T21:27:18.172-0400] {processor.py:830} INFO - Processing file /opt/anaconda3/envs/airflow_env/lib/python3.10/site-packages/airflow/example_dags/tutorial_taskflow_api_virtualenv.py for tasks to queue
[2025-06-25T21:27:18.172-0400] {logging_mixin.py:188} INFO - [2025-06-25T21:27:18.172-0400] {dagbag.py:545} INFO - Filling up the DagBag from /opt/anaconda3/envs/airflow_env/lib/python3.10/site-packages/airflow/example_dags/tutorial_taskflow_api_virtualenv.py
[2025-06-25T21:27:18.189-0400] {processor.py:840} INFO - DAG(s) 'tutorial_taskflow_api_virtualenv' retrieved from /opt/anaconda3/envs/airflow_env/lib/python3.10/site-packages/airflow/example_dags/tutorial_taskflow_api_virtualenv.py
[2025-06-25T21:27:18.296-0400] {logging_mixin.py:188} INFO - [2025-06-25T21:27:18.296-0400] {dag.py:3096} INFO - Sync 1 DAGs
[2025-06-25T21:27:18.300-0400] {logging_mixin.py:188} INFO - [2025-06-25T21:27:18.300-0400] {dag.py:3954} INFO - Setting next_dagrun for tutorial_taskflow_api_virtualenv to None, run_after=None
[2025-06-25T21:27:18.308-0400] {processor.py:183} INFO - Processing /opt/anaconda3/envs/airflow_env/lib/python3.10/site-packages/airflow/example_dags/tutorial_taskflow_api_virtualenv.py took 0.138 seconds
[2025-06-25T21:27:40.041-0400] {processor.py:161} INFO - Started process (PID=70236) to work on /opt/anaconda3/envs/airflow_env/lib/python3.10/site-packages/airflow/example_dags/tutorial_taskflow_api_virtualenv.py
[2025-06-25T21:27:40.042-0400] {processor.py:830} INFO - Processing file /opt/anaconda3/envs/airflow_env/lib/python3.10/site-packages/airflow/example_dags/tutorial_taskflow_api_virtualenv.py for tasks to queue
[2025-06-25T21:27:40.043-0400] {logging_mixin.py:188} INFO - [2025-06-25T21:27:40.043-0400] {dagbag.py:545} INFO - Filling up the DagBag from /opt/anaconda3/envs/airflow_env/lib/python3.10/site-packages/airflow/example_dags/tutorial_taskflow_api_virtualenv.py
[2025-06-25T21:27:40.059-0400] {processor.py:840} INFO - DAG(s) 'tutorial_taskflow_api_virtualenv' retrieved from /opt/anaconda3/envs/airflow_env/lib/python3.10/site-packages/airflow/example_dags/tutorial_taskflow_api_virtualenv.py
[2025-06-25T21:27:40.063-0400] {logging_mixin.py:188} INFO - [2025-06-25T21:27:40.063-0400] {dag.py:3096} INFO - Sync 1 DAGs
[2025-06-25T21:27:40.094-0400] {logging_mixin.py:188} INFO - [2025-06-25T21:27:40.094-0400] {dag.py:3954} INFO - Setting next_dagrun for tutorial_taskflow_api_virtualenv to None, run_after=None
[2025-06-25T21:27:40.122-0400] {processor.py:183} INFO - Processing /opt/anaconda3/envs/airflow_env/lib/python3.10/site-packages/airflow/example_dags/tutorial_taskflow_api_virtualenv.py took 0.083 seconds
[2025-06-25T21:28:19.893-0400] {processor.py:161} INFO - Started process (PID=70318) to work on /opt/anaconda3/envs/airflow_env/lib/python3.10/site-packages/airflow/example_dags/tutorial_taskflow_api_virtualenv.py
[2025-06-25T21:28:19.893-0400] {processor.py:830} INFO - Processing file /opt/anaconda3/envs/airflow_env/lib/python3.10/site-packages/airflow/example_dags/tutorial_taskflow_api_virtualenv.py for tasks to queue
[2025-06-25T21:28:19.894-0400] {logging_mixin.py:188} INFO - [2025-06-25T21:28:19.894-0400] {dagbag.py:545} INFO - Filling up the DagBag from /opt/anaconda3/envs/airflow_env/lib/python3.10/site-packages/airflow/example_dags/tutorial_taskflow_api_virtualenv.py
[2025-06-25T21:28:19.911-0400] {processor.py:840} INFO - DAG(s) 'tutorial_taskflow_api_virtualenv' retrieved from /opt/anaconda3/envs/airflow_env/lib/python3.10/site-packages/airflow/example_dags/tutorial_taskflow_api_virtualenv.py
[2025-06-25T21:28:20.018-0400] {logging_mixin.py:188} INFO - [2025-06-25T21:28:20.018-0400] {dag.py:3096} INFO - Sync 1 DAGs
[2025-06-25T21:28:20.022-0400] {logging_mixin.py:188} INFO - [2025-06-25T21:28:20.022-0400] {dag.py:3954} INFO - Setting next_dagrun for tutorial_taskflow_api_virtualenv to None, run_after=None
[2025-06-25T21:28:20.034-0400] {processor.py:183} INFO - Processing /opt/anaconda3/envs/airflow_env/lib/python3.10/site-packages/airflow/example_dags/tutorial_taskflow_api_virtualenv.py took 0.144 seconds
[2025-06-25T21:28:42.548-0400] {processor.py:161} INFO - Started process (PID=70351) to work on /opt/anaconda3/envs/airflow_env/lib/python3.10/site-packages/airflow/example_dags/tutorial_taskflow_api_virtualenv.py
[2025-06-25T21:28:42.549-0400] {processor.py:830} INFO - Processing file /opt/anaconda3/envs/airflow_env/lib/python3.10/site-packages/airflow/example_dags/tutorial_taskflow_api_virtualenv.py for tasks to queue
[2025-06-25T21:28:42.549-0400] {logging_mixin.py:188} INFO - [2025-06-25T21:28:42.549-0400] {dagbag.py:545} INFO - Filling up the DagBag from /opt/anaconda3/envs/airflow_env/lib/python3.10/site-packages/airflow/example_dags/tutorial_taskflow_api_virtualenv.py
[2025-06-25T21:28:42.576-0400] {processor.py:840} INFO - DAG(s) 'tutorial_taskflow_api_virtualenv' retrieved from /opt/anaconda3/envs/airflow_env/lib/python3.10/site-packages/airflow/example_dags/tutorial_taskflow_api_virtualenv.py
[2025-06-25T21:28:42.582-0400] {logging_mixin.py:188} INFO - [2025-06-25T21:28:42.581-0400] {dag.py:3096} INFO - Sync 1 DAGs
[2025-06-25T21:28:42.668-0400] {logging_mixin.py:188} INFO - [2025-06-25T21:28:42.668-0400] {dag.py:3954} INFO - Setting next_dagrun for tutorial_taskflow_api_virtualenv to None, run_after=None
[2025-06-25T21:28:42.758-0400] {processor.py:183} INFO - Processing /opt/anaconda3/envs/airflow_env/lib/python3.10/site-packages/airflow/example_dags/tutorial_taskflow_api_virtualenv.py took 0.213 seconds
[2025-06-25T21:29:21.900-0400] {processor.py:161} INFO - Started process (PID=70418) to work on /opt/anaconda3/envs/airflow_env/lib/python3.10/site-packages/airflow/example_dags/tutorial_taskflow_api_virtualenv.py
[2025-06-25T21:29:21.901-0400] {processor.py:830} INFO - Processing file /opt/anaconda3/envs/airflow_env/lib/python3.10/site-packages/airflow/example_dags/tutorial_taskflow_api_virtualenv.py for tasks to queue
[2025-06-25T21:29:21.901-0400] {logging_mixin.py:188} INFO - [2025-06-25T21:29:21.901-0400] {dagbag.py:545} INFO - Filling up the DagBag from /opt/anaconda3/envs/airflow_env/lib/python3.10/site-packages/airflow/example_dags/tutorial_taskflow_api_virtualenv.py
[2025-06-25T21:29:21.919-0400] {processor.py:840} INFO - DAG(s) 'tutorial_taskflow_api_virtualenv' retrieved from /opt/anaconda3/envs/airflow_env/lib/python3.10/site-packages/airflow/example_dags/tutorial_taskflow_api_virtualenv.py
[2025-06-25T21:29:22.030-0400] {logging_mixin.py:188} INFO - [2025-06-25T21:29:22.030-0400] {dag.py:3096} INFO - Sync 1 DAGs
[2025-06-25T21:29:22.034-0400] {logging_mixin.py:188} INFO - [2025-06-25T21:29:22.034-0400] {dag.py:3954} INFO - Setting next_dagrun for tutorial_taskflow_api_virtualenv to None, run_after=None
[2025-06-25T21:29:22.042-0400] {processor.py:183} INFO - Processing /opt/anaconda3/envs/airflow_env/lib/python3.10/site-packages/airflow/example_dags/tutorial_taskflow_api_virtualenv.py took 0.144 seconds
[2025-06-25T21:29:42.814-0400] {processor.py:161} INFO - Started process (PID=70448) to work on /opt/anaconda3/envs/airflow_env/lib/python3.10/site-packages/airflow/example_dags/tutorial_taskflow_api_virtualenv.py
[2025-06-25T21:29:42.815-0400] {processor.py:830} INFO - Processing file /opt/anaconda3/envs/airflow_env/lib/python3.10/site-packages/airflow/example_dags/tutorial_taskflow_api_virtualenv.py for tasks to queue
[2025-06-25T21:29:42.815-0400] {logging_mixin.py:188} INFO - [2025-06-25T21:29:42.815-0400] {dagbag.py:545} INFO - Filling up the DagBag from /opt/anaconda3/envs/airflow_env/lib/python3.10/site-packages/airflow/example_dags/tutorial_taskflow_api_virtualenv.py
[2025-06-25T21:29:42.830-0400] {processor.py:840} INFO - DAG(s) 'tutorial_taskflow_api_virtualenv' retrieved from /opt/anaconda3/envs/airflow_env/lib/python3.10/site-packages/airflow/example_dags/tutorial_taskflow_api_virtualenv.py
[2025-06-25T21:29:42.834-0400] {logging_mixin.py:188} INFO - [2025-06-25T21:29:42.834-0400] {dag.py:3096} INFO - Sync 1 DAGs
[2025-06-25T21:29:42.861-0400] {logging_mixin.py:188} INFO - [2025-06-25T21:29:42.861-0400] {dag.py:3954} INFO - Setting next_dagrun for tutorial_taskflow_api_virtualenv to None, run_after=None
[2025-06-25T21:29:42.888-0400] {processor.py:183} INFO - Processing /opt/anaconda3/envs/airflow_env/lib/python3.10/site-packages/airflow/example_dags/tutorial_taskflow_api_virtualenv.py took 0.076 seconds
[2025-06-25T21:30:20.791-0400] {processor.py:161} INFO - Started process (PID=70503) to work on /opt/anaconda3/envs/airflow_env/lib/python3.10/site-packages/airflow/example_dags/tutorial_taskflow_api_virtualenv.py
[2025-06-25T21:30:20.792-0400] {processor.py:830} INFO - Processing file /opt/anaconda3/envs/airflow_env/lib/python3.10/site-packages/airflow/example_dags/tutorial_taskflow_api_virtualenv.py for tasks to queue
[2025-06-25T21:30:20.793-0400] {logging_mixin.py:188} INFO - [2025-06-25T21:30:20.793-0400] {dagbag.py:545} INFO - Filling up the DagBag from /opt/anaconda3/envs/airflow_env/lib/python3.10/site-packages/airflow/example_dags/tutorial_taskflow_api_virtualenv.py
[2025-06-25T21:30:20.809-0400] {processor.py:840} INFO - DAG(s) 'tutorial_taskflow_api_virtualenv' retrieved from /opt/anaconda3/envs/airflow_env/lib/python3.10/site-packages/airflow/example_dags/tutorial_taskflow_api_virtualenv.py
[2025-06-25T21:30:20.903-0400] {logging_mixin.py:188} INFO - [2025-06-25T21:30:20.903-0400] {dag.py:3096} INFO - Sync 1 DAGs
[2025-06-25T21:30:20.907-0400] {logging_mixin.py:188} INFO - [2025-06-25T21:30:20.907-0400] {dag.py:3954} INFO - Setting next_dagrun for tutorial_taskflow_api_virtualenv to None, run_after=None
[2025-06-25T21:30:20.915-0400] {processor.py:183} INFO - Processing /opt/anaconda3/envs/airflow_env/lib/python3.10/site-packages/airflow/example_dags/tutorial_taskflow_api_virtualenv.py took 0.127 seconds
[2025-06-25T21:30:39.943-0400] {processor.py:161} INFO - Started process (PID=70529) to work on /opt/anaconda3/envs/airflow_env/lib/python3.10/site-packages/airflow/example_dags/tutorial_taskflow_api_virtualenv.py
[2025-06-25T21:30:39.945-0400] {processor.py:830} INFO - Processing file /opt/anaconda3/envs/airflow_env/lib/python3.10/site-packages/airflow/example_dags/tutorial_taskflow_api_virtualenv.py for tasks to queue
[2025-06-25T21:30:39.946-0400] {logging_mixin.py:188} INFO - [2025-06-25T21:30:39.945-0400] {dagbag.py:545} INFO - Filling up the DagBag from /opt/anaconda3/envs/airflow_env/lib/python3.10/site-packages/airflow/example_dags/tutorial_taskflow_api_virtualenv.py
[2025-06-25T21:30:39.966-0400] {processor.py:840} INFO - DAG(s) 'tutorial_taskflow_api_virtualenv' retrieved from /opt/anaconda3/envs/airflow_env/lib/python3.10/site-packages/airflow/example_dags/tutorial_taskflow_api_virtualenv.py
[2025-06-25T21:30:39.971-0400] {logging_mixin.py:188} INFO - [2025-06-25T21:30:39.971-0400] {dag.py:3096} INFO - Sync 1 DAGs
[2025-06-25T21:30:40.007-0400] {logging_mixin.py:188} INFO - [2025-06-25T21:30:40.007-0400] {dag.py:3954} INFO - Setting next_dagrun for tutorial_taskflow_api_virtualenv to None, run_after=None
[2025-06-25T21:30:40.041-0400] {processor.py:183} INFO - Processing /opt/anaconda3/envs/airflow_env/lib/python3.10/site-packages/airflow/example_dags/tutorial_taskflow_api_virtualenv.py took 0.109 seconds
[2025-06-25T21:31:18.725-0400] {processor.py:161} INFO - Started process (PID=70588) to work on /opt/anaconda3/envs/airflow_env/lib/python3.10/site-packages/airflow/example_dags/tutorial_taskflow_api_virtualenv.py
[2025-06-25T21:31:18.726-0400] {processor.py:830} INFO - Processing file /opt/anaconda3/envs/airflow_env/lib/python3.10/site-packages/airflow/example_dags/tutorial_taskflow_api_virtualenv.py for tasks to queue
[2025-06-25T21:31:18.727-0400] {logging_mixin.py:188} INFO - [2025-06-25T21:31:18.727-0400] {dagbag.py:545} INFO - Filling up the DagBag from /opt/anaconda3/envs/airflow_env/lib/python3.10/site-packages/airflow/example_dags/tutorial_taskflow_api_virtualenv.py
[2025-06-25T21:31:18.759-0400] {processor.py:840} INFO - DAG(s) 'tutorial_taskflow_api_virtualenv' retrieved from /opt/anaconda3/envs/airflow_env/lib/python3.10/site-packages/airflow/example_dags/tutorial_taskflow_api_virtualenv.py
[2025-06-25T21:31:18.870-0400] {logging_mixin.py:188} INFO - [2025-06-25T21:31:18.869-0400] {dag.py:3096} INFO - Sync 1 DAGs
[2025-06-25T21:31:18.873-0400] {logging_mixin.py:188} INFO - [2025-06-25T21:31:18.873-0400] {dag.py:3954} INFO - Setting next_dagrun for tutorial_taskflow_api_virtualenv to None, run_after=None
[2025-06-25T21:31:18.882-0400] {processor.py:183} INFO - Processing /opt/anaconda3/envs/airflow_env/lib/python3.10/site-packages/airflow/example_dags/tutorial_taskflow_api_virtualenv.py took 0.163 seconds
[2025-06-25T21:31:34.045-0400] {processor.py:161} INFO - Started process (PID=70620) to work on /opt/anaconda3/envs/airflow_env/lib/python3.10/site-packages/airflow/example_dags/tutorial_taskflow_api_virtualenv.py
[2025-06-25T21:31:34.045-0400] {processor.py:830} INFO - Processing file /opt/anaconda3/envs/airflow_env/lib/python3.10/site-packages/airflow/example_dags/tutorial_taskflow_api_virtualenv.py for tasks to queue
[2025-06-25T21:31:34.046-0400] {logging_mixin.py:188} INFO - [2025-06-25T21:31:34.045-0400] {dagbag.py:545} INFO - Filling up the DagBag from /opt/anaconda3/envs/airflow_env/lib/python3.10/site-packages/airflow/example_dags/tutorial_taskflow_api_virtualenv.py
[2025-06-25T21:31:34.064-0400] {processor.py:840} INFO - DAG(s) 'tutorial_taskflow_api_virtualenv' retrieved from /opt/anaconda3/envs/airflow_env/lib/python3.10/site-packages/airflow/example_dags/tutorial_taskflow_api_virtualenv.py
[2025-06-25T21:31:34.068-0400] {logging_mixin.py:188} INFO - [2025-06-25T21:31:34.068-0400] {dag.py:3096} INFO - Sync 1 DAGs
[2025-06-25T21:31:34.100-0400] {logging_mixin.py:188} INFO - [2025-06-25T21:31:34.100-0400] {dag.py:3954} INFO - Setting next_dagrun for tutorial_taskflow_api_virtualenv to None, run_after=None
[2025-06-25T21:31:34.136-0400] {processor.py:183} INFO - Processing /opt/anaconda3/envs/airflow_env/lib/python3.10/site-packages/airflow/example_dags/tutorial_taskflow_api_virtualenv.py took 0.093 seconds
[2025-06-25T21:32:15.795-0400] {processor.py:161} INFO - Started process (PID=70683) to work on /opt/anaconda3/envs/airflow_env/lib/python3.10/site-packages/airflow/example_dags/tutorial_taskflow_api_virtualenv.py
[2025-06-25T21:32:15.796-0400] {processor.py:830} INFO - Processing file /opt/anaconda3/envs/airflow_env/lib/python3.10/site-packages/airflow/example_dags/tutorial_taskflow_api_virtualenv.py for tasks to queue
[2025-06-25T21:32:15.797-0400] {logging_mixin.py:188} INFO - [2025-06-25T21:32:15.797-0400] {dagbag.py:545} INFO - Filling up the DagBag from /opt/anaconda3/envs/airflow_env/lib/python3.10/site-packages/airflow/example_dags/tutorial_taskflow_api_virtualenv.py
[2025-06-25T21:32:15.815-0400] {processor.py:840} INFO - DAG(s) 'tutorial_taskflow_api_virtualenv' retrieved from /opt/anaconda3/envs/airflow_env/lib/python3.10/site-packages/airflow/example_dags/tutorial_taskflow_api_virtualenv.py
[2025-06-25T21:32:15.924-0400] {logging_mixin.py:188} INFO - [2025-06-25T21:32:15.924-0400] {dag.py:3096} INFO - Sync 1 DAGs
[2025-06-25T21:32:15.928-0400] {logging_mixin.py:188} INFO - [2025-06-25T21:32:15.928-0400] {dag.py:3954} INFO - Setting next_dagrun for tutorial_taskflow_api_virtualenv to None, run_after=None
[2025-06-25T21:32:15.936-0400] {processor.py:183} INFO - Processing /opt/anaconda3/envs/airflow_env/lib/python3.10/site-packages/airflow/example_dags/tutorial_taskflow_api_virtualenv.py took 0.144 seconds
[2025-06-25T21:32:31.011-0400] {processor.py:161} INFO - Started process (PID=70708) to work on /opt/anaconda3/envs/airflow_env/lib/python3.10/site-packages/airflow/example_dags/tutorial_taskflow_api_virtualenv.py
[2025-06-25T21:32:31.012-0400] {processor.py:830} INFO - Processing file /opt/anaconda3/envs/airflow_env/lib/python3.10/site-packages/airflow/example_dags/tutorial_taskflow_api_virtualenv.py for tasks to queue
[2025-06-25T21:32:31.012-0400] {logging_mixin.py:188} INFO - [2025-06-25T21:32:31.012-0400] {dagbag.py:545} INFO - Filling up the DagBag from /opt/anaconda3/envs/airflow_env/lib/python3.10/site-packages/airflow/example_dags/tutorial_taskflow_api_virtualenv.py
[2025-06-25T21:32:31.029-0400] {processor.py:840} INFO - DAG(s) 'tutorial_taskflow_api_virtualenv' retrieved from /opt/anaconda3/envs/airflow_env/lib/python3.10/site-packages/airflow/example_dags/tutorial_taskflow_api_virtualenv.py
[2025-06-25T21:32:31.034-0400] {logging_mixin.py:188} INFO - [2025-06-25T21:32:31.034-0400] {dag.py:3096} INFO - Sync 1 DAGs
[2025-06-25T21:32:31.070-0400] {logging_mixin.py:188} INFO - [2025-06-25T21:32:31.069-0400] {dag.py:3954} INFO - Setting next_dagrun for tutorial_taskflow_api_virtualenv to None, run_after=None
[2025-06-25T21:32:31.111-0400] {processor.py:183} INFO - Processing /opt/anaconda3/envs/airflow_env/lib/python3.10/site-packages/airflow/example_dags/tutorial_taskflow_api_virtualenv.py took 0.102 seconds
[2025-06-25T21:33:12.440-0400] {processor.py:161} INFO - Started process (PID=70764) to work on /opt/anaconda3/envs/airflow_env/lib/python3.10/site-packages/airflow/example_dags/tutorial_taskflow_api_virtualenv.py
[2025-06-25T21:33:12.441-0400] {processor.py:830} INFO - Processing file /opt/anaconda3/envs/airflow_env/lib/python3.10/site-packages/airflow/example_dags/tutorial_taskflow_api_virtualenv.py for tasks to queue
[2025-06-25T21:33:12.441-0400] {logging_mixin.py:188} INFO - [2025-06-25T21:33:12.441-0400] {dagbag.py:545} INFO - Filling up the DagBag from /opt/anaconda3/envs/airflow_env/lib/python3.10/site-packages/airflow/example_dags/tutorial_taskflow_api_virtualenv.py
[2025-06-25T21:33:12.460-0400] {processor.py:840} INFO - DAG(s) 'tutorial_taskflow_api_virtualenv' retrieved from /opt/anaconda3/envs/airflow_env/lib/python3.10/site-packages/airflow/example_dags/tutorial_taskflow_api_virtualenv.py
[2025-06-25T21:33:12.575-0400] {logging_mixin.py:188} INFO - [2025-06-25T21:33:12.575-0400] {dag.py:3096} INFO - Sync 1 DAGs
[2025-06-25T21:33:12.582-0400] {logging_mixin.py:188} INFO - [2025-06-25T21:33:12.582-0400] {dag.py:3954} INFO - Setting next_dagrun for tutorial_taskflow_api_virtualenv to None, run_after=None
[2025-06-25T21:33:12.592-0400] {processor.py:183} INFO - Processing /opt/anaconda3/envs/airflow_env/lib/python3.10/site-packages/airflow/example_dags/tutorial_taskflow_api_virtualenv.py took 0.155 seconds
[2025-06-25T21:33:31.812-0400] {processor.py:161} INFO - Started process (PID=70791) to work on /opt/anaconda3/envs/airflow_env/lib/python3.10/site-packages/airflow/example_dags/tutorial_taskflow_api_virtualenv.py
[2025-06-25T21:33:31.813-0400] {processor.py:830} INFO - Processing file /opt/anaconda3/envs/airflow_env/lib/python3.10/site-packages/airflow/example_dags/tutorial_taskflow_api_virtualenv.py for tasks to queue
[2025-06-25T21:33:31.813-0400] {logging_mixin.py:188} INFO - [2025-06-25T21:33:31.813-0400] {dagbag.py:545} INFO - Filling up the DagBag from /opt/anaconda3/envs/airflow_env/lib/python3.10/site-packages/airflow/example_dags/tutorial_taskflow_api_virtualenv.py
[2025-06-25T21:33:31.826-0400] {processor.py:840} INFO - DAG(s) 'tutorial_taskflow_api_virtualenv' retrieved from /opt/anaconda3/envs/airflow_env/lib/python3.10/site-packages/airflow/example_dags/tutorial_taskflow_api_virtualenv.py
[2025-06-25T21:33:31.830-0400] {logging_mixin.py:188} INFO - [2025-06-25T21:33:31.830-0400] {dag.py:3096} INFO - Sync 1 DAGs
[2025-06-25T21:33:31.857-0400] {logging_mixin.py:188} INFO - [2025-06-25T21:33:31.857-0400] {dag.py:3954} INFO - Setting next_dagrun for tutorial_taskflow_api_virtualenv to None, run_after=None
[2025-06-25T21:33:31.882-0400] {processor.py:183} INFO - Processing /opt/anaconda3/envs/airflow_env/lib/python3.10/site-packages/airflow/example_dags/tutorial_taskflow_api_virtualenv.py took 0.072 seconds
[2025-06-25T21:34:04.958-0400] {processor.py:161} INFO - Started process (PID=70838) to work on /opt/anaconda3/envs/airflow_env/lib/python3.10/site-packages/airflow/example_dags/tutorial_taskflow_api_virtualenv.py
[2025-06-25T21:34:04.958-0400] {processor.py:830} INFO - Processing file /opt/anaconda3/envs/airflow_env/lib/python3.10/site-packages/airflow/example_dags/tutorial_taskflow_api_virtualenv.py for tasks to queue
[2025-06-25T21:34:04.958-0400] {logging_mixin.py:188} INFO - [2025-06-25T21:34:04.958-0400] {dagbag.py:545} INFO - Filling up the DagBag from /opt/anaconda3/envs/airflow_env/lib/python3.10/site-packages/airflow/example_dags/tutorial_taskflow_api_virtualenv.py
[2025-06-25T21:34:04.972-0400] {processor.py:840} INFO - DAG(s) 'tutorial_taskflow_api_virtualenv' retrieved from /opt/anaconda3/envs/airflow_env/lib/python3.10/site-packages/airflow/example_dags/tutorial_taskflow_api_virtualenv.py
[2025-06-25T21:34:05.050-0400] {logging_mixin.py:188} INFO - [2025-06-25T21:34:05.049-0400] {dag.py:3096} INFO - Sync 1 DAGs
[2025-06-25T21:34:05.052-0400] {logging_mixin.py:188} INFO - [2025-06-25T21:34:05.052-0400] {dag.py:3954} INFO - Setting next_dagrun for tutorial_taskflow_api_virtualenv to None, run_after=None
[2025-06-25T21:34:05.060-0400] {processor.py:183} INFO - Processing /opt/anaconda3/envs/airflow_env/lib/python3.10/site-packages/airflow/example_dags/tutorial_taskflow_api_virtualenv.py took 0.103 seconds
[2025-06-25T21:34:23.358-0400] {processor.py:161} INFO - Started process (PID=70860) to work on /opt/anaconda3/envs/airflow_env/lib/python3.10/site-packages/airflow/example_dags/tutorial_taskflow_api_virtualenv.py
[2025-06-25T21:34:23.359-0400] {processor.py:830} INFO - Processing file /opt/anaconda3/envs/airflow_env/lib/python3.10/site-packages/airflow/example_dags/tutorial_taskflow_api_virtualenv.py for tasks to queue
[2025-06-25T21:34:23.359-0400] {logging_mixin.py:188} INFO - [2025-06-25T21:34:23.359-0400] {dagbag.py:545} INFO - Filling up the DagBag from /opt/anaconda3/envs/airflow_env/lib/python3.10/site-packages/airflow/example_dags/tutorial_taskflow_api_virtualenv.py
[2025-06-25T21:34:23.374-0400] {processor.py:840} INFO - DAG(s) 'tutorial_taskflow_api_virtualenv' retrieved from /opt/anaconda3/envs/airflow_env/lib/python3.10/site-packages/airflow/example_dags/tutorial_taskflow_api_virtualenv.py
[2025-06-25T21:34:23.378-0400] {logging_mixin.py:188} INFO - [2025-06-25T21:34:23.378-0400] {dag.py:3096} INFO - Sync 1 DAGs
[2025-06-25T21:34:23.406-0400] {logging_mixin.py:188} INFO - [2025-06-25T21:34:23.406-0400] {dag.py:3954} INFO - Setting next_dagrun for tutorial_taskflow_api_virtualenv to None, run_after=None
[2025-06-25T21:34:23.435-0400] {processor.py:183} INFO - Processing /opt/anaconda3/envs/airflow_env/lib/python3.10/site-packages/airflow/example_dags/tutorial_taskflow_api_virtualenv.py took 0.078 seconds
[2025-06-25T21:34:59.144-0400] {processor.py:161} INFO - Started process (PID=70903) to work on /opt/anaconda3/envs/airflow_env/lib/python3.10/site-packages/airflow/example_dags/tutorial_taskflow_api_virtualenv.py
[2025-06-25T21:34:59.144-0400] {processor.py:830} INFO - Processing file /opt/anaconda3/envs/airflow_env/lib/python3.10/site-packages/airflow/example_dags/tutorial_taskflow_api_virtualenv.py for tasks to queue
[2025-06-25T21:34:59.144-0400] {logging_mixin.py:188} INFO - [2025-06-25T21:34:59.144-0400] {dagbag.py:545} INFO - Filling up the DagBag from /opt/anaconda3/envs/airflow_env/lib/python3.10/site-packages/airflow/example_dags/tutorial_taskflow_api_virtualenv.py
[2025-06-25T21:34:59.158-0400] {processor.py:840} INFO - DAG(s) 'tutorial_taskflow_api_virtualenv' retrieved from /opt/anaconda3/envs/airflow_env/lib/python3.10/site-packages/airflow/example_dags/tutorial_taskflow_api_virtualenv.py
[2025-06-25T21:34:59.243-0400] {logging_mixin.py:188} INFO - [2025-06-25T21:34:59.243-0400] {dag.py:3096} INFO - Sync 1 DAGs
[2025-06-25T21:34:59.246-0400] {logging_mixin.py:188} INFO - [2025-06-25T21:34:59.246-0400] {dag.py:3954} INFO - Setting next_dagrun for tutorial_taskflow_api_virtualenv to None, run_after=None
[2025-06-25T21:34:59.254-0400] {processor.py:183} INFO - Processing /opt/anaconda3/envs/airflow_env/lib/python3.10/site-packages/airflow/example_dags/tutorial_taskflow_api_virtualenv.py took 0.112 seconds
[2025-06-25T21:35:15.185-0400] {processor.py:161} INFO - Started process (PID=70925) to work on /opt/anaconda3/envs/airflow_env/lib/python3.10/site-packages/airflow/example_dags/tutorial_taskflow_api_virtualenv.py
[2025-06-25T21:35:15.185-0400] {processor.py:830} INFO - Processing file /opt/anaconda3/envs/airflow_env/lib/python3.10/site-packages/airflow/example_dags/tutorial_taskflow_api_virtualenv.py for tasks to queue
[2025-06-25T21:35:15.185-0400] {logging_mixin.py:188} INFO - [2025-06-25T21:35:15.185-0400] {dagbag.py:545} INFO - Filling up the DagBag from /opt/anaconda3/envs/airflow_env/lib/python3.10/site-packages/airflow/example_dags/tutorial_taskflow_api_virtualenv.py
[2025-06-25T21:35:15.199-0400] {processor.py:840} INFO - DAG(s) 'tutorial_taskflow_api_virtualenv' retrieved from /opt/anaconda3/envs/airflow_env/lib/python3.10/site-packages/airflow/example_dags/tutorial_taskflow_api_virtualenv.py
[2025-06-25T21:35:15.203-0400] {logging_mixin.py:188} INFO - [2025-06-25T21:35:15.203-0400] {dag.py:3096} INFO - Sync 1 DAGs
[2025-06-25T21:35:15.229-0400] {logging_mixin.py:188} INFO - [2025-06-25T21:35:15.229-0400] {dag.py:3954} INFO - Setting next_dagrun for tutorial_taskflow_api_virtualenv to None, run_after=None
[2025-06-25T21:35:15.255-0400] {processor.py:183} INFO - Processing /opt/anaconda3/envs/airflow_env/lib/python3.10/site-packages/airflow/example_dags/tutorial_taskflow_api_virtualenv.py took 0.072 seconds
[2025-06-25T21:35:54.860-0400] {processor.py:161} INFO - Started process (PID=70990) to work on /opt/anaconda3/envs/airflow_env/lib/python3.10/site-packages/airflow/example_dags/tutorial_taskflow_api_virtualenv.py
[2025-06-25T21:35:54.860-0400] {processor.py:830} INFO - Processing file /opt/anaconda3/envs/airflow_env/lib/python3.10/site-packages/airflow/example_dags/tutorial_taskflow_api_virtualenv.py for tasks to queue
[2025-06-25T21:35:54.861-0400] {logging_mixin.py:188} INFO - [2025-06-25T21:35:54.860-0400] {dagbag.py:545} INFO - Filling up the DagBag from /opt/anaconda3/envs/airflow_env/lib/python3.10/site-packages/airflow/example_dags/tutorial_taskflow_api_virtualenv.py
[2025-06-25T21:35:54.875-0400] {processor.py:840} INFO - DAG(s) 'tutorial_taskflow_api_virtualenv' retrieved from /opt/anaconda3/envs/airflow_env/lib/python3.10/site-packages/airflow/example_dags/tutorial_taskflow_api_virtualenv.py
[2025-06-25T21:35:54.962-0400] {logging_mixin.py:188} INFO - [2025-06-25T21:35:54.962-0400] {dag.py:3096} INFO - Sync 1 DAGs
[2025-06-25T21:35:54.965-0400] {logging_mixin.py:188} INFO - [2025-06-25T21:35:54.965-0400] {dag.py:3954} INFO - Setting next_dagrun for tutorial_taskflow_api_virtualenv to None, run_after=None
[2025-06-25T21:35:54.972-0400] {processor.py:183} INFO - Processing /opt/anaconda3/envs/airflow_env/lib/python3.10/site-packages/airflow/example_dags/tutorial_taskflow_api_virtualenv.py took 0.113 seconds
[2025-06-25T21:36:07.703-0400] {processor.py:161} INFO - Started process (PID=71009) to work on /opt/anaconda3/envs/airflow_env/lib/python3.10/site-packages/airflow/example_dags/tutorial_taskflow_api_virtualenv.py
[2025-06-25T21:36:07.703-0400] {processor.py:830} INFO - Processing file /opt/anaconda3/envs/airflow_env/lib/python3.10/site-packages/airflow/example_dags/tutorial_taskflow_api_virtualenv.py for tasks to queue
[2025-06-25T21:36:07.703-0400] {logging_mixin.py:188} INFO - [2025-06-25T21:36:07.703-0400] {dagbag.py:545} INFO - Filling up the DagBag from /opt/anaconda3/envs/airflow_env/lib/python3.10/site-packages/airflow/example_dags/tutorial_taskflow_api_virtualenv.py
[2025-06-25T21:36:07.717-0400] {processor.py:840} INFO - DAG(s) 'tutorial_taskflow_api_virtualenv' retrieved from /opt/anaconda3/envs/airflow_env/lib/python3.10/site-packages/airflow/example_dags/tutorial_taskflow_api_virtualenv.py
[2025-06-25T21:36:07.721-0400] {logging_mixin.py:188} INFO - [2025-06-25T21:36:07.721-0400] {dag.py:3096} INFO - Sync 1 DAGs
[2025-06-25T21:36:07.748-0400] {logging_mixin.py:188} INFO - [2025-06-25T21:36:07.748-0400] {dag.py:3954} INFO - Setting next_dagrun for tutorial_taskflow_api_virtualenv to None, run_after=None
[2025-06-25T21:36:07.775-0400] {processor.py:183} INFO - Processing /opt/anaconda3/envs/airflow_env/lib/python3.10/site-packages/airflow/example_dags/tutorial_taskflow_api_virtualenv.py took 0.074 seconds
[2025-06-25T21:36:45.325-0400] {processor.py:161} INFO - Started process (PID=71087) to work on /opt/anaconda3/envs/airflow_env/lib/python3.10/site-packages/airflow/example_dags/tutorial_taskflow_api_virtualenv.py
[2025-06-25T21:36:45.325-0400] {processor.py:830} INFO - Processing file /opt/anaconda3/envs/airflow_env/lib/python3.10/site-packages/airflow/example_dags/tutorial_taskflow_api_virtualenv.py for tasks to queue
[2025-06-25T21:36:45.325-0400] {logging_mixin.py:188} INFO - [2025-06-25T21:36:45.325-0400] {dagbag.py:545} INFO - Filling up the DagBag from /opt/anaconda3/envs/airflow_env/lib/python3.10/site-packages/airflow/example_dags/tutorial_taskflow_api_virtualenv.py
[2025-06-25T21:36:45.340-0400] {processor.py:840} INFO - DAG(s) 'tutorial_taskflow_api_virtualenv' retrieved from /opt/anaconda3/envs/airflow_env/lib/python3.10/site-packages/airflow/example_dags/tutorial_taskflow_api_virtualenv.py
[2025-06-25T21:36:45.425-0400] {logging_mixin.py:188} INFO - [2025-06-25T21:36:45.425-0400] {dag.py:3096} INFO - Sync 1 DAGs
[2025-06-25T21:36:45.428-0400] {logging_mixin.py:188} INFO - [2025-06-25T21:36:45.428-0400] {dag.py:3954} INFO - Setting next_dagrun for tutorial_taskflow_api_virtualenv to None, run_after=None
[2025-06-25T21:36:45.436-0400] {processor.py:183} INFO - Processing /opt/anaconda3/envs/airflow_env/lib/python3.10/site-packages/airflow/example_dags/tutorial_taskflow_api_virtualenv.py took 0.113 seconds
[2025-06-25T21:36:55.860-0400] {processor.py:161} INFO - Started process (PID=71108) to work on /opt/anaconda3/envs/airflow_env/lib/python3.10/site-packages/airflow/example_dags/tutorial_taskflow_api_virtualenv.py
[2025-06-25T21:36:55.860-0400] {processor.py:830} INFO - Processing file /opt/anaconda3/envs/airflow_env/lib/python3.10/site-packages/airflow/example_dags/tutorial_taskflow_api_virtualenv.py for tasks to queue
[2025-06-25T21:36:55.861-0400] {logging_mixin.py:188} INFO - [2025-06-25T21:36:55.860-0400] {dagbag.py:545} INFO - Filling up the DagBag from /opt/anaconda3/envs/airflow_env/lib/python3.10/site-packages/airflow/example_dags/tutorial_taskflow_api_virtualenv.py
[2025-06-25T21:36:55.875-0400] {processor.py:840} INFO - DAG(s) 'tutorial_taskflow_api_virtualenv' retrieved from /opt/anaconda3/envs/airflow_env/lib/python3.10/site-packages/airflow/example_dags/tutorial_taskflow_api_virtualenv.py
[2025-06-25T21:36:55.879-0400] {logging_mixin.py:188} INFO - [2025-06-25T21:36:55.879-0400] {dag.py:3096} INFO - Sync 1 DAGs
[2025-06-25T21:36:55.906-0400] {logging_mixin.py:188} INFO - [2025-06-25T21:36:55.906-0400] {dag.py:3954} INFO - Setting next_dagrun for tutorial_taskflow_api_virtualenv to None, run_after=None
[2025-06-25T21:36:55.937-0400] {processor.py:183} INFO - Processing /opt/anaconda3/envs/airflow_env/lib/python3.10/site-packages/airflow/example_dags/tutorial_taskflow_api_virtualenv.py took 0.079 seconds
[2025-06-25T21:37:36.311-0400] {processor.py:161} INFO - Started process (PID=71165) to work on /opt/anaconda3/envs/airflow_env/lib/python3.10/site-packages/airflow/example_dags/tutorial_taskflow_api_virtualenv.py
[2025-06-25T21:37:36.311-0400] {processor.py:830} INFO - Processing file /opt/anaconda3/envs/airflow_env/lib/python3.10/site-packages/airflow/example_dags/tutorial_taskflow_api_virtualenv.py for tasks to queue
[2025-06-25T21:37:36.312-0400] {logging_mixin.py:188} INFO - [2025-06-25T21:37:36.311-0400] {dagbag.py:545} INFO - Filling up the DagBag from /opt/anaconda3/envs/airflow_env/lib/python3.10/site-packages/airflow/example_dags/tutorial_taskflow_api_virtualenv.py
[2025-06-25T21:37:36.325-0400] {processor.py:840} INFO - DAG(s) 'tutorial_taskflow_api_virtualenv' retrieved from /opt/anaconda3/envs/airflow_env/lib/python3.10/site-packages/airflow/example_dags/tutorial_taskflow_api_virtualenv.py
[2025-06-25T21:37:36.404-0400] {logging_mixin.py:188} INFO - [2025-06-25T21:37:36.403-0400] {dag.py:3096} INFO - Sync 1 DAGs
[2025-06-25T21:37:36.407-0400] {logging_mixin.py:188} INFO - [2025-06-25T21:37:36.406-0400] {dag.py:3954} INFO - Setting next_dagrun for tutorial_taskflow_api_virtualenv to None, run_after=None
[2025-06-25T21:37:36.414-0400] {processor.py:183} INFO - Processing /opt/anaconda3/envs/airflow_env/lib/python3.10/site-packages/airflow/example_dags/tutorial_taskflow_api_virtualenv.py took 0.105 seconds
[2025-06-25T21:37:42.756-0400] {processor.py:161} INFO - Started process (PID=71180) to work on /opt/anaconda3/envs/airflow_env/lib/python3.10/site-packages/airflow/example_dags/tutorial_taskflow_api_virtualenv.py
[2025-06-25T21:37:42.757-0400] {processor.py:830} INFO - Processing file /opt/anaconda3/envs/airflow_env/lib/python3.10/site-packages/airflow/example_dags/tutorial_taskflow_api_virtualenv.py for tasks to queue
[2025-06-25T21:37:42.757-0400] {logging_mixin.py:188} INFO - [2025-06-25T21:37:42.757-0400] {dagbag.py:545} INFO - Filling up the DagBag from /opt/anaconda3/envs/airflow_env/lib/python3.10/site-packages/airflow/example_dags/tutorial_taskflow_api_virtualenv.py
[2025-06-25T21:37:42.771-0400] {processor.py:840} INFO - DAG(s) 'tutorial_taskflow_api_virtualenv' retrieved from /opt/anaconda3/envs/airflow_env/lib/python3.10/site-packages/airflow/example_dags/tutorial_taskflow_api_virtualenv.py
[2025-06-25T21:37:42.775-0400] {logging_mixin.py:188} INFO - [2025-06-25T21:37:42.775-0400] {dag.py:3096} INFO - Sync 1 DAGs
[2025-06-25T21:37:42.806-0400] {logging_mixin.py:188} INFO - [2025-06-25T21:37:42.805-0400] {dag.py:3954} INFO - Setting next_dagrun for tutorial_taskflow_api_virtualenv to None, run_after=None
[2025-06-25T21:37:42.836-0400] {processor.py:183} INFO - Processing /opt/anaconda3/envs/airflow_env/lib/python3.10/site-packages/airflow/example_dags/tutorial_taskflow_api_virtualenv.py took 0.082 seconds
[2025-06-25T21:38:28.806-0400] {processor.py:161} INFO - Started process (PID=71251) to work on /opt/anaconda3/envs/airflow_env/lib/python3.10/site-packages/airflow/example_dags/tutorial_taskflow_api_virtualenv.py
[2025-06-25T21:38:28.806-0400] {processor.py:830} INFO - Processing file /opt/anaconda3/envs/airflow_env/lib/python3.10/site-packages/airflow/example_dags/tutorial_taskflow_api_virtualenv.py for tasks to queue
[2025-06-25T21:38:28.806-0400] {logging_mixin.py:188} INFO - [2025-06-25T21:38:28.806-0400] {dagbag.py:545} INFO - Filling up the DagBag from /opt/anaconda3/envs/airflow_env/lib/python3.10/site-packages/airflow/example_dags/tutorial_taskflow_api_virtualenv.py
[2025-06-25T21:38:28.820-0400] {processor.py:840} INFO - DAG(s) 'tutorial_taskflow_api_virtualenv' retrieved from /opt/anaconda3/envs/airflow_env/lib/python3.10/site-packages/airflow/example_dags/tutorial_taskflow_api_virtualenv.py
[2025-06-25T21:38:28.899-0400] {logging_mixin.py:188} INFO - [2025-06-25T21:38:28.899-0400] {dag.py:3096} INFO - Sync 1 DAGs
[2025-06-25T21:38:28.902-0400] {logging_mixin.py:188} INFO - [2025-06-25T21:38:28.902-0400] {dag.py:3954} INFO - Setting next_dagrun for tutorial_taskflow_api_virtualenv to None, run_after=None
[2025-06-25T21:38:28.909-0400] {processor.py:183} INFO - Processing /opt/anaconda3/envs/airflow_env/lib/python3.10/site-packages/airflow/example_dags/tutorial_taskflow_api_virtualenv.py took 0.105 seconds
[2025-06-25T21:38:33.840-0400] {processor.py:161} INFO - Started process (PID=71257) to work on /opt/anaconda3/envs/airflow_env/lib/python3.10/site-packages/airflow/example_dags/tutorial_taskflow_api_virtualenv.py
[2025-06-25T21:38:33.841-0400] {processor.py:830} INFO - Processing file /opt/anaconda3/envs/airflow_env/lib/python3.10/site-packages/airflow/example_dags/tutorial_taskflow_api_virtualenv.py for tasks to queue
[2025-06-25T21:38:33.841-0400] {logging_mixin.py:188} INFO - [2025-06-25T21:38:33.841-0400] {dagbag.py:545} INFO - Filling up the DagBag from /opt/anaconda3/envs/airflow_env/lib/python3.10/site-packages/airflow/example_dags/tutorial_taskflow_api_virtualenv.py
[2025-06-25T21:38:33.858-0400] {processor.py:840} INFO - DAG(s) 'tutorial_taskflow_api_virtualenv' retrieved from /opt/anaconda3/envs/airflow_env/lib/python3.10/site-packages/airflow/example_dags/tutorial_taskflow_api_virtualenv.py
[2025-06-25T21:38:33.863-0400] {logging_mixin.py:188} INFO - [2025-06-25T21:38:33.863-0400] {dag.py:3096} INFO - Sync 1 DAGs
[2025-06-25T21:38:33.891-0400] {logging_mixin.py:188} INFO - [2025-06-25T21:38:33.891-0400] {dag.py:3954} INFO - Setting next_dagrun for tutorial_taskflow_api_virtualenv to None, run_after=None
[2025-06-25T21:38:33.924-0400] {processor.py:183} INFO - Processing /opt/anaconda3/envs/airflow_env/lib/python3.10/site-packages/airflow/example_dags/tutorial_taskflow_api_virtualenv.py took 0.087 seconds
[2025-06-25T21:39:21.258-0400] {processor.py:161} INFO - Started process (PID=71333) to work on /opt/anaconda3/envs/airflow_env/lib/python3.10/site-packages/airflow/example_dags/tutorial_taskflow_api_virtualenv.py
[2025-06-25T21:39:21.258-0400] {processor.py:830} INFO - Processing file /opt/anaconda3/envs/airflow_env/lib/python3.10/site-packages/airflow/example_dags/tutorial_taskflow_api_virtualenv.py for tasks to queue
[2025-06-25T21:39:21.258-0400] {logging_mixin.py:188} INFO - [2025-06-25T21:39:21.258-0400] {dagbag.py:545} INFO - Filling up the DagBag from /opt/anaconda3/envs/airflow_env/lib/python3.10/site-packages/airflow/example_dags/tutorial_taskflow_api_virtualenv.py
[2025-06-25T21:39:21.272-0400] {processor.py:840} INFO - DAG(s) 'tutorial_taskflow_api_virtualenv' retrieved from /opt/anaconda3/envs/airflow_env/lib/python3.10/site-packages/airflow/example_dags/tutorial_taskflow_api_virtualenv.py
[2025-06-25T21:39:21.350-0400] {logging_mixin.py:188} INFO - [2025-06-25T21:39:21.349-0400] {dag.py:3096} INFO - Sync 1 DAGs
[2025-06-25T21:39:21.353-0400] {logging_mixin.py:188} INFO - [2025-06-25T21:39:21.353-0400] {dag.py:3954} INFO - Setting next_dagrun for tutorial_taskflow_api_virtualenv to None, run_after=None
[2025-06-25T21:39:21.360-0400] {processor.py:183} INFO - Processing /opt/anaconda3/envs/airflow_env/lib/python3.10/site-packages/airflow/example_dags/tutorial_taskflow_api_virtualenv.py took 0.104 seconds
[2025-06-25T21:39:27.953-0400] {processor.py:161} INFO - Started process (PID=71343) to work on /opt/anaconda3/envs/airflow_env/lib/python3.10/site-packages/airflow/example_dags/tutorial_taskflow_api_virtualenv.py
[2025-06-25T21:39:27.954-0400] {processor.py:830} INFO - Processing file /opt/anaconda3/envs/airflow_env/lib/python3.10/site-packages/airflow/example_dags/tutorial_taskflow_api_virtualenv.py for tasks to queue
[2025-06-25T21:39:27.954-0400] {logging_mixin.py:188} INFO - [2025-06-25T21:39:27.954-0400] {dagbag.py:545} INFO - Filling up the DagBag from /opt/anaconda3/envs/airflow_env/lib/python3.10/site-packages/airflow/example_dags/tutorial_taskflow_api_virtualenv.py
[2025-06-25T21:39:27.967-0400] {processor.py:840} INFO - DAG(s) 'tutorial_taskflow_api_virtualenv' retrieved from /opt/anaconda3/envs/airflow_env/lib/python3.10/site-packages/airflow/example_dags/tutorial_taskflow_api_virtualenv.py
[2025-06-25T21:39:27.971-0400] {logging_mixin.py:188} INFO - [2025-06-25T21:39:27.971-0400] {dag.py:3096} INFO - Sync 1 DAGs
[2025-06-25T21:39:27.998-0400] {logging_mixin.py:188} INFO - [2025-06-25T21:39:27.998-0400] {dag.py:3954} INFO - Setting next_dagrun for tutorial_taskflow_api_virtualenv to None, run_after=None
[2025-06-25T21:39:28.024-0400] {processor.py:183} INFO - Processing /opt/anaconda3/envs/airflow_env/lib/python3.10/site-packages/airflow/example_dags/tutorial_taskflow_api_virtualenv.py took 0.073 seconds
[2025-06-25T21:40:08.127-0400] {processor.py:161} INFO - Started process (PID=71431) to work on /opt/anaconda3/envs/airflow_env/lib/python3.10/site-packages/airflow/example_dags/tutorial_taskflow_api_virtualenv.py
[2025-06-25T21:40:08.127-0400] {processor.py:830} INFO - Processing file /opt/anaconda3/envs/airflow_env/lib/python3.10/site-packages/airflow/example_dags/tutorial_taskflow_api_virtualenv.py for tasks to queue
[2025-06-25T21:40:08.127-0400] {logging_mixin.py:188} INFO - [2025-06-25T21:40:08.127-0400] {dagbag.py:545} INFO - Filling up the DagBag from /opt/anaconda3/envs/airflow_env/lib/python3.10/site-packages/airflow/example_dags/tutorial_taskflow_api_virtualenv.py
[2025-06-25T21:40:08.143-0400] {processor.py:840} INFO - DAG(s) 'tutorial_taskflow_api_virtualenv' retrieved from /opt/anaconda3/envs/airflow_env/lib/python3.10/site-packages/airflow/example_dags/tutorial_taskflow_api_virtualenv.py
[2025-06-25T21:40:08.233-0400] {logging_mixin.py:188} INFO - [2025-06-25T21:40:08.233-0400] {dag.py:3096} INFO - Sync 1 DAGs
[2025-06-25T21:40:08.236-0400] {logging_mixin.py:188} INFO - [2025-06-25T21:40:08.236-0400] {dag.py:3954} INFO - Setting next_dagrun for tutorial_taskflow_api_virtualenv to None, run_after=None
[2025-06-25T21:40:08.244-0400] {processor.py:183} INFO - Processing /opt/anaconda3/envs/airflow_env/lib/python3.10/site-packages/airflow/example_dags/tutorial_taskflow_api_virtualenv.py took 0.119 seconds
[2025-06-25T21:40:17.712-0400] {processor.py:161} INFO - Started process (PID=71454) to work on /opt/anaconda3/envs/airflow_env/lib/python3.10/site-packages/airflow/example_dags/tutorial_taskflow_api_virtualenv.py
[2025-06-25T21:40:17.713-0400] {processor.py:830} INFO - Processing file /opt/anaconda3/envs/airflow_env/lib/python3.10/site-packages/airflow/example_dags/tutorial_taskflow_api_virtualenv.py for tasks to queue
[2025-06-25T21:40:17.713-0400] {logging_mixin.py:188} INFO - [2025-06-25T21:40:17.713-0400] {dagbag.py:545} INFO - Filling up the DagBag from /opt/anaconda3/envs/airflow_env/lib/python3.10/site-packages/airflow/example_dags/tutorial_taskflow_api_virtualenv.py
[2025-06-25T21:40:17.727-0400] {processor.py:840} INFO - DAG(s) 'tutorial_taskflow_api_virtualenv' retrieved from /opt/anaconda3/envs/airflow_env/lib/python3.10/site-packages/airflow/example_dags/tutorial_taskflow_api_virtualenv.py
[2025-06-25T21:40:17.731-0400] {logging_mixin.py:188} INFO - [2025-06-25T21:40:17.731-0400] {dag.py:3096} INFO - Sync 1 DAGs
[2025-06-25T21:40:17.759-0400] {logging_mixin.py:188} INFO - [2025-06-25T21:40:17.759-0400] {dag.py:3954} INFO - Setting next_dagrun for tutorial_taskflow_api_virtualenv to None, run_after=None
[2025-06-25T21:40:17.789-0400] {processor.py:183} INFO - Processing /opt/anaconda3/envs/airflow_env/lib/python3.10/site-packages/airflow/example_dags/tutorial_taskflow_api_virtualenv.py took 0.079 seconds
[2025-06-25T21:40:53.212-0400] {processor.py:161} INFO - Started process (PID=71518) to work on /opt/anaconda3/envs/airflow_env/lib/python3.10/site-packages/airflow/example_dags/tutorial_taskflow_api_virtualenv.py
[2025-06-25T21:40:53.213-0400] {processor.py:830} INFO - Processing file /opt/anaconda3/envs/airflow_env/lib/python3.10/site-packages/airflow/example_dags/tutorial_taskflow_api_virtualenv.py for tasks to queue
[2025-06-25T21:40:53.213-0400] {logging_mixin.py:188} INFO - [2025-06-25T21:40:53.213-0400] {dagbag.py:545} INFO - Filling up the DagBag from /opt/anaconda3/envs/airflow_env/lib/python3.10/site-packages/airflow/example_dags/tutorial_taskflow_api_virtualenv.py
[2025-06-25T21:40:53.232-0400] {processor.py:840} INFO - DAG(s) 'tutorial_taskflow_api_virtualenv' retrieved from /opt/anaconda3/envs/airflow_env/lib/python3.10/site-packages/airflow/example_dags/tutorial_taskflow_api_virtualenv.py
[2025-06-25T21:40:53.350-0400] {logging_mixin.py:188} INFO - [2025-06-25T21:40:53.350-0400] {dag.py:3096} INFO - Sync 1 DAGs
[2025-06-25T21:40:53.354-0400] {logging_mixin.py:188} INFO - [2025-06-25T21:40:53.354-0400] {dag.py:3954} INFO - Setting next_dagrun for tutorial_taskflow_api_virtualenv to None, run_after=None
[2025-06-25T21:40:53.365-0400] {processor.py:183} INFO - Processing /opt/anaconda3/envs/airflow_env/lib/python3.10/site-packages/airflow/example_dags/tutorial_taskflow_api_virtualenv.py took 0.155 seconds
[2025-06-25T21:41:07.720-0400] {processor.py:161} INFO - Started process (PID=71542) to work on /opt/anaconda3/envs/airflow_env/lib/python3.10/site-packages/airflow/example_dags/tutorial_taskflow_api_virtualenv.py
[2025-06-25T21:41:07.721-0400] {processor.py:830} INFO - Processing file /opt/anaconda3/envs/airflow_env/lib/python3.10/site-packages/airflow/example_dags/tutorial_taskflow_api_virtualenv.py for tasks to queue
[2025-06-25T21:41:07.721-0400] {logging_mixin.py:188} INFO - [2025-06-25T21:41:07.721-0400] {dagbag.py:545} INFO - Filling up the DagBag from /opt/anaconda3/envs/airflow_env/lib/python3.10/site-packages/airflow/example_dags/tutorial_taskflow_api_virtualenv.py
[2025-06-25T21:41:07.735-0400] {processor.py:840} INFO - DAG(s) 'tutorial_taskflow_api_virtualenv' retrieved from /opt/anaconda3/envs/airflow_env/lib/python3.10/site-packages/airflow/example_dags/tutorial_taskflow_api_virtualenv.py
[2025-06-25T21:41:07.739-0400] {logging_mixin.py:188} INFO - [2025-06-25T21:41:07.739-0400] {dag.py:3096} INFO - Sync 1 DAGs
[2025-06-25T21:41:07.767-0400] {logging_mixin.py:188} INFO - [2025-06-25T21:41:07.767-0400] {dag.py:3954} INFO - Setting next_dagrun for tutorial_taskflow_api_virtualenv to None, run_after=None
[2025-06-25T21:41:07.794-0400] {processor.py:183} INFO - Processing /opt/anaconda3/envs/airflow_env/lib/python3.10/site-packages/airflow/example_dags/tutorial_taskflow_api_virtualenv.py took 0.075 seconds
[2025-06-25T21:41:41.697-0400] {processor.py:161} INFO - Started process (PID=71612) to work on /opt/anaconda3/envs/airflow_env/lib/python3.10/site-packages/airflow/example_dags/tutorial_taskflow_api_virtualenv.py
[2025-06-25T21:41:41.698-0400] {processor.py:830} INFO - Processing file /opt/anaconda3/envs/airflow_env/lib/python3.10/site-packages/airflow/example_dags/tutorial_taskflow_api_virtualenv.py for tasks to queue
[2025-06-25T21:41:41.698-0400] {logging_mixin.py:188} INFO - [2025-06-25T21:41:41.698-0400] {dagbag.py:545} INFO - Filling up the DagBag from /opt/anaconda3/envs/airflow_env/lib/python3.10/site-packages/airflow/example_dags/tutorial_taskflow_api_virtualenv.py
[2025-06-25T21:41:41.712-0400] {processor.py:840} INFO - DAG(s) 'tutorial_taskflow_api_virtualenv' retrieved from /opt/anaconda3/envs/airflow_env/lib/python3.10/site-packages/airflow/example_dags/tutorial_taskflow_api_virtualenv.py
[2025-06-25T21:41:41.792-0400] {logging_mixin.py:188} INFO - [2025-06-25T21:41:41.792-0400] {dag.py:3096} INFO - Sync 1 DAGs
[2025-06-25T21:41:41.795-0400] {logging_mixin.py:188} INFO - [2025-06-25T21:41:41.795-0400] {dag.py:3954} INFO - Setting next_dagrun for tutorial_taskflow_api_virtualenv to None, run_after=None
[2025-06-25T21:41:41.808-0400] {processor.py:183} INFO - Processing /opt/anaconda3/envs/airflow_env/lib/python3.10/site-packages/airflow/example_dags/tutorial_taskflow_api_virtualenv.py took 0.114 seconds
[2025-06-25T21:41:56.074-0400] {processor.py:161} INFO - Started process (PID=71647) to work on /opt/anaconda3/envs/airflow_env/lib/python3.10/site-packages/airflow/example_dags/tutorial_taskflow_api_virtualenv.py
[2025-06-25T21:41:56.074-0400] {processor.py:830} INFO - Processing file /opt/anaconda3/envs/airflow_env/lib/python3.10/site-packages/airflow/example_dags/tutorial_taskflow_api_virtualenv.py for tasks to queue
[2025-06-25T21:41:56.075-0400] {logging_mixin.py:188} INFO - [2025-06-25T21:41:56.075-0400] {dagbag.py:545} INFO - Filling up the DagBag from /opt/anaconda3/envs/airflow_env/lib/python3.10/site-packages/airflow/example_dags/tutorial_taskflow_api_virtualenv.py
[2025-06-25T21:41:56.089-0400] {processor.py:840} INFO - DAG(s) 'tutorial_taskflow_api_virtualenv' retrieved from /opt/anaconda3/envs/airflow_env/lib/python3.10/site-packages/airflow/example_dags/tutorial_taskflow_api_virtualenv.py
[2025-06-25T21:41:56.094-0400] {logging_mixin.py:188} INFO - [2025-06-25T21:41:56.093-0400] {dag.py:3096} INFO - Sync 1 DAGs
[2025-06-25T21:41:56.122-0400] {logging_mixin.py:188} INFO - [2025-06-25T21:41:56.121-0400] {dag.py:3954} INFO - Setting next_dagrun for tutorial_taskflow_api_virtualenv to None, run_after=None
[2025-06-25T21:41:56.151-0400] {processor.py:183} INFO - Processing /opt/anaconda3/envs/airflow_env/lib/python3.10/site-packages/airflow/example_dags/tutorial_taskflow_api_virtualenv.py took 0.079 seconds
[2025-06-25T21:42:30.314-0400] {processor.py:161} INFO - Started process (PID=71725) to work on /opt/anaconda3/envs/airflow_env/lib/python3.10/site-packages/airflow/example_dags/tutorial_taskflow_api_virtualenv.py
[2025-06-25T21:42:30.314-0400] {processor.py:830} INFO - Processing file /opt/anaconda3/envs/airflow_env/lib/python3.10/site-packages/airflow/example_dags/tutorial_taskflow_api_virtualenv.py for tasks to queue
[2025-06-25T21:42:30.314-0400] {logging_mixin.py:188} INFO - [2025-06-25T21:42:30.314-0400] {dagbag.py:545} INFO - Filling up the DagBag from /opt/anaconda3/envs/airflow_env/lib/python3.10/site-packages/airflow/example_dags/tutorial_taskflow_api_virtualenv.py
[2025-06-25T21:42:30.329-0400] {processor.py:840} INFO - DAG(s) 'tutorial_taskflow_api_virtualenv' retrieved from /opt/anaconda3/envs/airflow_env/lib/python3.10/site-packages/airflow/example_dags/tutorial_taskflow_api_virtualenv.py
[2025-06-25T21:42:30.411-0400] {logging_mixin.py:188} INFO - [2025-06-25T21:42:30.411-0400] {dag.py:3096} INFO - Sync 1 DAGs
[2025-06-25T21:42:30.414-0400] {logging_mixin.py:188} INFO - [2025-06-25T21:42:30.414-0400] {dag.py:3954} INFO - Setting next_dagrun for tutorial_taskflow_api_virtualenv to None, run_after=None
[2025-06-25T21:42:30.423-0400] {processor.py:183} INFO - Processing /opt/anaconda3/envs/airflow_env/lib/python3.10/site-packages/airflow/example_dags/tutorial_taskflow_api_virtualenv.py took 0.111 seconds
[2025-06-25T21:42:43.094-0400] {processor.py:161} INFO - Started process (PID=71757) to work on /opt/anaconda3/envs/airflow_env/lib/python3.10/site-packages/airflow/example_dags/tutorial_taskflow_api_virtualenv.py
[2025-06-25T21:42:43.094-0400] {processor.py:830} INFO - Processing file /opt/anaconda3/envs/airflow_env/lib/python3.10/site-packages/airflow/example_dags/tutorial_taskflow_api_virtualenv.py for tasks to queue
[2025-06-25T21:42:43.095-0400] {logging_mixin.py:188} INFO - [2025-06-25T21:42:43.095-0400] {dagbag.py:545} INFO - Filling up the DagBag from /opt/anaconda3/envs/airflow_env/lib/python3.10/site-packages/airflow/example_dags/tutorial_taskflow_api_virtualenv.py
[2025-06-25T21:42:43.111-0400] {processor.py:840} INFO - DAG(s) 'tutorial_taskflow_api_virtualenv' retrieved from /opt/anaconda3/envs/airflow_env/lib/python3.10/site-packages/airflow/example_dags/tutorial_taskflow_api_virtualenv.py
[2025-06-25T21:42:43.115-0400] {logging_mixin.py:188} INFO - [2025-06-25T21:42:43.115-0400] {dag.py:3096} INFO - Sync 1 DAGs
[2025-06-25T21:42:43.146-0400] {logging_mixin.py:188} INFO - [2025-06-25T21:42:43.146-0400] {dag.py:3954} INFO - Setting next_dagrun for tutorial_taskflow_api_virtualenv to None, run_after=None
[2025-06-25T21:42:43.186-0400] {processor.py:183} INFO - Processing /opt/anaconda3/envs/airflow_env/lib/python3.10/site-packages/airflow/example_dags/tutorial_taskflow_api_virtualenv.py took 0.094 seconds
[2025-06-25T21:43:19.844-0400] {processor.py:161} INFO - Started process (PID=71839) to work on /opt/anaconda3/envs/airflow_env/lib/python3.10/site-packages/airflow/example_dags/tutorial_taskflow_api_virtualenv.py
[2025-06-25T21:43:19.845-0400] {processor.py:830} INFO - Processing file /opt/anaconda3/envs/airflow_env/lib/python3.10/site-packages/airflow/example_dags/tutorial_taskflow_api_virtualenv.py for tasks to queue
[2025-06-25T21:43:19.845-0400] {logging_mixin.py:188} INFO - [2025-06-25T21:43:19.845-0400] {dagbag.py:545} INFO - Filling up the DagBag from /opt/anaconda3/envs/airflow_env/lib/python3.10/site-packages/airflow/example_dags/tutorial_taskflow_api_virtualenv.py
[2025-06-25T21:43:19.859-0400] {processor.py:840} INFO - DAG(s) 'tutorial_taskflow_api_virtualenv' retrieved from /opt/anaconda3/envs/airflow_env/lib/python3.10/site-packages/airflow/example_dags/tutorial_taskflow_api_virtualenv.py
[2025-06-25T21:43:19.942-0400] {logging_mixin.py:188} INFO - [2025-06-25T21:43:19.942-0400] {dag.py:3096} INFO - Sync 1 DAGs
[2025-06-25T21:43:19.945-0400] {logging_mixin.py:188} INFO - [2025-06-25T21:43:19.945-0400] {dag.py:3954} INFO - Setting next_dagrun for tutorial_taskflow_api_virtualenv to None, run_after=None
[2025-06-25T21:43:19.953-0400] {processor.py:183} INFO - Processing /opt/anaconda3/envs/airflow_env/lib/python3.10/site-packages/airflow/example_dags/tutorial_taskflow_api_virtualenv.py took 0.110 seconds
[2025-06-25T21:43:33.569-0400] {processor.py:161} INFO - Started process (PID=71882) to work on /opt/anaconda3/envs/airflow_env/lib/python3.10/site-packages/airflow/example_dags/tutorial_taskflow_api_virtualenv.py
[2025-06-25T21:43:33.569-0400] {processor.py:830} INFO - Processing file /opt/anaconda3/envs/airflow_env/lib/python3.10/site-packages/airflow/example_dags/tutorial_taskflow_api_virtualenv.py for tasks to queue
[2025-06-25T21:43:33.569-0400] {logging_mixin.py:188} INFO - [2025-06-25T21:43:33.569-0400] {dagbag.py:545} INFO - Filling up the DagBag from /opt/anaconda3/envs/airflow_env/lib/python3.10/site-packages/airflow/example_dags/tutorial_taskflow_api_virtualenv.py
[2025-06-25T21:43:33.584-0400] {processor.py:840} INFO - DAG(s) 'tutorial_taskflow_api_virtualenv' retrieved from /opt/anaconda3/envs/airflow_env/lib/python3.10/site-packages/airflow/example_dags/tutorial_taskflow_api_virtualenv.py
[2025-06-25T21:43:33.588-0400] {logging_mixin.py:188} INFO - [2025-06-25T21:43:33.587-0400] {dag.py:3096} INFO - Sync 1 DAGs
[2025-06-25T21:43:33.614-0400] {logging_mixin.py:188} INFO - [2025-06-25T21:43:33.614-0400] {dag.py:3954} INFO - Setting next_dagrun for tutorial_taskflow_api_virtualenv to None, run_after=None
[2025-06-25T21:43:33.640-0400] {processor.py:183} INFO - Processing /opt/anaconda3/envs/airflow_env/lib/python3.10/site-packages/airflow/example_dags/tutorial_taskflow_api_virtualenv.py took 0.073 seconds
[2025-06-25T21:44:09.808-0400] {processor.py:161} INFO - Started process (PID=71954) to work on /opt/anaconda3/envs/airflow_env/lib/python3.10/site-packages/airflow/example_dags/tutorial_taskflow_api_virtualenv.py
[2025-06-25T21:44:09.809-0400] {processor.py:830} INFO - Processing file /opt/anaconda3/envs/airflow_env/lib/python3.10/site-packages/airflow/example_dags/tutorial_taskflow_api_virtualenv.py for tasks to queue
[2025-06-25T21:44:09.809-0400] {logging_mixin.py:188} INFO - [2025-06-25T21:44:09.809-0400] {dagbag.py:545} INFO - Filling up the DagBag from /opt/anaconda3/envs/airflow_env/lib/python3.10/site-packages/airflow/example_dags/tutorial_taskflow_api_virtualenv.py
[2025-06-25T21:44:09.825-0400] {processor.py:840} INFO - DAG(s) 'tutorial_taskflow_api_virtualenv' retrieved from /opt/anaconda3/envs/airflow_env/lib/python3.10/site-packages/airflow/example_dags/tutorial_taskflow_api_virtualenv.py
[2025-06-25T21:44:09.908-0400] {logging_mixin.py:188} INFO - [2025-06-25T21:44:09.908-0400] {dag.py:3096} INFO - Sync 1 DAGs
[2025-06-25T21:44:09.911-0400] {logging_mixin.py:188} INFO - [2025-06-25T21:44:09.911-0400] {dag.py:3954} INFO - Setting next_dagrun for tutorial_taskflow_api_virtualenv to None, run_after=None
[2025-06-25T21:44:09.919-0400] {processor.py:183} INFO - Processing /opt/anaconda3/envs/airflow_env/lib/python3.10/site-packages/airflow/example_dags/tutorial_taskflow_api_virtualenv.py took 0.112 seconds
[2025-06-25T21:44:26.144-0400] {processor.py:161} INFO - Started process (PID=71985) to work on /opt/anaconda3/envs/airflow_env/lib/python3.10/site-packages/airflow/example_dags/tutorial_taskflow_api_virtualenv.py
[2025-06-25T21:44:26.144-0400] {processor.py:830} INFO - Processing file /opt/anaconda3/envs/airflow_env/lib/python3.10/site-packages/airflow/example_dags/tutorial_taskflow_api_virtualenv.py for tasks to queue
[2025-06-25T21:44:26.145-0400] {logging_mixin.py:188} INFO - [2025-06-25T21:44:26.145-0400] {dagbag.py:545} INFO - Filling up the DagBag from /opt/anaconda3/envs/airflow_env/lib/python3.10/site-packages/airflow/example_dags/tutorial_taskflow_api_virtualenv.py
[2025-06-25T21:44:26.158-0400] {processor.py:840} INFO - DAG(s) 'tutorial_taskflow_api_virtualenv' retrieved from /opt/anaconda3/envs/airflow_env/lib/python3.10/site-packages/airflow/example_dags/tutorial_taskflow_api_virtualenv.py
[2025-06-25T21:44:26.162-0400] {logging_mixin.py:188} INFO - [2025-06-25T21:44:26.162-0400] {dag.py:3096} INFO - Sync 1 DAGs
[2025-06-25T21:44:26.189-0400] {logging_mixin.py:188} INFO - [2025-06-25T21:44:26.189-0400] {dag.py:3954} INFO - Setting next_dagrun for tutorial_taskflow_api_virtualenv to None, run_after=None
[2025-06-25T21:44:26.215-0400] {processor.py:183} INFO - Processing /opt/anaconda3/envs/airflow_env/lib/python3.10/site-packages/airflow/example_dags/tutorial_taskflow_api_virtualenv.py took 0.073 seconds
[2025-06-25T21:45:00.383-0400] {processor.py:161} INFO - Started process (PID=72045) to work on /opt/anaconda3/envs/airflow_env/lib/python3.10/site-packages/airflow/example_dags/tutorial_taskflow_api_virtualenv.py
[2025-06-25T21:45:00.383-0400] {processor.py:830} INFO - Processing file /opt/anaconda3/envs/airflow_env/lib/python3.10/site-packages/airflow/example_dags/tutorial_taskflow_api_virtualenv.py for tasks to queue
[2025-06-25T21:45:00.383-0400] {logging_mixin.py:188} INFO - [2025-06-25T21:45:00.383-0400] {dagbag.py:545} INFO - Filling up the DagBag from /opt/anaconda3/envs/airflow_env/lib/python3.10/site-packages/airflow/example_dags/tutorial_taskflow_api_virtualenv.py
[2025-06-25T21:45:00.398-0400] {processor.py:840} INFO - DAG(s) 'tutorial_taskflow_api_virtualenv' retrieved from /opt/anaconda3/envs/airflow_env/lib/python3.10/site-packages/airflow/example_dags/tutorial_taskflow_api_virtualenv.py
[2025-06-25T21:45:00.490-0400] {logging_mixin.py:188} INFO - [2025-06-25T21:45:00.489-0400] {dag.py:3096} INFO - Sync 1 DAGs
[2025-06-25T21:45:00.493-0400] {logging_mixin.py:188} INFO - [2025-06-25T21:45:00.493-0400] {dag.py:3954} INFO - Setting next_dagrun for tutorial_taskflow_api_virtualenv to None, run_after=None
[2025-06-25T21:45:00.501-0400] {processor.py:183} INFO - Processing /opt/anaconda3/envs/airflow_env/lib/python3.10/site-packages/airflow/example_dags/tutorial_taskflow_api_virtualenv.py took 0.120 seconds
[2025-06-25T21:45:16.282-0400] {processor.py:161} INFO - Started process (PID=72075) to work on /opt/anaconda3/envs/airflow_env/lib/python3.10/site-packages/airflow/example_dags/tutorial_taskflow_api_virtualenv.py
[2025-06-25T21:45:16.282-0400] {processor.py:830} INFO - Processing file /opt/anaconda3/envs/airflow_env/lib/python3.10/site-packages/airflow/example_dags/tutorial_taskflow_api_virtualenv.py for tasks to queue
[2025-06-25T21:45:16.282-0400] {logging_mixin.py:188} INFO - [2025-06-25T21:45:16.282-0400] {dagbag.py:545} INFO - Filling up the DagBag from /opt/anaconda3/envs/airflow_env/lib/python3.10/site-packages/airflow/example_dags/tutorial_taskflow_api_virtualenv.py
[2025-06-25T21:45:16.297-0400] {processor.py:840} INFO - DAG(s) 'tutorial_taskflow_api_virtualenv' retrieved from /opt/anaconda3/envs/airflow_env/lib/python3.10/site-packages/airflow/example_dags/tutorial_taskflow_api_virtualenv.py
[2025-06-25T21:45:16.301-0400] {logging_mixin.py:188} INFO - [2025-06-25T21:45:16.301-0400] {dag.py:3096} INFO - Sync 1 DAGs
[2025-06-25T21:45:16.330-0400] {logging_mixin.py:188} INFO - [2025-06-25T21:45:16.330-0400] {dag.py:3954} INFO - Setting next_dagrun for tutorial_taskflow_api_virtualenv to None, run_after=None
[2025-06-25T21:45:16.362-0400] {processor.py:183} INFO - Processing /opt/anaconda3/envs/airflow_env/lib/python3.10/site-packages/airflow/example_dags/tutorial_taskflow_api_virtualenv.py took 0.082 seconds
[2025-06-25T21:45:51.754-0400] {processor.py:161} INFO - Started process (PID=72153) to work on /opt/anaconda3/envs/airflow_env/lib/python3.10/site-packages/airflow/example_dags/tutorial_taskflow_api_virtualenv.py
[2025-06-25T21:45:51.754-0400] {processor.py:830} INFO - Processing file /opt/anaconda3/envs/airflow_env/lib/python3.10/site-packages/airflow/example_dags/tutorial_taskflow_api_virtualenv.py for tasks to queue
[2025-06-25T21:45:51.755-0400] {logging_mixin.py:188} INFO - [2025-06-25T21:45:51.755-0400] {dagbag.py:545} INFO - Filling up the DagBag from /opt/anaconda3/envs/airflow_env/lib/python3.10/site-packages/airflow/example_dags/tutorial_taskflow_api_virtualenv.py
[2025-06-25T21:45:51.768-0400] {processor.py:840} INFO - DAG(s) 'tutorial_taskflow_api_virtualenv' retrieved from /opt/anaconda3/envs/airflow_env/lib/python3.10/site-packages/airflow/example_dags/tutorial_taskflow_api_virtualenv.py
[2025-06-25T21:45:51.847-0400] {logging_mixin.py:188} INFO - [2025-06-25T21:45:51.847-0400] {dag.py:3096} INFO - Sync 1 DAGs
[2025-06-25T21:45:51.850-0400] {logging_mixin.py:188} INFO - [2025-06-25T21:45:51.850-0400] {dag.py:3954} INFO - Setting next_dagrun for tutorial_taskflow_api_virtualenv to None, run_after=None
[2025-06-25T21:45:51.857-0400] {processor.py:183} INFO - Processing /opt/anaconda3/envs/airflow_env/lib/python3.10/site-packages/airflow/example_dags/tutorial_taskflow_api_virtualenv.py took 0.105 seconds
[2025-06-25T21:46:08.150-0400] {processor.py:161} INFO - Started process (PID=72188) to work on /opt/anaconda3/envs/airflow_env/lib/python3.10/site-packages/airflow/example_dags/tutorial_taskflow_api_virtualenv.py
[2025-06-25T21:46:08.150-0400] {processor.py:830} INFO - Processing file /opt/anaconda3/envs/airflow_env/lib/python3.10/site-packages/airflow/example_dags/tutorial_taskflow_api_virtualenv.py for tasks to queue
[2025-06-25T21:46:08.150-0400] {logging_mixin.py:188} INFO - [2025-06-25T21:46:08.150-0400] {dagbag.py:545} INFO - Filling up the DagBag from /opt/anaconda3/envs/airflow_env/lib/python3.10/site-packages/airflow/example_dags/tutorial_taskflow_api_virtualenv.py
[2025-06-25T21:46:08.165-0400] {processor.py:840} INFO - DAG(s) 'tutorial_taskflow_api_virtualenv' retrieved from /opt/anaconda3/envs/airflow_env/lib/python3.10/site-packages/airflow/example_dags/tutorial_taskflow_api_virtualenv.py
[2025-06-25T21:46:08.169-0400] {logging_mixin.py:188} INFO - [2025-06-25T21:46:08.168-0400] {dag.py:3096} INFO - Sync 1 DAGs
[2025-06-25T21:46:08.198-0400] {logging_mixin.py:188} INFO - [2025-06-25T21:46:08.198-0400] {dag.py:3954} INFO - Setting next_dagrun for tutorial_taskflow_api_virtualenv to None, run_after=None
[2025-06-25T21:46:08.235-0400] {processor.py:183} INFO - Processing /opt/anaconda3/envs/airflow_env/lib/python3.10/site-packages/airflow/example_dags/tutorial_taskflow_api_virtualenv.py took 0.087 seconds
[2025-06-25T21:46:41.556-0400] {processor.py:161} INFO - Started process (PID=72235) to work on /opt/anaconda3/envs/airflow_env/lib/python3.10/site-packages/airflow/example_dags/tutorial_taskflow_api_virtualenv.py
[2025-06-25T21:46:41.556-0400] {processor.py:830} INFO - Processing file /opt/anaconda3/envs/airflow_env/lib/python3.10/site-packages/airflow/example_dags/tutorial_taskflow_api_virtualenv.py for tasks to queue
[2025-06-25T21:46:41.557-0400] {logging_mixin.py:188} INFO - [2025-06-25T21:46:41.557-0400] {dagbag.py:545} INFO - Filling up the DagBag from /opt/anaconda3/envs/airflow_env/lib/python3.10/site-packages/airflow/example_dags/tutorial_taskflow_api_virtualenv.py
[2025-06-25T21:46:41.571-0400] {processor.py:840} INFO - DAG(s) 'tutorial_taskflow_api_virtualenv' retrieved from /opt/anaconda3/envs/airflow_env/lib/python3.10/site-packages/airflow/example_dags/tutorial_taskflow_api_virtualenv.py
[2025-06-25T21:46:41.654-0400] {logging_mixin.py:188} INFO - [2025-06-25T21:46:41.654-0400] {dag.py:3096} INFO - Sync 1 DAGs
[2025-06-25T21:46:41.658-0400] {logging_mixin.py:188} INFO - [2025-06-25T21:46:41.657-0400] {dag.py:3954} INFO - Setting next_dagrun for tutorial_taskflow_api_virtualenv to None, run_after=None
[2025-06-25T21:46:41.665-0400] {processor.py:183} INFO - Processing /opt/anaconda3/envs/airflow_env/lib/python3.10/site-packages/airflow/example_dags/tutorial_taskflow_api_virtualenv.py took 0.111 seconds
[2025-06-25T21:46:58.423-0400] {processor.py:161} INFO - Started process (PID=72261) to work on /opt/anaconda3/envs/airflow_env/lib/python3.10/site-packages/airflow/example_dags/tutorial_taskflow_api_virtualenv.py
[2025-06-25T21:46:58.424-0400] {processor.py:830} INFO - Processing file /opt/anaconda3/envs/airflow_env/lib/python3.10/site-packages/airflow/example_dags/tutorial_taskflow_api_virtualenv.py for tasks to queue
[2025-06-25T21:46:58.424-0400] {logging_mixin.py:188} INFO - [2025-06-25T21:46:58.424-0400] {dagbag.py:545} INFO - Filling up the DagBag from /opt/anaconda3/envs/airflow_env/lib/python3.10/site-packages/airflow/example_dags/tutorial_taskflow_api_virtualenv.py
[2025-06-25T21:46:58.443-0400] {processor.py:840} INFO - DAG(s) 'tutorial_taskflow_api_virtualenv' retrieved from /opt/anaconda3/envs/airflow_env/lib/python3.10/site-packages/airflow/example_dags/tutorial_taskflow_api_virtualenv.py
[2025-06-25T21:46:58.448-0400] {logging_mixin.py:188} INFO - [2025-06-25T21:46:58.448-0400] {dag.py:3096} INFO - Sync 1 DAGs
[2025-06-25T21:46:58.477-0400] {logging_mixin.py:188} INFO - [2025-06-25T21:46:58.477-0400] {dag.py:3954} INFO - Setting next_dagrun for tutorial_taskflow_api_virtualenv to None, run_after=None
[2025-06-25T21:46:58.506-0400] {processor.py:183} INFO - Processing /opt/anaconda3/envs/airflow_env/lib/python3.10/site-packages/airflow/example_dags/tutorial_taskflow_api_virtualenv.py took 0.085 seconds
[2025-06-25T21:47:31.687-0400] {processor.py:161} INFO - Started process (PID=72340) to work on /opt/anaconda3/envs/airflow_env/lib/python3.10/site-packages/airflow/example_dags/tutorial_taskflow_api_virtualenv.py
[2025-06-25T21:47:31.688-0400] {processor.py:830} INFO - Processing file /opt/anaconda3/envs/airflow_env/lib/python3.10/site-packages/airflow/example_dags/tutorial_taskflow_api_virtualenv.py for tasks to queue
[2025-06-25T21:47:31.688-0400] {logging_mixin.py:188} INFO - [2025-06-25T21:47:31.688-0400] {dagbag.py:545} INFO - Filling up the DagBag from /opt/anaconda3/envs/airflow_env/lib/python3.10/site-packages/airflow/example_dags/tutorial_taskflow_api_virtualenv.py
[2025-06-25T21:47:31.704-0400] {processor.py:840} INFO - DAG(s) 'tutorial_taskflow_api_virtualenv' retrieved from /opt/anaconda3/envs/airflow_env/lib/python3.10/site-packages/airflow/example_dags/tutorial_taskflow_api_virtualenv.py
[2025-06-25T21:47:31.786-0400] {logging_mixin.py:188} INFO - [2025-06-25T21:47:31.785-0400] {dag.py:3096} INFO - Sync 1 DAGs
[2025-06-25T21:47:31.789-0400] {logging_mixin.py:188} INFO - [2025-06-25T21:47:31.788-0400] {dag.py:3954} INFO - Setting next_dagrun for tutorial_taskflow_api_virtualenv to None, run_after=None
[2025-06-25T21:47:31.796-0400] {processor.py:183} INFO - Processing /opt/anaconda3/envs/airflow_env/lib/python3.10/site-packages/airflow/example_dags/tutorial_taskflow_api_virtualenv.py took 0.111 seconds
[2025-06-25T21:47:50.379-0400] {processor.py:161} INFO - Started process (PID=72399) to work on /opt/anaconda3/envs/airflow_env/lib/python3.10/site-packages/airflow/example_dags/tutorial_taskflow_api_virtualenv.py
[2025-06-25T21:47:50.380-0400] {processor.py:830} INFO - Processing file /opt/anaconda3/envs/airflow_env/lib/python3.10/site-packages/airflow/example_dags/tutorial_taskflow_api_virtualenv.py for tasks to queue
[2025-06-25T21:47:50.380-0400] {logging_mixin.py:188} INFO - [2025-06-25T21:47:50.380-0400] {dagbag.py:545} INFO - Filling up the DagBag from /opt/anaconda3/envs/airflow_env/lib/python3.10/site-packages/airflow/example_dags/tutorial_taskflow_api_virtualenv.py
[2025-06-25T21:47:50.394-0400] {processor.py:840} INFO - DAG(s) 'tutorial_taskflow_api_virtualenv' retrieved from /opt/anaconda3/envs/airflow_env/lib/python3.10/site-packages/airflow/example_dags/tutorial_taskflow_api_virtualenv.py
[2025-06-25T21:47:50.398-0400] {logging_mixin.py:188} INFO - [2025-06-25T21:47:50.398-0400] {dag.py:3096} INFO - Sync 1 DAGs
[2025-06-25T21:47:50.427-0400] {logging_mixin.py:188} INFO - [2025-06-25T21:47:50.427-0400] {dag.py:3954} INFO - Setting next_dagrun for tutorial_taskflow_api_virtualenv to None, run_after=None
[2025-06-25T21:47:50.456-0400] {processor.py:183} INFO - Processing /opt/anaconda3/envs/airflow_env/lib/python3.10/site-packages/airflow/example_dags/tutorial_taskflow_api_virtualenv.py took 0.079 seconds
[2025-06-25T21:48:25.870-0400] {processor.py:161} INFO - Started process (PID=72450) to work on /opt/anaconda3/envs/airflow_env/lib/python3.10/site-packages/airflow/example_dags/tutorial_taskflow_api_virtualenv.py
[2025-06-25T21:48:25.870-0400] {processor.py:830} INFO - Processing file /opt/anaconda3/envs/airflow_env/lib/python3.10/site-packages/airflow/example_dags/tutorial_taskflow_api_virtualenv.py for tasks to queue
[2025-06-25T21:48:25.870-0400] {logging_mixin.py:188} INFO - [2025-06-25T21:48:25.870-0400] {dagbag.py:545} INFO - Filling up the DagBag from /opt/anaconda3/envs/airflow_env/lib/python3.10/site-packages/airflow/example_dags/tutorial_taskflow_api_virtualenv.py
[2025-06-25T21:48:25.884-0400] {processor.py:840} INFO - DAG(s) 'tutorial_taskflow_api_virtualenv' retrieved from /opt/anaconda3/envs/airflow_env/lib/python3.10/site-packages/airflow/example_dags/tutorial_taskflow_api_virtualenv.py
[2025-06-25T21:48:25.966-0400] {logging_mixin.py:188} INFO - [2025-06-25T21:48:25.966-0400] {dag.py:3096} INFO - Sync 1 DAGs
[2025-06-25T21:48:25.969-0400] {logging_mixin.py:188} INFO - [2025-06-25T21:48:25.969-0400] {dag.py:3954} INFO - Setting next_dagrun for tutorial_taskflow_api_virtualenv to None, run_after=None
[2025-06-25T21:48:25.977-0400] {processor.py:183} INFO - Processing /opt/anaconda3/envs/airflow_env/lib/python3.10/site-packages/airflow/example_dags/tutorial_taskflow_api_virtualenv.py took 0.109 seconds
[2025-06-25T21:48:45.222-0400] {processor.py:161} INFO - Started process (PID=72473) to work on /opt/anaconda3/envs/airflow_env/lib/python3.10/site-packages/airflow/example_dags/tutorial_taskflow_api_virtualenv.py
[2025-06-25T21:48:45.223-0400] {processor.py:830} INFO - Processing file /opt/anaconda3/envs/airflow_env/lib/python3.10/site-packages/airflow/example_dags/tutorial_taskflow_api_virtualenv.py for tasks to queue
[2025-06-25T21:48:45.223-0400] {logging_mixin.py:188} INFO - [2025-06-25T21:48:45.223-0400] {dagbag.py:545} INFO - Filling up the DagBag from /opt/anaconda3/envs/airflow_env/lib/python3.10/site-packages/airflow/example_dags/tutorial_taskflow_api_virtualenv.py
[2025-06-25T21:48:45.237-0400] {processor.py:840} INFO - DAG(s) 'tutorial_taskflow_api_virtualenv' retrieved from /opt/anaconda3/envs/airflow_env/lib/python3.10/site-packages/airflow/example_dags/tutorial_taskflow_api_virtualenv.py
[2025-06-25T21:48:45.241-0400] {logging_mixin.py:188} INFO - [2025-06-25T21:48:45.241-0400] {dag.py:3096} INFO - Sync 1 DAGs
[2025-06-25T21:48:45.270-0400] {logging_mixin.py:188} INFO - [2025-06-25T21:48:45.270-0400] {dag.py:3954} INFO - Setting next_dagrun for tutorial_taskflow_api_virtualenv to None, run_after=None
[2025-06-25T21:48:45.301-0400] {processor.py:183} INFO - Processing /opt/anaconda3/envs/airflow_env/lib/python3.10/site-packages/airflow/example_dags/tutorial_taskflow_api_virtualenv.py took 0.081 seconds
[2025-06-25T21:49:19.668-0400] {processor.py:161} INFO - Started process (PID=72519) to work on /opt/anaconda3/envs/airflow_env/lib/python3.10/site-packages/airflow/example_dags/tutorial_taskflow_api_virtualenv.py
[2025-06-25T21:49:19.669-0400] {processor.py:830} INFO - Processing file /opt/anaconda3/envs/airflow_env/lib/python3.10/site-packages/airflow/example_dags/tutorial_taskflow_api_virtualenv.py for tasks to queue
[2025-06-25T21:49:19.669-0400] {logging_mixin.py:188} INFO - [2025-06-25T21:49:19.669-0400] {dagbag.py:545} INFO - Filling up the DagBag from /opt/anaconda3/envs/airflow_env/lib/python3.10/site-packages/airflow/example_dags/tutorial_taskflow_api_virtualenv.py
[2025-06-25T21:49:19.683-0400] {processor.py:840} INFO - DAG(s) 'tutorial_taskflow_api_virtualenv' retrieved from /opt/anaconda3/envs/airflow_env/lib/python3.10/site-packages/airflow/example_dags/tutorial_taskflow_api_virtualenv.py
[2025-06-25T21:49:19.767-0400] {logging_mixin.py:188} INFO - [2025-06-25T21:49:19.767-0400] {dag.py:3096} INFO - Sync 1 DAGs
[2025-06-25T21:49:19.770-0400] {logging_mixin.py:188} INFO - [2025-06-25T21:49:19.770-0400] {dag.py:3954} INFO - Setting next_dagrun for tutorial_taskflow_api_virtualenv to None, run_after=None
[2025-06-25T21:49:19.777-0400] {processor.py:183} INFO - Processing /opt/anaconda3/envs/airflow_env/lib/python3.10/site-packages/airflow/example_dags/tutorial_taskflow_api_virtualenv.py took 0.110 seconds
[2025-06-25T21:49:37.287-0400] {processor.py:161} INFO - Started process (PID=72546) to work on /opt/anaconda3/envs/airflow_env/lib/python3.10/site-packages/airflow/example_dags/tutorial_taskflow_api_virtualenv.py
[2025-06-25T21:49:37.287-0400] {processor.py:830} INFO - Processing file /opt/anaconda3/envs/airflow_env/lib/python3.10/site-packages/airflow/example_dags/tutorial_taskflow_api_virtualenv.py for tasks to queue
[2025-06-25T21:49:37.287-0400] {logging_mixin.py:188} INFO - [2025-06-25T21:49:37.287-0400] {dagbag.py:545} INFO - Filling up the DagBag from /opt/anaconda3/envs/airflow_env/lib/python3.10/site-packages/airflow/example_dags/tutorial_taskflow_api_virtualenv.py
[2025-06-25T21:49:37.303-0400] {processor.py:840} INFO - DAG(s) 'tutorial_taskflow_api_virtualenv' retrieved from /opt/anaconda3/envs/airflow_env/lib/python3.10/site-packages/airflow/example_dags/tutorial_taskflow_api_virtualenv.py
[2025-06-25T21:49:37.308-0400] {logging_mixin.py:188} INFO - [2025-06-25T21:49:37.308-0400] {dag.py:3096} INFO - Sync 1 DAGs
[2025-06-25T21:49:37.338-0400] {logging_mixin.py:188} INFO - [2025-06-25T21:49:37.338-0400] {dag.py:3954} INFO - Setting next_dagrun for tutorial_taskflow_api_virtualenv to None, run_after=None
[2025-06-25T21:49:37.369-0400] {processor.py:183} INFO - Processing /opt/anaconda3/envs/airflow_env/lib/python3.10/site-packages/airflow/example_dags/tutorial_taskflow_api_virtualenv.py took 0.084 seconds
[2025-06-25T21:50:11.498-0400] {processor.py:161} INFO - Started process (PID=72599) to work on /opt/anaconda3/envs/airflow_env/lib/python3.10/site-packages/airflow/example_dags/tutorial_taskflow_api_virtualenv.py
[2025-06-25T21:50:11.498-0400] {processor.py:830} INFO - Processing file /opt/anaconda3/envs/airflow_env/lib/python3.10/site-packages/airflow/example_dags/tutorial_taskflow_api_virtualenv.py for tasks to queue
[2025-06-25T21:50:11.498-0400] {logging_mixin.py:188} INFO - [2025-06-25T21:50:11.498-0400] {dagbag.py:545} INFO - Filling up the DagBag from /opt/anaconda3/envs/airflow_env/lib/python3.10/site-packages/airflow/example_dags/tutorial_taskflow_api_virtualenv.py
[2025-06-25T21:50:11.512-0400] {processor.py:840} INFO - DAG(s) 'tutorial_taskflow_api_virtualenv' retrieved from /opt/anaconda3/envs/airflow_env/lib/python3.10/site-packages/airflow/example_dags/tutorial_taskflow_api_virtualenv.py
[2025-06-25T21:50:11.597-0400] {logging_mixin.py:188} INFO - [2025-06-25T21:50:11.597-0400] {dag.py:3096} INFO - Sync 1 DAGs
[2025-06-25T21:50:11.600-0400] {logging_mixin.py:188} INFO - [2025-06-25T21:50:11.600-0400] {dag.py:3954} INFO - Setting next_dagrun for tutorial_taskflow_api_virtualenv to None, run_after=None
[2025-06-25T21:50:11.608-0400] {processor.py:183} INFO - Processing /opt/anaconda3/envs/airflow_env/lib/python3.10/site-packages/airflow/example_dags/tutorial_taskflow_api_virtualenv.py took 0.112 seconds
[2025-06-25T21:50:27.451-0400] {processor.py:161} INFO - Started process (PID=72620) to work on /opt/anaconda3/envs/airflow_env/lib/python3.10/site-packages/airflow/example_dags/tutorial_taskflow_api_virtualenv.py
[2025-06-25T21:50:27.452-0400] {processor.py:830} INFO - Processing file /opt/anaconda3/envs/airflow_env/lib/python3.10/site-packages/airflow/example_dags/tutorial_taskflow_api_virtualenv.py for tasks to queue
[2025-06-25T21:50:27.452-0400] {logging_mixin.py:188} INFO - [2025-06-25T21:50:27.452-0400] {dagbag.py:545} INFO - Filling up the DagBag from /opt/anaconda3/envs/airflow_env/lib/python3.10/site-packages/airflow/example_dags/tutorial_taskflow_api_virtualenv.py
[2025-06-25T21:50:27.468-0400] {processor.py:840} INFO - DAG(s) 'tutorial_taskflow_api_virtualenv' retrieved from /opt/anaconda3/envs/airflow_env/lib/python3.10/site-packages/airflow/example_dags/tutorial_taskflow_api_virtualenv.py
[2025-06-25T21:50:27.473-0400] {logging_mixin.py:188} INFO - [2025-06-25T21:50:27.473-0400] {dag.py:3096} INFO - Sync 1 DAGs
[2025-06-25T21:50:27.499-0400] {logging_mixin.py:188} INFO - [2025-06-25T21:50:27.499-0400] {dag.py:3954} INFO - Setting next_dagrun for tutorial_taskflow_api_virtualenv to None, run_after=None
[2025-06-25T21:50:27.527-0400] {processor.py:183} INFO - Processing /opt/anaconda3/envs/airflow_env/lib/python3.10/site-packages/airflow/example_dags/tutorial_taskflow_api_virtualenv.py took 0.078 seconds
[2025-06-25T21:51:00.783-0400] {processor.py:161} INFO - Started process (PID=72666) to work on /opt/anaconda3/envs/airflow_env/lib/python3.10/site-packages/airflow/example_dags/tutorial_taskflow_api_virtualenv.py
[2025-06-25T21:51:00.783-0400] {processor.py:830} INFO - Processing file /opt/anaconda3/envs/airflow_env/lib/python3.10/site-packages/airflow/example_dags/tutorial_taskflow_api_virtualenv.py for tasks to queue
[2025-06-25T21:51:00.783-0400] {logging_mixin.py:188} INFO - [2025-06-25T21:51:00.783-0400] {dagbag.py:545} INFO - Filling up the DagBag from /opt/anaconda3/envs/airflow_env/lib/python3.10/site-packages/airflow/example_dags/tutorial_taskflow_api_virtualenv.py
[2025-06-25T21:51:00.797-0400] {processor.py:840} INFO - DAG(s) 'tutorial_taskflow_api_virtualenv' retrieved from /opt/anaconda3/envs/airflow_env/lib/python3.10/site-packages/airflow/example_dags/tutorial_taskflow_api_virtualenv.py
[2025-06-25T21:51:00.879-0400] {logging_mixin.py:188} INFO - [2025-06-25T21:51:00.879-0400] {dag.py:3096} INFO - Sync 1 DAGs
[2025-06-25T21:51:00.882-0400] {logging_mixin.py:188} INFO - [2025-06-25T21:51:00.882-0400] {dag.py:3954} INFO - Setting next_dagrun for tutorial_taskflow_api_virtualenv to None, run_after=None
[2025-06-25T21:51:00.890-0400] {processor.py:183} INFO - Processing /opt/anaconda3/envs/airflow_env/lib/python3.10/site-packages/airflow/example_dags/tutorial_taskflow_api_virtualenv.py took 0.109 seconds
[2025-06-25T21:51:14.270-0400] {processor.py:161} INFO - Started process (PID=72704) to work on /opt/anaconda3/envs/airflow_env/lib/python3.10/site-packages/airflow/example_dags/tutorial_taskflow_api_virtualenv.py
[2025-06-25T21:51:14.270-0400] {processor.py:830} INFO - Processing file /opt/anaconda3/envs/airflow_env/lib/python3.10/site-packages/airflow/example_dags/tutorial_taskflow_api_virtualenv.py for tasks to queue
[2025-06-25T21:51:14.270-0400] {logging_mixin.py:188} INFO - [2025-06-25T21:51:14.270-0400] {dagbag.py:545} INFO - Filling up the DagBag from /opt/anaconda3/envs/airflow_env/lib/python3.10/site-packages/airflow/example_dags/tutorial_taskflow_api_virtualenv.py
[2025-06-25T21:51:14.285-0400] {processor.py:840} INFO - DAG(s) 'tutorial_taskflow_api_virtualenv' retrieved from /opt/anaconda3/envs/airflow_env/lib/python3.10/site-packages/airflow/example_dags/tutorial_taskflow_api_virtualenv.py
[2025-06-25T21:51:14.289-0400] {logging_mixin.py:188} INFO - [2025-06-25T21:51:14.289-0400] {dag.py:3096} INFO - Sync 1 DAGs
[2025-06-25T21:51:14.316-0400] {logging_mixin.py:188} INFO - [2025-06-25T21:51:14.316-0400] {dag.py:3954} INFO - Setting next_dagrun for tutorial_taskflow_api_virtualenv to None, run_after=None
[2025-06-25T21:51:14.349-0400] {processor.py:183} INFO - Processing /opt/anaconda3/envs/airflow_env/lib/python3.10/site-packages/airflow/example_dags/tutorial_taskflow_api_virtualenv.py took 0.081 seconds
[2025-06-25T21:51:51.660-0400] {processor.py:161} INFO - Started process (PID=72751) to work on /opt/anaconda3/envs/airflow_env/lib/python3.10/site-packages/airflow/example_dags/tutorial_taskflow_api_virtualenv.py
[2025-06-25T21:51:51.660-0400] {processor.py:830} INFO - Processing file /opt/anaconda3/envs/airflow_env/lib/python3.10/site-packages/airflow/example_dags/tutorial_taskflow_api_virtualenv.py for tasks to queue
[2025-06-25T21:51:51.660-0400] {logging_mixin.py:188} INFO - [2025-06-25T21:51:51.660-0400] {dagbag.py:545} INFO - Filling up the DagBag from /opt/anaconda3/envs/airflow_env/lib/python3.10/site-packages/airflow/example_dags/tutorial_taskflow_api_virtualenv.py
[2025-06-25T21:51:51.675-0400] {processor.py:840} INFO - DAG(s) 'tutorial_taskflow_api_virtualenv' retrieved from /opt/anaconda3/envs/airflow_env/lib/python3.10/site-packages/airflow/example_dags/tutorial_taskflow_api_virtualenv.py
[2025-06-25T21:51:51.757-0400] {logging_mixin.py:188} INFO - [2025-06-25T21:51:51.756-0400] {dag.py:3096} INFO - Sync 1 DAGs
[2025-06-25T21:51:51.759-0400] {logging_mixin.py:188} INFO - [2025-06-25T21:51:51.759-0400] {dag.py:3954} INFO - Setting next_dagrun for tutorial_taskflow_api_virtualenv to None, run_after=None
[2025-06-25T21:51:51.766-0400] {processor.py:183} INFO - Processing /opt/anaconda3/envs/airflow_env/lib/python3.10/site-packages/airflow/example_dags/tutorial_taskflow_api_virtualenv.py took 0.109 seconds
[2025-06-25T21:52:06.917-0400] {processor.py:161} INFO - Started process (PID=72777) to work on /opt/anaconda3/envs/airflow_env/lib/python3.10/site-packages/airflow/example_dags/tutorial_taskflow_api_virtualenv.py
[2025-06-25T21:52:06.917-0400] {processor.py:830} INFO - Processing file /opt/anaconda3/envs/airflow_env/lib/python3.10/site-packages/airflow/example_dags/tutorial_taskflow_api_virtualenv.py for tasks to queue
[2025-06-25T21:52:06.917-0400] {logging_mixin.py:188} INFO - [2025-06-25T21:52:06.917-0400] {dagbag.py:545} INFO - Filling up the DagBag from /opt/anaconda3/envs/airflow_env/lib/python3.10/site-packages/airflow/example_dags/tutorial_taskflow_api_virtualenv.py
[2025-06-25T21:52:06.932-0400] {processor.py:840} INFO - DAG(s) 'tutorial_taskflow_api_virtualenv' retrieved from /opt/anaconda3/envs/airflow_env/lib/python3.10/site-packages/airflow/example_dags/tutorial_taskflow_api_virtualenv.py
[2025-06-25T21:52:06.936-0400] {logging_mixin.py:188} INFO - [2025-06-25T21:52:06.936-0400] {dag.py:3096} INFO - Sync 1 DAGs
[2025-06-25T21:52:06.965-0400] {logging_mixin.py:188} INFO - [2025-06-25T21:52:06.965-0400] {dag.py:3954} INFO - Setting next_dagrun for tutorial_taskflow_api_virtualenv to None, run_after=None
[2025-06-25T21:52:06.998-0400] {processor.py:183} INFO - Processing /opt/anaconda3/envs/airflow_env/lib/python3.10/site-packages/airflow/example_dags/tutorial_taskflow_api_virtualenv.py took 0.083 seconds
[2025-06-25T21:52:41.896-0400] {processor.py:161} INFO - Started process (PID=72825) to work on /opt/anaconda3/envs/airflow_env/lib/python3.10/site-packages/airflow/example_dags/tutorial_taskflow_api_virtualenv.py
[2025-06-25T21:52:41.896-0400] {processor.py:830} INFO - Processing file /opt/anaconda3/envs/airflow_env/lib/python3.10/site-packages/airflow/example_dags/tutorial_taskflow_api_virtualenv.py for tasks to queue
[2025-06-25T21:52:41.896-0400] {logging_mixin.py:188} INFO - [2025-06-25T21:52:41.896-0400] {dagbag.py:545} INFO - Filling up the DagBag from /opt/anaconda3/envs/airflow_env/lib/python3.10/site-packages/airflow/example_dags/tutorial_taskflow_api_virtualenv.py
[2025-06-25T21:52:41.911-0400] {processor.py:840} INFO - DAG(s) 'tutorial_taskflow_api_virtualenv' retrieved from /opt/anaconda3/envs/airflow_env/lib/python3.10/site-packages/airflow/example_dags/tutorial_taskflow_api_virtualenv.py
[2025-06-25T21:52:41.990-0400] {logging_mixin.py:188} INFO - [2025-06-25T21:52:41.990-0400] {dag.py:3096} INFO - Sync 1 DAGs
[2025-06-25T21:52:41.993-0400] {logging_mixin.py:188} INFO - [2025-06-25T21:52:41.993-0400] {dag.py:3954} INFO - Setting next_dagrun for tutorial_taskflow_api_virtualenv to None, run_after=None
[2025-06-25T21:52:42.000-0400] {processor.py:183} INFO - Processing /opt/anaconda3/envs/airflow_env/lib/python3.10/site-packages/airflow/example_dags/tutorial_taskflow_api_virtualenv.py took 0.105 seconds
[2025-06-25T21:52:59.142-0400] {processor.py:161} INFO - Started process (PID=72852) to work on /opt/anaconda3/envs/airflow_env/lib/python3.10/site-packages/airflow/example_dags/tutorial_taskflow_api_virtualenv.py
[2025-06-25T21:52:59.142-0400] {processor.py:830} INFO - Processing file /opt/anaconda3/envs/airflow_env/lib/python3.10/site-packages/airflow/example_dags/tutorial_taskflow_api_virtualenv.py for tasks to queue
[2025-06-25T21:52:59.142-0400] {logging_mixin.py:188} INFO - [2025-06-25T21:52:59.142-0400] {dagbag.py:545} INFO - Filling up the DagBag from /opt/anaconda3/envs/airflow_env/lib/python3.10/site-packages/airflow/example_dags/tutorial_taskflow_api_virtualenv.py
[2025-06-25T21:52:59.159-0400] {processor.py:840} INFO - DAG(s) 'tutorial_taskflow_api_virtualenv' retrieved from /opt/anaconda3/envs/airflow_env/lib/python3.10/site-packages/airflow/example_dags/tutorial_taskflow_api_virtualenv.py
[2025-06-25T21:52:59.164-0400] {logging_mixin.py:188} INFO - [2025-06-25T21:52:59.164-0400] {dag.py:3096} INFO - Sync 1 DAGs
[2025-06-25T21:52:59.195-0400] {logging_mixin.py:188} INFO - [2025-06-25T21:52:59.195-0400] {dag.py:3954} INFO - Setting next_dagrun for tutorial_taskflow_api_virtualenv to None, run_after=None
[2025-06-25T21:52:59.244-0400] {processor.py:183} INFO - Processing /opt/anaconda3/envs/airflow_env/lib/python3.10/site-packages/airflow/example_dags/tutorial_taskflow_api_virtualenv.py took 0.105 seconds
[2025-06-25T21:53:30.035-0400] {processor.py:161} INFO - Started process (PID=72893) to work on /opt/anaconda3/envs/airflow_env/lib/python3.10/site-packages/airflow/example_dags/tutorial_taskflow_api_virtualenv.py
[2025-06-25T21:53:30.036-0400] {processor.py:830} INFO - Processing file /opt/anaconda3/envs/airflow_env/lib/python3.10/site-packages/airflow/example_dags/tutorial_taskflow_api_virtualenv.py for tasks to queue
[2025-06-25T21:53:30.036-0400] {logging_mixin.py:188} INFO - [2025-06-25T21:53:30.036-0400] {dagbag.py:545} INFO - Filling up the DagBag from /opt/anaconda3/envs/airflow_env/lib/python3.10/site-packages/airflow/example_dags/tutorial_taskflow_api_virtualenv.py
[2025-06-25T21:53:30.050-0400] {processor.py:840} INFO - DAG(s) 'tutorial_taskflow_api_virtualenv' retrieved from /opt/anaconda3/envs/airflow_env/lib/python3.10/site-packages/airflow/example_dags/tutorial_taskflow_api_virtualenv.py
[2025-06-25T21:53:30.128-0400] {logging_mixin.py:188} INFO - [2025-06-25T21:53:30.128-0400] {dag.py:3096} INFO - Sync 1 DAGs
[2025-06-25T21:53:30.131-0400] {logging_mixin.py:188} INFO - [2025-06-25T21:53:30.131-0400] {dag.py:3954} INFO - Setting next_dagrun for tutorial_taskflow_api_virtualenv to None, run_after=None
[2025-06-25T21:53:30.138-0400] {processor.py:183} INFO - Processing /opt/anaconda3/envs/airflow_env/lib/python3.10/site-packages/airflow/example_dags/tutorial_taskflow_api_virtualenv.py took 0.104 seconds
[2025-06-25T21:53:48.547-0400] {processor.py:161} INFO - Started process (PID=72954) to work on /opt/anaconda3/envs/airflow_env/lib/python3.10/site-packages/airflow/example_dags/tutorial_taskflow_api_virtualenv.py
[2025-06-25T21:53:48.547-0400] {processor.py:830} INFO - Processing file /opt/anaconda3/envs/airflow_env/lib/python3.10/site-packages/airflow/example_dags/tutorial_taskflow_api_virtualenv.py for tasks to queue
[2025-06-25T21:53:48.547-0400] {logging_mixin.py:188} INFO - [2025-06-25T21:53:48.547-0400] {dagbag.py:545} INFO - Filling up the DagBag from /opt/anaconda3/envs/airflow_env/lib/python3.10/site-packages/airflow/example_dags/tutorial_taskflow_api_virtualenv.py
[2025-06-25T21:53:48.562-0400] {processor.py:840} INFO - DAG(s) 'tutorial_taskflow_api_virtualenv' retrieved from /opt/anaconda3/envs/airflow_env/lib/python3.10/site-packages/airflow/example_dags/tutorial_taskflow_api_virtualenv.py
[2025-06-25T21:53:48.567-0400] {logging_mixin.py:188} INFO - [2025-06-25T21:53:48.567-0400] {dag.py:3096} INFO - Sync 1 DAGs
[2025-06-25T21:53:48.599-0400] {logging_mixin.py:188} INFO - [2025-06-25T21:53:48.598-0400] {dag.py:3954} INFO - Setting next_dagrun for tutorial_taskflow_api_virtualenv to None, run_after=None
[2025-06-25T21:53:48.627-0400] {processor.py:183} INFO - Processing /opt/anaconda3/envs/airflow_env/lib/python3.10/site-packages/airflow/example_dags/tutorial_taskflow_api_virtualenv.py took 0.082 seconds
[2025-06-25T21:54:19.376-0400] {processor.py:161} INFO - Started process (PID=73024) to work on /opt/anaconda3/envs/airflow_env/lib/python3.10/site-packages/airflow/example_dags/tutorial_taskflow_api_virtualenv.py
[2025-06-25T21:54:19.376-0400] {processor.py:830} INFO - Processing file /opt/anaconda3/envs/airflow_env/lib/python3.10/site-packages/airflow/example_dags/tutorial_taskflow_api_virtualenv.py for tasks to queue
[2025-06-25T21:54:19.376-0400] {logging_mixin.py:188} INFO - [2025-06-25T21:54:19.376-0400] {dagbag.py:545} INFO - Filling up the DagBag from /opt/anaconda3/envs/airflow_env/lib/python3.10/site-packages/airflow/example_dags/tutorial_taskflow_api_virtualenv.py
[2025-06-25T21:54:19.390-0400] {processor.py:840} INFO - DAG(s) 'tutorial_taskflow_api_virtualenv' retrieved from /opt/anaconda3/envs/airflow_env/lib/python3.10/site-packages/airflow/example_dags/tutorial_taskflow_api_virtualenv.py
[2025-06-25T21:54:19.473-0400] {logging_mixin.py:188} INFO - [2025-06-25T21:54:19.473-0400] {dag.py:3096} INFO - Sync 1 DAGs
[2025-06-25T21:54:19.476-0400] {logging_mixin.py:188} INFO - [2025-06-25T21:54:19.476-0400] {dag.py:3954} INFO - Setting next_dagrun for tutorial_taskflow_api_virtualenv to None, run_after=None
[2025-06-25T21:54:19.483-0400] {processor.py:183} INFO - Processing /opt/anaconda3/envs/airflow_env/lib/python3.10/site-packages/airflow/example_dags/tutorial_taskflow_api_virtualenv.py took 0.109 seconds
[2025-06-25T21:54:35.346-0400] {processor.py:161} INFO - Started process (PID=73062) to work on /opt/anaconda3/envs/airflow_env/lib/python3.10/site-packages/airflow/example_dags/tutorial_taskflow_api_virtualenv.py
[2025-06-25T21:54:35.346-0400] {processor.py:830} INFO - Processing file /opt/anaconda3/envs/airflow_env/lib/python3.10/site-packages/airflow/example_dags/tutorial_taskflow_api_virtualenv.py for tasks to queue
[2025-06-25T21:54:35.346-0400] {logging_mixin.py:188} INFO - [2025-06-25T21:54:35.346-0400] {dagbag.py:545} INFO - Filling up the DagBag from /opt/anaconda3/envs/airflow_env/lib/python3.10/site-packages/airflow/example_dags/tutorial_taskflow_api_virtualenv.py
[2025-06-25T21:54:35.362-0400] {processor.py:840} INFO - DAG(s) 'tutorial_taskflow_api_virtualenv' retrieved from /opt/anaconda3/envs/airflow_env/lib/python3.10/site-packages/airflow/example_dags/tutorial_taskflow_api_virtualenv.py
[2025-06-25T21:54:35.366-0400] {logging_mixin.py:188} INFO - [2025-06-25T21:54:35.366-0400] {dag.py:3096} INFO - Sync 1 DAGs
[2025-06-25T21:54:35.394-0400] {logging_mixin.py:188} INFO - [2025-06-25T21:54:35.394-0400] {dag.py:3954} INFO - Setting next_dagrun for tutorial_taskflow_api_virtualenv to None, run_after=None
[2025-06-25T21:54:35.449-0400] {processor.py:183} INFO - Processing /opt/anaconda3/envs/airflow_env/lib/python3.10/site-packages/airflow/example_dags/tutorial_taskflow_api_virtualenv.py took 0.106 seconds
[2025-06-25T21:55:09.276-0400] {processor.py:161} INFO - Started process (PID=73114) to work on /opt/anaconda3/envs/airflow_env/lib/python3.10/site-packages/airflow/example_dags/tutorial_taskflow_api_virtualenv.py
[2025-06-25T21:55:09.277-0400] {processor.py:830} INFO - Processing file /opt/anaconda3/envs/airflow_env/lib/python3.10/site-packages/airflow/example_dags/tutorial_taskflow_api_virtualenv.py for tasks to queue
[2025-06-25T21:55:09.277-0400] {logging_mixin.py:188} INFO - [2025-06-25T21:55:09.277-0400] {dagbag.py:545} INFO - Filling up the DagBag from /opt/anaconda3/envs/airflow_env/lib/python3.10/site-packages/airflow/example_dags/tutorial_taskflow_api_virtualenv.py
[2025-06-25T21:55:09.291-0400] {processor.py:840} INFO - DAG(s) 'tutorial_taskflow_api_virtualenv' retrieved from /opt/anaconda3/envs/airflow_env/lib/python3.10/site-packages/airflow/example_dags/tutorial_taskflow_api_virtualenv.py
[2025-06-25T21:55:09.370-0400] {logging_mixin.py:188} INFO - [2025-06-25T21:55:09.370-0400] {dag.py:3096} INFO - Sync 1 DAGs
[2025-06-25T21:55:09.373-0400] {logging_mixin.py:188} INFO - [2025-06-25T21:55:09.373-0400] {dag.py:3954} INFO - Setting next_dagrun for tutorial_taskflow_api_virtualenv to None, run_after=None
[2025-06-25T21:55:09.380-0400] {processor.py:183} INFO - Processing /opt/anaconda3/envs/airflow_env/lib/python3.10/site-packages/airflow/example_dags/tutorial_taskflow_api_virtualenv.py took 0.106 seconds
[2025-06-25T21:55:23.708-0400] {processor.py:161} INFO - Started process (PID=73143) to work on /opt/anaconda3/envs/airflow_env/lib/python3.10/site-packages/airflow/example_dags/tutorial_taskflow_api_virtualenv.py
[2025-06-25T21:55:23.708-0400] {processor.py:830} INFO - Processing file /opt/anaconda3/envs/airflow_env/lib/python3.10/site-packages/airflow/example_dags/tutorial_taskflow_api_virtualenv.py for tasks to queue
[2025-06-25T21:55:23.708-0400] {logging_mixin.py:188} INFO - [2025-06-25T21:55:23.708-0400] {dagbag.py:545} INFO - Filling up the DagBag from /opt/anaconda3/envs/airflow_env/lib/python3.10/site-packages/airflow/example_dags/tutorial_taskflow_api_virtualenv.py
[2025-06-25T21:55:23.725-0400] {processor.py:840} INFO - DAG(s) 'tutorial_taskflow_api_virtualenv' retrieved from /opt/anaconda3/envs/airflow_env/lib/python3.10/site-packages/airflow/example_dags/tutorial_taskflow_api_virtualenv.py
[2025-06-25T21:55:23.730-0400] {logging_mixin.py:188} INFO - [2025-06-25T21:55:23.729-0400] {dag.py:3096} INFO - Sync 1 DAGs
[2025-06-25T21:55:23.758-0400] {logging_mixin.py:188} INFO - [2025-06-25T21:55:23.758-0400] {dag.py:3954} INFO - Setting next_dagrun for tutorial_taskflow_api_virtualenv to None, run_after=None
[2025-06-25T21:55:23.788-0400] {processor.py:183} INFO - Processing /opt/anaconda3/envs/airflow_env/lib/python3.10/site-packages/airflow/example_dags/tutorial_taskflow_api_virtualenv.py took 0.083 seconds
[2025-06-25T21:56:01.693-0400] {processor.py:161} INFO - Started process (PID=73198) to work on /opt/anaconda3/envs/airflow_env/lib/python3.10/site-packages/airflow/example_dags/tutorial_taskflow_api_virtualenv.py
[2025-06-25T21:56:01.694-0400] {processor.py:830} INFO - Processing file /opt/anaconda3/envs/airflow_env/lib/python3.10/site-packages/airflow/example_dags/tutorial_taskflow_api_virtualenv.py for tasks to queue
[2025-06-25T21:56:01.694-0400] {logging_mixin.py:188} INFO - [2025-06-25T21:56:01.694-0400] {dagbag.py:545} INFO - Filling up the DagBag from /opt/anaconda3/envs/airflow_env/lib/python3.10/site-packages/airflow/example_dags/tutorial_taskflow_api_virtualenv.py
[2025-06-25T21:56:01.718-0400] {processor.py:840} INFO - DAG(s) 'tutorial_taskflow_api_virtualenv' retrieved from /opt/anaconda3/envs/airflow_env/lib/python3.10/site-packages/airflow/example_dags/tutorial_taskflow_api_virtualenv.py
[2025-06-25T21:56:01.814-0400] {logging_mixin.py:188} INFO - [2025-06-25T21:56:01.813-0400] {dag.py:3096} INFO - Sync 1 DAGs
[2025-06-25T21:56:01.817-0400] {logging_mixin.py:188} INFO - [2025-06-25T21:56:01.817-0400] {dag.py:3954} INFO - Setting next_dagrun for tutorial_taskflow_api_virtualenv to None, run_after=None
[2025-06-25T21:56:01.825-0400] {processor.py:183} INFO - Processing /opt/anaconda3/envs/airflow_env/lib/python3.10/site-packages/airflow/example_dags/tutorial_taskflow_api_virtualenv.py took 0.136 seconds
[2025-06-25T21:56:16.889-0400] {processor.py:161} INFO - Started process (PID=73218) to work on /opt/anaconda3/envs/airflow_env/lib/python3.10/site-packages/airflow/example_dags/tutorial_taskflow_api_virtualenv.py
[2025-06-25T21:56:16.891-0400] {processor.py:830} INFO - Processing file /opt/anaconda3/envs/airflow_env/lib/python3.10/site-packages/airflow/example_dags/tutorial_taskflow_api_virtualenv.py for tasks to queue
[2025-06-25T21:56:16.891-0400] {logging_mixin.py:188} INFO - [2025-06-25T21:56:16.891-0400] {dagbag.py:545} INFO - Filling up the DagBag from /opt/anaconda3/envs/airflow_env/lib/python3.10/site-packages/airflow/example_dags/tutorial_taskflow_api_virtualenv.py
[2025-06-25T21:56:16.905-0400] {processor.py:840} INFO - DAG(s) 'tutorial_taskflow_api_virtualenv' retrieved from /opt/anaconda3/envs/airflow_env/lib/python3.10/site-packages/airflow/example_dags/tutorial_taskflow_api_virtualenv.py
[2025-06-25T21:56:16.909-0400] {logging_mixin.py:188} INFO - [2025-06-25T21:56:16.909-0400] {dag.py:3096} INFO - Sync 1 DAGs
[2025-06-25T21:56:16.936-0400] {logging_mixin.py:188} INFO - [2025-06-25T21:56:16.936-0400] {dag.py:3954} INFO - Setting next_dagrun for tutorial_taskflow_api_virtualenv to None, run_after=None
[2025-06-25T21:56:16.963-0400] {processor.py:183} INFO - Processing /opt/anaconda3/envs/airflow_env/lib/python3.10/site-packages/airflow/example_dags/tutorial_taskflow_api_virtualenv.py took 0.075 seconds
[2025-06-25T21:56:54.842-0400] {processor.py:161} INFO - Started process (PID=73276) to work on /opt/anaconda3/envs/airflow_env/lib/python3.10/site-packages/airflow/example_dags/tutorial_taskflow_api_virtualenv.py
[2025-06-25T21:56:54.844-0400] {processor.py:830} INFO - Processing file /opt/anaconda3/envs/airflow_env/lib/python3.10/site-packages/airflow/example_dags/tutorial_taskflow_api_virtualenv.py for tasks to queue
[2025-06-25T21:56:54.844-0400] {logging_mixin.py:188} INFO - [2025-06-25T21:56:54.844-0400] {dagbag.py:545} INFO - Filling up the DagBag from /opt/anaconda3/envs/airflow_env/lib/python3.10/site-packages/airflow/example_dags/tutorial_taskflow_api_virtualenv.py
[2025-06-25T21:56:54.859-0400] {processor.py:840} INFO - DAG(s) 'tutorial_taskflow_api_virtualenv' retrieved from /opt/anaconda3/envs/airflow_env/lib/python3.10/site-packages/airflow/example_dags/tutorial_taskflow_api_virtualenv.py
[2025-06-25T21:56:54.940-0400] {logging_mixin.py:188} INFO - [2025-06-25T21:56:54.940-0400] {dag.py:3096} INFO - Sync 1 DAGs
[2025-06-25T21:56:54.943-0400] {logging_mixin.py:188} INFO - [2025-06-25T21:56:54.943-0400] {dag.py:3954} INFO - Setting next_dagrun for tutorial_taskflow_api_virtualenv to None, run_after=None
[2025-06-25T21:56:54.950-0400] {processor.py:183} INFO - Processing /opt/anaconda3/envs/airflow_env/lib/python3.10/site-packages/airflow/example_dags/tutorial_taskflow_api_virtualenv.py took 0.110 seconds
[2025-06-25T21:57:10.888-0400] {processor.py:161} INFO - Started process (PID=73300) to work on /opt/anaconda3/envs/airflow_env/lib/python3.10/site-packages/airflow/example_dags/tutorial_taskflow_api_virtualenv.py
[2025-06-25T21:57:10.888-0400] {processor.py:830} INFO - Processing file /opt/anaconda3/envs/airflow_env/lib/python3.10/site-packages/airflow/example_dags/tutorial_taskflow_api_virtualenv.py for tasks to queue
[2025-06-25T21:57:10.889-0400] {logging_mixin.py:188} INFO - [2025-06-25T21:57:10.889-0400] {dagbag.py:545} INFO - Filling up the DagBag from /opt/anaconda3/envs/airflow_env/lib/python3.10/site-packages/airflow/example_dags/tutorial_taskflow_api_virtualenv.py
[2025-06-25T21:57:10.903-0400] {processor.py:840} INFO - DAG(s) 'tutorial_taskflow_api_virtualenv' retrieved from /opt/anaconda3/envs/airflow_env/lib/python3.10/site-packages/airflow/example_dags/tutorial_taskflow_api_virtualenv.py
[2025-06-25T21:57:10.907-0400] {logging_mixin.py:188} INFO - [2025-06-25T21:57:10.907-0400] {dag.py:3096} INFO - Sync 1 DAGs
[2025-06-25T21:57:10.933-0400] {logging_mixin.py:188} INFO - [2025-06-25T21:57:10.933-0400] {dag.py:3954} INFO - Setting next_dagrun for tutorial_taskflow_api_virtualenv to None, run_after=None
[2025-06-25T21:57:10.963-0400] {processor.py:183} INFO - Processing /opt/anaconda3/envs/airflow_env/lib/python3.10/site-packages/airflow/example_dags/tutorial_taskflow_api_virtualenv.py took 0.077 seconds
[2025-06-25T21:57:49.226-0400] {processor.py:161} INFO - Started process (PID=73351) to work on /opt/anaconda3/envs/airflow_env/lib/python3.10/site-packages/airflow/example_dags/tutorial_taskflow_api_virtualenv.py
[2025-06-25T21:57:49.228-0400] {processor.py:830} INFO - Processing file /opt/anaconda3/envs/airflow_env/lib/python3.10/site-packages/airflow/example_dags/tutorial_taskflow_api_virtualenv.py for tasks to queue
[2025-06-25T21:57:49.228-0400] {logging_mixin.py:188} INFO - [2025-06-25T21:57:49.228-0400] {dagbag.py:545} INFO - Filling up the DagBag from /opt/anaconda3/envs/airflow_env/lib/python3.10/site-packages/airflow/example_dags/tutorial_taskflow_api_virtualenv.py
[2025-06-25T21:57:49.247-0400] {processor.py:840} INFO - DAG(s) 'tutorial_taskflow_api_virtualenv' retrieved from /opt/anaconda3/envs/airflow_env/lib/python3.10/site-packages/airflow/example_dags/tutorial_taskflow_api_virtualenv.py
[2025-06-25T21:57:49.351-0400] {logging_mixin.py:188} INFO - [2025-06-25T21:57:49.351-0400] {dag.py:3096} INFO - Sync 1 DAGs
[2025-06-25T21:57:49.355-0400] {logging_mixin.py:188} INFO - [2025-06-25T21:57:49.354-0400] {dag.py:3954} INFO - Setting next_dagrun for tutorial_taskflow_api_virtualenv to None, run_after=None
[2025-06-25T21:57:49.363-0400] {processor.py:183} INFO - Processing /opt/anaconda3/envs/airflow_env/lib/python3.10/site-packages/airflow/example_dags/tutorial_taskflow_api_virtualenv.py took 0.140 seconds
[2025-06-25T21:58:01.900-0400] {processor.py:161} INFO - Started process (PID=73383) to work on /opt/anaconda3/envs/airflow_env/lib/python3.10/site-packages/airflow/example_dags/tutorial_taskflow_api_virtualenv.py
[2025-06-25T21:58:01.900-0400] {processor.py:830} INFO - Processing file /opt/anaconda3/envs/airflow_env/lib/python3.10/site-packages/airflow/example_dags/tutorial_taskflow_api_virtualenv.py for tasks to queue
[2025-06-25T21:58:01.900-0400] {logging_mixin.py:188} INFO - [2025-06-25T21:58:01.900-0400] {dagbag.py:545} INFO - Filling up the DagBag from /opt/anaconda3/envs/airflow_env/lib/python3.10/site-packages/airflow/example_dags/tutorial_taskflow_api_virtualenv.py
[2025-06-25T21:58:01.918-0400] {processor.py:840} INFO - DAG(s) 'tutorial_taskflow_api_virtualenv' retrieved from /opt/anaconda3/envs/airflow_env/lib/python3.10/site-packages/airflow/example_dags/tutorial_taskflow_api_virtualenv.py
[2025-06-25T21:58:01.922-0400] {logging_mixin.py:188} INFO - [2025-06-25T21:58:01.922-0400] {dag.py:3096} INFO - Sync 1 DAGs
[2025-06-25T21:58:01.951-0400] {logging_mixin.py:188} INFO - [2025-06-25T21:58:01.950-0400] {dag.py:3954} INFO - Setting next_dagrun for tutorial_taskflow_api_virtualenv to None, run_after=None
[2025-06-25T21:58:01.977-0400] {processor.py:183} INFO - Processing /opt/anaconda3/envs/airflow_env/lib/python3.10/site-packages/airflow/example_dags/tutorial_taskflow_api_virtualenv.py took 0.080 seconds
[2025-06-25T21:58:41.853-0400] {processor.py:161} INFO - Started process (PID=73448) to work on /opt/anaconda3/envs/airflow_env/lib/python3.10/site-packages/airflow/example_dags/tutorial_taskflow_api_virtualenv.py
[2025-06-25T21:58:41.854-0400] {processor.py:830} INFO - Processing file /opt/anaconda3/envs/airflow_env/lib/python3.10/site-packages/airflow/example_dags/tutorial_taskflow_api_virtualenv.py for tasks to queue
[2025-06-25T21:58:41.854-0400] {logging_mixin.py:188} INFO - [2025-06-25T21:58:41.854-0400] {dagbag.py:545} INFO - Filling up the DagBag from /opt/anaconda3/envs/airflow_env/lib/python3.10/site-packages/airflow/example_dags/tutorial_taskflow_api_virtualenv.py
[2025-06-25T21:58:41.869-0400] {processor.py:840} INFO - DAG(s) 'tutorial_taskflow_api_virtualenv' retrieved from /opt/anaconda3/envs/airflow_env/lib/python3.10/site-packages/airflow/example_dags/tutorial_taskflow_api_virtualenv.py
[2025-06-25T21:58:41.961-0400] {logging_mixin.py:188} INFO - [2025-06-25T21:58:41.961-0400] {dag.py:3096} INFO - Sync 1 DAGs
[2025-06-25T21:58:41.965-0400] {logging_mixin.py:188} INFO - [2025-06-25T21:58:41.965-0400] {dag.py:3954} INFO - Setting next_dagrun for tutorial_taskflow_api_virtualenv to None, run_after=None
[2025-06-25T21:58:41.973-0400] {processor.py:183} INFO - Processing /opt/anaconda3/envs/airflow_env/lib/python3.10/site-packages/airflow/example_dags/tutorial_taskflow_api_virtualenv.py took 0.122 seconds
[2025-06-25T21:58:59.107-0400] {processor.py:161} INFO - Started process (PID=73469) to work on /opt/anaconda3/envs/airflow_env/lib/python3.10/site-packages/airflow/example_dags/tutorial_taskflow_api_virtualenv.py
[2025-06-25T21:58:59.108-0400] {processor.py:830} INFO - Processing file /opt/anaconda3/envs/airflow_env/lib/python3.10/site-packages/airflow/example_dags/tutorial_taskflow_api_virtualenv.py for tasks to queue
[2025-06-25T21:58:59.108-0400] {logging_mixin.py:188} INFO - [2025-06-25T21:58:59.108-0400] {dagbag.py:545} INFO - Filling up the DagBag from /opt/anaconda3/envs/airflow_env/lib/python3.10/site-packages/airflow/example_dags/tutorial_taskflow_api_virtualenv.py
[2025-06-25T21:58:59.124-0400] {processor.py:840} INFO - DAG(s) 'tutorial_taskflow_api_virtualenv' retrieved from /opt/anaconda3/envs/airflow_env/lib/python3.10/site-packages/airflow/example_dags/tutorial_taskflow_api_virtualenv.py
[2025-06-25T21:58:59.129-0400] {logging_mixin.py:188} INFO - [2025-06-25T21:58:59.128-0400] {dag.py:3096} INFO - Sync 1 DAGs
[2025-06-25T21:58:59.158-0400] {logging_mixin.py:188} INFO - [2025-06-25T21:58:59.158-0400] {dag.py:3954} INFO - Setting next_dagrun for tutorial_taskflow_api_virtualenv to None, run_after=None
[2025-06-25T21:58:59.188-0400] {processor.py:183} INFO - Processing /opt/anaconda3/envs/airflow_env/lib/python3.10/site-packages/airflow/example_dags/tutorial_taskflow_api_virtualenv.py took 0.083 seconds
[2025-06-25T21:59:35.684-0400] {processor.py:161} INFO - Started process (PID=73522) to work on /opt/anaconda3/envs/airflow_env/lib/python3.10/site-packages/airflow/example_dags/tutorial_taskflow_api_virtualenv.py
[2025-06-25T21:59:35.686-0400] {processor.py:830} INFO - Processing file /opt/anaconda3/envs/airflow_env/lib/python3.10/site-packages/airflow/example_dags/tutorial_taskflow_api_virtualenv.py for tasks to queue
[2025-06-25T21:59:35.686-0400] {logging_mixin.py:188} INFO - [2025-06-25T21:59:35.686-0400] {dagbag.py:545} INFO - Filling up the DagBag from /opt/anaconda3/envs/airflow_env/lib/python3.10/site-packages/airflow/example_dags/tutorial_taskflow_api_virtualenv.py
[2025-06-25T21:59:35.703-0400] {processor.py:840} INFO - DAG(s) 'tutorial_taskflow_api_virtualenv' retrieved from /opt/anaconda3/envs/airflow_env/lib/python3.10/site-packages/airflow/example_dags/tutorial_taskflow_api_virtualenv.py
[2025-06-25T21:59:35.795-0400] {logging_mixin.py:188} INFO - [2025-06-25T21:59:35.795-0400] {dag.py:3096} INFO - Sync 1 DAGs
[2025-06-25T21:59:35.799-0400] {logging_mixin.py:188} INFO - [2025-06-25T21:59:35.799-0400] {dag.py:3954} INFO - Setting next_dagrun for tutorial_taskflow_api_virtualenv to None, run_after=None
[2025-06-25T21:59:35.807-0400] {processor.py:183} INFO - Processing /opt/anaconda3/envs/airflow_env/lib/python3.10/site-packages/airflow/example_dags/tutorial_taskflow_api_virtualenv.py took 0.125 seconds
[2025-06-25T21:59:58.718-0400] {processor.py:161} INFO - Started process (PID=73549) to work on /opt/anaconda3/envs/airflow_env/lib/python3.10/site-packages/airflow/example_dags/tutorial_taskflow_api_virtualenv.py
[2025-06-25T21:59:58.719-0400] {processor.py:830} INFO - Processing file /opt/anaconda3/envs/airflow_env/lib/python3.10/site-packages/airflow/example_dags/tutorial_taskflow_api_virtualenv.py for tasks to queue
[2025-06-25T21:59:58.719-0400] {logging_mixin.py:188} INFO - [2025-06-25T21:59:58.719-0400] {dagbag.py:545} INFO - Filling up the DagBag from /opt/anaconda3/envs/airflow_env/lib/python3.10/site-packages/airflow/example_dags/tutorial_taskflow_api_virtualenv.py
[2025-06-25T21:59:58.737-0400] {processor.py:840} INFO - DAG(s) 'tutorial_taskflow_api_virtualenv' retrieved from /opt/anaconda3/envs/airflow_env/lib/python3.10/site-packages/airflow/example_dags/tutorial_taskflow_api_virtualenv.py
[2025-06-25T21:59:58.741-0400] {logging_mixin.py:188} INFO - [2025-06-25T21:59:58.741-0400] {dag.py:3096} INFO - Sync 1 DAGs
[2025-06-25T21:59:58.771-0400] {logging_mixin.py:188} INFO - [2025-06-25T21:59:58.770-0400] {dag.py:3954} INFO - Setting next_dagrun for tutorial_taskflow_api_virtualenv to None, run_after=None
[2025-06-25T21:59:58.800-0400] {processor.py:183} INFO - Processing /opt/anaconda3/envs/airflow_env/lib/python3.10/site-packages/airflow/example_dags/tutorial_taskflow_api_virtualenv.py took 0.084 seconds
[2025-06-25T22:00:34.092-0400] {processor.py:161} INFO - Started process (PID=73599) to work on /opt/anaconda3/envs/airflow_env/lib/python3.10/site-packages/airflow/example_dags/tutorial_taskflow_api_virtualenv.py
[2025-06-25T22:00:34.092-0400] {processor.py:830} INFO - Processing file /opt/anaconda3/envs/airflow_env/lib/python3.10/site-packages/airflow/example_dags/tutorial_taskflow_api_virtualenv.py for tasks to queue
[2025-06-25T22:00:34.092-0400] {logging_mixin.py:188} INFO - [2025-06-25T22:00:34.092-0400] {dagbag.py:545} INFO - Filling up the DagBag from /opt/anaconda3/envs/airflow_env/lib/python3.10/site-packages/airflow/example_dags/tutorial_taskflow_api_virtualenv.py
[2025-06-25T22:00:34.108-0400] {processor.py:840} INFO - DAG(s) 'tutorial_taskflow_api_virtualenv' retrieved from /opt/anaconda3/envs/airflow_env/lib/python3.10/site-packages/airflow/example_dags/tutorial_taskflow_api_virtualenv.py
[2025-06-25T22:00:34.193-0400] {logging_mixin.py:188} INFO - [2025-06-25T22:00:34.193-0400] {dag.py:3096} INFO - Sync 1 DAGs
[2025-06-25T22:00:34.196-0400] {logging_mixin.py:188} INFO - [2025-06-25T22:00:34.196-0400] {dag.py:3954} INFO - Setting next_dagrun for tutorial_taskflow_api_virtualenv to None, run_after=None
[2025-06-25T22:00:34.203-0400] {processor.py:183} INFO - Processing /opt/anaconda3/envs/airflow_env/lib/python3.10/site-packages/airflow/example_dags/tutorial_taskflow_api_virtualenv.py took 0.115 seconds
[2025-06-25T22:00:52.333-0400] {processor.py:161} INFO - Started process (PID=73629) to work on /opt/anaconda3/envs/airflow_env/lib/python3.10/site-packages/airflow/example_dags/tutorial_taskflow_api_virtualenv.py
[2025-06-25T22:00:52.334-0400] {processor.py:830} INFO - Processing file /opt/anaconda3/envs/airflow_env/lib/python3.10/site-packages/airflow/example_dags/tutorial_taskflow_api_virtualenv.py for tasks to queue
[2025-06-25T22:00:52.334-0400] {logging_mixin.py:188} INFO - [2025-06-25T22:00:52.334-0400] {dagbag.py:545} INFO - Filling up the DagBag from /opt/anaconda3/envs/airflow_env/lib/python3.10/site-packages/airflow/example_dags/tutorial_taskflow_api_virtualenv.py
[2025-06-25T22:00:52.349-0400] {processor.py:840} INFO - DAG(s) 'tutorial_taskflow_api_virtualenv' retrieved from /opt/anaconda3/envs/airflow_env/lib/python3.10/site-packages/airflow/example_dags/tutorial_taskflow_api_virtualenv.py
[2025-06-25T22:00:52.355-0400] {logging_mixin.py:188} INFO - [2025-06-25T22:00:52.354-0400] {dag.py:3096} INFO - Sync 1 DAGs
[2025-06-25T22:00:52.383-0400] {logging_mixin.py:188} INFO - [2025-06-25T22:00:52.383-0400] {dag.py:3954} INFO - Setting next_dagrun for tutorial_taskflow_api_virtualenv to None, run_after=None
[2025-06-25T22:00:52.412-0400] {processor.py:183} INFO - Processing /opt/anaconda3/envs/airflow_env/lib/python3.10/site-packages/airflow/example_dags/tutorial_taskflow_api_virtualenv.py took 0.081 seconds
[2025-06-25T22:01:26.993-0400] {processor.py:161} INFO - Started process (PID=73679) to work on /opt/anaconda3/envs/airflow_env/lib/python3.10/site-packages/airflow/example_dags/tutorial_taskflow_api_virtualenv.py
[2025-06-25T22:01:26.994-0400] {processor.py:830} INFO - Processing file /opt/anaconda3/envs/airflow_env/lib/python3.10/site-packages/airflow/example_dags/tutorial_taskflow_api_virtualenv.py for tasks to queue
[2025-06-25T22:01:26.994-0400] {logging_mixin.py:188} INFO - [2025-06-25T22:01:26.994-0400] {dagbag.py:545} INFO - Filling up the DagBag from /opt/anaconda3/envs/airflow_env/lib/python3.10/site-packages/airflow/example_dags/tutorial_taskflow_api_virtualenv.py
[2025-06-25T22:01:27.009-0400] {processor.py:840} INFO - DAG(s) 'tutorial_taskflow_api_virtualenv' retrieved from /opt/anaconda3/envs/airflow_env/lib/python3.10/site-packages/airflow/example_dags/tutorial_taskflow_api_virtualenv.py
[2025-06-25T22:01:27.088-0400] {logging_mixin.py:188} INFO - [2025-06-25T22:01:27.088-0400] {dag.py:3096} INFO - Sync 1 DAGs
[2025-06-25T22:01:27.091-0400] {logging_mixin.py:188} INFO - [2025-06-25T22:01:27.091-0400] {dag.py:3954} INFO - Setting next_dagrun for tutorial_taskflow_api_virtualenv to None, run_after=None
[2025-06-25T22:01:27.099-0400] {processor.py:183} INFO - Processing /opt/anaconda3/envs/airflow_env/lib/python3.10/site-packages/airflow/example_dags/tutorial_taskflow_api_virtualenv.py took 0.107 seconds
[2025-06-25T22:01:42.888-0400] {processor.py:161} INFO - Started process (PID=73707) to work on /opt/anaconda3/envs/airflow_env/lib/python3.10/site-packages/airflow/example_dags/tutorial_taskflow_api_virtualenv.py
[2025-06-25T22:01:42.889-0400] {processor.py:830} INFO - Processing file /opt/anaconda3/envs/airflow_env/lib/python3.10/site-packages/airflow/example_dags/tutorial_taskflow_api_virtualenv.py for tasks to queue
[2025-06-25T22:01:42.889-0400] {logging_mixin.py:188} INFO - [2025-06-25T22:01:42.889-0400] {dagbag.py:545} INFO - Filling up the DagBag from /opt/anaconda3/envs/airflow_env/lib/python3.10/site-packages/airflow/example_dags/tutorial_taskflow_api_virtualenv.py
[2025-06-25T22:01:42.903-0400] {processor.py:840} INFO - DAG(s) 'tutorial_taskflow_api_virtualenv' retrieved from /opt/anaconda3/envs/airflow_env/lib/python3.10/site-packages/airflow/example_dags/tutorial_taskflow_api_virtualenv.py
[2025-06-25T22:01:42.907-0400] {logging_mixin.py:188} INFO - [2025-06-25T22:01:42.907-0400] {dag.py:3096} INFO - Sync 1 DAGs
[2025-06-25T22:01:42.935-0400] {logging_mixin.py:188} INFO - [2025-06-25T22:01:42.935-0400] {dag.py:3954} INFO - Setting next_dagrun for tutorial_taskflow_api_virtualenv to None, run_after=None
[2025-06-25T22:01:42.961-0400] {processor.py:183} INFO - Processing /opt/anaconda3/envs/airflow_env/lib/python3.10/site-packages/airflow/example_dags/tutorial_taskflow_api_virtualenv.py took 0.075 seconds
[2025-06-25T22:02:15.721-0400] {processor.py:161} INFO - Started process (PID=73774) to work on /opt/anaconda3/envs/airflow_env/lib/python3.10/site-packages/airflow/example_dags/tutorial_taskflow_api_virtualenv.py
[2025-06-25T22:02:15.722-0400] {processor.py:830} INFO - Processing file /opt/anaconda3/envs/airflow_env/lib/python3.10/site-packages/airflow/example_dags/tutorial_taskflow_api_virtualenv.py for tasks to queue
[2025-06-25T22:02:15.722-0400] {logging_mixin.py:188} INFO - [2025-06-25T22:02:15.722-0400] {dagbag.py:545} INFO - Filling up the DagBag from /opt/anaconda3/envs/airflow_env/lib/python3.10/site-packages/airflow/example_dags/tutorial_taskflow_api_virtualenv.py
[2025-06-25T22:02:15.737-0400] {processor.py:840} INFO - DAG(s) 'tutorial_taskflow_api_virtualenv' retrieved from /opt/anaconda3/envs/airflow_env/lib/python3.10/site-packages/airflow/example_dags/tutorial_taskflow_api_virtualenv.py
[2025-06-25T22:02:15.833-0400] {logging_mixin.py:188} INFO - [2025-06-25T22:02:15.833-0400] {dag.py:3096} INFO - Sync 1 DAGs
[2025-06-25T22:02:15.836-0400] {logging_mixin.py:188} INFO - [2025-06-25T22:02:15.836-0400] {dag.py:3954} INFO - Setting next_dagrun for tutorial_taskflow_api_virtualenv to None, run_after=None
[2025-06-25T22:02:15.844-0400] {processor.py:183} INFO - Processing /opt/anaconda3/envs/airflow_env/lib/python3.10/site-packages/airflow/example_dags/tutorial_taskflow_api_virtualenv.py took 0.126 seconds
[2025-06-25T22:02:35.259-0400] {processor.py:161} INFO - Started process (PID=73800) to work on /opt/anaconda3/envs/airflow_env/lib/python3.10/site-packages/airflow/example_dags/tutorial_taskflow_api_virtualenv.py
[2025-06-25T22:02:35.260-0400] {processor.py:830} INFO - Processing file /opt/anaconda3/envs/airflow_env/lib/python3.10/site-packages/airflow/example_dags/tutorial_taskflow_api_virtualenv.py for tasks to queue
[2025-06-25T22:02:35.261-0400] {logging_mixin.py:188} INFO - [2025-06-25T22:02:35.260-0400] {dagbag.py:545} INFO - Filling up the DagBag from /opt/anaconda3/envs/airflow_env/lib/python3.10/site-packages/airflow/example_dags/tutorial_taskflow_api_virtualenv.py
[2025-06-25T22:02:35.274-0400] {processor.py:840} INFO - DAG(s) 'tutorial_taskflow_api_virtualenv' retrieved from /opt/anaconda3/envs/airflow_env/lib/python3.10/site-packages/airflow/example_dags/tutorial_taskflow_api_virtualenv.py
[2025-06-25T22:02:35.279-0400] {logging_mixin.py:188} INFO - [2025-06-25T22:02:35.279-0400] {dag.py:3096} INFO - Sync 1 DAGs
[2025-06-25T22:02:35.305-0400] {logging_mixin.py:188} INFO - [2025-06-25T22:02:35.305-0400] {dag.py:3954} INFO - Setting next_dagrun for tutorial_taskflow_api_virtualenv to None, run_after=None
[2025-06-25T22:02:35.332-0400] {processor.py:183} INFO - Processing /opt/anaconda3/envs/airflow_env/lib/python3.10/site-packages/airflow/example_dags/tutorial_taskflow_api_virtualenv.py took 0.074 seconds
[2025-06-25T22:03:04.877-0400] {processor.py:161} INFO - Started process (PID=73844) to work on /opt/anaconda3/envs/airflow_env/lib/python3.10/site-packages/airflow/example_dags/tutorial_taskflow_api_virtualenv.py
[2025-06-25T22:03:04.878-0400] {processor.py:830} INFO - Processing file /opt/anaconda3/envs/airflow_env/lib/python3.10/site-packages/airflow/example_dags/tutorial_taskflow_api_virtualenv.py for tasks to queue
[2025-06-25T22:03:04.878-0400] {logging_mixin.py:188} INFO - [2025-06-25T22:03:04.878-0400] {dagbag.py:545} INFO - Filling up the DagBag from /opt/anaconda3/envs/airflow_env/lib/python3.10/site-packages/airflow/example_dags/tutorial_taskflow_api_virtualenv.py
[2025-06-25T22:03:04.892-0400] {processor.py:840} INFO - DAG(s) 'tutorial_taskflow_api_virtualenv' retrieved from /opt/anaconda3/envs/airflow_env/lib/python3.10/site-packages/airflow/example_dags/tutorial_taskflow_api_virtualenv.py
[2025-06-25T22:03:04.977-0400] {logging_mixin.py:188} INFO - [2025-06-25T22:03:04.977-0400] {dag.py:3096} INFO - Sync 1 DAGs
[2025-06-25T22:03:04.980-0400] {logging_mixin.py:188} INFO - [2025-06-25T22:03:04.980-0400] {dag.py:3954} INFO - Setting next_dagrun for tutorial_taskflow_api_virtualenv to None, run_after=None
[2025-06-25T22:03:04.988-0400] {processor.py:183} INFO - Processing /opt/anaconda3/envs/airflow_env/lib/python3.10/site-packages/airflow/example_dags/tutorial_taskflow_api_virtualenv.py took 0.113 seconds
[2025-06-25T22:03:23.259-0400] {processor.py:161} INFO - Started process (PID=73867) to work on /opt/anaconda3/envs/airflow_env/lib/python3.10/site-packages/airflow/example_dags/tutorial_taskflow_api_virtualenv.py
[2025-06-25T22:03:23.259-0400] {processor.py:830} INFO - Processing file /opt/anaconda3/envs/airflow_env/lib/python3.10/site-packages/airflow/example_dags/tutorial_taskflow_api_virtualenv.py for tasks to queue
[2025-06-25T22:03:23.259-0400] {logging_mixin.py:188} INFO - [2025-06-25T22:03:23.259-0400] {dagbag.py:545} INFO - Filling up the DagBag from /opt/anaconda3/envs/airflow_env/lib/python3.10/site-packages/airflow/example_dags/tutorial_taskflow_api_virtualenv.py
[2025-06-25T22:03:23.275-0400] {processor.py:840} INFO - DAG(s) 'tutorial_taskflow_api_virtualenv' retrieved from /opt/anaconda3/envs/airflow_env/lib/python3.10/site-packages/airflow/example_dags/tutorial_taskflow_api_virtualenv.py
[2025-06-25T22:03:23.280-0400] {logging_mixin.py:188} INFO - [2025-06-25T22:03:23.280-0400] {dag.py:3096} INFO - Sync 1 DAGs
[2025-06-25T22:03:23.310-0400] {logging_mixin.py:188} INFO - [2025-06-25T22:03:23.310-0400] {dag.py:3954} INFO - Setting next_dagrun for tutorial_taskflow_api_virtualenv to None, run_after=None
[2025-06-25T22:03:23.341-0400] {processor.py:183} INFO - Processing /opt/anaconda3/envs/airflow_env/lib/python3.10/site-packages/airflow/example_dags/tutorial_taskflow_api_virtualenv.py took 0.084 seconds
[2025-06-25T22:03:55.837-0400] {processor.py:161} INFO - Started process (PID=73918) to work on /opt/anaconda3/envs/airflow_env/lib/python3.10/site-packages/airflow/example_dags/tutorial_taskflow_api_virtualenv.py
[2025-06-25T22:03:55.838-0400] {processor.py:830} INFO - Processing file /opt/anaconda3/envs/airflow_env/lib/python3.10/site-packages/airflow/example_dags/tutorial_taskflow_api_virtualenv.py for tasks to queue
[2025-06-25T22:03:55.838-0400] {logging_mixin.py:188} INFO - [2025-06-25T22:03:55.838-0400] {dagbag.py:545} INFO - Filling up the DagBag from /opt/anaconda3/envs/airflow_env/lib/python3.10/site-packages/airflow/example_dags/tutorial_taskflow_api_virtualenv.py
[2025-06-25T22:03:55.853-0400] {processor.py:840} INFO - DAG(s) 'tutorial_taskflow_api_virtualenv' retrieved from /opt/anaconda3/envs/airflow_env/lib/python3.10/site-packages/airflow/example_dags/tutorial_taskflow_api_virtualenv.py
[2025-06-25T22:03:55.947-0400] {logging_mixin.py:188} INFO - [2025-06-25T22:03:55.947-0400] {dag.py:3096} INFO - Sync 1 DAGs
[2025-06-25T22:03:55.950-0400] {logging_mixin.py:188} INFO - [2025-06-25T22:03:55.950-0400] {dag.py:3954} INFO - Setting next_dagrun for tutorial_taskflow_api_virtualenv to None, run_after=None
[2025-06-25T22:03:55.959-0400] {processor.py:183} INFO - Processing /opt/anaconda3/envs/airflow_env/lib/python3.10/site-packages/airflow/example_dags/tutorial_taskflow_api_virtualenv.py took 0.124 seconds
[2025-06-25T22:04:11.645-0400] {processor.py:161} INFO - Started process (PID=73944) to work on /opt/anaconda3/envs/airflow_env/lib/python3.10/site-packages/airflow/example_dags/tutorial_taskflow_api_virtualenv.py
[2025-06-25T22:04:11.645-0400] {processor.py:830} INFO - Processing file /opt/anaconda3/envs/airflow_env/lib/python3.10/site-packages/airflow/example_dags/tutorial_taskflow_api_virtualenv.py for tasks to queue
[2025-06-25T22:04:11.646-0400] {logging_mixin.py:188} INFO - [2025-06-25T22:04:11.646-0400] {dagbag.py:545} INFO - Filling up the DagBag from /opt/anaconda3/envs/airflow_env/lib/python3.10/site-packages/airflow/example_dags/tutorial_taskflow_api_virtualenv.py
[2025-06-25T22:04:11.661-0400] {processor.py:840} INFO - DAG(s) 'tutorial_taskflow_api_virtualenv' retrieved from /opt/anaconda3/envs/airflow_env/lib/python3.10/site-packages/airflow/example_dags/tutorial_taskflow_api_virtualenv.py
[2025-06-25T22:04:11.665-0400] {logging_mixin.py:188} INFO - [2025-06-25T22:04:11.665-0400] {dag.py:3096} INFO - Sync 1 DAGs
[2025-06-25T22:04:11.694-0400] {logging_mixin.py:188} INFO - [2025-06-25T22:04:11.694-0400] {dag.py:3954} INFO - Setting next_dagrun for tutorial_taskflow_api_virtualenv to None, run_after=None
[2025-06-25T22:04:11.732-0400] {processor.py:183} INFO - Processing /opt/anaconda3/envs/airflow_env/lib/python3.10/site-packages/airflow/example_dags/tutorial_taskflow_api_virtualenv.py took 0.089 seconds
[2025-06-25T22:04:48.330-0400] {processor.py:161} INFO - Started process (PID=73993) to work on /opt/anaconda3/envs/airflow_env/lib/python3.10/site-packages/airflow/example_dags/tutorial_taskflow_api_virtualenv.py
[2025-06-25T22:04:48.330-0400] {processor.py:830} INFO - Processing file /opt/anaconda3/envs/airflow_env/lib/python3.10/site-packages/airflow/example_dags/tutorial_taskflow_api_virtualenv.py for tasks to queue
[2025-06-25T22:04:48.331-0400] {logging_mixin.py:188} INFO - [2025-06-25T22:04:48.331-0400] {dagbag.py:545} INFO - Filling up the DagBag from /opt/anaconda3/envs/airflow_env/lib/python3.10/site-packages/airflow/example_dags/tutorial_taskflow_api_virtualenv.py
[2025-06-25T22:04:48.346-0400] {processor.py:840} INFO - DAG(s) 'tutorial_taskflow_api_virtualenv' retrieved from /opt/anaconda3/envs/airflow_env/lib/python3.10/site-packages/airflow/example_dags/tutorial_taskflow_api_virtualenv.py
[2025-06-25T22:04:48.438-0400] {logging_mixin.py:188} INFO - [2025-06-25T22:04:48.437-0400] {dag.py:3096} INFO - Sync 1 DAGs
[2025-06-25T22:04:48.441-0400] {logging_mixin.py:188} INFO - [2025-06-25T22:04:48.441-0400] {dag.py:3954} INFO - Setting next_dagrun for tutorial_taskflow_api_virtualenv to None, run_after=None
[2025-06-25T22:04:48.449-0400] {processor.py:183} INFO - Processing /opt/anaconda3/envs/airflow_env/lib/python3.10/site-packages/airflow/example_dags/tutorial_taskflow_api_virtualenv.py took 0.122 seconds
[2025-06-25T22:05:00.502-0400] {processor.py:161} INFO - Started process (PID=74009) to work on /opt/anaconda3/envs/airflow_env/lib/python3.10/site-packages/airflow/example_dags/tutorial_taskflow_api_virtualenv.py
[2025-06-25T22:05:00.503-0400] {processor.py:830} INFO - Processing file /opt/anaconda3/envs/airflow_env/lib/python3.10/site-packages/airflow/example_dags/tutorial_taskflow_api_virtualenv.py for tasks to queue
[2025-06-25T22:05:00.503-0400] {logging_mixin.py:188} INFO - [2025-06-25T22:05:00.503-0400] {dagbag.py:545} INFO - Filling up the DagBag from /opt/anaconda3/envs/airflow_env/lib/python3.10/site-packages/airflow/example_dags/tutorial_taskflow_api_virtualenv.py
[2025-06-25T22:05:00.519-0400] {processor.py:840} INFO - DAG(s) 'tutorial_taskflow_api_virtualenv' retrieved from /opt/anaconda3/envs/airflow_env/lib/python3.10/site-packages/airflow/example_dags/tutorial_taskflow_api_virtualenv.py
[2025-06-25T22:05:00.524-0400] {logging_mixin.py:188} INFO - [2025-06-25T22:05:00.524-0400] {dag.py:3096} INFO - Sync 1 DAGs
[2025-06-25T22:05:00.551-0400] {logging_mixin.py:188} INFO - [2025-06-25T22:05:00.551-0400] {dag.py:3954} INFO - Setting next_dagrun for tutorial_taskflow_api_virtualenv to None, run_after=None
[2025-06-25T22:05:00.587-0400] {processor.py:183} INFO - Processing /opt/anaconda3/envs/airflow_env/lib/python3.10/site-packages/airflow/example_dags/tutorial_taskflow_api_virtualenv.py took 0.087 seconds
[2025-06-25T22:05:40.266-0400] {processor.py:161} INFO - Started process (PID=74064) to work on /opt/anaconda3/envs/airflow_env/lib/python3.10/site-packages/airflow/example_dags/tutorial_taskflow_api_virtualenv.py
[2025-06-25T22:05:40.267-0400] {processor.py:830} INFO - Processing file /opt/anaconda3/envs/airflow_env/lib/python3.10/site-packages/airflow/example_dags/tutorial_taskflow_api_virtualenv.py for tasks to queue
[2025-06-25T22:05:40.267-0400] {logging_mixin.py:188} INFO - [2025-06-25T22:05:40.267-0400] {dagbag.py:545} INFO - Filling up the DagBag from /opt/anaconda3/envs/airflow_env/lib/python3.10/site-packages/airflow/example_dags/tutorial_taskflow_api_virtualenv.py
[2025-06-25T22:05:40.283-0400] {processor.py:840} INFO - DAG(s) 'tutorial_taskflow_api_virtualenv' retrieved from /opt/anaconda3/envs/airflow_env/lib/python3.10/site-packages/airflow/example_dags/tutorial_taskflow_api_virtualenv.py
[2025-06-25T22:05:40.374-0400] {logging_mixin.py:188} INFO - [2025-06-25T22:05:40.374-0400] {dag.py:3096} INFO - Sync 1 DAGs
[2025-06-25T22:05:40.378-0400] {logging_mixin.py:188} INFO - [2025-06-25T22:05:40.378-0400] {dag.py:3954} INFO - Setting next_dagrun for tutorial_taskflow_api_virtualenv to None, run_after=None
[2025-06-25T22:05:40.386-0400] {processor.py:183} INFO - Processing /opt/anaconda3/envs/airflow_env/lib/python3.10/site-packages/airflow/example_dags/tutorial_taskflow_api_virtualenv.py took 0.123 seconds
[2025-06-25T22:05:48.655-0400] {processor.py:161} INFO - Started process (PID=74080) to work on /opt/anaconda3/envs/airflow_env/lib/python3.10/site-packages/airflow/example_dags/tutorial_taskflow_api_virtualenv.py
[2025-06-25T22:05:48.655-0400] {processor.py:830} INFO - Processing file /opt/anaconda3/envs/airflow_env/lib/python3.10/site-packages/airflow/example_dags/tutorial_taskflow_api_virtualenv.py for tasks to queue
[2025-06-25T22:05:48.656-0400] {logging_mixin.py:188} INFO - [2025-06-25T22:05:48.655-0400] {dagbag.py:545} INFO - Filling up the DagBag from /opt/anaconda3/envs/airflow_env/lib/python3.10/site-packages/airflow/example_dags/tutorial_taskflow_api_virtualenv.py
[2025-06-25T22:05:48.669-0400] {processor.py:840} INFO - DAG(s) 'tutorial_taskflow_api_virtualenv' retrieved from /opt/anaconda3/envs/airflow_env/lib/python3.10/site-packages/airflow/example_dags/tutorial_taskflow_api_virtualenv.py
[2025-06-25T22:05:48.673-0400] {logging_mixin.py:188} INFO - [2025-06-25T22:05:48.673-0400] {dag.py:3096} INFO - Sync 1 DAGs
[2025-06-25T22:05:48.702-0400] {logging_mixin.py:188} INFO - [2025-06-25T22:05:48.702-0400] {dag.py:3954} INFO - Setting next_dagrun for tutorial_taskflow_api_virtualenv to None, run_after=None
[2025-06-25T22:05:48.731-0400] {processor.py:183} INFO - Processing /opt/anaconda3/envs/airflow_env/lib/python3.10/site-packages/airflow/example_dags/tutorial_taskflow_api_virtualenv.py took 0.078 seconds
[2025-06-25T22:06:31.453-0400] {processor.py:161} INFO - Started process (PID=74145) to work on /opt/anaconda3/envs/airflow_env/lib/python3.10/site-packages/airflow/example_dags/tutorial_taskflow_api_virtualenv.py
[2025-06-25T22:06:31.453-0400] {processor.py:830} INFO - Processing file /opt/anaconda3/envs/airflow_env/lib/python3.10/site-packages/airflow/example_dags/tutorial_taskflow_api_virtualenv.py for tasks to queue
[2025-06-25T22:06:31.453-0400] {logging_mixin.py:188} INFO - [2025-06-25T22:06:31.453-0400] {dagbag.py:545} INFO - Filling up the DagBag from /opt/anaconda3/envs/airflow_env/lib/python3.10/site-packages/airflow/example_dags/tutorial_taskflow_api_virtualenv.py
[2025-06-25T22:06:31.471-0400] {processor.py:840} INFO - DAG(s) 'tutorial_taskflow_api_virtualenv' retrieved from /opt/anaconda3/envs/airflow_env/lib/python3.10/site-packages/airflow/example_dags/tutorial_taskflow_api_virtualenv.py
[2025-06-25T22:06:31.511-0400] {logging_mixin.py:188} INFO - [2025-06-25T22:06:31.511-0400] {dag.py:3096} INFO - Sync 1 DAGs
[2025-06-25T22:06:31.538-0400] {logging_mixin.py:188} INFO - [2025-06-25T22:06:31.538-0400] {dag.py:3954} INFO - Setting next_dagrun for tutorial_taskflow_api_virtualenv to None, run_after=None
[2025-06-25T22:06:31.547-0400] {processor.py:183} INFO - Processing /opt/anaconda3/envs/airflow_env/lib/python3.10/site-packages/airflow/example_dags/tutorial_taskflow_api_virtualenv.py took 0.096 seconds
[2025-06-25T22:06:42.575-0400] {processor.py:161} INFO - Started process (PID=74160) to work on /opt/anaconda3/envs/airflow_env/lib/python3.10/site-packages/airflow/example_dags/tutorial_taskflow_api_virtualenv.py
[2025-06-25T22:06:42.576-0400] {processor.py:830} INFO - Processing file /opt/anaconda3/envs/airflow_env/lib/python3.10/site-packages/airflow/example_dags/tutorial_taskflow_api_virtualenv.py for tasks to queue
[2025-06-25T22:06:42.576-0400] {logging_mixin.py:188} INFO - [2025-06-25T22:06:42.576-0400] {dagbag.py:545} INFO - Filling up the DagBag from /opt/anaconda3/envs/airflow_env/lib/python3.10/site-packages/airflow/example_dags/tutorial_taskflow_api_virtualenv.py
[2025-06-25T22:06:42.593-0400] {processor.py:840} INFO - DAG(s) 'tutorial_taskflow_api_virtualenv' retrieved from /opt/anaconda3/envs/airflow_env/lib/python3.10/site-packages/airflow/example_dags/tutorial_taskflow_api_virtualenv.py
[2025-06-25T22:06:42.693-0400] {logging_mixin.py:188} INFO - [2025-06-25T22:06:42.693-0400] {dag.py:3096} INFO - Sync 1 DAGs
[2025-06-25T22:06:42.697-0400] {logging_mixin.py:188} INFO - [2025-06-25T22:06:42.697-0400] {dag.py:3954} INFO - Setting next_dagrun for tutorial_taskflow_api_virtualenv to None, run_after=None
[2025-06-25T22:06:42.707-0400] {processor.py:183} INFO - Processing /opt/anaconda3/envs/airflow_env/lib/python3.10/site-packages/airflow/example_dags/tutorial_taskflow_api_virtualenv.py took 0.134 seconds
[2025-06-25T22:07:19.781-0400] {processor.py:161} INFO - Started process (PID=74221) to work on /opt/anaconda3/envs/airflow_env/lib/python3.10/site-packages/airflow/example_dags/tutorial_taskflow_api_virtualenv.py
[2025-06-25T22:07:19.781-0400] {processor.py:830} INFO - Processing file /opt/anaconda3/envs/airflow_env/lib/python3.10/site-packages/airflow/example_dags/tutorial_taskflow_api_virtualenv.py for tasks to queue
[2025-06-25T22:07:19.782-0400] {logging_mixin.py:188} INFO - [2025-06-25T22:07:19.782-0400] {dagbag.py:545} INFO - Filling up the DagBag from /opt/anaconda3/envs/airflow_env/lib/python3.10/site-packages/airflow/example_dags/tutorial_taskflow_api_virtualenv.py
[2025-06-25T22:07:19.798-0400] {processor.py:840} INFO - DAG(s) 'tutorial_taskflow_api_virtualenv' retrieved from /opt/anaconda3/envs/airflow_env/lib/python3.10/site-packages/airflow/example_dags/tutorial_taskflow_api_virtualenv.py
[2025-06-25T22:07:19.880-0400] {logging_mixin.py:188} INFO - [2025-06-25T22:07:19.880-0400] {dag.py:3096} INFO - Sync 1 DAGs
[2025-06-25T22:07:19.883-0400] {logging_mixin.py:188} INFO - [2025-06-25T22:07:19.883-0400] {dag.py:3954} INFO - Setting next_dagrun for tutorial_taskflow_api_virtualenv to None, run_after=None
[2025-06-25T22:07:19.890-0400] {processor.py:183} INFO - Processing /opt/anaconda3/envs/airflow_env/lib/python3.10/site-packages/airflow/example_dags/tutorial_taskflow_api_virtualenv.py took 0.112 seconds
[2025-06-25T22:07:32.736-0400] {processor.py:161} INFO - Started process (PID=74247) to work on /opt/anaconda3/envs/airflow_env/lib/python3.10/site-packages/airflow/example_dags/tutorial_taskflow_api_virtualenv.py
[2025-06-25T22:07:32.737-0400] {processor.py:830} INFO - Processing file /opt/anaconda3/envs/airflow_env/lib/python3.10/site-packages/airflow/example_dags/tutorial_taskflow_api_virtualenv.py for tasks to queue
[2025-06-25T22:07:32.738-0400] {logging_mixin.py:188} INFO - [2025-06-25T22:07:32.737-0400] {dagbag.py:545} INFO - Filling up the DagBag from /opt/anaconda3/envs/airflow_env/lib/python3.10/site-packages/airflow/example_dags/tutorial_taskflow_api_virtualenv.py
[2025-06-25T22:07:32.752-0400] {processor.py:840} INFO - DAG(s) 'tutorial_taskflow_api_virtualenv' retrieved from /opt/anaconda3/envs/airflow_env/lib/python3.10/site-packages/airflow/example_dags/tutorial_taskflow_api_virtualenv.py
[2025-06-25T22:07:32.756-0400] {logging_mixin.py:188} INFO - [2025-06-25T22:07:32.756-0400] {dag.py:3096} INFO - Sync 1 DAGs
[2025-06-25T22:07:32.783-0400] {logging_mixin.py:188} INFO - [2025-06-25T22:07:32.783-0400] {dag.py:3954} INFO - Setting next_dagrun for tutorial_taskflow_api_virtualenv to None, run_after=None
[2025-06-25T22:07:32.811-0400] {processor.py:183} INFO - Processing /opt/anaconda3/envs/airflow_env/lib/python3.10/site-packages/airflow/example_dags/tutorial_taskflow_api_virtualenv.py took 0.076 seconds
[2025-06-25T22:08:06.168-0400] {processor.py:161} INFO - Started process (PID=74304) to work on /opt/anaconda3/envs/airflow_env/lib/python3.10/site-packages/airflow/example_dags/tutorial_taskflow_api_virtualenv.py
[2025-06-25T22:08:06.169-0400] {processor.py:830} INFO - Processing file /opt/anaconda3/envs/airflow_env/lib/python3.10/site-packages/airflow/example_dags/tutorial_taskflow_api_virtualenv.py for tasks to queue
[2025-06-25T22:08:06.170-0400] {logging_mixin.py:188} INFO - [2025-06-25T22:08:06.170-0400] {dagbag.py:545} INFO - Filling up the DagBag from /opt/anaconda3/envs/airflow_env/lib/python3.10/site-packages/airflow/example_dags/tutorial_taskflow_api_virtualenv.py
[2025-06-25T22:08:06.184-0400] {processor.py:840} INFO - DAG(s) 'tutorial_taskflow_api_virtualenv' retrieved from /opt/anaconda3/envs/airflow_env/lib/python3.10/site-packages/airflow/example_dags/tutorial_taskflow_api_virtualenv.py
[2025-06-25T22:08:06.267-0400] {logging_mixin.py:188} INFO - [2025-06-25T22:08:06.267-0400] {dag.py:3096} INFO - Sync 1 DAGs
[2025-06-25T22:08:06.270-0400] {logging_mixin.py:188} INFO - [2025-06-25T22:08:06.270-0400] {dag.py:3954} INFO - Setting next_dagrun for tutorial_taskflow_api_virtualenv to None, run_after=None
[2025-06-25T22:08:06.277-0400] {processor.py:183} INFO - Processing /opt/anaconda3/envs/airflow_env/lib/python3.10/site-packages/airflow/example_dags/tutorial_taskflow_api_virtualenv.py took 0.111 seconds
[2025-06-25T22:08:21.931-0400] {processor.py:161} INFO - Started process (PID=74330) to work on /opt/anaconda3/envs/airflow_env/lib/python3.10/site-packages/airflow/example_dags/tutorial_taskflow_api_virtualenv.py
[2025-06-25T22:08:21.931-0400] {processor.py:830} INFO - Processing file /opt/anaconda3/envs/airflow_env/lib/python3.10/site-packages/airflow/example_dags/tutorial_taskflow_api_virtualenv.py for tasks to queue
[2025-06-25T22:08:21.932-0400] {logging_mixin.py:188} INFO - [2025-06-25T22:08:21.932-0400] {dagbag.py:545} INFO - Filling up the DagBag from /opt/anaconda3/envs/airflow_env/lib/python3.10/site-packages/airflow/example_dags/tutorial_taskflow_api_virtualenv.py
[2025-06-25T22:08:21.946-0400] {processor.py:840} INFO - DAG(s) 'tutorial_taskflow_api_virtualenv' retrieved from /opt/anaconda3/envs/airflow_env/lib/python3.10/site-packages/airflow/example_dags/tutorial_taskflow_api_virtualenv.py
[2025-06-25T22:08:21.950-0400] {logging_mixin.py:188} INFO - [2025-06-25T22:08:21.950-0400] {dag.py:3096} INFO - Sync 1 DAGs
[2025-06-25T22:08:21.977-0400] {logging_mixin.py:188} INFO - [2025-06-25T22:08:21.977-0400] {dag.py:3954} INFO - Setting next_dagrun for tutorial_taskflow_api_virtualenv to None, run_after=None
[2025-06-25T22:08:22.004-0400] {processor.py:183} INFO - Processing /opt/anaconda3/envs/airflow_env/lib/python3.10/site-packages/airflow/example_dags/tutorial_taskflow_api_virtualenv.py took 0.076 seconds
[2025-06-25T22:08:55.191-0400] {processor.py:161} INFO - Started process (PID=74378) to work on /opt/anaconda3/envs/airflow_env/lib/python3.10/site-packages/airflow/example_dags/tutorial_taskflow_api_virtualenv.py
[2025-06-25T22:08:55.192-0400] {processor.py:830} INFO - Processing file /opt/anaconda3/envs/airflow_env/lib/python3.10/site-packages/airflow/example_dags/tutorial_taskflow_api_virtualenv.py for tasks to queue
[2025-06-25T22:08:55.192-0400] {logging_mixin.py:188} INFO - [2025-06-25T22:08:55.192-0400] {dagbag.py:545} INFO - Filling up the DagBag from /opt/anaconda3/envs/airflow_env/lib/python3.10/site-packages/airflow/example_dags/tutorial_taskflow_api_virtualenv.py
[2025-06-25T22:08:55.206-0400] {processor.py:840} INFO - DAG(s) 'tutorial_taskflow_api_virtualenv' retrieved from /opt/anaconda3/envs/airflow_env/lib/python3.10/site-packages/airflow/example_dags/tutorial_taskflow_api_virtualenv.py
[2025-06-25T22:08:55.290-0400] {logging_mixin.py:188} INFO - [2025-06-25T22:08:55.290-0400] {dag.py:3096} INFO - Sync 1 DAGs
[2025-06-25T22:08:55.293-0400] {logging_mixin.py:188} INFO - [2025-06-25T22:08:55.293-0400] {dag.py:3954} INFO - Setting next_dagrun for tutorial_taskflow_api_virtualenv to None, run_after=None
[2025-06-25T22:08:55.303-0400] {processor.py:183} INFO - Processing /opt/anaconda3/envs/airflow_env/lib/python3.10/site-packages/airflow/example_dags/tutorial_taskflow_api_virtualenv.py took 0.113 seconds
[2025-06-25T22:09:12.784-0400] {processor.py:161} INFO - Started process (PID=74404) to work on /opt/anaconda3/envs/airflow_env/lib/python3.10/site-packages/airflow/example_dags/tutorial_taskflow_api_virtualenv.py
[2025-06-25T22:09:12.784-0400] {processor.py:830} INFO - Processing file /opt/anaconda3/envs/airflow_env/lib/python3.10/site-packages/airflow/example_dags/tutorial_taskflow_api_virtualenv.py for tasks to queue
[2025-06-25T22:09:12.784-0400] {logging_mixin.py:188} INFO - [2025-06-25T22:09:12.784-0400] {dagbag.py:545} INFO - Filling up the DagBag from /opt/anaconda3/envs/airflow_env/lib/python3.10/site-packages/airflow/example_dags/tutorial_taskflow_api_virtualenv.py
[2025-06-25T22:09:12.799-0400] {processor.py:840} INFO - DAG(s) 'tutorial_taskflow_api_virtualenv' retrieved from /opt/anaconda3/envs/airflow_env/lib/python3.10/site-packages/airflow/example_dags/tutorial_taskflow_api_virtualenv.py
[2025-06-25T22:09:12.803-0400] {logging_mixin.py:188} INFO - [2025-06-25T22:09:12.803-0400] {dag.py:3096} INFO - Sync 1 DAGs
[2025-06-25T22:09:12.830-0400] {logging_mixin.py:188} INFO - [2025-06-25T22:09:12.830-0400] {dag.py:3954} INFO - Setting next_dagrun for tutorial_taskflow_api_virtualenv to None, run_after=None
[2025-06-25T22:09:12.860-0400] {processor.py:183} INFO - Processing /opt/anaconda3/envs/airflow_env/lib/python3.10/site-packages/airflow/example_dags/tutorial_taskflow_api_virtualenv.py took 0.078 seconds
[2025-06-25T22:09:44.485-0400] {processor.py:161} INFO - Started process (PID=74448) to work on /opt/anaconda3/envs/airflow_env/lib/python3.10/site-packages/airflow/example_dags/tutorial_taskflow_api_virtualenv.py
[2025-06-25T22:09:44.485-0400] {processor.py:830} INFO - Processing file /opt/anaconda3/envs/airflow_env/lib/python3.10/site-packages/airflow/example_dags/tutorial_taskflow_api_virtualenv.py for tasks to queue
[2025-06-25T22:09:44.485-0400] {logging_mixin.py:188} INFO - [2025-06-25T22:09:44.485-0400] {dagbag.py:545} INFO - Filling up the DagBag from /opt/anaconda3/envs/airflow_env/lib/python3.10/site-packages/airflow/example_dags/tutorial_taskflow_api_virtualenv.py
[2025-06-25T22:09:44.500-0400] {processor.py:840} INFO - DAG(s) 'tutorial_taskflow_api_virtualenv' retrieved from /opt/anaconda3/envs/airflow_env/lib/python3.10/site-packages/airflow/example_dags/tutorial_taskflow_api_virtualenv.py
[2025-06-25T22:09:44.587-0400] {logging_mixin.py:188} INFO - [2025-06-25T22:09:44.587-0400] {dag.py:3096} INFO - Sync 1 DAGs
[2025-06-25T22:09:44.590-0400] {logging_mixin.py:188} INFO - [2025-06-25T22:09:44.590-0400] {dag.py:3954} INFO - Setting next_dagrun for tutorial_taskflow_api_virtualenv to None, run_after=None
[2025-06-25T22:09:44.598-0400] {processor.py:183} INFO - Processing /opt/anaconda3/envs/airflow_env/lib/python3.10/site-packages/airflow/example_dags/tutorial_taskflow_api_virtualenv.py took 0.116 seconds
[2025-06-25T22:09:59.601-0400] {processor.py:161} INFO - Started process (PID=74469) to work on /opt/anaconda3/envs/airflow_env/lib/python3.10/site-packages/airflow/example_dags/tutorial_taskflow_api_virtualenv.py
[2025-06-25T22:09:59.602-0400] {processor.py:830} INFO - Processing file /opt/anaconda3/envs/airflow_env/lib/python3.10/site-packages/airflow/example_dags/tutorial_taskflow_api_virtualenv.py for tasks to queue
[2025-06-25T22:09:59.602-0400] {logging_mixin.py:188} INFO - [2025-06-25T22:09:59.602-0400] {dagbag.py:545} INFO - Filling up the DagBag from /opt/anaconda3/envs/airflow_env/lib/python3.10/site-packages/airflow/example_dags/tutorial_taskflow_api_virtualenv.py
[2025-06-25T22:09:59.616-0400] {processor.py:840} INFO - DAG(s) 'tutorial_taskflow_api_virtualenv' retrieved from /opt/anaconda3/envs/airflow_env/lib/python3.10/site-packages/airflow/example_dags/tutorial_taskflow_api_virtualenv.py
[2025-06-25T22:09:59.620-0400] {logging_mixin.py:188} INFO - [2025-06-25T22:09:59.620-0400] {dag.py:3096} INFO - Sync 1 DAGs
[2025-06-25T22:09:59.646-0400] {logging_mixin.py:188} INFO - [2025-06-25T22:09:59.646-0400] {dag.py:3954} INFO - Setting next_dagrun for tutorial_taskflow_api_virtualenv to None, run_after=None
[2025-06-25T22:09:59.673-0400] {processor.py:183} INFO - Processing /opt/anaconda3/envs/airflow_env/lib/python3.10/site-packages/airflow/example_dags/tutorial_taskflow_api_virtualenv.py took 0.074 seconds
[2025-06-25T22:10:35.963-0400] {processor.py:161} INFO - Started process (PID=74518) to work on /opt/anaconda3/envs/airflow_env/lib/python3.10/site-packages/airflow/example_dags/tutorial_taskflow_api_virtualenv.py
[2025-06-25T22:10:35.963-0400] {processor.py:830} INFO - Processing file /opt/anaconda3/envs/airflow_env/lib/python3.10/site-packages/airflow/example_dags/tutorial_taskflow_api_virtualenv.py for tasks to queue
[2025-06-25T22:10:35.963-0400] {logging_mixin.py:188} INFO - [2025-06-25T22:10:35.963-0400] {dagbag.py:545} INFO - Filling up the DagBag from /opt/anaconda3/envs/airflow_env/lib/python3.10/site-packages/airflow/example_dags/tutorial_taskflow_api_virtualenv.py
[2025-06-25T22:10:35.977-0400] {processor.py:840} INFO - DAG(s) 'tutorial_taskflow_api_virtualenv' retrieved from /opt/anaconda3/envs/airflow_env/lib/python3.10/site-packages/airflow/example_dags/tutorial_taskflow_api_virtualenv.py
[2025-06-25T22:10:36.056-0400] {logging_mixin.py:188} INFO - [2025-06-25T22:10:36.056-0400] {dag.py:3096} INFO - Sync 1 DAGs
[2025-06-25T22:10:36.059-0400] {logging_mixin.py:188} INFO - [2025-06-25T22:10:36.059-0400] {dag.py:3954} INFO - Setting next_dagrun for tutorial_taskflow_api_virtualenv to None, run_after=None
[2025-06-25T22:10:36.066-0400] {processor.py:183} INFO - Processing /opt/anaconda3/envs/airflow_env/lib/python3.10/site-packages/airflow/example_dags/tutorial_taskflow_api_virtualenv.py took 0.105 seconds
[2025-06-25T22:10:47.945-0400] {processor.py:161} INFO - Started process (PID=74535) to work on /opt/anaconda3/envs/airflow_env/lib/python3.10/site-packages/airflow/example_dags/tutorial_taskflow_api_virtualenv.py
[2025-06-25T22:10:47.946-0400] {processor.py:830} INFO - Processing file /opt/anaconda3/envs/airflow_env/lib/python3.10/site-packages/airflow/example_dags/tutorial_taskflow_api_virtualenv.py for tasks to queue
[2025-06-25T22:10:47.946-0400] {logging_mixin.py:188} INFO - [2025-06-25T22:10:47.946-0400] {dagbag.py:545} INFO - Filling up the DagBag from /opt/anaconda3/envs/airflow_env/lib/python3.10/site-packages/airflow/example_dags/tutorial_taskflow_api_virtualenv.py
[2025-06-25T22:10:47.961-0400] {processor.py:840} INFO - DAG(s) 'tutorial_taskflow_api_virtualenv' retrieved from /opt/anaconda3/envs/airflow_env/lib/python3.10/site-packages/airflow/example_dags/tutorial_taskflow_api_virtualenv.py
[2025-06-25T22:10:47.965-0400] {logging_mixin.py:188} INFO - [2025-06-25T22:10:47.965-0400] {dag.py:3096} INFO - Sync 1 DAGs
[2025-06-25T22:10:47.993-0400] {logging_mixin.py:188} INFO - [2025-06-25T22:10:47.993-0400] {dag.py:3954} INFO - Setting next_dagrun for tutorial_taskflow_api_virtualenv to None, run_after=None
[2025-06-25T22:10:48.025-0400] {processor.py:183} INFO - Processing /opt/anaconda3/envs/airflow_env/lib/python3.10/site-packages/airflow/example_dags/tutorial_taskflow_api_virtualenv.py took 0.082 seconds
[2025-06-25T22:11:33.336-0400] {processor.py:161} INFO - Started process (PID=74608) to work on /opt/anaconda3/envs/airflow_env/lib/python3.10/site-packages/airflow/example_dags/tutorial_taskflow_api_virtualenv.py
[2025-06-25T22:11:33.337-0400] {processor.py:830} INFO - Processing file /opt/anaconda3/envs/airflow_env/lib/python3.10/site-packages/airflow/example_dags/tutorial_taskflow_api_virtualenv.py for tasks to queue
[2025-06-25T22:11:33.338-0400] {logging_mixin.py:188} INFO - [2025-06-25T22:11:33.337-0400] {dagbag.py:545} INFO - Filling up the DagBag from /opt/anaconda3/envs/airflow_env/lib/python3.10/site-packages/airflow/example_dags/tutorial_taskflow_api_virtualenv.py
[2025-06-25T22:11:33.366-0400] {processor.py:840} INFO - DAG(s) 'tutorial_taskflow_api_virtualenv' retrieved from /opt/anaconda3/envs/airflow_env/lib/python3.10/site-packages/airflow/example_dags/tutorial_taskflow_api_virtualenv.py
[2025-06-25T22:11:33.733-0400] {logging_mixin.py:188} INFO - [2025-06-25T22:11:33.732-0400] {dag.py:3096} INFO - Sync 1 DAGs
[2025-06-25T22:11:33.737-0400] {logging_mixin.py:188} INFO - [2025-06-25T22:11:33.737-0400] {dag.py:3954} INFO - Setting next_dagrun for tutorial_taskflow_api_virtualenv to None, run_after=None
[2025-06-25T22:11:33.751-0400] {processor.py:183} INFO - Processing /opt/anaconda3/envs/airflow_env/lib/python3.10/site-packages/airflow/example_dags/tutorial_taskflow_api_virtualenv.py took 0.417 seconds
[2025-06-25T22:11:46.174-0400] {processor.py:161} INFO - Started process (PID=74643) to work on /opt/anaconda3/envs/airflow_env/lib/python3.10/site-packages/airflow/example_dags/tutorial_taskflow_api_virtualenv.py
[2025-06-25T22:11:46.175-0400] {processor.py:830} INFO - Processing file /opt/anaconda3/envs/airflow_env/lib/python3.10/site-packages/airflow/example_dags/tutorial_taskflow_api_virtualenv.py for tasks to queue
[2025-06-25T22:11:46.175-0400] {logging_mixin.py:188} INFO - [2025-06-25T22:11:46.175-0400] {dagbag.py:545} INFO - Filling up the DagBag from /opt/anaconda3/envs/airflow_env/lib/python3.10/site-packages/airflow/example_dags/tutorial_taskflow_api_virtualenv.py
[2025-06-25T22:11:46.191-0400] {processor.py:840} INFO - DAG(s) 'tutorial_taskflow_api_virtualenv' retrieved from /opt/anaconda3/envs/airflow_env/lib/python3.10/site-packages/airflow/example_dags/tutorial_taskflow_api_virtualenv.py
[2025-06-25T22:11:46.195-0400] {logging_mixin.py:188} INFO - [2025-06-25T22:11:46.195-0400] {dag.py:3096} INFO - Sync 1 DAGs
[2025-06-25T22:11:46.225-0400] {logging_mixin.py:188} INFO - [2025-06-25T22:11:46.225-0400] {dag.py:3954} INFO - Setting next_dagrun for tutorial_taskflow_api_virtualenv to None, run_after=None
[2025-06-25T22:11:46.262-0400] {processor.py:183} INFO - Processing /opt/anaconda3/envs/airflow_env/lib/python3.10/site-packages/airflow/example_dags/tutorial_taskflow_api_virtualenv.py took 0.090 seconds
[2025-06-25T22:12:31.302-0400] {processor.py:161} INFO - Started process (PID=74718) to work on /opt/anaconda3/envs/airflow_env/lib/python3.10/site-packages/airflow/example_dags/tutorial_taskflow_api_virtualenv.py
[2025-06-25T22:12:31.303-0400] {processor.py:830} INFO - Processing file /opt/anaconda3/envs/airflow_env/lib/python3.10/site-packages/airflow/example_dags/tutorial_taskflow_api_virtualenv.py for tasks to queue
[2025-06-25T22:12:31.303-0400] {logging_mixin.py:188} INFO - [2025-06-25T22:12:31.303-0400] {dagbag.py:545} INFO - Filling up the DagBag from /opt/anaconda3/envs/airflow_env/lib/python3.10/site-packages/airflow/example_dags/tutorial_taskflow_api_virtualenv.py
[2025-06-25T22:12:31.318-0400] {processor.py:840} INFO - DAG(s) 'tutorial_taskflow_api_virtualenv' retrieved from /opt/anaconda3/envs/airflow_env/lib/python3.10/site-packages/airflow/example_dags/tutorial_taskflow_api_virtualenv.py
[2025-06-25T22:12:31.399-0400] {logging_mixin.py:188} INFO - [2025-06-25T22:12:31.399-0400] {dag.py:3096} INFO - Sync 1 DAGs
[2025-06-25T22:12:31.403-0400] {logging_mixin.py:188} INFO - [2025-06-25T22:12:31.403-0400] {dag.py:3954} INFO - Setting next_dagrun for tutorial_taskflow_api_virtualenv to None, run_after=None
[2025-06-25T22:12:31.410-0400] {processor.py:183} INFO - Processing /opt/anaconda3/envs/airflow_env/lib/python3.10/site-packages/airflow/example_dags/tutorial_taskflow_api_virtualenv.py took 0.111 seconds
[2025-06-25T22:12:42.620-0400] {processor.py:161} INFO - Started process (PID=74734) to work on /opt/anaconda3/envs/airflow_env/lib/python3.10/site-packages/airflow/example_dags/tutorial_taskflow_api_virtualenv.py
[2025-06-25T22:12:42.621-0400] {processor.py:830} INFO - Processing file /opt/anaconda3/envs/airflow_env/lib/python3.10/site-packages/airflow/example_dags/tutorial_taskflow_api_virtualenv.py for tasks to queue
[2025-06-25T22:12:42.621-0400] {logging_mixin.py:188} INFO - [2025-06-25T22:12:42.621-0400] {dagbag.py:545} INFO - Filling up the DagBag from /opt/anaconda3/envs/airflow_env/lib/python3.10/site-packages/airflow/example_dags/tutorial_taskflow_api_virtualenv.py
[2025-06-25T22:12:42.636-0400] {processor.py:840} INFO - DAG(s) 'tutorial_taskflow_api_virtualenv' retrieved from /opt/anaconda3/envs/airflow_env/lib/python3.10/site-packages/airflow/example_dags/tutorial_taskflow_api_virtualenv.py
[2025-06-25T22:12:42.642-0400] {logging_mixin.py:188} INFO - [2025-06-25T22:12:42.642-0400] {dag.py:3096} INFO - Sync 1 DAGs
[2025-06-25T22:12:42.670-0400] {logging_mixin.py:188} INFO - [2025-06-25T22:12:42.670-0400] {dag.py:3954} INFO - Setting next_dagrun for tutorial_taskflow_api_virtualenv to None, run_after=None
[2025-06-25T22:12:42.702-0400] {processor.py:183} INFO - Processing /opt/anaconda3/envs/airflow_env/lib/python3.10/site-packages/airflow/example_dags/tutorial_taskflow_api_virtualenv.py took 0.084 seconds
[2025-06-25T22:13:28.586-0400] {processor.py:161} INFO - Started process (PID=74798) to work on /opt/anaconda3/envs/airflow_env/lib/python3.10/site-packages/airflow/example_dags/tutorial_taskflow_api_virtualenv.py
[2025-06-25T22:13:28.587-0400] {processor.py:830} INFO - Processing file /opt/anaconda3/envs/airflow_env/lib/python3.10/site-packages/airflow/example_dags/tutorial_taskflow_api_virtualenv.py for tasks to queue
[2025-06-25T22:13:28.587-0400] {logging_mixin.py:188} INFO - [2025-06-25T22:13:28.587-0400] {dagbag.py:545} INFO - Filling up the DagBag from /opt/anaconda3/envs/airflow_env/lib/python3.10/site-packages/airflow/example_dags/tutorial_taskflow_api_virtualenv.py
[2025-06-25T22:13:28.604-0400] {processor.py:840} INFO - DAG(s) 'tutorial_taskflow_api_virtualenv' retrieved from /opt/anaconda3/envs/airflow_env/lib/python3.10/site-packages/airflow/example_dags/tutorial_taskflow_api_virtualenv.py
[2025-06-25T22:13:28.708-0400] {logging_mixin.py:188} INFO - [2025-06-25T22:13:28.708-0400] {dag.py:3096} INFO - Sync 1 DAGs
[2025-06-25T22:13:28.711-0400] {logging_mixin.py:188} INFO - [2025-06-25T22:13:28.711-0400] {dag.py:3954} INFO - Setting next_dagrun for tutorial_taskflow_api_virtualenv to None, run_after=None
[2025-06-25T22:13:28.719-0400] {processor.py:183} INFO - Processing /opt/anaconda3/envs/airflow_env/lib/python3.10/site-packages/airflow/example_dags/tutorial_taskflow_api_virtualenv.py took 0.135 seconds
[2025-06-25T22:13:34.064-0400] {processor.py:161} INFO - Started process (PID=74806) to work on /opt/anaconda3/envs/airflow_env/lib/python3.10/site-packages/airflow/example_dags/tutorial_taskflow_api_virtualenv.py
[2025-06-25T22:13:34.064-0400] {processor.py:830} INFO - Processing file /opt/anaconda3/envs/airflow_env/lib/python3.10/site-packages/airflow/example_dags/tutorial_taskflow_api_virtualenv.py for tasks to queue
[2025-06-25T22:13:34.065-0400] {logging_mixin.py:188} INFO - [2025-06-25T22:13:34.065-0400] {dagbag.py:545} INFO - Filling up the DagBag from /opt/anaconda3/envs/airflow_env/lib/python3.10/site-packages/airflow/example_dags/tutorial_taskflow_api_virtualenv.py
[2025-06-25T22:13:34.079-0400] {processor.py:840} INFO - DAG(s) 'tutorial_taskflow_api_virtualenv' retrieved from /opt/anaconda3/envs/airflow_env/lib/python3.10/site-packages/airflow/example_dags/tutorial_taskflow_api_virtualenv.py
[2025-06-25T22:13:34.083-0400] {logging_mixin.py:188} INFO - [2025-06-25T22:13:34.083-0400] {dag.py:3096} INFO - Sync 1 DAGs
[2025-06-25T22:13:34.111-0400] {logging_mixin.py:188} INFO - [2025-06-25T22:13:34.110-0400] {dag.py:3954} INFO - Setting next_dagrun for tutorial_taskflow_api_virtualenv to None, run_after=None
[2025-06-25T22:13:34.145-0400] {processor.py:183} INFO - Processing /opt/anaconda3/envs/airflow_env/lib/python3.10/site-packages/airflow/example_dags/tutorial_taskflow_api_virtualenv.py took 0.083 seconds
[2025-06-25T22:14:21.496-0400] {processor.py:161} INFO - Started process (PID=74871) to work on /opt/anaconda3/envs/airflow_env/lib/python3.10/site-packages/airflow/example_dags/tutorial_taskflow_api_virtualenv.py
[2025-06-25T22:14:21.497-0400] {processor.py:830} INFO - Processing file /opt/anaconda3/envs/airflow_env/lib/python3.10/site-packages/airflow/example_dags/tutorial_taskflow_api_virtualenv.py for tasks to queue
[2025-06-25T22:14:21.497-0400] {logging_mixin.py:188} INFO - [2025-06-25T22:14:21.497-0400] {dagbag.py:545} INFO - Filling up the DagBag from /opt/anaconda3/envs/airflow_env/lib/python3.10/site-packages/airflow/example_dags/tutorial_taskflow_api_virtualenv.py
[2025-06-25T22:14:21.512-0400] {processor.py:840} INFO - DAG(s) 'tutorial_taskflow_api_virtualenv' retrieved from /opt/anaconda3/envs/airflow_env/lib/python3.10/site-packages/airflow/example_dags/tutorial_taskflow_api_virtualenv.py
[2025-06-25T22:14:21.594-0400] {logging_mixin.py:188} INFO - [2025-06-25T22:14:21.594-0400] {dag.py:3096} INFO - Sync 1 DAGs
[2025-06-25T22:14:21.598-0400] {logging_mixin.py:188} INFO - [2025-06-25T22:14:21.598-0400] {dag.py:3954} INFO - Setting next_dagrun for tutorial_taskflow_api_virtualenv to None, run_after=None
[2025-06-25T22:14:21.607-0400] {processor.py:183} INFO - Processing /opt/anaconda3/envs/airflow_env/lib/python3.10/site-packages/airflow/example_dags/tutorial_taskflow_api_virtualenv.py took 0.113 seconds
[2025-06-25T22:14:26.375-0400] {processor.py:161} INFO - Started process (PID=74878) to work on /opt/anaconda3/envs/airflow_env/lib/python3.10/site-packages/airflow/example_dags/tutorial_taskflow_api_virtualenv.py
[2025-06-25T22:14:26.375-0400] {processor.py:830} INFO - Processing file /opt/anaconda3/envs/airflow_env/lib/python3.10/site-packages/airflow/example_dags/tutorial_taskflow_api_virtualenv.py for tasks to queue
[2025-06-25T22:14:26.376-0400] {logging_mixin.py:188} INFO - [2025-06-25T22:14:26.376-0400] {dagbag.py:545} INFO - Filling up the DagBag from /opt/anaconda3/envs/airflow_env/lib/python3.10/site-packages/airflow/example_dags/tutorial_taskflow_api_virtualenv.py
[2025-06-25T22:14:26.392-0400] {processor.py:840} INFO - DAG(s) 'tutorial_taskflow_api_virtualenv' retrieved from /opt/anaconda3/envs/airflow_env/lib/python3.10/site-packages/airflow/example_dags/tutorial_taskflow_api_virtualenv.py
[2025-06-25T22:14:26.396-0400] {logging_mixin.py:188} INFO - [2025-06-25T22:14:26.396-0400] {dag.py:3096} INFO - Sync 1 DAGs
[2025-06-25T22:14:26.424-0400] {logging_mixin.py:188} INFO - [2025-06-25T22:14:26.424-0400] {dag.py:3954} INFO - Setting next_dagrun for tutorial_taskflow_api_virtualenv to None, run_after=None
[2025-06-25T22:14:26.452-0400] {processor.py:183} INFO - Processing /opt/anaconda3/envs/airflow_env/lib/python3.10/site-packages/airflow/example_dags/tutorial_taskflow_api_virtualenv.py took 0.079 seconds
[2025-06-25T22:15:13.047-0400] {processor.py:161} INFO - Started process (PID=74943) to work on /opt/anaconda3/envs/airflow_env/lib/python3.10/site-packages/airflow/example_dags/tutorial_taskflow_api_virtualenv.py
[2025-06-25T22:15:13.048-0400] {processor.py:830} INFO - Processing file /opt/anaconda3/envs/airflow_env/lib/python3.10/site-packages/airflow/example_dags/tutorial_taskflow_api_virtualenv.py for tasks to queue
[2025-06-25T22:15:13.049-0400] {logging_mixin.py:188} INFO - [2025-06-25T22:15:13.049-0400] {dagbag.py:545} INFO - Filling up the DagBag from /opt/anaconda3/envs/airflow_env/lib/python3.10/site-packages/airflow/example_dags/tutorial_taskflow_api_virtualenv.py
[2025-06-25T22:15:13.069-0400] {processor.py:840} INFO - DAG(s) 'tutorial_taskflow_api_virtualenv' retrieved from /opt/anaconda3/envs/airflow_env/lib/python3.10/site-packages/airflow/example_dags/tutorial_taskflow_api_virtualenv.py
[2025-06-25T22:15:13.199-0400] {logging_mixin.py:188} INFO - [2025-06-25T22:15:13.199-0400] {dag.py:3096} INFO - Sync 1 DAGs
[2025-06-25T22:15:13.203-0400] {logging_mixin.py:188} INFO - [2025-06-25T22:15:13.203-0400] {dag.py:3954} INFO - Setting next_dagrun for tutorial_taskflow_api_virtualenv to None, run_after=None
[2025-06-25T22:15:13.212-0400] {processor.py:183} INFO - Processing /opt/anaconda3/envs/airflow_env/lib/python3.10/site-packages/airflow/example_dags/tutorial_taskflow_api_virtualenv.py took 0.167 seconds
[2025-06-25T22:15:20.650-0400] {processor.py:161} INFO - Started process (PID=74956) to work on /opt/anaconda3/envs/airflow_env/lib/python3.10/site-packages/airflow/example_dags/tutorial_taskflow_api_virtualenv.py
[2025-06-25T22:15:20.651-0400] {processor.py:830} INFO - Processing file /opt/anaconda3/envs/airflow_env/lib/python3.10/site-packages/airflow/example_dags/tutorial_taskflow_api_virtualenv.py for tasks to queue
[2025-06-25T22:15:20.651-0400] {logging_mixin.py:188} INFO - [2025-06-25T22:15:20.651-0400] {dagbag.py:545} INFO - Filling up the DagBag from /opt/anaconda3/envs/airflow_env/lib/python3.10/site-packages/airflow/example_dags/tutorial_taskflow_api_virtualenv.py
[2025-06-25T22:15:20.666-0400] {processor.py:840} INFO - DAG(s) 'tutorial_taskflow_api_virtualenv' retrieved from /opt/anaconda3/envs/airflow_env/lib/python3.10/site-packages/airflow/example_dags/tutorial_taskflow_api_virtualenv.py
[2025-06-25T22:15:20.671-0400] {logging_mixin.py:188} INFO - [2025-06-25T22:15:20.671-0400] {dag.py:3096} INFO - Sync 1 DAGs
[2025-06-25T22:15:20.709-0400] {logging_mixin.py:188} INFO - [2025-06-25T22:15:20.709-0400] {dag.py:3954} INFO - Setting next_dagrun for tutorial_taskflow_api_virtualenv to None, run_after=None
[2025-06-25T22:15:20.747-0400] {processor.py:183} INFO - Processing /opt/anaconda3/envs/airflow_env/lib/python3.10/site-packages/airflow/example_dags/tutorial_taskflow_api_virtualenv.py took 0.099 seconds
[2025-06-25T22:16:05.233-0400] {processor.py:161} INFO - Started process (PID=75020) to work on /opt/anaconda3/envs/airflow_env/lib/python3.10/site-packages/airflow/example_dags/tutorial_taskflow_api_virtualenv.py
[2025-06-25T22:16:05.233-0400] {processor.py:830} INFO - Processing file /opt/anaconda3/envs/airflow_env/lib/python3.10/site-packages/airflow/example_dags/tutorial_taskflow_api_virtualenv.py for tasks to queue
[2025-06-25T22:16:05.233-0400] {logging_mixin.py:188} INFO - [2025-06-25T22:16:05.233-0400] {dagbag.py:545} INFO - Filling up the DagBag from /opt/anaconda3/envs/airflow_env/lib/python3.10/site-packages/airflow/example_dags/tutorial_taskflow_api_virtualenv.py
[2025-06-25T22:16:05.248-0400] {processor.py:840} INFO - DAG(s) 'tutorial_taskflow_api_virtualenv' retrieved from /opt/anaconda3/envs/airflow_env/lib/python3.10/site-packages/airflow/example_dags/tutorial_taskflow_api_virtualenv.py
[2025-06-25T22:16:05.332-0400] {logging_mixin.py:188} INFO - [2025-06-25T22:16:05.332-0400] {dag.py:3096} INFO - Sync 1 DAGs
[2025-06-25T22:16:05.335-0400] {logging_mixin.py:188} INFO - [2025-06-25T22:16:05.335-0400] {dag.py:3954} INFO - Setting next_dagrun for tutorial_taskflow_api_virtualenv to None, run_after=None
[2025-06-25T22:16:05.343-0400] {processor.py:183} INFO - Processing /opt/anaconda3/envs/airflow_env/lib/python3.10/site-packages/airflow/example_dags/tutorial_taskflow_api_virtualenv.py took 0.112 seconds
[2025-06-25T22:16:15.094-0400] {processor.py:161} INFO - Started process (PID=75034) to work on /opt/anaconda3/envs/airflow_env/lib/python3.10/site-packages/airflow/example_dags/tutorial_taskflow_api_virtualenv.py
[2025-06-25T22:16:15.094-0400] {processor.py:830} INFO - Processing file /opt/anaconda3/envs/airflow_env/lib/python3.10/site-packages/airflow/example_dags/tutorial_taskflow_api_virtualenv.py for tasks to queue
[2025-06-25T22:16:15.095-0400] {logging_mixin.py:188} INFO - [2025-06-25T22:16:15.095-0400] {dagbag.py:545} INFO - Filling up the DagBag from /opt/anaconda3/envs/airflow_env/lib/python3.10/site-packages/airflow/example_dags/tutorial_taskflow_api_virtualenv.py
[2025-06-25T22:16:15.109-0400] {processor.py:840} INFO - DAG(s) 'tutorial_taskflow_api_virtualenv' retrieved from /opt/anaconda3/envs/airflow_env/lib/python3.10/site-packages/airflow/example_dags/tutorial_taskflow_api_virtualenv.py
[2025-06-25T22:16:15.113-0400] {logging_mixin.py:188} INFO - [2025-06-25T22:16:15.113-0400] {dag.py:3096} INFO - Sync 1 DAGs
[2025-06-25T22:16:15.143-0400] {logging_mixin.py:188} INFO - [2025-06-25T22:16:15.143-0400] {dag.py:3954} INFO - Setting next_dagrun for tutorial_taskflow_api_virtualenv to None, run_after=None
[2025-06-25T22:16:15.191-0400] {processor.py:183} INFO - Processing /opt/anaconda3/envs/airflow_env/lib/python3.10/site-packages/airflow/example_dags/tutorial_taskflow_api_virtualenv.py took 0.099 seconds
[2025-06-25T22:17:03.140-0400] {processor.py:161} INFO - Started process (PID=75099) to work on /opt/anaconda3/envs/airflow_env/lib/python3.10/site-packages/airflow/example_dags/tutorial_taskflow_api_virtualenv.py
[2025-06-25T22:17:03.141-0400] {processor.py:830} INFO - Processing file /opt/anaconda3/envs/airflow_env/lib/python3.10/site-packages/airflow/example_dags/tutorial_taskflow_api_virtualenv.py for tasks to queue
[2025-06-25T22:17:03.141-0400] {logging_mixin.py:188} INFO - [2025-06-25T22:17:03.141-0400] {dagbag.py:545} INFO - Filling up the DagBag from /opt/anaconda3/envs/airflow_env/lib/python3.10/site-packages/airflow/example_dags/tutorial_taskflow_api_virtualenv.py
[2025-06-25T22:17:03.157-0400] {processor.py:840} INFO - DAG(s) 'tutorial_taskflow_api_virtualenv' retrieved from /opt/anaconda3/envs/airflow_env/lib/python3.10/site-packages/airflow/example_dags/tutorial_taskflow_api_virtualenv.py
[2025-06-25T22:17:03.248-0400] {logging_mixin.py:188} INFO - [2025-06-25T22:17:03.248-0400] {dag.py:3096} INFO - Sync 1 DAGs
[2025-06-25T22:17:03.252-0400] {logging_mixin.py:188} INFO - [2025-06-25T22:17:03.252-0400] {dag.py:3954} INFO - Setting next_dagrun for tutorial_taskflow_api_virtualenv to None, run_after=None
[2025-06-25T22:17:03.260-0400] {processor.py:183} INFO - Processing /opt/anaconda3/envs/airflow_env/lib/python3.10/site-packages/airflow/example_dags/tutorial_taskflow_api_virtualenv.py took 0.122 seconds
[2025-06-25T22:17:08.999-0400] {processor.py:161} INFO - Started process (PID=75108) to work on /opt/anaconda3/envs/airflow_env/lib/python3.10/site-packages/airflow/example_dags/tutorial_taskflow_api_virtualenv.py
[2025-06-25T22:17:09.000-0400] {processor.py:830} INFO - Processing file /opt/anaconda3/envs/airflow_env/lib/python3.10/site-packages/airflow/example_dags/tutorial_taskflow_api_virtualenv.py for tasks to queue
[2025-06-25T22:17:09.000-0400] {logging_mixin.py:188} INFO - [2025-06-25T22:17:09.000-0400] {dagbag.py:545} INFO - Filling up the DagBag from /opt/anaconda3/envs/airflow_env/lib/python3.10/site-packages/airflow/example_dags/tutorial_taskflow_api_virtualenv.py
[2025-06-25T22:17:09.015-0400] {processor.py:840} INFO - DAG(s) 'tutorial_taskflow_api_virtualenv' retrieved from /opt/anaconda3/envs/airflow_env/lib/python3.10/site-packages/airflow/example_dags/tutorial_taskflow_api_virtualenv.py
[2025-06-25T22:17:09.019-0400] {logging_mixin.py:188} INFO - [2025-06-25T22:17:09.019-0400] {dag.py:3096} INFO - Sync 1 DAGs
[2025-06-25T22:17:09.049-0400] {logging_mixin.py:188} INFO - [2025-06-25T22:17:09.049-0400] {dag.py:3954} INFO - Setting next_dagrun for tutorial_taskflow_api_virtualenv to None, run_after=None
[2025-06-25T22:17:09.086-0400] {processor.py:183} INFO - Processing /opt/anaconda3/envs/airflow_env/lib/python3.10/site-packages/airflow/example_dags/tutorial_taskflow_api_virtualenv.py took 0.088 seconds
[2025-06-25T22:18:00.896-0400] {processor.py:161} INFO - Started process (PID=75176) to work on /opt/anaconda3/envs/airflow_env/lib/python3.10/site-packages/airflow/example_dags/tutorial_taskflow_api_virtualenv.py
[2025-06-25T22:18:00.897-0400] {processor.py:830} INFO - Processing file /opt/anaconda3/envs/airflow_env/lib/python3.10/site-packages/airflow/example_dags/tutorial_taskflow_api_virtualenv.py for tasks to queue
[2025-06-25T22:18:00.897-0400] {logging_mixin.py:188} INFO - [2025-06-25T22:18:00.897-0400] {dagbag.py:545} INFO - Filling up the DagBag from /opt/anaconda3/envs/airflow_env/lib/python3.10/site-packages/airflow/example_dags/tutorial_taskflow_api_virtualenv.py
[2025-06-25T22:18:00.914-0400] {processor.py:840} INFO - DAG(s) 'tutorial_taskflow_api_virtualenv' retrieved from /opt/anaconda3/envs/airflow_env/lib/python3.10/site-packages/airflow/example_dags/tutorial_taskflow_api_virtualenv.py
[2025-06-25T22:18:01.018-0400] {logging_mixin.py:188} INFO - [2025-06-25T22:18:01.018-0400] {dag.py:3096} INFO - Sync 1 DAGs
[2025-06-25T22:18:01.021-0400] {logging_mixin.py:188} INFO - [2025-06-25T22:18:01.021-0400] {dag.py:3954} INFO - Setting next_dagrun for tutorial_taskflow_api_virtualenv to None, run_after=None
[2025-06-25T22:18:01.028-0400] {processor.py:183} INFO - Processing /opt/anaconda3/envs/airflow_env/lib/python3.10/site-packages/airflow/example_dags/tutorial_taskflow_api_virtualenv.py took 0.135 seconds
[2025-06-25T22:18:05.059-0400] {processor.py:161} INFO - Started process (PID=75180) to work on /opt/anaconda3/envs/airflow_env/lib/python3.10/site-packages/airflow/example_dags/tutorial_taskflow_api_virtualenv.py
[2025-06-25T22:18:05.059-0400] {processor.py:830} INFO - Processing file /opt/anaconda3/envs/airflow_env/lib/python3.10/site-packages/airflow/example_dags/tutorial_taskflow_api_virtualenv.py for tasks to queue
[2025-06-25T22:18:05.060-0400] {logging_mixin.py:188} INFO - [2025-06-25T22:18:05.060-0400] {dagbag.py:545} INFO - Filling up the DagBag from /opt/anaconda3/envs/airflow_env/lib/python3.10/site-packages/airflow/example_dags/tutorial_taskflow_api_virtualenv.py
[2025-06-25T22:18:05.106-0400] {processor.py:840} INFO - DAG(s) 'tutorial_taskflow_api_virtualenv' retrieved from /opt/anaconda3/envs/airflow_env/lib/python3.10/site-packages/airflow/example_dags/tutorial_taskflow_api_virtualenv.py
[2025-06-25T22:18:05.112-0400] {logging_mixin.py:188} INFO - [2025-06-25T22:18:05.112-0400] {dag.py:3096} INFO - Sync 1 DAGs
[2025-06-25T22:18:05.173-0400] {logging_mixin.py:188} INFO - [2025-06-25T22:18:05.173-0400] {dag.py:3954} INFO - Setting next_dagrun for tutorial_taskflow_api_virtualenv to None, run_after=None
[2025-06-25T22:18:05.242-0400] {processor.py:183} INFO - Processing /opt/anaconda3/envs/airflow_env/lib/python3.10/site-packages/airflow/example_dags/tutorial_taskflow_api_virtualenv.py took 0.186 seconds
[2025-06-25T22:19:01.569-0400] {processor.py:161} INFO - Started process (PID=75262) to work on /opt/anaconda3/envs/airflow_env/lib/python3.10/site-packages/airflow/example_dags/tutorial_taskflow_api_virtualenv.py
[2025-06-25T22:19:01.570-0400] {processor.py:830} INFO - Processing file /opt/anaconda3/envs/airflow_env/lib/python3.10/site-packages/airflow/example_dags/tutorial_taskflow_api_virtualenv.py for tasks to queue
[2025-06-25T22:19:01.571-0400] {logging_mixin.py:188} INFO - [2025-06-25T22:19:01.571-0400] {dagbag.py:545} INFO - Filling up the DagBag from /opt/anaconda3/envs/airflow_env/lib/python3.10/site-packages/airflow/example_dags/tutorial_taskflow_api_virtualenv.py
[2025-06-25T22:19:01.588-0400] {processor.py:840} INFO - DAG(s) 'tutorial_taskflow_api_virtualenv' retrieved from /opt/anaconda3/envs/airflow_env/lib/python3.10/site-packages/airflow/example_dags/tutorial_taskflow_api_virtualenv.py
[2025-06-25T22:19:01.682-0400] {logging_mixin.py:188} INFO - [2025-06-25T22:19:01.682-0400] {dag.py:3096} INFO - Sync 1 DAGs
[2025-06-25T22:19:01.685-0400] {logging_mixin.py:188} INFO - [2025-06-25T22:19:01.685-0400] {dag.py:3954} INFO - Setting next_dagrun for tutorial_taskflow_api_virtualenv to None, run_after=None
[2025-06-25T22:19:01.693-0400] {processor.py:183} INFO - Processing /opt/anaconda3/envs/airflow_env/lib/python3.10/site-packages/airflow/example_dags/tutorial_taskflow_api_virtualenv.py took 0.126 seconds
[2025-06-25T22:19:02.494-0400] {processor.py:161} INFO - Started process (PID=75264) to work on /opt/anaconda3/envs/airflow_env/lib/python3.10/site-packages/airflow/example_dags/tutorial_taskflow_api_virtualenv.py
[2025-06-25T22:19:02.494-0400] {processor.py:830} INFO - Processing file /opt/anaconda3/envs/airflow_env/lib/python3.10/site-packages/airflow/example_dags/tutorial_taskflow_api_virtualenv.py for tasks to queue
[2025-06-25T22:19:02.495-0400] {logging_mixin.py:188} INFO - [2025-06-25T22:19:02.495-0400] {dagbag.py:545} INFO - Filling up the DagBag from /opt/anaconda3/envs/airflow_env/lib/python3.10/site-packages/airflow/example_dags/tutorial_taskflow_api_virtualenv.py
[2025-06-25T22:19:02.520-0400] {processor.py:840} INFO - DAG(s) 'tutorial_taskflow_api_virtualenv' retrieved from /opt/anaconda3/envs/airflow_env/lib/python3.10/site-packages/airflow/example_dags/tutorial_taskflow_api_virtualenv.py
[2025-06-25T22:19:02.526-0400] {logging_mixin.py:188} INFO - [2025-06-25T22:19:02.526-0400] {dag.py:3096} INFO - Sync 1 DAGs
[2025-06-25T22:19:02.560-0400] {logging_mixin.py:188} INFO - [2025-06-25T22:19:02.560-0400] {dag.py:3954} INFO - Setting next_dagrun for tutorial_taskflow_api_virtualenv to None, run_after=None
[2025-06-25T22:19:02.597-0400] {processor.py:183} INFO - Processing /opt/anaconda3/envs/airflow_env/lib/python3.10/site-packages/airflow/example_dags/tutorial_taskflow_api_virtualenv.py took 0.105 seconds
[2025-06-25T22:20:00.404-0400] {processor.py:161} INFO - Started process (PID=75335) to work on /opt/anaconda3/envs/airflow_env/lib/python3.10/site-packages/airflow/example_dags/tutorial_taskflow_api_virtualenv.py
[2025-06-25T22:20:00.405-0400] {processor.py:830} INFO - Processing file /opt/anaconda3/envs/airflow_env/lib/python3.10/site-packages/airflow/example_dags/tutorial_taskflow_api_virtualenv.py for tasks to queue
[2025-06-25T22:20:00.405-0400] {logging_mixin.py:188} INFO - [2025-06-25T22:20:00.405-0400] {dagbag.py:545} INFO - Filling up the DagBag from /opt/anaconda3/envs/airflow_env/lib/python3.10/site-packages/airflow/example_dags/tutorial_taskflow_api_virtualenv.py
[2025-06-25T22:20:00.422-0400] {processor.py:840} INFO - DAG(s) 'tutorial_taskflow_api_virtualenv' retrieved from /opt/anaconda3/envs/airflow_env/lib/python3.10/site-packages/airflow/example_dags/tutorial_taskflow_api_virtualenv.py
[2025-06-25T22:20:00.479-0400] {processor.py:161} INFO - Started process (PID=75336) to work on /opt/anaconda3/envs/airflow_env/lib/python3.10/site-packages/airflow/example_dags/tutorial_taskflow_api_virtualenv.py
[2025-06-25T22:20:00.479-0400] {processor.py:830} INFO - Processing file /opt/anaconda3/envs/airflow_env/lib/python3.10/site-packages/airflow/example_dags/tutorial_taskflow_api_virtualenv.py for tasks to queue
[2025-06-25T22:20:00.479-0400] {logging_mixin.py:188} INFO - [2025-06-25T22:20:00.479-0400] {dagbag.py:545} INFO - Filling up the DagBag from /opt/anaconda3/envs/airflow_env/lib/python3.10/site-packages/airflow/example_dags/tutorial_taskflow_api_virtualenv.py
[2025-06-25T22:20:00.497-0400] {processor.py:840} INFO - DAG(s) 'tutorial_taskflow_api_virtualenv' retrieved from /opt/anaconda3/envs/airflow_env/lib/python3.10/site-packages/airflow/example_dags/tutorial_taskflow_api_virtualenv.py
[2025-06-25T22:20:00.523-0400] {logging_mixin.py:188} INFO - [2025-06-25T22:20:00.523-0400] {dag.py:3096} INFO - Sync 1 DAGs
[2025-06-25T22:20:00.526-0400] {logging_mixin.py:188} INFO - [2025-06-25T22:20:00.526-0400] {dag.py:3954} INFO - Setting next_dagrun for tutorial_taskflow_api_virtualenv to None, run_after=None
[2025-06-25T22:20:00.533-0400] {processor.py:183} INFO - Processing /opt/anaconda3/envs/airflow_env/lib/python3.10/site-packages/airflow/example_dags/tutorial_taskflow_api_virtualenv.py took 0.131 seconds
[2025-06-25T22:20:00.599-0400] {logging_mixin.py:188} INFO - [2025-06-25T22:20:00.598-0400] {dag.py:3096} INFO - Sync 1 DAGs
[2025-06-25T22:20:00.602-0400] {logging_mixin.py:188} INFO - [2025-06-25T22:20:00.602-0400] {dag.py:3954} INFO - Setting next_dagrun for tutorial_taskflow_api_virtualenv to None, run_after=None
[2025-06-25T22:20:00.611-0400] {processor.py:183} INFO - Processing /opt/anaconda3/envs/airflow_env/lib/python3.10/site-packages/airflow/example_dags/tutorial_taskflow_api_virtualenv.py took 0.134 seconds
[2025-06-25T22:20:53.107-0400] {processor.py:161} INFO - Started process (PID=75406) to work on /opt/anaconda3/envs/airflow_env/lib/python3.10/site-packages/airflow/example_dags/tutorial_taskflow_api_virtualenv.py
[2025-06-25T22:20:53.108-0400] {processor.py:830} INFO - Processing file /opt/anaconda3/envs/airflow_env/lib/python3.10/site-packages/airflow/example_dags/tutorial_taskflow_api_virtualenv.py for tasks to queue
[2025-06-25T22:20:53.108-0400] {logging_mixin.py:188} INFO - [2025-06-25T22:20:53.108-0400] {dagbag.py:545} INFO - Filling up the DagBag from /opt/anaconda3/envs/airflow_env/lib/python3.10/site-packages/airflow/example_dags/tutorial_taskflow_api_virtualenv.py
[2025-06-25T22:20:53.124-0400] {processor.py:840} INFO - DAG(s) 'tutorial_taskflow_api_virtualenv' retrieved from /opt/anaconda3/envs/airflow_env/lib/python3.10/site-packages/airflow/example_dags/tutorial_taskflow_api_virtualenv.py
[2025-06-25T22:20:53.222-0400] {logging_mixin.py:188} INFO - [2025-06-25T22:20:53.222-0400] {dag.py:3096} INFO - Sync 1 DAGs
[2025-06-25T22:20:53.225-0400] {logging_mixin.py:188} INFO - [2025-06-25T22:20:53.225-0400] {dag.py:3954} INFO - Setting next_dagrun for tutorial_taskflow_api_virtualenv to None, run_after=None
[2025-06-25T22:20:53.235-0400] {processor.py:183} INFO - Processing /opt/anaconda3/envs/airflow_env/lib/python3.10/site-packages/airflow/example_dags/tutorial_taskflow_api_virtualenv.py took 0.129 seconds
[2025-06-25T22:20:55.113-0400] {processor.py:161} INFO - Started process (PID=75409) to work on /opt/anaconda3/envs/airflow_env/lib/python3.10/site-packages/airflow/example_dags/tutorial_taskflow_api_virtualenv.py
[2025-06-25T22:20:55.113-0400] {processor.py:830} INFO - Processing file /opt/anaconda3/envs/airflow_env/lib/python3.10/site-packages/airflow/example_dags/tutorial_taskflow_api_virtualenv.py for tasks to queue
[2025-06-25T22:20:55.113-0400] {logging_mixin.py:188} INFO - [2025-06-25T22:20:55.113-0400] {dagbag.py:545} INFO - Filling up the DagBag from /opt/anaconda3/envs/airflow_env/lib/python3.10/site-packages/airflow/example_dags/tutorial_taskflow_api_virtualenv.py
[2025-06-25T22:20:55.128-0400] {processor.py:840} INFO - DAG(s) 'tutorial_taskflow_api_virtualenv' retrieved from /opt/anaconda3/envs/airflow_env/lib/python3.10/site-packages/airflow/example_dags/tutorial_taskflow_api_virtualenv.py
[2025-06-25T22:20:55.132-0400] {logging_mixin.py:188} INFO - [2025-06-25T22:20:55.132-0400] {dag.py:3096} INFO - Sync 1 DAGs
[2025-06-25T22:20:55.159-0400] {logging_mixin.py:188} INFO - [2025-06-25T22:20:55.159-0400] {dag.py:3954} INFO - Setting next_dagrun for tutorial_taskflow_api_virtualenv to None, run_after=None
[2025-06-25T22:20:55.186-0400] {processor.py:183} INFO - Processing /opt/anaconda3/envs/airflow_env/lib/python3.10/site-packages/airflow/example_dags/tutorial_taskflow_api_virtualenv.py took 0.075 seconds
[2025-06-25T22:21:45.729-0400] {processor.py:161} INFO - Started process (PID=75491) to work on /opt/anaconda3/envs/airflow_env/lib/python3.10/site-packages/airflow/example_dags/tutorial_taskflow_api_virtualenv.py
[2025-06-25T22:21:45.730-0400] {processor.py:830} INFO - Processing file /opt/anaconda3/envs/airflow_env/lib/python3.10/site-packages/airflow/example_dags/tutorial_taskflow_api_virtualenv.py for tasks to queue
[2025-06-25T22:21:45.730-0400] {logging_mixin.py:188} INFO - [2025-06-25T22:21:45.730-0400] {dagbag.py:545} INFO - Filling up the DagBag from /opt/anaconda3/envs/airflow_env/lib/python3.10/site-packages/airflow/example_dags/tutorial_taskflow_api_virtualenv.py
[2025-06-25T22:21:45.747-0400] {processor.py:840} INFO - DAG(s) 'tutorial_taskflow_api_virtualenv' retrieved from /opt/anaconda3/envs/airflow_env/lib/python3.10/site-packages/airflow/example_dags/tutorial_taskflow_api_virtualenv.py
[2025-06-25T22:21:45.843-0400] {logging_mixin.py:188} INFO - [2025-06-25T22:21:45.843-0400] {dag.py:3096} INFO - Sync 1 DAGs
[2025-06-25T22:21:45.846-0400] {logging_mixin.py:188} INFO - [2025-06-25T22:21:45.846-0400] {dag.py:3954} INFO - Setting next_dagrun for tutorial_taskflow_api_virtualenv to None, run_after=None
[2025-06-25T22:21:45.855-0400] {processor.py:183} INFO - Processing /opt/anaconda3/envs/airflow_env/lib/python3.10/site-packages/airflow/example_dags/tutorial_taskflow_api_virtualenv.py took 0.128 seconds
[2025-06-25T22:21:47.326-0400] {processor.py:161} INFO - Started process (PID=75493) to work on /opt/anaconda3/envs/airflow_env/lib/python3.10/site-packages/airflow/example_dags/tutorial_taskflow_api_virtualenv.py
[2025-06-25T22:21:47.326-0400] {processor.py:830} INFO - Processing file /opt/anaconda3/envs/airflow_env/lib/python3.10/site-packages/airflow/example_dags/tutorial_taskflow_api_virtualenv.py for tasks to queue
[2025-06-25T22:21:47.326-0400] {logging_mixin.py:188} INFO - [2025-06-25T22:21:47.326-0400] {dagbag.py:545} INFO - Filling up the DagBag from /opt/anaconda3/envs/airflow_env/lib/python3.10/site-packages/airflow/example_dags/tutorial_taskflow_api_virtualenv.py
[2025-06-25T22:21:47.341-0400] {processor.py:840} INFO - DAG(s) 'tutorial_taskflow_api_virtualenv' retrieved from /opt/anaconda3/envs/airflow_env/lib/python3.10/site-packages/airflow/example_dags/tutorial_taskflow_api_virtualenv.py
[2025-06-25T22:21:47.345-0400] {logging_mixin.py:188} INFO - [2025-06-25T22:21:47.345-0400] {dag.py:3096} INFO - Sync 1 DAGs
[2025-06-25T22:21:47.375-0400] {logging_mixin.py:188} INFO - [2025-06-25T22:21:47.375-0400] {dag.py:3954} INFO - Setting next_dagrun for tutorial_taskflow_api_virtualenv to None, run_after=None
[2025-06-25T22:21:47.406-0400] {processor.py:183} INFO - Processing /opt/anaconda3/envs/airflow_env/lib/python3.10/site-packages/airflow/example_dags/tutorial_taskflow_api_virtualenv.py took 0.082 seconds
[2025-06-25T22:22:37.774-0400] {processor.py:161} INFO - Started process (PID=75604) to work on /opt/anaconda3/envs/airflow_env/lib/python3.10/site-packages/airflow/example_dags/tutorial_taskflow_api_virtualenv.py
[2025-06-25T22:22:37.774-0400] {processor.py:830} INFO - Processing file /opt/anaconda3/envs/airflow_env/lib/python3.10/site-packages/airflow/example_dags/tutorial_taskflow_api_virtualenv.py for tasks to queue
[2025-06-25T22:22:37.775-0400] {logging_mixin.py:188} INFO - [2025-06-25T22:22:37.775-0400] {dagbag.py:545} INFO - Filling up the DagBag from /opt/anaconda3/envs/airflow_env/lib/python3.10/site-packages/airflow/example_dags/tutorial_taskflow_api_virtualenv.py
[2025-06-25T22:22:37.794-0400] {processor.py:840} INFO - DAG(s) 'tutorial_taskflow_api_virtualenv' retrieved from /opt/anaconda3/envs/airflow_env/lib/python3.10/site-packages/airflow/example_dags/tutorial_taskflow_api_virtualenv.py
[2025-06-25T22:22:37.894-0400] {logging_mixin.py:188} INFO - [2025-06-25T22:22:37.893-0400] {dag.py:3096} INFO - Sync 1 DAGs
[2025-06-25T22:22:37.897-0400] {logging_mixin.py:188} INFO - [2025-06-25T22:22:37.897-0400] {dag.py:3954} INFO - Setting next_dagrun for tutorial_taskflow_api_virtualenv to None, run_after=None
[2025-06-25T22:22:37.905-0400] {processor.py:183} INFO - Processing /opt/anaconda3/envs/airflow_env/lib/python3.10/site-packages/airflow/example_dags/tutorial_taskflow_api_virtualenv.py took 0.133 seconds
[2025-06-25T22:22:39.255-0400] {processor.py:161} INFO - Started process (PID=75607) to work on /opt/anaconda3/envs/airflow_env/lib/python3.10/site-packages/airflow/example_dags/tutorial_taskflow_api_virtualenv.py
[2025-06-25T22:22:39.255-0400] {processor.py:830} INFO - Processing file /opt/anaconda3/envs/airflow_env/lib/python3.10/site-packages/airflow/example_dags/tutorial_taskflow_api_virtualenv.py for tasks to queue
[2025-06-25T22:22:39.256-0400] {logging_mixin.py:188} INFO - [2025-06-25T22:22:39.256-0400] {dagbag.py:545} INFO - Filling up the DagBag from /opt/anaconda3/envs/airflow_env/lib/python3.10/site-packages/airflow/example_dags/tutorial_taskflow_api_virtualenv.py
[2025-06-25T22:22:39.274-0400] {processor.py:840} INFO - DAG(s) 'tutorial_taskflow_api_virtualenv' retrieved from /opt/anaconda3/envs/airflow_env/lib/python3.10/site-packages/airflow/example_dags/tutorial_taskflow_api_virtualenv.py
[2025-06-25T22:22:39.280-0400] {logging_mixin.py:188} INFO - [2025-06-25T22:22:39.280-0400] {dag.py:3096} INFO - Sync 1 DAGs
[2025-06-25T22:22:39.311-0400] {logging_mixin.py:188} INFO - [2025-06-25T22:22:39.311-0400] {dag.py:3954} INFO - Setting next_dagrun for tutorial_taskflow_api_virtualenv to None, run_after=None
[2025-06-25T22:22:39.341-0400] {processor.py:183} INFO - Processing /opt/anaconda3/envs/airflow_env/lib/python3.10/site-packages/airflow/example_dags/tutorial_taskflow_api_virtualenv.py took 0.088 seconds
[2025-06-25T22:23:29.954-0400] {processor.py:161} INFO - Started process (PID=75700) to work on /opt/anaconda3/envs/airflow_env/lib/python3.10/site-packages/airflow/example_dags/tutorial_taskflow_api_virtualenv.py
[2025-06-25T22:23:29.954-0400] {processor.py:830} INFO - Processing file /opt/anaconda3/envs/airflow_env/lib/python3.10/site-packages/airflow/example_dags/tutorial_taskflow_api_virtualenv.py for tasks to queue
[2025-06-25T22:23:29.955-0400] {logging_mixin.py:188} INFO - [2025-06-25T22:23:29.955-0400] {dagbag.py:545} INFO - Filling up the DagBag from /opt/anaconda3/envs/airflow_env/lib/python3.10/site-packages/airflow/example_dags/tutorial_taskflow_api_virtualenv.py
[2025-06-25T22:23:29.971-0400] {processor.py:840} INFO - DAG(s) 'tutorial_taskflow_api_virtualenv' retrieved from /opt/anaconda3/envs/airflow_env/lib/python3.10/site-packages/airflow/example_dags/tutorial_taskflow_api_virtualenv.py
[2025-06-25T22:23:30.063-0400] {logging_mixin.py:188} INFO - [2025-06-25T22:23:30.063-0400] {dag.py:3096} INFO - Sync 1 DAGs
[2025-06-25T22:23:30.066-0400] {logging_mixin.py:188} INFO - [2025-06-25T22:23:30.066-0400] {dag.py:3954} INFO - Setting next_dagrun for tutorial_taskflow_api_virtualenv to None, run_after=None
[2025-06-25T22:23:30.073-0400] {processor.py:183} INFO - Processing /opt/anaconda3/envs/airflow_env/lib/python3.10/site-packages/airflow/example_dags/tutorial_taskflow_api_virtualenv.py took 0.121 seconds
[2025-06-25T22:23:33.298-0400] {processor.py:161} INFO - Started process (PID=75704) to work on /opt/anaconda3/envs/airflow_env/lib/python3.10/site-packages/airflow/example_dags/tutorial_taskflow_api_virtualenv.py
[2025-06-25T22:23:33.298-0400] {processor.py:830} INFO - Processing file /opt/anaconda3/envs/airflow_env/lib/python3.10/site-packages/airflow/example_dags/tutorial_taskflow_api_virtualenv.py for tasks to queue
[2025-06-25T22:23:33.298-0400] {logging_mixin.py:188} INFO - [2025-06-25T22:23:33.298-0400] {dagbag.py:545} INFO - Filling up the DagBag from /opt/anaconda3/envs/airflow_env/lib/python3.10/site-packages/airflow/example_dags/tutorial_taskflow_api_virtualenv.py
[2025-06-25T22:23:33.313-0400] {processor.py:840} INFO - DAG(s) 'tutorial_taskflow_api_virtualenv' retrieved from /opt/anaconda3/envs/airflow_env/lib/python3.10/site-packages/airflow/example_dags/tutorial_taskflow_api_virtualenv.py
[2025-06-25T22:23:33.318-0400] {logging_mixin.py:188} INFO - [2025-06-25T22:23:33.317-0400] {dag.py:3096} INFO - Sync 1 DAGs
[2025-06-25T22:23:33.347-0400] {logging_mixin.py:188} INFO - [2025-06-25T22:23:33.347-0400] {dag.py:3954} INFO - Setting next_dagrun for tutorial_taskflow_api_virtualenv to None, run_after=None
[2025-06-25T22:23:33.377-0400] {processor.py:183} INFO - Processing /opt/anaconda3/envs/airflow_env/lib/python3.10/site-packages/airflow/example_dags/tutorial_taskflow_api_virtualenv.py took 0.081 seconds
[2025-06-25T22:24:27.079-0400] {processor.py:161} INFO - Started process (PID=75777) to work on /opt/anaconda3/envs/airflow_env/lib/python3.10/site-packages/airflow/example_dags/tutorial_taskflow_api_virtualenv.py
[2025-06-25T22:24:27.080-0400] {processor.py:830} INFO - Processing file /opt/anaconda3/envs/airflow_env/lib/python3.10/site-packages/airflow/example_dags/tutorial_taskflow_api_virtualenv.py for tasks to queue
[2025-06-25T22:24:27.080-0400] {logging_mixin.py:188} INFO - [2025-06-25T22:24:27.080-0400] {dagbag.py:545} INFO - Filling up the DagBag from /opt/anaconda3/envs/airflow_env/lib/python3.10/site-packages/airflow/example_dags/tutorial_taskflow_api_virtualenv.py
[2025-06-25T22:24:27.095-0400] {processor.py:840} INFO - DAG(s) 'tutorial_taskflow_api_virtualenv' retrieved from /opt/anaconda3/envs/airflow_env/lib/python3.10/site-packages/airflow/example_dags/tutorial_taskflow_api_virtualenv.py
[2025-06-25T22:24:27.197-0400] {logging_mixin.py:188} INFO - [2025-06-25T22:24:27.197-0400] {dag.py:3096} INFO - Sync 1 DAGs
[2025-06-25T22:24:27.201-0400] {logging_mixin.py:188} INFO - [2025-06-25T22:24:27.200-0400] {dag.py:3954} INFO - Setting next_dagrun for tutorial_taskflow_api_virtualenv to None, run_after=None
[2025-06-25T22:24:27.208-0400] {processor.py:183} INFO - Processing /opt/anaconda3/envs/airflow_env/lib/python3.10/site-packages/airflow/example_dags/tutorial_taskflow_api_virtualenv.py took 0.131 seconds
[2025-06-25T22:24:34.145-0400] {processor.py:161} INFO - Started process (PID=75786) to work on /opt/anaconda3/envs/airflow_env/lib/python3.10/site-packages/airflow/example_dags/tutorial_taskflow_api_virtualenv.py
[2025-06-25T22:24:34.146-0400] {processor.py:830} INFO - Processing file /opt/anaconda3/envs/airflow_env/lib/python3.10/site-packages/airflow/example_dags/tutorial_taskflow_api_virtualenv.py for tasks to queue
[2025-06-25T22:24:34.146-0400] {logging_mixin.py:188} INFO - [2025-06-25T22:24:34.146-0400] {dagbag.py:545} INFO - Filling up the DagBag from /opt/anaconda3/envs/airflow_env/lib/python3.10/site-packages/airflow/example_dags/tutorial_taskflow_api_virtualenv.py
[2025-06-25T22:24:34.161-0400] {processor.py:840} INFO - DAG(s) 'tutorial_taskflow_api_virtualenv' retrieved from /opt/anaconda3/envs/airflow_env/lib/python3.10/site-packages/airflow/example_dags/tutorial_taskflow_api_virtualenv.py
[2025-06-25T22:24:34.166-0400] {logging_mixin.py:188} INFO - [2025-06-25T22:24:34.166-0400] {dag.py:3096} INFO - Sync 1 DAGs
[2025-06-25T22:24:34.196-0400] {logging_mixin.py:188} INFO - [2025-06-25T22:24:34.196-0400] {dag.py:3954} INFO - Setting next_dagrun for tutorial_taskflow_api_virtualenv to None, run_after=None
[2025-06-25T22:24:34.228-0400] {processor.py:183} INFO - Processing /opt/anaconda3/envs/airflow_env/lib/python3.10/site-packages/airflow/example_dags/tutorial_taskflow_api_virtualenv.py took 0.085 seconds
[2025-06-25T22:25:21.035-0400] {processor.py:161} INFO - Started process (PID=75871) to work on /opt/anaconda3/envs/airflow_env/lib/python3.10/site-packages/airflow/example_dags/tutorial_taskflow_api_virtualenv.py
[2025-06-25T22:25:21.035-0400] {processor.py:830} INFO - Processing file /opt/anaconda3/envs/airflow_env/lib/python3.10/site-packages/airflow/example_dags/tutorial_taskflow_api_virtualenv.py for tasks to queue
[2025-06-25T22:25:21.035-0400] {logging_mixin.py:188} INFO - [2025-06-25T22:25:21.035-0400] {dagbag.py:545} INFO - Filling up the DagBag from /opt/anaconda3/envs/airflow_env/lib/python3.10/site-packages/airflow/example_dags/tutorial_taskflow_api_virtualenv.py
[2025-06-25T22:25:21.049-0400] {processor.py:840} INFO - DAG(s) 'tutorial_taskflow_api_virtualenv' retrieved from /opt/anaconda3/envs/airflow_env/lib/python3.10/site-packages/airflow/example_dags/tutorial_taskflow_api_virtualenv.py
[2025-06-25T22:25:21.127-0400] {logging_mixin.py:188} INFO - [2025-06-25T22:25:21.127-0400] {dag.py:3096} INFO - Sync 1 DAGs
[2025-06-25T22:25:21.130-0400] {logging_mixin.py:188} INFO - [2025-06-25T22:25:21.130-0400] {dag.py:3954} INFO - Setting next_dagrun for tutorial_taskflow_api_virtualenv to None, run_after=None
[2025-06-25T22:25:21.137-0400] {processor.py:183} INFO - Processing /opt/anaconda3/envs/airflow_env/lib/python3.10/site-packages/airflow/example_dags/tutorial_taskflow_api_virtualenv.py took 0.104 seconds
[2025-06-25T22:25:34.941-0400] {processor.py:161} INFO - Started process (PID=75889) to work on /opt/anaconda3/envs/airflow_env/lib/python3.10/site-packages/airflow/example_dags/tutorial_taskflow_api_virtualenv.py
[2025-06-25T22:25:34.942-0400] {processor.py:830} INFO - Processing file /opt/anaconda3/envs/airflow_env/lib/python3.10/site-packages/airflow/example_dags/tutorial_taskflow_api_virtualenv.py for tasks to queue
[2025-06-25T22:25:34.943-0400] {logging_mixin.py:188} INFO - [2025-06-25T22:25:34.943-0400] {dagbag.py:545} INFO - Filling up the DagBag from /opt/anaconda3/envs/airflow_env/lib/python3.10/site-packages/airflow/example_dags/tutorial_taskflow_api_virtualenv.py
[2025-06-25T22:25:34.957-0400] {processor.py:840} INFO - DAG(s) 'tutorial_taskflow_api_virtualenv' retrieved from /opt/anaconda3/envs/airflow_env/lib/python3.10/site-packages/airflow/example_dags/tutorial_taskflow_api_virtualenv.py
[2025-06-25T22:25:34.961-0400] {logging_mixin.py:188} INFO - [2025-06-25T22:25:34.961-0400] {dag.py:3096} INFO - Sync 1 DAGs
[2025-06-25T22:25:34.988-0400] {logging_mixin.py:188} INFO - [2025-06-25T22:25:34.988-0400] {dag.py:3954} INFO - Setting next_dagrun for tutorial_taskflow_api_virtualenv to None, run_after=None
[2025-06-25T22:25:35.014-0400] {processor.py:183} INFO - Processing /opt/anaconda3/envs/airflow_env/lib/python3.10/site-packages/airflow/example_dags/tutorial_taskflow_api_virtualenv.py took 0.075 seconds
[2025-06-25T22:26:10.290-0400] {processor.py:161} INFO - Started process (PID=75943) to work on /opt/anaconda3/envs/airflow_env/lib/python3.10/site-packages/airflow/example_dags/tutorial_taskflow_api_virtualenv.py
[2025-06-25T22:26:10.291-0400] {processor.py:830} INFO - Processing file /opt/anaconda3/envs/airflow_env/lib/python3.10/site-packages/airflow/example_dags/tutorial_taskflow_api_virtualenv.py for tasks to queue
[2025-06-25T22:26:10.291-0400] {logging_mixin.py:188} INFO - [2025-06-25T22:26:10.291-0400] {dagbag.py:545} INFO - Filling up the DagBag from /opt/anaconda3/envs/airflow_env/lib/python3.10/site-packages/airflow/example_dags/tutorial_taskflow_api_virtualenv.py
[2025-06-25T22:26:10.305-0400] {processor.py:840} INFO - DAG(s) 'tutorial_taskflow_api_virtualenv' retrieved from /opt/anaconda3/envs/airflow_env/lib/python3.10/site-packages/airflow/example_dags/tutorial_taskflow_api_virtualenv.py
[2025-06-25T22:26:10.382-0400] {logging_mixin.py:188} INFO - [2025-06-25T22:26:10.382-0400] {dag.py:3096} INFO - Sync 1 DAGs
[2025-06-25T22:26:10.385-0400] {logging_mixin.py:188} INFO - [2025-06-25T22:26:10.385-0400] {dag.py:3954} INFO - Setting next_dagrun for tutorial_taskflow_api_virtualenv to None, run_after=None
[2025-06-25T22:26:10.392-0400] {processor.py:183} INFO - Processing /opt/anaconda3/envs/airflow_env/lib/python3.10/site-packages/airflow/example_dags/tutorial_taskflow_api_virtualenv.py took 0.104 seconds
[2025-06-25T22:26:25.970-0400] {processor.py:161} INFO - Started process (PID=75968) to work on /opt/anaconda3/envs/airflow_env/lib/python3.10/site-packages/airflow/example_dags/tutorial_taskflow_api_virtualenv.py
[2025-06-25T22:26:25.971-0400] {processor.py:830} INFO - Processing file /opt/anaconda3/envs/airflow_env/lib/python3.10/site-packages/airflow/example_dags/tutorial_taskflow_api_virtualenv.py for tasks to queue
[2025-06-25T22:26:25.972-0400] {logging_mixin.py:188} INFO - [2025-06-25T22:26:25.971-0400] {dagbag.py:545} INFO - Filling up the DagBag from /opt/anaconda3/envs/airflow_env/lib/python3.10/site-packages/airflow/example_dags/tutorial_taskflow_api_virtualenv.py
[2025-06-25T22:26:25.989-0400] {processor.py:840} INFO - DAG(s) 'tutorial_taskflow_api_virtualenv' retrieved from /opt/anaconda3/envs/airflow_env/lib/python3.10/site-packages/airflow/example_dags/tutorial_taskflow_api_virtualenv.py
[2025-06-25T22:26:25.994-0400] {logging_mixin.py:188} INFO - [2025-06-25T22:26:25.994-0400] {dag.py:3096} INFO - Sync 1 DAGs
[2025-06-25T22:26:26.022-0400] {logging_mixin.py:188} INFO - [2025-06-25T22:26:26.022-0400] {dag.py:3954} INFO - Setting next_dagrun for tutorial_taskflow_api_virtualenv to None, run_after=None
[2025-06-25T22:26:26.050-0400] {processor.py:183} INFO - Processing /opt/anaconda3/envs/airflow_env/lib/python3.10/site-packages/airflow/example_dags/tutorial_taskflow_api_virtualenv.py took 0.082 seconds
[2025-06-25T22:26:58.516-0400] {processor.py:161} INFO - Started process (PID=76018) to work on /opt/anaconda3/envs/airflow_env/lib/python3.10/site-packages/airflow/example_dags/tutorial_taskflow_api_virtualenv.py
[2025-06-25T22:26:58.517-0400] {processor.py:830} INFO - Processing file /opt/anaconda3/envs/airflow_env/lib/python3.10/site-packages/airflow/example_dags/tutorial_taskflow_api_virtualenv.py for tasks to queue
[2025-06-25T22:26:58.517-0400] {logging_mixin.py:188} INFO - [2025-06-25T22:26:58.517-0400] {dagbag.py:545} INFO - Filling up the DagBag from /opt/anaconda3/envs/airflow_env/lib/python3.10/site-packages/airflow/example_dags/tutorial_taskflow_api_virtualenv.py
[2025-06-25T22:26:58.531-0400] {processor.py:840} INFO - DAG(s) 'tutorial_taskflow_api_virtualenv' retrieved from /opt/anaconda3/envs/airflow_env/lib/python3.10/site-packages/airflow/example_dags/tutorial_taskflow_api_virtualenv.py
[2025-06-25T22:26:58.616-0400] {logging_mixin.py:188} INFO - [2025-06-25T22:26:58.616-0400] {dag.py:3096} INFO - Sync 1 DAGs
[2025-06-25T22:26:58.619-0400] {logging_mixin.py:188} INFO - [2025-06-25T22:26:58.619-0400] {dag.py:3954} INFO - Setting next_dagrun for tutorial_taskflow_api_virtualenv to None, run_after=None
[2025-06-25T22:26:58.627-0400] {processor.py:183} INFO - Processing /opt/anaconda3/envs/airflow_env/lib/python3.10/site-packages/airflow/example_dags/tutorial_taskflow_api_virtualenv.py took 0.113 seconds
[2025-06-25T22:27:13.132-0400] {processor.py:161} INFO - Started process (PID=76042) to work on /opt/anaconda3/envs/airflow_env/lib/python3.10/site-packages/airflow/example_dags/tutorial_taskflow_api_virtualenv.py
[2025-06-25T22:27:13.133-0400] {processor.py:830} INFO - Processing file /opt/anaconda3/envs/airflow_env/lib/python3.10/site-packages/airflow/example_dags/tutorial_taskflow_api_virtualenv.py for tasks to queue
[2025-06-25T22:27:13.133-0400] {logging_mixin.py:188} INFO - [2025-06-25T22:27:13.133-0400] {dagbag.py:545} INFO - Filling up the DagBag from /opt/anaconda3/envs/airflow_env/lib/python3.10/site-packages/airflow/example_dags/tutorial_taskflow_api_virtualenv.py
[2025-06-25T22:27:13.147-0400] {processor.py:840} INFO - DAG(s) 'tutorial_taskflow_api_virtualenv' retrieved from /opt/anaconda3/envs/airflow_env/lib/python3.10/site-packages/airflow/example_dags/tutorial_taskflow_api_virtualenv.py
[2025-06-25T22:27:13.152-0400] {logging_mixin.py:188} INFO - [2025-06-25T22:27:13.152-0400] {dag.py:3096} INFO - Sync 1 DAGs
[2025-06-25T22:27:13.182-0400] {logging_mixin.py:188} INFO - [2025-06-25T22:27:13.181-0400] {dag.py:3954} INFO - Setting next_dagrun for tutorial_taskflow_api_virtualenv to None, run_after=None
[2025-06-25T22:27:13.212-0400] {processor.py:183} INFO - Processing /opt/anaconda3/envs/airflow_env/lib/python3.10/site-packages/airflow/example_dags/tutorial_taskflow_api_virtualenv.py took 0.081 seconds
[2025-06-25T22:27:44.440-0400] {processor.py:161} INFO - Started process (PID=76093) to work on /opt/anaconda3/envs/airflow_env/lib/python3.10/site-packages/airflow/example_dags/tutorial_taskflow_api_virtualenv.py
[2025-06-25T22:27:44.441-0400] {processor.py:830} INFO - Processing file /opt/anaconda3/envs/airflow_env/lib/python3.10/site-packages/airflow/example_dags/tutorial_taskflow_api_virtualenv.py for tasks to queue
[2025-06-25T22:27:44.441-0400] {logging_mixin.py:188} INFO - [2025-06-25T22:27:44.441-0400] {dagbag.py:545} INFO - Filling up the DagBag from /opt/anaconda3/envs/airflow_env/lib/python3.10/site-packages/airflow/example_dags/tutorial_taskflow_api_virtualenv.py
[2025-06-25T22:27:44.456-0400] {processor.py:840} INFO - DAG(s) 'tutorial_taskflow_api_virtualenv' retrieved from /opt/anaconda3/envs/airflow_env/lib/python3.10/site-packages/airflow/example_dags/tutorial_taskflow_api_virtualenv.py
[2025-06-25T22:27:44.537-0400] {logging_mixin.py:188} INFO - [2025-06-25T22:27:44.537-0400] {dag.py:3096} INFO - Sync 1 DAGs
[2025-06-25T22:27:44.540-0400] {logging_mixin.py:188} INFO - [2025-06-25T22:27:44.540-0400] {dag.py:3954} INFO - Setting next_dagrun for tutorial_taskflow_api_virtualenv to None, run_after=None
[2025-06-25T22:27:44.548-0400] {processor.py:183} INFO - Processing /opt/anaconda3/envs/airflow_env/lib/python3.10/site-packages/airflow/example_dags/tutorial_taskflow_api_virtualenv.py took 0.109 seconds
[2025-06-25T22:28:02.657-0400] {processor.py:161} INFO - Started process (PID=76118) to work on /opt/anaconda3/envs/airflow_env/lib/python3.10/site-packages/airflow/example_dags/tutorial_taskflow_api_virtualenv.py
[2025-06-25T22:28:02.657-0400] {processor.py:830} INFO - Processing file /opt/anaconda3/envs/airflow_env/lib/python3.10/site-packages/airflow/example_dags/tutorial_taskflow_api_virtualenv.py for tasks to queue
[2025-06-25T22:28:02.657-0400] {logging_mixin.py:188} INFO - [2025-06-25T22:28:02.657-0400] {dagbag.py:545} INFO - Filling up the DagBag from /opt/anaconda3/envs/airflow_env/lib/python3.10/site-packages/airflow/example_dags/tutorial_taskflow_api_virtualenv.py
[2025-06-25T22:28:02.671-0400] {processor.py:840} INFO - DAG(s) 'tutorial_taskflow_api_virtualenv' retrieved from /opt/anaconda3/envs/airflow_env/lib/python3.10/site-packages/airflow/example_dags/tutorial_taskflow_api_virtualenv.py
[2025-06-25T22:28:02.674-0400] {logging_mixin.py:188} INFO - [2025-06-25T22:28:02.674-0400] {dag.py:3096} INFO - Sync 1 DAGs
[2025-06-25T22:28:02.702-0400] {logging_mixin.py:188} INFO - [2025-06-25T22:28:02.702-0400] {dag.py:3954} INFO - Setting next_dagrun for tutorial_taskflow_api_virtualenv to None, run_after=None
[2025-06-25T22:28:02.729-0400] {processor.py:183} INFO - Processing /opt/anaconda3/envs/airflow_env/lib/python3.10/site-packages/airflow/example_dags/tutorial_taskflow_api_virtualenv.py took 0.074 seconds
[2025-06-25T22:28:34.342-0400] {processor.py:161} INFO - Started process (PID=76176) to work on /opt/anaconda3/envs/airflow_env/lib/python3.10/site-packages/airflow/example_dags/tutorial_taskflow_api_virtualenv.py
[2025-06-25T22:28:34.343-0400] {processor.py:830} INFO - Processing file /opt/anaconda3/envs/airflow_env/lib/python3.10/site-packages/airflow/example_dags/tutorial_taskflow_api_virtualenv.py for tasks to queue
[2025-06-25T22:28:34.343-0400] {logging_mixin.py:188} INFO - [2025-06-25T22:28:34.343-0400] {dagbag.py:545} INFO - Filling up the DagBag from /opt/anaconda3/envs/airflow_env/lib/python3.10/site-packages/airflow/example_dags/tutorial_taskflow_api_virtualenv.py
[2025-06-25T22:28:34.361-0400] {processor.py:840} INFO - DAG(s) 'tutorial_taskflow_api_virtualenv' retrieved from /opt/anaconda3/envs/airflow_env/lib/python3.10/site-packages/airflow/example_dags/tutorial_taskflow_api_virtualenv.py
[2025-06-25T22:28:34.501-0400] {logging_mixin.py:188} INFO - [2025-06-25T22:28:34.501-0400] {dag.py:3096} INFO - Sync 1 DAGs
[2025-06-25T22:28:34.505-0400] {logging_mixin.py:188} INFO - [2025-06-25T22:28:34.505-0400] {dag.py:3954} INFO - Setting next_dagrun for tutorial_taskflow_api_virtualenv to None, run_after=None
[2025-06-25T22:28:34.515-0400] {processor.py:183} INFO - Processing /opt/anaconda3/envs/airflow_env/lib/python3.10/site-packages/airflow/example_dags/tutorial_taskflow_api_virtualenv.py took 0.176 seconds
[2025-06-25T22:28:55.128-0400] {processor.py:161} INFO - Started process (PID=76219) to work on /opt/anaconda3/envs/airflow_env/lib/python3.10/site-packages/airflow/example_dags/tutorial_taskflow_api_virtualenv.py
[2025-06-25T22:28:55.128-0400] {processor.py:830} INFO - Processing file /opt/anaconda3/envs/airflow_env/lib/python3.10/site-packages/airflow/example_dags/tutorial_taskflow_api_virtualenv.py for tasks to queue
[2025-06-25T22:28:55.128-0400] {logging_mixin.py:188} INFO - [2025-06-25T22:28:55.128-0400] {dagbag.py:545} INFO - Filling up the DagBag from /opt/anaconda3/envs/airflow_env/lib/python3.10/site-packages/airflow/example_dags/tutorial_taskflow_api_virtualenv.py
[2025-06-25T22:28:55.146-0400] {processor.py:840} INFO - DAG(s) 'tutorial_taskflow_api_virtualenv' retrieved from /opt/anaconda3/envs/airflow_env/lib/python3.10/site-packages/airflow/example_dags/tutorial_taskflow_api_virtualenv.py
[2025-06-25T22:28:55.151-0400] {logging_mixin.py:188} INFO - [2025-06-25T22:28:55.151-0400] {dag.py:3096} INFO - Sync 1 DAGs
[2025-06-25T22:28:55.184-0400] {logging_mixin.py:188} INFO - [2025-06-25T22:28:55.184-0400] {dag.py:3954} INFO - Setting next_dagrun for tutorial_taskflow_api_virtualenv to None, run_after=None
[2025-06-25T22:28:55.222-0400] {processor.py:183} INFO - Processing /opt/anaconda3/envs/airflow_env/lib/python3.10/site-packages/airflow/example_dags/tutorial_taskflow_api_virtualenv.py took 0.097 seconds
[2025-06-25T22:29:28.996-0400] {processor.py:161} INFO - Started process (PID=76283) to work on /opt/anaconda3/envs/airflow_env/lib/python3.10/site-packages/airflow/example_dags/tutorial_taskflow_api_virtualenv.py
[2025-06-25T22:29:28.997-0400] {processor.py:830} INFO - Processing file /opt/anaconda3/envs/airflow_env/lib/python3.10/site-packages/airflow/example_dags/tutorial_taskflow_api_virtualenv.py for tasks to queue
[2025-06-25T22:29:28.997-0400] {logging_mixin.py:188} INFO - [2025-06-25T22:29:28.997-0400] {dagbag.py:545} INFO - Filling up the DagBag from /opt/anaconda3/envs/airflow_env/lib/python3.10/site-packages/airflow/example_dags/tutorial_taskflow_api_virtualenv.py
[2025-06-25T22:29:29.014-0400] {processor.py:840} INFO - DAG(s) 'tutorial_taskflow_api_virtualenv' retrieved from /opt/anaconda3/envs/airflow_env/lib/python3.10/site-packages/airflow/example_dags/tutorial_taskflow_api_virtualenv.py
[2025-06-25T22:29:29.128-0400] {logging_mixin.py:188} INFO - [2025-06-25T22:29:29.128-0400] {dag.py:3096} INFO - Sync 1 DAGs
[2025-06-25T22:29:29.133-0400] {logging_mixin.py:188} INFO - [2025-06-25T22:29:29.132-0400] {dag.py:3954} INFO - Setting next_dagrun for tutorial_taskflow_api_virtualenv to None, run_after=None
[2025-06-25T22:29:29.142-0400] {processor.py:183} INFO - Processing /opt/anaconda3/envs/airflow_env/lib/python3.10/site-packages/airflow/example_dags/tutorial_taskflow_api_virtualenv.py took 0.149 seconds
[2025-06-25T22:29:50.767-0400] {processor.py:161} INFO - Started process (PID=76317) to work on /opt/anaconda3/envs/airflow_env/lib/python3.10/site-packages/airflow/example_dags/tutorial_taskflow_api_virtualenv.py
[2025-06-25T22:29:50.767-0400] {processor.py:830} INFO - Processing file /opt/anaconda3/envs/airflow_env/lib/python3.10/site-packages/airflow/example_dags/tutorial_taskflow_api_virtualenv.py for tasks to queue
[2025-06-25T22:29:50.767-0400] {logging_mixin.py:188} INFO - [2025-06-25T22:29:50.767-0400] {dagbag.py:545} INFO - Filling up the DagBag from /opt/anaconda3/envs/airflow_env/lib/python3.10/site-packages/airflow/example_dags/tutorial_taskflow_api_virtualenv.py
[2025-06-25T22:29:50.783-0400] {processor.py:840} INFO - DAG(s) 'tutorial_taskflow_api_virtualenv' retrieved from /opt/anaconda3/envs/airflow_env/lib/python3.10/site-packages/airflow/example_dags/tutorial_taskflow_api_virtualenv.py
[2025-06-25T22:29:50.787-0400] {logging_mixin.py:188} INFO - [2025-06-25T22:29:50.787-0400] {dag.py:3096} INFO - Sync 1 DAGs
[2025-06-25T22:29:50.816-0400] {logging_mixin.py:188} INFO - [2025-06-25T22:29:50.816-0400] {dag.py:3954} INFO - Setting next_dagrun for tutorial_taskflow_api_virtualenv to None, run_after=None
[2025-06-25T22:29:50.845-0400] {processor.py:183} INFO - Processing /opt/anaconda3/envs/airflow_env/lib/python3.10/site-packages/airflow/example_dags/tutorial_taskflow_api_virtualenv.py took 0.080 seconds
[2025-06-25T22:30:24.837-0400] {processor.py:161} INFO - Started process (PID=76369) to work on /opt/anaconda3/envs/airflow_env/lib/python3.10/site-packages/airflow/example_dags/tutorial_taskflow_api_virtualenv.py
[2025-06-25T22:30:24.838-0400] {processor.py:830} INFO - Processing file /opt/anaconda3/envs/airflow_env/lib/python3.10/site-packages/airflow/example_dags/tutorial_taskflow_api_virtualenv.py for tasks to queue
[2025-06-25T22:30:24.838-0400] {logging_mixin.py:188} INFO - [2025-06-25T22:30:24.838-0400] {dagbag.py:545} INFO - Filling up the DagBag from /opt/anaconda3/envs/airflow_env/lib/python3.10/site-packages/airflow/example_dags/tutorial_taskflow_api_virtualenv.py
[2025-06-25T22:30:24.853-0400] {processor.py:840} INFO - DAG(s) 'tutorial_taskflow_api_virtualenv' retrieved from /opt/anaconda3/envs/airflow_env/lib/python3.10/site-packages/airflow/example_dags/tutorial_taskflow_api_virtualenv.py
[2025-06-25T22:30:24.935-0400] {logging_mixin.py:188} INFO - [2025-06-25T22:30:24.935-0400] {dag.py:3096} INFO - Sync 1 DAGs
[2025-06-25T22:30:24.938-0400] {logging_mixin.py:188} INFO - [2025-06-25T22:30:24.938-0400] {dag.py:3954} INFO - Setting next_dagrun for tutorial_taskflow_api_virtualenv to None, run_after=None
[2025-06-25T22:30:24.945-0400] {processor.py:183} INFO - Processing /opt/anaconda3/envs/airflow_env/lib/python3.10/site-packages/airflow/example_dags/tutorial_taskflow_api_virtualenv.py took 0.110 seconds
[2025-06-25T22:30:46.333-0400] {processor.py:161} INFO - Started process (PID=76412) to work on /opt/anaconda3/envs/airflow_env/lib/python3.10/site-packages/airflow/example_dags/tutorial_taskflow_api_virtualenv.py
[2025-06-25T22:30:46.333-0400] {processor.py:830} INFO - Processing file /opt/anaconda3/envs/airflow_env/lib/python3.10/site-packages/airflow/example_dags/tutorial_taskflow_api_virtualenv.py for tasks to queue
[2025-06-25T22:30:46.334-0400] {logging_mixin.py:188} INFO - [2025-06-25T22:30:46.333-0400] {dagbag.py:545} INFO - Filling up the DagBag from /opt/anaconda3/envs/airflow_env/lib/python3.10/site-packages/airflow/example_dags/tutorial_taskflow_api_virtualenv.py
[2025-06-25T22:30:46.348-0400] {processor.py:840} INFO - DAG(s) 'tutorial_taskflow_api_virtualenv' retrieved from /opt/anaconda3/envs/airflow_env/lib/python3.10/site-packages/airflow/example_dags/tutorial_taskflow_api_virtualenv.py
[2025-06-25T22:30:46.352-0400] {logging_mixin.py:188} INFO - [2025-06-25T22:30:46.352-0400] {dag.py:3096} INFO - Sync 1 DAGs
[2025-06-25T22:30:46.379-0400] {logging_mixin.py:188} INFO - [2025-06-25T22:30:46.379-0400] {dag.py:3954} INFO - Setting next_dagrun for tutorial_taskflow_api_virtualenv to None, run_after=None
[2025-06-25T22:30:46.408-0400] {processor.py:183} INFO - Processing /opt/anaconda3/envs/airflow_env/lib/python3.10/site-packages/airflow/example_dags/tutorial_taskflow_api_virtualenv.py took 0.077 seconds
[2025-06-25T22:31:14.224-0400] {processor.py:161} INFO - Started process (PID=76452) to work on /opt/anaconda3/envs/airflow_env/lib/python3.10/site-packages/airflow/example_dags/tutorial_taskflow_api_virtualenv.py
[2025-06-25T22:31:14.225-0400] {processor.py:830} INFO - Processing file /opt/anaconda3/envs/airflow_env/lib/python3.10/site-packages/airflow/example_dags/tutorial_taskflow_api_virtualenv.py for tasks to queue
[2025-06-25T22:31:14.225-0400] {logging_mixin.py:188} INFO - [2025-06-25T22:31:14.225-0400] {dagbag.py:545} INFO - Filling up the DagBag from /opt/anaconda3/envs/airflow_env/lib/python3.10/site-packages/airflow/example_dags/tutorial_taskflow_api_virtualenv.py
[2025-06-25T22:31:14.238-0400] {processor.py:840} INFO - DAG(s) 'tutorial_taskflow_api_virtualenv' retrieved from /opt/anaconda3/envs/airflow_env/lib/python3.10/site-packages/airflow/example_dags/tutorial_taskflow_api_virtualenv.py
[2025-06-25T22:31:14.316-0400] {logging_mixin.py:188} INFO - [2025-06-25T22:31:14.316-0400] {dag.py:3096} INFO - Sync 1 DAGs
[2025-06-25T22:31:14.319-0400] {logging_mixin.py:188} INFO - [2025-06-25T22:31:14.319-0400] {dag.py:3954} INFO - Setting next_dagrun for tutorial_taskflow_api_virtualenv to None, run_after=None
[2025-06-25T22:31:14.327-0400] {processor.py:183} INFO - Processing /opt/anaconda3/envs/airflow_env/lib/python3.10/site-packages/airflow/example_dags/tutorial_taskflow_api_virtualenv.py took 0.104 seconds
[2025-06-25T22:31:39.526-0400] {processor.py:161} INFO - Started process (PID=76486) to work on /opt/anaconda3/envs/airflow_env/lib/python3.10/site-packages/airflow/example_dags/tutorial_taskflow_api_virtualenv.py
[2025-06-25T22:31:39.526-0400] {processor.py:830} INFO - Processing file /opt/anaconda3/envs/airflow_env/lib/python3.10/site-packages/airflow/example_dags/tutorial_taskflow_api_virtualenv.py for tasks to queue
[2025-06-25T22:31:39.526-0400] {logging_mixin.py:188} INFO - [2025-06-25T22:31:39.526-0400] {dagbag.py:545} INFO - Filling up the DagBag from /opt/anaconda3/envs/airflow_env/lib/python3.10/site-packages/airflow/example_dags/tutorial_taskflow_api_virtualenv.py
[2025-06-25T22:31:39.545-0400] {processor.py:840} INFO - DAG(s) 'tutorial_taskflow_api_virtualenv' retrieved from /opt/anaconda3/envs/airflow_env/lib/python3.10/site-packages/airflow/example_dags/tutorial_taskflow_api_virtualenv.py
[2025-06-25T22:31:39.551-0400] {logging_mixin.py:188} INFO - [2025-06-25T22:31:39.551-0400] {dag.py:3096} INFO - Sync 1 DAGs
[2025-06-25T22:31:39.588-0400] {logging_mixin.py:188} INFO - [2025-06-25T22:31:39.588-0400] {dag.py:3954} INFO - Setting next_dagrun for tutorial_taskflow_api_virtualenv to None, run_after=None
[2025-06-25T22:31:39.630-0400] {processor.py:183} INFO - Processing /opt/anaconda3/envs/airflow_env/lib/python3.10/site-packages/airflow/example_dags/tutorial_taskflow_api_virtualenv.py took 0.107 seconds
[2025-06-25T22:32:02.231-0400] {processor.py:161} INFO - Started process (PID=76539) to work on /opt/anaconda3/envs/airflow_env/lib/python3.10/site-packages/airflow/example_dags/tutorial_taskflow_api_virtualenv.py
[2025-06-25T22:32:02.231-0400] {processor.py:830} INFO - Processing file /opt/anaconda3/envs/airflow_env/lib/python3.10/site-packages/airflow/example_dags/tutorial_taskflow_api_virtualenv.py for tasks to queue
[2025-06-25T22:32:02.232-0400] {logging_mixin.py:188} INFO - [2025-06-25T22:32:02.231-0400] {dagbag.py:545} INFO - Filling up the DagBag from /opt/anaconda3/envs/airflow_env/lib/python3.10/site-packages/airflow/example_dags/tutorial_taskflow_api_virtualenv.py
[2025-06-25T22:32:02.247-0400] {processor.py:840} INFO - DAG(s) 'tutorial_taskflow_api_virtualenv' retrieved from /opt/anaconda3/envs/airflow_env/lib/python3.10/site-packages/airflow/example_dags/tutorial_taskflow_api_virtualenv.py
[2025-06-25T22:32:02.341-0400] {logging_mixin.py:188} INFO - [2025-06-25T22:32:02.340-0400] {dag.py:3096} INFO - Sync 1 DAGs
[2025-06-25T22:32:02.344-0400] {logging_mixin.py:188} INFO - [2025-06-25T22:32:02.344-0400] {dag.py:3954} INFO - Setting next_dagrun for tutorial_taskflow_api_virtualenv to None, run_after=None
[2025-06-25T22:32:02.352-0400] {processor.py:183} INFO - Processing /opt/anaconda3/envs/airflow_env/lib/python3.10/site-packages/airflow/example_dags/tutorial_taskflow_api_virtualenv.py took 0.123 seconds
