[2025-06-25T17:56:22.949-0400] {processor.py:161} INFO - Started process (PID=34208) to work on /opt/anaconda3/envs/airflow_env/lib/python3.10/site-packages/airflow/example_dags/plugins/listener_plugin.py
[2025-06-25T17:56:22.949-0400] {processor.py:830} INFO - Processing file /opt/anaconda3/envs/airflow_env/lib/python3.10/site-packages/airflow/example_dags/plugins/listener_plugin.py for tasks to queue
[2025-06-25T17:56:22.950-0400] {logging_mixin.py:188} INFO - [2025-06-25T17:56:22.949-0400] {dagbag.py:545} INFO - Filling up the DagBag from /opt/anaconda3/envs/airflow_env/lib/python3.10/site-packages/airflow/example_dags/plugins/listener_plugin.py
[2025-06-25T17:56:22.950-0400] {processor.py:842} WARNING - No viable dags retrieved from /opt/anaconda3/envs/airflow_env/lib/python3.10/site-packages/airflow/example_dags/plugins/listener_plugin.py
[2025-06-25T17:56:22.978-0400] {processor.py:183} INFO - Processing /opt/anaconda3/envs/airflow_env/lib/python3.10/site-packages/airflow/example_dags/plugins/listener_plugin.py took 0.031 seconds
[2025-06-25T17:57:50.533-0400] {processor.py:161} INFO - Started process (PID=34299) to work on /opt/anaconda3/envs/airflow_env/lib/python3.10/site-packages/airflow/example_dags/plugins/listener_plugin.py
[2025-06-25T17:57:50.533-0400] {processor.py:830} INFO - Processing file /opt/anaconda3/envs/airflow_env/lib/python3.10/site-packages/airflow/example_dags/plugins/listener_plugin.py for tasks to queue
[2025-06-25T17:57:50.534-0400] {logging_mixin.py:188} INFO - [2025-06-25T17:57:50.534-0400] {dagbag.py:545} INFO - Filling up the DagBag from /opt/anaconda3/envs/airflow_env/lib/python3.10/site-packages/airflow/example_dags/plugins/listener_plugin.py
[2025-06-25T17:57:50.534-0400] {processor.py:842} WARNING - No viable dags retrieved from /opt/anaconda3/envs/airflow_env/lib/python3.10/site-packages/airflow/example_dags/plugins/listener_plugin.py
[2025-06-25T17:57:50.564-0400] {processor.py:183} INFO - Processing /opt/anaconda3/envs/airflow_env/lib/python3.10/site-packages/airflow/example_dags/plugins/listener_plugin.py took 0.032 seconds
[2025-06-25T17:58:44.094-0400] {processor.py:161} INFO - Started process (PID=34965) to work on /opt/anaconda3/envs/airflow_env/lib/python3.10/site-packages/airflow/example_dags/plugins/listener_plugin.py
[2025-06-25T17:58:44.096-0400] {processor.py:830} INFO - Processing file /opt/anaconda3/envs/airflow_env/lib/python3.10/site-packages/airflow/example_dags/plugins/listener_plugin.py for tasks to queue
[2025-06-25T17:58:44.096-0400] {logging_mixin.py:188} INFO - [2025-06-25T17:58:44.096-0400] {dagbag.py:545} INFO - Filling up the DagBag from /opt/anaconda3/envs/airflow_env/lib/python3.10/site-packages/airflow/example_dags/plugins/listener_plugin.py
[2025-06-25T17:58:44.097-0400] {processor.py:842} WARNING - No viable dags retrieved from /opt/anaconda3/envs/airflow_env/lib/python3.10/site-packages/airflow/example_dags/plugins/listener_plugin.py
[2025-06-25T17:58:44.124-0400] {processor.py:183} INFO - Processing /opt/anaconda3/envs/airflow_env/lib/python3.10/site-packages/airflow/example_dags/plugins/listener_plugin.py took 0.031 seconds
[2025-06-25T17:59:29.492-0400] {processor.py:161} INFO - Started process (PID=35651) to work on /opt/anaconda3/envs/airflow_env/lib/python3.10/site-packages/airflow/example_dags/plugins/listener_plugin.py
[2025-06-25T17:59:29.492-0400] {processor.py:830} INFO - Processing file /opt/anaconda3/envs/airflow_env/lib/python3.10/site-packages/airflow/example_dags/plugins/listener_plugin.py for tasks to queue
[2025-06-25T17:59:29.493-0400] {logging_mixin.py:188} INFO - [2025-06-25T17:59:29.493-0400] {dagbag.py:545} INFO - Filling up the DagBag from /opt/anaconda3/envs/airflow_env/lib/python3.10/site-packages/airflow/example_dags/plugins/listener_plugin.py
[2025-06-25T17:59:29.493-0400] {processor.py:842} WARNING - No viable dags retrieved from /opt/anaconda3/envs/airflow_env/lib/python3.10/site-packages/airflow/example_dags/plugins/listener_plugin.py
[2025-06-25T17:59:29.522-0400] {processor.py:183} INFO - Processing /opt/anaconda3/envs/airflow_env/lib/python3.10/site-packages/airflow/example_dags/plugins/listener_plugin.py took 0.031 seconds
[2025-06-25T18:00:16.031-0400] {processor.py:161} INFO - Started process (PID=35907) to work on /opt/anaconda3/envs/airflow_env/lib/python3.10/site-packages/airflow/example_dags/plugins/listener_plugin.py
[2025-06-25T18:00:16.031-0400] {processor.py:830} INFO - Processing file /opt/anaconda3/envs/airflow_env/lib/python3.10/site-packages/airflow/example_dags/plugins/listener_plugin.py for tasks to queue
[2025-06-25T18:00:16.032-0400] {logging_mixin.py:188} INFO - [2025-06-25T18:00:16.032-0400] {dagbag.py:545} INFO - Filling up the DagBag from /opt/anaconda3/envs/airflow_env/lib/python3.10/site-packages/airflow/example_dags/plugins/listener_plugin.py
[2025-06-25T18:00:16.032-0400] {processor.py:842} WARNING - No viable dags retrieved from /opt/anaconda3/envs/airflow_env/lib/python3.10/site-packages/airflow/example_dags/plugins/listener_plugin.py
[2025-06-25T18:00:16.060-0400] {processor.py:183} INFO - Processing /opt/anaconda3/envs/airflow_env/lib/python3.10/site-packages/airflow/example_dags/plugins/listener_plugin.py took 0.030 seconds
[2025-06-25T18:01:15.444-0400] {processor.py:161} INFO - Started process (PID=36342) to work on /opt/anaconda3/envs/airflow_env/lib/python3.10/site-packages/airflow/example_dags/plugins/listener_plugin.py
[2025-06-25T18:01:15.444-0400] {processor.py:830} INFO - Processing file /opt/anaconda3/envs/airflow_env/lib/python3.10/site-packages/airflow/example_dags/plugins/listener_plugin.py for tasks to queue
[2025-06-25T18:01:15.445-0400] {logging_mixin.py:188} INFO - [2025-06-25T18:01:15.445-0400] {dagbag.py:545} INFO - Filling up the DagBag from /opt/anaconda3/envs/airflow_env/lib/python3.10/site-packages/airflow/example_dags/plugins/listener_plugin.py
[2025-06-25T18:01:15.446-0400] {processor.py:842} WARNING - No viable dags retrieved from /opt/anaconda3/envs/airflow_env/lib/python3.10/site-packages/airflow/example_dags/plugins/listener_plugin.py
[2025-06-25T18:01:15.476-0400] {processor.py:183} INFO - Processing /opt/anaconda3/envs/airflow_env/lib/python3.10/site-packages/airflow/example_dags/plugins/listener_plugin.py took 0.034 seconds
[2025-06-25T18:02:32.878-0400] {processor.py:161} INFO - Started process (PID=37127) to work on /opt/anaconda3/envs/airflow_env/lib/python3.10/site-packages/airflow/example_dags/plugins/listener_plugin.py
[2025-06-25T18:02:32.878-0400] {processor.py:830} INFO - Processing file /opt/anaconda3/envs/airflow_env/lib/python3.10/site-packages/airflow/example_dags/plugins/listener_plugin.py for tasks to queue
[2025-06-25T18:02:32.879-0400] {logging_mixin.py:188} INFO - [2025-06-25T18:02:32.879-0400] {dagbag.py:545} INFO - Filling up the DagBag from /opt/anaconda3/envs/airflow_env/lib/python3.10/site-packages/airflow/example_dags/plugins/listener_plugin.py
[2025-06-25T18:02:32.879-0400] {processor.py:842} WARNING - No viable dags retrieved from /opt/anaconda3/envs/airflow_env/lib/python3.10/site-packages/airflow/example_dags/plugins/listener_plugin.py
[2025-06-25T18:02:32.906-0400] {processor.py:183} INFO - Processing /opt/anaconda3/envs/airflow_env/lib/python3.10/site-packages/airflow/example_dags/plugins/listener_plugin.py took 0.029 seconds
[2025-06-25T18:03:24.990-0400] {processor.py:161} INFO - Started process (PID=37268) to work on /opt/anaconda3/envs/airflow_env/lib/python3.10/site-packages/airflow/example_dags/plugins/listener_plugin.py
[2025-06-25T18:03:24.991-0400] {processor.py:830} INFO - Processing file /opt/anaconda3/envs/airflow_env/lib/python3.10/site-packages/airflow/example_dags/plugins/listener_plugin.py for tasks to queue
[2025-06-25T18:03:24.992-0400] {logging_mixin.py:188} INFO - [2025-06-25T18:03:24.991-0400] {dagbag.py:545} INFO - Filling up the DagBag from /opt/anaconda3/envs/airflow_env/lib/python3.10/site-packages/airflow/example_dags/plugins/listener_plugin.py
[2025-06-25T18:03:24.993-0400] {processor.py:842} WARNING - No viable dags retrieved from /opt/anaconda3/envs/airflow_env/lib/python3.10/site-packages/airflow/example_dags/plugins/listener_plugin.py
[2025-06-25T18:03:25.020-0400] {processor.py:183} INFO - Processing /opt/anaconda3/envs/airflow_env/lib/python3.10/site-packages/airflow/example_dags/plugins/listener_plugin.py took 0.031 seconds
[2025-06-25T18:04:14.433-0400] {processor.py:161} INFO - Started process (PID=37311) to work on /opt/anaconda3/envs/airflow_env/lib/python3.10/site-packages/airflow/example_dags/plugins/listener_plugin.py
[2025-06-25T18:04:14.433-0400] {processor.py:830} INFO - Processing file /opt/anaconda3/envs/airflow_env/lib/python3.10/site-packages/airflow/example_dags/plugins/listener_plugin.py for tasks to queue
[2025-06-25T18:04:14.433-0400] {logging_mixin.py:188} INFO - [2025-06-25T18:04:14.433-0400] {dagbag.py:545} INFO - Filling up the DagBag from /opt/anaconda3/envs/airflow_env/lib/python3.10/site-packages/airflow/example_dags/plugins/listener_plugin.py
[2025-06-25T18:04:14.434-0400] {processor.py:842} WARNING - No viable dags retrieved from /opt/anaconda3/envs/airflow_env/lib/python3.10/site-packages/airflow/example_dags/plugins/listener_plugin.py
[2025-06-25T18:04:14.461-0400] {processor.py:183} INFO - Processing /opt/anaconda3/envs/airflow_env/lib/python3.10/site-packages/airflow/example_dags/plugins/listener_plugin.py took 0.030 seconds
[2025-06-25T18:04:58.268-0400] {processor.py:161} INFO - Started process (PID=37668) to work on /opt/anaconda3/envs/airflow_env/lib/python3.10/site-packages/airflow/example_dags/plugins/listener_plugin.py
[2025-06-25T18:04:58.270-0400] {processor.py:830} INFO - Processing file /opt/anaconda3/envs/airflow_env/lib/python3.10/site-packages/airflow/example_dags/plugins/listener_plugin.py for tasks to queue
[2025-06-25T18:04:58.270-0400] {logging_mixin.py:188} INFO - [2025-06-25T18:04:58.270-0400] {dagbag.py:545} INFO - Filling up the DagBag from /opt/anaconda3/envs/airflow_env/lib/python3.10/site-packages/airflow/example_dags/plugins/listener_plugin.py
[2025-06-25T18:04:58.271-0400] {processor.py:842} WARNING - No viable dags retrieved from /opt/anaconda3/envs/airflow_env/lib/python3.10/site-packages/airflow/example_dags/plugins/listener_plugin.py
[2025-06-25T18:04:58.298-0400] {processor.py:183} INFO - Processing /opt/anaconda3/envs/airflow_env/lib/python3.10/site-packages/airflow/example_dags/plugins/listener_plugin.py took 0.031 seconds
[2025-06-25T18:13:04.191-0400] {processor.py:161} INFO - Started process (PID=38032) to work on /opt/anaconda3/envs/airflow_env/lib/python3.10/site-packages/airflow/example_dags/plugins/listener_plugin.py
[2025-06-25T18:13:04.192-0400] {processor.py:830} INFO - Processing file /opt/anaconda3/envs/airflow_env/lib/python3.10/site-packages/airflow/example_dags/plugins/listener_plugin.py for tasks to queue
[2025-06-25T18:13:04.192-0400] {logging_mixin.py:188} INFO - [2025-06-25T18:13:04.192-0400] {dagbag.py:545} INFO - Filling up the DagBag from /opt/anaconda3/envs/airflow_env/lib/python3.10/site-packages/airflow/example_dags/plugins/listener_plugin.py
[2025-06-25T18:13:04.193-0400] {processor.py:842} WARNING - No viable dags retrieved from /opt/anaconda3/envs/airflow_env/lib/python3.10/site-packages/airflow/example_dags/plugins/listener_plugin.py
[2025-06-25T18:13:04.220-0400] {processor.py:183} INFO - Processing /opt/anaconda3/envs/airflow_env/lib/python3.10/site-packages/airflow/example_dags/plugins/listener_plugin.py took 0.030 seconds
[2025-06-25T18:14:17.813-0400] {processor.py:161} INFO - Started process (PID=38142) to work on /opt/anaconda3/envs/airflow_env/lib/python3.10/site-packages/airflow/example_dags/plugins/listener_plugin.py
[2025-06-25T18:14:17.813-0400] {processor.py:830} INFO - Processing file /opt/anaconda3/envs/airflow_env/lib/python3.10/site-packages/airflow/example_dags/plugins/listener_plugin.py for tasks to queue
[2025-06-25T18:14:17.814-0400] {logging_mixin.py:188} INFO - [2025-06-25T18:14:17.813-0400] {dagbag.py:545} INFO - Filling up the DagBag from /opt/anaconda3/envs/airflow_env/lib/python3.10/site-packages/airflow/example_dags/plugins/listener_plugin.py
[2025-06-25T18:14:17.814-0400] {processor.py:842} WARNING - No viable dags retrieved from /opt/anaconda3/envs/airflow_env/lib/python3.10/site-packages/airflow/example_dags/plugins/listener_plugin.py
[2025-06-25T18:14:17.841-0400] {processor.py:183} INFO - Processing /opt/anaconda3/envs/airflow_env/lib/python3.10/site-packages/airflow/example_dags/plugins/listener_plugin.py took 0.029 seconds
[2025-06-25T18:14:42.212-0400] {processor.py:161} INFO - Started process (PID=38204) to work on /opt/anaconda3/envs/airflow_env/lib/python3.10/site-packages/airflow/example_dags/plugins/listener_plugin.py
[2025-06-25T18:14:42.212-0400] {processor.py:830} INFO - Processing file /opt/anaconda3/envs/airflow_env/lib/python3.10/site-packages/airflow/example_dags/plugins/listener_plugin.py for tasks to queue
[2025-06-25T18:14:42.212-0400] {logging_mixin.py:188} INFO - [2025-06-25T18:14:42.212-0400] {dagbag.py:545} INFO - Filling up the DagBag from /opt/anaconda3/envs/airflow_env/lib/python3.10/site-packages/airflow/example_dags/plugins/listener_plugin.py
[2025-06-25T18:14:42.213-0400] {processor.py:842} WARNING - No viable dags retrieved from /opt/anaconda3/envs/airflow_env/lib/python3.10/site-packages/airflow/example_dags/plugins/listener_plugin.py
[2025-06-25T18:14:42.241-0400] {processor.py:183} INFO - Processing /opt/anaconda3/envs/airflow_env/lib/python3.10/site-packages/airflow/example_dags/plugins/listener_plugin.py took 0.031 seconds
[2025-06-25T18:15:08.069-0400] {processor.py:161} INFO - Started process (PID=38263) to work on /opt/anaconda3/envs/airflow_env/lib/python3.10/site-packages/airflow/example_dags/plugins/listener_plugin.py
[2025-06-25T18:15:08.070-0400] {processor.py:830} INFO - Processing file /opt/anaconda3/envs/airflow_env/lib/python3.10/site-packages/airflow/example_dags/plugins/listener_plugin.py for tasks to queue
[2025-06-25T18:15:08.070-0400] {logging_mixin.py:188} INFO - [2025-06-25T18:15:08.070-0400] {dagbag.py:545} INFO - Filling up the DagBag from /opt/anaconda3/envs/airflow_env/lib/python3.10/site-packages/airflow/example_dags/plugins/listener_plugin.py
[2025-06-25T18:15:08.070-0400] {processor.py:842} WARNING - No viable dags retrieved from /opt/anaconda3/envs/airflow_env/lib/python3.10/site-packages/airflow/example_dags/plugins/listener_plugin.py
[2025-06-25T18:15:08.098-0400] {processor.py:183} INFO - Processing /opt/anaconda3/envs/airflow_env/lib/python3.10/site-packages/airflow/example_dags/plugins/listener_plugin.py took 0.030 seconds
[2025-06-25T18:15:54.808-0400] {processor.py:161} INFO - Started process (PID=38354) to work on /opt/anaconda3/envs/airflow_env/lib/python3.10/site-packages/airflow/example_dags/plugins/listener_plugin.py
[2025-06-25T18:15:54.808-0400] {processor.py:830} INFO - Processing file /opt/anaconda3/envs/airflow_env/lib/python3.10/site-packages/airflow/example_dags/plugins/listener_plugin.py for tasks to queue
[2025-06-25T18:15:54.808-0400] {logging_mixin.py:188} INFO - [2025-06-25T18:15:54.808-0400] {dagbag.py:545} INFO - Filling up the DagBag from /opt/anaconda3/envs/airflow_env/lib/python3.10/site-packages/airflow/example_dags/plugins/listener_plugin.py
[2025-06-25T18:15:54.809-0400] {processor.py:842} WARNING - No viable dags retrieved from /opt/anaconda3/envs/airflow_env/lib/python3.10/site-packages/airflow/example_dags/plugins/listener_plugin.py
[2025-06-25T18:15:54.838-0400] {processor.py:183} INFO - Processing /opt/anaconda3/envs/airflow_env/lib/python3.10/site-packages/airflow/example_dags/plugins/listener_plugin.py took 0.032 seconds
[2025-06-25T18:16:01.837-0400] {processor.py:161} INFO - Started process (PID=38368) to work on /opt/anaconda3/envs/airflow_env/lib/python3.10/site-packages/airflow/example_dags/plugins/listener_plugin.py
[2025-06-25T18:16:01.837-0400] {processor.py:830} INFO - Processing file /opt/anaconda3/envs/airflow_env/lib/python3.10/site-packages/airflow/example_dags/plugins/listener_plugin.py for tasks to queue
[2025-06-25T18:16:01.837-0400] {logging_mixin.py:188} INFO - [2025-06-25T18:16:01.837-0400] {dagbag.py:545} INFO - Filling up the DagBag from /opt/anaconda3/envs/airflow_env/lib/python3.10/site-packages/airflow/example_dags/plugins/listener_plugin.py
[2025-06-25T18:16:01.838-0400] {processor.py:842} WARNING - No viable dags retrieved from /opt/anaconda3/envs/airflow_env/lib/python3.10/site-packages/airflow/example_dags/plugins/listener_plugin.py
[2025-06-25T18:16:01.867-0400] {processor.py:183} INFO - Processing /opt/anaconda3/envs/airflow_env/lib/python3.10/site-packages/airflow/example_dags/plugins/listener_plugin.py took 0.033 seconds
[2025-06-25T18:16:47.655-0400] {processor.py:161} INFO - Started process (PID=38436) to work on /opt/anaconda3/envs/airflow_env/lib/python3.10/site-packages/airflow/example_dags/plugins/listener_plugin.py
[2025-06-25T18:16:47.655-0400] {processor.py:830} INFO - Processing file /opt/anaconda3/envs/airflow_env/lib/python3.10/site-packages/airflow/example_dags/plugins/listener_plugin.py for tasks to queue
[2025-06-25T18:16:47.656-0400] {logging_mixin.py:188} INFO - [2025-06-25T18:16:47.655-0400] {dagbag.py:545} INFO - Filling up the DagBag from /opt/anaconda3/envs/airflow_env/lib/python3.10/site-packages/airflow/example_dags/plugins/listener_plugin.py
[2025-06-25T18:16:47.656-0400] {processor.py:842} WARNING - No viable dags retrieved from /opt/anaconda3/envs/airflow_env/lib/python3.10/site-packages/airflow/example_dags/plugins/listener_plugin.py
[2025-06-25T18:16:47.688-0400] {processor.py:183} INFO - Processing /opt/anaconda3/envs/airflow_env/lib/python3.10/site-packages/airflow/example_dags/plugins/listener_plugin.py took 0.035 seconds
[2025-06-25T18:16:52.786-0400] {processor.py:161} INFO - Started process (PID=38443) to work on /opt/anaconda3/envs/airflow_env/lib/python3.10/site-packages/airflow/example_dags/plugins/listener_plugin.py
[2025-06-25T18:16:52.786-0400] {processor.py:830} INFO - Processing file /opt/anaconda3/envs/airflow_env/lib/python3.10/site-packages/airflow/example_dags/plugins/listener_plugin.py for tasks to queue
[2025-06-25T18:16:52.786-0400] {logging_mixin.py:188} INFO - [2025-06-25T18:16:52.786-0400] {dagbag.py:545} INFO - Filling up the DagBag from /opt/anaconda3/envs/airflow_env/lib/python3.10/site-packages/airflow/example_dags/plugins/listener_plugin.py
[2025-06-25T18:16:52.787-0400] {processor.py:842} WARNING - No viable dags retrieved from /opt/anaconda3/envs/airflow_env/lib/python3.10/site-packages/airflow/example_dags/plugins/listener_plugin.py
[2025-06-25T18:16:52.818-0400] {processor.py:183} INFO - Processing /opt/anaconda3/envs/airflow_env/lib/python3.10/site-packages/airflow/example_dags/plugins/listener_plugin.py took 0.035 seconds
[2025-06-25T18:17:40.080-0400] {processor.py:161} INFO - Started process (PID=38537) to work on /opt/anaconda3/envs/airflow_env/lib/python3.10/site-packages/airflow/example_dags/plugins/listener_plugin.py
[2025-06-25T18:17:40.080-0400] {processor.py:830} INFO - Processing file /opt/anaconda3/envs/airflow_env/lib/python3.10/site-packages/airflow/example_dags/plugins/listener_plugin.py for tasks to queue
[2025-06-25T18:17:40.081-0400] {logging_mixin.py:188} INFO - [2025-06-25T18:17:40.081-0400] {dagbag.py:545} INFO - Filling up the DagBag from /opt/anaconda3/envs/airflow_env/lib/python3.10/site-packages/airflow/example_dags/plugins/listener_plugin.py
[2025-06-25T18:17:40.081-0400] {processor.py:842} WARNING - No viable dags retrieved from /opt/anaconda3/envs/airflow_env/lib/python3.10/site-packages/airflow/example_dags/plugins/listener_plugin.py
[2025-06-25T18:17:40.108-0400] {processor.py:183} INFO - Processing /opt/anaconda3/envs/airflow_env/lib/python3.10/site-packages/airflow/example_dags/plugins/listener_plugin.py took 0.030 seconds
[2025-06-25T18:17:44.253-0400] {processor.py:161} INFO - Started process (PID=38543) to work on /opt/anaconda3/envs/airflow_env/lib/python3.10/site-packages/airflow/example_dags/plugins/listener_plugin.py
[2025-06-25T18:17:44.254-0400] {processor.py:830} INFO - Processing file /opt/anaconda3/envs/airflow_env/lib/python3.10/site-packages/airflow/example_dags/plugins/listener_plugin.py for tasks to queue
[2025-06-25T18:17:44.254-0400] {logging_mixin.py:188} INFO - [2025-06-25T18:17:44.254-0400] {dagbag.py:545} INFO - Filling up the DagBag from /opt/anaconda3/envs/airflow_env/lib/python3.10/site-packages/airflow/example_dags/plugins/listener_plugin.py
[2025-06-25T18:17:44.254-0400] {processor.py:842} WARNING - No viable dags retrieved from /opt/anaconda3/envs/airflow_env/lib/python3.10/site-packages/airflow/example_dags/plugins/listener_plugin.py
[2025-06-25T18:17:44.281-0400] {processor.py:183} INFO - Processing /opt/anaconda3/envs/airflow_env/lib/python3.10/site-packages/airflow/example_dags/plugins/listener_plugin.py took 0.029 seconds
[2025-06-25T18:18:28.469-0400] {processor.py:161} INFO - Started process (PID=38754) to work on /opt/anaconda3/envs/airflow_env/lib/python3.10/site-packages/airflow/example_dags/plugins/listener_plugin.py
[2025-06-25T18:18:28.470-0400] {processor.py:830} INFO - Processing file /opt/anaconda3/envs/airflow_env/lib/python3.10/site-packages/airflow/example_dags/plugins/listener_plugin.py for tasks to queue
[2025-06-25T18:18:28.470-0400] {logging_mixin.py:188} INFO - [2025-06-25T18:18:28.470-0400] {dagbag.py:545} INFO - Filling up the DagBag from /opt/anaconda3/envs/airflow_env/lib/python3.10/site-packages/airflow/example_dags/plugins/listener_plugin.py
[2025-06-25T18:18:28.470-0400] {processor.py:842} WARNING - No viable dags retrieved from /opt/anaconda3/envs/airflow_env/lib/python3.10/site-packages/airflow/example_dags/plugins/listener_plugin.py
[2025-06-25T18:18:28.497-0400] {processor.py:183} INFO - Processing /opt/anaconda3/envs/airflow_env/lib/python3.10/site-packages/airflow/example_dags/plugins/listener_plugin.py took 0.030 seconds
[2025-06-25T18:18:33.918-0400] {processor.py:161} INFO - Started process (PID=38769) to work on /opt/anaconda3/envs/airflow_env/lib/python3.10/site-packages/airflow/example_dags/plugins/listener_plugin.py
[2025-06-25T18:18:33.918-0400] {processor.py:830} INFO - Processing file /opt/anaconda3/envs/airflow_env/lib/python3.10/site-packages/airflow/example_dags/plugins/listener_plugin.py for tasks to queue
[2025-06-25T18:18:33.918-0400] {logging_mixin.py:188} INFO - [2025-06-25T18:18:33.918-0400] {dagbag.py:545} INFO - Filling up the DagBag from /opt/anaconda3/envs/airflow_env/lib/python3.10/site-packages/airflow/example_dags/plugins/listener_plugin.py
[2025-06-25T18:18:33.919-0400] {processor.py:842} WARNING - No viable dags retrieved from /opt/anaconda3/envs/airflow_env/lib/python3.10/site-packages/airflow/example_dags/plugins/listener_plugin.py
[2025-06-25T18:18:33.949-0400] {processor.py:183} INFO - Processing /opt/anaconda3/envs/airflow_env/lib/python3.10/site-packages/airflow/example_dags/plugins/listener_plugin.py took 0.033 seconds
[2025-06-25T18:19:17.244-0400] {processor.py:161} INFO - Started process (PID=38857) to work on /opt/anaconda3/envs/airflow_env/lib/python3.10/site-packages/airflow/example_dags/plugins/listener_plugin.py
[2025-06-25T18:19:17.244-0400] {processor.py:830} INFO - Processing file /opt/anaconda3/envs/airflow_env/lib/python3.10/site-packages/airflow/example_dags/plugins/listener_plugin.py for tasks to queue
[2025-06-25T18:19:17.245-0400] {logging_mixin.py:188} INFO - [2025-06-25T18:19:17.245-0400] {dagbag.py:545} INFO - Filling up the DagBag from /opt/anaconda3/envs/airflow_env/lib/python3.10/site-packages/airflow/example_dags/plugins/listener_plugin.py
[2025-06-25T18:19:17.245-0400] {processor.py:842} WARNING - No viable dags retrieved from /opt/anaconda3/envs/airflow_env/lib/python3.10/site-packages/airflow/example_dags/plugins/listener_plugin.py
[2025-06-25T18:19:17.272-0400] {processor.py:183} INFO - Processing /opt/anaconda3/envs/airflow_env/lib/python3.10/site-packages/airflow/example_dags/plugins/listener_plugin.py took 0.030 seconds
[2025-06-25T18:19:20.793-0400] {processor.py:161} INFO - Started process (PID=38862) to work on /opt/anaconda3/envs/airflow_env/lib/python3.10/site-packages/airflow/example_dags/plugins/listener_plugin.py
[2025-06-25T18:19:20.793-0400] {processor.py:830} INFO - Processing file /opt/anaconda3/envs/airflow_env/lib/python3.10/site-packages/airflow/example_dags/plugins/listener_plugin.py for tasks to queue
[2025-06-25T18:19:20.794-0400] {logging_mixin.py:188} INFO - [2025-06-25T18:19:20.794-0400] {dagbag.py:545} INFO - Filling up the DagBag from /opt/anaconda3/envs/airflow_env/lib/python3.10/site-packages/airflow/example_dags/plugins/listener_plugin.py
[2025-06-25T18:19:20.794-0400] {processor.py:842} WARNING - No viable dags retrieved from /opt/anaconda3/envs/airflow_env/lib/python3.10/site-packages/airflow/example_dags/plugins/listener_plugin.py
[2025-06-25T18:19:20.821-0400] {processor.py:183} INFO - Processing /opt/anaconda3/envs/airflow_env/lib/python3.10/site-packages/airflow/example_dags/plugins/listener_plugin.py took 0.030 seconds
[2025-06-25T18:20:06.056-0400] {processor.py:161} INFO - Started process (PID=38945) to work on /opt/anaconda3/envs/airflow_env/lib/python3.10/site-packages/airflow/example_dags/plugins/listener_plugin.py
[2025-06-25T18:20:06.057-0400] {processor.py:830} INFO - Processing file /opt/anaconda3/envs/airflow_env/lib/python3.10/site-packages/airflow/example_dags/plugins/listener_plugin.py for tasks to queue
[2025-06-25T18:20:06.057-0400] {logging_mixin.py:188} INFO - [2025-06-25T18:20:06.057-0400] {dagbag.py:545} INFO - Filling up the DagBag from /opt/anaconda3/envs/airflow_env/lib/python3.10/site-packages/airflow/example_dags/plugins/listener_plugin.py
[2025-06-25T18:20:06.058-0400] {processor.py:842} WARNING - No viable dags retrieved from /opt/anaconda3/envs/airflow_env/lib/python3.10/site-packages/airflow/example_dags/plugins/listener_plugin.py
[2025-06-25T18:20:06.084-0400] {processor.py:183} INFO - Processing /opt/anaconda3/envs/airflow_env/lib/python3.10/site-packages/airflow/example_dags/plugins/listener_plugin.py took 0.029 seconds
[2025-06-25T18:20:07.068-0400] {processor.py:161} INFO - Started process (PID=38949) to work on /opt/anaconda3/envs/airflow_env/lib/python3.10/site-packages/airflow/example_dags/plugins/listener_plugin.py
[2025-06-25T18:20:07.068-0400] {processor.py:830} INFO - Processing file /opt/anaconda3/envs/airflow_env/lib/python3.10/site-packages/airflow/example_dags/plugins/listener_plugin.py for tasks to queue
[2025-06-25T18:20:07.068-0400] {logging_mixin.py:188} INFO - [2025-06-25T18:20:07.068-0400] {dagbag.py:545} INFO - Filling up the DagBag from /opt/anaconda3/envs/airflow_env/lib/python3.10/site-packages/airflow/example_dags/plugins/listener_plugin.py
[2025-06-25T18:20:07.069-0400] {processor.py:842} WARNING - No viable dags retrieved from /opt/anaconda3/envs/airflow_env/lib/python3.10/site-packages/airflow/example_dags/plugins/listener_plugin.py
[2025-06-25T18:20:07.096-0400] {processor.py:183} INFO - Processing /opt/anaconda3/envs/airflow_env/lib/python3.10/site-packages/airflow/example_dags/plugins/listener_plugin.py took 0.030 seconds
[2025-06-25T18:20:52.580-0400] {processor.py:161} INFO - Started process (PID=39048) to work on /opt/anaconda3/envs/airflow_env/lib/python3.10/site-packages/airflow/example_dags/plugins/listener_plugin.py
[2025-06-25T18:20:52.580-0400] {processor.py:830} INFO - Processing file /opt/anaconda3/envs/airflow_env/lib/python3.10/site-packages/airflow/example_dags/plugins/listener_plugin.py for tasks to queue
[2025-06-25T18:20:52.580-0400] {logging_mixin.py:188} INFO - [2025-06-25T18:20:52.580-0400] {dagbag.py:545} INFO - Filling up the DagBag from /opt/anaconda3/envs/airflow_env/lib/python3.10/site-packages/airflow/example_dags/plugins/listener_plugin.py
[2025-06-25T18:20:52.581-0400] {processor.py:842} WARNING - No viable dags retrieved from /opt/anaconda3/envs/airflow_env/lib/python3.10/site-packages/airflow/example_dags/plugins/listener_plugin.py
[2025-06-25T18:20:52.607-0400] {processor.py:183} INFO - Processing /opt/anaconda3/envs/airflow_env/lib/python3.10/site-packages/airflow/example_dags/plugins/listener_plugin.py took 0.029 seconds
[2025-06-25T18:20:55.787-0400] {processor.py:161} INFO - Started process (PID=39053) to work on /opt/anaconda3/envs/airflow_env/lib/python3.10/site-packages/airflow/example_dags/plugins/listener_plugin.py
[2025-06-25T18:20:55.787-0400] {processor.py:830} INFO - Processing file /opt/anaconda3/envs/airflow_env/lib/python3.10/site-packages/airflow/example_dags/plugins/listener_plugin.py for tasks to queue
[2025-06-25T18:20:55.787-0400] {logging_mixin.py:188} INFO - [2025-06-25T18:20:55.787-0400] {dagbag.py:545} INFO - Filling up the DagBag from /opt/anaconda3/envs/airflow_env/lib/python3.10/site-packages/airflow/example_dags/plugins/listener_plugin.py
[2025-06-25T18:20:55.788-0400] {processor.py:842} WARNING - No viable dags retrieved from /opt/anaconda3/envs/airflow_env/lib/python3.10/site-packages/airflow/example_dags/plugins/listener_plugin.py
[2025-06-25T18:20:55.818-0400] {processor.py:183} INFO - Processing /opt/anaconda3/envs/airflow_env/lib/python3.10/site-packages/airflow/example_dags/plugins/listener_plugin.py took 0.033 seconds
[2025-06-25T18:21:40.754-0400] {processor.py:161} INFO - Started process (PID=39123) to work on /opt/anaconda3/envs/airflow_env/lib/python3.10/site-packages/airflow/example_dags/plugins/listener_plugin.py
[2025-06-25T18:21:40.755-0400] {processor.py:830} INFO - Processing file /opt/anaconda3/envs/airflow_env/lib/python3.10/site-packages/airflow/example_dags/plugins/listener_plugin.py for tasks to queue
[2025-06-25T18:21:40.755-0400] {logging_mixin.py:188} INFO - [2025-06-25T18:21:40.755-0400] {dagbag.py:545} INFO - Filling up the DagBag from /opt/anaconda3/envs/airflow_env/lib/python3.10/site-packages/airflow/example_dags/plugins/listener_plugin.py
[2025-06-25T18:21:40.755-0400] {processor.py:842} WARNING - No viable dags retrieved from /opt/anaconda3/envs/airflow_env/lib/python3.10/site-packages/airflow/example_dags/plugins/listener_plugin.py
[2025-06-25T18:21:40.783-0400] {processor.py:183} INFO - Processing /opt/anaconda3/envs/airflow_env/lib/python3.10/site-packages/airflow/example_dags/plugins/listener_plugin.py took 0.031 seconds
[2025-06-25T18:21:46.573-0400] {processor.py:161} INFO - Started process (PID=39132) to work on /opt/anaconda3/envs/airflow_env/lib/python3.10/site-packages/airflow/example_dags/plugins/listener_plugin.py
[2025-06-25T18:21:46.573-0400] {processor.py:830} INFO - Processing file /opt/anaconda3/envs/airflow_env/lib/python3.10/site-packages/airflow/example_dags/plugins/listener_plugin.py for tasks to queue
[2025-06-25T18:21:46.574-0400] {logging_mixin.py:188} INFO - [2025-06-25T18:21:46.573-0400] {dagbag.py:545} INFO - Filling up the DagBag from /opt/anaconda3/envs/airflow_env/lib/python3.10/site-packages/airflow/example_dags/plugins/listener_plugin.py
[2025-06-25T18:21:46.574-0400] {processor.py:842} WARNING - No viable dags retrieved from /opt/anaconda3/envs/airflow_env/lib/python3.10/site-packages/airflow/example_dags/plugins/listener_plugin.py
[2025-06-25T18:21:46.601-0400] {processor.py:183} INFO - Processing /opt/anaconda3/envs/airflow_env/lib/python3.10/site-packages/airflow/example_dags/plugins/listener_plugin.py took 0.030 seconds
[2025-06-25T18:22:28.047-0400] {processor.py:161} INFO - Started process (PID=39189) to work on /opt/anaconda3/envs/airflow_env/lib/python3.10/site-packages/airflow/example_dags/plugins/listener_plugin.py
[2025-06-25T18:22:28.047-0400] {processor.py:830} INFO - Processing file /opt/anaconda3/envs/airflow_env/lib/python3.10/site-packages/airflow/example_dags/plugins/listener_plugin.py for tasks to queue
[2025-06-25T18:22:28.047-0400] {logging_mixin.py:188} INFO - [2025-06-25T18:22:28.047-0400] {dagbag.py:545} INFO - Filling up the DagBag from /opt/anaconda3/envs/airflow_env/lib/python3.10/site-packages/airflow/example_dags/plugins/listener_plugin.py
[2025-06-25T18:22:28.048-0400] {processor.py:842} WARNING - No viable dags retrieved from /opt/anaconda3/envs/airflow_env/lib/python3.10/site-packages/airflow/example_dags/plugins/listener_plugin.py
[2025-06-25T18:22:28.075-0400] {processor.py:183} INFO - Processing /opt/anaconda3/envs/airflow_env/lib/python3.10/site-packages/airflow/example_dags/plugins/listener_plugin.py took 0.029 seconds
[2025-06-25T18:22:34.831-0400] {processor.py:161} INFO - Started process (PID=39212) to work on /opt/anaconda3/envs/airflow_env/lib/python3.10/site-packages/airflow/example_dags/plugins/listener_plugin.py
[2025-06-25T18:22:34.831-0400] {processor.py:830} INFO - Processing file /opt/anaconda3/envs/airflow_env/lib/python3.10/site-packages/airflow/example_dags/plugins/listener_plugin.py for tasks to queue
[2025-06-25T18:22:34.831-0400] {logging_mixin.py:188} INFO - [2025-06-25T18:22:34.831-0400] {dagbag.py:545} INFO - Filling up the DagBag from /opt/anaconda3/envs/airflow_env/lib/python3.10/site-packages/airflow/example_dags/plugins/listener_plugin.py
[2025-06-25T18:22:34.832-0400] {processor.py:842} WARNING - No viable dags retrieved from /opt/anaconda3/envs/airflow_env/lib/python3.10/site-packages/airflow/example_dags/plugins/listener_plugin.py
[2025-06-25T18:22:34.860-0400] {processor.py:183} INFO - Processing /opt/anaconda3/envs/airflow_env/lib/python3.10/site-packages/airflow/example_dags/plugins/listener_plugin.py took 0.030 seconds
[2025-06-25T18:23:15.047-0400] {processor.py:161} INFO - Started process (PID=39314) to work on /opt/anaconda3/envs/airflow_env/lib/python3.10/site-packages/airflow/example_dags/plugins/listener_plugin.py
[2025-06-25T18:23:15.047-0400] {processor.py:830} INFO - Processing file /opt/anaconda3/envs/airflow_env/lib/python3.10/site-packages/airflow/example_dags/plugins/listener_plugin.py for tasks to queue
[2025-06-25T18:23:15.048-0400] {logging_mixin.py:188} INFO - [2025-06-25T18:23:15.048-0400] {dagbag.py:545} INFO - Filling up the DagBag from /opt/anaconda3/envs/airflow_env/lib/python3.10/site-packages/airflow/example_dags/plugins/listener_plugin.py
[2025-06-25T18:23:15.048-0400] {processor.py:842} WARNING - No viable dags retrieved from /opt/anaconda3/envs/airflow_env/lib/python3.10/site-packages/airflow/example_dags/plugins/listener_plugin.py
[2025-06-25T18:23:15.077-0400] {processor.py:183} INFO - Processing /opt/anaconda3/envs/airflow_env/lib/python3.10/site-packages/airflow/example_dags/plugins/listener_plugin.py took 0.031 seconds
[2025-06-25T18:23:20.889-0400] {processor.py:161} INFO - Started process (PID=39324) to work on /opt/anaconda3/envs/airflow_env/lib/python3.10/site-packages/airflow/example_dags/plugins/listener_plugin.py
[2025-06-25T18:23:20.890-0400] {processor.py:830} INFO - Processing file /opt/anaconda3/envs/airflow_env/lib/python3.10/site-packages/airflow/example_dags/plugins/listener_plugin.py for tasks to queue
[2025-06-25T18:23:20.890-0400] {logging_mixin.py:188} INFO - [2025-06-25T18:23:20.890-0400] {dagbag.py:545} INFO - Filling up the DagBag from /opt/anaconda3/envs/airflow_env/lib/python3.10/site-packages/airflow/example_dags/plugins/listener_plugin.py
[2025-06-25T18:23:20.890-0400] {processor.py:842} WARNING - No viable dags retrieved from /opt/anaconda3/envs/airflow_env/lib/python3.10/site-packages/airflow/example_dags/plugins/listener_plugin.py
[2025-06-25T18:23:20.917-0400] {processor.py:183} INFO - Processing /opt/anaconda3/envs/airflow_env/lib/python3.10/site-packages/airflow/example_dags/plugins/listener_plugin.py took 0.029 seconds
[2025-06-25T18:24:02.067-0400] {processor.py:161} INFO - Started process (PID=39825) to work on /opt/anaconda3/envs/airflow_env/lib/python3.10/site-packages/airflow/example_dags/plugins/listener_plugin.py
[2025-06-25T18:24:02.067-0400] {processor.py:830} INFO - Processing file /opt/anaconda3/envs/airflow_env/lib/python3.10/site-packages/airflow/example_dags/plugins/listener_plugin.py for tasks to queue
[2025-06-25T18:24:02.068-0400] {logging_mixin.py:188} INFO - [2025-06-25T18:24:02.067-0400] {dagbag.py:545} INFO - Filling up the DagBag from /opt/anaconda3/envs/airflow_env/lib/python3.10/site-packages/airflow/example_dags/plugins/listener_plugin.py
[2025-06-25T18:24:02.068-0400] {processor.py:842} WARNING - No viable dags retrieved from /opt/anaconda3/envs/airflow_env/lib/python3.10/site-packages/airflow/example_dags/plugins/listener_plugin.py
[2025-06-25T18:24:02.097-0400] {processor.py:183} INFO - Processing /opt/anaconda3/envs/airflow_env/lib/python3.10/site-packages/airflow/example_dags/plugins/listener_plugin.py took 0.032 seconds
[2025-06-25T18:24:10.554-0400] {processor.py:161} INFO - Started process (PID=40007) to work on /opt/anaconda3/envs/airflow_env/lib/python3.10/site-packages/airflow/example_dags/plugins/listener_plugin.py
[2025-06-25T18:24:10.554-0400] {processor.py:830} INFO - Processing file /opt/anaconda3/envs/airflow_env/lib/python3.10/site-packages/airflow/example_dags/plugins/listener_plugin.py for tasks to queue
[2025-06-25T18:24:10.554-0400] {logging_mixin.py:188} INFO - [2025-06-25T18:24:10.554-0400] {dagbag.py:545} INFO - Filling up the DagBag from /opt/anaconda3/envs/airflow_env/lib/python3.10/site-packages/airflow/example_dags/plugins/listener_plugin.py
[2025-06-25T18:24:10.555-0400] {processor.py:842} WARNING - No viable dags retrieved from /opt/anaconda3/envs/airflow_env/lib/python3.10/site-packages/airflow/example_dags/plugins/listener_plugin.py
[2025-06-25T18:24:10.585-0400] {processor.py:183} INFO - Processing /opt/anaconda3/envs/airflow_env/lib/python3.10/site-packages/airflow/example_dags/plugins/listener_plugin.py took 0.033 seconds
[2025-06-25T18:24:57.296-0400] {processor.py:161} INFO - Started process (PID=40223) to work on /opt/anaconda3/envs/airflow_env/lib/python3.10/site-packages/airflow/example_dags/plugins/listener_plugin.py
[2025-06-25T18:24:57.297-0400] {processor.py:830} INFO - Processing file /opt/anaconda3/envs/airflow_env/lib/python3.10/site-packages/airflow/example_dags/plugins/listener_plugin.py for tasks to queue
[2025-06-25T18:24:57.297-0400] {logging_mixin.py:188} INFO - [2025-06-25T18:24:57.297-0400] {dagbag.py:545} INFO - Filling up the DagBag from /opt/anaconda3/envs/airflow_env/lib/python3.10/site-packages/airflow/example_dags/plugins/listener_plugin.py
[2025-06-25T18:24:57.298-0400] {processor.py:842} WARNING - No viable dags retrieved from /opt/anaconda3/envs/airflow_env/lib/python3.10/site-packages/airflow/example_dags/plugins/listener_plugin.py
[2025-06-25T18:24:57.324-0400] {processor.py:183} INFO - Processing /opt/anaconda3/envs/airflow_env/lib/python3.10/site-packages/airflow/example_dags/plugins/listener_plugin.py took 0.030 seconds
[2025-06-25T18:25:02.754-0400] {processor.py:161} INFO - Started process (PID=40234) to work on /opt/anaconda3/envs/airflow_env/lib/python3.10/site-packages/airflow/example_dags/plugins/listener_plugin.py
[2025-06-25T18:25:02.754-0400] {processor.py:830} INFO - Processing file /opt/anaconda3/envs/airflow_env/lib/python3.10/site-packages/airflow/example_dags/plugins/listener_plugin.py for tasks to queue
[2025-06-25T18:25:02.754-0400] {logging_mixin.py:188} INFO - [2025-06-25T18:25:02.754-0400] {dagbag.py:545} INFO - Filling up the DagBag from /opt/anaconda3/envs/airflow_env/lib/python3.10/site-packages/airflow/example_dags/plugins/listener_plugin.py
[2025-06-25T18:25:02.755-0400] {processor.py:842} WARNING - No viable dags retrieved from /opt/anaconda3/envs/airflow_env/lib/python3.10/site-packages/airflow/example_dags/plugins/listener_plugin.py
[2025-06-25T18:25:02.785-0400] {processor.py:183} INFO - Processing /opt/anaconda3/envs/airflow_env/lib/python3.10/site-packages/airflow/example_dags/plugins/listener_plugin.py took 0.033 seconds
[2025-06-25T18:25:58.218-0400] {processor.py:161} INFO - Started process (PID=40721) to work on /opt/anaconda3/envs/airflow_env/lib/python3.10/site-packages/airflow/example_dags/plugins/listener_plugin.py
[2025-06-25T18:25:58.219-0400] {processor.py:161} INFO - Started process (PID=40720) to work on /opt/anaconda3/envs/airflow_env/lib/python3.10/site-packages/airflow/example_dags/plugins/listener_plugin.py
[2025-06-25T18:25:58.219-0400] {processor.py:830} INFO - Processing file /opt/anaconda3/envs/airflow_env/lib/python3.10/site-packages/airflow/example_dags/plugins/listener_plugin.py for tasks to queue
[2025-06-25T18:25:58.219-0400] {processor.py:830} INFO - Processing file /opt/anaconda3/envs/airflow_env/lib/python3.10/site-packages/airflow/example_dags/plugins/listener_plugin.py for tasks to queue
[2025-06-25T18:25:58.219-0400] {logging_mixin.py:188} INFO - [2025-06-25T18:25:58.219-0400] {dagbag.py:545} INFO - Filling up the DagBag from /opt/anaconda3/envs/airflow_env/lib/python3.10/site-packages/airflow/example_dags/plugins/listener_plugin.py
[2025-06-25T18:25:58.219-0400] {logging_mixin.py:188} INFO - [2025-06-25T18:25:58.219-0400] {dagbag.py:545} INFO - Filling up the DagBag from /opt/anaconda3/envs/airflow_env/lib/python3.10/site-packages/airflow/example_dags/plugins/listener_plugin.py
[2025-06-25T18:25:58.220-0400] {processor.py:842} WARNING - No viable dags retrieved from /opt/anaconda3/envs/airflow_env/lib/python3.10/site-packages/airflow/example_dags/plugins/listener_plugin.py
[2025-06-25T18:25:58.220-0400] {processor.py:842} WARNING - No viable dags retrieved from /opt/anaconda3/envs/airflow_env/lib/python3.10/site-packages/airflow/example_dags/plugins/listener_plugin.py
[2025-06-25T18:25:58.249-0400] {processor.py:183} INFO - Processing /opt/anaconda3/envs/airflow_env/lib/python3.10/site-packages/airflow/example_dags/plugins/listener_plugin.py took 0.032 seconds
[2025-06-25T18:25:58.251-0400] {processor.py:183} INFO - Processing /opt/anaconda3/envs/airflow_env/lib/python3.10/site-packages/airflow/example_dags/plugins/listener_plugin.py took 0.034 seconds
[2025-06-25T18:26:46.988-0400] {processor.py:161} INFO - Started process (PID=40922) to work on /opt/anaconda3/envs/airflow_env/lib/python3.10/site-packages/airflow/example_dags/plugins/listener_plugin.py
[2025-06-25T18:26:46.989-0400] {processor.py:830} INFO - Processing file /opt/anaconda3/envs/airflow_env/lib/python3.10/site-packages/airflow/example_dags/plugins/listener_plugin.py for tasks to queue
[2025-06-25T18:26:46.989-0400] {logging_mixin.py:188} INFO - [2025-06-25T18:26:46.989-0400] {dagbag.py:545} INFO - Filling up the DagBag from /opt/anaconda3/envs/airflow_env/lib/python3.10/site-packages/airflow/example_dags/plugins/listener_plugin.py
[2025-06-25T18:26:46.990-0400] {processor.py:842} WARNING - No viable dags retrieved from /opt/anaconda3/envs/airflow_env/lib/python3.10/site-packages/airflow/example_dags/plugins/listener_plugin.py
[2025-06-25T18:26:47.020-0400] {processor.py:183} INFO - Processing /opt/anaconda3/envs/airflow_env/lib/python3.10/site-packages/airflow/example_dags/plugins/listener_plugin.py took 0.034 seconds
[2025-06-25T18:26:50.456-0400] {processor.py:161} INFO - Started process (PID=40928) to work on /opt/anaconda3/envs/airflow_env/lib/python3.10/site-packages/airflow/example_dags/plugins/listener_plugin.py
[2025-06-25T18:26:50.456-0400] {processor.py:830} INFO - Processing file /opt/anaconda3/envs/airflow_env/lib/python3.10/site-packages/airflow/example_dags/plugins/listener_plugin.py for tasks to queue
[2025-06-25T18:26:50.456-0400] {logging_mixin.py:188} INFO - [2025-06-25T18:26:50.456-0400] {dagbag.py:545} INFO - Filling up the DagBag from /opt/anaconda3/envs/airflow_env/lib/python3.10/site-packages/airflow/example_dags/plugins/listener_plugin.py
[2025-06-25T18:26:50.457-0400] {processor.py:842} WARNING - No viable dags retrieved from /opt/anaconda3/envs/airflow_env/lib/python3.10/site-packages/airflow/example_dags/plugins/listener_plugin.py
[2025-06-25T18:26:50.484-0400] {processor.py:183} INFO - Processing /opt/anaconda3/envs/airflow_env/lib/python3.10/site-packages/airflow/example_dags/plugins/listener_plugin.py took 0.030 seconds
[2025-06-25T18:27:34.694-0400] {processor.py:161} INFO - Started process (PID=41021) to work on /opt/anaconda3/envs/airflow_env/lib/python3.10/site-packages/airflow/example_dags/plugins/listener_plugin.py
[2025-06-25T18:27:34.694-0400] {processor.py:830} INFO - Processing file /opt/anaconda3/envs/airflow_env/lib/python3.10/site-packages/airflow/example_dags/plugins/listener_plugin.py for tasks to queue
[2025-06-25T18:27:34.695-0400] {logging_mixin.py:188} INFO - [2025-06-25T18:27:34.694-0400] {dagbag.py:545} INFO - Filling up the DagBag from /opt/anaconda3/envs/airflow_env/lib/python3.10/site-packages/airflow/example_dags/plugins/listener_plugin.py
[2025-06-25T18:27:34.695-0400] {processor.py:842} WARNING - No viable dags retrieved from /opt/anaconda3/envs/airflow_env/lib/python3.10/site-packages/airflow/example_dags/plugins/listener_plugin.py
[2025-06-25T18:27:34.723-0400] {processor.py:183} INFO - Processing /opt/anaconda3/envs/airflow_env/lib/python3.10/site-packages/airflow/example_dags/plugins/listener_plugin.py took 0.032 seconds
[2025-06-25T18:27:39.229-0400] {processor.py:161} INFO - Started process (PID=41031) to work on /opt/anaconda3/envs/airflow_env/lib/python3.10/site-packages/airflow/example_dags/plugins/listener_plugin.py
[2025-06-25T18:27:39.230-0400] {processor.py:830} INFO - Processing file /opt/anaconda3/envs/airflow_env/lib/python3.10/site-packages/airflow/example_dags/plugins/listener_plugin.py for tasks to queue
[2025-06-25T18:27:39.230-0400] {logging_mixin.py:188} INFO - [2025-06-25T18:27:39.230-0400] {dagbag.py:545} INFO - Filling up the DagBag from /opt/anaconda3/envs/airflow_env/lib/python3.10/site-packages/airflow/example_dags/plugins/listener_plugin.py
[2025-06-25T18:27:39.231-0400] {processor.py:842} WARNING - No viable dags retrieved from /opt/anaconda3/envs/airflow_env/lib/python3.10/site-packages/airflow/example_dags/plugins/listener_plugin.py
[2025-06-25T18:27:39.259-0400] {processor.py:183} INFO - Processing /opt/anaconda3/envs/airflow_env/lib/python3.10/site-packages/airflow/example_dags/plugins/listener_plugin.py took 0.031 seconds
[2025-06-25T18:28:22.998-0400] {processor.py:161} INFO - Started process (PID=41100) to work on /opt/anaconda3/envs/airflow_env/lib/python3.10/site-packages/airflow/example_dags/plugins/listener_plugin.py
[2025-06-25T18:28:22.998-0400] {processor.py:830} INFO - Processing file /opt/anaconda3/envs/airflow_env/lib/python3.10/site-packages/airflow/example_dags/plugins/listener_plugin.py for tasks to queue
[2025-06-25T18:28:22.998-0400] {logging_mixin.py:188} INFO - [2025-06-25T18:28:22.998-0400] {dagbag.py:545} INFO - Filling up the DagBag from /opt/anaconda3/envs/airflow_env/lib/python3.10/site-packages/airflow/example_dags/plugins/listener_plugin.py
[2025-06-25T18:28:22.999-0400] {processor.py:842} WARNING - No viable dags retrieved from /opt/anaconda3/envs/airflow_env/lib/python3.10/site-packages/airflow/example_dags/plugins/listener_plugin.py
[2025-06-25T18:28:23.026-0400] {processor.py:183} INFO - Processing /opt/anaconda3/envs/airflow_env/lib/python3.10/site-packages/airflow/example_dags/plugins/listener_plugin.py took 0.030 seconds
[2025-06-25T18:28:25.637-0400] {processor.py:161} INFO - Started process (PID=41104) to work on /opt/anaconda3/envs/airflow_env/lib/python3.10/site-packages/airflow/example_dags/plugins/listener_plugin.py
[2025-06-25T18:28:25.637-0400] {processor.py:830} INFO - Processing file /opt/anaconda3/envs/airflow_env/lib/python3.10/site-packages/airflow/example_dags/plugins/listener_plugin.py for tasks to queue
[2025-06-25T18:28:25.637-0400] {logging_mixin.py:188} INFO - [2025-06-25T18:28:25.637-0400] {dagbag.py:545} INFO - Filling up the DagBag from /opt/anaconda3/envs/airflow_env/lib/python3.10/site-packages/airflow/example_dags/plugins/listener_plugin.py
[2025-06-25T18:28:25.638-0400] {processor.py:842} WARNING - No viable dags retrieved from /opt/anaconda3/envs/airflow_env/lib/python3.10/site-packages/airflow/example_dags/plugins/listener_plugin.py
[2025-06-25T18:28:25.666-0400] {processor.py:183} INFO - Processing /opt/anaconda3/envs/airflow_env/lib/python3.10/site-packages/airflow/example_dags/plugins/listener_plugin.py took 0.030 seconds
[2025-06-25T18:29:08.395-0400] {processor.py:161} INFO - Started process (PID=41199) to work on /opt/anaconda3/envs/airflow_env/lib/python3.10/site-packages/airflow/example_dags/plugins/listener_plugin.py
[2025-06-25T18:29:08.395-0400] {processor.py:830} INFO - Processing file /opt/anaconda3/envs/airflow_env/lib/python3.10/site-packages/airflow/example_dags/plugins/listener_plugin.py for tasks to queue
[2025-06-25T18:29:08.395-0400] {logging_mixin.py:188} INFO - [2025-06-25T18:29:08.395-0400] {dagbag.py:545} INFO - Filling up the DagBag from /opt/anaconda3/envs/airflow_env/lib/python3.10/site-packages/airflow/example_dags/plugins/listener_plugin.py
[2025-06-25T18:29:08.396-0400] {processor.py:842} WARNING - No viable dags retrieved from /opt/anaconda3/envs/airflow_env/lib/python3.10/site-packages/airflow/example_dags/plugins/listener_plugin.py
[2025-06-25T18:29:08.425-0400] {processor.py:183} INFO - Processing /opt/anaconda3/envs/airflow_env/lib/python3.10/site-packages/airflow/example_dags/plugins/listener_plugin.py took 0.032 seconds
[2025-06-25T18:29:10.057-0400] {processor.py:161} INFO - Started process (PID=41205) to work on /opt/anaconda3/envs/airflow_env/lib/python3.10/site-packages/airflow/example_dags/plugins/listener_plugin.py
[2025-06-25T18:29:10.058-0400] {processor.py:830} INFO - Processing file /opt/anaconda3/envs/airflow_env/lib/python3.10/site-packages/airflow/example_dags/plugins/listener_plugin.py for tasks to queue
[2025-06-25T18:29:10.058-0400] {logging_mixin.py:188} INFO - [2025-06-25T18:29:10.058-0400] {dagbag.py:545} INFO - Filling up the DagBag from /opt/anaconda3/envs/airflow_env/lib/python3.10/site-packages/airflow/example_dags/plugins/listener_plugin.py
[2025-06-25T18:29:10.058-0400] {processor.py:842} WARNING - No viable dags retrieved from /opt/anaconda3/envs/airflow_env/lib/python3.10/site-packages/airflow/example_dags/plugins/listener_plugin.py
[2025-06-25T18:29:10.091-0400] {processor.py:183} INFO - Processing /opt/anaconda3/envs/airflow_env/lib/python3.10/site-packages/airflow/example_dags/plugins/listener_plugin.py took 0.036 seconds
[2025-06-25T18:29:57.280-0400] {processor.py:161} INFO - Started process (PID=41308) to work on /opt/anaconda3/envs/airflow_env/lib/python3.10/site-packages/airflow/example_dags/plugins/listener_plugin.py
[2025-06-25T18:29:57.280-0400] {processor.py:830} INFO - Processing file /opt/anaconda3/envs/airflow_env/lib/python3.10/site-packages/airflow/example_dags/plugins/listener_plugin.py for tasks to queue
[2025-06-25T18:29:57.280-0400] {logging_mixin.py:188} INFO - [2025-06-25T18:29:57.280-0400] {dagbag.py:545} INFO - Filling up the DagBag from /opt/anaconda3/envs/airflow_env/lib/python3.10/site-packages/airflow/example_dags/plugins/listener_plugin.py
[2025-06-25T18:29:57.281-0400] {processor.py:842} WARNING - No viable dags retrieved from /opt/anaconda3/envs/airflow_env/lib/python3.10/site-packages/airflow/example_dags/plugins/listener_plugin.py
[2025-06-25T18:29:57.309-0400] {processor.py:183} INFO - Processing /opt/anaconda3/envs/airflow_env/lib/python3.10/site-packages/airflow/example_dags/plugins/listener_plugin.py took 0.031 seconds
[2025-06-25T18:30:00.442-0400] {processor.py:161} INFO - Started process (PID=41316) to work on /opt/anaconda3/envs/airflow_env/lib/python3.10/site-packages/airflow/example_dags/plugins/listener_plugin.py
[2025-06-25T18:30:00.442-0400] {processor.py:830} INFO - Processing file /opt/anaconda3/envs/airflow_env/lib/python3.10/site-packages/airflow/example_dags/plugins/listener_plugin.py for tasks to queue
[2025-06-25T18:30:00.442-0400] {logging_mixin.py:188} INFO - [2025-06-25T18:30:00.442-0400] {dagbag.py:545} INFO - Filling up the DagBag from /opt/anaconda3/envs/airflow_env/lib/python3.10/site-packages/airflow/example_dags/plugins/listener_plugin.py
[2025-06-25T18:30:00.443-0400] {processor.py:842} WARNING - No viable dags retrieved from /opt/anaconda3/envs/airflow_env/lib/python3.10/site-packages/airflow/example_dags/plugins/listener_plugin.py
[2025-06-25T18:30:00.470-0400] {processor.py:183} INFO - Processing /opt/anaconda3/envs/airflow_env/lib/python3.10/site-packages/airflow/example_dags/plugins/listener_plugin.py took 0.029 seconds
[2025-06-25T18:30:48.363-0400] {processor.py:161} INFO - Started process (PID=41416) to work on /opt/anaconda3/envs/airflow_env/lib/python3.10/site-packages/airflow/example_dags/plugins/listener_plugin.py
[2025-06-25T18:30:48.363-0400] {processor.py:830} INFO - Processing file /opt/anaconda3/envs/airflow_env/lib/python3.10/site-packages/airflow/example_dags/plugins/listener_plugin.py for tasks to queue
[2025-06-25T18:30:48.364-0400] {logging_mixin.py:188} INFO - [2025-06-25T18:30:48.363-0400] {dagbag.py:545} INFO - Filling up the DagBag from /opt/anaconda3/envs/airflow_env/lib/python3.10/site-packages/airflow/example_dags/plugins/listener_plugin.py
[2025-06-25T18:30:48.364-0400] {processor.py:842} WARNING - No viable dags retrieved from /opt/anaconda3/envs/airflow_env/lib/python3.10/site-packages/airflow/example_dags/plugins/listener_plugin.py
[2025-06-25T18:30:48.395-0400] {processor.py:183} INFO - Processing /opt/anaconda3/envs/airflow_env/lib/python3.10/site-packages/airflow/example_dags/plugins/listener_plugin.py took 0.034 seconds
[2025-06-25T18:30:55.829-0400] {processor.py:161} INFO - Started process (PID=41431) to work on /opt/anaconda3/envs/airflow_env/lib/python3.10/site-packages/airflow/example_dags/plugins/listener_plugin.py
[2025-06-25T18:30:55.830-0400] {processor.py:830} INFO - Processing file /opt/anaconda3/envs/airflow_env/lib/python3.10/site-packages/airflow/example_dags/plugins/listener_plugin.py for tasks to queue
[2025-06-25T18:30:55.830-0400] {logging_mixin.py:188} INFO - [2025-06-25T18:30:55.830-0400] {dagbag.py:545} INFO - Filling up the DagBag from /opt/anaconda3/envs/airflow_env/lib/python3.10/site-packages/airflow/example_dags/plugins/listener_plugin.py
[2025-06-25T18:30:55.830-0400] {processor.py:842} WARNING - No viable dags retrieved from /opt/anaconda3/envs/airflow_env/lib/python3.10/site-packages/airflow/example_dags/plugins/listener_plugin.py
[2025-06-25T18:30:55.858-0400] {processor.py:183} INFO - Processing /opt/anaconda3/envs/airflow_env/lib/python3.10/site-packages/airflow/example_dags/plugins/listener_plugin.py took 0.030 seconds
[2025-06-25T18:31:39.332-0400] {processor.py:161} INFO - Started process (PID=41535) to work on /opt/anaconda3/envs/airflow_env/lib/python3.10/site-packages/airflow/example_dags/plugins/listener_plugin.py
[2025-06-25T18:31:39.333-0400] {processor.py:830} INFO - Processing file /opt/anaconda3/envs/airflow_env/lib/python3.10/site-packages/airflow/example_dags/plugins/listener_plugin.py for tasks to queue
[2025-06-25T18:31:39.333-0400] {logging_mixin.py:188} INFO - [2025-06-25T18:31:39.333-0400] {dagbag.py:545} INFO - Filling up the DagBag from /opt/anaconda3/envs/airflow_env/lib/python3.10/site-packages/airflow/example_dags/plugins/listener_plugin.py
[2025-06-25T18:31:39.334-0400] {processor.py:842} WARNING - No viable dags retrieved from /opt/anaconda3/envs/airflow_env/lib/python3.10/site-packages/airflow/example_dags/plugins/listener_plugin.py
[2025-06-25T18:31:39.362-0400] {processor.py:183} INFO - Processing /opt/anaconda3/envs/airflow_env/lib/python3.10/site-packages/airflow/example_dags/plugins/listener_plugin.py took 0.032 seconds
[2025-06-25T18:31:46.228-0400] {processor.py:161} INFO - Started process (PID=41549) to work on /opt/anaconda3/envs/airflow_env/lib/python3.10/site-packages/airflow/example_dags/plugins/listener_plugin.py
[2025-06-25T18:31:46.229-0400] {processor.py:830} INFO - Processing file /opt/anaconda3/envs/airflow_env/lib/python3.10/site-packages/airflow/example_dags/plugins/listener_plugin.py for tasks to queue
[2025-06-25T18:31:46.229-0400] {logging_mixin.py:188} INFO - [2025-06-25T18:31:46.229-0400] {dagbag.py:545} INFO - Filling up the DagBag from /opt/anaconda3/envs/airflow_env/lib/python3.10/site-packages/airflow/example_dags/plugins/listener_plugin.py
[2025-06-25T18:31:46.230-0400] {processor.py:842} WARNING - No viable dags retrieved from /opt/anaconda3/envs/airflow_env/lib/python3.10/site-packages/airflow/example_dags/plugins/listener_plugin.py
[2025-06-25T18:31:46.257-0400] {processor.py:183} INFO - Processing /opt/anaconda3/envs/airflow_env/lib/python3.10/site-packages/airflow/example_dags/plugins/listener_plugin.py took 0.030 seconds
[2025-06-25T18:32:26.060-0400] {processor.py:161} INFO - Started process (PID=41629) to work on /opt/anaconda3/envs/airflow_env/lib/python3.10/site-packages/airflow/example_dags/plugins/listener_plugin.py
[2025-06-25T18:32:26.061-0400] {processor.py:830} INFO - Processing file /opt/anaconda3/envs/airflow_env/lib/python3.10/site-packages/airflow/example_dags/plugins/listener_plugin.py for tasks to queue
[2025-06-25T18:32:26.061-0400] {logging_mixin.py:188} INFO - [2025-06-25T18:32:26.061-0400] {dagbag.py:545} INFO - Filling up the DagBag from /opt/anaconda3/envs/airflow_env/lib/python3.10/site-packages/airflow/example_dags/plugins/listener_plugin.py
[2025-06-25T18:32:26.062-0400] {processor.py:842} WARNING - No viable dags retrieved from /opt/anaconda3/envs/airflow_env/lib/python3.10/site-packages/airflow/example_dags/plugins/listener_plugin.py
[2025-06-25T18:32:26.105-0400] {processor.py:183} INFO - Processing /opt/anaconda3/envs/airflow_env/lib/python3.10/site-packages/airflow/example_dags/plugins/listener_plugin.py took 0.047 seconds
[2025-06-25T18:32:33.841-0400] {processor.py:161} INFO - Started process (PID=41641) to work on /opt/anaconda3/envs/airflow_env/lib/python3.10/site-packages/airflow/example_dags/plugins/listener_plugin.py
[2025-06-25T18:32:33.841-0400] {processor.py:830} INFO - Processing file /opt/anaconda3/envs/airflow_env/lib/python3.10/site-packages/airflow/example_dags/plugins/listener_plugin.py for tasks to queue
[2025-06-25T18:32:33.841-0400] {logging_mixin.py:188} INFO - [2025-06-25T18:32:33.841-0400] {dagbag.py:545} INFO - Filling up the DagBag from /opt/anaconda3/envs/airflow_env/lib/python3.10/site-packages/airflow/example_dags/plugins/listener_plugin.py
[2025-06-25T18:32:33.842-0400] {processor.py:842} WARNING - No viable dags retrieved from /opt/anaconda3/envs/airflow_env/lib/python3.10/site-packages/airflow/example_dags/plugins/listener_plugin.py
[2025-06-25T18:32:33.873-0400] {processor.py:183} INFO - Processing /opt/anaconda3/envs/airflow_env/lib/python3.10/site-packages/airflow/example_dags/plugins/listener_plugin.py took 0.034 seconds
[2025-06-25T18:33:13.686-0400] {processor.py:161} INFO - Started process (PID=41722) to work on /opt/anaconda3/envs/airflow_env/lib/python3.10/site-packages/airflow/example_dags/plugins/listener_plugin.py
[2025-06-25T18:33:13.687-0400] {processor.py:830} INFO - Processing file /opt/anaconda3/envs/airflow_env/lib/python3.10/site-packages/airflow/example_dags/plugins/listener_plugin.py for tasks to queue
[2025-06-25T18:33:13.688-0400] {logging_mixin.py:188} INFO - [2025-06-25T18:33:13.688-0400] {dagbag.py:545} INFO - Filling up the DagBag from /opt/anaconda3/envs/airflow_env/lib/python3.10/site-packages/airflow/example_dags/plugins/listener_plugin.py
[2025-06-25T18:33:13.688-0400] {processor.py:842} WARNING - No viable dags retrieved from /opt/anaconda3/envs/airflow_env/lib/python3.10/site-packages/airflow/example_dags/plugins/listener_plugin.py
[2025-06-25T18:33:13.719-0400] {processor.py:183} INFO - Processing /opt/anaconda3/envs/airflow_env/lib/python3.10/site-packages/airflow/example_dags/plugins/listener_plugin.py took 0.035 seconds
[2025-06-25T18:33:19.512-0400] {processor.py:161} INFO - Started process (PID=41738) to work on /opt/anaconda3/envs/airflow_env/lib/python3.10/site-packages/airflow/example_dags/plugins/listener_plugin.py
[2025-06-25T18:33:19.513-0400] {processor.py:830} INFO - Processing file /opt/anaconda3/envs/airflow_env/lib/python3.10/site-packages/airflow/example_dags/plugins/listener_plugin.py for tasks to queue
[2025-06-25T18:33:19.513-0400] {logging_mixin.py:188} INFO - [2025-06-25T18:33:19.513-0400] {dagbag.py:545} INFO - Filling up the DagBag from /opt/anaconda3/envs/airflow_env/lib/python3.10/site-packages/airflow/example_dags/plugins/listener_plugin.py
[2025-06-25T18:33:19.515-0400] {processor.py:842} WARNING - No viable dags retrieved from /opt/anaconda3/envs/airflow_env/lib/python3.10/site-packages/airflow/example_dags/plugins/listener_plugin.py
[2025-06-25T18:33:19.550-0400] {processor.py:183} INFO - Processing /opt/anaconda3/envs/airflow_env/lib/python3.10/site-packages/airflow/example_dags/plugins/listener_plugin.py took 0.040 seconds
[2025-06-25T18:34:03.354-0400] {processor.py:161} INFO - Started process (PID=41815) to work on /opt/anaconda3/envs/airflow_env/lib/python3.10/site-packages/airflow/example_dags/plugins/listener_plugin.py
[2025-06-25T18:34:03.354-0400] {processor.py:830} INFO - Processing file /opt/anaconda3/envs/airflow_env/lib/python3.10/site-packages/airflow/example_dags/plugins/listener_plugin.py for tasks to queue
[2025-06-25T18:34:03.354-0400] {logging_mixin.py:188} INFO - [2025-06-25T18:34:03.354-0400] {dagbag.py:545} INFO - Filling up the DagBag from /opt/anaconda3/envs/airflow_env/lib/python3.10/site-packages/airflow/example_dags/plugins/listener_plugin.py
[2025-06-25T18:34:03.355-0400] {processor.py:842} WARNING - No viable dags retrieved from /opt/anaconda3/envs/airflow_env/lib/python3.10/site-packages/airflow/example_dags/plugins/listener_plugin.py
[2025-06-25T18:34:03.382-0400] {processor.py:183} INFO - Processing /opt/anaconda3/envs/airflow_env/lib/python3.10/site-packages/airflow/example_dags/plugins/listener_plugin.py took 0.030 seconds
[2025-06-25T18:34:06.358-0400] {processor.py:161} INFO - Started process (PID=41818) to work on /opt/anaconda3/envs/airflow_env/lib/python3.10/site-packages/airflow/example_dags/plugins/listener_plugin.py
[2025-06-25T18:34:06.358-0400] {processor.py:830} INFO - Processing file /opt/anaconda3/envs/airflow_env/lib/python3.10/site-packages/airflow/example_dags/plugins/listener_plugin.py for tasks to queue
[2025-06-25T18:34:06.359-0400] {logging_mixin.py:188} INFO - [2025-06-25T18:34:06.359-0400] {dagbag.py:545} INFO - Filling up the DagBag from /opt/anaconda3/envs/airflow_env/lib/python3.10/site-packages/airflow/example_dags/plugins/listener_plugin.py
[2025-06-25T18:34:06.359-0400] {processor.py:842} WARNING - No viable dags retrieved from /opt/anaconda3/envs/airflow_env/lib/python3.10/site-packages/airflow/example_dags/plugins/listener_plugin.py
[2025-06-25T18:34:06.387-0400] {processor.py:183} INFO - Processing /opt/anaconda3/envs/airflow_env/lib/python3.10/site-packages/airflow/example_dags/plugins/listener_plugin.py took 0.030 seconds
[2025-06-25T18:34:55.737-0400] {processor.py:161} INFO - Started process (PID=41919) to work on /opt/anaconda3/envs/airflow_env/lib/python3.10/site-packages/airflow/example_dags/plugins/listener_plugin.py
[2025-06-25T18:34:55.738-0400] {processor.py:830} INFO - Processing file /opt/anaconda3/envs/airflow_env/lib/python3.10/site-packages/airflow/example_dags/plugins/listener_plugin.py for tasks to queue
[2025-06-25T18:34:55.738-0400] {logging_mixin.py:188} INFO - [2025-06-25T18:34:55.738-0400] {dagbag.py:545} INFO - Filling up the DagBag from /opt/anaconda3/envs/airflow_env/lib/python3.10/site-packages/airflow/example_dags/plugins/listener_plugin.py
[2025-06-25T18:34:55.739-0400] {processor.py:842} WARNING - No viable dags retrieved from /opt/anaconda3/envs/airflow_env/lib/python3.10/site-packages/airflow/example_dags/plugins/listener_plugin.py
[2025-06-25T18:34:55.744-0400] {processor.py:161} INFO - Started process (PID=41920) to work on /opt/anaconda3/envs/airflow_env/lib/python3.10/site-packages/airflow/example_dags/plugins/listener_plugin.py
[2025-06-25T18:34:55.744-0400] {processor.py:830} INFO - Processing file /opt/anaconda3/envs/airflow_env/lib/python3.10/site-packages/airflow/example_dags/plugins/listener_plugin.py for tasks to queue
[2025-06-25T18:34:55.744-0400] {logging_mixin.py:188} INFO - [2025-06-25T18:34:55.744-0400] {dagbag.py:545} INFO - Filling up the DagBag from /opt/anaconda3/envs/airflow_env/lib/python3.10/site-packages/airflow/example_dags/plugins/listener_plugin.py
[2025-06-25T18:34:55.745-0400] {processor.py:842} WARNING - No viable dags retrieved from /opt/anaconda3/envs/airflow_env/lib/python3.10/site-packages/airflow/example_dags/plugins/listener_plugin.py
[2025-06-25T18:34:55.772-0400] {processor.py:183} INFO - Processing /opt/anaconda3/envs/airflow_env/lib/python3.10/site-packages/airflow/example_dags/plugins/listener_plugin.py took 0.037 seconds
[2025-06-25T18:34:55.778-0400] {processor.py:183} INFO - Processing /opt/anaconda3/envs/airflow_env/lib/python3.10/site-packages/airflow/example_dags/plugins/listener_plugin.py took 0.037 seconds
[2025-06-25T18:35:49.294-0400] {processor.py:161} INFO - Started process (PID=42038) to work on /opt/anaconda3/envs/airflow_env/lib/python3.10/site-packages/airflow/example_dags/plugins/listener_plugin.py
[2025-06-25T18:35:49.295-0400] {processor.py:830} INFO - Processing file /opt/anaconda3/envs/airflow_env/lib/python3.10/site-packages/airflow/example_dags/plugins/listener_plugin.py for tasks to queue
[2025-06-25T18:35:49.295-0400] {logging_mixin.py:188} INFO - [2025-06-25T18:35:49.295-0400] {dagbag.py:545} INFO - Filling up the DagBag from /opt/anaconda3/envs/airflow_env/lib/python3.10/site-packages/airflow/example_dags/plugins/listener_plugin.py
[2025-06-25T18:35:49.295-0400] {processor.py:842} WARNING - No viable dags retrieved from /opt/anaconda3/envs/airflow_env/lib/python3.10/site-packages/airflow/example_dags/plugins/listener_plugin.py
[2025-06-25T18:35:49.323-0400] {processor.py:183} INFO - Processing /opt/anaconda3/envs/airflow_env/lib/python3.10/site-packages/airflow/example_dags/plugins/listener_plugin.py took 0.030 seconds
[2025-06-25T18:35:50.522-0400] {processor.py:161} INFO - Started process (PID=42039) to work on /opt/anaconda3/envs/airflow_env/lib/python3.10/site-packages/airflow/example_dags/plugins/listener_plugin.py
[2025-06-25T18:35:50.523-0400] {processor.py:830} INFO - Processing file /opt/anaconda3/envs/airflow_env/lib/python3.10/site-packages/airflow/example_dags/plugins/listener_plugin.py for tasks to queue
[2025-06-25T18:35:50.523-0400] {logging_mixin.py:188} INFO - [2025-06-25T18:35:50.523-0400] {dagbag.py:545} INFO - Filling up the DagBag from /opt/anaconda3/envs/airflow_env/lib/python3.10/site-packages/airflow/example_dags/plugins/listener_plugin.py
[2025-06-25T18:35:50.524-0400] {processor.py:842} WARNING - No viable dags retrieved from /opt/anaconda3/envs/airflow_env/lib/python3.10/site-packages/airflow/example_dags/plugins/listener_plugin.py
[2025-06-25T18:35:50.552-0400] {processor.py:183} INFO - Processing /opt/anaconda3/envs/airflow_env/lib/python3.10/site-packages/airflow/example_dags/plugins/listener_plugin.py took 0.031 seconds
[2025-06-25T18:36:40.050-0400] {processor.py:161} INFO - Started process (PID=42141) to work on /opt/anaconda3/envs/airflow_env/lib/python3.10/site-packages/airflow/example_dags/plugins/listener_plugin.py
[2025-06-25T18:36:40.051-0400] {processor.py:830} INFO - Processing file /opt/anaconda3/envs/airflow_env/lib/python3.10/site-packages/airflow/example_dags/plugins/listener_plugin.py for tasks to queue
[2025-06-25T18:36:40.051-0400] {logging_mixin.py:188} INFO - [2025-06-25T18:36:40.051-0400] {dagbag.py:545} INFO - Filling up the DagBag from /opt/anaconda3/envs/airflow_env/lib/python3.10/site-packages/airflow/example_dags/plugins/listener_plugin.py
[2025-06-25T18:36:40.052-0400] {processor.py:842} WARNING - No viable dags retrieved from /opt/anaconda3/envs/airflow_env/lib/python3.10/site-packages/airflow/example_dags/plugins/listener_plugin.py
[2025-06-25T18:36:40.078-0400] {processor.py:183} INFO - Processing /opt/anaconda3/envs/airflow_env/lib/python3.10/site-packages/airflow/example_dags/plugins/listener_plugin.py took 0.030 seconds
[2025-06-25T18:36:43.150-0400] {processor.py:161} INFO - Started process (PID=42152) to work on /opt/anaconda3/envs/airflow_env/lib/python3.10/site-packages/airflow/example_dags/plugins/listener_plugin.py
[2025-06-25T18:36:43.150-0400] {processor.py:830} INFO - Processing file /opt/anaconda3/envs/airflow_env/lib/python3.10/site-packages/airflow/example_dags/plugins/listener_plugin.py for tasks to queue
[2025-06-25T18:36:43.150-0400] {logging_mixin.py:188} INFO - [2025-06-25T18:36:43.150-0400] {dagbag.py:545} INFO - Filling up the DagBag from /opt/anaconda3/envs/airflow_env/lib/python3.10/site-packages/airflow/example_dags/plugins/listener_plugin.py
[2025-06-25T18:36:43.151-0400] {processor.py:842} WARNING - No viable dags retrieved from /opt/anaconda3/envs/airflow_env/lib/python3.10/site-packages/airflow/example_dags/plugins/listener_plugin.py
[2025-06-25T18:36:43.182-0400] {processor.py:183} INFO - Processing /opt/anaconda3/envs/airflow_env/lib/python3.10/site-packages/airflow/example_dags/plugins/listener_plugin.py took 0.035 seconds
[2025-06-25T18:37:30.489-0400] {processor.py:161} INFO - Started process (PID=42222) to work on /opt/anaconda3/envs/airflow_env/lib/python3.10/site-packages/airflow/example_dags/plugins/listener_plugin.py
[2025-06-25T18:37:30.490-0400] {processor.py:830} INFO - Processing file /opt/anaconda3/envs/airflow_env/lib/python3.10/site-packages/airflow/example_dags/plugins/listener_plugin.py for tasks to queue
[2025-06-25T18:37:30.490-0400] {logging_mixin.py:188} INFO - [2025-06-25T18:37:30.490-0400] {dagbag.py:545} INFO - Filling up the DagBag from /opt/anaconda3/envs/airflow_env/lib/python3.10/site-packages/airflow/example_dags/plugins/listener_plugin.py
[2025-06-25T18:37:30.490-0400] {processor.py:842} WARNING - No viable dags retrieved from /opt/anaconda3/envs/airflow_env/lib/python3.10/site-packages/airflow/example_dags/plugins/listener_plugin.py
[2025-06-25T18:37:30.519-0400] {processor.py:183} INFO - Processing /opt/anaconda3/envs/airflow_env/lib/python3.10/site-packages/airflow/example_dags/plugins/listener_plugin.py took 0.032 seconds
[2025-06-25T18:37:31.382-0400] {processor.py:161} INFO - Started process (PID=42223) to work on /opt/anaconda3/envs/airflow_env/lib/python3.10/site-packages/airflow/example_dags/plugins/listener_plugin.py
[2025-06-25T18:37:31.382-0400] {processor.py:830} INFO - Processing file /opt/anaconda3/envs/airflow_env/lib/python3.10/site-packages/airflow/example_dags/plugins/listener_plugin.py for tasks to queue
[2025-06-25T18:37:31.382-0400] {logging_mixin.py:188} INFO - [2025-06-25T18:37:31.382-0400] {dagbag.py:545} INFO - Filling up the DagBag from /opt/anaconda3/envs/airflow_env/lib/python3.10/site-packages/airflow/example_dags/plugins/listener_plugin.py
[2025-06-25T18:37:31.383-0400] {processor.py:842} WARNING - No viable dags retrieved from /opt/anaconda3/envs/airflow_env/lib/python3.10/site-packages/airflow/example_dags/plugins/listener_plugin.py
[2025-06-25T18:37:31.411-0400] {processor.py:183} INFO - Processing /opt/anaconda3/envs/airflow_env/lib/python3.10/site-packages/airflow/example_dags/plugins/listener_plugin.py took 0.031 seconds
[2025-06-25T18:38:16.761-0400] {processor.py:161} INFO - Started process (PID=42320) to work on /opt/anaconda3/envs/airflow_env/lib/python3.10/site-packages/airflow/example_dags/plugins/listener_plugin.py
[2025-06-25T18:38:16.762-0400] {processor.py:830} INFO - Processing file /opt/anaconda3/envs/airflow_env/lib/python3.10/site-packages/airflow/example_dags/plugins/listener_plugin.py for tasks to queue
[2025-06-25T18:38:16.762-0400] {logging_mixin.py:188} INFO - [2025-06-25T18:38:16.762-0400] {dagbag.py:545} INFO - Filling up the DagBag from /opt/anaconda3/envs/airflow_env/lib/python3.10/site-packages/airflow/example_dags/plugins/listener_plugin.py
[2025-06-25T18:38:16.763-0400] {processor.py:842} WARNING - No viable dags retrieved from /opt/anaconda3/envs/airflow_env/lib/python3.10/site-packages/airflow/example_dags/plugins/listener_plugin.py
[2025-06-25T18:38:16.792-0400] {processor.py:183} INFO - Processing /opt/anaconda3/envs/airflow_env/lib/python3.10/site-packages/airflow/example_dags/plugins/listener_plugin.py took 0.033 seconds
[2025-06-25T18:38:19.556-0400] {processor.py:161} INFO - Started process (PID=42329) to work on /opt/anaconda3/envs/airflow_env/lib/python3.10/site-packages/airflow/example_dags/plugins/listener_plugin.py
[2025-06-25T18:38:19.556-0400] {processor.py:830} INFO - Processing file /opt/anaconda3/envs/airflow_env/lib/python3.10/site-packages/airflow/example_dags/plugins/listener_plugin.py for tasks to queue
[2025-06-25T18:38:19.556-0400] {logging_mixin.py:188} INFO - [2025-06-25T18:38:19.556-0400] {dagbag.py:545} INFO - Filling up the DagBag from /opt/anaconda3/envs/airflow_env/lib/python3.10/site-packages/airflow/example_dags/plugins/listener_plugin.py
[2025-06-25T18:38:19.557-0400] {processor.py:842} WARNING - No viable dags retrieved from /opt/anaconda3/envs/airflow_env/lib/python3.10/site-packages/airflow/example_dags/plugins/listener_plugin.py
[2025-06-25T18:38:19.584-0400] {processor.py:183} INFO - Processing /opt/anaconda3/envs/airflow_env/lib/python3.10/site-packages/airflow/example_dags/plugins/listener_plugin.py took 0.030 seconds
[2025-06-25T18:39:04.228-0400] {processor.py:161} INFO - Started process (PID=42431) to work on /opt/anaconda3/envs/airflow_env/lib/python3.10/site-packages/airflow/example_dags/plugins/listener_plugin.py
[2025-06-25T18:39:04.229-0400] {processor.py:830} INFO - Processing file /opt/anaconda3/envs/airflow_env/lib/python3.10/site-packages/airflow/example_dags/plugins/listener_plugin.py for tasks to queue
[2025-06-25T18:39:04.229-0400] {logging_mixin.py:188} INFO - [2025-06-25T18:39:04.229-0400] {dagbag.py:545} INFO - Filling up the DagBag from /opt/anaconda3/envs/airflow_env/lib/python3.10/site-packages/airflow/example_dags/plugins/listener_plugin.py
[2025-06-25T18:39:04.231-0400] {processor.py:842} WARNING - No viable dags retrieved from /opt/anaconda3/envs/airflow_env/lib/python3.10/site-packages/airflow/example_dags/plugins/listener_plugin.py
[2025-06-25T18:39:04.261-0400] {processor.py:183} INFO - Processing /opt/anaconda3/envs/airflow_env/lib/python3.10/site-packages/airflow/example_dags/plugins/listener_plugin.py took 0.035 seconds
[2025-06-25T18:39:09.995-0400] {processor.py:161} INFO - Started process (PID=42443) to work on /opt/anaconda3/envs/airflow_env/lib/python3.10/site-packages/airflow/example_dags/plugins/listener_plugin.py
[2025-06-25T18:39:09.996-0400] {processor.py:830} INFO - Processing file /opt/anaconda3/envs/airflow_env/lib/python3.10/site-packages/airflow/example_dags/plugins/listener_plugin.py for tasks to queue
[2025-06-25T18:39:09.996-0400] {logging_mixin.py:188} INFO - [2025-06-25T18:39:09.996-0400] {dagbag.py:545} INFO - Filling up the DagBag from /opt/anaconda3/envs/airflow_env/lib/python3.10/site-packages/airflow/example_dags/plugins/listener_plugin.py
[2025-06-25T18:39:09.997-0400] {processor.py:842} WARNING - No viable dags retrieved from /opt/anaconda3/envs/airflow_env/lib/python3.10/site-packages/airflow/example_dags/plugins/listener_plugin.py
[2025-06-25T18:39:10.038-0400] {processor.py:183} INFO - Processing /opt/anaconda3/envs/airflow_env/lib/python3.10/site-packages/airflow/example_dags/plugins/listener_plugin.py took 0.044 seconds
[2025-06-25T18:39:53.709-0400] {processor.py:161} INFO - Started process (PID=42528) to work on /opt/anaconda3/envs/airflow_env/lib/python3.10/site-packages/airflow/example_dags/plugins/listener_plugin.py
[2025-06-25T18:39:53.710-0400] {processor.py:830} INFO - Processing file /opt/anaconda3/envs/airflow_env/lib/python3.10/site-packages/airflow/example_dags/plugins/listener_plugin.py for tasks to queue
[2025-06-25T18:39:53.710-0400] {logging_mixin.py:188} INFO - [2025-06-25T18:39:53.710-0400] {dagbag.py:545} INFO - Filling up the DagBag from /opt/anaconda3/envs/airflow_env/lib/python3.10/site-packages/airflow/example_dags/plugins/listener_plugin.py
[2025-06-25T18:39:53.711-0400] {processor.py:842} WARNING - No viable dags retrieved from /opt/anaconda3/envs/airflow_env/lib/python3.10/site-packages/airflow/example_dags/plugins/listener_plugin.py
[2025-06-25T18:39:53.741-0400] {processor.py:183} INFO - Processing /opt/anaconda3/envs/airflow_env/lib/python3.10/site-packages/airflow/example_dags/plugins/listener_plugin.py took 0.035 seconds
[2025-06-25T18:39:59.262-0400] {processor.py:161} INFO - Started process (PID=42538) to work on /opt/anaconda3/envs/airflow_env/lib/python3.10/site-packages/airflow/example_dags/plugins/listener_plugin.py
[2025-06-25T18:39:59.262-0400] {processor.py:830} INFO - Processing file /opt/anaconda3/envs/airflow_env/lib/python3.10/site-packages/airflow/example_dags/plugins/listener_plugin.py for tasks to queue
[2025-06-25T18:39:59.262-0400] {logging_mixin.py:188} INFO - [2025-06-25T18:39:59.262-0400] {dagbag.py:545} INFO - Filling up the DagBag from /opt/anaconda3/envs/airflow_env/lib/python3.10/site-packages/airflow/example_dags/plugins/listener_plugin.py
[2025-06-25T18:39:59.263-0400] {processor.py:842} WARNING - No viable dags retrieved from /opt/anaconda3/envs/airflow_env/lib/python3.10/site-packages/airflow/example_dags/plugins/listener_plugin.py
[2025-06-25T18:39:59.289-0400] {processor.py:183} INFO - Processing /opt/anaconda3/envs/airflow_env/lib/python3.10/site-packages/airflow/example_dags/plugins/listener_plugin.py took 0.030 seconds
[2025-06-25T18:40:41.677-0400] {processor.py:161} INFO - Started process (PID=42600) to work on /opt/anaconda3/envs/airflow_env/lib/python3.10/site-packages/airflow/example_dags/plugins/listener_plugin.py
[2025-06-25T18:40:41.677-0400] {processor.py:830} INFO - Processing file /opt/anaconda3/envs/airflow_env/lib/python3.10/site-packages/airflow/example_dags/plugins/listener_plugin.py for tasks to queue
[2025-06-25T18:40:41.677-0400] {logging_mixin.py:188} INFO - [2025-06-25T18:40:41.677-0400] {dagbag.py:545} INFO - Filling up the DagBag from /opt/anaconda3/envs/airflow_env/lib/python3.10/site-packages/airflow/example_dags/plugins/listener_plugin.py
[2025-06-25T18:40:41.678-0400] {processor.py:842} WARNING - No viable dags retrieved from /opt/anaconda3/envs/airflow_env/lib/python3.10/site-packages/airflow/example_dags/plugins/listener_plugin.py
[2025-06-25T18:40:41.705-0400] {processor.py:183} INFO - Processing /opt/anaconda3/envs/airflow_env/lib/python3.10/site-packages/airflow/example_dags/plugins/listener_plugin.py took 0.030 seconds
[2025-06-25T18:40:45.568-0400] {processor.py:161} INFO - Started process (PID=42610) to work on /opt/anaconda3/envs/airflow_env/lib/python3.10/site-packages/airflow/example_dags/plugins/listener_plugin.py
[2025-06-25T18:40:45.568-0400] {processor.py:830} INFO - Processing file /opt/anaconda3/envs/airflow_env/lib/python3.10/site-packages/airflow/example_dags/plugins/listener_plugin.py for tasks to queue
[2025-06-25T18:40:45.569-0400] {logging_mixin.py:188} INFO - [2025-06-25T18:40:45.569-0400] {dagbag.py:545} INFO - Filling up the DagBag from /opt/anaconda3/envs/airflow_env/lib/python3.10/site-packages/airflow/example_dags/plugins/listener_plugin.py
[2025-06-25T18:40:45.569-0400] {processor.py:842} WARNING - No viable dags retrieved from /opt/anaconda3/envs/airflow_env/lib/python3.10/site-packages/airflow/example_dags/plugins/listener_plugin.py
[2025-06-25T18:40:45.598-0400] {processor.py:183} INFO - Processing /opt/anaconda3/envs/airflow_env/lib/python3.10/site-packages/airflow/example_dags/plugins/listener_plugin.py took 0.031 seconds
[2025-06-25T18:41:29.170-0400] {processor.py:161} INFO - Started process (PID=42672) to work on /opt/anaconda3/envs/airflow_env/lib/python3.10/site-packages/airflow/example_dags/plugins/listener_plugin.py
[2025-06-25T18:41:29.171-0400] {processor.py:830} INFO - Processing file /opt/anaconda3/envs/airflow_env/lib/python3.10/site-packages/airflow/example_dags/plugins/listener_plugin.py for tasks to queue
[2025-06-25T18:41:29.171-0400] {logging_mixin.py:188} INFO - [2025-06-25T18:41:29.171-0400] {dagbag.py:545} INFO - Filling up the DagBag from /opt/anaconda3/envs/airflow_env/lib/python3.10/site-packages/airflow/example_dags/plugins/listener_plugin.py
[2025-06-25T18:41:29.172-0400] {processor.py:842} WARNING - No viable dags retrieved from /opt/anaconda3/envs/airflow_env/lib/python3.10/site-packages/airflow/example_dags/plugins/listener_plugin.py
[2025-06-25T18:41:29.199-0400] {processor.py:183} INFO - Processing /opt/anaconda3/envs/airflow_env/lib/python3.10/site-packages/airflow/example_dags/plugins/listener_plugin.py took 0.030 seconds
[2025-06-25T18:41:29.923-0400] {processor.py:161} INFO - Started process (PID=42673) to work on /opt/anaconda3/envs/airflow_env/lib/python3.10/site-packages/airflow/example_dags/plugins/listener_plugin.py
[2025-06-25T18:41:29.923-0400] {processor.py:830} INFO - Processing file /opt/anaconda3/envs/airflow_env/lib/python3.10/site-packages/airflow/example_dags/plugins/listener_plugin.py for tasks to queue
[2025-06-25T18:41:29.924-0400] {logging_mixin.py:188} INFO - [2025-06-25T18:41:29.924-0400] {dagbag.py:545} INFO - Filling up the DagBag from /opt/anaconda3/envs/airflow_env/lib/python3.10/site-packages/airflow/example_dags/plugins/listener_plugin.py
[2025-06-25T18:41:29.924-0400] {processor.py:842} WARNING - No viable dags retrieved from /opt/anaconda3/envs/airflow_env/lib/python3.10/site-packages/airflow/example_dags/plugins/listener_plugin.py
[2025-06-25T18:41:29.955-0400] {processor.py:183} INFO - Processing /opt/anaconda3/envs/airflow_env/lib/python3.10/site-packages/airflow/example_dags/plugins/listener_plugin.py took 0.035 seconds
[2025-06-25T18:42:14.550-0400] {processor.py:161} INFO - Started process (PID=42765) to work on /opt/anaconda3/envs/airflow_env/lib/python3.10/site-packages/airflow/example_dags/plugins/listener_plugin.py
[2025-06-25T18:42:14.550-0400] {processor.py:830} INFO - Processing file /opt/anaconda3/envs/airflow_env/lib/python3.10/site-packages/airflow/example_dags/plugins/listener_plugin.py for tasks to queue
[2025-06-25T18:42:14.550-0400] {logging_mixin.py:188} INFO - [2025-06-25T18:42:14.550-0400] {dagbag.py:545} INFO - Filling up the DagBag from /opt/anaconda3/envs/airflow_env/lib/python3.10/site-packages/airflow/example_dags/plugins/listener_plugin.py
[2025-06-25T18:42:14.551-0400] {processor.py:842} WARNING - No viable dags retrieved from /opt/anaconda3/envs/airflow_env/lib/python3.10/site-packages/airflow/example_dags/plugins/listener_plugin.py
[2025-06-25T18:42:14.579-0400] {processor.py:183} INFO - Processing /opt/anaconda3/envs/airflow_env/lib/python3.10/site-packages/airflow/example_dags/plugins/listener_plugin.py took 0.031 seconds
[2025-06-25T18:42:15.740-0400] {processor.py:161} INFO - Started process (PID=42768) to work on /opt/anaconda3/envs/airflow_env/lib/python3.10/site-packages/airflow/example_dags/plugins/listener_plugin.py
[2025-06-25T18:42:15.740-0400] {processor.py:830} INFO - Processing file /opt/anaconda3/envs/airflow_env/lib/python3.10/site-packages/airflow/example_dags/plugins/listener_plugin.py for tasks to queue
[2025-06-25T18:42:15.740-0400] {logging_mixin.py:188} INFO - [2025-06-25T18:42:15.740-0400] {dagbag.py:545} INFO - Filling up the DagBag from /opt/anaconda3/envs/airflow_env/lib/python3.10/site-packages/airflow/example_dags/plugins/listener_plugin.py
[2025-06-25T18:42:15.741-0400] {processor.py:842} WARNING - No viable dags retrieved from /opt/anaconda3/envs/airflow_env/lib/python3.10/site-packages/airflow/example_dags/plugins/listener_plugin.py
[2025-06-25T18:42:15.770-0400] {processor.py:183} INFO - Processing /opt/anaconda3/envs/airflow_env/lib/python3.10/site-packages/airflow/example_dags/plugins/listener_plugin.py took 0.032 seconds
[2025-06-25T18:43:05.844-0400] {processor.py:161} INFO - Started process (PID=42877) to work on /opt/anaconda3/envs/airflow_env/lib/python3.10/site-packages/airflow/example_dags/plugins/listener_plugin.py
[2025-06-25T18:43:05.845-0400] {processor.py:830} INFO - Processing file /opt/anaconda3/envs/airflow_env/lib/python3.10/site-packages/airflow/example_dags/plugins/listener_plugin.py for tasks to queue
[2025-06-25T18:43:05.845-0400] {logging_mixin.py:188} INFO - [2025-06-25T18:43:05.845-0400] {dagbag.py:545} INFO - Filling up the DagBag from /opt/anaconda3/envs/airflow_env/lib/python3.10/site-packages/airflow/example_dags/plugins/listener_plugin.py
[2025-06-25T18:43:05.846-0400] {processor.py:842} WARNING - No viable dags retrieved from /opt/anaconda3/envs/airflow_env/lib/python3.10/site-packages/airflow/example_dags/plugins/listener_plugin.py
[2025-06-25T18:43:05.878-0400] {processor.py:183} INFO - Processing /opt/anaconda3/envs/airflow_env/lib/python3.10/site-packages/airflow/example_dags/plugins/listener_plugin.py took 0.036 seconds
[2025-06-25T18:43:22.750-0400] {processor.py:161} INFO - Started process (PID=42913) to work on /opt/anaconda3/envs/airflow_env/lib/python3.10/site-packages/airflow/example_dags/plugins/listener_plugin.py
[2025-06-25T18:43:22.751-0400] {processor.py:830} INFO - Processing file /opt/anaconda3/envs/airflow_env/lib/python3.10/site-packages/airflow/example_dags/plugins/listener_plugin.py for tasks to queue
[2025-06-25T18:43:22.751-0400] {logging_mixin.py:188} INFO - [2025-06-25T18:43:22.751-0400] {dagbag.py:545} INFO - Filling up the DagBag from /opt/anaconda3/envs/airflow_env/lib/python3.10/site-packages/airflow/example_dags/plugins/listener_plugin.py
[2025-06-25T18:43:22.752-0400] {processor.py:842} WARNING - No viable dags retrieved from /opt/anaconda3/envs/airflow_env/lib/python3.10/site-packages/airflow/example_dags/plugins/listener_plugin.py
[2025-06-25T18:43:22.781-0400] {processor.py:183} INFO - Processing /opt/anaconda3/envs/airflow_env/lib/python3.10/site-packages/airflow/example_dags/plugins/listener_plugin.py took 0.033 seconds
[2025-06-25T18:44:00.258-0400] {processor.py:161} INFO - Started process (PID=42975) to work on /opt/anaconda3/envs/airflow_env/lib/python3.10/site-packages/airflow/example_dags/plugins/listener_plugin.py
[2025-06-25T18:44:00.259-0400] {processor.py:830} INFO - Processing file /opt/anaconda3/envs/airflow_env/lib/python3.10/site-packages/airflow/example_dags/plugins/listener_plugin.py for tasks to queue
[2025-06-25T18:44:00.259-0400] {logging_mixin.py:188} INFO - [2025-06-25T18:44:00.259-0400] {dagbag.py:545} INFO - Filling up the DagBag from /opt/anaconda3/envs/airflow_env/lib/python3.10/site-packages/airflow/example_dags/plugins/listener_plugin.py
[2025-06-25T18:44:00.259-0400] {processor.py:842} WARNING - No viable dags retrieved from /opt/anaconda3/envs/airflow_env/lib/python3.10/site-packages/airflow/example_dags/plugins/listener_plugin.py
[2025-06-25T18:44:00.286-0400] {processor.py:183} INFO - Processing /opt/anaconda3/envs/airflow_env/lib/python3.10/site-packages/airflow/example_dags/plugins/listener_plugin.py took 0.030 seconds
[2025-06-25T18:44:23.864-0400] {processor.py:161} INFO - Started process (PID=43015) to work on /opt/anaconda3/envs/airflow_env/lib/python3.10/site-packages/airflow/example_dags/plugins/listener_plugin.py
[2025-06-25T18:44:23.864-0400] {processor.py:830} INFO - Processing file /opt/anaconda3/envs/airflow_env/lib/python3.10/site-packages/airflow/example_dags/plugins/listener_plugin.py for tasks to queue
[2025-06-25T18:44:23.864-0400] {logging_mixin.py:188} INFO - [2025-06-25T18:44:23.864-0400] {dagbag.py:545} INFO - Filling up the DagBag from /opt/anaconda3/envs/airflow_env/lib/python3.10/site-packages/airflow/example_dags/plugins/listener_plugin.py
[2025-06-25T18:44:23.865-0400] {processor.py:842} WARNING - No viable dags retrieved from /opt/anaconda3/envs/airflow_env/lib/python3.10/site-packages/airflow/example_dags/plugins/listener_plugin.py
[2025-06-25T18:44:23.892-0400] {processor.py:183} INFO - Processing /opt/anaconda3/envs/airflow_env/lib/python3.10/site-packages/airflow/example_dags/plugins/listener_plugin.py took 0.030 seconds
[2025-06-25T18:44:47.569-0400] {processor.py:161} INFO - Started process (PID=43055) to work on /opt/anaconda3/envs/airflow_env/lib/python3.10/site-packages/airflow/example_dags/plugins/listener_plugin.py
[2025-06-25T18:44:47.570-0400] {processor.py:830} INFO - Processing file /opt/anaconda3/envs/airflow_env/lib/python3.10/site-packages/airflow/example_dags/plugins/listener_plugin.py for tasks to queue
[2025-06-25T18:44:47.570-0400] {logging_mixin.py:188} INFO - [2025-06-25T18:44:47.570-0400] {dagbag.py:545} INFO - Filling up the DagBag from /opt/anaconda3/envs/airflow_env/lib/python3.10/site-packages/airflow/example_dags/plugins/listener_plugin.py
[2025-06-25T18:44:47.571-0400] {processor.py:842} WARNING - No viable dags retrieved from /opt/anaconda3/envs/airflow_env/lib/python3.10/site-packages/airflow/example_dags/plugins/listener_plugin.py
[2025-06-25T18:44:47.597-0400] {processor.py:183} INFO - Processing /opt/anaconda3/envs/airflow_env/lib/python3.10/site-packages/airflow/example_dags/plugins/listener_plugin.py took 0.029 seconds
[2025-06-25T18:45:07.443-0400] {processor.py:161} INFO - Started process (PID=43085) to work on /opt/anaconda3/envs/airflow_env/lib/python3.10/site-packages/airflow/example_dags/plugins/listener_plugin.py
[2025-06-25T18:45:07.443-0400] {processor.py:830} INFO - Processing file /opt/anaconda3/envs/airflow_env/lib/python3.10/site-packages/airflow/example_dags/plugins/listener_plugin.py for tasks to queue
[2025-06-25T18:45:07.443-0400] {logging_mixin.py:188} INFO - [2025-06-25T18:45:07.443-0400] {dagbag.py:545} INFO - Filling up the DagBag from /opt/anaconda3/envs/airflow_env/lib/python3.10/site-packages/airflow/example_dags/plugins/listener_plugin.py
[2025-06-25T18:45:07.444-0400] {processor.py:842} WARNING - No viable dags retrieved from /opt/anaconda3/envs/airflow_env/lib/python3.10/site-packages/airflow/example_dags/plugins/listener_plugin.py
[2025-06-25T18:45:07.471-0400] {processor.py:183} INFO - Processing /opt/anaconda3/envs/airflow_env/lib/python3.10/site-packages/airflow/example_dags/plugins/listener_plugin.py took 0.030 seconds
[2025-06-25T18:45:35.861-0400] {processor.py:161} INFO - Started process (PID=43123) to work on /opt/anaconda3/envs/airflow_env/lib/python3.10/site-packages/airflow/example_dags/plugins/listener_plugin.py
[2025-06-25T18:45:35.861-0400] {processor.py:830} INFO - Processing file /opt/anaconda3/envs/airflow_env/lib/python3.10/site-packages/airflow/example_dags/plugins/listener_plugin.py for tasks to queue
[2025-06-25T18:45:35.861-0400] {logging_mixin.py:188} INFO - [2025-06-25T18:45:35.861-0400] {dagbag.py:545} INFO - Filling up the DagBag from /opt/anaconda3/envs/airflow_env/lib/python3.10/site-packages/airflow/example_dags/plugins/listener_plugin.py
[2025-06-25T18:45:35.862-0400] {processor.py:842} WARNING - No viable dags retrieved from /opt/anaconda3/envs/airflow_env/lib/python3.10/site-packages/airflow/example_dags/plugins/listener_plugin.py
[2025-06-25T18:45:35.889-0400] {processor.py:183} INFO - Processing /opt/anaconda3/envs/airflow_env/lib/python3.10/site-packages/airflow/example_dags/plugins/listener_plugin.py took 0.029 seconds
[2025-06-25T18:45:51.641-0400] {processor.py:161} INFO - Started process (PID=43145) to work on /opt/anaconda3/envs/airflow_env/lib/python3.10/site-packages/airflow/example_dags/plugins/listener_plugin.py
[2025-06-25T18:45:51.641-0400] {processor.py:830} INFO - Processing file /opt/anaconda3/envs/airflow_env/lib/python3.10/site-packages/airflow/example_dags/plugins/listener_plugin.py for tasks to queue
[2025-06-25T18:45:51.642-0400] {logging_mixin.py:188} INFO - [2025-06-25T18:45:51.642-0400] {dagbag.py:545} INFO - Filling up the DagBag from /opt/anaconda3/envs/airflow_env/lib/python3.10/site-packages/airflow/example_dags/plugins/listener_plugin.py
[2025-06-25T18:45:51.642-0400] {processor.py:842} WARNING - No viable dags retrieved from /opt/anaconda3/envs/airflow_env/lib/python3.10/site-packages/airflow/example_dags/plugins/listener_plugin.py
[2025-06-25T18:45:51.669-0400] {processor.py:183} INFO - Processing /opt/anaconda3/envs/airflow_env/lib/python3.10/site-packages/airflow/example_dags/plugins/listener_plugin.py took 0.029 seconds
[2025-06-25T18:46:23.182-0400] {processor.py:161} INFO - Started process (PID=43202) to work on /opt/anaconda3/envs/airflow_env/lib/python3.10/site-packages/airflow/example_dags/plugins/listener_plugin.py
[2025-06-25T18:46:23.182-0400] {processor.py:830} INFO - Processing file /opt/anaconda3/envs/airflow_env/lib/python3.10/site-packages/airflow/example_dags/plugins/listener_plugin.py for tasks to queue
[2025-06-25T18:46:23.182-0400] {logging_mixin.py:188} INFO - [2025-06-25T18:46:23.182-0400] {dagbag.py:545} INFO - Filling up the DagBag from /opt/anaconda3/envs/airflow_env/lib/python3.10/site-packages/airflow/example_dags/plugins/listener_plugin.py
[2025-06-25T18:46:23.183-0400] {processor.py:842} WARNING - No viable dags retrieved from /opt/anaconda3/envs/airflow_env/lib/python3.10/site-packages/airflow/example_dags/plugins/listener_plugin.py
[2025-06-25T18:46:23.211-0400] {processor.py:183} INFO - Processing /opt/anaconda3/envs/airflow_env/lib/python3.10/site-packages/airflow/example_dags/plugins/listener_plugin.py took 0.031 seconds
[2025-06-25T18:46:34.222-0400] {processor.py:161} INFO - Started process (PID=43218) to work on /opt/anaconda3/envs/airflow_env/lib/python3.10/site-packages/airflow/example_dags/plugins/listener_plugin.py
[2025-06-25T18:46:34.223-0400] {processor.py:830} INFO - Processing file /opt/anaconda3/envs/airflow_env/lib/python3.10/site-packages/airflow/example_dags/plugins/listener_plugin.py for tasks to queue
[2025-06-25T18:46:34.223-0400] {logging_mixin.py:188} INFO - [2025-06-25T18:46:34.223-0400] {dagbag.py:545} INFO - Filling up the DagBag from /opt/anaconda3/envs/airflow_env/lib/python3.10/site-packages/airflow/example_dags/plugins/listener_plugin.py
[2025-06-25T18:46:34.223-0400] {processor.py:842} WARNING - No viable dags retrieved from /opt/anaconda3/envs/airflow_env/lib/python3.10/site-packages/airflow/example_dags/plugins/listener_plugin.py
[2025-06-25T18:46:34.251-0400] {processor.py:183} INFO - Processing /opt/anaconda3/envs/airflow_env/lib/python3.10/site-packages/airflow/example_dags/plugins/listener_plugin.py took 0.031 seconds
[2025-06-25T18:47:08.871-0400] {processor.py:161} INFO - Started process (PID=43273) to work on /opt/anaconda3/envs/airflow_env/lib/python3.10/site-packages/airflow/example_dags/plugins/listener_plugin.py
[2025-06-25T18:47:08.871-0400] {processor.py:830} INFO - Processing file /opt/anaconda3/envs/airflow_env/lib/python3.10/site-packages/airflow/example_dags/plugins/listener_plugin.py for tasks to queue
[2025-06-25T18:47:08.872-0400] {logging_mixin.py:188} INFO - [2025-06-25T18:47:08.871-0400] {dagbag.py:545} INFO - Filling up the DagBag from /opt/anaconda3/envs/airflow_env/lib/python3.10/site-packages/airflow/example_dags/plugins/listener_plugin.py
[2025-06-25T18:47:08.872-0400] {processor.py:842} WARNING - No viable dags retrieved from /opt/anaconda3/envs/airflow_env/lib/python3.10/site-packages/airflow/example_dags/plugins/listener_plugin.py
[2025-06-25T18:47:08.899-0400] {processor.py:183} INFO - Processing /opt/anaconda3/envs/airflow_env/lib/python3.10/site-packages/airflow/example_dags/plugins/listener_plugin.py took 0.029 seconds
[2025-06-25T18:47:18.301-0400] {processor.py:161} INFO - Started process (PID=43288) to work on /opt/anaconda3/envs/airflow_env/lib/python3.10/site-packages/airflow/example_dags/plugins/listener_plugin.py
[2025-06-25T18:47:18.301-0400] {processor.py:830} INFO - Processing file /opt/anaconda3/envs/airflow_env/lib/python3.10/site-packages/airflow/example_dags/plugins/listener_plugin.py for tasks to queue
[2025-06-25T18:47:18.301-0400] {logging_mixin.py:188} INFO - [2025-06-25T18:47:18.301-0400] {dagbag.py:545} INFO - Filling up the DagBag from /opt/anaconda3/envs/airflow_env/lib/python3.10/site-packages/airflow/example_dags/plugins/listener_plugin.py
[2025-06-25T18:47:18.302-0400] {processor.py:842} WARNING - No viable dags retrieved from /opt/anaconda3/envs/airflow_env/lib/python3.10/site-packages/airflow/example_dags/plugins/listener_plugin.py
[2025-06-25T18:47:18.329-0400] {processor.py:183} INFO - Processing /opt/anaconda3/envs/airflow_env/lib/python3.10/site-packages/airflow/example_dags/plugins/listener_plugin.py took 0.029 seconds
[2025-06-25T18:47:54.140-0400] {processor.py:161} INFO - Started process (PID=43353) to work on /opt/anaconda3/envs/airflow_env/lib/python3.10/site-packages/airflow/example_dags/plugins/listener_plugin.py
[2025-06-25T18:47:54.140-0400] {processor.py:830} INFO - Processing file /opt/anaconda3/envs/airflow_env/lib/python3.10/site-packages/airflow/example_dags/plugins/listener_plugin.py for tasks to queue
[2025-06-25T18:47:54.140-0400] {logging_mixin.py:188} INFO - [2025-06-25T18:47:54.140-0400] {dagbag.py:545} INFO - Filling up the DagBag from /opt/anaconda3/envs/airflow_env/lib/python3.10/site-packages/airflow/example_dags/plugins/listener_plugin.py
[2025-06-25T18:47:54.141-0400] {processor.py:842} WARNING - No viable dags retrieved from /opt/anaconda3/envs/airflow_env/lib/python3.10/site-packages/airflow/example_dags/plugins/listener_plugin.py
[2025-06-25T18:47:54.168-0400] {processor.py:183} INFO - Processing /opt/anaconda3/envs/airflow_env/lib/python3.10/site-packages/airflow/example_dags/plugins/listener_plugin.py took 0.030 seconds
[2025-06-25T18:48:03.122-0400] {processor.py:161} INFO - Started process (PID=43366) to work on /opt/anaconda3/envs/airflow_env/lib/python3.10/site-packages/airflow/example_dags/plugins/listener_plugin.py
[2025-06-25T18:48:03.122-0400] {processor.py:830} INFO - Processing file /opt/anaconda3/envs/airflow_env/lib/python3.10/site-packages/airflow/example_dags/plugins/listener_plugin.py for tasks to queue
[2025-06-25T18:48:03.122-0400] {logging_mixin.py:188} INFO - [2025-06-25T18:48:03.122-0400] {dagbag.py:545} INFO - Filling up the DagBag from /opt/anaconda3/envs/airflow_env/lib/python3.10/site-packages/airflow/example_dags/plugins/listener_plugin.py
[2025-06-25T18:48:03.123-0400] {processor.py:842} WARNING - No viable dags retrieved from /opt/anaconda3/envs/airflow_env/lib/python3.10/site-packages/airflow/example_dags/plugins/listener_plugin.py
[2025-06-25T18:48:03.153-0400] {processor.py:183} INFO - Processing /opt/anaconda3/envs/airflow_env/lib/python3.10/site-packages/airflow/example_dags/plugins/listener_plugin.py took 0.033 seconds
[2025-06-25T18:48:39.633-0400] {processor.py:161} INFO - Started process (PID=43423) to work on /opt/anaconda3/envs/airflow_env/lib/python3.10/site-packages/airflow/example_dags/plugins/listener_plugin.py
[2025-06-25T18:48:39.634-0400] {processor.py:830} INFO - Processing file /opt/anaconda3/envs/airflow_env/lib/python3.10/site-packages/airflow/example_dags/plugins/listener_plugin.py for tasks to queue
[2025-06-25T18:48:39.634-0400] {logging_mixin.py:188} INFO - [2025-06-25T18:48:39.634-0400] {dagbag.py:545} INFO - Filling up the DagBag from /opt/anaconda3/envs/airflow_env/lib/python3.10/site-packages/airflow/example_dags/plugins/listener_plugin.py
[2025-06-25T18:48:39.635-0400] {processor.py:842} WARNING - No viable dags retrieved from /opt/anaconda3/envs/airflow_env/lib/python3.10/site-packages/airflow/example_dags/plugins/listener_plugin.py
[2025-06-25T18:48:39.662-0400] {processor.py:183} INFO - Processing /opt/anaconda3/envs/airflow_env/lib/python3.10/site-packages/airflow/example_dags/plugins/listener_plugin.py took 0.030 seconds
[2025-06-25T18:48:47.873-0400] {processor.py:161} INFO - Started process (PID=43448) to work on /opt/anaconda3/envs/airflow_env/lib/python3.10/site-packages/airflow/example_dags/plugins/listener_plugin.py
[2025-06-25T18:48:47.874-0400] {processor.py:830} INFO - Processing file /opt/anaconda3/envs/airflow_env/lib/python3.10/site-packages/airflow/example_dags/plugins/listener_plugin.py for tasks to queue
[2025-06-25T18:48:47.874-0400] {logging_mixin.py:188} INFO - [2025-06-25T18:48:47.874-0400] {dagbag.py:545} INFO - Filling up the DagBag from /opt/anaconda3/envs/airflow_env/lib/python3.10/site-packages/airflow/example_dags/plugins/listener_plugin.py
[2025-06-25T18:48:47.875-0400] {processor.py:842} WARNING - No viable dags retrieved from /opt/anaconda3/envs/airflow_env/lib/python3.10/site-packages/airflow/example_dags/plugins/listener_plugin.py
[2025-06-25T18:48:47.901-0400] {processor.py:183} INFO - Processing /opt/anaconda3/envs/airflow_env/lib/python3.10/site-packages/airflow/example_dags/plugins/listener_plugin.py took 0.030 seconds
[2025-06-25T18:49:23.678-0400] {processor.py:161} INFO - Started process (PID=43516) to work on /opt/anaconda3/envs/airflow_env/lib/python3.10/site-packages/airflow/example_dags/plugins/listener_plugin.py
[2025-06-25T18:49:23.679-0400] {processor.py:830} INFO - Processing file /opt/anaconda3/envs/airflow_env/lib/python3.10/site-packages/airflow/example_dags/plugins/listener_plugin.py for tasks to queue
[2025-06-25T18:49:23.679-0400] {logging_mixin.py:188} INFO - [2025-06-25T18:49:23.679-0400] {dagbag.py:545} INFO - Filling up the DagBag from /opt/anaconda3/envs/airflow_env/lib/python3.10/site-packages/airflow/example_dags/plugins/listener_plugin.py
[2025-06-25T18:49:23.679-0400] {processor.py:842} WARNING - No viable dags retrieved from /opt/anaconda3/envs/airflow_env/lib/python3.10/site-packages/airflow/example_dags/plugins/listener_plugin.py
[2025-06-25T18:49:23.706-0400] {processor.py:183} INFO - Processing /opt/anaconda3/envs/airflow_env/lib/python3.10/site-packages/airflow/example_dags/plugins/listener_plugin.py took 0.029 seconds
[2025-06-25T18:49:33.106-0400] {processor.py:161} INFO - Started process (PID=43529) to work on /opt/anaconda3/envs/airflow_env/lib/python3.10/site-packages/airflow/example_dags/plugins/listener_plugin.py
[2025-06-25T18:49:33.106-0400] {processor.py:830} INFO - Processing file /opt/anaconda3/envs/airflow_env/lib/python3.10/site-packages/airflow/example_dags/plugins/listener_plugin.py for tasks to queue
[2025-06-25T18:49:33.107-0400] {logging_mixin.py:188} INFO - [2025-06-25T18:49:33.107-0400] {dagbag.py:545} INFO - Filling up the DagBag from /opt/anaconda3/envs/airflow_env/lib/python3.10/site-packages/airflow/example_dags/plugins/listener_plugin.py
[2025-06-25T18:49:33.107-0400] {processor.py:842} WARNING - No viable dags retrieved from /opt/anaconda3/envs/airflow_env/lib/python3.10/site-packages/airflow/example_dags/plugins/listener_plugin.py
[2025-06-25T18:49:33.134-0400] {processor.py:183} INFO - Processing /opt/anaconda3/envs/airflow_env/lib/python3.10/site-packages/airflow/example_dags/plugins/listener_plugin.py took 0.030 seconds
[2025-06-25T18:50:08.249-0400] {processor.py:161} INFO - Started process (PID=43583) to work on /opt/anaconda3/envs/airflow_env/lib/python3.10/site-packages/airflow/example_dags/plugins/listener_plugin.py
[2025-06-25T18:50:08.249-0400] {processor.py:830} INFO - Processing file /opt/anaconda3/envs/airflow_env/lib/python3.10/site-packages/airflow/example_dags/plugins/listener_plugin.py for tasks to queue
[2025-06-25T18:50:08.249-0400] {logging_mixin.py:188} INFO - [2025-06-25T18:50:08.249-0400] {dagbag.py:545} INFO - Filling up the DagBag from /opt/anaconda3/envs/airflow_env/lib/python3.10/site-packages/airflow/example_dags/plugins/listener_plugin.py
[2025-06-25T18:50:08.250-0400] {processor.py:842} WARNING - No viable dags retrieved from /opt/anaconda3/envs/airflow_env/lib/python3.10/site-packages/airflow/example_dags/plugins/listener_plugin.py
[2025-06-25T18:50:08.278-0400] {processor.py:183} INFO - Processing /opt/anaconda3/envs/airflow_env/lib/python3.10/site-packages/airflow/example_dags/plugins/listener_plugin.py took 0.031 seconds
[2025-06-25T18:50:17.671-0400] {processor.py:161} INFO - Started process (PID=43596) to work on /opt/anaconda3/envs/airflow_env/lib/python3.10/site-packages/airflow/example_dags/plugins/listener_plugin.py
[2025-06-25T18:50:17.672-0400] {processor.py:830} INFO - Processing file /opt/anaconda3/envs/airflow_env/lib/python3.10/site-packages/airflow/example_dags/plugins/listener_plugin.py for tasks to queue
[2025-06-25T18:50:17.672-0400] {logging_mixin.py:188} INFO - [2025-06-25T18:50:17.672-0400] {dagbag.py:545} INFO - Filling up the DagBag from /opt/anaconda3/envs/airflow_env/lib/python3.10/site-packages/airflow/example_dags/plugins/listener_plugin.py
[2025-06-25T18:50:17.673-0400] {processor.py:842} WARNING - No viable dags retrieved from /opt/anaconda3/envs/airflow_env/lib/python3.10/site-packages/airflow/example_dags/plugins/listener_plugin.py
[2025-06-25T18:50:17.700-0400] {processor.py:183} INFO - Processing /opt/anaconda3/envs/airflow_env/lib/python3.10/site-packages/airflow/example_dags/plugins/listener_plugin.py took 0.031 seconds
[2025-06-25T18:50:52.113-0400] {processor.py:161} INFO - Started process (PID=43674) to work on /opt/anaconda3/envs/airflow_env/lib/python3.10/site-packages/airflow/example_dags/plugins/listener_plugin.py
[2025-06-25T18:50:52.113-0400] {processor.py:830} INFO - Processing file /opt/anaconda3/envs/airflow_env/lib/python3.10/site-packages/airflow/example_dags/plugins/listener_plugin.py for tasks to queue
[2025-06-25T18:50:52.114-0400] {logging_mixin.py:188} INFO - [2025-06-25T18:50:52.114-0400] {dagbag.py:545} INFO - Filling up the DagBag from /opt/anaconda3/envs/airflow_env/lib/python3.10/site-packages/airflow/example_dags/plugins/listener_plugin.py
[2025-06-25T18:50:52.114-0400] {processor.py:842} WARNING - No viable dags retrieved from /opt/anaconda3/envs/airflow_env/lib/python3.10/site-packages/airflow/example_dags/plugins/listener_plugin.py
[2025-06-25T18:50:52.141-0400] {processor.py:183} INFO - Processing /opt/anaconda3/envs/airflow_env/lib/python3.10/site-packages/airflow/example_dags/plugins/listener_plugin.py took 0.029 seconds
[2025-06-25T18:51:03.273-0400] {processor.py:161} INFO - Started process (PID=43694) to work on /opt/anaconda3/envs/airflow_env/lib/python3.10/site-packages/airflow/example_dags/plugins/listener_plugin.py
[2025-06-25T18:51:03.273-0400] {processor.py:830} INFO - Processing file /opt/anaconda3/envs/airflow_env/lib/python3.10/site-packages/airflow/example_dags/plugins/listener_plugin.py for tasks to queue
[2025-06-25T18:51:03.273-0400] {logging_mixin.py:188} INFO - [2025-06-25T18:51:03.273-0400] {dagbag.py:545} INFO - Filling up the DagBag from /opt/anaconda3/envs/airflow_env/lib/python3.10/site-packages/airflow/example_dags/plugins/listener_plugin.py
[2025-06-25T18:51:03.274-0400] {processor.py:842} WARNING - No viable dags retrieved from /opt/anaconda3/envs/airflow_env/lib/python3.10/site-packages/airflow/example_dags/plugins/listener_plugin.py
[2025-06-25T18:51:03.301-0400] {processor.py:183} INFO - Processing /opt/anaconda3/envs/airflow_env/lib/python3.10/site-packages/airflow/example_dags/plugins/listener_plugin.py took 0.030 seconds
[2025-06-25T18:51:37.046-0400] {processor.py:161} INFO - Started process (PID=43760) to work on /opt/anaconda3/envs/airflow_env/lib/python3.10/site-packages/airflow/example_dags/plugins/listener_plugin.py
[2025-06-25T18:51:37.047-0400] {processor.py:830} INFO - Processing file /opt/anaconda3/envs/airflow_env/lib/python3.10/site-packages/airflow/example_dags/plugins/listener_plugin.py for tasks to queue
[2025-06-25T18:51:37.047-0400] {logging_mixin.py:188} INFO - [2025-06-25T18:51:37.047-0400] {dagbag.py:545} INFO - Filling up the DagBag from /opt/anaconda3/envs/airflow_env/lib/python3.10/site-packages/airflow/example_dags/plugins/listener_plugin.py
[2025-06-25T18:51:37.049-0400] {processor.py:842} WARNING - No viable dags retrieved from /opt/anaconda3/envs/airflow_env/lib/python3.10/site-packages/airflow/example_dags/plugins/listener_plugin.py
[2025-06-25T18:51:37.080-0400] {processor.py:183} INFO - Processing /opt/anaconda3/envs/airflow_env/lib/python3.10/site-packages/airflow/example_dags/plugins/listener_plugin.py took 0.035 seconds
[2025-06-25T18:51:49.295-0400] {processor.py:161} INFO - Started process (PID=43778) to work on /opt/anaconda3/envs/airflow_env/lib/python3.10/site-packages/airflow/example_dags/plugins/listener_plugin.py
[2025-06-25T18:51:49.296-0400] {processor.py:830} INFO - Processing file /opt/anaconda3/envs/airflow_env/lib/python3.10/site-packages/airflow/example_dags/plugins/listener_plugin.py for tasks to queue
[2025-06-25T18:51:49.296-0400] {logging_mixin.py:188} INFO - [2025-06-25T18:51:49.296-0400] {dagbag.py:545} INFO - Filling up the DagBag from /opt/anaconda3/envs/airflow_env/lib/python3.10/site-packages/airflow/example_dags/plugins/listener_plugin.py
[2025-06-25T18:51:49.297-0400] {processor.py:842} WARNING - No viable dags retrieved from /opt/anaconda3/envs/airflow_env/lib/python3.10/site-packages/airflow/example_dags/plugins/listener_plugin.py
[2025-06-25T18:51:49.324-0400] {processor.py:183} INFO - Processing /opt/anaconda3/envs/airflow_env/lib/python3.10/site-packages/airflow/example_dags/plugins/listener_plugin.py took 0.030 seconds
[2025-06-25T18:52:25.041-0400] {processor.py:161} INFO - Started process (PID=43832) to work on /opt/anaconda3/envs/airflow_env/lib/python3.10/site-packages/airflow/example_dags/plugins/listener_plugin.py
[2025-06-25T18:52:25.042-0400] {processor.py:830} INFO - Processing file /opt/anaconda3/envs/airflow_env/lib/python3.10/site-packages/airflow/example_dags/plugins/listener_plugin.py for tasks to queue
[2025-06-25T18:52:25.043-0400] {logging_mixin.py:188} INFO - [2025-06-25T18:52:25.043-0400] {dagbag.py:545} INFO - Filling up the DagBag from /opt/anaconda3/envs/airflow_env/lib/python3.10/site-packages/airflow/example_dags/plugins/listener_plugin.py
[2025-06-25T18:52:25.043-0400] {processor.py:842} WARNING - No viable dags retrieved from /opt/anaconda3/envs/airflow_env/lib/python3.10/site-packages/airflow/example_dags/plugins/listener_plugin.py
[2025-06-25T18:52:25.073-0400] {processor.py:183} INFO - Processing /opt/anaconda3/envs/airflow_env/lib/python3.10/site-packages/airflow/example_dags/plugins/listener_plugin.py took 0.034 seconds
[2025-06-25T18:52:34.810-0400] {processor.py:161} INFO - Started process (PID=43847) to work on /opt/anaconda3/envs/airflow_env/lib/python3.10/site-packages/airflow/example_dags/plugins/listener_plugin.py
[2025-06-25T18:52:34.810-0400] {processor.py:830} INFO - Processing file /opt/anaconda3/envs/airflow_env/lib/python3.10/site-packages/airflow/example_dags/plugins/listener_plugin.py for tasks to queue
[2025-06-25T18:52:34.811-0400] {logging_mixin.py:188} INFO - [2025-06-25T18:52:34.811-0400] {dagbag.py:545} INFO - Filling up the DagBag from /opt/anaconda3/envs/airflow_env/lib/python3.10/site-packages/airflow/example_dags/plugins/listener_plugin.py
[2025-06-25T18:52:34.811-0400] {processor.py:842} WARNING - No viable dags retrieved from /opt/anaconda3/envs/airflow_env/lib/python3.10/site-packages/airflow/example_dags/plugins/listener_plugin.py
[2025-06-25T18:52:34.838-0400] {processor.py:183} INFO - Processing /opt/anaconda3/envs/airflow_env/lib/python3.10/site-packages/airflow/example_dags/plugins/listener_plugin.py took 0.030 seconds
[2025-06-25T18:53:10.180-0400] {processor.py:161} INFO - Started process (PID=43907) to work on /opt/anaconda3/envs/airflow_env/lib/python3.10/site-packages/airflow/example_dags/plugins/listener_plugin.py
[2025-06-25T18:53:10.180-0400] {processor.py:830} INFO - Processing file /opt/anaconda3/envs/airflow_env/lib/python3.10/site-packages/airflow/example_dags/plugins/listener_plugin.py for tasks to queue
[2025-06-25T18:53:10.181-0400] {logging_mixin.py:188} INFO - [2025-06-25T18:53:10.181-0400] {dagbag.py:545} INFO - Filling up the DagBag from /opt/anaconda3/envs/airflow_env/lib/python3.10/site-packages/airflow/example_dags/plugins/listener_plugin.py
[2025-06-25T18:53:10.181-0400] {processor.py:842} WARNING - No viable dags retrieved from /opt/anaconda3/envs/airflow_env/lib/python3.10/site-packages/airflow/example_dags/plugins/listener_plugin.py
[2025-06-25T18:53:10.209-0400] {processor.py:183} INFO - Processing /opt/anaconda3/envs/airflow_env/lib/python3.10/site-packages/airflow/example_dags/plugins/listener_plugin.py took 0.031 seconds
[2025-06-25T18:53:22.611-0400] {processor.py:161} INFO - Started process (PID=43925) to work on /opt/anaconda3/envs/airflow_env/lib/python3.10/site-packages/airflow/example_dags/plugins/listener_plugin.py
[2025-06-25T18:53:22.612-0400] {processor.py:830} INFO - Processing file /opt/anaconda3/envs/airflow_env/lib/python3.10/site-packages/airflow/example_dags/plugins/listener_plugin.py for tasks to queue
[2025-06-25T18:53:22.612-0400] {logging_mixin.py:188} INFO - [2025-06-25T18:53:22.612-0400] {dagbag.py:545} INFO - Filling up the DagBag from /opt/anaconda3/envs/airflow_env/lib/python3.10/site-packages/airflow/example_dags/plugins/listener_plugin.py
[2025-06-25T18:53:22.613-0400] {processor.py:842} WARNING - No viable dags retrieved from /opt/anaconda3/envs/airflow_env/lib/python3.10/site-packages/airflow/example_dags/plugins/listener_plugin.py
[2025-06-25T18:53:22.642-0400] {processor.py:183} INFO - Processing /opt/anaconda3/envs/airflow_env/lib/python3.10/site-packages/airflow/example_dags/plugins/listener_plugin.py took 0.033 seconds
[2025-06-25T18:53:54.189-0400] {processor.py:161} INFO - Started process (PID=43969) to work on /opt/anaconda3/envs/airflow_env/lib/python3.10/site-packages/airflow/example_dags/plugins/listener_plugin.py
[2025-06-25T18:53:54.190-0400] {processor.py:830} INFO - Processing file /opt/anaconda3/envs/airflow_env/lib/python3.10/site-packages/airflow/example_dags/plugins/listener_plugin.py for tasks to queue
[2025-06-25T18:53:54.190-0400] {logging_mixin.py:188} INFO - [2025-06-25T18:53:54.190-0400] {dagbag.py:545} INFO - Filling up the DagBag from /opt/anaconda3/envs/airflow_env/lib/python3.10/site-packages/airflow/example_dags/plugins/listener_plugin.py
[2025-06-25T18:53:54.191-0400] {processor.py:842} WARNING - No viable dags retrieved from /opt/anaconda3/envs/airflow_env/lib/python3.10/site-packages/airflow/example_dags/plugins/listener_plugin.py
[2025-06-25T18:53:54.218-0400] {processor.py:183} INFO - Processing /opt/anaconda3/envs/airflow_env/lib/python3.10/site-packages/airflow/example_dags/plugins/listener_plugin.py took 0.030 seconds
[2025-06-25T18:54:08.375-0400] {processor.py:161} INFO - Started process (PID=43990) to work on /opt/anaconda3/envs/airflow_env/lib/python3.10/site-packages/airflow/example_dags/plugins/listener_plugin.py
[2025-06-25T18:54:08.375-0400] {processor.py:830} INFO - Processing file /opt/anaconda3/envs/airflow_env/lib/python3.10/site-packages/airflow/example_dags/plugins/listener_plugin.py for tasks to queue
[2025-06-25T18:54:08.375-0400] {logging_mixin.py:188} INFO - [2025-06-25T18:54:08.375-0400] {dagbag.py:545} INFO - Filling up the DagBag from /opt/anaconda3/envs/airflow_env/lib/python3.10/site-packages/airflow/example_dags/plugins/listener_plugin.py
[2025-06-25T18:54:08.376-0400] {processor.py:842} WARNING - No viable dags retrieved from /opt/anaconda3/envs/airflow_env/lib/python3.10/site-packages/airflow/example_dags/plugins/listener_plugin.py
[2025-06-25T18:54:08.404-0400] {processor.py:183} INFO - Processing /opt/anaconda3/envs/airflow_env/lib/python3.10/site-packages/airflow/example_dags/plugins/listener_plugin.py took 0.031 seconds
[2025-06-25T18:54:37.344-0400] {processor.py:161} INFO - Started process (PID=44035) to work on /opt/anaconda3/envs/airflow_env/lib/python3.10/site-packages/airflow/example_dags/plugins/listener_plugin.py
[2025-06-25T18:54:37.345-0400] {processor.py:830} INFO - Processing file /opt/anaconda3/envs/airflow_env/lib/python3.10/site-packages/airflow/example_dags/plugins/listener_plugin.py for tasks to queue
[2025-06-25T18:54:37.345-0400] {logging_mixin.py:188} INFO - [2025-06-25T18:54:37.345-0400] {dagbag.py:545} INFO - Filling up the DagBag from /opt/anaconda3/envs/airflow_env/lib/python3.10/site-packages/airflow/example_dags/plugins/listener_plugin.py
[2025-06-25T18:54:37.345-0400] {processor.py:842} WARNING - No viable dags retrieved from /opt/anaconda3/envs/airflow_env/lib/python3.10/site-packages/airflow/example_dags/plugins/listener_plugin.py
[2025-06-25T18:54:37.373-0400] {processor.py:183} INFO - Processing /opt/anaconda3/envs/airflow_env/lib/python3.10/site-packages/airflow/example_dags/plugins/listener_plugin.py took 0.030 seconds
[2025-06-25T18:54:54.736-0400] {processor.py:161} INFO - Started process (PID=44067) to work on /opt/anaconda3/envs/airflow_env/lib/python3.10/site-packages/airflow/example_dags/plugins/listener_plugin.py
[2025-06-25T18:54:54.737-0400] {processor.py:830} INFO - Processing file /opt/anaconda3/envs/airflow_env/lib/python3.10/site-packages/airflow/example_dags/plugins/listener_plugin.py for tasks to queue
[2025-06-25T18:54:54.737-0400] {logging_mixin.py:188} INFO - [2025-06-25T18:54:54.737-0400] {dagbag.py:545} INFO - Filling up the DagBag from /opt/anaconda3/envs/airflow_env/lib/python3.10/site-packages/airflow/example_dags/plugins/listener_plugin.py
[2025-06-25T18:54:54.738-0400] {processor.py:842} WARNING - No viable dags retrieved from /opt/anaconda3/envs/airflow_env/lib/python3.10/site-packages/airflow/example_dags/plugins/listener_plugin.py
[2025-06-25T18:54:54.764-0400] {processor.py:183} INFO - Processing /opt/anaconda3/envs/airflow_env/lib/python3.10/site-packages/airflow/example_dags/plugins/listener_plugin.py took 0.030 seconds
[2025-06-25T18:55:19.330-0400] {processor.py:161} INFO - Started process (PID=44103) to work on /opt/anaconda3/envs/airflow_env/lib/python3.10/site-packages/airflow/example_dags/plugins/listener_plugin.py
[2025-06-25T18:55:19.331-0400] {processor.py:830} INFO - Processing file /opt/anaconda3/envs/airflow_env/lib/python3.10/site-packages/airflow/example_dags/plugins/listener_plugin.py for tasks to queue
[2025-06-25T18:55:19.331-0400] {logging_mixin.py:188} INFO - [2025-06-25T18:55:19.331-0400] {dagbag.py:545} INFO - Filling up the DagBag from /opt/anaconda3/envs/airflow_env/lib/python3.10/site-packages/airflow/example_dags/plugins/listener_plugin.py
[2025-06-25T18:55:19.332-0400] {processor.py:842} WARNING - No viable dags retrieved from /opt/anaconda3/envs/airflow_env/lib/python3.10/site-packages/airflow/example_dags/plugins/listener_plugin.py
[2025-06-25T18:55:19.358-0400] {processor.py:183} INFO - Processing /opt/anaconda3/envs/airflow_env/lib/python3.10/site-packages/airflow/example_dags/plugins/listener_plugin.py took 0.029 seconds
[2025-06-25T18:55:40.573-0400] {processor.py:161} INFO - Started process (PID=44134) to work on /opt/anaconda3/envs/airflow_env/lib/python3.10/site-packages/airflow/example_dags/plugins/listener_plugin.py
[2025-06-25T18:55:40.573-0400] {processor.py:830} INFO - Processing file /opt/anaconda3/envs/airflow_env/lib/python3.10/site-packages/airflow/example_dags/plugins/listener_plugin.py for tasks to queue
[2025-06-25T18:55:40.573-0400] {logging_mixin.py:188} INFO - [2025-06-25T18:55:40.573-0400] {dagbag.py:545} INFO - Filling up the DagBag from /opt/anaconda3/envs/airflow_env/lib/python3.10/site-packages/airflow/example_dags/plugins/listener_plugin.py
[2025-06-25T18:55:40.574-0400] {processor.py:842} WARNING - No viable dags retrieved from /opt/anaconda3/envs/airflow_env/lib/python3.10/site-packages/airflow/example_dags/plugins/listener_plugin.py
[2025-06-25T18:55:40.600-0400] {processor.py:183} INFO - Processing /opt/anaconda3/envs/airflow_env/lib/python3.10/site-packages/airflow/example_dags/plugins/listener_plugin.py took 0.029 seconds
[2025-06-25T18:56:05.159-0400] {processor.py:161} INFO - Started process (PID=44178) to work on /opt/anaconda3/envs/airflow_env/lib/python3.10/site-packages/airflow/example_dags/plugins/listener_plugin.py
[2025-06-25T18:56:05.159-0400] {processor.py:830} INFO - Processing file /opt/anaconda3/envs/airflow_env/lib/python3.10/site-packages/airflow/example_dags/plugins/listener_plugin.py for tasks to queue
[2025-06-25T18:56:05.159-0400] {logging_mixin.py:188} INFO - [2025-06-25T18:56:05.159-0400] {dagbag.py:545} INFO - Filling up the DagBag from /opt/anaconda3/envs/airflow_env/lib/python3.10/site-packages/airflow/example_dags/plugins/listener_plugin.py
[2025-06-25T18:56:05.160-0400] {processor.py:842} WARNING - No viable dags retrieved from /opt/anaconda3/envs/airflow_env/lib/python3.10/site-packages/airflow/example_dags/plugins/listener_plugin.py
[2025-06-25T18:56:05.187-0400] {processor.py:183} INFO - Processing /opt/anaconda3/envs/airflow_env/lib/python3.10/site-packages/airflow/example_dags/plugins/listener_plugin.py took 0.029 seconds
[2025-06-25T18:56:24.721-0400] {processor.py:161} INFO - Started process (PID=44211) to work on /opt/anaconda3/envs/airflow_env/lib/python3.10/site-packages/airflow/example_dags/plugins/listener_plugin.py
[2025-06-25T18:56:24.721-0400] {processor.py:830} INFO - Processing file /opt/anaconda3/envs/airflow_env/lib/python3.10/site-packages/airflow/example_dags/plugins/listener_plugin.py for tasks to queue
[2025-06-25T18:56:24.721-0400] {logging_mixin.py:188} INFO - [2025-06-25T18:56:24.721-0400] {dagbag.py:545} INFO - Filling up the DagBag from /opt/anaconda3/envs/airflow_env/lib/python3.10/site-packages/airflow/example_dags/plugins/listener_plugin.py
[2025-06-25T18:56:24.722-0400] {processor.py:842} WARNING - No viable dags retrieved from /opt/anaconda3/envs/airflow_env/lib/python3.10/site-packages/airflow/example_dags/plugins/listener_plugin.py
[2025-06-25T18:56:24.752-0400] {processor.py:183} INFO - Processing /opt/anaconda3/envs/airflow_env/lib/python3.10/site-packages/airflow/example_dags/plugins/listener_plugin.py took 0.033 seconds
[2025-06-25T18:56:52.009-0400] {processor.py:161} INFO - Started process (PID=44251) to work on /opt/anaconda3/envs/airflow_env/lib/python3.10/site-packages/airflow/example_dags/plugins/listener_plugin.py
[2025-06-25T18:56:52.009-0400] {processor.py:830} INFO - Processing file /opt/anaconda3/envs/airflow_env/lib/python3.10/site-packages/airflow/example_dags/plugins/listener_plugin.py for tasks to queue
[2025-06-25T18:56:52.009-0400] {logging_mixin.py:188} INFO - [2025-06-25T18:56:52.009-0400] {dagbag.py:545} INFO - Filling up the DagBag from /opt/anaconda3/envs/airflow_env/lib/python3.10/site-packages/airflow/example_dags/plugins/listener_plugin.py
[2025-06-25T18:56:52.010-0400] {processor.py:842} WARNING - No viable dags retrieved from /opt/anaconda3/envs/airflow_env/lib/python3.10/site-packages/airflow/example_dags/plugins/listener_plugin.py
[2025-06-25T18:56:52.036-0400] {processor.py:183} INFO - Processing /opt/anaconda3/envs/airflow_env/lib/python3.10/site-packages/airflow/example_dags/plugins/listener_plugin.py took 0.029 seconds
[2025-06-25T18:57:07.023-0400] {processor.py:161} INFO - Started process (PID=44274) to work on /opt/anaconda3/envs/airflow_env/lib/python3.10/site-packages/airflow/example_dags/plugins/listener_plugin.py
[2025-06-25T18:57:07.023-0400] {processor.py:830} INFO - Processing file /opt/anaconda3/envs/airflow_env/lib/python3.10/site-packages/airflow/example_dags/plugins/listener_plugin.py for tasks to queue
[2025-06-25T18:57:07.024-0400] {logging_mixin.py:188} INFO - [2025-06-25T18:57:07.023-0400] {dagbag.py:545} INFO - Filling up the DagBag from /opt/anaconda3/envs/airflow_env/lib/python3.10/site-packages/airflow/example_dags/plugins/listener_plugin.py
[2025-06-25T18:57:07.024-0400] {processor.py:842} WARNING - No viable dags retrieved from /opt/anaconda3/envs/airflow_env/lib/python3.10/site-packages/airflow/example_dags/plugins/listener_plugin.py
[2025-06-25T18:57:07.051-0400] {processor.py:183} INFO - Processing /opt/anaconda3/envs/airflow_env/lib/python3.10/site-packages/airflow/example_dags/plugins/listener_plugin.py took 0.030 seconds
[2025-06-25T18:57:37.785-0400] {processor.py:161} INFO - Started process (PID=44317) to work on /opt/anaconda3/envs/airflow_env/lib/python3.10/site-packages/airflow/example_dags/plugins/listener_plugin.py
[2025-06-25T18:57:37.785-0400] {processor.py:830} INFO - Processing file /opt/anaconda3/envs/airflow_env/lib/python3.10/site-packages/airflow/example_dags/plugins/listener_plugin.py for tasks to queue
[2025-06-25T18:57:37.785-0400] {logging_mixin.py:188} INFO - [2025-06-25T18:57:37.785-0400] {dagbag.py:545} INFO - Filling up the DagBag from /opt/anaconda3/envs/airflow_env/lib/python3.10/site-packages/airflow/example_dags/plugins/listener_plugin.py
[2025-06-25T18:57:37.786-0400] {processor.py:842} WARNING - No viable dags retrieved from /opt/anaconda3/envs/airflow_env/lib/python3.10/site-packages/airflow/example_dags/plugins/listener_plugin.py
[2025-06-25T18:57:37.813-0400] {processor.py:183} INFO - Processing /opt/anaconda3/envs/airflow_env/lib/python3.10/site-packages/airflow/example_dags/plugins/listener_plugin.py took 0.029 seconds
[2025-06-25T18:57:53.215-0400] {processor.py:161} INFO - Started process (PID=44340) to work on /opt/anaconda3/envs/airflow_env/lib/python3.10/site-packages/airflow/example_dags/plugins/listener_plugin.py
[2025-06-25T18:57:53.216-0400] {processor.py:830} INFO - Processing file /opt/anaconda3/envs/airflow_env/lib/python3.10/site-packages/airflow/example_dags/plugins/listener_plugin.py for tasks to queue
[2025-06-25T18:57:53.216-0400] {logging_mixin.py:188} INFO - [2025-06-25T18:57:53.216-0400] {dagbag.py:545} INFO - Filling up the DagBag from /opt/anaconda3/envs/airflow_env/lib/python3.10/site-packages/airflow/example_dags/plugins/listener_plugin.py
[2025-06-25T18:57:53.217-0400] {processor.py:842} WARNING - No viable dags retrieved from /opt/anaconda3/envs/airflow_env/lib/python3.10/site-packages/airflow/example_dags/plugins/listener_plugin.py
[2025-06-25T18:57:53.243-0400] {processor.py:183} INFO - Processing /opt/anaconda3/envs/airflow_env/lib/python3.10/site-packages/airflow/example_dags/plugins/listener_plugin.py took 0.029 seconds
[2025-06-25T18:58:23.062-0400] {processor.py:161} INFO - Started process (PID=44388) to work on /opt/anaconda3/envs/airflow_env/lib/python3.10/site-packages/airflow/example_dags/plugins/listener_plugin.py
[2025-06-25T18:58:23.063-0400] {processor.py:830} INFO - Processing file /opt/anaconda3/envs/airflow_env/lib/python3.10/site-packages/airflow/example_dags/plugins/listener_plugin.py for tasks to queue
[2025-06-25T18:58:23.063-0400] {logging_mixin.py:188} INFO - [2025-06-25T18:58:23.063-0400] {dagbag.py:545} INFO - Filling up the DagBag from /opt/anaconda3/envs/airflow_env/lib/python3.10/site-packages/airflow/example_dags/plugins/listener_plugin.py
[2025-06-25T18:58:23.064-0400] {processor.py:842} WARNING - No viable dags retrieved from /opt/anaconda3/envs/airflow_env/lib/python3.10/site-packages/airflow/example_dags/plugins/listener_plugin.py
[2025-06-25T18:58:23.093-0400] {processor.py:183} INFO - Processing /opt/anaconda3/envs/airflow_env/lib/python3.10/site-packages/airflow/example_dags/plugins/listener_plugin.py took 0.033 seconds
[2025-06-25T18:58:38.507-0400] {processor.py:161} INFO - Started process (PID=44410) to work on /opt/anaconda3/envs/airflow_env/lib/python3.10/site-packages/airflow/example_dags/plugins/listener_plugin.py
[2025-06-25T18:58:38.507-0400] {processor.py:830} INFO - Processing file /opt/anaconda3/envs/airflow_env/lib/python3.10/site-packages/airflow/example_dags/plugins/listener_plugin.py for tasks to queue
[2025-06-25T18:58:38.507-0400] {logging_mixin.py:188} INFO - [2025-06-25T18:58:38.507-0400] {dagbag.py:545} INFO - Filling up the DagBag from /opt/anaconda3/envs/airflow_env/lib/python3.10/site-packages/airflow/example_dags/plugins/listener_plugin.py
[2025-06-25T18:58:38.508-0400] {processor.py:842} WARNING - No viable dags retrieved from /opt/anaconda3/envs/airflow_env/lib/python3.10/site-packages/airflow/example_dags/plugins/listener_plugin.py
[2025-06-25T18:58:38.536-0400] {processor.py:183} INFO - Processing /opt/anaconda3/envs/airflow_env/lib/python3.10/site-packages/airflow/example_dags/plugins/listener_plugin.py took 0.031 seconds
[2025-06-25T18:59:07.725-0400] {processor.py:161} INFO - Started process (PID=44460) to work on /opt/anaconda3/envs/airflow_env/lib/python3.10/site-packages/airflow/example_dags/plugins/listener_plugin.py
[2025-06-25T18:59:07.725-0400] {processor.py:830} INFO - Processing file /opt/anaconda3/envs/airflow_env/lib/python3.10/site-packages/airflow/example_dags/plugins/listener_plugin.py for tasks to queue
[2025-06-25T18:59:07.726-0400] {logging_mixin.py:188} INFO - [2025-06-25T18:59:07.726-0400] {dagbag.py:545} INFO - Filling up the DagBag from /opt/anaconda3/envs/airflow_env/lib/python3.10/site-packages/airflow/example_dags/plugins/listener_plugin.py
[2025-06-25T18:59:07.726-0400] {processor.py:842} WARNING - No viable dags retrieved from /opt/anaconda3/envs/airflow_env/lib/python3.10/site-packages/airflow/example_dags/plugins/listener_plugin.py
[2025-06-25T18:59:07.754-0400] {processor.py:183} INFO - Processing /opt/anaconda3/envs/airflow_env/lib/python3.10/site-packages/airflow/example_dags/plugins/listener_plugin.py took 0.030 seconds
[2025-06-25T18:59:20.653-0400] {processor.py:161} INFO - Started process (PID=44480) to work on /opt/anaconda3/envs/airflow_env/lib/python3.10/site-packages/airflow/example_dags/plugins/listener_plugin.py
[2025-06-25T18:59:20.654-0400] {processor.py:830} INFO - Processing file /opt/anaconda3/envs/airflow_env/lib/python3.10/site-packages/airflow/example_dags/plugins/listener_plugin.py for tasks to queue
[2025-06-25T18:59:20.654-0400] {logging_mixin.py:188} INFO - [2025-06-25T18:59:20.654-0400] {dagbag.py:545} INFO - Filling up the DagBag from /opt/anaconda3/envs/airflow_env/lib/python3.10/site-packages/airflow/example_dags/plugins/listener_plugin.py
[2025-06-25T18:59:20.655-0400] {processor.py:842} WARNING - No viable dags retrieved from /opt/anaconda3/envs/airflow_env/lib/python3.10/site-packages/airflow/example_dags/plugins/listener_plugin.py
[2025-06-25T18:59:20.681-0400] {processor.py:183} INFO - Processing /opt/anaconda3/envs/airflow_env/lib/python3.10/site-packages/airflow/example_dags/plugins/listener_plugin.py took 0.030 seconds
[2025-06-25T18:59:51.252-0400] {processor.py:161} INFO - Started process (PID=44527) to work on /opt/anaconda3/envs/airflow_env/lib/python3.10/site-packages/airflow/example_dags/plugins/listener_plugin.py
[2025-06-25T18:59:51.252-0400] {processor.py:830} INFO - Processing file /opt/anaconda3/envs/airflow_env/lib/python3.10/site-packages/airflow/example_dags/plugins/listener_plugin.py for tasks to queue
[2025-06-25T18:59:51.252-0400] {logging_mixin.py:188} INFO - [2025-06-25T18:59:51.252-0400] {dagbag.py:545} INFO - Filling up the DagBag from /opt/anaconda3/envs/airflow_env/lib/python3.10/site-packages/airflow/example_dags/plugins/listener_plugin.py
[2025-06-25T18:59:51.253-0400] {processor.py:842} WARNING - No viable dags retrieved from /opt/anaconda3/envs/airflow_env/lib/python3.10/site-packages/airflow/example_dags/plugins/listener_plugin.py
[2025-06-25T18:59:51.280-0400] {processor.py:183} INFO - Processing /opt/anaconda3/envs/airflow_env/lib/python3.10/site-packages/airflow/example_dags/plugins/listener_plugin.py took 0.030 seconds
[2025-06-25T19:00:01.530-0400] {processor.py:161} INFO - Started process (PID=44545) to work on /opt/anaconda3/envs/airflow_env/lib/python3.10/site-packages/airflow/example_dags/plugins/listener_plugin.py
[2025-06-25T19:00:01.530-0400] {processor.py:830} INFO - Processing file /opt/anaconda3/envs/airflow_env/lib/python3.10/site-packages/airflow/example_dags/plugins/listener_plugin.py for tasks to queue
[2025-06-25T19:00:01.531-0400] {logging_mixin.py:188} INFO - [2025-06-25T19:00:01.531-0400] {dagbag.py:545} INFO - Filling up the DagBag from /opt/anaconda3/envs/airflow_env/lib/python3.10/site-packages/airflow/example_dags/plugins/listener_plugin.py
[2025-06-25T19:00:01.531-0400] {processor.py:842} WARNING - No viable dags retrieved from /opt/anaconda3/envs/airflow_env/lib/python3.10/site-packages/airflow/example_dags/plugins/listener_plugin.py
[2025-06-25T19:00:01.559-0400] {processor.py:183} INFO - Processing /opt/anaconda3/envs/airflow_env/lib/python3.10/site-packages/airflow/example_dags/plugins/listener_plugin.py took 0.031 seconds
[2025-06-25T19:00:36.450-0400] {processor.py:161} INFO - Started process (PID=44600) to work on /opt/anaconda3/envs/airflow_env/lib/python3.10/site-packages/airflow/example_dags/plugins/listener_plugin.py
[2025-06-25T19:00:36.450-0400] {processor.py:830} INFO - Processing file /opt/anaconda3/envs/airflow_env/lib/python3.10/site-packages/airflow/example_dags/plugins/listener_plugin.py for tasks to queue
[2025-06-25T19:00:36.450-0400] {logging_mixin.py:188} INFO - [2025-06-25T19:00:36.450-0400] {dagbag.py:545} INFO - Filling up the DagBag from /opt/anaconda3/envs/airflow_env/lib/python3.10/site-packages/airflow/example_dags/plugins/listener_plugin.py
[2025-06-25T19:00:36.451-0400] {processor.py:842} WARNING - No viable dags retrieved from /opt/anaconda3/envs/airflow_env/lib/python3.10/site-packages/airflow/example_dags/plugins/listener_plugin.py
[2025-06-25T19:00:36.478-0400] {processor.py:183} INFO - Processing /opt/anaconda3/envs/airflow_env/lib/python3.10/site-packages/airflow/example_dags/plugins/listener_plugin.py took 0.030 seconds
[2025-06-25T19:00:44.697-0400] {processor.py:161} INFO - Started process (PID=44618) to work on /opt/anaconda3/envs/airflow_env/lib/python3.10/site-packages/airflow/example_dags/plugins/listener_plugin.py
[2025-06-25T19:00:44.697-0400] {processor.py:830} INFO - Processing file /opt/anaconda3/envs/airflow_env/lib/python3.10/site-packages/airflow/example_dags/plugins/listener_plugin.py for tasks to queue
[2025-06-25T19:00:44.697-0400] {logging_mixin.py:188} INFO - [2025-06-25T19:00:44.697-0400] {dagbag.py:545} INFO - Filling up the DagBag from /opt/anaconda3/envs/airflow_env/lib/python3.10/site-packages/airflow/example_dags/plugins/listener_plugin.py
[2025-06-25T19:00:44.698-0400] {processor.py:842} WARNING - No viable dags retrieved from /opt/anaconda3/envs/airflow_env/lib/python3.10/site-packages/airflow/example_dags/plugins/listener_plugin.py
[2025-06-25T19:00:44.724-0400] {processor.py:183} INFO - Processing /opt/anaconda3/envs/airflow_env/lib/python3.10/site-packages/airflow/example_dags/plugins/listener_plugin.py took 0.030 seconds
[2025-06-25T19:01:22.082-0400] {processor.py:161} INFO - Started process (PID=44689) to work on /opt/anaconda3/envs/airflow_env/lib/python3.10/site-packages/airflow/example_dags/plugins/listener_plugin.py
[2025-06-25T19:01:22.082-0400] {processor.py:830} INFO - Processing file /opt/anaconda3/envs/airflow_env/lib/python3.10/site-packages/airflow/example_dags/plugins/listener_plugin.py for tasks to queue
[2025-06-25T19:01:22.082-0400] {logging_mixin.py:188} INFO - [2025-06-25T19:01:22.082-0400] {dagbag.py:545} INFO - Filling up the DagBag from /opt/anaconda3/envs/airflow_env/lib/python3.10/site-packages/airflow/example_dags/plugins/listener_plugin.py
[2025-06-25T19:01:22.084-0400] {processor.py:842} WARNING - No viable dags retrieved from /opt/anaconda3/envs/airflow_env/lib/python3.10/site-packages/airflow/example_dags/plugins/listener_plugin.py
[2025-06-25T19:01:22.111-0400] {processor.py:183} INFO - Processing /opt/anaconda3/envs/airflow_env/lib/python3.10/site-packages/airflow/example_dags/plugins/listener_plugin.py took 0.031 seconds
[2025-06-25T19:01:28.429-0400] {processor.py:161} INFO - Started process (PID=44698) to work on /opt/anaconda3/envs/airflow_env/lib/python3.10/site-packages/airflow/example_dags/plugins/listener_plugin.py
[2025-06-25T19:01:28.429-0400] {processor.py:830} INFO - Processing file /opt/anaconda3/envs/airflow_env/lib/python3.10/site-packages/airflow/example_dags/plugins/listener_plugin.py for tasks to queue
[2025-06-25T19:01:28.430-0400] {logging_mixin.py:188} INFO - [2025-06-25T19:01:28.429-0400] {dagbag.py:545} INFO - Filling up the DagBag from /opt/anaconda3/envs/airflow_env/lib/python3.10/site-packages/airflow/example_dags/plugins/listener_plugin.py
[2025-06-25T19:01:28.431-0400] {processor.py:842} WARNING - No viable dags retrieved from /opt/anaconda3/envs/airflow_env/lib/python3.10/site-packages/airflow/example_dags/plugins/listener_plugin.py
[2025-06-25T19:01:28.457-0400] {processor.py:183} INFO - Processing /opt/anaconda3/envs/airflow_env/lib/python3.10/site-packages/airflow/example_dags/plugins/listener_plugin.py took 0.030 seconds
[2025-06-25T19:02:06.339-0400] {processor.py:161} INFO - Started process (PID=44755) to work on /opt/anaconda3/envs/airflow_env/lib/python3.10/site-packages/airflow/example_dags/plugins/listener_plugin.py
[2025-06-25T19:02:06.340-0400] {processor.py:830} INFO - Processing file /opt/anaconda3/envs/airflow_env/lib/python3.10/site-packages/airflow/example_dags/plugins/listener_plugin.py for tasks to queue
[2025-06-25T19:02:06.340-0400] {logging_mixin.py:188} INFO - [2025-06-25T19:02:06.340-0400] {dagbag.py:545} INFO - Filling up the DagBag from /opt/anaconda3/envs/airflow_env/lib/python3.10/site-packages/airflow/example_dags/plugins/listener_plugin.py
[2025-06-25T19:02:06.341-0400] {processor.py:842} WARNING - No viable dags retrieved from /opt/anaconda3/envs/airflow_env/lib/python3.10/site-packages/airflow/example_dags/plugins/listener_plugin.py
[2025-06-25T19:02:06.369-0400] {processor.py:183} INFO - Processing /opt/anaconda3/envs/airflow_env/lib/python3.10/site-packages/airflow/example_dags/plugins/listener_plugin.py took 0.032 seconds
[2025-06-25T19:02:13.116-0400] {processor.py:161} INFO - Started process (PID=44763) to work on /opt/anaconda3/envs/airflow_env/lib/python3.10/site-packages/airflow/example_dags/plugins/listener_plugin.py
[2025-06-25T19:02:13.117-0400] {processor.py:830} INFO - Processing file /opt/anaconda3/envs/airflow_env/lib/python3.10/site-packages/airflow/example_dags/plugins/listener_plugin.py for tasks to queue
[2025-06-25T19:02:13.117-0400] {logging_mixin.py:188} INFO - [2025-06-25T19:02:13.117-0400] {dagbag.py:545} INFO - Filling up the DagBag from /opt/anaconda3/envs/airflow_env/lib/python3.10/site-packages/airflow/example_dags/plugins/listener_plugin.py
[2025-06-25T19:02:13.118-0400] {processor.py:842} WARNING - No viable dags retrieved from /opt/anaconda3/envs/airflow_env/lib/python3.10/site-packages/airflow/example_dags/plugins/listener_plugin.py
[2025-06-25T19:02:13.146-0400] {processor.py:183} INFO - Processing /opt/anaconda3/envs/airflow_env/lib/python3.10/site-packages/airflow/example_dags/plugins/listener_plugin.py took 0.031 seconds
[2025-06-25T19:02:49.959-0400] {processor.py:161} INFO - Started process (PID=44829) to work on /opt/anaconda3/envs/airflow_env/lib/python3.10/site-packages/airflow/example_dags/plugins/listener_plugin.py
[2025-06-25T19:02:49.959-0400] {processor.py:830} INFO - Processing file /opt/anaconda3/envs/airflow_env/lib/python3.10/site-packages/airflow/example_dags/plugins/listener_plugin.py for tasks to queue
[2025-06-25T19:02:49.959-0400] {logging_mixin.py:188} INFO - [2025-06-25T19:02:49.959-0400] {dagbag.py:545} INFO - Filling up the DagBag from /opt/anaconda3/envs/airflow_env/lib/python3.10/site-packages/airflow/example_dags/plugins/listener_plugin.py
[2025-06-25T19:02:49.961-0400] {processor.py:842} WARNING - No viable dags retrieved from /opt/anaconda3/envs/airflow_env/lib/python3.10/site-packages/airflow/example_dags/plugins/listener_plugin.py
[2025-06-25T19:02:49.989-0400] {processor.py:183} INFO - Processing /opt/anaconda3/envs/airflow_env/lib/python3.10/site-packages/airflow/example_dags/plugins/listener_plugin.py took 0.032 seconds
[2025-06-25T19:02:58.422-0400] {processor.py:161} INFO - Started process (PID=44845) to work on /opt/anaconda3/envs/airflow_env/lib/python3.10/site-packages/airflow/example_dags/plugins/listener_plugin.py
[2025-06-25T19:02:58.422-0400] {processor.py:830} INFO - Processing file /opt/anaconda3/envs/airflow_env/lib/python3.10/site-packages/airflow/example_dags/plugins/listener_plugin.py for tasks to queue
[2025-06-25T19:02:58.422-0400] {logging_mixin.py:188} INFO - [2025-06-25T19:02:58.422-0400] {dagbag.py:545} INFO - Filling up the DagBag from /opt/anaconda3/envs/airflow_env/lib/python3.10/site-packages/airflow/example_dags/plugins/listener_plugin.py
[2025-06-25T19:02:58.423-0400] {processor.py:842} WARNING - No viable dags retrieved from /opt/anaconda3/envs/airflow_env/lib/python3.10/site-packages/airflow/example_dags/plugins/listener_plugin.py
[2025-06-25T19:02:58.454-0400] {processor.py:183} INFO - Processing /opt/anaconda3/envs/airflow_env/lib/python3.10/site-packages/airflow/example_dags/plugins/listener_plugin.py took 0.034 seconds
[2025-06-25T19:03:36.766-0400] {processor.py:161} INFO - Started process (PID=44917) to work on /opt/anaconda3/envs/airflow_env/lib/python3.10/site-packages/airflow/example_dags/plugins/listener_plugin.py
[2025-06-25T19:03:36.767-0400] {processor.py:830} INFO - Processing file /opt/anaconda3/envs/airflow_env/lib/python3.10/site-packages/airflow/example_dags/plugins/listener_plugin.py for tasks to queue
[2025-06-25T19:03:36.767-0400] {logging_mixin.py:188} INFO - [2025-06-25T19:03:36.767-0400] {dagbag.py:545} INFO - Filling up the DagBag from /opt/anaconda3/envs/airflow_env/lib/python3.10/site-packages/airflow/example_dags/plugins/listener_plugin.py
[2025-06-25T19:03:36.768-0400] {processor.py:842} WARNING - No viable dags retrieved from /opt/anaconda3/envs/airflow_env/lib/python3.10/site-packages/airflow/example_dags/plugins/listener_plugin.py
[2025-06-25T19:03:36.797-0400] {processor.py:183} INFO - Processing /opt/anaconda3/envs/airflow_env/lib/python3.10/site-packages/airflow/example_dags/plugins/listener_plugin.py took 0.033 seconds
[2025-06-25T19:03:41.708-0400] {processor.py:161} INFO - Started process (PID=44924) to work on /opt/anaconda3/envs/airflow_env/lib/python3.10/site-packages/airflow/example_dags/plugins/listener_plugin.py
[2025-06-25T19:03:41.708-0400] {processor.py:830} INFO - Processing file /opt/anaconda3/envs/airflow_env/lib/python3.10/site-packages/airflow/example_dags/plugins/listener_plugin.py for tasks to queue
[2025-06-25T19:03:41.708-0400] {logging_mixin.py:188} INFO - [2025-06-25T19:03:41.708-0400] {dagbag.py:545} INFO - Filling up the DagBag from /opt/anaconda3/envs/airflow_env/lib/python3.10/site-packages/airflow/example_dags/plugins/listener_plugin.py
[2025-06-25T19:03:41.709-0400] {processor.py:842} WARNING - No viable dags retrieved from /opt/anaconda3/envs/airflow_env/lib/python3.10/site-packages/airflow/example_dags/plugins/listener_plugin.py
[2025-06-25T19:03:41.737-0400] {processor.py:183} INFO - Processing /opt/anaconda3/envs/airflow_env/lib/python3.10/site-packages/airflow/example_dags/plugins/listener_plugin.py took 0.031 seconds
[2025-06-25T19:04:24.105-0400] {processor.py:161} INFO - Started process (PID=44992) to work on /opt/anaconda3/envs/airflow_env/lib/python3.10/site-packages/airflow/example_dags/plugins/listener_plugin.py
[2025-06-25T19:04:24.106-0400] {processor.py:830} INFO - Processing file /opt/anaconda3/envs/airflow_env/lib/python3.10/site-packages/airflow/example_dags/plugins/listener_plugin.py for tasks to queue
[2025-06-25T19:04:24.106-0400] {logging_mixin.py:188} INFO - [2025-06-25T19:04:24.106-0400] {dagbag.py:545} INFO - Filling up the DagBag from /opt/anaconda3/envs/airflow_env/lib/python3.10/site-packages/airflow/example_dags/plugins/listener_plugin.py
[2025-06-25T19:04:24.107-0400] {processor.py:842} WARNING - No viable dags retrieved from /opt/anaconda3/envs/airflow_env/lib/python3.10/site-packages/airflow/example_dags/plugins/listener_plugin.py
[2025-06-25T19:04:24.134-0400] {processor.py:183} INFO - Processing /opt/anaconda3/envs/airflow_env/lib/python3.10/site-packages/airflow/example_dags/plugins/listener_plugin.py took 0.030 seconds
[2025-06-25T19:04:27.846-0400] {processor.py:161} INFO - Started process (PID=44997) to work on /opt/anaconda3/envs/airflow_env/lib/python3.10/site-packages/airflow/example_dags/plugins/listener_plugin.py
[2025-06-25T19:04:27.846-0400] {processor.py:830} INFO - Processing file /opt/anaconda3/envs/airflow_env/lib/python3.10/site-packages/airflow/example_dags/plugins/listener_plugin.py for tasks to queue
[2025-06-25T19:04:27.847-0400] {logging_mixin.py:188} INFO - [2025-06-25T19:04:27.847-0400] {dagbag.py:545} INFO - Filling up the DagBag from /opt/anaconda3/envs/airflow_env/lib/python3.10/site-packages/airflow/example_dags/plugins/listener_plugin.py
[2025-06-25T19:04:27.847-0400] {processor.py:842} WARNING - No viable dags retrieved from /opt/anaconda3/envs/airflow_env/lib/python3.10/site-packages/airflow/example_dags/plugins/listener_plugin.py
[2025-06-25T19:04:27.875-0400] {processor.py:183} INFO - Processing /opt/anaconda3/envs/airflow_env/lib/python3.10/site-packages/airflow/example_dags/plugins/listener_plugin.py took 0.031 seconds
[2025-06-25T19:05:09.788-0400] {processor.py:161} INFO - Started process (PID=45084) to work on /opt/anaconda3/envs/airflow_env/lib/python3.10/site-packages/airflow/example_dags/plugins/listener_plugin.py
[2025-06-25T19:05:09.789-0400] {processor.py:830} INFO - Processing file /opt/anaconda3/envs/airflow_env/lib/python3.10/site-packages/airflow/example_dags/plugins/listener_plugin.py for tasks to queue
[2025-06-25T19:05:09.789-0400] {logging_mixin.py:188} INFO - [2025-06-25T19:05:09.789-0400] {dagbag.py:545} INFO - Filling up the DagBag from /opt/anaconda3/envs/airflow_env/lib/python3.10/site-packages/airflow/example_dags/plugins/listener_plugin.py
[2025-06-25T19:05:09.790-0400] {processor.py:842} WARNING - No viable dags retrieved from /opt/anaconda3/envs/airflow_env/lib/python3.10/site-packages/airflow/example_dags/plugins/listener_plugin.py
[2025-06-25T19:05:09.820-0400] {processor.py:183} INFO - Processing /opt/anaconda3/envs/airflow_env/lib/python3.10/site-packages/airflow/example_dags/plugins/listener_plugin.py took 0.033 seconds
[2025-06-25T19:05:14.606-0400] {processor.py:161} INFO - Started process (PID=45089) to work on /opt/anaconda3/envs/airflow_env/lib/python3.10/site-packages/airflow/example_dags/plugins/listener_plugin.py
[2025-06-25T19:05:14.606-0400] {processor.py:830} INFO - Processing file /opt/anaconda3/envs/airflow_env/lib/python3.10/site-packages/airflow/example_dags/plugins/listener_plugin.py for tasks to queue
[2025-06-25T19:05:14.606-0400] {logging_mixin.py:188} INFO - [2025-06-25T19:05:14.606-0400] {dagbag.py:545} INFO - Filling up the DagBag from /opt/anaconda3/envs/airflow_env/lib/python3.10/site-packages/airflow/example_dags/plugins/listener_plugin.py
[2025-06-25T19:05:14.607-0400] {processor.py:842} WARNING - No viable dags retrieved from /opt/anaconda3/envs/airflow_env/lib/python3.10/site-packages/airflow/example_dags/plugins/listener_plugin.py
[2025-06-25T19:05:14.635-0400] {processor.py:183} INFO - Processing /opt/anaconda3/envs/airflow_env/lib/python3.10/site-packages/airflow/example_dags/plugins/listener_plugin.py took 0.031 seconds
[2025-06-25T19:06:00.149-0400] {processor.py:161} INFO - Started process (PID=45165) to work on /opt/anaconda3/envs/airflow_env/lib/python3.10/site-packages/airflow/example_dags/plugins/listener_plugin.py
[2025-06-25T19:06:00.150-0400] {processor.py:830} INFO - Processing file /opt/anaconda3/envs/airflow_env/lib/python3.10/site-packages/airflow/example_dags/plugins/listener_plugin.py for tasks to queue
[2025-06-25T19:06:00.150-0400] {logging_mixin.py:188} INFO - [2025-06-25T19:06:00.150-0400] {dagbag.py:545} INFO - Filling up the DagBag from /opt/anaconda3/envs/airflow_env/lib/python3.10/site-packages/airflow/example_dags/plugins/listener_plugin.py
[2025-06-25T19:06:00.151-0400] {processor.py:842} WARNING - No viable dags retrieved from /opt/anaconda3/envs/airflow_env/lib/python3.10/site-packages/airflow/example_dags/plugins/listener_plugin.py
[2025-06-25T19:06:00.179-0400] {processor.py:183} INFO - Processing /opt/anaconda3/envs/airflow_env/lib/python3.10/site-packages/airflow/example_dags/plugins/listener_plugin.py took 0.031 seconds
[2025-06-25T19:06:01.585-0400] {processor.py:161} INFO - Started process (PID=45167) to work on /opt/anaconda3/envs/airflow_env/lib/python3.10/site-packages/airflow/example_dags/plugins/listener_plugin.py
[2025-06-25T19:06:01.585-0400] {processor.py:830} INFO - Processing file /opt/anaconda3/envs/airflow_env/lib/python3.10/site-packages/airflow/example_dags/plugins/listener_plugin.py for tasks to queue
[2025-06-25T19:06:01.585-0400] {logging_mixin.py:188} INFO - [2025-06-25T19:06:01.585-0400] {dagbag.py:545} INFO - Filling up the DagBag from /opt/anaconda3/envs/airflow_env/lib/python3.10/site-packages/airflow/example_dags/plugins/listener_plugin.py
[2025-06-25T19:06:01.586-0400] {processor.py:842} WARNING - No viable dags retrieved from /opt/anaconda3/envs/airflow_env/lib/python3.10/site-packages/airflow/example_dags/plugins/listener_plugin.py
[2025-06-25T19:06:01.614-0400] {processor.py:183} INFO - Processing /opt/anaconda3/envs/airflow_env/lib/python3.10/site-packages/airflow/example_dags/plugins/listener_plugin.py took 0.030 seconds
[2025-06-25T19:06:45.807-0400] {processor.py:161} INFO - Started process (PID=45256) to work on /opt/anaconda3/envs/airflow_env/lib/python3.10/site-packages/airflow/example_dags/plugins/listener_plugin.py
[2025-06-25T19:06:45.808-0400] {processor.py:830} INFO - Processing file /opt/anaconda3/envs/airflow_env/lib/python3.10/site-packages/airflow/example_dags/plugins/listener_plugin.py for tasks to queue
[2025-06-25T19:06:45.808-0400] {logging_mixin.py:188} INFO - [2025-06-25T19:06:45.808-0400] {dagbag.py:545} INFO - Filling up the DagBag from /opt/anaconda3/envs/airflow_env/lib/python3.10/site-packages/airflow/example_dags/plugins/listener_plugin.py
[2025-06-25T19:06:45.809-0400] {processor.py:842} WARNING - No viable dags retrieved from /opt/anaconda3/envs/airflow_env/lib/python3.10/site-packages/airflow/example_dags/plugins/listener_plugin.py
[2025-06-25T19:06:45.836-0400] {processor.py:183} INFO - Processing /opt/anaconda3/envs/airflow_env/lib/python3.10/site-packages/airflow/example_dags/plugins/listener_plugin.py took 0.031 seconds
[2025-06-25T19:06:50.032-0400] {processor.py:161} INFO - Started process (PID=45262) to work on /opt/anaconda3/envs/airflow_env/lib/python3.10/site-packages/airflow/example_dags/plugins/listener_plugin.py
[2025-06-25T19:06:50.032-0400] {processor.py:830} INFO - Processing file /opt/anaconda3/envs/airflow_env/lib/python3.10/site-packages/airflow/example_dags/plugins/listener_plugin.py for tasks to queue
[2025-06-25T19:06:50.033-0400] {logging_mixin.py:188} INFO - [2025-06-25T19:06:50.033-0400] {dagbag.py:545} INFO - Filling up the DagBag from /opt/anaconda3/envs/airflow_env/lib/python3.10/site-packages/airflow/example_dags/plugins/listener_plugin.py
[2025-06-25T19:06:50.033-0400] {processor.py:842} WARNING - No viable dags retrieved from /opt/anaconda3/envs/airflow_env/lib/python3.10/site-packages/airflow/example_dags/plugins/listener_plugin.py
[2025-06-25T19:06:50.062-0400] {processor.py:183} INFO - Processing /opt/anaconda3/envs/airflow_env/lib/python3.10/site-packages/airflow/example_dags/plugins/listener_plugin.py took 0.032 seconds
[2025-06-25T19:07:31.308-0400] {processor.py:161} INFO - Started process (PID=45324) to work on /opt/anaconda3/envs/airflow_env/lib/python3.10/site-packages/airflow/example_dags/plugins/listener_plugin.py
[2025-06-25T19:07:31.308-0400] {processor.py:830} INFO - Processing file /opt/anaconda3/envs/airflow_env/lib/python3.10/site-packages/airflow/example_dags/plugins/listener_plugin.py for tasks to queue
[2025-06-25T19:07:31.309-0400] {logging_mixin.py:188} INFO - [2025-06-25T19:07:31.308-0400] {dagbag.py:545} INFO - Filling up the DagBag from /opt/anaconda3/envs/airflow_env/lib/python3.10/site-packages/airflow/example_dags/plugins/listener_plugin.py
[2025-06-25T19:07:31.309-0400] {processor.py:842} WARNING - No viable dags retrieved from /opt/anaconda3/envs/airflow_env/lib/python3.10/site-packages/airflow/example_dags/plugins/listener_plugin.py
[2025-06-25T19:07:31.336-0400] {processor.py:183} INFO - Processing /opt/anaconda3/envs/airflow_env/lib/python3.10/site-packages/airflow/example_dags/plugins/listener_plugin.py took 0.030 seconds
[2025-06-25T19:07:33.873-0400] {processor.py:161} INFO - Started process (PID=45328) to work on /opt/anaconda3/envs/airflow_env/lib/python3.10/site-packages/airflow/example_dags/plugins/listener_plugin.py
[2025-06-25T19:07:33.874-0400] {processor.py:830} INFO - Processing file /opt/anaconda3/envs/airflow_env/lib/python3.10/site-packages/airflow/example_dags/plugins/listener_plugin.py for tasks to queue
[2025-06-25T19:07:33.874-0400] {logging_mixin.py:188} INFO - [2025-06-25T19:07:33.874-0400] {dagbag.py:545} INFO - Filling up the DagBag from /opt/anaconda3/envs/airflow_env/lib/python3.10/site-packages/airflow/example_dags/plugins/listener_plugin.py
[2025-06-25T19:07:33.875-0400] {processor.py:842} WARNING - No viable dags retrieved from /opt/anaconda3/envs/airflow_env/lib/python3.10/site-packages/airflow/example_dags/plugins/listener_plugin.py
[2025-06-25T19:07:33.904-0400] {processor.py:183} INFO - Processing /opt/anaconda3/envs/airflow_env/lib/python3.10/site-packages/airflow/example_dags/plugins/listener_plugin.py took 0.033 seconds
[2025-06-25T19:08:16.171-0400] {processor.py:161} INFO - Started process (PID=45394) to work on /opt/anaconda3/envs/airflow_env/lib/python3.10/site-packages/airflow/example_dags/plugins/listener_plugin.py
[2025-06-25T19:08:16.171-0400] {processor.py:830} INFO - Processing file /opt/anaconda3/envs/airflow_env/lib/python3.10/site-packages/airflow/example_dags/plugins/listener_plugin.py for tasks to queue
[2025-06-25T19:08:16.171-0400] {logging_mixin.py:188} INFO - [2025-06-25T19:08:16.171-0400] {dagbag.py:545} INFO - Filling up the DagBag from /opt/anaconda3/envs/airflow_env/lib/python3.10/site-packages/airflow/example_dags/plugins/listener_plugin.py
[2025-06-25T19:08:16.173-0400] {processor.py:842} WARNING - No viable dags retrieved from /opt/anaconda3/envs/airflow_env/lib/python3.10/site-packages/airflow/example_dags/plugins/listener_plugin.py
[2025-06-25T19:08:16.201-0400] {processor.py:183} INFO - Processing /opt/anaconda3/envs/airflow_env/lib/python3.10/site-packages/airflow/example_dags/plugins/listener_plugin.py took 0.032 seconds
[2025-06-25T19:08:18.649-0400] {processor.py:161} INFO - Started process (PID=45398) to work on /opt/anaconda3/envs/airflow_env/lib/python3.10/site-packages/airflow/example_dags/plugins/listener_plugin.py
[2025-06-25T19:08:18.650-0400] {processor.py:830} INFO - Processing file /opt/anaconda3/envs/airflow_env/lib/python3.10/site-packages/airflow/example_dags/plugins/listener_plugin.py for tasks to queue
[2025-06-25T19:08:18.650-0400] {logging_mixin.py:188} INFO - [2025-06-25T19:08:18.650-0400] {dagbag.py:545} INFO - Filling up the DagBag from /opt/anaconda3/envs/airflow_env/lib/python3.10/site-packages/airflow/example_dags/plugins/listener_plugin.py
[2025-06-25T19:08:18.650-0400] {processor.py:842} WARNING - No viable dags retrieved from /opt/anaconda3/envs/airflow_env/lib/python3.10/site-packages/airflow/example_dags/plugins/listener_plugin.py
[2025-06-25T19:08:18.677-0400] {processor.py:183} INFO - Processing /opt/anaconda3/envs/airflow_env/lib/python3.10/site-packages/airflow/example_dags/plugins/listener_plugin.py took 0.030 seconds
[2025-06-25T19:09:02.063-0400] {processor.py:161} INFO - Started process (PID=45466) to work on /opt/anaconda3/envs/airflow_env/lib/python3.10/site-packages/airflow/example_dags/plugins/listener_plugin.py
[2025-06-25T19:09:02.064-0400] {processor.py:830} INFO - Processing file /opt/anaconda3/envs/airflow_env/lib/python3.10/site-packages/airflow/example_dags/plugins/listener_plugin.py for tasks to queue
[2025-06-25T19:09:02.064-0400] {logging_mixin.py:188} INFO - [2025-06-25T19:09:02.064-0400] {dagbag.py:545} INFO - Filling up the DagBag from /opt/anaconda3/envs/airflow_env/lib/python3.10/site-packages/airflow/example_dags/plugins/listener_plugin.py
[2025-06-25T19:09:02.065-0400] {processor.py:842} WARNING - No viable dags retrieved from /opt/anaconda3/envs/airflow_env/lib/python3.10/site-packages/airflow/example_dags/plugins/listener_plugin.py
[2025-06-25T19:09:02.094-0400] {processor.py:183} INFO - Processing /opt/anaconda3/envs/airflow_env/lib/python3.10/site-packages/airflow/example_dags/plugins/listener_plugin.py took 0.033 seconds
[2025-06-25T19:09:03.887-0400] {processor.py:161} INFO - Started process (PID=45468) to work on /opt/anaconda3/envs/airflow_env/lib/python3.10/site-packages/airflow/example_dags/plugins/listener_plugin.py
[2025-06-25T19:09:03.888-0400] {processor.py:830} INFO - Processing file /opt/anaconda3/envs/airflow_env/lib/python3.10/site-packages/airflow/example_dags/plugins/listener_plugin.py for tasks to queue
[2025-06-25T19:09:03.888-0400] {logging_mixin.py:188} INFO - [2025-06-25T19:09:03.888-0400] {dagbag.py:545} INFO - Filling up the DagBag from /opt/anaconda3/envs/airflow_env/lib/python3.10/site-packages/airflow/example_dags/plugins/listener_plugin.py
[2025-06-25T19:09:03.889-0400] {processor.py:842} WARNING - No viable dags retrieved from /opt/anaconda3/envs/airflow_env/lib/python3.10/site-packages/airflow/example_dags/plugins/listener_plugin.py
[2025-06-25T19:09:03.915-0400] {processor.py:183} INFO - Processing /opt/anaconda3/envs/airflow_env/lib/python3.10/site-packages/airflow/example_dags/plugins/listener_plugin.py took 0.030 seconds
[2025-06-25T19:09:46.980-0400] {processor.py:161} INFO - Started process (PID=45532) to work on /opt/anaconda3/envs/airflow_env/lib/python3.10/site-packages/airflow/example_dags/plugins/listener_plugin.py
[2025-06-25T19:09:46.981-0400] {processor.py:830} INFO - Processing file /opt/anaconda3/envs/airflow_env/lib/python3.10/site-packages/airflow/example_dags/plugins/listener_plugin.py for tasks to queue
[2025-06-25T19:09:46.981-0400] {logging_mixin.py:188} INFO - [2025-06-25T19:09:46.981-0400] {dagbag.py:545} INFO - Filling up the DagBag from /opt/anaconda3/envs/airflow_env/lib/python3.10/site-packages/airflow/example_dags/plugins/listener_plugin.py
[2025-06-25T19:09:46.982-0400] {processor.py:842} WARNING - No viable dags retrieved from /opt/anaconda3/envs/airflow_env/lib/python3.10/site-packages/airflow/example_dags/plugins/listener_plugin.py
[2025-06-25T19:09:47.010-0400] {processor.py:183} INFO - Processing /opt/anaconda3/envs/airflow_env/lib/python3.10/site-packages/airflow/example_dags/plugins/listener_plugin.py took 0.032 seconds
[2025-06-25T19:09:48.272-0400] {processor.py:161} INFO - Started process (PID=45533) to work on /opt/anaconda3/envs/airflow_env/lib/python3.10/site-packages/airflow/example_dags/plugins/listener_plugin.py
[2025-06-25T19:09:48.272-0400] {processor.py:830} INFO - Processing file /opt/anaconda3/envs/airflow_env/lib/python3.10/site-packages/airflow/example_dags/plugins/listener_plugin.py for tasks to queue
[2025-06-25T19:09:48.272-0400] {logging_mixin.py:188} INFO - [2025-06-25T19:09:48.272-0400] {dagbag.py:545} INFO - Filling up the DagBag from /opt/anaconda3/envs/airflow_env/lib/python3.10/site-packages/airflow/example_dags/plugins/listener_plugin.py
[2025-06-25T19:09:48.273-0400] {processor.py:842} WARNING - No viable dags retrieved from /opt/anaconda3/envs/airflow_env/lib/python3.10/site-packages/airflow/example_dags/plugins/listener_plugin.py
[2025-06-25T19:09:48.301-0400] {processor.py:183} INFO - Processing /opt/anaconda3/envs/airflow_env/lib/python3.10/site-packages/airflow/example_dags/plugins/listener_plugin.py took 0.031 seconds
[2025-06-25T19:10:32.766-0400] {processor.py:161} INFO - Started process (PID=45616) to work on /opt/anaconda3/envs/airflow_env/lib/python3.10/site-packages/airflow/example_dags/plugins/listener_plugin.py
[2025-06-25T19:10:32.766-0400] {processor.py:830} INFO - Processing file /opt/anaconda3/envs/airflow_env/lib/python3.10/site-packages/airflow/example_dags/plugins/listener_plugin.py for tasks to queue
[2025-06-25T19:10:32.767-0400] {logging_mixin.py:188} INFO - [2025-06-25T19:10:32.767-0400] {dagbag.py:545} INFO - Filling up the DagBag from /opt/anaconda3/envs/airflow_env/lib/python3.10/site-packages/airflow/example_dags/plugins/listener_plugin.py
[2025-06-25T19:10:32.768-0400] {processor.py:842} WARNING - No viable dags retrieved from /opt/anaconda3/envs/airflow_env/lib/python3.10/site-packages/airflow/example_dags/plugins/listener_plugin.py
[2025-06-25T19:10:32.797-0400] {processor.py:183} INFO - Processing /opt/anaconda3/envs/airflow_env/lib/python3.10/site-packages/airflow/example_dags/plugins/listener_plugin.py took 0.034 seconds
[2025-06-25T19:10:34.300-0400] {processor.py:161} INFO - Started process (PID=45617) to work on /opt/anaconda3/envs/airflow_env/lib/python3.10/site-packages/airflow/example_dags/plugins/listener_plugin.py
[2025-06-25T19:10:34.300-0400] {processor.py:830} INFO - Processing file /opt/anaconda3/envs/airflow_env/lib/python3.10/site-packages/airflow/example_dags/plugins/listener_plugin.py for tasks to queue
[2025-06-25T19:10:34.300-0400] {logging_mixin.py:188} INFO - [2025-06-25T19:10:34.300-0400] {dagbag.py:545} INFO - Filling up the DagBag from /opt/anaconda3/envs/airflow_env/lib/python3.10/site-packages/airflow/example_dags/plugins/listener_plugin.py
[2025-06-25T19:10:34.301-0400] {processor.py:842} WARNING - No viable dags retrieved from /opt/anaconda3/envs/airflow_env/lib/python3.10/site-packages/airflow/example_dags/plugins/listener_plugin.py
[2025-06-25T19:10:34.329-0400] {processor.py:183} INFO - Processing /opt/anaconda3/envs/airflow_env/lib/python3.10/site-packages/airflow/example_dags/plugins/listener_plugin.py took 0.030 seconds
[2025-06-25T19:11:19.379-0400] {processor.py:161} INFO - Started process (PID=45693) to work on /opt/anaconda3/envs/airflow_env/lib/python3.10/site-packages/airflow/example_dags/plugins/listener_plugin.py
[2025-06-25T19:11:19.380-0400] {processor.py:830} INFO - Processing file /opt/anaconda3/envs/airflow_env/lib/python3.10/site-packages/airflow/example_dags/plugins/listener_plugin.py for tasks to queue
[2025-06-25T19:11:19.380-0400] {logging_mixin.py:188} INFO - [2025-06-25T19:11:19.380-0400] {dagbag.py:545} INFO - Filling up the DagBag from /opt/anaconda3/envs/airflow_env/lib/python3.10/site-packages/airflow/example_dags/plugins/listener_plugin.py
[2025-06-25T19:11:19.381-0400] {processor.py:842} WARNING - No viable dags retrieved from /opt/anaconda3/envs/airflow_env/lib/python3.10/site-packages/airflow/example_dags/plugins/listener_plugin.py
[2025-06-25T19:11:19.408-0400] {processor.py:183} INFO - Processing /opt/anaconda3/envs/airflow_env/lib/python3.10/site-packages/airflow/example_dags/plugins/listener_plugin.py took 0.031 seconds
[2025-06-25T19:11:21.311-0400] {processor.py:161} INFO - Started process (PID=45696) to work on /opt/anaconda3/envs/airflow_env/lib/python3.10/site-packages/airflow/example_dags/plugins/listener_plugin.py
[2025-06-25T19:11:21.311-0400] {processor.py:830} INFO - Processing file /opt/anaconda3/envs/airflow_env/lib/python3.10/site-packages/airflow/example_dags/plugins/listener_plugin.py for tasks to queue
[2025-06-25T19:11:21.311-0400] {logging_mixin.py:188} INFO - [2025-06-25T19:11:21.311-0400] {dagbag.py:545} INFO - Filling up the DagBag from /opt/anaconda3/envs/airflow_env/lib/python3.10/site-packages/airflow/example_dags/plugins/listener_plugin.py
[2025-06-25T19:11:21.312-0400] {processor.py:842} WARNING - No viable dags retrieved from /opt/anaconda3/envs/airflow_env/lib/python3.10/site-packages/airflow/example_dags/plugins/listener_plugin.py
[2025-06-25T19:11:21.339-0400] {processor.py:183} INFO - Processing /opt/anaconda3/envs/airflow_env/lib/python3.10/site-packages/airflow/example_dags/plugins/listener_plugin.py took 0.030 seconds
[2025-06-25T19:12:04.743-0400] {processor.py:161} INFO - Started process (PID=45795) to work on /opt/anaconda3/envs/airflow_env/lib/python3.10/site-packages/airflow/example_dags/plugins/listener_plugin.py
[2025-06-25T19:12:04.743-0400] {processor.py:830} INFO - Processing file /opt/anaconda3/envs/airflow_env/lib/python3.10/site-packages/airflow/example_dags/plugins/listener_plugin.py for tasks to queue
[2025-06-25T19:12:04.744-0400] {logging_mixin.py:188} INFO - [2025-06-25T19:12:04.744-0400] {dagbag.py:545} INFO - Filling up the DagBag from /opt/anaconda3/envs/airflow_env/lib/python3.10/site-packages/airflow/example_dags/plugins/listener_plugin.py
[2025-06-25T19:12:04.745-0400] {processor.py:842} WARNING - No viable dags retrieved from /opt/anaconda3/envs/airflow_env/lib/python3.10/site-packages/airflow/example_dags/plugins/listener_plugin.py
[2025-06-25T19:12:04.774-0400] {processor.py:183} INFO - Processing /opt/anaconda3/envs/airflow_env/lib/python3.10/site-packages/airflow/example_dags/plugins/listener_plugin.py took 0.032 seconds
[2025-06-25T19:12:10.600-0400] {processor.py:161} INFO - Started process (PID=45803) to work on /opt/anaconda3/envs/airflow_env/lib/python3.10/site-packages/airflow/example_dags/plugins/listener_plugin.py
[2025-06-25T19:12:10.601-0400] {processor.py:830} INFO - Processing file /opt/anaconda3/envs/airflow_env/lib/python3.10/site-packages/airflow/example_dags/plugins/listener_plugin.py for tasks to queue
[2025-06-25T19:12:10.601-0400] {logging_mixin.py:188} INFO - [2025-06-25T19:12:10.601-0400] {dagbag.py:545} INFO - Filling up the DagBag from /opt/anaconda3/envs/airflow_env/lib/python3.10/site-packages/airflow/example_dags/plugins/listener_plugin.py
[2025-06-25T19:12:10.602-0400] {processor.py:842} WARNING - No viable dags retrieved from /opt/anaconda3/envs/airflow_env/lib/python3.10/site-packages/airflow/example_dags/plugins/listener_plugin.py
[2025-06-25T19:12:10.631-0400] {processor.py:183} INFO - Processing /opt/anaconda3/envs/airflow_env/lib/python3.10/site-packages/airflow/example_dags/plugins/listener_plugin.py took 0.032 seconds
[2025-06-25T19:12:51.662-0400] {processor.py:161} INFO - Started process (PID=45890) to work on /opt/anaconda3/envs/airflow_env/lib/python3.10/site-packages/airflow/example_dags/plugins/listener_plugin.py
[2025-06-25T19:12:51.663-0400] {processor.py:830} INFO - Processing file /opt/anaconda3/envs/airflow_env/lib/python3.10/site-packages/airflow/example_dags/plugins/listener_plugin.py for tasks to queue
[2025-06-25T19:12:51.663-0400] {logging_mixin.py:188} INFO - [2025-06-25T19:12:51.663-0400] {dagbag.py:545} INFO - Filling up the DagBag from /opt/anaconda3/envs/airflow_env/lib/python3.10/site-packages/airflow/example_dags/plugins/listener_plugin.py
[2025-06-25T19:12:51.664-0400] {processor.py:842} WARNING - No viable dags retrieved from /opt/anaconda3/envs/airflow_env/lib/python3.10/site-packages/airflow/example_dags/plugins/listener_plugin.py
[2025-06-25T19:12:51.694-0400] {processor.py:183} INFO - Processing /opt/anaconda3/envs/airflow_env/lib/python3.10/site-packages/airflow/example_dags/plugins/listener_plugin.py took 0.033 seconds
[2025-06-25T19:12:59.217-0400] {processor.py:161} INFO - Started process (PID=45907) to work on /opt/anaconda3/envs/airflow_env/lib/python3.10/site-packages/airflow/example_dags/plugins/listener_plugin.py
[2025-06-25T19:12:59.218-0400] {processor.py:830} INFO - Processing file /opt/anaconda3/envs/airflow_env/lib/python3.10/site-packages/airflow/example_dags/plugins/listener_plugin.py for tasks to queue
[2025-06-25T19:12:59.218-0400] {logging_mixin.py:188} INFO - [2025-06-25T19:12:59.218-0400] {dagbag.py:545} INFO - Filling up the DagBag from /opt/anaconda3/envs/airflow_env/lib/python3.10/site-packages/airflow/example_dags/plugins/listener_plugin.py
[2025-06-25T19:12:59.218-0400] {processor.py:842} WARNING - No viable dags retrieved from /opt/anaconda3/envs/airflow_env/lib/python3.10/site-packages/airflow/example_dags/plugins/listener_plugin.py
[2025-06-25T19:12:59.246-0400] {processor.py:183} INFO - Processing /opt/anaconda3/envs/airflow_env/lib/python3.10/site-packages/airflow/example_dags/plugins/listener_plugin.py took 0.031 seconds
[2025-06-25T19:13:40.093-0400] {processor.py:161} INFO - Started process (PID=45988) to work on /opt/anaconda3/envs/airflow_env/lib/python3.10/site-packages/airflow/example_dags/plugins/listener_plugin.py
[2025-06-25T19:13:40.093-0400] {processor.py:830} INFO - Processing file /opt/anaconda3/envs/airflow_env/lib/python3.10/site-packages/airflow/example_dags/plugins/listener_plugin.py for tasks to queue
[2025-06-25T19:13:40.093-0400] {logging_mixin.py:188} INFO - [2025-06-25T19:13:40.093-0400] {dagbag.py:545} INFO - Filling up the DagBag from /opt/anaconda3/envs/airflow_env/lib/python3.10/site-packages/airflow/example_dags/plugins/listener_plugin.py
[2025-06-25T19:13:40.094-0400] {processor.py:842} WARNING - No viable dags retrieved from /opt/anaconda3/envs/airflow_env/lib/python3.10/site-packages/airflow/example_dags/plugins/listener_plugin.py
[2025-06-25T19:13:40.122-0400] {processor.py:183} INFO - Processing /opt/anaconda3/envs/airflow_env/lib/python3.10/site-packages/airflow/example_dags/plugins/listener_plugin.py took 0.031 seconds
[2025-06-25T19:13:50.545-0400] {processor.py:161} INFO - Started process (PID=46009) to work on /opt/anaconda3/envs/airflow_env/lib/python3.10/site-packages/airflow/example_dags/plugins/listener_plugin.py
[2025-06-25T19:13:50.546-0400] {processor.py:830} INFO - Processing file /opt/anaconda3/envs/airflow_env/lib/python3.10/site-packages/airflow/example_dags/plugins/listener_plugin.py for tasks to queue
[2025-06-25T19:13:50.546-0400] {logging_mixin.py:188} INFO - [2025-06-25T19:13:50.546-0400] {dagbag.py:545} INFO - Filling up the DagBag from /opt/anaconda3/envs/airflow_env/lib/python3.10/site-packages/airflow/example_dags/plugins/listener_plugin.py
[2025-06-25T19:13:50.546-0400] {processor.py:842} WARNING - No viable dags retrieved from /opt/anaconda3/envs/airflow_env/lib/python3.10/site-packages/airflow/example_dags/plugins/listener_plugin.py
[2025-06-25T19:13:50.573-0400] {processor.py:183} INFO - Processing /opt/anaconda3/envs/airflow_env/lib/python3.10/site-packages/airflow/example_dags/plugins/listener_plugin.py took 0.029 seconds
[2025-06-25T19:14:25.622-0400] {processor.py:161} INFO - Started process (PID=46074) to work on /opt/anaconda3/envs/airflow_env/lib/python3.10/site-packages/airflow/example_dags/plugins/listener_plugin.py
[2025-06-25T19:14:25.622-0400] {processor.py:830} INFO - Processing file /opt/anaconda3/envs/airflow_env/lib/python3.10/site-packages/airflow/example_dags/plugins/listener_plugin.py for tasks to queue
[2025-06-25T19:14:25.623-0400] {logging_mixin.py:188} INFO - [2025-06-25T19:14:25.623-0400] {dagbag.py:545} INFO - Filling up the DagBag from /opt/anaconda3/envs/airflow_env/lib/python3.10/site-packages/airflow/example_dags/plugins/listener_plugin.py
[2025-06-25T19:14:25.623-0400] {processor.py:842} WARNING - No viable dags retrieved from /opt/anaconda3/envs/airflow_env/lib/python3.10/site-packages/airflow/example_dags/plugins/listener_plugin.py
[2025-06-25T19:14:25.651-0400] {processor.py:183} INFO - Processing /opt/anaconda3/envs/airflow_env/lib/python3.10/site-packages/airflow/example_dags/plugins/listener_plugin.py took 0.030 seconds
[2025-06-25T19:14:39.758-0400] {processor.py:161} INFO - Started process (PID=46094) to work on /opt/anaconda3/envs/airflow_env/lib/python3.10/site-packages/airflow/example_dags/plugins/listener_plugin.py
[2025-06-25T19:14:39.758-0400] {processor.py:830} INFO - Processing file /opt/anaconda3/envs/airflow_env/lib/python3.10/site-packages/airflow/example_dags/plugins/listener_plugin.py for tasks to queue
[2025-06-25T19:14:39.758-0400] {logging_mixin.py:188} INFO - [2025-06-25T19:14:39.758-0400] {dagbag.py:545} INFO - Filling up the DagBag from /opt/anaconda3/envs/airflow_env/lib/python3.10/site-packages/airflow/example_dags/plugins/listener_plugin.py
[2025-06-25T19:14:39.759-0400] {processor.py:842} WARNING - No viable dags retrieved from /opt/anaconda3/envs/airflow_env/lib/python3.10/site-packages/airflow/example_dags/plugins/listener_plugin.py
[2025-06-25T19:14:39.787-0400] {processor.py:183} INFO - Processing /opt/anaconda3/envs/airflow_env/lib/python3.10/site-packages/airflow/example_dags/plugins/listener_plugin.py took 0.031 seconds
[2025-06-25T19:15:09.533-0400] {processor.py:161} INFO - Started process (PID=46153) to work on /opt/anaconda3/envs/airflow_env/lib/python3.10/site-packages/airflow/example_dags/plugins/listener_plugin.py
[2025-06-25T19:15:09.533-0400] {processor.py:830} INFO - Processing file /opt/anaconda3/envs/airflow_env/lib/python3.10/site-packages/airflow/example_dags/plugins/listener_plugin.py for tasks to queue
[2025-06-25T19:15:09.534-0400] {logging_mixin.py:188} INFO - [2025-06-25T19:15:09.533-0400] {dagbag.py:545} INFO - Filling up the DagBag from /opt/anaconda3/envs/airflow_env/lib/python3.10/site-packages/airflow/example_dags/plugins/listener_plugin.py
[2025-06-25T19:15:09.534-0400] {processor.py:842} WARNING - No viable dags retrieved from /opt/anaconda3/envs/airflow_env/lib/python3.10/site-packages/airflow/example_dags/plugins/listener_plugin.py
[2025-06-25T19:15:09.563-0400] {processor.py:183} INFO - Processing /opt/anaconda3/envs/airflow_env/lib/python3.10/site-packages/airflow/example_dags/plugins/listener_plugin.py took 0.032 seconds
[2025-06-25T19:15:24.445-0400] {processor.py:161} INFO - Started process (PID=46178) to work on /opt/anaconda3/envs/airflow_env/lib/python3.10/site-packages/airflow/example_dags/plugins/listener_plugin.py
[2025-06-25T19:15:24.445-0400] {processor.py:830} INFO - Processing file /opt/anaconda3/envs/airflow_env/lib/python3.10/site-packages/airflow/example_dags/plugins/listener_plugin.py for tasks to queue
[2025-06-25T19:15:24.445-0400] {logging_mixin.py:188} INFO - [2025-06-25T19:15:24.445-0400] {dagbag.py:545} INFO - Filling up the DagBag from /opt/anaconda3/envs/airflow_env/lib/python3.10/site-packages/airflow/example_dags/plugins/listener_plugin.py
[2025-06-25T19:15:24.446-0400] {processor.py:842} WARNING - No viable dags retrieved from /opt/anaconda3/envs/airflow_env/lib/python3.10/site-packages/airflow/example_dags/plugins/listener_plugin.py
[2025-06-25T19:15:24.473-0400] {processor.py:183} INFO - Processing /opt/anaconda3/envs/airflow_env/lib/python3.10/site-packages/airflow/example_dags/plugins/listener_plugin.py took 0.030 seconds
[2025-06-25T19:15:55.647-0400] {processor.py:161} INFO - Started process (PID=46242) to work on /opt/anaconda3/envs/airflow_env/lib/python3.10/site-packages/airflow/example_dags/plugins/listener_plugin.py
[2025-06-25T19:15:55.648-0400] {processor.py:830} INFO - Processing file /opt/anaconda3/envs/airflow_env/lib/python3.10/site-packages/airflow/example_dags/plugins/listener_plugin.py for tasks to queue
[2025-06-25T19:15:55.648-0400] {logging_mixin.py:188} INFO - [2025-06-25T19:15:55.648-0400] {dagbag.py:545} INFO - Filling up the DagBag from /opt/anaconda3/envs/airflow_env/lib/python3.10/site-packages/airflow/example_dags/plugins/listener_plugin.py
[2025-06-25T19:15:55.649-0400] {processor.py:842} WARNING - No viable dags retrieved from /opt/anaconda3/envs/airflow_env/lib/python3.10/site-packages/airflow/example_dags/plugins/listener_plugin.py
[2025-06-25T19:15:55.678-0400] {processor.py:183} INFO - Processing /opt/anaconda3/envs/airflow_env/lib/python3.10/site-packages/airflow/example_dags/plugins/listener_plugin.py took 0.032 seconds
[2025-06-25T19:16:09.622-0400] {processor.py:161} INFO - Started process (PID=46264) to work on /opt/anaconda3/envs/airflow_env/lib/python3.10/site-packages/airflow/example_dags/plugins/listener_plugin.py
[2025-06-25T19:16:09.622-0400] {processor.py:830} INFO - Processing file /opt/anaconda3/envs/airflow_env/lib/python3.10/site-packages/airflow/example_dags/plugins/listener_plugin.py for tasks to queue
[2025-06-25T19:16:09.622-0400] {logging_mixin.py:188} INFO - [2025-06-25T19:16:09.622-0400] {dagbag.py:545} INFO - Filling up the DagBag from /opt/anaconda3/envs/airflow_env/lib/python3.10/site-packages/airflow/example_dags/plugins/listener_plugin.py
[2025-06-25T19:16:09.623-0400] {processor.py:842} WARNING - No viable dags retrieved from /opt/anaconda3/envs/airflow_env/lib/python3.10/site-packages/airflow/example_dags/plugins/listener_plugin.py
[2025-06-25T19:16:09.650-0400] {processor.py:183} INFO - Processing /opt/anaconda3/envs/airflow_env/lib/python3.10/site-packages/airflow/example_dags/plugins/listener_plugin.py took 0.030 seconds
[2025-06-25T19:16:40.247-0400] {processor.py:161} INFO - Started process (PID=46327) to work on /opt/anaconda3/envs/airflow_env/lib/python3.10/site-packages/airflow/example_dags/plugins/listener_plugin.py
[2025-06-25T19:16:40.248-0400] {processor.py:830} INFO - Processing file /opt/anaconda3/envs/airflow_env/lib/python3.10/site-packages/airflow/example_dags/plugins/listener_plugin.py for tasks to queue
[2025-06-25T19:16:40.248-0400] {logging_mixin.py:188} INFO - [2025-06-25T19:16:40.248-0400] {dagbag.py:545} INFO - Filling up the DagBag from /opt/anaconda3/envs/airflow_env/lib/python3.10/site-packages/airflow/example_dags/plugins/listener_plugin.py
[2025-06-25T19:16:40.249-0400] {processor.py:842} WARNING - No viable dags retrieved from /opt/anaconda3/envs/airflow_env/lib/python3.10/site-packages/airflow/example_dags/plugins/listener_plugin.py
[2025-06-25T19:16:40.278-0400] {processor.py:183} INFO - Processing /opt/anaconda3/envs/airflow_env/lib/python3.10/site-packages/airflow/example_dags/plugins/listener_plugin.py took 0.033 seconds
[2025-06-25T19:17:00.219-0400] {processor.py:161} INFO - Started process (PID=46377) to work on /opt/anaconda3/envs/airflow_env/lib/python3.10/site-packages/airflow/example_dags/plugins/listener_plugin.py
[2025-06-25T19:17:00.220-0400] {processor.py:830} INFO - Processing file /opt/anaconda3/envs/airflow_env/lib/python3.10/site-packages/airflow/example_dags/plugins/listener_plugin.py for tasks to queue
[2025-06-25T19:17:00.220-0400] {logging_mixin.py:188} INFO - [2025-06-25T19:17:00.220-0400] {dagbag.py:545} INFO - Filling up the DagBag from /opt/anaconda3/envs/airflow_env/lib/python3.10/site-packages/airflow/example_dags/plugins/listener_plugin.py
[2025-06-25T19:17:00.221-0400] {processor.py:842} WARNING - No viable dags retrieved from /opt/anaconda3/envs/airflow_env/lib/python3.10/site-packages/airflow/example_dags/plugins/listener_plugin.py
[2025-06-25T19:17:00.251-0400] {processor.py:183} INFO - Processing /opt/anaconda3/envs/airflow_env/lib/python3.10/site-packages/airflow/example_dags/plugins/listener_plugin.py took 0.034 seconds
[2025-06-25T19:17:29.131-0400] {processor.py:161} INFO - Started process (PID=46438) to work on /opt/anaconda3/envs/airflow_env/lib/python3.10/site-packages/airflow/example_dags/plugins/listener_plugin.py
[2025-06-25T19:17:29.132-0400] {processor.py:830} INFO - Processing file /opt/anaconda3/envs/airflow_env/lib/python3.10/site-packages/airflow/example_dags/plugins/listener_plugin.py for tasks to queue
[2025-06-25T19:17:29.132-0400] {logging_mixin.py:188} INFO - [2025-06-25T19:17:29.132-0400] {dagbag.py:545} INFO - Filling up the DagBag from /opt/anaconda3/envs/airflow_env/lib/python3.10/site-packages/airflow/example_dags/plugins/listener_plugin.py
[2025-06-25T19:17:29.132-0400] {processor.py:842} WARNING - No viable dags retrieved from /opt/anaconda3/envs/airflow_env/lib/python3.10/site-packages/airflow/example_dags/plugins/listener_plugin.py
[2025-06-25T19:17:29.162-0400] {processor.py:183} INFO - Processing /opt/anaconda3/envs/airflow_env/lib/python3.10/site-packages/airflow/example_dags/plugins/listener_plugin.py took 0.032 seconds
[2025-06-25T19:17:49.090-0400] {processor.py:161} INFO - Started process (PID=46480) to work on /opt/anaconda3/envs/airflow_env/lib/python3.10/site-packages/airflow/example_dags/plugins/listener_plugin.py
[2025-06-25T19:17:49.090-0400] {processor.py:830} INFO - Processing file /opt/anaconda3/envs/airflow_env/lib/python3.10/site-packages/airflow/example_dags/plugins/listener_plugin.py for tasks to queue
[2025-06-25T19:17:49.091-0400] {logging_mixin.py:188} INFO - [2025-06-25T19:17:49.091-0400] {dagbag.py:545} INFO - Filling up the DagBag from /opt/anaconda3/envs/airflow_env/lib/python3.10/site-packages/airflow/example_dags/plugins/listener_plugin.py
[2025-06-25T19:17:49.091-0400] {processor.py:842} WARNING - No viable dags retrieved from /opt/anaconda3/envs/airflow_env/lib/python3.10/site-packages/airflow/example_dags/plugins/listener_plugin.py
[2025-06-25T19:17:49.119-0400] {processor.py:183} INFO - Processing /opt/anaconda3/envs/airflow_env/lib/python3.10/site-packages/airflow/example_dags/plugins/listener_plugin.py took 0.031 seconds
[2025-06-25T19:18:14.868-0400] {processor.py:161} INFO - Started process (PID=46539) to work on /opt/anaconda3/envs/airflow_env/lib/python3.10/site-packages/airflow/example_dags/plugins/listener_plugin.py
[2025-06-25T19:18:14.868-0400] {processor.py:830} INFO - Processing file /opt/anaconda3/envs/airflow_env/lib/python3.10/site-packages/airflow/example_dags/plugins/listener_plugin.py for tasks to queue
[2025-06-25T19:18:14.868-0400] {logging_mixin.py:188} INFO - [2025-06-25T19:18:14.868-0400] {dagbag.py:545} INFO - Filling up the DagBag from /opt/anaconda3/envs/airflow_env/lib/python3.10/site-packages/airflow/example_dags/plugins/listener_plugin.py
[2025-06-25T19:18:14.869-0400] {processor.py:842} WARNING - No viable dags retrieved from /opt/anaconda3/envs/airflow_env/lib/python3.10/site-packages/airflow/example_dags/plugins/listener_plugin.py
[2025-06-25T19:18:14.899-0400] {processor.py:183} INFO - Processing /opt/anaconda3/envs/airflow_env/lib/python3.10/site-packages/airflow/example_dags/plugins/listener_plugin.py took 0.033 seconds
[2025-06-25T19:18:36.411-0400] {processor.py:161} INFO - Started process (PID=46586) to work on /opt/anaconda3/envs/airflow_env/lib/python3.10/site-packages/airflow/example_dags/plugins/listener_plugin.py
[2025-06-25T19:18:36.411-0400] {processor.py:830} INFO - Processing file /opt/anaconda3/envs/airflow_env/lib/python3.10/site-packages/airflow/example_dags/plugins/listener_plugin.py for tasks to queue
[2025-06-25T19:18:36.411-0400] {logging_mixin.py:188} INFO - [2025-06-25T19:18:36.411-0400] {dagbag.py:545} INFO - Filling up the DagBag from /opt/anaconda3/envs/airflow_env/lib/python3.10/site-packages/airflow/example_dags/plugins/listener_plugin.py
[2025-06-25T19:18:36.412-0400] {processor.py:842} WARNING - No viable dags retrieved from /opt/anaconda3/envs/airflow_env/lib/python3.10/site-packages/airflow/example_dags/plugins/listener_plugin.py
[2025-06-25T19:18:36.438-0400] {processor.py:183} INFO - Processing /opt/anaconda3/envs/airflow_env/lib/python3.10/site-packages/airflow/example_dags/plugins/listener_plugin.py took 0.029 seconds
[2025-06-25T19:19:05.107-0400] {processor.py:161} INFO - Started process (PID=46688) to work on /opt/anaconda3/envs/airflow_env/lib/python3.10/site-packages/airflow/example_dags/plugins/listener_plugin.py
[2025-06-25T19:19:05.108-0400] {processor.py:830} INFO - Processing file /opt/anaconda3/envs/airflow_env/lib/python3.10/site-packages/airflow/example_dags/plugins/listener_plugin.py for tasks to queue
[2025-06-25T19:19:05.109-0400] {logging_mixin.py:188} INFO - [2025-06-25T19:19:05.108-0400] {dagbag.py:545} INFO - Filling up the DagBag from /opt/anaconda3/envs/airflow_env/lib/python3.10/site-packages/airflow/example_dags/plugins/listener_plugin.py
[2025-06-25T19:19:05.111-0400] {processor.py:842} WARNING - No viable dags retrieved from /opt/anaconda3/envs/airflow_env/lib/python3.10/site-packages/airflow/example_dags/plugins/listener_plugin.py
[2025-06-25T19:19:05.142-0400] {processor.py:183} INFO - Processing /opt/anaconda3/envs/airflow_env/lib/python3.10/site-packages/airflow/example_dags/plugins/listener_plugin.py took 0.037 seconds
[2025-06-25T19:19:26.901-0400] {processor.py:161} INFO - Started process (PID=46723) to work on /opt/anaconda3/envs/airflow_env/lib/python3.10/site-packages/airflow/example_dags/plugins/listener_plugin.py
[2025-06-25T19:19:26.902-0400] {processor.py:830} INFO - Processing file /opt/anaconda3/envs/airflow_env/lib/python3.10/site-packages/airflow/example_dags/plugins/listener_plugin.py for tasks to queue
[2025-06-25T19:19:26.902-0400] {logging_mixin.py:188} INFO - [2025-06-25T19:19:26.902-0400] {dagbag.py:545} INFO - Filling up the DagBag from /opt/anaconda3/envs/airflow_env/lib/python3.10/site-packages/airflow/example_dags/plugins/listener_plugin.py
[2025-06-25T19:19:26.904-0400] {processor.py:842} WARNING - No viable dags retrieved from /opt/anaconda3/envs/airflow_env/lib/python3.10/site-packages/airflow/example_dags/plugins/listener_plugin.py
[2025-06-25T19:19:26.933-0400] {processor.py:183} INFO - Processing /opt/anaconda3/envs/airflow_env/lib/python3.10/site-packages/airflow/example_dags/plugins/listener_plugin.py took 0.034 seconds
[2025-06-25T19:19:57.158-0400] {processor.py:161} INFO - Started process (PID=46781) to work on /opt/anaconda3/envs/airflow_env/lib/python3.10/site-packages/airflow/example_dags/plugins/listener_plugin.py
[2025-06-25T19:19:57.159-0400] {processor.py:830} INFO - Processing file /opt/anaconda3/envs/airflow_env/lib/python3.10/site-packages/airflow/example_dags/plugins/listener_plugin.py for tasks to queue
[2025-06-25T19:19:57.159-0400] {logging_mixin.py:188} INFO - [2025-06-25T19:19:57.159-0400] {dagbag.py:545} INFO - Filling up the DagBag from /opt/anaconda3/envs/airflow_env/lib/python3.10/site-packages/airflow/example_dags/plugins/listener_plugin.py
[2025-06-25T19:19:57.160-0400] {processor.py:842} WARNING - No viable dags retrieved from /opt/anaconda3/envs/airflow_env/lib/python3.10/site-packages/airflow/example_dags/plugins/listener_plugin.py
[2025-06-25T19:19:57.188-0400] {processor.py:183} INFO - Processing /opt/anaconda3/envs/airflow_env/lib/python3.10/site-packages/airflow/example_dags/plugins/listener_plugin.py took 0.031 seconds
[2025-06-25T19:20:19.897-0400] {processor.py:161} INFO - Started process (PID=46812) to work on /opt/anaconda3/envs/airflow_env/lib/python3.10/site-packages/airflow/example_dags/plugins/listener_plugin.py
[2025-06-25T19:20:19.897-0400] {processor.py:830} INFO - Processing file /opt/anaconda3/envs/airflow_env/lib/python3.10/site-packages/airflow/example_dags/plugins/listener_plugin.py for tasks to queue
[2025-06-25T19:20:19.898-0400] {logging_mixin.py:188} INFO - [2025-06-25T19:20:19.898-0400] {dagbag.py:545} INFO - Filling up the DagBag from /opt/anaconda3/envs/airflow_env/lib/python3.10/site-packages/airflow/example_dags/plugins/listener_plugin.py
[2025-06-25T19:20:19.899-0400] {processor.py:842} WARNING - No viable dags retrieved from /opt/anaconda3/envs/airflow_env/lib/python3.10/site-packages/airflow/example_dags/plugins/listener_plugin.py
[2025-06-25T19:20:19.932-0400] {processor.py:183} INFO - Processing /opt/anaconda3/envs/airflow_env/lib/python3.10/site-packages/airflow/example_dags/plugins/listener_plugin.py took 0.038 seconds
[2025-06-25T19:20:47.656-0400] {processor.py:161} INFO - Started process (PID=46875) to work on /opt/anaconda3/envs/airflow_env/lib/python3.10/site-packages/airflow/example_dags/plugins/listener_plugin.py
[2025-06-25T19:20:47.657-0400] {processor.py:830} INFO - Processing file /opt/anaconda3/envs/airflow_env/lib/python3.10/site-packages/airflow/example_dags/plugins/listener_plugin.py for tasks to queue
[2025-06-25T19:20:47.657-0400] {logging_mixin.py:188} INFO - [2025-06-25T19:20:47.657-0400] {dagbag.py:545} INFO - Filling up the DagBag from /opt/anaconda3/envs/airflow_env/lib/python3.10/site-packages/airflow/example_dags/plugins/listener_plugin.py
[2025-06-25T19:20:47.658-0400] {processor.py:842} WARNING - No viable dags retrieved from /opt/anaconda3/envs/airflow_env/lib/python3.10/site-packages/airflow/example_dags/plugins/listener_plugin.py
[2025-06-25T19:20:47.686-0400] {processor.py:183} INFO - Processing /opt/anaconda3/envs/airflow_env/lib/python3.10/site-packages/airflow/example_dags/plugins/listener_plugin.py took 0.032 seconds
[2025-06-25T19:21:09.847-0400] {processor.py:161} INFO - Started process (PID=46930) to work on /opt/anaconda3/envs/airflow_env/lib/python3.10/site-packages/airflow/example_dags/plugins/listener_plugin.py
[2025-06-25T19:21:09.847-0400] {processor.py:830} INFO - Processing file /opt/anaconda3/envs/airflow_env/lib/python3.10/site-packages/airflow/example_dags/plugins/listener_plugin.py for tasks to queue
[2025-06-25T19:21:09.848-0400] {logging_mixin.py:188} INFO - [2025-06-25T19:21:09.848-0400] {dagbag.py:545} INFO - Filling up the DagBag from /opt/anaconda3/envs/airflow_env/lib/python3.10/site-packages/airflow/example_dags/plugins/listener_plugin.py
[2025-06-25T19:21:09.848-0400] {processor.py:842} WARNING - No viable dags retrieved from /opt/anaconda3/envs/airflow_env/lib/python3.10/site-packages/airflow/example_dags/plugins/listener_plugin.py
[2025-06-25T19:21:09.877-0400] {processor.py:183} INFO - Processing /opt/anaconda3/envs/airflow_env/lib/python3.10/site-packages/airflow/example_dags/plugins/listener_plugin.py took 0.032 seconds
[2025-06-25T19:21:36.077-0400] {processor.py:161} INFO - Started process (PID=46988) to work on /opt/anaconda3/envs/airflow_env/lib/python3.10/site-packages/airflow/example_dags/plugins/listener_plugin.py
[2025-06-25T19:21:36.077-0400] {processor.py:830} INFO - Processing file /opt/anaconda3/envs/airflow_env/lib/python3.10/site-packages/airflow/example_dags/plugins/listener_plugin.py for tasks to queue
[2025-06-25T19:21:36.077-0400] {logging_mixin.py:188} INFO - [2025-06-25T19:21:36.077-0400] {dagbag.py:545} INFO - Filling up the DagBag from /opt/anaconda3/envs/airflow_env/lib/python3.10/site-packages/airflow/example_dags/plugins/listener_plugin.py
[2025-06-25T19:21:36.078-0400] {processor.py:842} WARNING - No viable dags retrieved from /opt/anaconda3/envs/airflow_env/lib/python3.10/site-packages/airflow/example_dags/plugins/listener_plugin.py
[2025-06-25T19:21:36.106-0400] {processor.py:183} INFO - Processing /opt/anaconda3/envs/airflow_env/lib/python3.10/site-packages/airflow/example_dags/plugins/listener_plugin.py took 0.031 seconds
[2025-06-25T19:21:56.142-0400] {processor.py:161} INFO - Started process (PID=47033) to work on /opt/anaconda3/envs/airflow_env/lib/python3.10/site-packages/airflow/example_dags/plugins/listener_plugin.py
[2025-06-25T19:21:56.143-0400] {processor.py:830} INFO - Processing file /opt/anaconda3/envs/airflow_env/lib/python3.10/site-packages/airflow/example_dags/plugins/listener_plugin.py for tasks to queue
[2025-06-25T19:21:56.143-0400] {logging_mixin.py:188} INFO - [2025-06-25T19:21:56.143-0400] {dagbag.py:545} INFO - Filling up the DagBag from /opt/anaconda3/envs/airflow_env/lib/python3.10/site-packages/airflow/example_dags/plugins/listener_plugin.py
[2025-06-25T19:21:56.143-0400] {processor.py:842} WARNING - No viable dags retrieved from /opt/anaconda3/envs/airflow_env/lib/python3.10/site-packages/airflow/example_dags/plugins/listener_plugin.py
[2025-06-25T19:21:56.172-0400] {processor.py:183} INFO - Processing /opt/anaconda3/envs/airflow_env/lib/python3.10/site-packages/airflow/example_dags/plugins/listener_plugin.py took 0.031 seconds
[2025-06-25T19:22:21.092-0400] {processor.py:161} INFO - Started process (PID=47086) to work on /opt/anaconda3/envs/airflow_env/lib/python3.10/site-packages/airflow/example_dags/plugins/listener_plugin.py
[2025-06-25T19:22:21.093-0400] {processor.py:830} INFO - Processing file /opt/anaconda3/envs/airflow_env/lib/python3.10/site-packages/airflow/example_dags/plugins/listener_plugin.py for tasks to queue
[2025-06-25T19:22:21.093-0400] {logging_mixin.py:188} INFO - [2025-06-25T19:22:21.093-0400] {dagbag.py:545} INFO - Filling up the DagBag from /opt/anaconda3/envs/airflow_env/lib/python3.10/site-packages/airflow/example_dags/plugins/listener_plugin.py
[2025-06-25T19:22:21.094-0400] {processor.py:842} WARNING - No viable dags retrieved from /opt/anaconda3/envs/airflow_env/lib/python3.10/site-packages/airflow/example_dags/plugins/listener_plugin.py
[2025-06-25T19:22:21.137-0400] {processor.py:183} INFO - Processing /opt/anaconda3/envs/airflow_env/lib/python3.10/site-packages/airflow/example_dags/plugins/listener_plugin.py took 0.047 seconds
[2025-06-25T19:22:43.055-0400] {processor.py:161} INFO - Started process (PID=47142) to work on /opt/anaconda3/envs/airflow_env/lib/python3.10/site-packages/airflow/example_dags/plugins/listener_plugin.py
[2025-06-25T19:22:43.056-0400] {processor.py:830} INFO - Processing file /opt/anaconda3/envs/airflow_env/lib/python3.10/site-packages/airflow/example_dags/plugins/listener_plugin.py for tasks to queue
[2025-06-25T19:22:43.057-0400] {logging_mixin.py:188} INFO - [2025-06-25T19:22:43.057-0400] {dagbag.py:545} INFO - Filling up the DagBag from /opt/anaconda3/envs/airflow_env/lib/python3.10/site-packages/airflow/example_dags/plugins/listener_plugin.py
[2025-06-25T19:22:43.058-0400] {processor.py:842} WARNING - No viable dags retrieved from /opt/anaconda3/envs/airflow_env/lib/python3.10/site-packages/airflow/example_dags/plugins/listener_plugin.py
[2025-06-25T19:22:43.084-0400] {processor.py:183} INFO - Processing /opt/anaconda3/envs/airflow_env/lib/python3.10/site-packages/airflow/example_dags/plugins/listener_plugin.py took 0.031 seconds
[2025-06-25T19:23:08.713-0400] {processor.py:161} INFO - Started process (PID=47200) to work on /opt/anaconda3/envs/airflow_env/lib/python3.10/site-packages/airflow/example_dags/plugins/listener_plugin.py
[2025-06-25T19:23:08.714-0400] {processor.py:830} INFO - Processing file /opt/anaconda3/envs/airflow_env/lib/python3.10/site-packages/airflow/example_dags/plugins/listener_plugin.py for tasks to queue
[2025-06-25T19:23:08.714-0400] {logging_mixin.py:188} INFO - [2025-06-25T19:23:08.714-0400] {dagbag.py:545} INFO - Filling up the DagBag from /opt/anaconda3/envs/airflow_env/lib/python3.10/site-packages/airflow/example_dags/plugins/listener_plugin.py
[2025-06-25T19:23:08.715-0400] {processor.py:842} WARNING - No viable dags retrieved from /opt/anaconda3/envs/airflow_env/lib/python3.10/site-packages/airflow/example_dags/plugins/listener_plugin.py
[2025-06-25T19:23:08.743-0400] {processor.py:183} INFO - Processing /opt/anaconda3/envs/airflow_env/lib/python3.10/site-packages/airflow/example_dags/plugins/listener_plugin.py took 0.031 seconds
[2025-06-25T19:23:30.620-0400] {processor.py:161} INFO - Started process (PID=47238) to work on /opt/anaconda3/envs/airflow_env/lib/python3.10/site-packages/airflow/example_dags/plugins/listener_plugin.py
[2025-06-25T19:23:30.620-0400] {processor.py:830} INFO - Processing file /opt/anaconda3/envs/airflow_env/lib/python3.10/site-packages/airflow/example_dags/plugins/listener_plugin.py for tasks to queue
[2025-06-25T19:23:30.620-0400] {logging_mixin.py:188} INFO - [2025-06-25T19:23:30.620-0400] {dagbag.py:545} INFO - Filling up the DagBag from /opt/anaconda3/envs/airflow_env/lib/python3.10/site-packages/airflow/example_dags/plugins/listener_plugin.py
[2025-06-25T19:23:30.621-0400] {processor.py:842} WARNING - No viable dags retrieved from /opt/anaconda3/envs/airflow_env/lib/python3.10/site-packages/airflow/example_dags/plugins/listener_plugin.py
[2025-06-25T19:23:30.648-0400] {processor.py:183} INFO - Processing /opt/anaconda3/envs/airflow_env/lib/python3.10/site-packages/airflow/example_dags/plugins/listener_plugin.py took 0.029 seconds
[2025-06-25T19:23:51.460-0400] {processor.py:161} INFO - Started process (PID=47268) to work on /opt/anaconda3/envs/airflow_env/lib/python3.10/site-packages/airflow/example_dags/plugins/listener_plugin.py
[2025-06-25T19:23:51.460-0400] {processor.py:830} INFO - Processing file /opt/anaconda3/envs/airflow_env/lib/python3.10/site-packages/airflow/example_dags/plugins/listener_plugin.py for tasks to queue
[2025-06-25T19:23:51.461-0400] {logging_mixin.py:188} INFO - [2025-06-25T19:23:51.461-0400] {dagbag.py:545} INFO - Filling up the DagBag from /opt/anaconda3/envs/airflow_env/lib/python3.10/site-packages/airflow/example_dags/plugins/listener_plugin.py
[2025-06-25T19:23:51.461-0400] {processor.py:842} WARNING - No viable dags retrieved from /opt/anaconda3/envs/airflow_env/lib/python3.10/site-packages/airflow/example_dags/plugins/listener_plugin.py
[2025-06-25T19:23:51.490-0400] {processor.py:183} INFO - Processing /opt/anaconda3/envs/airflow_env/lib/python3.10/site-packages/airflow/example_dags/plugins/listener_plugin.py took 0.032 seconds
[2025-06-25T19:24:18.878-0400] {processor.py:161} INFO - Started process (PID=47351) to work on /opt/anaconda3/envs/airflow_env/lib/python3.10/site-packages/airflow/example_dags/plugins/listener_plugin.py
[2025-06-25T19:24:18.878-0400] {processor.py:830} INFO - Processing file /opt/anaconda3/envs/airflow_env/lib/python3.10/site-packages/airflow/example_dags/plugins/listener_plugin.py for tasks to queue
[2025-06-25T19:24:18.878-0400] {logging_mixin.py:188} INFO - [2025-06-25T19:24:18.878-0400] {dagbag.py:545} INFO - Filling up the DagBag from /opt/anaconda3/envs/airflow_env/lib/python3.10/site-packages/airflow/example_dags/plugins/listener_plugin.py
[2025-06-25T19:24:18.880-0400] {processor.py:842} WARNING - No viable dags retrieved from /opt/anaconda3/envs/airflow_env/lib/python3.10/site-packages/airflow/example_dags/plugins/listener_plugin.py
[2025-06-25T19:24:18.912-0400] {processor.py:183} INFO - Processing /opt/anaconda3/envs/airflow_env/lib/python3.10/site-packages/airflow/example_dags/plugins/listener_plugin.py took 0.037 seconds
[2025-06-25T19:24:43.504-0400] {processor.py:161} INFO - Started process (PID=47386) to work on /opt/anaconda3/envs/airflow_env/lib/python3.10/site-packages/airflow/example_dags/plugins/listener_plugin.py
[2025-06-25T19:24:43.505-0400] {processor.py:830} INFO - Processing file /opt/anaconda3/envs/airflow_env/lib/python3.10/site-packages/airflow/example_dags/plugins/listener_plugin.py for tasks to queue
[2025-06-25T19:24:43.506-0400] {logging_mixin.py:188} INFO - [2025-06-25T19:24:43.506-0400] {dagbag.py:545} INFO - Filling up the DagBag from /opt/anaconda3/envs/airflow_env/lib/python3.10/site-packages/airflow/example_dags/plugins/listener_plugin.py
[2025-06-25T19:24:43.507-0400] {processor.py:842} WARNING - No viable dags retrieved from /opt/anaconda3/envs/airflow_env/lib/python3.10/site-packages/airflow/example_dags/plugins/listener_plugin.py
[2025-06-25T19:24:43.534-0400] {processor.py:183} INFO - Processing /opt/anaconda3/envs/airflow_env/lib/python3.10/site-packages/airflow/example_dags/plugins/listener_plugin.py took 0.031 seconds
[2025-06-25T19:25:09.057-0400] {processor.py:161} INFO - Started process (PID=47427) to work on /opt/anaconda3/envs/airflow_env/lib/python3.10/site-packages/airflow/example_dags/plugins/listener_plugin.py
[2025-06-25T19:25:09.058-0400] {processor.py:830} INFO - Processing file /opt/anaconda3/envs/airflow_env/lib/python3.10/site-packages/airflow/example_dags/plugins/listener_plugin.py for tasks to queue
[2025-06-25T19:25:09.058-0400] {logging_mixin.py:188} INFO - [2025-06-25T19:25:09.058-0400] {dagbag.py:545} INFO - Filling up the DagBag from /opt/anaconda3/envs/airflow_env/lib/python3.10/site-packages/airflow/example_dags/plugins/listener_plugin.py
[2025-06-25T19:25:09.059-0400] {processor.py:842} WARNING - No viable dags retrieved from /opt/anaconda3/envs/airflow_env/lib/python3.10/site-packages/airflow/example_dags/plugins/listener_plugin.py
[2025-06-25T19:25:09.087-0400] {processor.py:183} INFO - Processing /opt/anaconda3/envs/airflow_env/lib/python3.10/site-packages/airflow/example_dags/plugins/listener_plugin.py took 0.031 seconds
[2025-06-25T19:25:35.634-0400] {processor.py:161} INFO - Started process (PID=47469) to work on /opt/anaconda3/envs/airflow_env/lib/python3.10/site-packages/airflow/example_dags/plugins/listener_plugin.py
[2025-06-25T19:25:35.634-0400] {processor.py:830} INFO - Processing file /opt/anaconda3/envs/airflow_env/lib/python3.10/site-packages/airflow/example_dags/plugins/listener_plugin.py for tasks to queue
[2025-06-25T19:25:35.635-0400] {logging_mixin.py:188} INFO - [2025-06-25T19:25:35.634-0400] {dagbag.py:545} INFO - Filling up the DagBag from /opt/anaconda3/envs/airflow_env/lib/python3.10/site-packages/airflow/example_dags/plugins/listener_plugin.py
[2025-06-25T19:25:35.635-0400] {processor.py:842} WARNING - No viable dags retrieved from /opt/anaconda3/envs/airflow_env/lib/python3.10/site-packages/airflow/example_dags/plugins/listener_plugin.py
[2025-06-25T19:25:35.662-0400] {processor.py:183} INFO - Processing /opt/anaconda3/envs/airflow_env/lib/python3.10/site-packages/airflow/example_dags/plugins/listener_plugin.py took 0.029 seconds
[2025-06-25T19:25:58.371-0400] {processor.py:161} INFO - Started process (PID=47500) to work on /opt/anaconda3/envs/airflow_env/lib/python3.10/site-packages/airflow/example_dags/plugins/listener_plugin.py
[2025-06-25T19:25:58.371-0400] {processor.py:830} INFO - Processing file /opt/anaconda3/envs/airflow_env/lib/python3.10/site-packages/airflow/example_dags/plugins/listener_plugin.py for tasks to queue
[2025-06-25T19:25:58.371-0400] {logging_mixin.py:188} INFO - [2025-06-25T19:25:58.371-0400] {dagbag.py:545} INFO - Filling up the DagBag from /opt/anaconda3/envs/airflow_env/lib/python3.10/site-packages/airflow/example_dags/plugins/listener_plugin.py
[2025-06-25T19:25:58.372-0400] {processor.py:842} WARNING - No viable dags retrieved from /opt/anaconda3/envs/airflow_env/lib/python3.10/site-packages/airflow/example_dags/plugins/listener_plugin.py
[2025-06-25T19:25:58.400-0400] {processor.py:183} INFO - Processing /opt/anaconda3/envs/airflow_env/lib/python3.10/site-packages/airflow/example_dags/plugins/listener_plugin.py took 0.031 seconds
[2025-06-25T19:26:24.708-0400] {processor.py:161} INFO - Started process (PID=47550) to work on /opt/anaconda3/envs/airflow_env/lib/python3.10/site-packages/airflow/example_dags/plugins/listener_plugin.py
[2025-06-25T19:26:24.709-0400] {processor.py:830} INFO - Processing file /opt/anaconda3/envs/airflow_env/lib/python3.10/site-packages/airflow/example_dags/plugins/listener_plugin.py for tasks to queue
[2025-06-25T19:26:24.710-0400] {logging_mixin.py:188} INFO - [2025-06-25T19:26:24.710-0400] {dagbag.py:545} INFO - Filling up the DagBag from /opt/anaconda3/envs/airflow_env/lib/python3.10/site-packages/airflow/example_dags/plugins/listener_plugin.py
[2025-06-25T19:26:24.711-0400] {processor.py:842} WARNING - No viable dags retrieved from /opt/anaconda3/envs/airflow_env/lib/python3.10/site-packages/airflow/example_dags/plugins/listener_plugin.py
[2025-06-25T19:26:24.743-0400] {processor.py:183} INFO - Processing /opt/anaconda3/envs/airflow_env/lib/python3.10/site-packages/airflow/example_dags/plugins/listener_plugin.py took 0.037 seconds
[2025-06-25T19:26:46.830-0400] {processor.py:161} INFO - Started process (PID=47586) to work on /opt/anaconda3/envs/airflow_env/lib/python3.10/site-packages/airflow/example_dags/plugins/listener_plugin.py
[2025-06-25T19:26:46.831-0400] {processor.py:830} INFO - Processing file /opt/anaconda3/envs/airflow_env/lib/python3.10/site-packages/airflow/example_dags/plugins/listener_plugin.py for tasks to queue
[2025-06-25T19:26:46.831-0400] {logging_mixin.py:188} INFO - [2025-06-25T19:26:46.831-0400] {dagbag.py:545} INFO - Filling up the DagBag from /opt/anaconda3/envs/airflow_env/lib/python3.10/site-packages/airflow/example_dags/plugins/listener_plugin.py
[2025-06-25T19:26:46.832-0400] {processor.py:842} WARNING - No viable dags retrieved from /opt/anaconda3/envs/airflow_env/lib/python3.10/site-packages/airflow/example_dags/plugins/listener_plugin.py
[2025-06-25T19:26:46.860-0400] {processor.py:183} INFO - Processing /opt/anaconda3/envs/airflow_env/lib/python3.10/site-packages/airflow/example_dags/plugins/listener_plugin.py took 0.032 seconds
[2025-06-25T19:27:19.934-0400] {processor.py:161} INFO - Started process (PID=47668) to work on /opt/anaconda3/envs/airflow_env/lib/python3.10/site-packages/airflow/example_dags/plugins/listener_plugin.py
[2025-06-25T19:27:19.934-0400] {processor.py:830} INFO - Processing file /opt/anaconda3/envs/airflow_env/lib/python3.10/site-packages/airflow/example_dags/plugins/listener_plugin.py for tasks to queue
[2025-06-25T19:27:19.935-0400] {logging_mixin.py:188} INFO - [2025-06-25T19:27:19.935-0400] {dagbag.py:545} INFO - Filling up the DagBag from /opt/anaconda3/envs/airflow_env/lib/python3.10/site-packages/airflow/example_dags/plugins/listener_plugin.py
[2025-06-25T19:27:19.936-0400] {processor.py:842} WARNING - No viable dags retrieved from /opt/anaconda3/envs/airflow_env/lib/python3.10/site-packages/airflow/example_dags/plugins/listener_plugin.py
[2025-06-25T19:27:19.968-0400] {processor.py:183} INFO - Processing /opt/anaconda3/envs/airflow_env/lib/python3.10/site-packages/airflow/example_dags/plugins/listener_plugin.py took 0.037 seconds
[2025-06-25T19:27:39.210-0400] {processor.py:161} INFO - Started process (PID=47712) to work on /opt/anaconda3/envs/airflow_env/lib/python3.10/site-packages/airflow/example_dags/plugins/listener_plugin.py
[2025-06-25T19:27:39.210-0400] {processor.py:830} INFO - Processing file /opt/anaconda3/envs/airflow_env/lib/python3.10/site-packages/airflow/example_dags/plugins/listener_plugin.py for tasks to queue
[2025-06-25T19:27:39.211-0400] {logging_mixin.py:188} INFO - [2025-06-25T19:27:39.210-0400] {dagbag.py:545} INFO - Filling up the DagBag from /opt/anaconda3/envs/airflow_env/lib/python3.10/site-packages/airflow/example_dags/plugins/listener_plugin.py
[2025-06-25T19:27:39.211-0400] {processor.py:842} WARNING - No viable dags retrieved from /opt/anaconda3/envs/airflow_env/lib/python3.10/site-packages/airflow/example_dags/plugins/listener_plugin.py
[2025-06-25T19:27:39.241-0400] {processor.py:183} INFO - Processing /opt/anaconda3/envs/airflow_env/lib/python3.10/site-packages/airflow/example_dags/plugins/listener_plugin.py took 0.034 seconds
[2025-06-25T19:28:35.384-0400] {processor.py:161} INFO - Started process (PID=47827) to work on /opt/anaconda3/envs/airflow_env/lib/python3.10/site-packages/airflow/example_dags/plugins/listener_plugin.py
[2025-06-25T19:28:35.385-0400] {processor.py:830} INFO - Processing file /opt/anaconda3/envs/airflow_env/lib/python3.10/site-packages/airflow/example_dags/plugins/listener_plugin.py for tasks to queue
[2025-06-25T19:28:35.385-0400] {logging_mixin.py:188} INFO - [2025-06-25T19:28:35.385-0400] {dagbag.py:545} INFO - Filling up the DagBag from /opt/anaconda3/envs/airflow_env/lib/python3.10/site-packages/airflow/example_dags/plugins/listener_plugin.py
[2025-06-25T19:28:35.386-0400] {processor.py:842} WARNING - No viable dags retrieved from /opt/anaconda3/envs/airflow_env/lib/python3.10/site-packages/airflow/example_dags/plugins/listener_plugin.py
[2025-06-25T19:28:35.415-0400] {processor.py:183} INFO - Processing /opt/anaconda3/envs/airflow_env/lib/python3.10/site-packages/airflow/example_dags/plugins/listener_plugin.py took 0.033 seconds
[2025-06-25T19:28:56.757-0400] {processor.py:161} INFO - Started process (PID=47873) to work on /opt/anaconda3/envs/airflow_env/lib/python3.10/site-packages/airflow/example_dags/plugins/listener_plugin.py
[2025-06-25T19:28:56.757-0400] {processor.py:830} INFO - Processing file /opt/anaconda3/envs/airflow_env/lib/python3.10/site-packages/airflow/example_dags/plugins/listener_plugin.py for tasks to queue
[2025-06-25T19:28:56.757-0400] {logging_mixin.py:188} INFO - [2025-06-25T19:28:56.757-0400] {dagbag.py:545} INFO - Filling up the DagBag from /opt/anaconda3/envs/airflow_env/lib/python3.10/site-packages/airflow/example_dags/plugins/listener_plugin.py
[2025-06-25T19:28:56.758-0400] {processor.py:842} WARNING - No viable dags retrieved from /opt/anaconda3/envs/airflow_env/lib/python3.10/site-packages/airflow/example_dags/plugins/listener_plugin.py
[2025-06-25T19:28:56.788-0400] {processor.py:183} INFO - Processing /opt/anaconda3/envs/airflow_env/lib/python3.10/site-packages/airflow/example_dags/plugins/listener_plugin.py took 0.033 seconds
[2025-06-25T19:29:27.798-0400] {processor.py:161} INFO - Started process (PID=47931) to work on /opt/anaconda3/envs/airflow_env/lib/python3.10/site-packages/airflow/example_dags/plugins/listener_plugin.py
[2025-06-25T19:29:27.798-0400] {processor.py:830} INFO - Processing file /opt/anaconda3/envs/airflow_env/lib/python3.10/site-packages/airflow/example_dags/plugins/listener_plugin.py for tasks to queue
[2025-06-25T19:29:27.799-0400] {logging_mixin.py:188} INFO - [2025-06-25T19:29:27.799-0400] {dagbag.py:545} INFO - Filling up the DagBag from /opt/anaconda3/envs/airflow_env/lib/python3.10/site-packages/airflow/example_dags/plugins/listener_plugin.py
[2025-06-25T19:29:27.799-0400] {processor.py:842} WARNING - No viable dags retrieved from /opt/anaconda3/envs/airflow_env/lib/python3.10/site-packages/airflow/example_dags/plugins/listener_plugin.py
[2025-06-25T19:29:27.829-0400] {processor.py:183} INFO - Processing /opt/anaconda3/envs/airflow_env/lib/python3.10/site-packages/airflow/example_dags/plugins/listener_plugin.py took 0.033 seconds
[2025-06-25T19:29:44.512-0400] {processor.py:161} INFO - Started process (PID=47955) to work on /opt/anaconda3/envs/airflow_env/lib/python3.10/site-packages/airflow/example_dags/plugins/listener_plugin.py
[2025-06-25T19:29:44.512-0400] {processor.py:830} INFO - Processing file /opt/anaconda3/envs/airflow_env/lib/python3.10/site-packages/airflow/example_dags/plugins/listener_plugin.py for tasks to queue
[2025-06-25T19:29:44.512-0400] {logging_mixin.py:188} INFO - [2025-06-25T19:29:44.512-0400] {dagbag.py:545} INFO - Filling up the DagBag from /opt/anaconda3/envs/airflow_env/lib/python3.10/site-packages/airflow/example_dags/plugins/listener_plugin.py
[2025-06-25T19:29:44.513-0400] {processor.py:842} WARNING - No viable dags retrieved from /opt/anaconda3/envs/airflow_env/lib/python3.10/site-packages/airflow/example_dags/plugins/listener_plugin.py
[2025-06-25T19:29:44.540-0400] {processor.py:183} INFO - Processing /opt/anaconda3/envs/airflow_env/lib/python3.10/site-packages/airflow/example_dags/plugins/listener_plugin.py took 0.030 seconds
[2025-06-25T19:30:17.313-0400] {processor.py:161} INFO - Started process (PID=48007) to work on /opt/anaconda3/envs/airflow_env/lib/python3.10/site-packages/airflow/example_dags/plugins/listener_plugin.py
[2025-06-25T19:30:17.314-0400] {processor.py:830} INFO - Processing file /opt/anaconda3/envs/airflow_env/lib/python3.10/site-packages/airflow/example_dags/plugins/listener_plugin.py for tasks to queue
[2025-06-25T19:30:17.314-0400] {logging_mixin.py:188} INFO - [2025-06-25T19:30:17.314-0400] {dagbag.py:545} INFO - Filling up the DagBag from /opt/anaconda3/envs/airflow_env/lib/python3.10/site-packages/airflow/example_dags/plugins/listener_plugin.py
[2025-06-25T19:30:17.315-0400] {processor.py:842} WARNING - No viable dags retrieved from /opt/anaconda3/envs/airflow_env/lib/python3.10/site-packages/airflow/example_dags/plugins/listener_plugin.py
[2025-06-25T19:30:17.342-0400] {processor.py:183} INFO - Processing /opt/anaconda3/envs/airflow_env/lib/python3.10/site-packages/airflow/example_dags/plugins/listener_plugin.py took 0.031 seconds
[2025-06-25T19:30:32.354-0400] {processor.py:161} INFO - Started process (PID=48027) to work on /opt/anaconda3/envs/airflow_env/lib/python3.10/site-packages/airflow/example_dags/plugins/listener_plugin.py
[2025-06-25T19:30:32.354-0400] {processor.py:830} INFO - Processing file /opt/anaconda3/envs/airflow_env/lib/python3.10/site-packages/airflow/example_dags/plugins/listener_plugin.py for tasks to queue
[2025-06-25T19:30:32.354-0400] {logging_mixin.py:188} INFO - [2025-06-25T19:30:32.354-0400] {dagbag.py:545} INFO - Filling up the DagBag from /opt/anaconda3/envs/airflow_env/lib/python3.10/site-packages/airflow/example_dags/plugins/listener_plugin.py
[2025-06-25T19:30:32.356-0400] {processor.py:842} WARNING - No viable dags retrieved from /opt/anaconda3/envs/airflow_env/lib/python3.10/site-packages/airflow/example_dags/plugins/listener_plugin.py
[2025-06-25T19:30:32.383-0400] {processor.py:183} INFO - Processing /opt/anaconda3/envs/airflow_env/lib/python3.10/site-packages/airflow/example_dags/plugins/listener_plugin.py took 0.032 seconds
[2025-06-25T19:31:03.575-0400] {processor.py:161} INFO - Started process (PID=48078) to work on /opt/anaconda3/envs/airflow_env/lib/python3.10/site-packages/airflow/example_dags/plugins/listener_plugin.py
[2025-06-25T19:31:03.575-0400] {processor.py:830} INFO - Processing file /opt/anaconda3/envs/airflow_env/lib/python3.10/site-packages/airflow/example_dags/plugins/listener_plugin.py for tasks to queue
[2025-06-25T19:31:03.576-0400] {logging_mixin.py:188} INFO - [2025-06-25T19:31:03.576-0400] {dagbag.py:545} INFO - Filling up the DagBag from /opt/anaconda3/envs/airflow_env/lib/python3.10/site-packages/airflow/example_dags/plugins/listener_plugin.py
[2025-06-25T19:31:03.576-0400] {processor.py:842} WARNING - No viable dags retrieved from /opt/anaconda3/envs/airflow_env/lib/python3.10/site-packages/airflow/example_dags/plugins/listener_plugin.py
[2025-06-25T19:31:03.607-0400] {processor.py:183} INFO - Processing /opt/anaconda3/envs/airflow_env/lib/python3.10/site-packages/airflow/example_dags/plugins/listener_plugin.py took 0.034 seconds
[2025-06-25T19:31:20.100-0400] {processor.py:161} INFO - Started process (PID=48101) to work on /opt/anaconda3/envs/airflow_env/lib/python3.10/site-packages/airflow/example_dags/plugins/listener_plugin.py
[2025-06-25T19:31:20.100-0400] {processor.py:830} INFO - Processing file /opt/anaconda3/envs/airflow_env/lib/python3.10/site-packages/airflow/example_dags/plugins/listener_plugin.py for tasks to queue
[2025-06-25T19:31:20.100-0400] {logging_mixin.py:188} INFO - [2025-06-25T19:31:20.100-0400] {dagbag.py:545} INFO - Filling up the DagBag from /opt/anaconda3/envs/airflow_env/lib/python3.10/site-packages/airflow/example_dags/plugins/listener_plugin.py
[2025-06-25T19:31:20.101-0400] {processor.py:842} WARNING - No viable dags retrieved from /opt/anaconda3/envs/airflow_env/lib/python3.10/site-packages/airflow/example_dags/plugins/listener_plugin.py
[2025-06-25T19:31:20.129-0400] {processor.py:183} INFO - Processing /opt/anaconda3/envs/airflow_env/lib/python3.10/site-packages/airflow/example_dags/plugins/listener_plugin.py took 0.031 seconds
[2025-06-25T19:31:48.462-0400] {processor.py:161} INFO - Started process (PID=48140) to work on /opt/anaconda3/envs/airflow_env/lib/python3.10/site-packages/airflow/example_dags/plugins/listener_plugin.py
[2025-06-25T19:31:48.463-0400] {processor.py:830} INFO - Processing file /opt/anaconda3/envs/airflow_env/lib/python3.10/site-packages/airflow/example_dags/plugins/listener_plugin.py for tasks to queue
[2025-06-25T19:31:48.463-0400] {logging_mixin.py:188} INFO - [2025-06-25T19:31:48.463-0400] {dagbag.py:545} INFO - Filling up the DagBag from /opt/anaconda3/envs/airflow_env/lib/python3.10/site-packages/airflow/example_dags/plugins/listener_plugin.py
[2025-06-25T19:31:48.464-0400] {processor.py:842} WARNING - No viable dags retrieved from /opt/anaconda3/envs/airflow_env/lib/python3.10/site-packages/airflow/example_dags/plugins/listener_plugin.py
[2025-06-25T19:31:48.494-0400] {processor.py:183} INFO - Processing /opt/anaconda3/envs/airflow_env/lib/python3.10/site-packages/airflow/example_dags/plugins/listener_plugin.py took 0.033 seconds
[2025-06-25T19:32:09.858-0400] {processor.py:161} INFO - Started process (PID=48170) to work on /opt/anaconda3/envs/airflow_env/lib/python3.10/site-packages/airflow/example_dags/plugins/listener_plugin.py
[2025-06-25T19:32:09.859-0400] {processor.py:830} INFO - Processing file /opt/anaconda3/envs/airflow_env/lib/python3.10/site-packages/airflow/example_dags/plugins/listener_plugin.py for tasks to queue
[2025-06-25T19:32:09.859-0400] {logging_mixin.py:188} INFO - [2025-06-25T19:32:09.859-0400] {dagbag.py:545} INFO - Filling up the DagBag from /opt/anaconda3/envs/airflow_env/lib/python3.10/site-packages/airflow/example_dags/plugins/listener_plugin.py
[2025-06-25T19:32:09.860-0400] {processor.py:842} WARNING - No viable dags retrieved from /opt/anaconda3/envs/airflow_env/lib/python3.10/site-packages/airflow/example_dags/plugins/listener_plugin.py
[2025-06-25T19:32:09.890-0400] {processor.py:183} INFO - Processing /opt/anaconda3/envs/airflow_env/lib/python3.10/site-packages/airflow/example_dags/plugins/listener_plugin.py took 0.034 seconds
[2025-06-25T19:32:33.439-0400] {processor.py:161} INFO - Started process (PID=48203) to work on /opt/anaconda3/envs/airflow_env/lib/python3.10/site-packages/airflow/example_dags/plugins/listener_plugin.py
[2025-06-25T19:32:33.439-0400] {processor.py:830} INFO - Processing file /opt/anaconda3/envs/airflow_env/lib/python3.10/site-packages/airflow/example_dags/plugins/listener_plugin.py for tasks to queue
[2025-06-25T19:32:33.439-0400] {logging_mixin.py:188} INFO - [2025-06-25T19:32:33.439-0400] {dagbag.py:545} INFO - Filling up the DagBag from /opt/anaconda3/envs/airflow_env/lib/python3.10/site-packages/airflow/example_dags/plugins/listener_plugin.py
[2025-06-25T19:32:33.440-0400] {processor.py:842} WARNING - No viable dags retrieved from /opt/anaconda3/envs/airflow_env/lib/python3.10/site-packages/airflow/example_dags/plugins/listener_plugin.py
[2025-06-25T19:32:33.468-0400] {processor.py:183} INFO - Processing /opt/anaconda3/envs/airflow_env/lib/python3.10/site-packages/airflow/example_dags/plugins/listener_plugin.py took 0.031 seconds
[2025-06-25T19:32:59.223-0400] {processor.py:161} INFO - Started process (PID=48265) to work on /opt/anaconda3/envs/airflow_env/lib/python3.10/site-packages/airflow/example_dags/plugins/listener_plugin.py
[2025-06-25T19:32:59.224-0400] {processor.py:830} INFO - Processing file /opt/anaconda3/envs/airflow_env/lib/python3.10/site-packages/airflow/example_dags/plugins/listener_plugin.py for tasks to queue
[2025-06-25T19:32:59.224-0400] {logging_mixin.py:188} INFO - [2025-06-25T19:32:59.224-0400] {dagbag.py:545} INFO - Filling up the DagBag from /opt/anaconda3/envs/airflow_env/lib/python3.10/site-packages/airflow/example_dags/plugins/listener_plugin.py
[2025-06-25T19:32:59.225-0400] {processor.py:842} WARNING - No viable dags retrieved from /opt/anaconda3/envs/airflow_env/lib/python3.10/site-packages/airflow/example_dags/plugins/listener_plugin.py
[2025-06-25T19:32:59.258-0400] {processor.py:183} INFO - Processing /opt/anaconda3/envs/airflow_env/lib/python3.10/site-packages/airflow/example_dags/plugins/listener_plugin.py took 0.037 seconds
[2025-06-25T19:33:25.163-0400] {processor.py:161} INFO - Started process (PID=48326) to work on /opt/anaconda3/envs/airflow_env/lib/python3.10/site-packages/airflow/example_dags/plugins/listener_plugin.py
[2025-06-25T19:33:25.164-0400] {processor.py:830} INFO - Processing file /opt/anaconda3/envs/airflow_env/lib/python3.10/site-packages/airflow/example_dags/plugins/listener_plugin.py for tasks to queue
[2025-06-25T19:33:25.164-0400] {logging_mixin.py:188} INFO - [2025-06-25T19:33:25.164-0400] {dagbag.py:545} INFO - Filling up the DagBag from /opt/anaconda3/envs/airflow_env/lib/python3.10/site-packages/airflow/example_dags/plugins/listener_plugin.py
[2025-06-25T19:33:25.165-0400] {processor.py:842} WARNING - No viable dags retrieved from /opt/anaconda3/envs/airflow_env/lib/python3.10/site-packages/airflow/example_dags/plugins/listener_plugin.py
[2025-06-25T19:33:25.194-0400] {processor.py:183} INFO - Processing /opt/anaconda3/envs/airflow_env/lib/python3.10/site-packages/airflow/example_dags/plugins/listener_plugin.py took 0.033 seconds
[2025-06-25T19:33:52.995-0400] {processor.py:161} INFO - Started process (PID=48358) to work on /opt/anaconda3/envs/airflow_env/lib/python3.10/site-packages/airflow/example_dags/plugins/listener_plugin.py
[2025-06-25T19:33:52.996-0400] {processor.py:830} INFO - Processing file /opt/anaconda3/envs/airflow_env/lib/python3.10/site-packages/airflow/example_dags/plugins/listener_plugin.py for tasks to queue
[2025-06-25T19:33:52.996-0400] {logging_mixin.py:188} INFO - [2025-06-25T19:33:52.996-0400] {dagbag.py:545} INFO - Filling up the DagBag from /opt/anaconda3/envs/airflow_env/lib/python3.10/site-packages/airflow/example_dags/plugins/listener_plugin.py
[2025-06-25T19:33:52.997-0400] {processor.py:842} WARNING - No viable dags retrieved from /opt/anaconda3/envs/airflow_env/lib/python3.10/site-packages/airflow/example_dags/plugins/listener_plugin.py
[2025-06-25T19:33:53.027-0400] {processor.py:183} INFO - Processing /opt/anaconda3/envs/airflow_env/lib/python3.10/site-packages/airflow/example_dags/plugins/listener_plugin.py took 0.034 seconds
[2025-06-25T19:34:20.684-0400] {processor.py:161} INFO - Started process (PID=48419) to work on /opt/anaconda3/envs/airflow_env/lib/python3.10/site-packages/airflow/example_dags/plugins/listener_plugin.py
[2025-06-25T19:34:20.685-0400] {processor.py:830} INFO - Processing file /opt/anaconda3/envs/airflow_env/lib/python3.10/site-packages/airflow/example_dags/plugins/listener_plugin.py for tasks to queue
[2025-06-25T19:34:20.685-0400] {logging_mixin.py:188} INFO - [2025-06-25T19:34:20.685-0400] {dagbag.py:545} INFO - Filling up the DagBag from /opt/anaconda3/envs/airflow_env/lib/python3.10/site-packages/airflow/example_dags/plugins/listener_plugin.py
[2025-06-25T19:34:20.686-0400] {processor.py:842} WARNING - No viable dags retrieved from /opt/anaconda3/envs/airflow_env/lib/python3.10/site-packages/airflow/example_dags/plugins/listener_plugin.py
[2025-06-25T19:34:20.716-0400] {processor.py:183} INFO - Processing /opt/anaconda3/envs/airflow_env/lib/python3.10/site-packages/airflow/example_dags/plugins/listener_plugin.py took 0.034 seconds
[2025-06-25T19:35:19.365-0400] {processor.py:161} INFO - Started process (PID=48524) to work on /opt/anaconda3/envs/airflow_env/lib/python3.10/site-packages/airflow/example_dags/plugins/listener_plugin.py
[2025-06-25T19:35:19.366-0400] {processor.py:830} INFO - Processing file /opt/anaconda3/envs/airflow_env/lib/python3.10/site-packages/airflow/example_dags/plugins/listener_plugin.py for tasks to queue
[2025-06-25T19:35:19.366-0400] {logging_mixin.py:188} INFO - [2025-06-25T19:35:19.366-0400] {dagbag.py:545} INFO - Filling up the DagBag from /opt/anaconda3/envs/airflow_env/lib/python3.10/site-packages/airflow/example_dags/plugins/listener_plugin.py
[2025-06-25T19:35:19.367-0400] {processor.py:842} WARNING - No viable dags retrieved from /opt/anaconda3/envs/airflow_env/lib/python3.10/site-packages/airflow/example_dags/plugins/listener_plugin.py
[2025-06-25T19:35:19.394-0400] {processor.py:183} INFO - Processing /opt/anaconda3/envs/airflow_env/lib/python3.10/site-packages/airflow/example_dags/plugins/listener_plugin.py took 0.031 seconds
[2025-06-25T19:35:27.427-0400] {processor.py:161} INFO - Started process (PID=48540) to work on /opt/anaconda3/envs/airflow_env/lib/python3.10/site-packages/airflow/example_dags/plugins/listener_plugin.py
[2025-06-25T19:35:27.427-0400] {processor.py:830} INFO - Processing file /opt/anaconda3/envs/airflow_env/lib/python3.10/site-packages/airflow/example_dags/plugins/listener_plugin.py for tasks to queue
[2025-06-25T19:35:27.427-0400] {logging_mixin.py:188} INFO - [2025-06-25T19:35:27.427-0400] {dagbag.py:545} INFO - Filling up the DagBag from /opt/anaconda3/envs/airflow_env/lib/python3.10/site-packages/airflow/example_dags/plugins/listener_plugin.py
[2025-06-25T19:35:27.428-0400] {processor.py:842} WARNING - No viable dags retrieved from /opt/anaconda3/envs/airflow_env/lib/python3.10/site-packages/airflow/example_dags/plugins/listener_plugin.py
[2025-06-25T19:35:27.456-0400] {processor.py:183} INFO - Processing /opt/anaconda3/envs/airflow_env/lib/python3.10/site-packages/airflow/example_dags/plugins/listener_plugin.py took 0.031 seconds
[2025-06-25T19:36:18.189-0400] {processor.py:161} INFO - Started process (PID=48651) to work on /opt/anaconda3/envs/airflow_env/lib/python3.10/site-packages/airflow/example_dags/plugins/listener_plugin.py
[2025-06-25T19:36:18.190-0400] {processor.py:830} INFO - Processing file /opt/anaconda3/envs/airflow_env/lib/python3.10/site-packages/airflow/example_dags/plugins/listener_plugin.py for tasks to queue
[2025-06-25T19:36:18.190-0400] {logging_mixin.py:188} INFO - [2025-06-25T19:36:18.190-0400] {dagbag.py:545} INFO - Filling up the DagBag from /opt/anaconda3/envs/airflow_env/lib/python3.10/site-packages/airflow/example_dags/plugins/listener_plugin.py
[2025-06-25T19:36:18.191-0400] {processor.py:842} WARNING - No viable dags retrieved from /opt/anaconda3/envs/airflow_env/lib/python3.10/site-packages/airflow/example_dags/plugins/listener_plugin.py
[2025-06-25T19:36:18.217-0400] {processor.py:183} INFO - Processing /opt/anaconda3/envs/airflow_env/lib/python3.10/site-packages/airflow/example_dags/plugins/listener_plugin.py took 0.030 seconds
[2025-06-25T19:36:20.695-0400] {processor.py:161} INFO - Started process (PID=48654) to work on /opt/anaconda3/envs/airflow_env/lib/python3.10/site-packages/airflow/example_dags/plugins/listener_plugin.py
[2025-06-25T19:36:20.695-0400] {processor.py:830} INFO - Processing file /opt/anaconda3/envs/airflow_env/lib/python3.10/site-packages/airflow/example_dags/plugins/listener_plugin.py for tasks to queue
[2025-06-25T19:36:20.696-0400] {logging_mixin.py:188} INFO - [2025-06-25T19:36:20.696-0400] {dagbag.py:545} INFO - Filling up the DagBag from /opt/anaconda3/envs/airflow_env/lib/python3.10/site-packages/airflow/example_dags/plugins/listener_plugin.py
[2025-06-25T19:36:20.696-0400] {processor.py:842} WARNING - No viable dags retrieved from /opt/anaconda3/envs/airflow_env/lib/python3.10/site-packages/airflow/example_dags/plugins/listener_plugin.py
[2025-06-25T19:36:20.723-0400] {processor.py:183} INFO - Processing /opt/anaconda3/envs/airflow_env/lib/python3.10/site-packages/airflow/example_dags/plugins/listener_plugin.py took 0.030 seconds
[2025-06-25T19:37:11.049-0400] {processor.py:161} INFO - Started process (PID=48772) to work on /opt/anaconda3/envs/airflow_env/lib/python3.10/site-packages/airflow/example_dags/plugins/listener_plugin.py
[2025-06-25T19:37:11.050-0400] {processor.py:830} INFO - Processing file /opt/anaconda3/envs/airflow_env/lib/python3.10/site-packages/airflow/example_dags/plugins/listener_plugin.py for tasks to queue
[2025-06-25T19:37:11.050-0400] {logging_mixin.py:188} INFO - [2025-06-25T19:37:11.050-0400] {dagbag.py:545} INFO - Filling up the DagBag from /opt/anaconda3/envs/airflow_env/lib/python3.10/site-packages/airflow/example_dags/plugins/listener_plugin.py
[2025-06-25T19:37:11.051-0400] {processor.py:842} WARNING - No viable dags retrieved from /opt/anaconda3/envs/airflow_env/lib/python3.10/site-packages/airflow/example_dags/plugins/listener_plugin.py
[2025-06-25T19:37:11.084-0400] {processor.py:183} INFO - Processing /opt/anaconda3/envs/airflow_env/lib/python3.10/site-packages/airflow/example_dags/plugins/listener_plugin.py took 0.038 seconds
[2025-06-25T19:37:23.765-0400] {processor.py:161} INFO - Started process (PID=48804) to work on /opt/anaconda3/envs/airflow_env/lib/python3.10/site-packages/airflow/example_dags/plugins/listener_plugin.py
[2025-06-25T19:37:23.766-0400] {processor.py:830} INFO - Processing file /opt/anaconda3/envs/airflow_env/lib/python3.10/site-packages/airflow/example_dags/plugins/listener_plugin.py for tasks to queue
[2025-06-25T19:37:23.766-0400] {logging_mixin.py:188} INFO - [2025-06-25T19:37:23.766-0400] {dagbag.py:545} INFO - Filling up the DagBag from /opt/anaconda3/envs/airflow_env/lib/python3.10/site-packages/airflow/example_dags/plugins/listener_plugin.py
[2025-06-25T19:37:23.768-0400] {processor.py:842} WARNING - No viable dags retrieved from /opt/anaconda3/envs/airflow_env/lib/python3.10/site-packages/airflow/example_dags/plugins/listener_plugin.py
[2025-06-25T19:37:23.796-0400] {processor.py:183} INFO - Processing /opt/anaconda3/envs/airflow_env/lib/python3.10/site-packages/airflow/example_dags/plugins/listener_plugin.py took 0.033 seconds
[2025-06-25T19:38:04.287-0400] {processor.py:161} INFO - Started process (PID=48939) to work on /opt/anaconda3/envs/airflow_env/lib/python3.10/site-packages/airflow/example_dags/plugins/listener_plugin.py
[2025-06-25T19:38:04.288-0400] {processor.py:830} INFO - Processing file /opt/anaconda3/envs/airflow_env/lib/python3.10/site-packages/airflow/example_dags/plugins/listener_plugin.py for tasks to queue
[2025-06-25T19:38:04.288-0400] {logging_mixin.py:188} INFO - [2025-06-25T19:38:04.288-0400] {dagbag.py:545} INFO - Filling up the DagBag from /opt/anaconda3/envs/airflow_env/lib/python3.10/site-packages/airflow/example_dags/plugins/listener_plugin.py
[2025-06-25T19:38:04.289-0400] {processor.py:842} WARNING - No viable dags retrieved from /opt/anaconda3/envs/airflow_env/lib/python3.10/site-packages/airflow/example_dags/plugins/listener_plugin.py
[2025-06-25T19:38:04.317-0400] {processor.py:183} INFO - Processing /opt/anaconda3/envs/airflow_env/lib/python3.10/site-packages/airflow/example_dags/plugins/listener_plugin.py took 0.032 seconds
[2025-06-25T19:38:41.364-0400] {processor.py:161} INFO - Started process (PID=49046) to work on /opt/anaconda3/envs/airflow_env/lib/python3.10/site-packages/airflow/example_dags/plugins/listener_plugin.py
[2025-06-25T19:38:41.365-0400] {processor.py:830} INFO - Processing file /opt/anaconda3/envs/airflow_env/lib/python3.10/site-packages/airflow/example_dags/plugins/listener_plugin.py for tasks to queue
[2025-06-25T19:38:41.365-0400] {logging_mixin.py:188} INFO - [2025-06-25T19:38:41.365-0400] {dagbag.py:545} INFO - Filling up the DagBag from /opt/anaconda3/envs/airflow_env/lib/python3.10/site-packages/airflow/example_dags/plugins/listener_plugin.py
[2025-06-25T19:38:41.365-0400] {processor.py:842} WARNING - No viable dags retrieved from /opt/anaconda3/envs/airflow_env/lib/python3.10/site-packages/airflow/example_dags/plugins/listener_plugin.py
[2025-06-25T19:38:41.394-0400] {processor.py:183} INFO - Processing /opt/anaconda3/envs/airflow_env/lib/python3.10/site-packages/airflow/example_dags/plugins/listener_plugin.py took 0.031 seconds
[2025-06-25T19:38:57.674-0400] {processor.py:161} INFO - Started process (PID=49105) to work on /opt/anaconda3/envs/airflow_env/lib/python3.10/site-packages/airflow/example_dags/plugins/listener_plugin.py
[2025-06-25T19:38:57.675-0400] {processor.py:830} INFO - Processing file /opt/anaconda3/envs/airflow_env/lib/python3.10/site-packages/airflow/example_dags/plugins/listener_plugin.py for tasks to queue
[2025-06-25T19:38:57.675-0400] {logging_mixin.py:188} INFO - [2025-06-25T19:38:57.675-0400] {dagbag.py:545} INFO - Filling up the DagBag from /opt/anaconda3/envs/airflow_env/lib/python3.10/site-packages/airflow/example_dags/plugins/listener_plugin.py
[2025-06-25T19:38:57.676-0400] {processor.py:842} WARNING - No viable dags retrieved from /opt/anaconda3/envs/airflow_env/lib/python3.10/site-packages/airflow/example_dags/plugins/listener_plugin.py
[2025-06-25T19:38:57.704-0400] {processor.py:183} INFO - Processing /opt/anaconda3/envs/airflow_env/lib/python3.10/site-packages/airflow/example_dags/plugins/listener_plugin.py took 0.031 seconds
[2025-06-25T19:39:34.151-0400] {processor.py:161} INFO - Started process (PID=49173) to work on /opt/anaconda3/envs/airflow_env/lib/python3.10/site-packages/airflow/example_dags/plugins/listener_plugin.py
[2025-06-25T19:39:34.151-0400] {processor.py:830} INFO - Processing file /opt/anaconda3/envs/airflow_env/lib/python3.10/site-packages/airflow/example_dags/plugins/listener_plugin.py for tasks to queue
[2025-06-25T19:39:34.151-0400] {logging_mixin.py:188} INFO - [2025-06-25T19:39:34.151-0400] {dagbag.py:545} INFO - Filling up the DagBag from /opt/anaconda3/envs/airflow_env/lib/python3.10/site-packages/airflow/example_dags/plugins/listener_plugin.py
[2025-06-25T19:39:34.152-0400] {processor.py:842} WARNING - No viable dags retrieved from /opt/anaconda3/envs/airflow_env/lib/python3.10/site-packages/airflow/example_dags/plugins/listener_plugin.py
[2025-06-25T19:39:34.180-0400] {processor.py:183} INFO - Processing /opt/anaconda3/envs/airflow_env/lib/python3.10/site-packages/airflow/example_dags/plugins/listener_plugin.py took 0.031 seconds
[2025-06-25T19:39:49.485-0400] {processor.py:161} INFO - Started process (PID=49212) to work on /opt/anaconda3/envs/airflow_env/lib/python3.10/site-packages/airflow/example_dags/plugins/listener_plugin.py
[2025-06-25T19:39:49.486-0400] {processor.py:830} INFO - Processing file /opt/anaconda3/envs/airflow_env/lib/python3.10/site-packages/airflow/example_dags/plugins/listener_plugin.py for tasks to queue
[2025-06-25T19:39:49.486-0400] {logging_mixin.py:188} INFO - [2025-06-25T19:39:49.486-0400] {dagbag.py:545} INFO - Filling up the DagBag from /opt/anaconda3/envs/airflow_env/lib/python3.10/site-packages/airflow/example_dags/plugins/listener_plugin.py
[2025-06-25T19:39:49.487-0400] {processor.py:842} WARNING - No viable dags retrieved from /opt/anaconda3/envs/airflow_env/lib/python3.10/site-packages/airflow/example_dags/plugins/listener_plugin.py
[2025-06-25T19:39:49.517-0400] {processor.py:183} INFO - Processing /opt/anaconda3/envs/airflow_env/lib/python3.10/site-packages/airflow/example_dags/plugins/listener_plugin.py took 0.033 seconds
[2025-06-25T19:40:24.038-0400] {processor.py:161} INFO - Started process (PID=49300) to work on /opt/anaconda3/envs/airflow_env/lib/python3.10/site-packages/airflow/example_dags/plugins/listener_plugin.py
[2025-06-25T19:40:24.039-0400] {processor.py:830} INFO - Processing file /opt/anaconda3/envs/airflow_env/lib/python3.10/site-packages/airflow/example_dags/plugins/listener_plugin.py for tasks to queue
[2025-06-25T19:40:24.040-0400] {logging_mixin.py:188} INFO - [2025-06-25T19:40:24.040-0400] {dagbag.py:545} INFO - Filling up the DagBag from /opt/anaconda3/envs/airflow_env/lib/python3.10/site-packages/airflow/example_dags/plugins/listener_plugin.py
[2025-06-25T19:40:24.041-0400] {processor.py:842} WARNING - No viable dags retrieved from /opt/anaconda3/envs/airflow_env/lib/python3.10/site-packages/airflow/example_dags/plugins/listener_plugin.py
[2025-06-25T19:40:24.068-0400] {processor.py:183} INFO - Processing /opt/anaconda3/envs/airflow_env/lib/python3.10/site-packages/airflow/example_dags/plugins/listener_plugin.py took 0.031 seconds
[2025-06-25T19:40:38.066-0400] {processor.py:161} INFO - Started process (PID=49335) to work on /opt/anaconda3/envs/airflow_env/lib/python3.10/site-packages/airflow/example_dags/plugins/listener_plugin.py
[2025-06-25T19:40:38.066-0400] {processor.py:830} INFO - Processing file /opt/anaconda3/envs/airflow_env/lib/python3.10/site-packages/airflow/example_dags/plugins/listener_plugin.py for tasks to queue
[2025-06-25T19:40:38.067-0400] {logging_mixin.py:188} INFO - [2025-06-25T19:40:38.067-0400] {dagbag.py:545} INFO - Filling up the DagBag from /opt/anaconda3/envs/airflow_env/lib/python3.10/site-packages/airflow/example_dags/plugins/listener_plugin.py
[2025-06-25T19:40:38.067-0400] {processor.py:842} WARNING - No viable dags retrieved from /opt/anaconda3/envs/airflow_env/lib/python3.10/site-packages/airflow/example_dags/plugins/listener_plugin.py
[2025-06-25T19:40:38.095-0400] {processor.py:183} INFO - Processing /opt/anaconda3/envs/airflow_env/lib/python3.10/site-packages/airflow/example_dags/plugins/listener_plugin.py took 0.031 seconds
[2025-06-25T19:41:11.301-0400] {processor.py:161} INFO - Started process (PID=49402) to work on /opt/anaconda3/envs/airflow_env/lib/python3.10/site-packages/airflow/example_dags/plugins/listener_plugin.py
[2025-06-25T19:41:11.301-0400] {processor.py:830} INFO - Processing file /opt/anaconda3/envs/airflow_env/lib/python3.10/site-packages/airflow/example_dags/plugins/listener_plugin.py for tasks to queue
[2025-06-25T19:41:11.301-0400] {logging_mixin.py:188} INFO - [2025-06-25T19:41:11.301-0400] {dagbag.py:545} INFO - Filling up the DagBag from /opt/anaconda3/envs/airflow_env/lib/python3.10/site-packages/airflow/example_dags/plugins/listener_plugin.py
[2025-06-25T19:41:11.302-0400] {processor.py:842} WARNING - No viable dags retrieved from /opt/anaconda3/envs/airflow_env/lib/python3.10/site-packages/airflow/example_dags/plugins/listener_plugin.py
[2025-06-25T19:41:11.330-0400] {processor.py:183} INFO - Processing /opt/anaconda3/envs/airflow_env/lib/python3.10/site-packages/airflow/example_dags/plugins/listener_plugin.py took 0.031 seconds
[2025-06-25T19:41:24.127-0400] {processor.py:161} INFO - Started process (PID=49420) to work on /opt/anaconda3/envs/airflow_env/lib/python3.10/site-packages/airflow/example_dags/plugins/listener_plugin.py
[2025-06-25T19:41:24.127-0400] {processor.py:830} INFO - Processing file /opt/anaconda3/envs/airflow_env/lib/python3.10/site-packages/airflow/example_dags/plugins/listener_plugin.py for tasks to queue
[2025-06-25T19:41:24.128-0400] {logging_mixin.py:188} INFO - [2025-06-25T19:41:24.128-0400] {dagbag.py:545} INFO - Filling up the DagBag from /opt/anaconda3/envs/airflow_env/lib/python3.10/site-packages/airflow/example_dags/plugins/listener_plugin.py
[2025-06-25T19:41:24.128-0400] {processor.py:842} WARNING - No viable dags retrieved from /opt/anaconda3/envs/airflow_env/lib/python3.10/site-packages/airflow/example_dags/plugins/listener_plugin.py
[2025-06-25T19:41:24.157-0400] {processor.py:183} INFO - Processing /opt/anaconda3/envs/airflow_env/lib/python3.10/site-packages/airflow/example_dags/plugins/listener_plugin.py took 0.032 seconds
[2025-06-25T19:42:01.041-0400] {processor.py:161} INFO - Started process (PID=49467) to work on /opt/anaconda3/envs/airflow_env/lib/python3.10/site-packages/airflow/example_dags/plugins/listener_plugin.py
[2025-06-25T19:42:01.042-0400] {processor.py:830} INFO - Processing file /opt/anaconda3/envs/airflow_env/lib/python3.10/site-packages/airflow/example_dags/plugins/listener_plugin.py for tasks to queue
[2025-06-25T19:42:01.042-0400] {logging_mixin.py:188} INFO - [2025-06-25T19:42:01.042-0400] {dagbag.py:545} INFO - Filling up the DagBag from /opt/anaconda3/envs/airflow_env/lib/python3.10/site-packages/airflow/example_dags/plugins/listener_plugin.py
[2025-06-25T19:42:01.043-0400] {processor.py:842} WARNING - No viable dags retrieved from /opt/anaconda3/envs/airflow_env/lib/python3.10/site-packages/airflow/example_dags/plugins/listener_plugin.py
[2025-06-25T19:42:01.074-0400] {processor.py:183} INFO - Processing /opt/anaconda3/envs/airflow_env/lib/python3.10/site-packages/airflow/example_dags/plugins/listener_plugin.py took 0.035 seconds
[2025-06-25T19:42:15.493-0400] {processor.py:161} INFO - Started process (PID=49489) to work on /opt/anaconda3/envs/airflow_env/lib/python3.10/site-packages/airflow/example_dags/plugins/listener_plugin.py
[2025-06-25T19:42:15.494-0400] {processor.py:830} INFO - Processing file /opt/anaconda3/envs/airflow_env/lib/python3.10/site-packages/airflow/example_dags/plugins/listener_plugin.py for tasks to queue
[2025-06-25T19:42:15.494-0400] {logging_mixin.py:188} INFO - [2025-06-25T19:42:15.494-0400] {dagbag.py:545} INFO - Filling up the DagBag from /opt/anaconda3/envs/airflow_env/lib/python3.10/site-packages/airflow/example_dags/plugins/listener_plugin.py
[2025-06-25T19:42:15.495-0400] {processor.py:842} WARNING - No viable dags retrieved from /opt/anaconda3/envs/airflow_env/lib/python3.10/site-packages/airflow/example_dags/plugins/listener_plugin.py
[2025-06-25T19:42:15.525-0400] {processor.py:183} INFO - Processing /opt/anaconda3/envs/airflow_env/lib/python3.10/site-packages/airflow/example_dags/plugins/listener_plugin.py took 0.033 seconds
[2025-06-25T19:42:53.071-0400] {processor.py:161} INFO - Started process (PID=49569) to work on /opt/anaconda3/envs/airflow_env/lib/python3.10/site-packages/airflow/example_dags/plugins/listener_plugin.py
[2025-06-25T19:42:53.072-0400] {processor.py:830} INFO - Processing file /opt/anaconda3/envs/airflow_env/lib/python3.10/site-packages/airflow/example_dags/plugins/listener_plugin.py for tasks to queue
[2025-06-25T19:42:53.072-0400] {logging_mixin.py:188} INFO - [2025-06-25T19:42:53.072-0400] {dagbag.py:545} INFO - Filling up the DagBag from /opt/anaconda3/envs/airflow_env/lib/python3.10/site-packages/airflow/example_dags/plugins/listener_plugin.py
[2025-06-25T19:42:53.073-0400] {processor.py:842} WARNING - No viable dags retrieved from /opt/anaconda3/envs/airflow_env/lib/python3.10/site-packages/airflow/example_dags/plugins/listener_plugin.py
[2025-06-25T19:42:53.104-0400] {processor.py:183} INFO - Processing /opt/anaconda3/envs/airflow_env/lib/python3.10/site-packages/airflow/example_dags/plugins/listener_plugin.py took 0.034 seconds
[2025-06-25T19:43:05.355-0400] {processor.py:161} INFO - Started process (PID=49600) to work on /opt/anaconda3/envs/airflow_env/lib/python3.10/site-packages/airflow/example_dags/plugins/listener_plugin.py
[2025-06-25T19:43:05.355-0400] {processor.py:830} INFO - Processing file /opt/anaconda3/envs/airflow_env/lib/python3.10/site-packages/airflow/example_dags/plugins/listener_plugin.py for tasks to queue
[2025-06-25T19:43:05.356-0400] {logging_mixin.py:188} INFO - [2025-06-25T19:43:05.355-0400] {dagbag.py:545} INFO - Filling up the DagBag from /opt/anaconda3/envs/airflow_env/lib/python3.10/site-packages/airflow/example_dags/plugins/listener_plugin.py
[2025-06-25T19:43:05.356-0400] {processor.py:842} WARNING - No viable dags retrieved from /opt/anaconda3/envs/airflow_env/lib/python3.10/site-packages/airflow/example_dags/plugins/listener_plugin.py
[2025-06-25T19:43:05.384-0400] {processor.py:183} INFO - Processing /opt/anaconda3/envs/airflow_env/lib/python3.10/site-packages/airflow/example_dags/plugins/listener_plugin.py took 0.031 seconds
[2025-06-25T19:43:46.197-0400] {processor.py:161} INFO - Started process (PID=49670) to work on /opt/anaconda3/envs/airflow_env/lib/python3.10/site-packages/airflow/example_dags/plugins/listener_plugin.py
[2025-06-25T19:43:46.198-0400] {processor.py:830} INFO - Processing file /opt/anaconda3/envs/airflow_env/lib/python3.10/site-packages/airflow/example_dags/plugins/listener_plugin.py for tasks to queue
[2025-06-25T19:43:46.198-0400] {logging_mixin.py:188} INFO - [2025-06-25T19:43:46.198-0400] {dagbag.py:545} INFO - Filling up the DagBag from /opt/anaconda3/envs/airflow_env/lib/python3.10/site-packages/airflow/example_dags/plugins/listener_plugin.py
[2025-06-25T19:43:46.199-0400] {processor.py:842} WARNING - No viable dags retrieved from /opt/anaconda3/envs/airflow_env/lib/python3.10/site-packages/airflow/example_dags/plugins/listener_plugin.py
[2025-06-25T19:43:46.226-0400] {processor.py:183} INFO - Processing /opt/anaconda3/envs/airflow_env/lib/python3.10/site-packages/airflow/example_dags/plugins/listener_plugin.py took 0.031 seconds
[2025-06-25T19:43:50.366-0400] {processor.py:161} INFO - Started process (PID=49678) to work on /opt/anaconda3/envs/airflow_env/lib/python3.10/site-packages/airflow/example_dags/plugins/listener_plugin.py
[2025-06-25T19:43:50.366-0400] {processor.py:830} INFO - Processing file /opt/anaconda3/envs/airflow_env/lib/python3.10/site-packages/airflow/example_dags/plugins/listener_plugin.py for tasks to queue
[2025-06-25T19:43:50.367-0400] {logging_mixin.py:188} INFO - [2025-06-25T19:43:50.367-0400] {dagbag.py:545} INFO - Filling up the DagBag from /opt/anaconda3/envs/airflow_env/lib/python3.10/site-packages/airflow/example_dags/plugins/listener_plugin.py
[2025-06-25T19:43:50.367-0400] {processor.py:842} WARNING - No viable dags retrieved from /opt/anaconda3/envs/airflow_env/lib/python3.10/site-packages/airflow/example_dags/plugins/listener_plugin.py
[2025-06-25T19:43:50.397-0400] {processor.py:183} INFO - Processing /opt/anaconda3/envs/airflow_env/lib/python3.10/site-packages/airflow/example_dags/plugins/listener_plugin.py took 0.033 seconds
[2025-06-25T19:44:36.766-0400] {processor.py:161} INFO - Started process (PID=49746) to work on /opt/anaconda3/envs/airflow_env/lib/python3.10/site-packages/airflow/example_dags/plugins/listener_plugin.py
[2025-06-25T19:44:36.766-0400] {processor.py:830} INFO - Processing file /opt/anaconda3/envs/airflow_env/lib/python3.10/site-packages/airflow/example_dags/plugins/listener_plugin.py for tasks to queue
[2025-06-25T19:44:36.767-0400] {logging_mixin.py:188} INFO - [2025-06-25T19:44:36.767-0400] {dagbag.py:545} INFO - Filling up the DagBag from /opt/anaconda3/envs/airflow_env/lib/python3.10/site-packages/airflow/example_dags/plugins/listener_plugin.py
[2025-06-25T19:44:36.767-0400] {processor.py:842} WARNING - No viable dags retrieved from /opt/anaconda3/envs/airflow_env/lib/python3.10/site-packages/airflow/example_dags/plugins/listener_plugin.py
[2025-06-25T19:44:36.796-0400] {processor.py:183} INFO - Processing /opt/anaconda3/envs/airflow_env/lib/python3.10/site-packages/airflow/example_dags/plugins/listener_plugin.py took 0.032 seconds
[2025-06-25T19:44:39.138-0400] {processor.py:161} INFO - Started process (PID=49753) to work on /opt/anaconda3/envs/airflow_env/lib/python3.10/site-packages/airflow/example_dags/plugins/listener_plugin.py
[2025-06-25T19:44:39.138-0400] {processor.py:830} INFO - Processing file /opt/anaconda3/envs/airflow_env/lib/python3.10/site-packages/airflow/example_dags/plugins/listener_plugin.py for tasks to queue
[2025-06-25T19:44:39.138-0400] {logging_mixin.py:188} INFO - [2025-06-25T19:44:39.138-0400] {dagbag.py:545} INFO - Filling up the DagBag from /opt/anaconda3/envs/airflow_env/lib/python3.10/site-packages/airflow/example_dags/plugins/listener_plugin.py
[2025-06-25T19:44:39.139-0400] {processor.py:842} WARNING - No viable dags retrieved from /opt/anaconda3/envs/airflow_env/lib/python3.10/site-packages/airflow/example_dags/plugins/listener_plugin.py
[2025-06-25T19:44:39.166-0400] {processor.py:183} INFO - Processing /opt/anaconda3/envs/airflow_env/lib/python3.10/site-packages/airflow/example_dags/plugins/listener_plugin.py took 0.030 seconds
[2025-06-25T19:45:27.094-0400] {processor.py:161} INFO - Started process (PID=49854) to work on /opt/anaconda3/envs/airflow_env/lib/python3.10/site-packages/airflow/example_dags/plugins/listener_plugin.py
[2025-06-25T19:45:27.094-0400] {processor.py:830} INFO - Processing file /opt/anaconda3/envs/airflow_env/lib/python3.10/site-packages/airflow/example_dags/plugins/listener_plugin.py for tasks to queue
[2025-06-25T19:45:27.094-0400] {logging_mixin.py:188} INFO - [2025-06-25T19:45:27.094-0400] {dagbag.py:545} INFO - Filling up the DagBag from /opt/anaconda3/envs/airflow_env/lib/python3.10/site-packages/airflow/example_dags/plugins/listener_plugin.py
[2025-06-25T19:45:27.095-0400] {processor.py:842} WARNING - No viable dags retrieved from /opt/anaconda3/envs/airflow_env/lib/python3.10/site-packages/airflow/example_dags/plugins/listener_plugin.py
[2025-06-25T19:45:27.122-0400] {processor.py:183} INFO - Processing /opt/anaconda3/envs/airflow_env/lib/python3.10/site-packages/airflow/example_dags/plugins/listener_plugin.py took 0.030 seconds
[2025-06-25T19:45:27.802-0400] {processor.py:161} INFO - Started process (PID=49855) to work on /opt/anaconda3/envs/airflow_env/lib/python3.10/site-packages/airflow/example_dags/plugins/listener_plugin.py
[2025-06-25T19:45:27.803-0400] {processor.py:830} INFO - Processing file /opt/anaconda3/envs/airflow_env/lib/python3.10/site-packages/airflow/example_dags/plugins/listener_plugin.py for tasks to queue
[2025-06-25T19:45:27.803-0400] {logging_mixin.py:188} INFO - [2025-06-25T19:45:27.803-0400] {dagbag.py:545} INFO - Filling up the DagBag from /opt/anaconda3/envs/airflow_env/lib/python3.10/site-packages/airflow/example_dags/plugins/listener_plugin.py
[2025-06-25T19:45:27.804-0400] {processor.py:842} WARNING - No viable dags retrieved from /opt/anaconda3/envs/airflow_env/lib/python3.10/site-packages/airflow/example_dags/plugins/listener_plugin.py
[2025-06-25T19:45:27.835-0400] {processor.py:183} INFO - Processing /opt/anaconda3/envs/airflow_env/lib/python3.10/site-packages/airflow/example_dags/plugins/listener_plugin.py took 0.036 seconds
[2025-06-25T19:46:18.347-0400] {processor.py:161} INFO - Started process (PID=49992) to work on /opt/anaconda3/envs/airflow_env/lib/python3.10/site-packages/airflow/example_dags/plugins/listener_plugin.py
[2025-06-25T19:46:18.349-0400] {processor.py:830} INFO - Processing file /opt/anaconda3/envs/airflow_env/lib/python3.10/site-packages/airflow/example_dags/plugins/listener_plugin.py for tasks to queue
[2025-06-25T19:46:18.349-0400] {logging_mixin.py:188} INFO - [2025-06-25T19:46:18.349-0400] {dagbag.py:545} INFO - Filling up the DagBag from /opt/anaconda3/envs/airflow_env/lib/python3.10/site-packages/airflow/example_dags/plugins/listener_plugin.py
[2025-06-25T19:46:18.350-0400] {processor.py:842} WARNING - No viable dags retrieved from /opt/anaconda3/envs/airflow_env/lib/python3.10/site-packages/airflow/example_dags/plugins/listener_plugin.py
[2025-06-25T19:46:18.378-0400] {processor.py:183} INFO - Processing /opt/anaconda3/envs/airflow_env/lib/python3.10/site-packages/airflow/example_dags/plugins/listener_plugin.py took 0.032 seconds
[2025-06-25T19:46:19.755-0400] {processor.py:161} INFO - Started process (PID=49993) to work on /opt/anaconda3/envs/airflow_env/lib/python3.10/site-packages/airflow/example_dags/plugins/listener_plugin.py
[2025-06-25T19:46:19.755-0400] {processor.py:830} INFO - Processing file /opt/anaconda3/envs/airflow_env/lib/python3.10/site-packages/airflow/example_dags/plugins/listener_plugin.py for tasks to queue
[2025-06-25T19:46:19.755-0400] {logging_mixin.py:188} INFO - [2025-06-25T19:46:19.755-0400] {dagbag.py:545} INFO - Filling up the DagBag from /opt/anaconda3/envs/airflow_env/lib/python3.10/site-packages/airflow/example_dags/plugins/listener_plugin.py
[2025-06-25T19:46:19.756-0400] {processor.py:842} WARNING - No viable dags retrieved from /opt/anaconda3/envs/airflow_env/lib/python3.10/site-packages/airflow/example_dags/plugins/listener_plugin.py
[2025-06-25T19:46:19.787-0400] {processor.py:183} INFO - Processing /opt/anaconda3/envs/airflow_env/lib/python3.10/site-packages/airflow/example_dags/plugins/listener_plugin.py took 0.034 seconds
[2025-06-25T19:47:06.667-0400] {processor.py:161} INFO - Started process (PID=50100) to work on /opt/anaconda3/envs/airflow_env/lib/python3.10/site-packages/airflow/example_dags/plugins/listener_plugin.py
[2025-06-25T19:47:06.669-0400] {processor.py:830} INFO - Processing file /opt/anaconda3/envs/airflow_env/lib/python3.10/site-packages/airflow/example_dags/plugins/listener_plugin.py for tasks to queue
[2025-06-25T19:47:06.669-0400] {logging_mixin.py:188} INFO - [2025-06-25T19:47:06.669-0400] {dagbag.py:545} INFO - Filling up the DagBag from /opt/anaconda3/envs/airflow_env/lib/python3.10/site-packages/airflow/example_dags/plugins/listener_plugin.py
[2025-06-25T19:47:06.670-0400] {processor.py:842} WARNING - No viable dags retrieved from /opt/anaconda3/envs/airflow_env/lib/python3.10/site-packages/airflow/example_dags/plugins/listener_plugin.py
[2025-06-25T19:47:06.698-0400] {processor.py:183} INFO - Processing /opt/anaconda3/envs/airflow_env/lib/python3.10/site-packages/airflow/example_dags/plugins/listener_plugin.py took 0.033 seconds
[2025-06-25T19:47:11.656-0400] {processor.py:161} INFO - Started process (PID=50115) to work on /opt/anaconda3/envs/airflow_env/lib/python3.10/site-packages/airflow/example_dags/plugins/listener_plugin.py
[2025-06-25T19:47:11.656-0400] {processor.py:830} INFO - Processing file /opt/anaconda3/envs/airflow_env/lib/python3.10/site-packages/airflow/example_dags/plugins/listener_plugin.py for tasks to queue
[2025-06-25T19:47:11.656-0400] {logging_mixin.py:188} INFO - [2025-06-25T19:47:11.656-0400] {dagbag.py:545} INFO - Filling up the DagBag from /opt/anaconda3/envs/airflow_env/lib/python3.10/site-packages/airflow/example_dags/plugins/listener_plugin.py
[2025-06-25T19:47:11.657-0400] {processor.py:842} WARNING - No viable dags retrieved from /opt/anaconda3/envs/airflow_env/lib/python3.10/site-packages/airflow/example_dags/plugins/listener_plugin.py
[2025-06-25T19:47:11.685-0400] {processor.py:183} INFO - Processing /opt/anaconda3/envs/airflow_env/lib/python3.10/site-packages/airflow/example_dags/plugins/listener_plugin.py took 0.031 seconds
[2025-06-25T19:47:55.798-0400] {processor.py:161} INFO - Started process (PID=50222) to work on /opt/anaconda3/envs/airflow_env/lib/python3.10/site-packages/airflow/example_dags/plugins/listener_plugin.py
[2025-06-25T19:47:55.799-0400] {processor.py:830} INFO - Processing file /opt/anaconda3/envs/airflow_env/lib/python3.10/site-packages/airflow/example_dags/plugins/listener_plugin.py for tasks to queue
[2025-06-25T19:47:55.800-0400] {logging_mixin.py:188} INFO - [2025-06-25T19:47:55.799-0400] {dagbag.py:545} INFO - Filling up the DagBag from /opt/anaconda3/envs/airflow_env/lib/python3.10/site-packages/airflow/example_dags/plugins/listener_plugin.py
[2025-06-25T19:47:55.801-0400] {processor.py:842} WARNING - No viable dags retrieved from /opt/anaconda3/envs/airflow_env/lib/python3.10/site-packages/airflow/example_dags/plugins/listener_plugin.py
[2025-06-25T19:47:55.834-0400] {processor.py:183} INFO - Processing /opt/anaconda3/envs/airflow_env/lib/python3.10/site-packages/airflow/example_dags/plugins/listener_plugin.py took 0.038 seconds
[2025-06-25T19:48:06.818-0400] {processor.py:161} INFO - Started process (PID=50251) to work on /opt/anaconda3/envs/airflow_env/lib/python3.10/site-packages/airflow/example_dags/plugins/listener_plugin.py
[2025-06-25T19:48:06.819-0400] {processor.py:830} INFO - Processing file /opt/anaconda3/envs/airflow_env/lib/python3.10/site-packages/airflow/example_dags/plugins/listener_plugin.py for tasks to queue
[2025-06-25T19:48:06.819-0400] {logging_mixin.py:188} INFO - [2025-06-25T19:48:06.819-0400] {dagbag.py:545} INFO - Filling up the DagBag from /opt/anaconda3/envs/airflow_env/lib/python3.10/site-packages/airflow/example_dags/plugins/listener_plugin.py
[2025-06-25T19:48:06.820-0400] {processor.py:842} WARNING - No viable dags retrieved from /opt/anaconda3/envs/airflow_env/lib/python3.10/site-packages/airflow/example_dags/plugins/listener_plugin.py
[2025-06-25T19:48:06.848-0400] {processor.py:183} INFO - Processing /opt/anaconda3/envs/airflow_env/lib/python3.10/site-packages/airflow/example_dags/plugins/listener_plugin.py took 0.032 seconds
[2025-06-25T19:48:43.839-0400] {processor.py:161} INFO - Started process (PID=50321) to work on /opt/anaconda3/envs/airflow_env/lib/python3.10/site-packages/airflow/example_dags/plugins/listener_plugin.py
[2025-06-25T19:48:43.840-0400] {processor.py:830} INFO - Processing file /opt/anaconda3/envs/airflow_env/lib/python3.10/site-packages/airflow/example_dags/plugins/listener_plugin.py for tasks to queue
[2025-06-25T19:48:43.840-0400] {logging_mixin.py:188} INFO - [2025-06-25T19:48:43.840-0400] {dagbag.py:545} INFO - Filling up the DagBag from /opt/anaconda3/envs/airflow_env/lib/python3.10/site-packages/airflow/example_dags/plugins/listener_plugin.py
[2025-06-25T19:48:43.841-0400] {processor.py:842} WARNING - No viable dags retrieved from /opt/anaconda3/envs/airflow_env/lib/python3.10/site-packages/airflow/example_dags/plugins/listener_plugin.py
[2025-06-25T19:48:43.868-0400] {processor.py:183} INFO - Processing /opt/anaconda3/envs/airflow_env/lib/python3.10/site-packages/airflow/example_dags/plugins/listener_plugin.py took 0.031 seconds
[2025-06-25T19:48:58.233-0400] {processor.py:161} INFO - Started process (PID=50340) to work on /opt/anaconda3/envs/airflow_env/lib/python3.10/site-packages/airflow/example_dags/plugins/listener_plugin.py
[2025-06-25T19:48:58.233-0400] {processor.py:830} INFO - Processing file /opt/anaconda3/envs/airflow_env/lib/python3.10/site-packages/airflow/example_dags/plugins/listener_plugin.py for tasks to queue
[2025-06-25T19:48:58.233-0400] {logging_mixin.py:188} INFO - [2025-06-25T19:48:58.233-0400] {dagbag.py:545} INFO - Filling up the DagBag from /opt/anaconda3/envs/airflow_env/lib/python3.10/site-packages/airflow/example_dags/plugins/listener_plugin.py
[2025-06-25T19:48:58.234-0400] {processor.py:842} WARNING - No viable dags retrieved from /opt/anaconda3/envs/airflow_env/lib/python3.10/site-packages/airflow/example_dags/plugins/listener_plugin.py
[2025-06-25T19:48:58.263-0400] {processor.py:183} INFO - Processing /opt/anaconda3/envs/airflow_env/lib/python3.10/site-packages/airflow/example_dags/plugins/listener_plugin.py took 0.032 seconds
[2025-06-25T19:49:29.133-0400] {processor.py:161} INFO - Started process (PID=50386) to work on /opt/anaconda3/envs/airflow_env/lib/python3.10/site-packages/airflow/example_dags/plugins/listener_plugin.py
[2025-06-25T19:49:29.133-0400] {processor.py:830} INFO - Processing file /opt/anaconda3/envs/airflow_env/lib/python3.10/site-packages/airflow/example_dags/plugins/listener_plugin.py for tasks to queue
[2025-06-25T19:49:29.133-0400] {logging_mixin.py:188} INFO - [2025-06-25T19:49:29.133-0400] {dagbag.py:545} INFO - Filling up the DagBag from /opt/anaconda3/envs/airflow_env/lib/python3.10/site-packages/airflow/example_dags/plugins/listener_plugin.py
[2025-06-25T19:49:29.134-0400] {processor.py:842} WARNING - No viable dags retrieved from /opt/anaconda3/envs/airflow_env/lib/python3.10/site-packages/airflow/example_dags/plugins/listener_plugin.py
[2025-06-25T19:49:29.162-0400] {processor.py:183} INFO - Processing /opt/anaconda3/envs/airflow_env/lib/python3.10/site-packages/airflow/example_dags/plugins/listener_plugin.py took 0.031 seconds
[2025-06-25T19:49:45.261-0400] {processor.py:161} INFO - Started process (PID=50431) to work on /opt/anaconda3/envs/airflow_env/lib/python3.10/site-packages/airflow/example_dags/plugins/listener_plugin.py
[2025-06-25T19:49:45.262-0400] {processor.py:830} INFO - Processing file /opt/anaconda3/envs/airflow_env/lib/python3.10/site-packages/airflow/example_dags/plugins/listener_plugin.py for tasks to queue
[2025-06-25T19:49:45.262-0400] {logging_mixin.py:188} INFO - [2025-06-25T19:49:45.262-0400] {dagbag.py:545} INFO - Filling up the DagBag from /opt/anaconda3/envs/airflow_env/lib/python3.10/site-packages/airflow/example_dags/plugins/listener_plugin.py
[2025-06-25T19:49:45.262-0400] {processor.py:842} WARNING - No viable dags retrieved from /opt/anaconda3/envs/airflow_env/lib/python3.10/site-packages/airflow/example_dags/plugins/listener_plugin.py
[2025-06-25T19:49:45.292-0400] {processor.py:183} INFO - Processing /opt/anaconda3/envs/airflow_env/lib/python3.10/site-packages/airflow/example_dags/plugins/listener_plugin.py took 0.033 seconds
[2025-06-25T19:50:14.944-0400] {processor.py:161} INFO - Started process (PID=50480) to work on /opt/anaconda3/envs/airflow_env/lib/python3.10/site-packages/airflow/example_dags/plugins/listener_plugin.py
[2025-06-25T19:50:14.944-0400] {processor.py:830} INFO - Processing file /opt/anaconda3/envs/airflow_env/lib/python3.10/site-packages/airflow/example_dags/plugins/listener_plugin.py for tasks to queue
[2025-06-25T19:50:14.944-0400] {logging_mixin.py:188} INFO - [2025-06-25T19:50:14.944-0400] {dagbag.py:545} INFO - Filling up the DagBag from /opt/anaconda3/envs/airflow_env/lib/python3.10/site-packages/airflow/example_dags/plugins/listener_plugin.py
[2025-06-25T19:50:14.945-0400] {processor.py:842} WARNING - No viable dags retrieved from /opt/anaconda3/envs/airflow_env/lib/python3.10/site-packages/airflow/example_dags/plugins/listener_plugin.py
[2025-06-25T19:50:14.973-0400] {processor.py:183} INFO - Processing /opt/anaconda3/envs/airflow_env/lib/python3.10/site-packages/airflow/example_dags/plugins/listener_plugin.py took 0.031 seconds
[2025-06-25T19:50:31.105-0400] {processor.py:161} INFO - Started process (PID=50516) to work on /opt/anaconda3/envs/airflow_env/lib/python3.10/site-packages/airflow/example_dags/plugins/listener_plugin.py
[2025-06-25T19:50:31.105-0400] {processor.py:830} INFO - Processing file /opt/anaconda3/envs/airflow_env/lib/python3.10/site-packages/airflow/example_dags/plugins/listener_plugin.py for tasks to queue
[2025-06-25T19:50:31.105-0400] {logging_mixin.py:188} INFO - [2025-06-25T19:50:31.105-0400] {dagbag.py:545} INFO - Filling up the DagBag from /opt/anaconda3/envs/airflow_env/lib/python3.10/site-packages/airflow/example_dags/plugins/listener_plugin.py
[2025-06-25T19:50:31.106-0400] {processor.py:842} WARNING - No viable dags retrieved from /opt/anaconda3/envs/airflow_env/lib/python3.10/site-packages/airflow/example_dags/plugins/listener_plugin.py
[2025-06-25T19:50:31.134-0400] {processor.py:183} INFO - Processing /opt/anaconda3/envs/airflow_env/lib/python3.10/site-packages/airflow/example_dags/plugins/listener_plugin.py took 0.031 seconds
[2025-06-25T19:51:25.501-0400] {processor.py:161} INFO - Started process (PID=50642) to work on /opt/anaconda3/envs/airflow_env/lib/python3.10/site-packages/airflow/example_dags/plugins/listener_plugin.py
[2025-06-25T19:51:25.502-0400] {processor.py:830} INFO - Processing file /opt/anaconda3/envs/airflow_env/lib/python3.10/site-packages/airflow/example_dags/plugins/listener_plugin.py for tasks to queue
[2025-06-25T19:51:25.502-0400] {logging_mixin.py:188} INFO - [2025-06-25T19:51:25.502-0400] {dagbag.py:545} INFO - Filling up the DagBag from /opt/anaconda3/envs/airflow_env/lib/python3.10/site-packages/airflow/example_dags/plugins/listener_plugin.py
[2025-06-25T19:51:25.503-0400] {processor.py:842} WARNING - No viable dags retrieved from /opt/anaconda3/envs/airflow_env/lib/python3.10/site-packages/airflow/example_dags/plugins/listener_plugin.py
[2025-06-25T19:51:25.532-0400] {processor.py:183} INFO - Processing /opt/anaconda3/envs/airflow_env/lib/python3.10/site-packages/airflow/example_dags/plugins/listener_plugin.py took 0.033 seconds
[2025-06-25T19:51:44.107-0400] {processor.py:161} INFO - Started process (PID=50681) to work on /opt/anaconda3/envs/airflow_env/lib/python3.10/site-packages/airflow/example_dags/plugins/listener_plugin.py
[2025-06-25T19:51:44.107-0400] {processor.py:830} INFO - Processing file /opt/anaconda3/envs/airflow_env/lib/python3.10/site-packages/airflow/example_dags/plugins/listener_plugin.py for tasks to queue
[2025-06-25T19:51:44.107-0400] {logging_mixin.py:188} INFO - [2025-06-25T19:51:44.107-0400] {dagbag.py:545} INFO - Filling up the DagBag from /opt/anaconda3/envs/airflow_env/lib/python3.10/site-packages/airflow/example_dags/plugins/listener_plugin.py
[2025-06-25T19:51:44.108-0400] {processor.py:842} WARNING - No viable dags retrieved from /opt/anaconda3/envs/airflow_env/lib/python3.10/site-packages/airflow/example_dags/plugins/listener_plugin.py
[2025-06-25T19:51:44.135-0400] {processor.py:183} INFO - Processing /opt/anaconda3/envs/airflow_env/lib/python3.10/site-packages/airflow/example_dags/plugins/listener_plugin.py took 0.031 seconds
[2025-06-25T19:52:17.160-0400] {processor.py:161} INFO - Started process (PID=50733) to work on /opt/anaconda3/envs/airflow_env/lib/python3.10/site-packages/airflow/example_dags/plugins/listener_plugin.py
[2025-06-25T19:52:17.160-0400] {processor.py:830} INFO - Processing file /opt/anaconda3/envs/airflow_env/lib/python3.10/site-packages/airflow/example_dags/plugins/listener_plugin.py for tasks to queue
[2025-06-25T19:52:17.160-0400] {logging_mixin.py:188} INFO - [2025-06-25T19:52:17.160-0400] {dagbag.py:545} INFO - Filling up the DagBag from /opt/anaconda3/envs/airflow_env/lib/python3.10/site-packages/airflow/example_dags/plugins/listener_plugin.py
[2025-06-25T19:52:17.161-0400] {processor.py:842} WARNING - No viable dags retrieved from /opt/anaconda3/envs/airflow_env/lib/python3.10/site-packages/airflow/example_dags/plugins/listener_plugin.py
[2025-06-25T19:52:17.188-0400] {processor.py:183} INFO - Processing /opt/anaconda3/envs/airflow_env/lib/python3.10/site-packages/airflow/example_dags/plugins/listener_plugin.py took 0.030 seconds
[2025-06-25T19:52:55.066-0400] {processor.py:161} INFO - Started process (PID=50811) to work on /opt/anaconda3/envs/airflow_env/lib/python3.10/site-packages/airflow/example_dags/plugins/listener_plugin.py
[2025-06-25T19:52:55.067-0400] {processor.py:830} INFO - Processing file /opt/anaconda3/envs/airflow_env/lib/python3.10/site-packages/airflow/example_dags/plugins/listener_plugin.py for tasks to queue
[2025-06-25T19:52:55.068-0400] {logging_mixin.py:188} INFO - [2025-06-25T19:52:55.068-0400] {dagbag.py:545} INFO - Filling up the DagBag from /opt/anaconda3/envs/airflow_env/lib/python3.10/site-packages/airflow/example_dags/plugins/listener_plugin.py
[2025-06-25T19:52:55.070-0400] {processor.py:842} WARNING - No viable dags retrieved from /opt/anaconda3/envs/airflow_env/lib/python3.10/site-packages/airflow/example_dags/plugins/listener_plugin.py
[2025-06-25T19:52:55.099-0400] {processor.py:183} INFO - Processing /opt/anaconda3/envs/airflow_env/lib/python3.10/site-packages/airflow/example_dags/plugins/listener_plugin.py took 0.034 seconds
[2025-06-25T19:53:06.299-0400] {processor.py:161} INFO - Started process (PID=50846) to work on /opt/anaconda3/envs/airflow_env/lib/python3.10/site-packages/airflow/example_dags/plugins/listener_plugin.py
[2025-06-25T19:53:06.299-0400] {processor.py:830} INFO - Processing file /opt/anaconda3/envs/airflow_env/lib/python3.10/site-packages/airflow/example_dags/plugins/listener_plugin.py for tasks to queue
[2025-06-25T19:53:06.299-0400] {logging_mixin.py:188} INFO - [2025-06-25T19:53:06.299-0400] {dagbag.py:545} INFO - Filling up the DagBag from /opt/anaconda3/envs/airflow_env/lib/python3.10/site-packages/airflow/example_dags/plugins/listener_plugin.py
[2025-06-25T19:53:06.300-0400] {processor.py:842} WARNING - No viable dags retrieved from /opt/anaconda3/envs/airflow_env/lib/python3.10/site-packages/airflow/example_dags/plugins/listener_plugin.py
[2025-06-25T19:53:06.327-0400] {processor.py:183} INFO - Processing /opt/anaconda3/envs/airflow_env/lib/python3.10/site-packages/airflow/example_dags/plugins/listener_plugin.py took 0.030 seconds
[2025-06-25T19:53:42.781-0400] {processor.py:161} INFO - Started process (PID=50959) to work on /opt/anaconda3/envs/airflow_env/lib/python3.10/site-packages/airflow/example_dags/plugins/listener_plugin.py
[2025-06-25T19:53:42.782-0400] {processor.py:830} INFO - Processing file /opt/anaconda3/envs/airflow_env/lib/python3.10/site-packages/airflow/example_dags/plugins/listener_plugin.py for tasks to queue
[2025-06-25T19:53:42.782-0400] {logging_mixin.py:188} INFO - [2025-06-25T19:53:42.782-0400] {dagbag.py:545} INFO - Filling up the DagBag from /opt/anaconda3/envs/airflow_env/lib/python3.10/site-packages/airflow/example_dags/plugins/listener_plugin.py
[2025-06-25T19:53:42.783-0400] {processor.py:842} WARNING - No viable dags retrieved from /opt/anaconda3/envs/airflow_env/lib/python3.10/site-packages/airflow/example_dags/plugins/listener_plugin.py
[2025-06-25T19:53:42.811-0400] {processor.py:183} INFO - Processing /opt/anaconda3/envs/airflow_env/lib/python3.10/site-packages/airflow/example_dags/plugins/listener_plugin.py took 0.031 seconds
[2025-06-25T19:53:56.478-0400] {processor.py:161} INFO - Started process (PID=50985) to work on /opt/anaconda3/envs/airflow_env/lib/python3.10/site-packages/airflow/example_dags/plugins/listener_plugin.py
[2025-06-25T19:53:56.478-0400] {processor.py:830} INFO - Processing file /opt/anaconda3/envs/airflow_env/lib/python3.10/site-packages/airflow/example_dags/plugins/listener_plugin.py for tasks to queue
[2025-06-25T19:53:56.478-0400] {logging_mixin.py:188} INFO - [2025-06-25T19:53:56.478-0400] {dagbag.py:545} INFO - Filling up the DagBag from /opt/anaconda3/envs/airflow_env/lib/python3.10/site-packages/airflow/example_dags/plugins/listener_plugin.py
[2025-06-25T19:53:56.480-0400] {processor.py:842} WARNING - No viable dags retrieved from /opt/anaconda3/envs/airflow_env/lib/python3.10/site-packages/airflow/example_dags/plugins/listener_plugin.py
[2025-06-25T19:53:56.507-0400] {processor.py:183} INFO - Processing /opt/anaconda3/envs/airflow_env/lib/python3.10/site-packages/airflow/example_dags/plugins/listener_plugin.py took 0.031 seconds
[2025-06-25T19:54:31.441-0400] {processor.py:161} INFO - Started process (PID=51068) to work on /opt/anaconda3/envs/airflow_env/lib/python3.10/site-packages/airflow/example_dags/plugins/listener_plugin.py
[2025-06-25T19:54:31.442-0400] {processor.py:830} INFO - Processing file /opt/anaconda3/envs/airflow_env/lib/python3.10/site-packages/airflow/example_dags/plugins/listener_plugin.py for tasks to queue
[2025-06-25T19:54:31.442-0400] {logging_mixin.py:188} INFO - [2025-06-25T19:54:31.442-0400] {dagbag.py:545} INFO - Filling up the DagBag from /opt/anaconda3/envs/airflow_env/lib/python3.10/site-packages/airflow/example_dags/plugins/listener_plugin.py
[2025-06-25T19:54:31.443-0400] {processor.py:842} WARNING - No viable dags retrieved from /opt/anaconda3/envs/airflow_env/lib/python3.10/site-packages/airflow/example_dags/plugins/listener_plugin.py
[2025-06-25T19:54:31.471-0400] {processor.py:183} INFO - Processing /opt/anaconda3/envs/airflow_env/lib/python3.10/site-packages/airflow/example_dags/plugins/listener_plugin.py took 0.032 seconds
[2025-06-25T19:54:44.183-0400] {processor.py:161} INFO - Started process (PID=51089) to work on /opt/anaconda3/envs/airflow_env/lib/python3.10/site-packages/airflow/example_dags/plugins/listener_plugin.py
[2025-06-25T19:54:44.183-0400] {processor.py:830} INFO - Processing file /opt/anaconda3/envs/airflow_env/lib/python3.10/site-packages/airflow/example_dags/plugins/listener_plugin.py for tasks to queue
[2025-06-25T19:54:44.183-0400] {logging_mixin.py:188} INFO - [2025-06-25T19:54:44.183-0400] {dagbag.py:545} INFO - Filling up the DagBag from /opt/anaconda3/envs/airflow_env/lib/python3.10/site-packages/airflow/example_dags/plugins/listener_plugin.py
[2025-06-25T19:54:44.184-0400] {processor.py:842} WARNING - No viable dags retrieved from /opt/anaconda3/envs/airflow_env/lib/python3.10/site-packages/airflow/example_dags/plugins/listener_plugin.py
[2025-06-25T19:54:44.212-0400] {processor.py:183} INFO - Processing /opt/anaconda3/envs/airflow_env/lib/python3.10/site-packages/airflow/example_dags/plugins/listener_plugin.py took 0.031 seconds
[2025-06-25T19:55:15.722-0400] {processor.py:161} INFO - Started process (PID=51178) to work on /opt/anaconda3/envs/airflow_env/lib/python3.10/site-packages/airflow/example_dags/plugins/listener_plugin.py
[2025-06-25T19:55:15.722-0400] {processor.py:830} INFO - Processing file /opt/anaconda3/envs/airflow_env/lib/python3.10/site-packages/airflow/example_dags/plugins/listener_plugin.py for tasks to queue
[2025-06-25T19:55:15.722-0400] {logging_mixin.py:188} INFO - [2025-06-25T19:55:15.722-0400] {dagbag.py:545} INFO - Filling up the DagBag from /opt/anaconda3/envs/airflow_env/lib/python3.10/site-packages/airflow/example_dags/plugins/listener_plugin.py
[2025-06-25T19:55:15.723-0400] {processor.py:842} WARNING - No viable dags retrieved from /opt/anaconda3/envs/airflow_env/lib/python3.10/site-packages/airflow/example_dags/plugins/listener_plugin.py
[2025-06-25T19:55:15.749-0400] {processor.py:183} INFO - Processing /opt/anaconda3/envs/airflow_env/lib/python3.10/site-packages/airflow/example_dags/plugins/listener_plugin.py took 0.029 seconds
[2025-06-25T19:55:33.502-0400] {processor.py:161} INFO - Started process (PID=51215) to work on /opt/anaconda3/envs/airflow_env/lib/python3.10/site-packages/airflow/example_dags/plugins/listener_plugin.py
[2025-06-25T19:55:33.503-0400] {processor.py:830} INFO - Processing file /opt/anaconda3/envs/airflow_env/lib/python3.10/site-packages/airflow/example_dags/plugins/listener_plugin.py for tasks to queue
[2025-06-25T19:55:33.503-0400] {logging_mixin.py:188} INFO - [2025-06-25T19:55:33.503-0400] {dagbag.py:545} INFO - Filling up the DagBag from /opt/anaconda3/envs/airflow_env/lib/python3.10/site-packages/airflow/example_dags/plugins/listener_plugin.py
[2025-06-25T19:55:33.503-0400] {processor.py:842} WARNING - No viable dags retrieved from /opt/anaconda3/envs/airflow_env/lib/python3.10/site-packages/airflow/example_dags/plugins/listener_plugin.py
[2025-06-25T19:55:33.535-0400] {processor.py:183} INFO - Processing /opt/anaconda3/envs/airflow_env/lib/python3.10/site-packages/airflow/example_dags/plugins/listener_plugin.py took 0.034 seconds
[2025-06-25T19:56:01.710-0400] {processor.py:161} INFO - Started process (PID=51283) to work on /opt/anaconda3/envs/airflow_env/lib/python3.10/site-packages/airflow/example_dags/plugins/listener_plugin.py
[2025-06-25T19:56:01.710-0400] {processor.py:830} INFO - Processing file /opt/anaconda3/envs/airflow_env/lib/python3.10/site-packages/airflow/example_dags/plugins/listener_plugin.py for tasks to queue
[2025-06-25T19:56:01.710-0400] {logging_mixin.py:188} INFO - [2025-06-25T19:56:01.710-0400] {dagbag.py:545} INFO - Filling up the DagBag from /opt/anaconda3/envs/airflow_env/lib/python3.10/site-packages/airflow/example_dags/plugins/listener_plugin.py
[2025-06-25T19:56:01.711-0400] {processor.py:842} WARNING - No viable dags retrieved from /opt/anaconda3/envs/airflow_env/lib/python3.10/site-packages/airflow/example_dags/plugins/listener_plugin.py
[2025-06-25T19:56:01.738-0400] {processor.py:183} INFO - Processing /opt/anaconda3/envs/airflow_env/lib/python3.10/site-packages/airflow/example_dags/plugins/listener_plugin.py took 0.030 seconds
[2025-06-25T19:56:19.958-0400] {processor.py:161} INFO - Started process (PID=51327) to work on /opt/anaconda3/envs/airflow_env/lib/python3.10/site-packages/airflow/example_dags/plugins/listener_plugin.py
[2025-06-25T19:56:19.960-0400] {processor.py:830} INFO - Processing file /opt/anaconda3/envs/airflow_env/lib/python3.10/site-packages/airflow/example_dags/plugins/listener_plugin.py for tasks to queue
[2025-06-25T19:56:19.960-0400] {logging_mixin.py:188} INFO - [2025-06-25T19:56:19.960-0400] {dagbag.py:545} INFO - Filling up the DagBag from /opt/anaconda3/envs/airflow_env/lib/python3.10/site-packages/airflow/example_dags/plugins/listener_plugin.py
[2025-06-25T19:56:19.961-0400] {processor.py:842} WARNING - No viable dags retrieved from /opt/anaconda3/envs/airflow_env/lib/python3.10/site-packages/airflow/example_dags/plugins/listener_plugin.py
[2025-06-25T19:56:19.990-0400] {processor.py:183} INFO - Processing /opt/anaconda3/envs/airflow_env/lib/python3.10/site-packages/airflow/example_dags/plugins/listener_plugin.py took 0.033 seconds
[2025-06-25T19:56:53.409-0400] {processor.py:161} INFO - Started process (PID=51416) to work on /opt/anaconda3/envs/airflow_env/lib/python3.10/site-packages/airflow/example_dags/plugins/listener_plugin.py
[2025-06-25T19:56:53.409-0400] {processor.py:830} INFO - Processing file /opt/anaconda3/envs/airflow_env/lib/python3.10/site-packages/airflow/example_dags/plugins/listener_plugin.py for tasks to queue
[2025-06-25T19:56:53.409-0400] {logging_mixin.py:188} INFO - [2025-06-25T19:56:53.409-0400] {dagbag.py:545} INFO - Filling up the DagBag from /opt/anaconda3/envs/airflow_env/lib/python3.10/site-packages/airflow/example_dags/plugins/listener_plugin.py
[2025-06-25T19:56:53.410-0400] {processor.py:842} WARNING - No viable dags retrieved from /opt/anaconda3/envs/airflow_env/lib/python3.10/site-packages/airflow/example_dags/plugins/listener_plugin.py
[2025-06-25T19:56:53.438-0400] {processor.py:183} INFO - Processing /opt/anaconda3/envs/airflow_env/lib/python3.10/site-packages/airflow/example_dags/plugins/listener_plugin.py took 0.031 seconds
[2025-06-25T19:57:08.043-0400] {processor.py:161} INFO - Started process (PID=51451) to work on /opt/anaconda3/envs/airflow_env/lib/python3.10/site-packages/airflow/example_dags/plugins/listener_plugin.py
[2025-06-25T19:57:08.044-0400] {processor.py:830} INFO - Processing file /opt/anaconda3/envs/airflow_env/lib/python3.10/site-packages/airflow/example_dags/plugins/listener_plugin.py for tasks to queue
[2025-06-25T19:57:08.044-0400] {logging_mixin.py:188} INFO - [2025-06-25T19:57:08.044-0400] {dagbag.py:545} INFO - Filling up the DagBag from /opt/anaconda3/envs/airflow_env/lib/python3.10/site-packages/airflow/example_dags/plugins/listener_plugin.py
[2025-06-25T19:57:08.046-0400] {processor.py:842} WARNING - No viable dags retrieved from /opt/anaconda3/envs/airflow_env/lib/python3.10/site-packages/airflow/example_dags/plugins/listener_plugin.py
[2025-06-25T19:57:08.085-0400] {processor.py:183} INFO - Processing /opt/anaconda3/envs/airflow_env/lib/python3.10/site-packages/airflow/example_dags/plugins/listener_plugin.py took 0.044 seconds
[2025-06-25T19:57:42.802-0400] {processor.py:161} INFO - Started process (PID=51522) to work on /opt/anaconda3/envs/airflow_env/lib/python3.10/site-packages/airflow/example_dags/plugins/listener_plugin.py
[2025-06-25T19:57:42.803-0400] {processor.py:830} INFO - Processing file /opt/anaconda3/envs/airflow_env/lib/python3.10/site-packages/airflow/example_dags/plugins/listener_plugin.py for tasks to queue
[2025-06-25T19:57:42.803-0400] {logging_mixin.py:188} INFO - [2025-06-25T19:57:42.803-0400] {dagbag.py:545} INFO - Filling up the DagBag from /opt/anaconda3/envs/airflow_env/lib/python3.10/site-packages/airflow/example_dags/plugins/listener_plugin.py
[2025-06-25T19:57:42.804-0400] {processor.py:842} WARNING - No viable dags retrieved from /opt/anaconda3/envs/airflow_env/lib/python3.10/site-packages/airflow/example_dags/plugins/listener_plugin.py
[2025-06-25T19:57:42.834-0400] {processor.py:183} INFO - Processing /opt/anaconda3/envs/airflow_env/lib/python3.10/site-packages/airflow/example_dags/plugins/listener_plugin.py took 0.035 seconds
[2025-06-25T19:57:57.538-0400] {processor.py:161} INFO - Started process (PID=51564) to work on /opt/anaconda3/envs/airflow_env/lib/python3.10/site-packages/airflow/example_dags/plugins/listener_plugin.py
[2025-06-25T19:57:57.538-0400] {processor.py:830} INFO - Processing file /opt/anaconda3/envs/airflow_env/lib/python3.10/site-packages/airflow/example_dags/plugins/listener_plugin.py for tasks to queue
[2025-06-25T19:57:57.538-0400] {logging_mixin.py:188} INFO - [2025-06-25T19:57:57.538-0400] {dagbag.py:545} INFO - Filling up the DagBag from /opt/anaconda3/envs/airflow_env/lib/python3.10/site-packages/airflow/example_dags/plugins/listener_plugin.py
[2025-06-25T19:57:57.539-0400] {processor.py:842} WARNING - No viable dags retrieved from /opt/anaconda3/envs/airflow_env/lib/python3.10/site-packages/airflow/example_dags/plugins/listener_plugin.py
[2025-06-25T19:57:57.568-0400] {processor.py:183} INFO - Processing /opt/anaconda3/envs/airflow_env/lib/python3.10/site-packages/airflow/example_dags/plugins/listener_plugin.py took 0.032 seconds
[2025-06-25T19:58:29.781-0400] {processor.py:161} INFO - Started process (PID=51646) to work on /opt/anaconda3/envs/airflow_env/lib/python3.10/site-packages/airflow/example_dags/plugins/listener_plugin.py
[2025-06-25T19:58:29.781-0400] {processor.py:830} INFO - Processing file /opt/anaconda3/envs/airflow_env/lib/python3.10/site-packages/airflow/example_dags/plugins/listener_plugin.py for tasks to queue
[2025-06-25T19:58:29.782-0400] {logging_mixin.py:188} INFO - [2025-06-25T19:58:29.782-0400] {dagbag.py:545} INFO - Filling up the DagBag from /opt/anaconda3/envs/airflow_env/lib/python3.10/site-packages/airflow/example_dags/plugins/listener_plugin.py
[2025-06-25T19:58:29.782-0400] {processor.py:842} WARNING - No viable dags retrieved from /opt/anaconda3/envs/airflow_env/lib/python3.10/site-packages/airflow/example_dags/plugins/listener_plugin.py
[2025-06-25T19:58:29.812-0400] {processor.py:183} INFO - Processing /opt/anaconda3/envs/airflow_env/lib/python3.10/site-packages/airflow/example_dags/plugins/listener_plugin.py took 0.033 seconds
[2025-06-25T19:58:45.739-0400] {processor.py:161} INFO - Started process (PID=51679) to work on /opt/anaconda3/envs/airflow_env/lib/python3.10/site-packages/airflow/example_dags/plugins/listener_plugin.py
[2025-06-25T19:58:45.741-0400] {processor.py:830} INFO - Processing file /opt/anaconda3/envs/airflow_env/lib/python3.10/site-packages/airflow/example_dags/plugins/listener_plugin.py for tasks to queue
[2025-06-25T19:58:45.741-0400] {logging_mixin.py:188} INFO - [2025-06-25T19:58:45.741-0400] {dagbag.py:545} INFO - Filling up the DagBag from /opt/anaconda3/envs/airflow_env/lib/python3.10/site-packages/airflow/example_dags/plugins/listener_plugin.py
[2025-06-25T19:58:45.742-0400] {processor.py:842} WARNING - No viable dags retrieved from /opt/anaconda3/envs/airflow_env/lib/python3.10/site-packages/airflow/example_dags/plugins/listener_plugin.py
[2025-06-25T19:58:45.780-0400] {processor.py:183} INFO - Processing /opt/anaconda3/envs/airflow_env/lib/python3.10/site-packages/airflow/example_dags/plugins/listener_plugin.py took 0.043 seconds
[2025-06-25T19:59:16.975-0400] {processor.py:161} INFO - Started process (PID=51819) to work on /opt/anaconda3/envs/airflow_env/lib/python3.10/site-packages/airflow/example_dags/plugins/listener_plugin.py
[2025-06-25T19:59:16.975-0400] {processor.py:830} INFO - Processing file /opt/anaconda3/envs/airflow_env/lib/python3.10/site-packages/airflow/example_dags/plugins/listener_plugin.py for tasks to queue
[2025-06-25T19:59:16.976-0400] {logging_mixin.py:188} INFO - [2025-06-25T19:59:16.976-0400] {dagbag.py:545} INFO - Filling up the DagBag from /opt/anaconda3/envs/airflow_env/lib/python3.10/site-packages/airflow/example_dags/plugins/listener_plugin.py
[2025-06-25T19:59:16.977-0400] {processor.py:842} WARNING - No viable dags retrieved from /opt/anaconda3/envs/airflow_env/lib/python3.10/site-packages/airflow/example_dags/plugins/listener_plugin.py
[2025-06-25T19:59:17.006-0400] {processor.py:183} INFO - Processing /opt/anaconda3/envs/airflow_env/lib/python3.10/site-packages/airflow/example_dags/plugins/listener_plugin.py took 0.033 seconds
[2025-06-25T19:59:34.753-0400] {processor.py:161} INFO - Started process (PID=52588) to work on /opt/anaconda3/envs/airflow_env/lib/python3.10/site-packages/airflow/example_dags/plugins/listener_plugin.py
[2025-06-25T19:59:34.754-0400] {processor.py:830} INFO - Processing file /opt/anaconda3/envs/airflow_env/lib/python3.10/site-packages/airflow/example_dags/plugins/listener_plugin.py for tasks to queue
[2025-06-25T19:59:34.754-0400] {logging_mixin.py:188} INFO - [2025-06-25T19:59:34.754-0400] {dagbag.py:545} INFO - Filling up the DagBag from /opt/anaconda3/envs/airflow_env/lib/python3.10/site-packages/airflow/example_dags/plugins/listener_plugin.py
[2025-06-25T19:59:34.755-0400] {processor.py:842} WARNING - No viable dags retrieved from /opt/anaconda3/envs/airflow_env/lib/python3.10/site-packages/airflow/example_dags/plugins/listener_plugin.py
[2025-06-25T19:59:34.786-0400] {processor.py:183} INFO - Processing /opt/anaconda3/envs/airflow_env/lib/python3.10/site-packages/airflow/example_dags/plugins/listener_plugin.py took 0.035 seconds
